seed,simulation_time,vehicle_id,x,y,speed_mps,acceleration_mps2,lane_id,lane_position_m,road_id
1002,1.0,veh_000,8.3,-1.6,12.0,0.0,g00_g10_0,5.1,g00_g10
1002,2.0,veh_000,21.554106786787084,-1.6,13.254106786787085,1.2541067867870854,g00_g10_0,18.354106786787085,g00_g10
1002,2.0,veh_001,798.4,791.6999999999999,13.0,0.0,g22_g21_0,5.1,g22_g21
1002,3.0,veh_000,35.238814726761625,-1.6,13.684707939974539,0.4306011531874532,g00_g10_0,32.03881472676162,g00_g10
1002,3.0,veh_001,798.4,778.7020170767362,12.997982923263812,-0.002017076736187562,g22_g21_0,18.097982923263814,g22_g21
1002,3.0,veh_002,8.3,798.4,12.0,0.0,g02_g12_0,5.1,g02_g12
1002,4.0,veh_000,48.90647515240278,-1.6,13.667660425641149,-0.017047514333389913,g00_g10_0,45.706475152402774,g00_g10
1002,4.0,veh_001,798.4,765.3267356072856,13.37528146945046,0.3772985461866476,g22_g21_0,31.473264392714274,g22_g21
1002,4.0,veh_002,22.166305560867556,798.4,13.866305560867557,1.8663055608675574,g02_g12_0,18.966305560867557,g02_g12
1002,4.0,veh_003,801.6,8.3,13.0,0.0,g20_g21_0,5.1,g20_g21
1002,5.0,veh_000,62.13966724712139,-1.6,13.233192094718612,-0.43446833092253634,g00_g10_0,58.939667247121385,g00_g10
1002,5.0,veh_001,798.4,752.1181992677054,13.20853633958021,-0.16674512987025025,g22_g21_0,44.681800732294484,g22_g21
1002,5.0,veh_002,36.10938184388871,798.4,13.943076283021153,0.07677072215359537,g02_g12_0,32.90938184388871,g02_g12
1002,5.0,veh_003,801.6,21.477016653381792,13.177016653381795,0.17701665338179495,g20_g21_0,18.277016653381793,g20_g21
1002,5.0,veh_004,12.3,398.4,12.0,0.0,g01_g11_0,5.1,g01_g11
1002,6.0,veh_000,75.39088439230595,-1.6,13.251217145184562,0.018025050465949377,g00_g10_0,72.19088439230595,g00_g10
1002,6.0,veh_001,798.4,738.6965590423955,13.421640225310007,0.21310388572979733,g22_g21_0,58.10344095760449,g22_g21
1002,6.0,veh_002,49.794847774777395,798.4,13.685465930888684,-0.25761035213246863,g02_g12_0,46.59484777477739,g02_g12
1002,6.0,veh_003,801.6,35.101981013851315,13.624964360469527,0.4479477070877316,g20_g21_0,31.90198101385132,g20_g21
1002,6.0,veh_004,25.612764147123567,398.4,13.312764147123568,1.312764147123568,g01_g11_0,18.412764147123568,g01_g11
1002,6.0,veh_005,787.6999999999999,401.6,13.0,0.0,g21_g11_0,5.1,g21_g11
1002,7.0,veh_000,88.4991086207314,-1.6,13.108224228425458,-0.14299291675910375,g00_g10_0,85.2991086207314,g00_g10
1002,7.0,veh_001,798.4,725.6758245139841,13.020734528411309,-0.4009056968986986,g22_g21_0,71.1241754860158,g22_g21
1002,7.0,veh_002,63.150139517955566,798.4,13.355291743178174,-0.33017418771050977,g02_g12_0,59.95013951795556,g02_g12
1002,7.0,veh_003,801.6,48.68202603669989,13.580045022848568,-0.0449193376209589,g20_g21_0,45.482026036699885,g20_g21
1002,7.0,veh_004,39.19147840014522,398.4,13.57871425302165,0.26595010589808155,g01_g11_0,31.99147840014522,g01_g11
1002,7.0,veh_005,774.6182209211763,401.6,13.081779078823642,0.08177907882364188,g21_g11_0,18.18177907882364,g21_g11
1002,7.0,veh_006,401.6,12.3,12.0,0.0,g10_g11_0,5.1,g10_g11
1002,8.0,veh_000,101.94271495328174,-1.6,13.443606332550331,0.33538210412487324,g00_g10_0,98.74271495328173,g00_g10
1002,8.0,veh_001,798.4,712.7154817665397,12.960342747444415,-0.060391780966893904,g22_g21_0,84.08451823346022,g22_g21
1002,8.0,veh_002,76.38022775404748,798.4,13.230088236091913,-0.12520350708626182,g02_g12_0,73.18022775404748,g02_g12
1002,8.0,veh_003,801.6,61.81655147408338,13.134525437383488,-0.44551958546507997,g20_g21_0,58.61655147408337,g20_g21
1002,8.0,veh_004,52.62205364604275,398.4,13.430575245897531,-0.14813900712411865,g01_g11_0,45.42205364604275,g01_g11
1002,8.0,veh_005,761.8797580739089,401.6,12.738462847267405,-0.34331623155623703,g21_g11_0,30.920241926091045,g21_g11
1002,8.0,veh_006,401.6,26.459804879818112,14.159804879818111,2.159804879818111,g10_g11_0,19.259804879818113,g10_g11
1002,8.0,veh_007,398.4,787.6999999999999,13.0,0.0,g12_g11_0,5.1,g12_g11
1002,9.0,veh_000,115.43263465478955,-1.6,13.489919701507821,0.04631336895748994,g00_g10_0,112.23263465478955,g00_g10
1002,9.0,veh_001,798.4,699.2935703230854,13.421911443454341,0.4615686960099268,g22_g21_0,97.50642967691456,g22_g21
1002,9.0,veh_002,90.34863636369225,798.4,13.968408609644765,0.7383203735528525,g02_g12_0,87.14863636369225,g02_g12
1002,9.0,veh_003,801.6,75.07203108585227,13.255479611768893,0.12095417438540501,g20_g21_0,71.87203108585227,g20_g21
1002,9.0,veh_004,65.71131104994757,398.4,13.089257403904817,-0.34131784199271387,g01_g11_0,58.511311049947565,g01_g11
1002,9.0,veh_005,748.9921766886036,401.6,12.88758138530528,0.14911853803787523,g21_g11_0,43.80782331139633,g21_g11
1002,9.0,veh_006,401.6,41.09869138950839,14.638886509690272,0.4790816298721605,g10_g11_0,33.898691389508386,g10_g11
1002,9.0,veh_007,398.4,774.1693355277486,13.530664472251454,0.5306644722514537,g12_g11_0,18.630664472251453,g12_g11
1002,9.0,veh_008,8.3,-1.6,12.0,0.0,g00_g10_0,5.1,g00_g10
1002,10.0,veh_000,128.50576801724256,-1.6,13.073133362453007,-0.41678633905481455,g00_g10_0,125.30576801724256,g00_g10
1002,10.0,veh_001,798.4,686.1694431105916,13.124127212493809,-0.2977842309605325,g22_g21_0,110.63055688940837,g22_g21
1002,10.0,veh_002,103.81932005254637,798.4,13.470683688854121,-0.49772492079064357,g02_g12_0,100.61932005254637,g02_g12
1002,10.0,veh_003,801.6,88.21243449126675,13.14040340541447,-0.1150762063544235,g20_g21_0,85.01243449126675,g20_g21
1002,10.0,veh_004,79.16256904774468,398.4,13.451257997797116,0.362000593892299,g01_g11_0,71.96256904774468,g01_g11
1002,10.0,veh_005,735.5892203935845,401.6,13.402956295019143,0.5153749097138629,g21_g11_0,57.21077960641547,g21_g11
1002,10.0,veh_006,401.6,56.02580862558695,14.927117236078555,0.2882307263882833,g10_g11_0,48.825808625586944,g10_g11
1002,10.0,veh_007,398.4,760.1761753777279,13.993160150020637,0.46249567776918354,g12_g11_0,32.62382462227209,g12_g11
1002,10.0,veh_008,22.87377373608295,-1.6,14.573773736082948,2.5737737360829485,g00_g10_0,19.67377373608295,g00_g10
1002,10.0,veh_009,798.4,791.6999999999999,13.0,0.0,g22_g21_0,5.1,g22_g21
1002,11.0,veh_000,142.0682648816243,-1.6,13.562496864381753,0.48936350192874656,g00_g10_0,138.8682648816243,g00_g10
1002,11.0,veh_001,798.4,673.2902911403261,12.87915197026556,-0.2449752422282483,g22_g21_0,123.50970885967394,g22_g21
1002,11.0,veh_002,117.5500700373046,798.4,13.73074998475823,0.26006629590410846,g02_g12_0,114.3500700373046,g02_g12
1002,11.0,veh_003,801.6,101.28085322995092,13.068418738684192,-0.07198466673027681,g20_g21_0,98.08085322995093,g20_g21
1002,11.0,veh_004,92.74507567802033,398.4,13.582506630275644,0.13124863247852758,g01_g11_0,85.54507567802032,g01_g11
1002,11.0,veh_005,722.0845713296433,401.6,13.504649063941219,0.10169276892207613,g21_g11_0,70.71542867035669,g21_g11
1002,11.0,veh_006,401.6,70.67133397358607,14.645525347999135,-0.28159188807942037,g10_g11_0,63.47133397358608,g10_g11
1002,11.0,veh_007,398.4,746.5192507298832,13.65692464784465,-0.3362355021759864,g12_g11_0,46.28074927011674,g12_g11
1002,11.0,veh_008,37.01884998151698,-1.6,14.145076245434023,-0.4286974906489256,g00_g10_0,33.818849981516976,g00_g10
1002,11.0,veh_009,798.4,777.7884661182723,13.911533881727724,0.9115338817277241,g22_g21_0,19.011533881727722,g22_g21
1002,11.0,veh_010,8.3,798.4,12.0,0.0,g02_g12_0,5.1,g02_g12
1002,12.0,veh_000,155.5608259429419,-1.6,13.492561061317607,-0.06993580306414593,g00_g10_0,152.36082594294191,g00_g10
1002,12.0,veh_001,798.4,660.1536289194772,13.136662220848851,0.2575102505832909,g22_g21_0,136.64637108052278,g22_g21
1002,12.0,veh_002,130.96107161384583,798.4,13.411001576541246,-0.31974840821698436,g02_g12_0,127.76107161384584,g02_g12
1002,12.0,veh_003,801.6,114.91962805032205,13.638774820371106,0.5703560816869135,g20_g21_0,111.71962805032204,g20_g21
1002,12.0,veh_004,105.87470286083393,398.4,13.129627182813607,-0.45287944746203657,g01_g11_0,98.67470286083393,g01_g11
1002,12.0,veh_005,708.9303504156164,401.6,13.154220914026851,-0.350428149914368,g21_g11_0,83.86964958438354,g21_g11
1002,12.0,veh_006,401.6,85.22251979596011,14.551185822374025,-0.09433952562510939,g10_g11_0,78.02251979596011,g10_g11
1002,12.0,veh_007,398.4,733.0676836388892,13.451567090994002,-0.2053575568506485,g12_g11_0,59.73231636111075,g12_g11
1002,12.0,veh_008,51.60454521343839,-1.6,14.585695231921413,0.4406189864873902,g00_g10_0,48.40454521343839,g00_g10
1002,12.0,veh_009,798.4,763.304275830534,14.484190287738226,0.5726564060105019,g22_g21_0,33.495724169465944,g22_g21
1002,12.0,veh_010,22.787457511001264,798.4,14.487457511001265,2.4874575110012653,g02_g12_0,19.587457511001265,g02_g12
1002,12.0,veh_011,801.6,8.3,13.0,0.0,g20_g21_0,5.1,g20_g21
1002,13.0,veh_000,168.65521256707748,-1.6,13.094386624135582,-0.39817443718202483,g00_g10_0,165.4552125670775,g00_g10
1002,13.0,veh_001,798.4,647.1329143890016,13.020714530475566,-0.1159476903732859,g22_g21_0,149.66708561099836,g22_g21
1002,13.0,veh_002,144.44731461636977,798.4,13.486243002523922,0.0752414259826768,g02_g12_0,141.24731461636978,g02_g12
1002,13.0,veh_003,801.6,128.09853901087294,13.178910960550926,-0.45986385982017985,g20_g21_0,124.89853901087297,g20_g21
1002,13.0,veh_004,119.22025903588543,398.4,13.345556175051502,0.2159289922378953,g01_g11_0,112.02025903588543,g01_g11
1002,13.0,veh_005,695.979151945307,401.6,12.951198470309505,-0.20302244371734623,g21_g11_0,96.82084805469304,g21_g11
1002,13.0,veh_006,401.6,99.76269690417139,14.54017710821128,-0.011008714162745292,g10_g11_0,92.56269690417139,g10_g11
1002,13.0,veh_007,398.4,719.0838892348423,13.983794404046865,0.5322273130528625,g12_g11_0,73.71611076515761,g12_g11
1002,13.0,veh_008,65.71920156321414,-1.6,14.114656349775753,-0.4710388821456597,g00_g10_0,62.51920156321414,g00_g10
1002,13.0,veh_009,798.4,748.9520061297785,14.352269700755484,-0.13192058698274245,g22_g21_0,47.84799387022143,g22_g21
1002,13.0,veh_010,38.621266673293135,798.4,15.833809162291871,1.3463516512906057,g02_g12_0,35.42126667329313,g02_g12
1002,13.0,veh_011,801.6,21.10061559827192,12.800615598271921,-0.1993844017280786,g20_g21_0,17.90061559827192,g20_g21
1002,13.0,veh_012,12.3,398.4,12.0,0.0,g01_g11_0,5.1,g01_g11
1002,14.0,veh_000,181.7330493264804,-1.6,13.077836759402922,-0.01654986473266007,g00_g10_0,178.5330493264804,g00_g10
1002,14.0,veh_001,798.4,634.2088329739089,12.9240814150927,-0.09663311538286479,g22_g21_0,162.59116702609106,g22_g21
1002,14.0,veh_002,157.88291934219654,798.4,13.435604725826787,-0.05063827669713561,g02_g12_0,154.68291934219656,g02_g12
1002,14.0,veh_003,801.6,141.29260943879413,13.194070427921176,0.015159467370249757,g20_g21_0,138.09260943879414,g20_g21
1002,14.0,veh_004,132.14719690144378,398.4,12.926937865558326,-0.41861830949317635,g01_g11_0,124.94719690144376,g01_g11
1002,14.0,veh_005,682.6100463752829,401.6,13.369105570024008,0.4179070997145029,g21_g11_0,110.18995362471705,g21_g11
1002,14.0,veh_006,401.6,114.12507779305147,14.362380888880068,-0.1777962193312117,g10_g11_0,106.92507779305146,g10_g11
1002,14.0,veh_007,398.4,705.2831095123304,13.800779722512022,-0.1830146815348428,g12_g11_0,87.51689048766963,g12_g11
1002,14.0,veh_008,80.23487015198042,-1.6,14.51566858876627,0.40101223899051597,g00_g10_0,77.03487015198041,g00_g10
1002,14.0,veh_009,798.4,735.1860129093784,13.765993220400183,-0.5862764803553002,g22_g21_0,61.61398709062161,g22_g21
1002,14.0,veh_010,54.58162756704667,798.4,15.960360893753531,0.1265517314616602,g02_g12_0,51.381627567046664,g02_g12
1002,14.0,veh_011,801.6,34.03366830709175,12.93305270881983,0.13243711054790808,g20_g21_0,30.83366830709175,g20_g21
1002,14.0,veh_012,24.075716463660054,398.4,11.775716463660055,-0.2242835363399447,g01_g11_0,16.875716463660055,g01_g11
1002,14.0,veh_013,787.6999999999999,401.6,13.0,0.0,g21_g11_0,5.1,g21_g11
1002,15.0,veh_000,195.36047643774896,-1.6,13.627427111268549,0.5495903518656267,g00_g10_0,192.16047643774897,g00_g10
1002,15.0,veh_001,798.4,621.4734811246676,12.73535184924131,-0.188729565851391,g22_g21_0,175.32651887533237,g22_g21
1002,15.0,veh_002,171.1055766024508,798.4,13.22265726025428,-0.21294746557250654,g02_g12_0,167.90557660245082,g02_g12
1002,15.0,veh_003,801.6,154.81889412590857,13.526284687114455,0.33221425919327885,g20_g21_0,151.61889412590858,g20_g21
1002,15.0,veh_004,145.67047289973834,398.4,13.523275998294599,0.5963381327362729,g01_g11_0,138.47047289973835,g01_g11
1002,15.0,veh_005,669.5169290237034,401.6,13.093117351579608,-0.27598821844440025,g21_g11_0,123.28307097629666,g21_g11
1002,15.0,veh_006,401.6,128.95801863970402,14.832940846652562,0.47055995777249393,g10_g11_0,121.75801863970402,g10_g11
1002,15.0,veh_007,398.4,691.7515727273832,13.531536784947173,-0.26924293756484907,g12_g11_0,101.0484272726168,g12_g11
1002,15.0,veh_008,94.39672938549147,-1.6,14.161859233511054,-0.3538093552552155,g00_g10_0,91.19672938549147,g00_g10
1002,15.0,veh_009,798.4,720.7033465547481,14.482666354630261,0.7166731342300778,g22_g21_0,76.09665344525187,g22_g21
1002,15.0,veh_010,70.63367965287209,798.4,16.052052085825416,0.09169119207188459,g02_g12_0,67.43367965287209,g02_g12
1002,15.0,veh_011,801.6,46.60181370400734,12.568145396915586,-0.3649073119042434,g20_g21_0,43.40181370400734,g20_g21
1002,15.0,veh_012,36.085947816632086,398.4,12.010231352972031,0.23451488931197595,g01_g11_0,28.885947816632086,g01_g11
1002,15.0,veh_013,774.1042202752556,401.6,13.595779724744395,0.5957797247443946,g21_g11_0,18.695779724744394,g21_g11
1002,15.0,veh_014,401.6,12.3,12.0,0.0,g10_g11_0,5.1,g10_g11
1002,16.0,veh_000,208.81644712189035,-1.6,13.455970684141427,-0.17145642712712217,g00_g10_0,205.6164471218904,g00_g10
1002,16.0,veh_001,798.4,608.5080491938759,12.965431930791715,0.2300800815504047,g22_g21_0,188.29195080612408,g22_g21
1002,16.0,veh_002,184.3608422810487,798.4,13.255265678597869,0.03260841834358885,g02_g12_0,181.1608422810487,g02_g12
1002,16.0,veh_003,801.6,168.16564735379674,13.34675322788818,-0.17953145922627378,g20_g21_0,164.96564735379675,g20_g21
1002,16.0,veh_004,158.81387979423803,398.4,13.143406894499682,-0.3798691037949169,g01_g11_0,151.61387979423804,g01_g11
1002,16.0,veh_005,656.2138688849552,401.6,13.303060138748155,0.20994278716854708,g21_g11_0,136.58613111504482,g21_g11
1002,16.0,veh_006,401.6,143.81689410178512,14.858875462081121,0.025934615428559127,g10_g11_0,136.61689410178514,g10_g11
1002,16.0,veh_007,398.4,678.5279866389621,13.223586088421078,-0.3079506965260954,g12_g11_0,114.27201336103788,g12_g11
1002,16.0,veh_008,108.75559672858418,-1.6,14.35886734309271,0.19700810958165604,g00_g10_0,105.55559672858418,g00_g10
1002,16.0,veh_009,798.4,706.6193664040093,14.08398015073885,-0.39868620389141185,g22_g21_0,90.18063359599073,g22_g21
1002,16.0,veh_010,86.52512966791517,798.4,15.891450015043082,-0.16060207078233368,g02_g12_0,83.32512966791516,g02_g12
1002,16.0,veh_011,801.6,59.316620288091144,12.714806584083796,0.14666118716820975,g20_g21_0,56.116620288091134,g20_g21
1002,16.0,veh_012,48.26347954384194,398.4,12.177531727209852,0.1673003742378203,g01_g11_0,41.063479543841936,g01_g11
1002,16.0,veh_013,760.6352720551206,401.6,13.468948220134958,-0.12683150460943615,g21_g11_0,32.16472794487935,g21_g11
1002,16.0,veh_014,401.6,24.942179694425317,12.642179694425316,0.642179694425316,g10_g11_0,17.742179694425317,g10_g11
1002,16.0,veh_015,398.4,787.6999999999999,13.0,0.0,g12_g11_0,5.1,g12_g11
1002,17.0,veh_000,222.56059514060496,-1.6,13.744148018714547,0.28817733457312045,g00_g10_0,219.36059514060494,g00_g10
1002,17.0,veh_001,798.4,595.0394715381954,13.468577655680606,0.503145724888892,g22_g21_0,201.76052846180468,g22_g21
1002,17.0,veh_002,197.66633027779108,798.4,13.305487996742384,0.050222318144514944,g02_g12_0,194.4663302777911,g02_g12
1002,17.0,veh_003,801.6,181.78676702431127,13.621119670514524,0.27436644262634324,g20_g21_0,178.58676702431129,g20_g21
1002,17.0,veh_004,171.89677417302147,398.4,13.082894378783427,-0.06051251571625471,g01_g11_0,164.69677417302148,g01_g11
1002,17.0,veh_005,643.2550608940865,401.6,12.958807990868705,-0.34425214787945,g21_g11_0,149.54493910591353,g21_g11
1002,17.0,veh_006,401.6,157.98646833558513,14.16957423380001,-0.6893012282811117,g10_g11_0,150.78646833558514,g10_g11
1002,17.0,veh_007,398.4,665.2291165609328,13.298870078029365,0.07528398960828753,g12_g11_0,127.57088343906725,g12_g11
1002,17.0,veh_008,123.34838848577796,-1.6,14.592791757193767,0.23392441410105747,g00_g10_0,120.14838848577794,g00_g10
1002,17.0,veh_009,798.4,692.4307524673231,14.188613936686076,0.10463378594722705,g22_g21_0,104.36924753267681,g22_g21
1002,17.0,veh_010,102.99209209987515,798.4,16.46696243195998,0.575512416916899,g02_g12_0,99.79209209987515,g02_g12
1002,17.0,veh_011,801.6,71.9561998961882,12.639579608097062,-0.07522697598673389,g20_g21_0,68.75619989618819,g20_g21
1002,17.0,veh_012,60.14369607664059,398.4,11.880216532798649,-0.2973151944112029,g01_g11_0,52.943696076640585,g01_g11
1002,17.0,veh_013,747.6280610723907,401.6,13.007210982729926,-0.4617372374050319,g21_g11_0,45.171938927609276,g21_g11
1002,17.0,veh_014,401.6,37.43182592451666,12.489646230091342,-0.15253346433397397,g10_g11_0,30.23182592451666,g10_g11
1002,17.0,veh_015,398.4,774.6687134118462,13.031286588153788,0.031286588153788486,g12_g11_0,18.131286588153788,g12_g11
1002,17.0,veh_016,8.3,-1.6,12.0,0.0,g00_g10_0,5.1,g00_g10
1002,18.0,veh_000,236.08766490796512,-1.6,13.52706976736015,-0.21707825135439762,g00_g10_0,232.8876649079651,g00_g10
1002,18.0,veh_001,798.4,581.8506404748575,13.188831063337751,-0.27974659234285504,g22_g21_0,214.94935952514243,g22_g21
1002,18.0,veh_002,211.11689540984025,798.4,13.450565132049167,0.14507713530678323,g02_g12_0,207.91689540984027,g02_g12
1002,18.0,veh_003,801.6,194.91009484098998,13.123327816678717,-0.4977918538358068,g20_g21_0,191.71009484099,g20_g21
1002,18.0,veh_004,185.03873934068292,398.4,13.141965167661443,0.059070788878015534,g01_g11_0,177.83873934068293,g01_g11
1002,18.0,veh_005,630.1563098563546,401.6,13.098751037731894,0.13994304686318948,g21_g11_0,162.64369014364541,g21_g11
1002,18.0,veh_006,401.6,172.38087037461182,14.394402039026678,0.2248278052266688,g10_g11_0,165.18087037461183,g10_g11
1002,18.0,veh_007,398.4,651.6491730643178,13.579943496614948,0.2810734185855832,g12_g11_0,141.1508269356822,g12_g11
1002,18.0,veh_008,137.41446271898337,-1.6,14.06607423320543,-0.5267175239883368,g00_g10_0,134.21446271898338,g00_g10
1002,18.0,veh_009,798.4,678.4023948136177,14.028357653705521,-0.16025628298055494,g22_g21_0,118.39760518638234,g22_g21
1002,18.0,veh_010,119.43557708821085,798.4,16.443484988335694,-0.023477443624287275,g02_g12_0,116.23557708821085,g02_g12
1002,18.0,veh_011,801.6,84.95341524777754,12.997215351589345,0.357635743492283,g20_g21_0,81.75341524777754,g20_g21
1002,18.0,veh_012,72.47382884938818,398.4,12.330132772747593,0.44991623994894425,g01_g11_0,65.27382884938818,g01_g11
1002,18.0,veh_013,734.3673368137962,401.6,13.260724258594461,0.25351327586453465,g21_g11_0,58.43266318620374,g21_g11
1002,18.0,veh_014,401.6,49.77467540531327,12.342849480796607,-0.14679674929473485,g10_g11_0,42.574675405313265,g10_g11
1002,18.0,veh_015,398.4,761.399438620599,13.269274791247197,0.2379882030934084,g12_g11_0,31.400561379400983,g12_g11
1002,18.0,veh_016,22.331304124724117,-1.6,14.03130412472412,2.0313041247241195,g00_g10_0,19.131304124724117,g00_g10
1002,18.0,veh_017,798.4,791.6999999999999,13.0,0.0,g22_g21_0,5.1,g22_g21
1002,19.0,veh_000,249.62873671921415,-1.6,13.541071811249054,0.01400204388890458,g00_g10_0,246.42873671921416,g00_g10
1002,19.0,veh_001,798.4,568.3868581576698,13.463782317187766,0.2749512538500145,g22_g21_0,228.4131418423302,g22_g21
1002,19.0,veh_002,225.00555013110989,798.4,13.888654721269639,0.43808958922047125,g02_g12_0,221.8055501311099,g02_g12
1002,19.0,veh_003,801.6,208.00421463281208,13.094119791822083,-0.02920802485663465,g20_g21_0,204.8042146328121,g20_g21
1002,19.0,veh_004,198.04475659760152,398.4,13.006017256918609,-0.13594791074283386,g01_g11_0,190.84475659760153,g01_g11
1002,19.0,veh_005,617.2257155358653,401.6,12.930594320489222,-0.16815671724267212,g21_g11_0,175.57428446413465,g21_g11
1002,19.0,veh_006,401.6,186.78904480071466,14.408174426102848,0.013772387076169679,g10_g11_0,179.58904480071467,g10_g11
1002,19.0,veh_007,398.4,637.6568651998182,13.992307864499534,0.4123643678845852,g12_g11_0,155.14313480018174,g12_g11
1002,19.0,veh_008,151.2741352310801,-1.6,13.859672512096726,-0.2064017211087048,g00_g10_0,148.0741352310801,g00_g10
1002,19.0,veh_009,798.4,664.0432918580275,14.35910295559012,0.3307453018845994,g22_g21_0,132.75670814197247,g22_g21
1002,19.0,veh_010,135.90877521835762,798.4,16.473198130146773,0.029713141811079424,g02_g12_0,132.70877521835763,g02_g12
1002,19.0,veh_011,801.6,97.72547370700111,12.772058459223569,-0.22515689236577607,g20_g21_0,94.52547370700111,g20_g21
1002,19.0,veh_012,84.36400530690148,398.4,11.890176457513288,-0.4399563152343049,g01_g11_0,77.16400530690147,g01_g11
1002,19.0,veh_013,721.2062368103011,401.6,13.161100003495127,-0.09962425509933404,g21_g11_0,71.59376318969886,g21_g11
1002,19.0,veh_014,401.6,62.59442401843798,12.819748613124716,0.4768991323281089,g10_g11_0,55.39442401843798,g10_g11
1002,19.0,veh_015,398.4,748.3748683125405,13.02457030805851,-0.24470448318868776,g12_g11_0,44.42513168745949,g12_g11
1002,19.0,veh_016,37.18674304476979,-1.6,14.855438920045673,0.8241347953215534,g00_g10_0,33.98674304476979,g00_g10
1002,19.0,veh_017,798.4,779.218276299994,12.481723700005956,-0.518276299994044,g22_g21_0,17.581723700005956,g22_g21
1002,19.0,veh_018,8.3,798.4,12.0,0.0,g02_g12_0,5.1,g02_g12
1002,20.0,veh_000,262.8954349680807,-1.6,13.26669824886652,-0.2743735623825341,g00_g10_0,259.6954349680807,g00_g10
1002,20.0,veh_001,798.4,555.4398134775968,12.947044680073054,-0.5167376371147121,g22_g21_0,241.36018652240324,g22_g21
1002,20.0,veh_002,238.31687443012711,798.4,13.311324299017222,-0.577330422252416,g02_g12_0,235.11687443012713,g02_g12
1002,20.0,veh_003,801.6,221.5607849223527,13.55657028954061,0.4624504977185282,g20_g21_0,218.3607849223527,g20_g21
1002,20.0,veh_004,211.02996334781776,398.4,12.985206750216209,-0.020810506702400033,g01_g11_0,203.82996334781774,g01_g11
1002,20.0,veh_005,604.1594197565448,401.6,13.066295779320539,0.135701458831317,g21_g11_0,188.6405802434552,g21_g11
1002,20.0,veh_006,401.6,201.43411391388707,14.645069113172427,0.2368946870695794,g10_g11_0,194.23411391388711,g10_g11
1002,20.0,veh_007,398.4,624.3636122133375,13.293252986480736,-0.6990548780187975,g12_g11_0,168.43638778666246,g12_g11
1002,20.0,veh_008,165.81695421682113,-1.6,14.542818985741027,0.6831464736443014,g00_g10_0,162.61695421682114,g00_g10
1002,20.0,veh_009,798.4,649.8706929844,14.172598873627491,-0.1865040819626298,g22_g21_0,146.92930701559996,g22_g21
1002,20.0,veh_010,152.3534464093973,798.4,16.444671191039667,-0.02852693910710613,g02_g12_0,149.1534464093973,g02_g12
1002,20.0,veh_011,801.6,110.96894966488775,13.243475957886638,0.4714174986630688,g20_g21_0,107.76894966488774,g20_g21
1002,20.0,veh_012,96.45607146970485,398.4,12.092066162803375,0.2018897052900872,g01_g11_0,89.25607146970485,g01_g11
1002,20.0,veh_013,707.6771195276821,401.6,13.529117282619014,0.3680172791238867,g21_g11_0,85.12288047231787,g21_g11
1002,20.0,veh_014,401.6,75.42721495378298,12.832790935344995,0.013042322220279345,g10_g11_0,68.22721495378298,g10_g11
1002,20.0,veh_015,398.4,735.6085712570567,12.766297055483783,-0.25827325257472644,g12_g11_0,57.19142874294327,g12_g11
1002,20.0,veh_016,52.48908597746478,-1.6,15.302342932694993,0.4469040126493198,g00_g10_0,49.28908597746478,g00_g10
1002,20.0,veh_017,798.4,766.5271179168607,12.691158383133285,0.20943468312732882,g22_g21_0,30.27288208313924,g22_g21
1002,20.0,veh_018,20.197633297683687,798.4,11.897633297683688,-0.10236670231631173,g02_g12_0,16.997633297683688,g02_g12
1002,20.0,veh_019,801.6,8.3,13.0,0.0,g20_g21_0,5.1,g20_g21
1002,21.0,veh_000,276.4534573361099,-1.6,13.558022368029267,0.2913241191627467,g00_g10_0,273.25345733610993,g00_g10
1002,21.0,veh_001,798.4,542.5571340611375,12.882679416459181,-0.06436526361387251,g22_g21_0,254.24286593886242,g22_g21
1002,21.0,veh_002,251.54049197358165,798.4,13.223617543454537,-0.08770675556268515,g02_g12_0,248.34049197358166,g02_g12
1002,21.0,veh_003,801.6,235.13239805520905,13.571613132856362,0.015042843315750787,g20_g21_0,231.93239805520906,g20_g21
1002,21.0,veh_004,224.00125716714484,398.4,12.971293819327153,-0.013912930889055986,g01_g11_0,216.80125716714488,g01_g11
1002,21.0,veh_005,591.255815561151,401.6,12.90360419539375,-0.1626915839267884,g21_g11_0,201.54418443884893,g21_g11
1002,21.0,veh_006,401.6,216.05935991979646,14.625246005909355,-0.019823107263071904,g10_g11_0,208.85935991979647,g10_g11
1002,21.0,veh_007,398.4,610.9551845145602,13.408427698777311,0.11517471229657517,g12_g11_0,181.84481548543977,g12_g11
1002,21.0,veh_008,179.94486761945805,-1.6,14.127913402636908,-0.41490558310411885,g00_g10_0,176.74486761945806,g00_g10
1002,21.0,veh_009,798.4,636.1360049658545,13.734688018545627,-0.43791085508186356,g22_g21_0,160.6639950341456,g22_g21
1002,21.0,veh_010,168.73175451478426,798.4,16.378308105386967,-0.0663630856527,g02_g12_0,165.53175451478427,g02_g12
1002,21.0,veh_011,801.6,123.74669397913115,12.777744314243407,-0.46573164364323105,g20_g21_0,120.54669397913115,g20_g21
1002,21.0,veh_012,108.44088800066376,398.4,11.984816530958915,-0.10724963184446068,g01_g11_0,101.24088800066376,g01_g11
1002,21.0,veh_013,694.5830512625306,401.6,13.094068265151478,-0.4350490174675361,g21_g11_0,98.21694873746935,g21_g11
1002,21.0,veh_014,401.6,87.98862916622592,12.561414212442937,-0.2713767229020583,g10_g11_0,80.78862916622592,g10_g11
1002,21.0,veh_015,398.4,722.9736353737442,12.634935883312473,-0.13136117217131016,g12_g11_0,69.82636462625575,g12_g11
1002,21.0,veh_016,67.57218811059025,-1.6,15.083102133125468,-0.21924079956952447,g00_g10_0,64.37218811059024,g00_g10
1002,21.0,veh_017,798.4,753.6308517547554,12.896266162105299,0.20510777897201393,g22_g21_0,43.16914824524454,g22_g21
1002,21.0,veh_018,32.19522683216821,798.4,11.997593534484523,0.09996023680083432,g02_g12_0,28.99522683216821,g02_g12
1002,21.0,veh_019,801.6,22.886710399434737,14.58671039943474,1.5867103994347396,g20_g21_0,19.686710399434737,g20_g21
1002,21.0,veh_020,12.3,398.4,12.0,0.0,g01_g11_0,5.1,g01_g11
1002,22.0,veh_000,290.1077932642553,-1.6,13.654335928145372,0.09631356011610492,g00_g10_0,286.9077932642553,g00_g10
1002,22.0,veh_001,798.4,529.2152705868215,13.341863474316092,0.45918405785691085,g22_g21_0,267.58472941317854,g22_g21
1002,22.0,veh_002,264.9179336883437,798.4,13.377441714762034,0.15382417130749637,g02_g12_0,261.7179336883437,g02_g12
1002,22.0,veh_003,801.6,248.68372628132792,13.551328226118855,-0.020284906737506603,g20_g21_0,245.4837262813279,g20_g21
1002,22.0,veh_004,237.11026618418515,398.4,13.109009017040268,0.13771519771311524,g01_g11_0,229.91026618418516,g01_g11
1002,22.0,veh_005,577.880726146234,401.6,13.37508941491706,0.47148521952330924,g21_g11_0,214.919273853766,g21_g11
1002,22.0,veh_006,401.6,230.70654165136028,14.64718173156383,0.021935725654474325,g10_g11_0,223.5065416513603,g10_g11
1002,22.0,veh_007,398.4,597.0924724559469,13.862712058613331,0.45428435983602,g12_g11_0,195.7075275440531,g12_g11
1002,22.0,veh_008,193.889911852802,-1.6,13.945044233343937,-0.18286916929297092,g00_g10_0,190.689911852802,g00_g10
1002,22.0,veh_009,798.4,621.7207253334489,14.415279632405497,0.6805916138598693,g22_g21_0,175.07927466655107,g22_g21
1002,22.0,veh_010,185.1076706966356,798.4,16.375916181851352,-0.002391923535615348,g02_g12_0,181.90767069663562,g02_g12
1002,22.0,veh_011,801.6,136.87336724154505,13.126673262413913,0.34892894817050646,g20_g21_0,133.67336724154507,g20_g21
1002,22.0,veh_012,120.43006248582581,398.4,11.989174485162065,0.004357954203150882,g01_g11_0,113.23006248582583,g01_g11
1002,22.0,veh_013,681.3084827636935,401.6,13.274568498837077,0.1805002336855992,g21_g11_0,111.49151723630644,g21_g11
1002,22.0,veh_014,401.6,100.34464119167627,12.356012025450358,-0.20540218699257906,g10_g11_0,93.14464119167627,g10_g11
1002,22.0,veh_015,398.4,710.0724655985777,12.901169775166535,0.2662338918540623,g12_g11_0,82.72753440142229,g12_g11
1002,22.0,veh_016,82.69812433361702,-1.6,15.125936223026766,0.042834089901298,g00_g10_0,79.49812433361701,g00_g10
1002,22.0,veh_017,798.4,741.3001367856294,12.330714969125971,-0.5655511929793278,g22_g21_0,55.499863214370514,g22_g21
1002,22.0,veh_018,43.91593723277474,798.4,11.720710400606523,-0.276883133878,g02_g12_0,40.715937232774735,g02_g12
1002,22.0,veh_019,801.6,37.56858003355344,14.6818696341187,0.09515923468396004,g20_g21_0,34.368580033553435,g20_g21
1002,22.0,veh_020,25.26624243417804,398.4,12.96624243417804,0.9662424341780405,g01_g11_0,18.06624243417804,g01_g11
1002,22.0,veh_021,787.6999999999999,401.6,13.0,0.0,g21_g11_0,5.1,g21_g11
1002,23.0,veh_000,303.5282605627989,-1.6,13.420467298543587,-0.23386862960178512,g00_g10_0,300.3282605627989,g00_g10
1002,23.0,veh_001,798.4,516.316483568634,12.898787018187472,-0.4430764561286207,g22_g21_0,280.483516431366,g22_g21
1002,23.0,veh_002,278.36515359266707,798.4,13.447219904323363,0.06977818956132964,g02_g12_0,275.1651535926671,g02_g12
1002,23.0,veh_003,801.6,262.28281406371417,13.599087782386265,0.04775955626741002,g20_g21_0,259.0828140637142,g20_g21
1002,23.0,veh_004,250.44568333099292,398.4,13.335417146807782,0.22640812976751334,g01_g11_0,243.24568333099293,g01_g11
1002,23.0,veh_005,564.5955666000589,401.6,13.285159546175167,-0.08992986874189235,g21_g11_0,228.20443339994117,g21_g11
1002,23.0,veh_006,401.6,245.37183910168,14.6652974503197,0.018115718755870702,g10_g11_0,238.17183910168,g10_g11
1002,23.0,veh_007,398.4,583.6649421669085,13.427530289038339,-0.4351817695749922,g12_g11_0,209.13505783309145,g12_g11
1002,23.0,veh_008,208.50899690684233,-1.6,14.619085054040328,0.6740408206963906,g00_g10_0,205.30899690684234,g00_g10
1002,23.0,veh_009,798.4,607.9743129918736,13.746412341575256,-0.6688672908302404,g22_g21_0,188.82568700812632,g22_g21
1002,23.0,veh_010,201.60092369060874,798.4,16.493252993973144,0.11733681212179192,g02_g12_0,198.40092369060875,g02_g12
1002,23.0,veh_011,801.6,149.45645149200203,12.583084250456976,-0.5435890119569375,g20_g21_0,146.25645149200204,g20_g21
1002,23.0,veh_012,132.75227582649026,398.4,12.322213340664447,0.333038855502382,g01_g11_0,125.55227582649027,g01_g11
1002,23.0,veh_013,667.7872547484484,401.6,13.521228015245184,0.24665951640810668,g21_g11_0,125.01274525155162,g21_g11
1002,23.0,veh_014,401.6,113.18660306528587,12.841961873609575,0.48594984815921727,g10_g11_0,105.98660306528585,g10_g11
1002,23.0,veh_015,398.4,697.212276544923,12.860189053654656,-0.040980721511878926,g12_g11_0,95.58772345507694,g12_g11
1002,23.0,veh_016,98.06406583330329,-1.6,15.36594149968627,0.24000527665950422,g00_g10_0,94.86406583330329,g00_g10
1002,23.0,veh_017,798.4,728.6854078225632,12.614728963066288,0.28401399394031657,g22_g21_0,68.1145921774368,g22_g21
1002,23.0,veh_018,55.42708899777576,798.4,11.511151765001022,-0.20955863560550014,g02_g12_0,52.22708899777576,g02_g12
1002,23.0,veh_019,801.6,51.74634034269627,14.17776030914283,-0.5041093249758699,g20_g21_0,48.54634034269627,g20_g21
1002,23.0,veh_020,38.380200605030225,398.4,13.113958170852184,0.14771573667414373,g01_g11_0,31.180200605030223,g01_g11
1002,23.0,veh_021,774.752426951514,401.6,12.947573048485905,-0.05242695151409471,g21_g11_0,18.047573048485905,g21_g11
1002,23.0,veh_022,401.6,12.3,12.0,0.0,g10_g11_0,5.1,g10_g11
1002,24.0,veh_000,316.5935436545429,-1.6,13.065283091743982,-0.3551842067996045,g00_g10_0,313.3935436545429,g00_g10
1002,24.0,veh_001,798.4,503.41687699757045,12.899606571063527,0.0008195528760559512,g22_g21_0,293.38312300242956,g22_g21
1002,24.0,veh_002,292.13235426180324,798.4,13.767200669136153,0.31998076481279014,g02_g12_0,288.93235426180325,g02_g12
1002,24.0,veh_003,801.6,275.77915728393555,13.496343220221386,-0.10274456216487948,g20_g21_0,272.57915728393556,g20_g21
1002,24.0,veh_004,263.53354317237716,398.4,13.08785984138424,-0.24755730542354115,g01_g11_0,256.3335431723772,g01_g11
1002,24.0,veh_005,551.5928082968289,401.6,13.002758303229825,-0.2824012429453422,g21_g11_0,241.207191703171,g21_g11
1002,24.0,veh_006,401.6,259.8230616780103,14.451222576330252,-0.21407487398944802,g10_g11_0,252.62306167801026,g10_g11
1002,24.0,veh_007,398.4,569.959026701719,13.705915465189399,0.27838517615106007,g12_g11_0,222.84097329828086,g12_g11
1002,24.0,veh_008,222.49507152237896,-1.6,13.98607461553663,-0.6330104385036979,g00_g10_0,219.29507152237898,g00_g10
1002,24.0,veh_009,798.4,593.6302255650444,14.34408742682927,0.5976750852540142,g22_g21_0,203.1697744349556,g22_g21
1002,24.0,veh_010,217.78941455844435,798.4,16.188490867835643,-0.30476212613750064,g02_g12_0,214.5894145584444,g02_g12
1002,24.0,veh_011,801.6,161.99671421364985,12.54026272164783,-0.042821528809145804,g20_g21_0,158.79671421364986,g20_g21
1002,24.0,veh_012,144.73700542102003,398.4,11.984729594529771,-0.33748374613467647,g01_g11_0,137.53700542102004,g01_g11
1002,24.0,veh_013,654.5574617428773,401.6,13.229793005571015,-0.2914350096741689,g21_g11_0,138.24253825712265,g21_g11
1002,24.0,veh_014,401.6,125.94822196697073,12.761618901684882,-0.08034297192469353,g10_g11_0,118.74822196697073,g10_g11
1002,24.0,veh_015,398.4,684.6282741998854,12.584002345037632,-0.27618670861702377,g12_g11_0,108.17172580011457,g12_g11
1002,24.0,veh_016,113.49442597479802,-1.6,15.430360141494713,0.0644186418084427,g00_g10_0,110.294425974798,g00_g10
1002,24.0,veh_017,798.4,716.3386809329218,12.346726889641419,-0.2680020734248689,g22_g21_0,80.46131906707822,g22_g21
1002,24.0,veh_018,67.5429704200617,798.4,12.115881422285938,0.6047296572849152,g02_g12_0,64.3429704200617,g02_g12
1002,24.0,veh_019,801.6,66.6026076107475,14.85626726805123,0.6785069589084003,g20_g21_0,63.402607610747495,g20_g21
1002,24.0,veh_020,51.60678384199421,398.4,13.22658323696398,0.11262506611179646,g01_g11_0,44.406783841994205,g01_g11
1002,24.0,veh_021,761.6555364905354,401.6,13.096890460978724,0.1493174124928185,g21_g11_0,31.14446350946463,g21_g11
1002,24.0,veh_022,401.6,26.357165148569496,14.057165148569496,2.0571651485694957,g10_g11_0,19.157165148569497,g10_g11
1002,24.0,veh_023,398.4,787.6999999999999,13.0,0.0,g12_g11_0,5.1,g12_g11
1002,25.0,veh_000,330.2024256237299,-1.6,13.608881969186983,0.5435988774430012,g00_g10_0,327.0024256237299,g00_g10
1002,25.0,veh_001,798.4,490.4843248629,12.932552134670445,0.03294556360691736,g22_g21_0,306.3156751371,g22_g21
1002,25.0,veh_002,305.47831375821966,798.4,13.345959496416405,-0.42124117271974804,g02_g12_0,302.27831375821967,g02_g12
1002,25.0,veh_003,801.6,288.96266627271325,13.183508988777682,-0.3128342314437038,g20_g21_0,285.76266627271326,g20_g21
1002,25.0,veh_004,276.5009203031149,398.4,12.967377130737773,-0.12048271064646698,g01_g11_0,269.30092030311494,g01_g11
1002,25.0,veh_005,538.8297662972178,401.6,12.7630419996112,-0.23971630361862495,g21_g11_0,253.9702337027822,g21_g11
1002,25.0,veh_006,401.6,274.7001789806318,14.877117302621553,0.42589472629130043,g10_g11_0,267.5001789806318,g10_g11
1002,25.0,veh_007,398.4,556.1042776757956,13.854749025923455,0.1488335607340563,g12_g11_0,236.69572232420433,g12_g11
1002,25.0,veh_008,236.68497383379474,-1.6,14.189902311415784,0.20382769587915384,g00_g10_0,233.48497383379475,g00_g10
1002,25.0,veh_009,798.4,579.6295935951109,14.000631969933517,-0.34345545689575374,g22_g21_0,217.17040640488912,g22_g21
1002,25.0,veh_010,233.8634266191194,798.4,16.074012060675013,-0.11447880716062997,g02_g12_0,230.6634266191194,g02_g12
1002,25.0,veh_011,801.6,174.54351576812795,12.546801554478094,0.006538832830264241,g20_g21_0,171.34351576812796,g20_g21
1002,25.0,veh_012,156.6447824612084,398.4,11.907777040188366,-0.07695255434140513,g01_g11_0,149.4447824612084,g01_g11
1002,25.0,veh_013,641.2454248609422,401.6,13.312036881935096,0.08224387636408181,g21_g11_0,151.55457513905773,g21_g11
1002,25.0,veh_014,401.6,138.33078903347254,12.382567066501828,-0.37905183518305385,g10_g11_0,131.13078903347255,g10_g11
1002,25.0,veh_015,398.4,672.0783537794148,12.549920420470633,-0.03408192456699943,g12_g11_0,120.7216462205852,g12_g11
1002,25.0,veh_016,128.87357521462533,-1.6,15.379149239827349,-0.051210901667364084,g00_g10_0,125.67357521462534,g00_g10
1002,25.0,veh_017,798.4,703.8629719397109,12.475708993210851,0.12898210356943274,g22_g21_0,92.93702806028907,g22_g21
1002,25.0,veh_018,79.35271952744864,798.4,11.809749107386933,-0.3061323148990045,g02_g12_0,76.15271952744864,g02_g12
1002,25.0,veh_019,801.6,81.22760071494069,14.624993104193196,-0.2312741638580338,g20_g21_0,78.02760071494069,g20_g21
1002,25.0,veh_020,65.0239092563904,398.4,13.417125414396198,0.19054217743221713,g01_g11_0,57.8239092563904,g01_g11
1002,25.0,veh_021,748.9173879865524,401.6,12.738148503982924,-0.35874195699580014,g21_g11_0,43.882612013447556,g21_g11
1002,25.0,veh_022,401.6,40.34969932427489,13.992534175705389,-0.0646309728641068,g10_g11_0,33.149699324274884,g10_g11
1002,25.0,veh_023,398.4,772.7655881531507,14.934411846849205,1.9344118468492049,g12_g11_0,20.034411846849203,g12_g11
1002,26.0,veh_000,343.4991116090059,-1.6,13.296685985276051,-0.3121959839109323,g00_g10_0,340.29911160900593,g00_g10
1002,26.0,veh_001,798.4,477.08927559287537,13.395049270024652,0.4624971353542069,g22_g21_0,319.71072440712464,g22_g21
1002,26.0,veh_002,318.9970469608785,798.4,13.518733202658849,0.17277370624244348,g02_g12_0,315.7970469608785,g02_g12
1002,26.0,veh_003,801.6,302.70881996074405,13.746153688030823,0.5626446992531413,g20_g21_0,299.50881996074406,g20_g21
1002,26.0,veh_004,290.0091746757082,398.4,13.508254372593262,0.5408772418554886,g01_g11_0,282.8091746757082,g01_g11
1002,26.0,veh_005,525.9293564765828,401.6,12.900409820635,0.1373678210237994,g21_g11_0,266.8706435234172,g21_g11
1002,26.0,veh_006,401.6,289.60486111835934,14.904682137727574,0.02756483510602159,g10_g11_0,282.40486111835935,g10_g11
1002,26.0,veh_007,398.4,542.1934022851651,13.91087539063047,0.05612636470701382,g12_g11_0,250.6065977148348,g12_g11
1002,26.0,veh_008,250.68954306736816,-1.6,14.004569233573415,-0.18533307784236897,g00_g10_0,247.48954306736817,g00_g10
1002,26.0,veh_009,798.4,565.4820486709791,14.147544924131713,0.1469129541981964,g22_g21_0,231.31795132902084,g22_g21
1002,26.0,veh_010,250.03076127599053,798.4,16.1673346568711,0.09332259619608507,g02_g12_0,246.8307612759905,g02_g12
1002,26.0,veh_011,801.6,187.36607401930615,12.822558251178213,0.27575669670011926,g20_g21_0,184.16607401930617,g20_g21
1002,26.0,veh_012,168.82653702143887,398.4,12.181754560230464,0.27397752004209863,g01_g11_0,161.62653702143888,g01_g11
1002,26.0,veh_013,627.6428270528874,401.6,13.602597808054893,0.290560926119797,g21_g11_0,165.15717294711263,g21_g11
1002,26.0,veh_014,401.6,150.7805154654505,12.449726431977936,0.06715936547610823,g10_g11_0,143.5805154654505,g10_g11
1002,26.0,veh_015,398.4,659.0107690324589,13.06758474695588,0.5176643264852476,g12_g11_0,133.78923096754107,g12_g11
1002,26.0,veh_016,143.84032696364767,-1.6,14.966751749022333,-0.41239749080501653,g00_g10_0,140.64032696364768,g00_g10
1002,26.0,veh_017,798.4,690.9496996927564,12.913272246954426,0.4375632537435745,g22_g21_0,105.85030030724349,g22_g21
1002,26.0,veh_018,91.38528236139206,798.4,12.032562833943421,0.22281372655648823,g02_g12_0,88.18528236139205,g02_g12
1002,26.0,veh_019,801.6,95.76238728764275,14.534786572702066,-0.09020653149113045,g20_g21_0,92.56238728764275,g20_g21
1002,26.0,veh_020,78.02108126607969,398.4,12.997172009689294,-0.419953404706904,g01_g11_0,70.82108126607969,g01_g11
1002,26.0,veh_021,735.7551786517603,401.6,13.1622093347921,0.4240608308091769,g21_g11_0,57.04482134823966,g21_g11
1002,26.0,veh_022,401.6,54.38084561405026,14.031146289775371,0.03861211406998244,g10_g11_0,47.180845614050256,g10_g11
1002,26.0,veh_023,398.4,757.9092034342361,14.856384718914585,-0.07802712793461986,g12_g11_0,34.890796565763786,g12_g11
1002,27.0,veh_000,356.9751653219984,-1.6,13.476053712992504,0.17936772771645337,g00_g10_0,353.77516532199843,g00_g10
1002,27.0,veh_001,798.4,463.6942939930424,13.394981599833013,-6.767019163866905e-05,g22_g21_0,333.10570600695763,g22_g21
1002,27.0,veh_002,332.9405467201114,798.4,13.94349975923288,0.4247665565740313,g02_g12_0,329.7405467201114,g02_g12
1002,27.0,veh_003,801.6,316.403679052561,13.694859091816976,-0.05129459621384669,g20_g21_0,313.20367905256103,g20_g21
1002,27.0,veh_004,303.1890676468786,398.4,13.17989297117038,-0.3283614014228817,g01_g11_0,295.9890676468786,g01_g11
1002,27.0,veh_005,512.67218003539,401.6,13.257176441192755,0.3567666205577549,g21_g11_0,280.12781996460996,g21_g11
1002,27.0,veh_006,401.6,304.196135995777,14.59127487741767,-0.31340726030990496,g10_g11_0,296.996135995777,g10_g11
1002,27.0,veh_007,398.4,528.5168583662219,13.676543918943286,-0.2343314716871827,g12_g11_0,264.2831416337781,g12_g11
1002,27.0,veh_008,264.70796076901615,-1.6,14.018417701647989,0.013848468074574072,g00_g10_0,261.50796076901617,g00_g10
1002,27.0,veh_009,798.4,551.1168792864818,14.365169384497337,0.21762446036562366,g22_g21_0,245.68312071351818,g22_g21
1002,27.0,veh_010,266.5349164462115,798.4,16.504155170221054,0.3368205133499558,g02_g12_0,263.33491644621154,g02_g12
1002,27.0,veh_011,801.6,200.0552731544153,12.689199135109172,-0.13335911606904105,g20_g21_0,196.85527315441533,g20_g21
1002,27.0,veh_012,181.14183225987523,398.4,12.315295238436365,0.13354067820590032,g01_g11_0,173.94183225987524,g01_g11
1002,27.0,veh_013,614.77508445444,401.6,12.867742598447263,-0.7348552096076304,g21_g11_0,178.02491554555988,g21_g11
1002,27.0,veh_014,401.6,163.23697981719488,12.456464351744392,0.006737919766456102,g10_g11_0,156.0369798171949,g10_g11
1002,27.0,veh_015,398.4,645.9864006849184,13.024368347540484,-0.04321639941539601,g12_g11_0,146.81359931508155,g12_g11
1002,27.0,veh_016,159.25575709935637,-1.6,15.415430135708704,0.44867838668637106,g00_g10_0,156.05575709935638,g00_g10
1002,27.0,veh_017,798.4,678.1673487788896,12.782350913866818,-0.130921333087608,g22_g21_0,118.63265122111031,g22_g21
1002,27.0,veh_018,103.18572812110108,798.4,11.80044575970901,-0.2321170742344112,g02_g12_0,99.98572812110106,g02_g12
1002,27.0,veh_019,801.6,110.39521526037879,14.632827972736047,0.09804140003398132,g20_g21_0,107.1952152603788,g20_g21
1002,27.0,veh_020,90.94614034409929,398.4,12.925059078019604,-0.07211293166968957,g01_g11_0,83.74614034409929,g01_g11
1002,27.0,veh_021,722.6796629881044,401.6,13.075515663655937,-0.08669367113616389,g21_g11_0,70.1203370118956,g21_g11
1002,27.0,veh_022,401.6,68.77931110142447,14.398465487374217,0.3673191975988459,g10_g11_0,61.57931110142447,g10_g11
1002,27.0,veh_023,398.4,742.9732910691674,14.935912365068749,0.07952764615416363,g12_g11_0,49.82670893083254,g12_g11
1002,28.0,veh_000,370.5109850194628,-1.6,13.53581969746439,0.05976598447188586,g00_g10_0,367.3109850194628,g00_g10
1002,28.0,veh_001,798.4,450.2634973591896,13.430796633852774,0.035815034019760716,g22_g21_0,346.5365026408104,g22_g21
1002,28.0,veh_002,346.5077335299569,798.4,13.567186809845523,-0.3763129493873567,g02_g12_0,343.3077335299569,g02_g12
1002,28.0,veh_003,801.6,329.6109486607164,13.2072696081554,-0.4875894836615764,g20_g21_0,326.41094866071643,g20_g21
1002,28.0,veh_004,316.5833449168532,398.4,13.394277269974596,0.21438429880421594,g01_g11_0,309.3833449168532,g01_g11
1002,28.0,veh_005,499.2071556487307,401.6,13.465024386659392,0.20784794546663754,g21_g11_0,293.5928443512693,g21_g11
1002,28.0,veh_006,401.6,318.8831978900744,14.687061894297438,0.09578701687976832,g10_g11_0,311.68319789007444,g10_g11
1002,28.0,veh_007,398.4,514.8920165432938,13.624841822928072,-0.05170209601521414,g12_g11_0,277.9079834567062,g12_g11
1002,28.0,veh_008,278.935699293446,-1.6,14.227738524429872,0.20932082278188346,g00_g10_0,275.73569929344603,g00_g10
1002,28.0,veh_009,798.4,536.6700037559035,14.446875530578314,0.08170614608097715,g22_g21_0,260.1299962440965,g22_g21
1002,28.0,veh_010,282.4406559501355,798.4,15.905739503923977,-0.5984156662970772,g02_g12_0,279.24065595013553,g02_g12
1002,28.0,veh_011,801.6,212.88827576629959,12.833002611884238,0.14380347677506577,g20_g21_0,209.68827576629957,g20_g21
1002,28.0,veh_012,193.47801527045914,398.4,12.336183010583909,0.020887772147544226,g01_g11_0,186.27801527045915,g01_g11
1002,28.0,veh_013,601.8035756302442,401.6,12.971508824195958,0.10376622574869465,g21_g11_0,190.99642436975583,g21_g11
1002,28.0,veh_014,401.6,175.35427770754697,12.117297890352088,-0.33916646139230444,g10_g11_0,168.15427770754698,g10_g11
1002,28.0,veh_015,398.4,632.833202116674,13.15319856824445,0.128830220703966,g12_g11_0,159.966797883326,g12_g11
1002,28.0,veh_016,174.42893942026356,-1.6,15.173182320907182,-0.24224781480152124,g00_g10_0,171.22893942026357,g00_g10
1002,28.0,veh_017,798.4,665.5014833510581,12.665865427831584,-0.11648548603523423,g22_g21_0,131.2985166489419,g22_g21
1002,28.0,veh_018,114.94008670976122,798.4,11.754358588660152,-0.04608717104885862,g02_g12_0,111.74008670976121,g02_g12
1002,28.0,veh_019,801.6,124.77247032913903,14.377255068760203,-0.2555729039758443,g20_g21_0,121.57247032913901,g20_g21
1002,28.0,veh_020,103.91705726506532,398.4,12.97091692096603,0.045857842946425365,g01_g11_0,96.71705726506532,g01_g11
1002,28.0,veh_021,709.3596158351357,401.6,13.320047152968586,0.24453148931264934,g21_g11_0,83.44038416486418,g21_g11
1002,28.0,veh_022,401.6,82.83683557848093,14.057524477056452,-0.34094101031776525,g10_g11_0,75.63683557848093,g10_g11
1002,28.0,veh_023,398.4,728.0422282298493,14.931062839318134,-0.004849525750614703,g12_g11_0,64.75777177015067,g12_g11
1002,29.0,veh_000,384.01659273144344,-1.6,13.505607711980625,-0.030211985483765247,g00_g10_0,380.81659273144345,g00_g10
1002,29.0,veh_001,798.4,436.80296771453163,13.460529644657985,0.02973301080521118,g22_g21_0,359.9970322854684,g22_g21
1002,29.0,veh_002,359.81898181989243,798.4,13.311248289935545,-0.2559385199099786,g02_g12_0,356.61898181989244,g02_g12
1002,29.0,veh_003,801.6,343.01622478060756,13.405276119891129,0.1980065117357288,g20_g21_0,339.81622478060757,g20_g21
1002,29.0,veh_004,329.8912851879814,398.4,13.307940271128215,-0.08633699884638091,g01_g11_0,322.6912851879814,g01_g11
1002,29.0,veh_005,486.24061945526756,401.6,12.966536193463147,-0.4984881931962448,g21_g11_0,306.55938054473245,g21_g11
1002,29.0,veh_006,401.6,333.3018052568336,14.418607366759167,-0.26845452753827104,g10_g11_0,326.1018052568336,g10_g11
1002,29.0,veh_007,398.4,501.09764583265616,13.794370710637676,0.16952888770960328,g12_g11_0,291.70235416734386,g12_g11
1002,29.0,veh_008,293.10125005425573,-1.6,14.165550760809705,-0.06218776362016776,g00_g10_0,289.90125005425574,g00_g10
1002,29.0,veh_009,798.4,522.4191574002118,14.250846355691671,-0.19602917488664318,g22_g21_0,274.3808425997882,g22_g21
1002,29.0,veh_010,298.4688529635846,798.4,16.0281970134491,0.12245750952512147,g02_g12_0,295.2688529635846,g02_g12
1002,29.0,veh_011,801.6,226.0023019281475,13.114026161847958,0.28102354996372014,g20_g21_0,222.80230192814753,g20_g21
1002,29.0,veh_012,205.196412745416,398.4,11.718397474956863,-0.6177855356270463,g01_g11_0,197.99641274541602,g01_g11
1002,29.0,veh_013,588.3364958924531,401.6,13.467079737791106,0.4955709135951487,g21_g11_0,204.46350410754692,g21_g11
1002,29.0,veh_014,401.6,187.89639023207783,12.542112524530852,0.4248146341787642,g10_g11_0,180.69639023207785,g10_g11
1002,29.0,veh_015,398.4,619.5771368692975,13.256065247376435,0.102866679131985,g12_g11_0,173.22286313070242,g12_g11
1002,29.0,veh_016,189.7614797259073,-1.6,15.332540305643743,0.1593579847365607,g00_g10_0,186.5614797259073,g00_g10
1002,29.0,veh_017,798.4,652.620689660448,12.88079369061014,0.2149282627785567,g22_g21_0,144.17931033955205,g22_g21
1002,29.0,veh_018,126.96924318094757,798.4,12.029156471186335,0.2747978825261832,g02_g12_0,123.76924318094756,g02_g12
1002,29.0,veh_019,801.6,139.3335337364761,14.56106340733713,0.18380833857692735,g20_g21_0,136.13353373647612,g20_g21
1002,29.0,veh_020,117.40086174179726,398.4,13.48380447673195,0.5128875557659196,g01_g11_0,110.20086174179727,g01_g11
1002,29.0,veh_021,696.6304491899847,401.6,12.729166645151093,-0.5908805078174932,g21_g11_0,96.16955081001528,g21_g11
1002,29.0,veh_022,401.6,97.16627253682394,14.329436958343015,0.271912481286563,g10_g11_0,89.96627253682394,g10_g11
1002,29.0,veh_023,398.4,712.9395176496492,15.102710580200025,0.17164774088189105,g12_g11_0,79.8604823503507,g12_g11
1002,30.0,veh_000,397.72849284202397,-1.6,13.711900110580533,0.2062923985999081,:g10_4_0,4.928492842023957,:g10_4
1002,30.0,veh_001,798.4,423.6961914777273,13.10677623680433,-0.35375340785365417,g22_g21_0,373.1038085222727,g22_g21
1002,30.0,veh_002,373.26512083248366,798.4,13.446139012591237,0.13489072265569213,g02_g12_0,370.0651208324837,g02_g12
1002,30.0,veh_003,801.6,356.647862334516,13.631637553908437,0.22636143401730813,g20_g21_0,353.447862334516,g20_g21
1002,30.0,veh_004,343.1046089585513,398.4,13.213323770569882,-0.09461650055833282,g01_g11_0,335.9046089585513,g01_g11
1002,30.0,veh_005,473.21360088319307,401.6,13.027018572074489,0.06048237861134176,g21_g11_0,319.58639911680694,g21_g11
1002,30.0,veh_006,401.6,347.6067241598564,14.304918903022841,-0.11368846373632557,g10_g11_0,340.4067241598564,g10_g11
1002,30.0,veh_007,398.4,487.38224578799674,13.715400044659408,-0.07897066597826807,g12_g11_0,305.4177542120033,g12_g11
1002,30.0,veh_008,307.5383731787121,-1.6,14.437123124456406,0.2715723636467011,g00_g10_0,304.3383731787121,g00_g10
1002,30.0,veh_009,798.4,507.974189175933,14.44496822427877,0.19412186858709823,g22_g21_0,288.825810824067,g22_g21
1002,30.0,veh_010,314.6972803031367,798.4,16.228427339552145,0.20023032610304625,g02_g12_0,311.49728030313673,g02_g12
1002,30.0,veh_011,801.6,239.02321699327246,13.020915065124953,-0.0931110967230051,g20_g21_0,235.82321699327247,g20_g21
1002,30.0,veh_012,217.00477477749533,398.4,11.808362032079303,0.08996455712244078,g01_g11_0,209.80477477749534,g01_g11
1002,30.0,veh_013,574.7907841060606,401.6,13.54571178639239,0.0786320486012837,g21_g11_0,218.0092158939393,g21_g11
1002,30.0,veh_014,401.6,200.42819025540732,12.531800023329446,-0.010312501201406477,g10_g11_0,193.2281902554073,g10_g11
1002,30.0,veh_015,398.4,606.601258309778,12.975878559519522,-0.28018668785691325,g12_g11_0,186.19874169022194,g12_g11
1002,30.0,veh_016,204.58017853124545,-1.6,14.818698805338173,-0.5138415003055705,g00_g10_0,201.38017853124546,g00_g10
1002,30.0,veh_017,798.4,640.1140454893036,12.506644171144277,-0.3741495194658633,g22_g21_0,156.68595451069632,g22_g21
1002,30.0,veh_018,138.855444068148,798.4,11.88620088720044,-0.14295558398589492,g02_g12_0,135.655444068148,g02_g12
1002,30.0,veh_019,801.6,153.78352494458036,14.449991208104255,-0.11107219923287559,g20_g21_0,150.58352494458038,g20_g21
1002,30.0,veh_020,130.46187030873236,398.4,13.061008566935108,-0.42279590979684123,g01_g11_0,123.26187030873237,g01_g11
1002,30.0,veh_021,684.0361812162855,401.6,12.594267973699138,-0.1348986714519551,g21_g11_0,108.76381878371441,g21_g11
1002,30.0,veh_022,401.6,111.1931601182089,14.026887581384965,-0.3025493769580496,g10_g11_0,103.9931601182089,g10_g11
1002,30.0,veh_023,398.4,697.8225883953008,15.116929254348458,0.014218674148432697,g12_g11_0,94.97741160469916,g12_g11
1002,31.0,veh_000,411.3973711631273,-1.6,13.668878321103326,-0.043021789477206696,g10_g20_0,4.1973711631272845,g10_g20
1002,31.0,veh_001,798.4,410.2279767243956,13.468214753331745,0.3614385165274143,g22_g21_0,386.5720232756044,g22_g21
1002,31.0,veh_002,386.9369599882408,798.4,13.671839155757123,0.22570014316588605,g02_g12_0,383.7369599882408,g02_g12
1002,31.0,veh_003,801.6,370.17907753851233,13.531215203996323,-0.10042234991211352,g20_g21_0,366.97907753851234,g20_g21
1002,31.0,veh_004,356.5337256383811,398.4,13.429116679829791,0.21579290925990868,g01_g11_0,349.3337256383811,g01_g11
1002,31.0,veh_005,460.4629651666215,401.6,12.750635716571601,-0.276382855502888,g21_g11_0,332.33703483337854,g21_g11
1002,31.0,veh_006,401.6,361.8490040729967,14.242279913140298,-0.06263898988254368,g10_g11_0,354.6490040729967,g10_g11
1002,31.0,veh_007,398.4,473.78296974392856,13.599276044068182,-0.11612400059122585,g12_g11_0,319.01703025607145,g12_g11
1002,31.0,veh_008,321.9261184198171,-1.6,14.387745241104998,-0.0493778833514078,g00_g10_0,318.7261184198171,g00_g10
1002,31.0,veh_009,798.4,493.68515361376876,14.289035562164269,-0.15593266211450008,g22_g21_0,303.11484638623125,g22_g21
1002,31.0,veh_010,331.211304254333,798.4,16.514023951196286,0.2855966116441415,g02_g12_0,328.011304254333,g02_g12
1002,31.0,veh_011,801.6,252.06597248657653,13.042755493304082,0.02184042817912868,g20_g21_0,248.86597248657654,g20_g21
1002,31.0,veh_012,229.00522474248353,398.4,12.00044996498821,0.19208793290890647,g01_g11_0,221.80522474248355,g01_g11
1002,31.0,veh_013,561.2543123463006,401.6,13.536471759760067,-0.00924002663232315,g21_g11_0,231.5456876536994,g21_g11
1002,31.0,veh_014,401.6,212.8116749568545,12.383484701447191,-0.14831532188225438,g10_g11_0,205.6116749568545,g10_g11
1002,31.0,veh_015,398.4,594.019720180752,12.581538129026056,-0.39434043049346634,g12_g11_0,198.780279819248,g12_g11
1002,31.0,veh_016,219.6108914548583,-1.6,15.030712923612846,0.21201411827467354,g00_g10_0,216.4108914548583,g00_g10
1002,31.0,veh_017,798.4,627.6309729340164,12.483072555287205,-0.02357161585707246,g22_g21_0,169.16902706598353,g22_g21
1002,31.0,veh_018,150.7878224311082,798.4,11.932378362960199,0.046177475759758835,g02_g12_0,147.5878224311082,g02_g12
1002,31.0,veh_019,801.6,167.95151291017612,14.167987965595746,-0.28200324250850883,g20_g21_0,164.75151291017613,g20_g21
1002,31.0,veh_020,143.26773785780208,398.4,12.805867549069719,-0.25514101786538923,g01_g11_0,136.0677378578021,g01_g11
1002,31.0,veh_021,671.4550381411933,401.6,12.581143075092227,-0.013124898606911017,g21_g11_0,121.34496185880664,g21_g11
1002,31.0,veh_022,401.6,125.60589631820464,14.412736199995727,0.3858486186107619,g10_g11_0,118.40589631820464,g10_g11
1002,31.0,veh_023,398.4,682.8637511540749,14.958837241225943,-0.15809201312251453,g12_g11_0,109.93624884592509,g12_g11
1002,32.0,veh_000,424.82957894308197,-1.6,13.432207779954695,-0.23667054114863184,g10_g20_0,17.62957894308198,g10_g20
1002,32.0,veh_001,798.4,396.9138293126281,13.314147411767522,-0.15406734156422353,:g21_1_0,10.286170687371907,:g21_1
1002,32.0,veh_002,400.88988995008725,798.4,13.952929961846465,0.2810908060893418,:g12_5_0,8.08988995008724,:g12_5
1002,32.0,veh_003,801.6,383.55120777601394,13.37213023750162,-0.15908496649470294,g20_g21_0,380.35120777601395,g20_g21
1002,32.0,veh_004,369.46201125994804,398.4,12.928285621566944,-0.5008310582628468,g01_g11_0,362.26201125994805,g01_g11
1002,32.0,veh_005,447.2294897093116,401.6,13.233475457309874,0.48283974073827274,g21_g11_0,345.5705102906884,g21_g11
1002,32.0,veh_006,401.6,376.15849677284876,14.30949269985205,0.06721278671175313,g10_g11_0,368.9584967728488,g10_g11
1002,32.0,veh_007,398.4,460.2670699839437,13.51589975998483,-0.08337628408335185,g12_g11_0,332.5329300160563,g12_g11
1002,32.0,veh_008,335.9002601933999,-1.6,13.974141773582808,-0.41360346752219,g00_g10_0,332.7002601933999,g00_g10
1002,32.0,veh_009,798.4,479.3228716033177,14.362282010451079,0.0732464482868096,g22_g21_0,317.4771283966823,g22_g21
1002,32.0,veh_010,347.2931493473134,798.4,16.081845092980366,-0.43217885821592006,g02_g12_0,344.0931493473134,g02_g12
1002,32.0,veh_011,801.6,264.7341168311069,12.66814434453039,-0.37461114877369184,g20_g21_0,261.5341168311069,g20_g21
1002,32.0,veh_012,240.7909513238318,398.4,11.785726581348271,-0.2147233836399387,g01_g11_0,233.5909513238318,g01_g11
1002,32.0,veh_013,548.2027385735356,401.6,13.05157377276501,-0.4848979869950565,g21_g11_0,244.5972614264644,g21_g11
1002,32.0,veh_014,401.6,225.23369449094506,12.422019534090536,0.038534832643344785,g10_g11_0,218.03369449094504,g10_g11
1002,32.0,veh_015,398.4,580.9610061311575,13.058714049594462,0.4771759205684063,g12_g11_0,211.83899386884246,g12_g11
1002,32.0,veh_016,234.4704089898206,-1.6,14.859517534962325,-0.17119538865052064,g00_g10_0,231.27040898982062,g00_g10
1002,32.0,veh_017,798.4,614.7262488427964,12.90472409122011,0.42165153593290583,g22_g21_0,182.07375115720365,g22_g21
1002,32.0,veh_018,162.50223530929466,798.4,11.714412878186458,-0.21796548477374067,g02_g12_0,159.30223530929467,g02_g12
1002,32.0,veh_019,801.6,182.61533283347347,14.66381992329734,0.4958319577015935,g20_g21_0,179.41533283347349,g20_g21
1002,32.0,veh_020,156.0484233279161,398.4,12.780685470114022,-0.02518207895569624,g01_g11_0,148.84842332791612,g01_g11
1002,32.0,veh_021,658.7655129052233,401.6,12.689525235970034,0.10838216087780772,g21_g11_0,134.03448709477667,g21_g11
1002,32.0,veh_022,401.6,139.47017685795498,13.864280539750345,-0.5484556602453825,g10_g11_0,132.270176857955,g10_g11
1002,32.0,veh_023,398.4,667.9169589545255,14.946792199549334,-0.012045041676609358,g12_g11_0,124.88304104547443,g12_g11
1002,33.0,veh_000,438.0968042264342,-1.6,13.267225283352232,-0.16498249660246245,g10_g20_0,30.896804226434213,g10_g20
1002,33.0,veh_001,798.4,383.4947025248826,13.419126787745522,0.10497937597800089,g21_g20_0,9.30529747511743,g21_g20
1002,33.0,veh_002,414.2392306765432,798.4,13.349340726455928,-0.6035892353905368,g12_g22_0,7.039230676543168,g12_g22
1002,33.0,veh_003,801.6,397.10114055897645,13.549932782962493,0.1778025454608727,:g21_2_0,4.301140558976442,:g21_2
1002,33.0,veh_004,381.28716829864817,398.4,11.825157038700102,-1.1031285828668427,g01_g11_0,374.0871682986482,g01_g11
1002,33.0,veh_005,433.85440708761973,401.6,13.375082621691876,0.14160716438200183,g21_g11_0,358.9455929123803,g21_g11
1002,33.0,veh_006,401.6,390.49520184827554,14.336705075426796,0.027212375574745096,g10_g11_0,383.29520184827555,g10_g11
1002,33.0,veh_007,398.4,446.63324491742355,13.633825066520156,0.11792530653532651,g12_g11_0,346.16675508257646,g12_g11
1002,33.0,veh_008,349.85972363833076,-1.6,13.959463444930874,-0.01467832865193408,g00_g10_0,346.6597236383308,g00_g10
1002,33.0,veh_009,798.4,465.52503913088236,13.797832472435317,-0.5644495380157615,g22_g21_0,331.27496086911765,g22_g21
1002,33.0,veh_010,363.77385199396485,798.4,16.48070264665148,0.39885755367111386,g02_g12_0,360.57385199396487,g02_g12
1002,33.0,veh_011,801.6,277.5451442686498,12.811027437542887,0.1428830930124967,g20_g21_0,274.3451442686498,g20_g21
1002,33.0,veh_012,252.60010310529594,398.4,11.809151781464161,0.023425200115889666,g01_g11_0,245.40010310529595,g01_g11
1002,33.0,veh_013,534.7930625784948,401.6,13.409675995040931,0.3581022222759209,g21_g11_0,258.0069374215053,g21_g11
1002,33.0,veh_014,401.6,237.35258109376213,12.118886602817105,-0.30313293127343144,g10_g11_0,230.15258109376214,g10_g11
1002,33.0,veh_015,398.4,568.110008367657,12.850997763500535,-0.20771628609392678,g12_g11_0,224.689991632343,g12_g11
1002,33.0,veh_016,249.47879096231088,-1.6,15.00838197249028,0.14886443752795486,g00_g10_0,246.2787909623109,g00_g10
1002,33.0,veh_017,798.4,601.8360894083917,12.89015943440462,-0.014564656815490906,g22_g21_0,194.96391059160825,g22_g21
1002,33.0,veh_018,174.26783340361646,798.4,11.765598094321804,0.05118521613534632,g02_g12_0,171.06783340361648,g02_g12
1002,33.0,veh_019,801.6,197.28030685501147,14.664974021537999,0.0011540982406597067,g20_g21_0,194.0803068550115,g20_g21
1002,33.0,veh_020,169.3762016745762,398.4,13.327778346660107,0.5470928765460847,g01_g11_0,162.17620167457622,g01_g11
1002,33.0,veh_021,645.771895084051,401.6,12.993617821172341,0.30409258520230686,g21_g11_0,147.028104915949,g21_g11
1002,33.0,veh_022,401.6,153.46087958861366,13.990702730658688,0.12642219090834317,g10_g11_0,146.26087958861368,g10_g11
1002,33.0,veh_023,398.4,652.9736804429184,14.943278511607156,-0.003513687942177768,g12_g11_0,139.82631955708158,g12_g11
1002,34.0,veh_000,451.8493653182014,-1.6,13.752561091767198,0.48533580841496615,g10_g20_0,44.64936531820141,g10_g20
1002,34.0,veh_001,798.4,370.4642104993702,13.030492025512398,-0.3886347622331243,g21_g20_0,22.33578950062983,g21_g20
1002,34.0,veh_002,428.2058014005986,798.4,13.966570724055426,0.6172299975994981,g12_g22_0,21.005801400598592,g12_g22
1002,34.0,veh_003,801.6,410.26924263489553,13.168102075919084,-0.3818307070434095,g21_g22_0,3.0692426348955255,g21_g22
1002,34.0,veh_004,389.003732202552,398.4,7.716563903903846,-4.108593134796256,g01_g11_0,381.803732202552,g01_g11
1002,34.0,veh_005,421.0703887598318,401.6,12.784018327787937,-0.5910642939039388,g21_g11_0,371.7296112401682,g21_g11
1002,34.0,veh_006,401.6,404.84441900642065,14.349217158145109,0.012512082718313167,:g11_7_0,12.04441900642064,:g11_7
1002,34.0,veh_007,398.4,433.118390287306,13.51485463011756,-0.11897043640259675,g12_g11_0,359.681609712694,g12_g11
1002,34.0,veh_008,363.8625009779712,-1.6,14.002777339640446,0.0433138947095717,g00_g10_0,360.6625009779712,g00_g10
1002,34.0,veh_009,798.4,451.29664643623016,14.228392694652198,0.43056022221688117,g22_g21_0,345.50335356376985,g22_g21
1002,34.0,veh_010,379.5275184282922,798.4,15.753666434327315,-0.7270362123241654,g02_g12_0,376.3275184282922,g02_g12
1002,34.0,veh_011,801.6,290.27767996930936,12.73253570065959,-0.07849173688329714,g20_g21_0,287.0776799693094,g20_g21
1002,34.0,veh_012,264.74328742315595,398.4,12.143184317859985,0.3340325363958243,g01_g11_0,257.54328742315596,g01_g11
1002,34.0,veh_013,521.4746899603864,401.6,13.318372618108302,-0.09130337693262902,g21_g11_0,271.3253100396136,g21_g11
1002,34.0,veh_014,401.6,249.63380328198156,12.28122218821943,0.1623355854023263,g10_g11_0,242.43380328198157,g10_g11
1002,34.0,veh_015,398.4,555.0026487355235,13.107359632133493,0.2563618686329576,g12_g11_0,237.7973512644765,g12_g11
1002,34.0,veh_016,264.933807725177,-1.6,15.455016762866109,0.4466347903758283,g00_g10_0,261.73380772517703,g00_g10
1002,34.0,veh_017,798.4,589.2862488786272,12.549840529764467,-0.3403189046401529,g22_g21_0,207.5137511213727,g22_g21
1002,34.0,veh_018,186.13721764262326,798.4,11.869384239006804,0.10378614468499947,g02_g12_0,182.93721764262327,g02_g12
1002,34.0,veh_019,801.6,211.70220303173042,14.421896176718944,-0.24307784481905514,g20_g21_0,208.50220303173043,g20_g21
1002,34.0,veh_020,182.42114141779192,398.4,13.04493974321571,-0.2828386034443966,g01_g11_0,175.22114141779193,g01_g11
1002,34.0,veh_021,633.1464756782689,401.6,12.625419405782125,-0.368198415390216,g21_g11_0,159.65352432173114,g21_g11
1002,34.0,veh_022,401.6,167.2566721608831,13.79579257226944,-0.19491015838924852,g10_g11_0,160.05667216088312,g10_g11
1002,34.0,veh_023,398.4,638.1822320981596,14.79144834475878,-0.15183016684837547,g12_g11_0,154.61776790184035,g12_g11
1002,35.0,veh_000,465.56612063831506,-1.6,13.71675532011366,-0.035805771653539153,g10_g20_0,58.36612063831507,g10_g20
1002,35.0,veh_001,798.4,357.6650343505084,12.799176148861775,-0.2313158766506227,g21_g20_0,35.134965649491605,g21_g20
1002,35.0,veh_002,441.8755525863336,798.4,13.669751185735011,-0.2968195383204151,g12_g22_0,34.6755525863336,g12_g22
1002,35.0,veh_003,801.6,423.5462920147803,13.277049379884772,0.10894730396568875,g21_g22_0,16.346292014780296,g21_g22
1002,35.0,veh_004,392.30333533807755,398.4,3.2996031355255324,-4.416960768378313,g01_g11_0,385.10333533807756,g01_g11
1002,35.0,veh_005,412.73170968606007,401.6,8.338679073771749,-4.445339254016188,g21_g11_0,380.06829031393994,g21_g11
1002,35.0,veh_006,401.6,419.2265068239935,14.382087817572826,0.03287065942771683,g11_g12_0,12.026506823993463,g11_g12
1002,35.0,veh_007,398.4,419.6183460899708,13.500044197335162,-0.014810432782397243,g12_g11_0,373.1816539100292,g12_g11
1002,35.0,veh_008,378.4259907347569,-1.6,14.563489756785707,0.5607124171452611,g00_g10_0,375.2259907347569,g00_g10
1002,35.0,veh_009,798.4,436.86804844867135,14.428597987558812,0.20020529290661315,g22_g21_0,359.93195155132867,g22_g21
1002,35.0,veh_010,395.6252400075134,798.4,16.09772157922125,0.34405514489393596,:g12_5_0,2.8252400075134005,:g12_5
1002,35.0,veh_011,801.6,302.84752530717367,12.569845337864333,-0.1626903627952565,g20_g21_0,299.6475253071737,g20_g21
1002,35.0,veh_012,276.5222832972956,398.4,11.778995874139644,-0.36418844372034087,g01_g11_0,269.3222832972956,g01_g11
1002,35.0,veh_013,507.95298843813174,401.6,13.52170152225463,0.20332890414632843,g21_g11_0,284.84701156186827,g21_g11
1002,35.0,veh_014,401.6,262.18870773266076,12.5549044506792,0.27368226245976857,g10_g11_0,254.98870773266077,g10_g11
1002,35.0,veh_015,398.4,542.2558943040681,12.746754431455383,-0.3606052006781102,g12_g11_0,250.54410569593188,g12_g11
1002,35.0,veh_016,280.0409699238672,-1.6,15.107162198690167,-0.3478545641759414,g00_g10_0,276.8409699238672,g00_g10
1002,35.0,veh_017,798.4,576.3395978073653,12.946651071262009,0.39681054149754225,g22_g21_0,220.46040219263472,g22_g21
1002,35.0,veh_018,197.9477705451318,798.4,11.810552902508544,-0.05883133649826,g02_g12_0,194.7477705451318,g02_g12
1002,35.0,veh_019,801.6,225.9244187718233,14.222215740092867,-0.19968043662607649,g20_g21_0,222.7244187718233,g20_g21
1002,35.0,veh_020,195.502606097774,398.4,13.081464679982075,0.036524936766364036,g01_g11_0,188.302606097774,g01_g11
1002,35.0,veh_021,619.9353053103728,401.6,13.211170367896088,0.5857509621139627,g21_g11_0,172.86469468962724,g21_g11
1002,35.0,veh_022,401.6,181.48984441962642,14.23317225874331,0.4373796864738697,g10_g11_0,174.28984441962643,g10_g11
1002,35.0,veh_023,398.4,623.0532289331976,15.129003164962002,0.3375548202032217,g12_g11_0,169.74677106680235,g12_g11
1002,36.0,veh_000,478.970727957868,-1.6,13.404607319552957,-0.31214800056070224,g10_g20_0,71.77072795786802,g10_g20
1002,36.0,veh_001,798.4,344.88081716753675,12.784217182971664,-0.014958965890111031,g21_g20_0,47.91918283246327,g21_g20
1002,36.0,veh_002,455.2044388120575,798.4,13.328886225723917,-0.34086496001109445,g12_g22_0,48.004438812057515,g12_g22
1002,36.0,veh_003,801.6,437.21314143274196,13.666849417961709,0.3898000380769364,g21_g22_0,30.013141432742003,g21_g22
1002,36.0,veh_004,392.66122764740504,398.4,0.35789230932747423,-2.941710826198058,g01_g11_0,385.46122764740505,g01_g11
1002,36.0,veh_005,408.4292860113469,401.6,4.302423674713179,-4.03625539905857,g21_g11_0,384.3707139886531,g21_g11
1002,36.0,veh_006,401.6,433.92352624723407,14.697019423240633,0.3149316056678071,g11_g12_0,26.723526247234098,g11_g12
1002,36.0,veh_007,398.4,406.2869533457619,13.33139274420894,-0.16865145312622154,:g11_1_0,0.9130466542380873,:g11_1
1002,36.0,veh_008,392.5958354464233,-1.6,14.169844711666368,-0.39364504511933873,g00_g10_0,389.3958354464233,g00_g10
1002,36.0,veh_009,798.4,423.0728863188509,13.795162129820444,-0.6334358577383679,g22_g21_0,373.7271136811491,g22_g21
1002,36.0,veh_010,411.548493197637,798.4,15.92325319012365,-0.17446838909760132,g12_g22_0,4.348493197637049,g12_g22
1002,36.0,veh_011,801.6,316.11075060700733,13.263225299833664,0.693379961969331,g20_g21_0,312.91075060700734,g20_g21
1002,36.0,veh_012,288.57921626096135,398.4,12.056932963665739,0.27793708952609464,g01_g11_0,281.37921626096136,g01_g11
1002,36.0,veh_013,494.974468059187,401.6,12.97852037894471,-0.543181143309921,g21_g11_0,297.825531940813,g21_g11
1002,36.0,veh_014,401.6,274.8146554322988,12.625947699638086,0.0710432489588868,g10_g11_0,267.61465543229883,g10_g11
1002,36.0,veh_015,398.4,529.7396909963902,12.516203307677978,-0.2305511237774045,g12_g11_0,263.06030900360986,g12_g11
1002,36.0,veh_016,294.84221592069855,-1.6,14.801245996831385,-0.305916201858782,g00_g10_0,291.64221592069856,g00_g10
1002,36.0,veh_017,798.4,563.5883056616022,12.751292145762987,-0.195358925499022,g22_g21_0,233.2116943383977,g22_g21
1002,36.0,veh_018,209.7758093434724,798.4,11.828038798340613,0.01748589583206872,g02_g12_0,206.5758093434724,g02_g12
1002,36.0,veh_019,801.6,240.85441087206942,14.929992100246087,0.7077763601532201,g20_g21_0,237.6544108720694,g20_g21
1002,36.0,veh_020,208.85192769525378,398.4,13.349321597479776,0.267856917497701,g01_g11_0,201.6519276952538,g01_g11
1002,36.0,veh_021,606.905486415985,401.6,13.029818894387684,-0.18135147350840342,g21_g11_0,185.89451358401493,g21_g11
1002,36.0,veh_022,401.6,195.7450777497982,14.255233330171778,0.022061071428469248,g10_g11_0,188.54507774979822,g10_g11
1002,36.0,veh_023,398.4,608.0507276274433,15.002501305754365,-0.12650185920763768,g12_g11_0,184.74927237255673,g12_g11
1002,37.0,veh_000,492.5163779864642,-1.6,13.545650028596206,0.14104270904324956,g10_g20_0,85.31637798646423,g10_g20
1002,37.0,veh_001,798.4,331.9401541017883,12.940663065748417,0.15644588277675275,g21_g20_0,60.85984589821169,g21_g20
1002,37.0,veh_002,468.9030812300018,798.4,13.69864241794429,0.3697561922203736,g12_g22_0,61.70308123000181,g12_g22
1002,37.0,veh_003,801.6,450.84142922526496,13.628287792522967,-0.0385616254387422,g21_g22_0,43.64142922526497,g21_g22
1002,37.0,veh_004,392.6973611677796,398.4,0.03613352037455451,-0.3217587889529197,g01_g11_0,385.4973611677796,g01_g11
1002,37.0,veh_005,403.60138187042685,401.6,4.827904140920073,0.5254804662068944,:g11_4_0,3.59861812957314,:g11_4
1002,37.0,veh_006,401.6,448.6473852687709,14.723859021536843,0.026839598296209743,g11_g12_0,41.447385268770944,g11_g12
1002,37.0,veh_007,398.4,392.8362176413965,13.45073570436544,0.1193429601564997,:g11_1_0,14.363782358603528,:g11_1
1002,37.0,veh_008,406.98810532346164,-1.6,14.392269877038338,0.22242516537196977,:g10_4_0,14.188105323461627,:g10_4
1002,37.0,veh_009,798.4,409.3326954221479,13.74019089670305,-0.054971233117393936,g22_g21_0,387.46730457785213,g22_g21
1002,37.0,veh_010,427.4869889563644,798.4,15.938495758727367,0.015242568603717643,g12_g22_0,20.286988956364418,g12_g22
1002,37.0,veh_011,801.6,328.88952355095046,12.778772943943128,-0.4844523558905358,g20_g21_0,325.68952355095047,g20_g21
1002,37.0,veh_012,300.40690742935266,398.4,11.827691168391311,-0.22924179527442767,g01_g11_0,293.20690742935267,g01_g11
1002,37.0,veh_013,481.6871812160937,401.6,13.287286843093359,0.3087664641486487,g21_g11_0,311.11281878390633,g21_g11
1002,37.0,veh_014,401.6,287.2858455452286,12.471190112929794,-0.15475758670829265,g10_g11_0,280.0858455452286,g10_g11
1002,37.0,veh_015,398.4,517.0962725083524,12.643418488037758,0.12721518035978008,g12_g11_0,275.7037274916476,g12_g11
1002,37.0,veh_016,309.8940038389509,-1.6,15.05178791825234,0.25054192142095566,g00_g10_0,306.6940038389509,g00_g10
1002,37.0,veh_017,798.4,550.6350838802382,12.953221781364105,0.2019296356011182,g22_g21_0,246.1649161197618,g22_g21
1002,37.0,veh_018,221.4547394736198,798.4,11.678930130147393,-0.14910866819321988,g02_g12_0,218.2547394736198,g02_g12
1002,37.0,veh_019,801.6,255.14644646984064,14.292035597771244,-0.637956502474843,g20_g21_0,251.94644646984065,g20_g21
1002,37.0,veh_020,221.84216821930224,398.4,12.990240524048478,-0.35908107343129814,g01_g11_0,214.64216821930228,g01_g11
1002,37.0,veh_021,593.7003877200164,401.6,13.20509869596874,0.1752798015810555,g21_g11_0,199.09961227998366,g21_g11
1002,37.0,veh_022,401.6,210.18850302995125,14.443425280153043,0.18819194998126498,g10_g11_0,202.98850302995126,g10_g11
1002,37.0,veh_023,398.4,593.4187979944097,14.63192963303353,-0.37057167272083547,g12_g11_0,199.38120200559027,g12_g11
1002,38.0,veh_000,506.0768277465972,-1.6,13.560449760132975,0.014799731536768945,g10_g20_0,98.8768277465972,g10_g20
1002,38.0,veh_001,798.4,318.6295700037751,13.310584098013246,0.36992103226482875,g21_g20_0,74.17042999622494,g21_g20
1002,38.0,veh_002,482.6775026487555,798.4,13.774421418753708,0.07577900080941724,g12_g22_0,75.47750264875552,g12_g22
1002,38.0,veh_003,801.6,464.3745203829542,13.533091157689265,-0.09519663483370167,g21_g22_0,57.174520382954235,g21_g22
1002,38.0,veh_004,392.6987922772864,398.4,0.001431109506781231,-0.03470241086777328,g01_g11_0,385.4987922772864,g01_g11
1002,38.0,veh_005,396.64323163041286,401.6,6.958150240014002,2.130246099093929,:g11_4_0,10.556768369587143,:g11_4
1002,38.0,veh_006,401.6,462.8867097341406,14.239324465369643,-0.4845345561671994,g11_g12_0,55.686709734140585,g11_g12
1002,38.0,veh_007,398.4,379.57089565205087,13.265321989345619,-0.18541371501982162,g11_g10_0,13.229104347949145,g11_g10
1002,38.0,veh_008,421.1724914552124,-1.6,14.184386131750792,-0.20788374528754616,g10_g20_0,13.972491455212419,g10_g20
1002,38.0,veh_009,798.4,395.5073497097747,13.825345712373151,0.08515481567010141,:g21_1_0,11.692650290225288,:g21_1
1002,38.0,veh_010,443.33389120409896,798.4,15.84690224773454,-0.09159351099282631,g12_g22_0,36.13389120409896,g12_g22
1002,38.0,veh_011,801.6,341.96695929294435,13.07743574199392,0.2986627980507919,g20_g21_0,338.76695929294436,g20_g21
1002,38.0,veh_012,312.3882196475141,398.4,11.981312218161465,0.15362104977015356,g01_g11_0,305.18821964751413,g01_g11
1002,38.0,veh_013,468.8406996733953,401.6,12.846481542698353,-0.4408053003950059,g21_g11_0,323.9593003266047,g21_g11
1002,38.0,veh_014,401.6,300.1058504900979,12.82000494486932,0.3488148319395261,g10_g11_0,292.9058504900979,g10_g11
1002,38.0,veh_015,398.4,504.52598656957355,12.570285938778879,-0.07313254925887946,g12_g11_0,288.27401343042646,g12_g11
1002,38.0,veh_016,325.01447231532404,-1.6,15.120468476373173,0.06868055812083185,g00_g10_0,321.81447231532405,g00_g10
1002,38.0,veh_017,798.4,537.6355040483796,12.999579831858561,0.04635805049445629,g22_g21_0,259.1644959516204,g22_g21
1002,38.0,veh_018,233.54260150403002,798.4,12.087862030410225,0.4089319002628322,g02_g12_0,230.34260150403003,g02_g12
1002,38.0,veh_019,801.6,269.93177019748265,14.785323727642023,0.49328812987077875,g20_g21_0,266.73177019748266,g20_g21
1002,38.0,veh_020,234.82152415019831,398.4,12.979355930896038,-0.010884593152439948,g01_g11_0,227.62152415019833,g01_g11
1002,38.0,veh_021,580.5950066779117,401.6,13.105381042104677,-0.0997176538640634,g21_g11_0,212.20499332208834,g21_g11
1002,38.0,veh_022,401.6,224.03427589441986,13.84577286446862,-0.5976524156844238,g10_g11_0,216.83427589441987,g10_g11
1002,38.0,veh_023,398.4,578.7122427341919,14.706555260217817,0.07462562718428778,g12_g11_0,214.08775726580808,g12_g11
1002,39.0,veh_000,519.5494400060089,-1.6,13.47261225941176,-0.08783750072121599,g10_g20_0,112.34944000600896,g10_g20
1002,39.0,veh_001,798.4,305.6331144946795,12.996455509095581,-0.31412858891766504,g21_g20_0,87.16688550532052,g21_g20
1002,39.0,veh_002,495.9044725453219,798.4,13.226969896566377,-0.5474515221873304,g12_g22_0,88.70447254532189,g12_g22
1002,39.0,veh_003,801.6,477.89640317637844,13.521882793424226,-0.01120836426503935,g21_g22_0,70.69640317637845,g21_g22
1002,39.0,veh_004,395.08467624151405,398.4,2.385883964227657,2.384452854720876,:g11_10_0,2.2846762415140347,:g11_10
1002,39.0,veh_005,387.2072506431447,401.6,9.435980987268195,2.4778307472541927,g11_g01_0,5.592749356855338,g11_g01
1002,39.0,veh_006,401.6,477.23410793369027,14.347398199549714,0.1080737341800706,g11_g12_0,70.0341079336903,g11_g12
1002,39.0,veh_007,398.4,365.82229813782453,13.748597514226356,0.483275524880737,g11_g10_0,26.9777018621755,g11_g10
1002,39.0,veh_008,435.0421681342512,-1.6,13.869676679038815,-0.3147094527119769,g10_g20_0,27.84216813425123,g10_g20
1002,39.0,veh_009,798.4,381.4879414960744,14.019408213700286,0.1940625013271351,g21_g20_0,11.312058503925575,g21_g20
1002,39.0,veh_010,459.4178693657917,798.4,16.08397816169279,0.23707591395825034,g12_g22_0,52.21786936579175,g12_g22
1002,39.0,veh_011,801.6,355.16430477283535,13.197345479891025,0.11990973789710502,g20_g21_0,351.96430477283536,g20_g21
1002,39.0,veh_012,324.65101778754183,398.4,12.262798140027725,0.28148592186625976,g01_g11_0,317.45101778754184,g01_g11
1002,39.0,veh_013,455.5960045924256,401.6,13.244695080969729,0.39821353827137607,g21_g11_0,337.20399540757444,g21_g11
1002,39.0,veh_014,401.6,312.2252481884016,12.119397698303686,-0.7006072465656334,g10_g11_0,305.02524818840163,g10_g11
1002,39.0,veh_015,398.4,491.45672251886447,13.06926405070907,0.4989781119301906,g12_g11_0,301.34327748113554,g12_g11
1002,39.0,veh_016,339.98261346341013,-1.6,14.968141148086106,-0.15232732828706652,g00_g10_0,336.78261346341014,g00_g10
1002,39.0,veh_017,798.4,524.8984556324808,12.737048415898741,-0.26253141595982044,g22_g21_0,271.90154436751914,g22_g21
1002,39.0,veh_018,245.18795238993164,798.4,11.645350885901617,-0.4425111445086074,g02_g12_0,241.98795238993165,g02_g12
1002,39.0,veh_019,801.6,284.4411678906788,14.50939769319615,-0.2759260344458738,g20_g21_0,281.2411678906788,g20_g21
1002,39.0,veh_020,248.2018280519541,398.4,13.380303901755743,0.4009479708597059,g01_g11_0,241.00182805195408,g01_g11
1002,39.0,veh_021,567.8247124781725,401.6,12.770294199739114,-0.33508684236556263,g21_g11_0,224.97528752182745,g21_g11
1002,39.0,veh_022,401.6,237.9144813352617,13.88020544084184,0.03443257637322006,g10_g11_0,230.71448133526172,g10_g11
1002,39.0,veh_023,398.4,564.1137158070867,14.598526927105219,-0.10802833311259796,g12_g11_0,228.6862841929133,g12_g11
1002,40.0,veh_000,532.6235995851375,-1.6,13.074159579128533,-0.398452680283226,g10_g20_0,125.4235995851375,g10_g20
1002,40.0,veh_001,798.4,292.60452013662723,13.028594358052255,0.03213884895667363,g21_g20_0,100.19547986337278,g21_g20
1002,40.0,veh_002,509.39981242259415,798.4,13.49533987727228,0.2683699807059021,g12_g22_0,102.19981242259416,g12_g22
1002,40.0,veh_003,801.6,490.9213510611835,13.024947884805075,-0.496934908619151,g21_g22_0,83.72135106118353,g21_g22
1002,40.0,veh_004,399.7372805043821,398.4,4.6526042628680875,2.2667202986404305,:g11_10_0,6.937280504382122,:g11_10
1002,40.0,veh_005,375.63489184219543,401.6,11.572358800949223,2.136377813681028,g11_g01_0,17.16510815780456,g11_g01
1002,40.0,veh_006,401.6,491.5809852823217,14.346877348631457,-0.000520850918256599,g11_g12_0,84.38098528232175,g11_g12
1002,40.0,veh_007,398.4,352.37275340028316,13.449544737541371,-0.2990527766849844,g11_g10_0,40.427246599716874,g11_g10
1002,40.0,veh_008,449.57450551967787,-1.6,14.532337385426649,0.6626607063878343,g10_g20_0,42.37450551967788,g10_g20
1002,40.0,veh_009,798.4,367.1962593091057,14.291682186968742,0.27227397326845626,g21_g20_0,25.60374069089432,g21_g20
1002,40.0,veh_010,475.8758585669297,798.4,16.45798920113797,0.374011039445179,g12_g22_0,68.67585856692972,g12_g22
1002,40.0,veh_011,801.6,367.7129479465796,12.548643173744292,-0.648702306146733,g20_g21_0,364.51294794657963,g20_g21
1002,40.0,veh_012,336.652666089366,398.4,12.001648301824162,-0.2611498382035631,g01_g11_0,329.452666089366,g01_g11
1002,40.0,veh_013,441.9970454999098,401.6,13.598959092515766,0.3542640115460376,g21_g11_0,350.8029545000902,g21_g11
1002,40.0,veh_014,401.6,324.39034578326164,12.165097594860011,0.045699896556325115,g10_g11_0,317.19034578326165,g10_g11
1002,40.0,veh_015,398.4,478.46703581294645,12.989686705918038,-0.07957734479103173,g12_g11_0,314.33296418705356,g12_g11
1002,40.0,veh_016,354.70073300525024,-1.6,14.718119541840098,-0.25002160624600833,g00_g10_0,351.50073300525025,g00_g10
1002,40.0,veh_017,798.4,512.1777582081311,12.72069742434977,-0.01635099154897013,g22_g21_0,284.62224179186893,g22_g21
1002,40.0,veh_018,257.27867038021645,798.4,12.090717990284801,0.44536710438318394,g02_g12_0,254.07867038021647,g02_g12
1002,40.0,veh_019,801.6,298.6945142396926,14.253346349013807,-0.25605134418234243,g20_g21_0,295.4945142396926,g20_g21
1002,40.0,veh_020,261.64075057123796,398.4,13.438922519283862,0.05861861752811848,g01_g11_0,254.44075057123794,g01_g11
1002,40.0,veh_021,554.5469903472709,401.6,13.277722130901642,0.5074279311625283,g21_g11_0,238.2530096527291,g21_g11
1002,40.0,veh_022,401.6,251.77895822039537,13.864476885133646,-0.015728555708193426,g10_g11_0,244.57895822039538,g10_g11
1002,40.0,veh_023,398.4,549.1205639423671,14.993151864719644,0.3946249376144255,g12_g11_0,243.67943605763293,g12_g11
1002,41.0,veh_000,546.2502753075134,-1.6,13.626675722376019,0.5525161432474857,g10_g20_0,139.05027530751352,g10_g20
1002,41.0,veh_001,798.4,279.3665584480071,13.237961688620166,0.20936733056791113,g21_g20_0,113.43344155199294,g21_g20
1002,41.0,veh_002,523.1823429307401,798.4,13.782530508145944,0.28719063087366514,g12_g22_0,115.9823429307401,g12_g22
1002,41.0,veh_003,801.6,504.46471692220314,13.543365861019625,0.5184179762145504,g21_g22_0,97.26471692220315,g21_g22
1002,41.0,veh_004,406.4080794983237,398.4,6.670798993941542,2.0181947310734545,:g11_10_0,13.608079498323665,:g11_10
1002,41.0,veh_005,362.30016853807075,401.6,13.334723304124678,1.762364503175455,g11_g01_0,30.49983146192924,g11_g01
1002,41.0,veh_006,401.6,506.13947972874723,14.558494446425536,0.211617097794079,g11_g12_0,98.93947972874729,g11_g12
1002,41.0,veh_007,398.4,338.556476364131,13.816277036152103,0.36673229861073153,g11_g10_0,54.243523635868975,g11_g10
1002,41.0,veh_008,464.1711203716494,-1.6,14.59661485197153,0.06427746654488153,g10_g20_0,56.97112037164941,g10_g20
1002,41.0,veh_009,798.4,353.3236820256682,13.872577283437483,-0.4191049035312595,g21_g20_0,39.476317974331806,g21_g20
1002,41.0,veh_010,492.2159482543946,798.4,16.340089687464932,-0.11789951367303786,g12_g22_0,85.01594825439466,g12_g22
1002,41.0,veh_011,801.6,381.0173554212123,13.304407474632697,0.755764300888405,g20_g21_0,377.8173554212123,g20_g21
1002,41.0,veh_012,348.83459948162175,398.4,12.181933392255733,0.18028509043157115,g01_g11_0,341.63459948162176,g01_g11
1002,41.0,veh_013,428.8170075273606,401.6,13.180037972549222,-0.41892111996654435,g21_g11_0,363.9829924726394,g21_g11
1002,41.0,veh_014,401.6,336.85960613988624,12.469260356624613,0.30416276176460144,g10_g11_0,329.65960613988625,g10_g11
1002,41.0,veh_015,398.4,465.6328020560466,12.83423375689982,-0.15545294901821727,g12_g11_0,327.1671979439534,g12_g11
1002,41.0,veh_016,370.118499742369,-1.6,15.417766737118765,0.6996471952786667,g00_g10_0,366.918499742369,g00_g10
1002,41.0,veh_017,798.4,499.62950658896585,12.548251619165226,-0.17244580518454455,g22_g21_0,297.17049341103416,g22_g21
1002,41.0,veh_018,269.334310811303,798.4,12.05564043108655,-0.03507755919825151,g02_g12_0,266.134310811303,g02_g12
1002,41.0,veh_019,801.6,313.49409440920715,14.79958016951459,0.5462338205007828,g20_g21_0,310.29409440920716,g20_g21
1002,41.0,veh_020,275.07138325677306,398.4,13.430632685535148,-0.00828983374871406,g01_g11_0,267.8713832567731,g01_g11
1002,41.0,veh_021,541.6122889197474,401.6,12.934701427523509,-0.3430207033781336,g21_g11_0,251.18771108025263,g21_g11
1002,41.0,veh_022,401.6,266.16490216200833,14.385943941612952,0.521467056479306,g10_g11_0,258.96490216200834,g10_g11
1002,41.0,veh_023,398.4,534.1616815392513,14.95888240311581,-0.03426946160383437,g12_g11_0,258.63831846074874,g12_g11
1002,42.0,veh_000,559.8561219666733,-1.6,13.605846659159795,-0.02082906321622424,g10_g20_0,152.6561219666733,g10_g20
1002,42.0,veh_001,798.4,265.9354795157486,13.431078932258428,0.19311724363826244,g21_g20_0,126.86452048425137,g21_g20
1002,42.0,veh_002,536.6284609352924,798.4,13.446118004552343,-0.33641250359360164,g12_g22_0,129.42846093529243,g12_g22
1002,42.0,veh_003,801.6,517.5441267360194,13.079409813816234,-0.463956047203391,g21_g22_0,110.34412673601938,g21_g22
1002,42.0,veh_004,415.2425777539557,398.4,8.834498255632031,2.163699261690489,g11_g21_0,8.042577753955696,g11_g21
1002,42.0,veh_005,349.0797778679937,401.6,13.220390670077071,-0.11433263404760652,g11_g01_0,43.72022213200631,g11_g01
1002,42.0,veh_006,401.6,520.4715779794053,14.332098250658088,-0.22639619576744785,g11_g12_0,113.27157797940538,g11_g12
1002,42.0,veh_007,398.4,324.99883657091544,13.557639793215575,-0.258637242936528,g11_g10_0,67.80116342908455,g11_g10
1002,42.0,veh_008,478.74956023549174,-1.6,14.578439863842354,-0.01817498812917684,g10_g20_0,71.54956023549177,g10_g20
1002,42.0,veh_009,798.4,339.4100633026593,13.9136187230089,0.04104143957141737,g21_g20_0,53.38993669734071,g21_g20
1002,42.0,veh_010,508.2302288695166,798.4,16.01428061512203,-0.3258090723429028,g12_g22_0,101.03022886951669,g12_g22
1002,42.0,veh_011,801.6,393.6241102465802,12.606754825367913,-0.6976526492647839,:g21_2_0,0.824110246580176,:g21_2
1002,42.0,veh_012,361.16418542516715,398.4,12.32958594354538,0.1476525512896476,g01_g11_0,353.96418542516716,g01_g11
1002,42.0,veh_013,417.3843828535821,401.6,11.432624673778474,-1.7474132987707485,g21_g11_0,375.4156171464179,g21_g11
1002,42.0,veh_014,401.6,349.4371855738862,12.577579433999958,0.10831907737534507,g10_g11_0,342.2371855738862,g10_g11
1002,42.0,veh_015,398.4,452.6962437350391,12.936558321007514,0.1023245641076933,g12_g11_0,340.1037562649609,g12_g11
1002,42.0,veh_016,385.0338610254557,-1.6,14.915361283086641,-0.5024054540321234,g00_g10_0,381.8338610254557,g00_g10
1002,42.0,veh_017,798.4,487.15842989066874,12.471076698297098,-0.07717492086812783,g22_g21_0,309.64157010933127,g22_g21
1002,42.0,veh_018,281.18749408305104,798.4,11.85318327174803,-0.20245715933852004,g02_g12_0,277.98749408305105,g02_g12
1002,42.0,veh_019,801.6,328.15948444686745,14.665390037660325,-0.13419013185426465,g20_g21_0,324.95948444686746,g20_g21
1002,42.0,veh_020,287.9068029453476,398.4,12.83541968857453,-0.5952129969606172,g01_g11_0,280.7068029453476,g01_g11
1002,42.0,veh_021,528.3413003055286,401.6,13.270988614218771,0.33628718669526236,g21_g11_0,264.4586996944714,g21_g11
1002,42.0,veh_022,401.6,279.9529765186651,13.788074356656745,-0.5978695849562072,g10_g11_0,272.7529765186651,g10_g11
1002,42.0,veh_023,398.4,519.5852607466697,14.576420792581581,-0.38246161053422867,g12_g11_0,273.2147392533303,g12_g11
1002,43.0,veh_000,573.3644138503473,-1.6,13.508291883674024,-0.0975547754857704,g10_g20_0,166.16441385034733,g10_g20
1002,43.0,veh_001,798.4,253.05834443453554,12.877135081213096,-0.5539438510453323,g21_g20_0,139.74165556546447,g21_g20
1002,43.0,veh_002,550.3478344787619,798.4,13.71937354346949,0.27325553891714804,g12_g22_0,143.14783447876192,g12_g22
1002,43.0,veh_003,801.6,530.6805839717073,13.136457235687919,0.05704742187168499,g21_g22_0,123.48058397170729,g21_g22
1002,43.0,veh_004,426.65516361237627,398.4,11.412585858420613,2.5780876027885817,g11_g21_0,19.45516361237631,g11_g21
1002,43.0,veh_005,336.0351201996563,401.6,13.044657668337354,-0.17573300173971695,g11_g01_0,56.764879800343664,g11_g01
1002,43.0,veh_006,401.6,535.3327166008426,14.8611386214372,0.5290403707791125,g11_g12_0,128.13271660084257,g11_g12
1002,43.0,veh_007,398.4,311.2218500366159,13.776986534299583,0.2193467410840082,g11_g10_0,81.57814996338413,g11_g10
1002,43.0,veh_008,492.6725946832971,-1.6,13.923034447805398,-0.655405416036956,g10_g20_0,85.47259468329716,g10_g20
1002,43.0,veh_009,798.4,325.55624945182234,13.853813850836946,-0.05980487217195396,g21_g20_0,67.24375054817766,g21_g20
1002,43.0,veh_010,523.0725058749227,798.4,14.84227700540607,-1.1720036097159596,g12_g22_0,115.87250587492277,g12_g22
1002,43.0,veh_011,801.6,406.60724157738167,12.983131330801495,0.3763765054335817,:g21_2_0,13.80724157738167,:g21_2
1002,43.0,veh_012,373.57154640072525,398.4,12.407360975558102,0.07777503201272218,g01_g11_0,366.37154640072526,g01_g11
1002,43.0,veh_013,410.38555802268144,401.6,6.998824830900689,-4.433799842877785,g21_g11_0,382.4144419773186,g21_g11
1002,43.0,veh_014,401.6,362.09824986116877,12.661064287282528,0.08348485328257027,g10_g11_0,354.8982498611688,g10_g11
1002,43.0,veh_015,398.4,440.06098895315404,12.635254781885058,-0.3013035391224559,g12_g11_0,352.739011046846,g12_g11
1002,43.0,veh_016,399.81664403217445,-1.6,14.782783006718784,-0.13257827636785713,:g10_4_0,7.01664403217444,:g10_4
1002,43.0,veh_017,798.4,474.4477270203916,12.710702870277151,0.23962617198005276,g22_g21_0,322.3522729796084,g22_g21
1002,43.0,veh_018,293.0420217052963,798.4,11.854527622245268,0.0013443504972379117,g02_g12_0,289.8420217052963,g02_g12
1002,43.0,veh_019,801.6,343.0475803507007,14.888095903833234,0.22270586617290888,g20_g21_0,339.8475803507007,g20_g21
1002,43.0,veh_020,300.6501261395045,398.4,12.743323194156893,-0.09209649441763723,g01_g11_0,293.4501261395045,g01_g11
1002,43.0,veh_021,515.6493596626683,401.6,12.69194064286025,-0.5790479713585217,g21_g11_0,277.15064033733165,g21_g11
1002,43.0,veh_022,401.6,294.09499085369504,14.142014335029982,0.3539399783732371,g10_g11_0,286.89499085369505,g10_g11
1002,43.0,veh_023,398.4,504.50943264566047,15.075828101009199,0.4994073084276174,g12_g11_0,288.29056735433954,g12_g11
1002,44.0,veh_000,586.8059215575767,-1.6,13.441507707229391,-0.0667841764446333,g10_g20_0,179.60592155757672,g10_g20
1002,44.0,veh_001,798.4,240.27059793716978,12.787746497365774,-0.08938858384732207,g21_g20_0,152.52940206283023,g21_g20
1002,44.0,veh_002,564.0999694230762,798.4,13.752134944314392,0.03276140084490109,g12_g22_0,156.8999694230763,g12_g22
1002,44.0,veh_003,801.6,543.878647334661,13.198063362953759,0.061606127265839916,g21_g22_0,136.67864733466104,g21_g22
1002,44.0,veh_004,439.62533414560426,398.4,12.97017053322798,1.5575846748073676,g11_g21_0,32.42533414560429,g11_g21
1002,44.0,veh_005,322.993409892453,401.6,13.041710307203362,-0.002947361133992743,g11_g01_0,69.80659010754702,g11_g01
1002,44.0,veh_006,401.6,550.0402664435073,14.70754984266481,-0.15358877877239152,g11_g12_0,142.84026644350737,g11_g12
1002,44.0,veh_007,398.4,297.9350806046074,13.286769432008521,-0.4902171022910622,g11_g10_0,94.86491939539266,g11_g10
1002,44.0,veh_008,506.7181670224644,-1.6,14.04557233916726,0.122537891361862,g10_g20_0,99.51816702246443,g10_g20
1002,44.0,veh_009,798.4,311.34912146196666,14.207127989855714,0.3533141390187673,g21_g20_0,81.45087853803338,g21_g20
1002,44.0,veh_010,537.8320730872288,798.4,14.75956721230607,-0.08270979309999937,g12_g22_0,130.63207308722883,g12_g22
1002,44.0,veh_011,801.6,419.495100471664,12.887858894282342,-0.09527243651915285,g21_g22_0,12.295100471664012,g21_g22
1002,44.0,veh_012,384.12208365218925,398.4,10.55053725146398,-1.8568237240941219,g01_g11_0,376.92208365218926,g01_g11
1002,44.0,veh_013,407.7458134236596,401.6,2.6397445990217956,-4.3590802318788935,g21_g11_0,385.0541865763404,g21_g11
1002,44.0,veh_014,401.6,374.8689169806681,12.770667119499297,0.10960283221676903,g10_g11_0,367.6689169806681,g10_g11
1002,44.0,veh_015,398.4,427.01816351103827,13.042825442115761,0.40757066023070365,g12_g11_0,365.78183648896174,g12_g11
1002,44.0,veh_016,414.56798223903974,-1.6,14.751338206865295,-0.0314447998534888,g10_g20_0,7.367982239039735,g10_g20
1002,44.0,veh_017,798.4,462.1203768621347,12.327350158256873,-0.38335271202027776,g22_g21_0,334.6796231378653,g22_g21
1002,44.0,veh_018,305.14069158807905,798.4,12.098669882782751,0.24414226053748322,g02_g12_0,301.94069158807906,g02_g12
1002,44.0,veh_019,801.6,357.5696330554846,14.522052704783926,-0.36604319904930804,g20_g21_0,354.3696330554846,g20_g21
1002,44.0,veh_020,313.9832921233933,398.4,13.333165983888813,0.5898427897319198,g01_g11_0,306.7832921233933,g01_g11
1002,44.0,veh_021,503.06478701714525,401.6,12.584572645523115,-0.10736799733713376,g21_g11_0,289.73521298285476,g21_g11
1002,44.0,veh_022,401.6,308.4713214078909,14.376330554195903,0.2343162191659207,g10_g11_0,301.2713214078909,g10_g11
1002,44.0,veh_023,398.4,489.349453966742,15.159978678918511,0.08415057790931257,g12_g11_0,303.45054603325804,g12_g11
1002,45.0,veh_000,600.4898364438106,-1.6,13.683914886233904,0.24240717900451259,g10_g20_0,193.28983644381063,g10_g20
1002,45.0,veh_001,798.4,227.1626795833429,13.107918353826866,0.3201718564610925,g21_g20_0,165.6373204166571,g21_g20
1002,45.0,veh_002,578.0220183081649,798.4,13.92204888508867,0.16991394077427735,g12_g22_0,170.82201830816496,g12_g22
1002,45.0,veh_003,801.6,557.2076743809387,13.329027046277695,0.1309636833239356,g21_g22_0,150.00767438093874,g21_g22
1002,45.0,veh_004,452.8444834785209,398.4,13.21914933291661,0.24897879968862924,g11_g21_0,45.6444834785209,g11_g21
1002,45.0,veh_005,309.911143367487,401.6,13.082266524966002,0.0405562177626404,g11_g01_0,82.88885663251303,g11_g01
1002,45.0,veh_006,401.6,564.8091122093438,14.768845765836375,0.06129592317156529,g11_g12_0,157.60911220934375,g11_g12
1002,45.0,veh_007,398.4,284.04953159875316,13.885549005854198,0.5987795738456771,g11_g10_0,108.75046840124686,g11_g10
1002,45.0,veh_008,521.183046070043,-1.6,14.464879047578574,0.41930670841131423,g10_g20_0,113.983046070043,g10_g20
1002,45.0,veh_009,798.4,297.15599405587227,14.193127406094343,-0.014000583761371033,g21_g20_0,95.64400594412773,g21_g20
1002,45.0,veh_010,552.756636393426,798.4,14.924563306197198,0.16499609389112813,g12_g22_0,145.55663639342603,g12_g22
1002,45.0,veh_011,801.6,432.38743046132765,12.892329989663647,0.00447109538130519,g21_g22_0,25.187430461327658,g21_g22
1002,45.0,veh_012,390.3746158603478,398.4,6.252532208158518,-4.298005043305462,g01_g11_0,383.1746158603478,g01_g11
1002,45.0,veh_013,407.3315149363792,401.6,0.41429848728040125,-2.225446111741394,g21_g11_0,385.4684850636208,g21_g11
1002,45.0,veh_014,401.6,387.4753067140422,12.60638973337412,-0.1642773861251765,g10_g11_0,380.2753067140422,g10_g11
1002,45.0,veh_015,398.4,414.07412045371393,12.94404305732435,-0.0987823847914111,g12_g11_0,378.7258795462861,g12_g11
1002,45.0,veh_016,429.2958769393494,-1.6,14.727894700309662,-0.02344350655563332,g10_g20_0,22.095876939349395,g10_g20
1002,45.0,veh_017,798.4,449.778535560125,12.341841302009694,0.01449114375282079,g22_g21_0,347.021464439875,g22_g21
1002,45.0,veh_018,317.2380616991115,798.4,12.097370111032406,-0.0012997717503449024,g02_g12_0,314.0380616991115,g02_g12
1002,45.0,veh_019,801.6,371.85227387344514,14.282640817960562,-0.23941188682336367,g20_g21_0,368.65227387344515,g20_g21
1002,45.0,veh_020,327.45282372001344,398.4,13.469531596620127,0.1363656127313142,g01_g11_0,320.25282372001345,g01_g11
1002,45.0,veh_021,490.068602186075,401.6,12.996184831070245,0.4116121855471295,g21_g11_0,302.731397813925,g21_g11
1002,45.0,veh_022,401.6,322.4237013919729,13.952379984081947,-0.42395057011395565,g10_g11_0,315.2237013919729,g10_g11
1002,45.0,veh_023,398.4,474.61067854571667,14.738775421025299,-0.4212032578932128,g12_g11_0,318.18932145428334,g12_g11
1002,46.0,veh_000,613.7263650321862,-1.6,13.236528588375583,-0.44738629785832096,g10_g20_0,206.52636503218622,g10_g20
1002,46.0,veh_001,798.4,213.81576047792103,13.346919105421879,0.23900075159501277,g21_g20_0,178.98423952207898,g21_g20
1002,46.0,veh_002,591.8249143168215,798.4,13.802896008656615,-0.11915287643205374,g12_g22_0,184.62491431682156,g12_g22
1002,46.0,veh_003,801.6,570.5883602945579,13.38068591361916,0.051658867341465964,g21_g22_0,163.3883602945579,g21_g22
1002,46.0,veh_004,466.0256216956667,398.4,13.181138217145822,-0.03801111577078764,g11_g21_0,58.82562169566672,g11_g21
1002,46.0,veh_005,297.11896703369433,401.6,12.792176333792636,-0.2900901911733662,g11_g01_0,95.68103296630566,g11_g01
1002,46.0,veh_006,401.6,579.305599173587,14.496486964243301,-0.27235880159307335,g11_g12_0,172.10559917358705,g11_g12
1002,46.0,veh_007,398.4,270.6339421142671,13.415589484486052,-0.4699595213681462,g11_g10_0,122.16605788573291,g11_g10
1002,46.0,veh_008,535.0889416934227,-1.6,13.90589562337976,-0.5589834241988143,g10_g20_0,127.88894169342277,g10_g20
1002,46.0,veh_009,798.4,283.04038539962505,14.115608656247264,-0.07751874984707818,g21_g20_0,109.75961460037499,g21_g20
1002,46.0,veh_010,567.3071070881302,798.4,14.550470694704263,-0.3740926114929355,g12_g22_0,160.1071070881303,g12_g22
1002,46.0,veh_011,801.6,444.99729568705004,12.609865225722404,-0.28246476394124365,g21_g22_0,37.79729568705006,g21_g22
1002,46.0,veh_012,392.3819580284764,398.4,2.007342168128611,-4.245190040029907,g01_g11_0,385.1819580284764,g01_g11
1002,46.0,veh_013,407.30818774880595,401.6,0.023327187573274205,-0.3909712997071271,g21_g11_0,385.49181225119406,g21_g11
1002,46.0,veh_014,401.6,400.2290341808629,12.753727466820742,0.14733773344662104,:g11_7_0,7.429034180862914,:g11_7
1002,46.0,veh_015,398.4,401.0158733371045,13.058247116609463,0.11420405928511279,:g11_1_0,6.184126662895494,:g11_1
1002,46.0,veh_016,444.3092685333099,-1.6,15.013391593960515,0.28549689365085307,g10_g20_0,37.10926853330991,g10_g20
1002,46.0,veh_017,798.4,436.8814770876002,12.897058472524792,0.5552171705150979,g22_g21_0,359.9185229123998,g22_g21
1002,46.0,veh_018,329.0676200371017,798.4,11.82955833799021,-0.2678117730421956,g02_g12_0,325.8676200371017,g02_g12
1002,46.0,veh_019,801.6,386.6120406665321,14.759766793086962,0.4771259751264001,g20_g21_0,383.4120406665321,g20_g21
1002,46.0,veh_020,340.942040436215,398.4,13.489216716201536,0.019685119581408728,g01_g11_0,333.742040436215,g01_g11
1002,46.0,veh_021,476.90895673007896,401.6,13.159645455996037,0.16346062492579172,g21_g11_0,315.89104326992106,g21_g11
1002,46.0,veh_022,401.6,336.8513408765127,14.427639484539853,0.47525950045790566,g10_g11_0,329.65134087651273,g10_g11
1002,46.0,veh_023,398.4,459.9500319604971,14.660646585219608,-0.07812883580569085,g12_g11_0,332.8499680395029,g12_g11
1002,47.0,veh_000,627.1279449930507,-1.6,13.401579960864543,0.16505137248896062,g10_g20_0,219.92794499305077,g10_g20
1002,47.0,veh_001,798.4,201.04330467143924,12.77245580648178,-0.5744632989400991,g21_g20_0,191.75669532856077,g21_g20
1002,47.0,veh_002,605.5999740352295,798.4,13.775059718407945,-0.02783629024867018,g12_g22_0,198.3999740352295,g12_g22
1002,47.0,veh_003,801.6,583.684399185207,13.09603889064914,-0.2846470229700202,g21_g22_0,176.48439918520705,g21_g22
1002,47.0,veh_004,479.0451775941284,398.4,13.019555898461737,-0.16158231868408457,g11_g21_0,71.84517759412846,g11_g21
1002,47.0,veh_005,284.15157805583317,401.6,12.96738897786116,0.17521264406852488,g11_g01_0,108.64842194416683,g11_g01
1002,47.0,veh_006,401.6,593.5284497199245,14.2228505463375,-0.2736364179058004,g11_g12_0,186.32844971992455,g11_g12
1002,47.0,veh_007,398.4,256.8094877490088,13.82445436525836,0.40886488077230787,g11_g10_0,135.99051225099126,g11_g10
1002,47.0,veh_008,548.9811505636636,-1.6,13.892208870240859,-0.013686753138900443,g10_g20_0,141.78115056366363,g10_g20
1002,47.0,veh_009,798.4,268.96836638171897,14.072019017906047,-0.043589638341217096,g21_g20_0,123.83163361828103,g21_g20
1002,47.0,veh_010,581.4026410888118,798.4,14.095534000681516,-0.45493669402274683,g12_g22_0,174.20264108881182,g12_g22
1002,47.0,veh_011,801.6,457.90176271096504,12.904467023915002,0.29460179819259835,g21_g22_0,50.70176271096506,g21_g22
1002,47.0,veh_012,392.6627443160391,398.4,0.2807862875627192,-1.7265558805658918,g01_g11_0,385.4627443160391,g01_g11
1002,47.0,veh_013,407.3021400776058,401.6,0.006047671200095985,-0.01727951637317822,g21_g11_0,385.4978599223942,g21_g11
1002,47.0,veh_014,401.6,412.8585858168556,12.629551635992716,-0.12417583082802608,g11_g12_0,5.658585816855629,g11_g12
1002,47.0,veh_015,398.4,388.40464209253395,12.611231244570561,-0.4470158720389019,g11_g10_0,4.395357907466055,g11_g10
1002,47.0,veh_016,459.1216536941681,-1.6,14.812385160858213,-0.20100643310230204,g10_g20_0,51.92165369416812,g10_g20
1002,47.0,veh_017,798.4,424.0893005402532,12.792176547347031,-0.10488192517776085,g22_g21_0,372.7106994597468,g22_g21
1002,47.0,veh_018,341.06568476000757,798.4,11.998064722905884,0.16850638491567338,g02_g12_0,337.8656847600076,g02_g12
1002,47.0,veh_019,801.6,400.8057054751163,14.193664808584215,-0.5661019845027475,:g21_2_0,8.005705475116315,:g21_2
1002,47.0,veh_020,354.11089929023643,398.4,13.168858854021439,-0.32035786218009754,g01_g11_0,346.91089929023644,g01_g11
1002,47.0,veh_021,463.7267645043065,401.6,13.182192225772418,0.02254676977638148,g21_g11_0,329.0732354956935,g21_g11
1002,47.0,veh_022,401.6,351.36629629023537,14.514955413722657,0.08731592918280384,g10_g11_0,344.1662962902354,g10_g11
1002,47.0,veh_023,398.4,444.9292543430248,15.020777617472293,0.36013103225268495,g12_g11_0,347.8707456569752,g12_g11
1002,48.0,veh_000,640.8743866360285,-1.6,13.746441642977803,0.34486168211325996,g10_g20_0,233.67438663602857,g10_g20
1002,48.0,veh_001,798.4,187.87362134082036,13.169683330618904,0.3972275241371239,g21_g20_0,204.92637865917968,g21_g20
1002,48.0,veh_002,619.3501793768789,798.4,13.750205341649496,-0.024854376758449703,g12_g22_0,212.15017937687898,g12_g22
1002,48.0,veh_003,801.6,597.1526261613321,13.468226976125075,0.3721880854759352,g21_g22_0,189.95262616133212,g21_g22
1002,48.0,veh_004,492.4884143342894,398.4,13.443236740160978,0.42368084169924103,g11_g21_0,85.28841433428944,g11_g21
1002,48.0,veh_005,270.8142080061348,401.6,13.337370049698407,0.3699810718372465,g11_g01_0,121.98579199386523,g11_g01
1002,48.0,veh_006,401.6,608.2465466995657,14.718096979641192,0.49524643330369145,g11_g12_0,201.04654669956574,g11_g12
1002,48.0,veh_007,398.4,243.0035660426496,13.805921706359157,-0.018532658899202303,g11_g10_0,149.79643395735042,g11_g10
1002,48.0,veh_008,563.2533226825094,-1.6,14.272172118845768,0.37996324860490915,g10_g20_0,156.0533226825094,g10_g20
1002,48.0,veh_009,798.4,254.72081167306573,14.247554708653249,0.17553569074720166,g21_g20_0,138.0791883269343,g21_g20
1002,48.0,veh_010,595.2283353553589,798.4,13.825694266547128,-0.2698397341343881,g12_g22_0,188.02833535535893,g12_g22
1002,48.0,veh_011,801.6,471.10023586823434,13.19847315726927,0.2940061333542676,g21_g22_0,63.90023586823433,g21_g22
1002,48.0,veh_012,392.6978397943664,398.4,0.03509547832733171,-0.24569080923538747,g01_g11_0,385.4978397943664,g01_g11
1002,48.0,veh_013,407.30111921199466,401.6,0.0010208656111723158,-0.005026805588923669,g21_g11_0,385.49888078800535,g21_g11
1002,48.0,veh_014,401.6,425.03637980611444,12.17779398925882,-0.4517576467338955,g11_g12_0,17.83637980611445,g11_g12
1002,48.0,veh_015,398.4,375.1762892586585,13.22835283387544,0.6171215893048796,g11_g10_0,17.623710741341498,g11_g10
1002,48.0,veh_016,473.81592153500094,-1.6,14.694267840832874,-0.11811732002533937,g10_g20_0,66.615921535001,g10_g20
1002,48.0,veh_017,798.4,411.53348282933445,12.555817710918769,-0.23635883642826272,g22_g21_0,385.26651717066557,g22_g21
1002,48.0,veh_018,353.280487806045,798.4,12.21480304603746,0.21673832313157604,g02_g12_0,350.080487806045,g02_g12
1002,48.0,veh_019,801.6,415.418214572628,14.612509097511717,0.41884428892750236,g21_g22_0,8.218214572628034,g21_g22
1002,48.0,veh_020,367.1644198847835,398.4,13.053520594547063,-0.1153382594743757,g01_g11_0,359.9644198847835,g01_g11
1002,48.0,veh_021,451.03327528378276,401.6,12.693489220523738,-0.4887030052486807,g21_g11_0,341.76672471621725,g21_g11
1002,48.0,veh_022,401.6,365.7058307621637,14.339534471928365,-0.17542094179429135,g10_g11_0,358.5058307621637,g10_g11
1002,48.0,veh_023,398.4,429.65809668378563,15.271157659239204,0.25038004176691153,g12_g11_0,363.1419033162144,g12_g11
1002,49.0,veh_000,653.9276310839607,-1.6,13.053244447932153,-0.6931971950456504,g10_g20_0,246.72763108396072,g10_g20
1002,49.0,veh_001,798.4,174.78037926856112,13.093242072259203,-0.07644125835970073,g21_g20_0,218.0196207314389,g21_g20
1002,49.0,veh_002,632.6217441249634,798.4,13.271564748084428,-0.4786405935650677,g12_g22_0,225.4217441249634,g12_g22
1002,49.0,veh_003,801.6,610.4215181148838,13.268891953551716,-0.19933502257335967,g21_g22_0,203.22151811488385,g21_g22
1002,49.0,veh_004,505.50148406712054,398.4,13.013069732831106,-0.4301670073298727,g11_g21_0,98.30148406712055,g11_g21
1002,49.0,veh_005,257.58576153805143,401.6,13.228446468083316,-0.10892358161509108,g11_g01_0,135.21423846194855,g11_g01
1002,49.0,veh_006,401.6,622.6311910842189,14.384644384653145,-0.3334525949880476,g11_g12_0,215.43119108421888,g11_g12
1002,49.0,veh_007,398.4,229.76133762903675,13.242228413612837,-0.5636932927463203,g11_g10_0,163.03866237096327,g11_g10
1002,49.0,veh_008,577.199093953487,-1.6,13.945771270977707,-0.32640084786806156,g10_g20_0,169.9990939534871,g10_g20
1002,49.0,veh_009,798.4,240.75057144883922,13.970240224226497,-0.27731448442675166,g21_g20_0,152.0494285511608,g21_g20
1002,49.0,veh_010,609.3541789158586,798.4,14.12584356049966,0.30014929395253276,g12_g22_0,202.1541789158586,g12_g22
1002,49.0,veh_011,801.6,484.19367191437584,13.093436046141521,-0.10503711112774816,g21_g22_0,76.99367191437585,g21_g22
1002,49.0,veh_012,392.6987489398887,398.4,0.0009091455222425947,-0.03418633280508911,g01_g11_0,385.4987489398887,g01_g11
1002,49.0,veh_013,407.30111921199466,401.6,0.0,-0.0010208656111723158,g21_g11_0,385.49888078800535,g21_g11
1002,49.0,veh_014,401.6,437.32891811237863,12.292538306264209,0.11474431700538901,g11_g12_0,30.12891811237866,g11_g12
1002,49.0,veh_015,398.4,362.6201376498701,12.556151608788394,-0.672201225087047,g11_g10_0,30.17986235012989,g11_g10
1002,49.0,veh_016,489.0596566968814,-1.6,15.243735161880432,0.5494673210475582,g10_g20_0,81.85965669688143,g10_g20
1002,49.0,veh_017,798.4,398.5910542950722,12.942428534262277,0.38661082334350816,:g21_1_0,8.608945704927805,:g21_1
1002,49.0,veh_018,365.12427557245877,798.4,11.84378776641378,-0.3710152796236805,g02_g12_0,361.9242755724588,g02_g12
1002,49.0,veh_019,801.6,430.0479983661518,14.629783793523744,0.017274696012027135,g21_g22_0,22.847998366151778,g21_g22
1002,49.0,veh_020,377.39549689078314,398.4,10.231077005999616,-2.822443588547447,g01_g11_0,370.19549689078315,g01_g11
1002,49.0,veh_021,438.2425474135564,401.6,12.790727870226368,0.0972386497026303,g21_g11_0,354.5574525864436,g21_g11
1002,49.0,veh_022,401.6,380.16275919967353,14.456928437509799,0.11739396558143333,g10_g11_0,372.96275919967354,g10_g11
1002,49.0,veh_023,398.4,414.5741543816666,15.083942302119056,-0.1872153571201487,g12_g11_0,378.22584561833344,g12_g11
1002,50.0,veh_000,667.0033403541906,-1.6,13.07570927023007,0.022464822297916243,g10_g20_0,259.80334035419077,g10_g20
1002,50.0,veh_001,798.4,161.6196643892075,13.160714879353659,0.06747280709445569,g21_g20_0,231.18033561079255,g21_g20
1002,50.0,veh_002,646.356429777608,798.4,13.734685652644629,0.46312090456020094,g12_g22_0,239.15642977760803,g12_g22
1002,50.0,veh_003,801.6,624.0027417563088,13.581223641424947,0.31233168787323073,g21_g22_0,216.8027417563088,g21_g22
1002,50.0,veh_004,518.8905171942629,398.4,13.389033127142362,0.37596339431125614,g11_g21_0,111.69051719426292,g11_g21
1002,50.0,veh_005,244.54914415023316,401.6,13.0366173878183,-0.19182908026501622,g11_g01_0,148.25085584976685,g11_g01
1002,50.0,veh_006,401.6,637.568721786412,14.937530702193104,0.5528863175399596,g11_g12_0,230.36872178641198,g11_g12
1002,50.0,veh_007,398.4,215.9226771114948,13.838660517541946,0.596432103929109,g11_g10_0,176.8773228885052,g11_g10
1002,50.0,veh_008,591.3338051887006,-1.6,14.134711235213466,0.1889399642357592,g10_g20_0,184.13380518870056,g10_g20
1002,50.0,veh_009,798.4,226.275423058234,14.475148390605233,0.5049081663787351,g21_g20_0,166.52457694176601,g21_g20
1002,50.0,veh_010,622.7498453601378,798.4,13.395666444279176,-0.7301771162204851,g12_g22_0,215.5498453601378,g12_g22
1002,50.0,veh_011,801.6,496.9584101141112,12.764738199735381,-0.32869784640613986,g21_g22_0,89.75841011411123,g21_g22
1002,50.0,veh_012,392.69893534754755,398.4,0.00018640765886103987,-0.0007227378633815548,g01_g11_0,385.49893534754756,g01_g11
1002,50.0,veh_013,407.30111921199466,401.6,0.0,0.0,g21_g11_0,385.49888078800535,g21_g11
1002,50.0,veh_014,401.6,449.94308510736107,12.614166994982401,0.3216286887181923,g11_g12_0,42.74308510736106,g11_g12
1002,50.0,veh_015,398.4,349.6583243906327,12.961813259237433,0.4056616504490389,g11_g10_0,43.141675609367326,g11_g10
1002,50.0,veh_016,503.82547844775365,-1.6,14.765821750872238,-0.47791341100819373,g10_g20_0,96.62547844775366,g10_g20
1002,50.0,veh_017,798.4,385.88883735348975,12.702216941582433,-0.24021159267984338,g21_g20_0,6.91116264651024,g21_g20
1002,50.0,veh_018,376.8135691377414,798.4,11.689293565282615,-0.15449420113116474,g02_g12_0,373.6135691377414,g02_g12
1002,50.0,veh_019,801.6,444.7176918260657,14.669693459913903,0.039909666390158804,g21_g22_0,37.51769182606568,g21_g22
1002,50.0,veh_020,383.12657389678276,398.4,5.731077005999616,-4.5,g01_g11_0,375.92657389678277,g01_g11
1002,50.0,veh_021,426.5890526873167,401.6,11.653494726239682,-1.1372331439866858,g21_g11_0,366.2109473126833,g21_g11
1002,50.0,veh_022,401.6,393.9383085474879,13.775549347814396,-0.6813790896954028,:g11_7_0,1.1383085474878953,:g11_7
1002,50.0,veh_023,398.4,399.6957574278677,14.878396953798898,-0.20554534832015747,:g11_1_0,7.504242572132284,:g11_1
1002,51.0,veh_000,680.758136848907,-1.6,13.754796494716354,0.6790872244862847,g10_g20_0,273.5581368489071,g10_g20
1002,51.0,veh_001,798.4,148.1926289854006,13.427035403806844,0.2663205244531852,g21_g20_0,244.6073710145994,g21_g20
1002,51.0,veh_002,659.7675790195344,798.4,13.411149241926402,-0.32353641071822636,g12_g22_0,252.56757901953443,g12_g22
1002,51.0,veh_003,801.6,637.7561854632063,13.753443706897594,0.17222006547264712,g21_g22_0,230.5561854632064,g21_g22
1002,51.0,veh_004,532.3504933778294,398.4,13.45997618356651,0.07094305642414866,g11_g21_0,125.15049337782943,g11_g21
1002,51.0,veh_005,231.38005473066508,401.6,13.169089419568085,0.13247203174978495,g11_g01_0,161.41994526933493,g11_g01
1002,51.0,veh_006,401.6,652.3587833302415,14.790061543829577,-0.1474691583635277,g11_g12_0,245.15878333024156,g11_g12
1002,51.0,veh_007,398.4,202.5245106260313,13.398166485463523,-0.44049403207842275,g11_g10_0,190.27548937396872,g11_g10
1002,51.0,veh_008,605.8322249771071,-1.6,14.498419788406602,0.36370855319313655,g10_g20_0,198.63222497710717,g10_g20
1002,51.0,veh_009,798.4,212.1623604216433,14.113062636590682,-0.3620857540145508,g21_g20_0,180.6376395783567,g21_g20
1002,51.0,veh_010,637.0313432876862,798.4,14.281497927548429,0.8858314832692535,g12_g22_0,229.83134328768622,g12_g22
1002,51.0,veh_011,801.6,510.11817621614983,13.159766102038645,0.3950279023032639,g21_g22_0,102.91817621614987,g21_g22
1002,51.0,veh_012,394.19233178605606,398.4,1.4933964385085379,1.4932100308496767,:g11_10_0,1.3923317860560473,:g11_10
1002,51.0,veh_013,405.7780620287609,401.6,1.5230571832337294,1.5230571832337294,:g11_4_0,1.4219379712390605,:g11_4
1002,51.0,veh_014,401.6,462.4750031507649,12.531918043403888,-0.08224895157851364,g11_g12_0,55.275003150764945,g11_g12
1002,51.0,veh_015,398.4,336.89769149038534,12.760632900247337,-0.20118035899009534,g11_g10_0,55.90230850961466,g11_g10
1002,51.0,veh_016,518.6857297629064,-1.6,14.860251315152674,0.09442956428043559,g10_g20_0,111.48572976290635,g10_g20
1002,51.0,veh_017,798.4,373.0610411945749,12.827796158914849,0.12557921733241528,g21_g20_0,19.73895880542509,g21_g20
1002,51.0,veh_018,388.72421137193834,798.4,11.910642234196903,0.22134866891428828,g02_g12_0,385.52421137193835,g02_g12
1002,51.0,veh_019,801.6,459.48958667071395,14.771894844648266,0.10220138473436258,g21_g22_0,52.289586670713945,g21_g22
1002,51.0,veh_020,385.0316316297439,398.4,1.9050577329611338,-3.826019273038482,g01_g11_0,377.8316316297439,g01_g11
1002,51.0,veh_021,418.86317636986456,401.6,7.725876317452162,-3.92761840878752,g21_g11_0,373.93682363013545,g21_g11
1002,51.0,veh_022,401.6,408.38092210242866,14.442613554940783,0.667064207126387,g11_g12_0,1.1809221024286778,g11_g12
1002,51.0,veh_023,398.4,385.072589085784,14.62316834208376,-0.2552286117151379,g11_g10_0,7.727410914216042,g11_g10
1002,52.0,veh_000,694.4324846984191,-1.6,13.674347849512047,-0.0804486452043065,g10_g20_0,287.23248469841917,g10_g20
1002,52.0,veh_001,798.4,135.26476035689302,12.927868628507609,-0.49916677529923525,g21_g20_0,257.535239643107,g21_g20
1002,52.0,veh_002,673.7083728288358,798.4,13.940793809301475,0.5296445673750725,g12_g22_0,266.5083728288359,g12_g22
1002,52.0,veh_003,801.6,650.8067197782323,13.05053431502594,-0.7029093918716534,g21_g22_0,243.60671977823233,g21_g22
1002,52.0,veh_004,545.6034117316173,398.4,13.25291835378787,-0.20705782977864118,g11_g21_0,138.4034117316173,g11_g21
1002,52.0,veh_005,217.96049218583667,401.6,13.419562544828409,0.2504731252603243,g11_g01_0,174.83950781416334,g11_g01
1002,52.0,veh_006,401.6,667.2712834931054,14.91250016286394,0.12243861903436404,g11_g12_0,260.0712834931055,g11_g12
1002,52.0,veh_007,398.4,188.54809581913045,13.9764148069008,0.5782483214372771,g11_g10_0,204.25190418086953,g11_g10
1002,52.0,veh_008,620.1436432800291,-1.6,14.31141830292195,-0.187001485484652,g10_g20_0,212.9436432800291,g10_g20
1002,52.0,veh_009,798.4,198.3032611490428,13.859099272600494,-0.25396336399018793,g21_g20_0,194.4967388509572,g21_g20
1002,52.0,veh_010,650.2114840043687,798.4,13.180140716682471,-1.1013572108659577,g12_g22_0,243.0114840043687,g12_g22
1002,52.0,veh_011,801.6,523.3262546838247,13.208078467674875,0.04831236563622987,g21_g22_0,116.12625468382475,g21_g22
1002,52.0,veh_012,397.87352885290727,398.4,3.6811970668512037,2.187800628342666,:g11_10_0,5.073528852907251,:g11_10
1002,52.0,veh_013,402.13506797378903,401.6,3.642994054971903,2.1199368717381732,:g11_4_0,5.064932026210963,:g11_4
1002,52.0,veh_014,401.6,474.71516130521064,12.240158154445702,-0.29175988895818605,g11_g12_0,67.51516130521065,g11_g12
1002,52.0,veh_015,398.4,324.3511678194391,12.546523670946234,-0.2141092293011031,g11_g10_0,68.4488321805609,g11_g10
1002,52.0,veh_016,534.1142504934869,-1.6,15.428520730580605,0.5682694154279311,g10_g20_0,126.91425049348695,g10_g20
1002,52.0,veh_017,798.4,360.61688034101724,12.444160853557683,-0.3836353053571653,g21_g20_0,32.183119658982775,g21_g20
1002,52.0,veh_018,400.85240788103977,798.4,12.128196509101445,0.2175542749045416,:g12_5_0,8.052407881039755,:g12_5
1002,52.0,veh_019,801.6,473.792096851107,14.302510180393071,-0.46938466425519465,g21_g22_0,66.59209685110702,g21_g22
1002,52.0,veh_020,386.45307015090174,398.4,1.4214385211578116,-0.48361921180332224,g01_g11_0,379.25307015090175,g01_g11
1002,52.0,veh_021,414.013010985699,401.6,4.850165384165557,-2.875710933286605,g21_g11_0,378.786989014301,g21_g11
1002,52.0,veh_022,401.6,422.47956276015185,14.098640657723173,-0.3439728972176095,g11_g12_0,15.279562760151851,g11_g12
1002,52.0,veh_023,398.4,370.2551035636236,14.817485522160375,0.1943171800766148,g11_g10_0,22.54489643637642,g11_g10
1002,53.0,veh_000,707.7573361934751,-1.6,13.324851495055988,-0.3494963544560594,g10_g20_0,300.5573361934752,g10_g20
1002,53.0,veh_001,798.4,122.34552375337302,12.919236603520007,-0.008632024987601739,g21_g20_0,270.454476246627,g21_g20
1002,53.0,veh_002,686.997247156723,798.4,13.288874327887104,-0.651919481414371,g12_g22_0,279.797247156723,g12_g22
1002,53.0,veh_003,801.6,664.0698091050624,13.263089326830155,0.21255501180421454,g21_g22_0,256.8698091050625,g21_g22
1002,53.0,veh_004,559.1772320125335,398.4,13.573820280916303,0.3209019271284337,g11_g21_0,151.9772320125336,g11_g21
1002,53.0,veh_005,205.01945394213487,401.6,12.94103824370181,-0.4785243011265994,g11_g01_0,187.78054605786514,g11_g01
1002,53.0,veh_006,401.6,682.1760914998194,14.904808006713935,-0.0076921561500054025,g11_g12_0,274.97609149981946,g11_g12
1002,53.0,veh_007,398.4,174.9650624336839,13.58303338544655,-0.3933814214542508,g11_g10_0,217.83493756631609,g11_g10
1002,53.0,veh_008,634.5195632342809,-1.6,14.37591995425187,0.0645016513299197,g10_g20_0,227.31956323428096,g10_g20
1002,53.0,veh_009,798.4,184.1051108019915,14.19815034705133,0.33905107445083615,g21_g20_0,208.69488919800852,g21_g20
1002,53.0,veh_010,664.2590343781972,798.4,14.047550373828606,0.8674096571461352,g12_g22_0,257.0590343781973,g12_g22
1002,53.0,veh_011,801.6,536.4779343111951,13.151679627370411,-0.05639884030446396,g21_g22_0,129.27793431119517,g21_g22
1002,53.0,veh_012,403.90846552939297,398.4,6.034936676485708,2.3537396096345047,:g11_10_0,11.108465529392959,:g11_10
1002,53.0,veh_013,396.60447728219305,401.6,5.530590691595979,1.887596636624076,:g11_4_0,10.595522717806942,:g11_4
1002,53.0,veh_014,401.6,486.8501540732375,12.13499276802689,-0.10516538641881112,g11_g12_0,79.65015407323754,g11_g12
1002,53.0,veh_015,398.4,311.36366062191655,12.987507197522545,0.4409835265763107,g11_g10_0,81.43633937808345,g11_g10
1002,53.0,veh_016,549.1307065491751,-1.6,15.016456055688142,-0.4120646748924628,g10_g20_0,141.93070654917508,g10_g20
1002,53.0,veh_017,798.4,347.6347988511251,12.98208148989214,0.5379206363344569,g21_g20_0,45.165201148874914,g21_g20
1002,53.0,veh_018,412.71255124875586,798.4,11.860143367716129,-0.268053141385316,g12_g22_0,5.512551248755882,g12_g22
1002,53.0,veh_019,801.6,488.0898763138206,14.297779462713585,-0.004730717679485963,g21_g22_0,80.8898763138206,g21_g22
1002,53.0,veh_020,390.2323796347652,398.4,3.7793094838634915,2.3578709627056798,g01_g11_0,383.0323796347652,g01_g11
1002,53.0,veh_021,409.6766242425835,401.6,4.336386743115506,-0.5137786410500507,g21_g11_0,383.1233757574165,g21_g11
1002,53.0,veh_022,401.6,436.92012860372864,14.44056584357679,0.34192518585361675,g11_g12_0,29.72012860372864,g11_g12
1002,53.0,veh_023,398.4,355.1228306037756,15.132272959848002,0.3147874376876274,g11_g10_0,37.67716939622442,g11_g10
1002,54.0,veh_000,721.3965151375567,-1.6,13.639178944081575,0.31432744902558696,g10_g20_0,314.19651513755673,g10_g20
1002,54.0,veh_001,798.4,108.91928797097495,13.42623578239804,0.5069991788780328,g21_g20_0,283.88071202902506,g21_g20
1002,54.0,veh_002,700.7230137730676,798.4,13.725766616344707,0.436892288457603,g12_g22_0,293.5230137730677,g12_g22
1002,54.0,veh_003,801.6,677.5232698701109,13.453460765048437,0.19037143821828195,g21_g22_0,270.3232698701109,g21_g22
1002,54.0,veh_004,572.1913738550835,398.4,13.014141842549913,-0.5596784383663902,g11_g21_0,164.9913738550835,g11_g21
1002,54.0,veh_005,192.16755561493406,401.6,12.851898327200802,-0.08913991650100783,g11_g01_0,200.63244438506595,g11_g01
1002,54.0,veh_006,401.6,696.8987384500595,14.722646950240085,-0.18216105647385028,g11_g12_0,289.6987384500595,g11_g12
1002,54.0,veh_007,398.4,161.40724017029197,13.557822263391943,-0.02521112205460696,g11_g10_0,231.39275982970804,g11_g10
1002,54.0,veh_008,648.6914082694534,-1.6,14.17184503517244,-0.20407491907942976,g10_g20_0,241.49140826945342,g10_g20
1002,54.0,veh_009,798.4,169.8927581066157,14.212352695375799,0.014202348324468872,g21_g20_0,222.9072418933843,g21_g20
1002,54.0,veh_010,677.520379726163,798.4,13.261345347965806,-0.7862050258628006,g12_g22_0,270.3203797261631,g12_g22
1002,54.0,veh_011,801.6,549.7058373593363,13.227903048141249,0.07622342077083744,g21_g22_0,142.50583735933643,g21_g22
1002,54.0,veh_012,412.51564569979513,398.4,8.607180170402176,2.572243493916467,g11_g21_0,5.315645699795132,g11_g21
1002,54.0,veh_013,388.7379624904151,401.6,7.866514791777997,2.3359241001820186,g11_g01_0,4.062037509584938,g11_g01
1002,54.0,veh_014,401.6,498.9361913595508,12.086037286313253,-0.04895548171363728,g11_g12_0,91.7361913595508,g11_g12
1002,54.0,veh_015,398.4,298.7950893241565,12.568571297760107,-0.41893589976243817,g11_g10_0,94.00491067584355,g11_g10
1002,54.0,veh_016,564.1646855532474,-1.6,15.033979004072426,0.017522948384284476,g10_g20_0,156.9646855532475,g10_g20
1002,54.0,veh_017,798.4,335.142016892323,12.492781958802066,-0.48929953109007407,g21_g20_0,57.65798310767698,g21_g20
1002,54.0,veh_018,424.7036259314563,798.4,11.991074682700464,0.13093131498433586,g12_g22_0,17.503625931456348,g12_g22
1002,54.0,veh_019,801.6,502.6167543389275,14.526878025106923,0.2290985623933377,g21_g22_0,95.41675433892752,g21_g22
1002,54.0,veh_020,395.78399912333816,398.4,5.551619488572955,1.7723100047094635,:g11_10_0,2.983999123338151,:g11_10
1002,54.0,veh_021,404.2636338678212,401.6,5.4129903747622805,1.0766036316467744,:g11_4_0,2.9363661321787617,:g11_4
1002,54.0,veh_022,401.6,450.9049126874575,13.984784083728902,-0.4557817598478877,g11_g12_0,43.70491268745754,g11_g12
1002,54.0,veh_023,398.4,340.2401702628219,14.882660340953686,-0.24961261889431618,g11_g10_0,52.559829737178106,g11_g10
1002,55.0,veh_000,735.0825972008279,-1.6,13.68608206327124,0.04690311918966472,g10_g20_0,327.88259720082795,g10_g20
1002,55.0,veh_001,798.4,95.63195341083667,13.287334560138301,-0.13890122225973833,g21_g20_0,297.16804658916334,g21_g20
1002,55.0,veh_002,714.3328181573311,798.4,13.609804384263487,-0.1159622320812197,g12_g22_0,307.1328181573312,g12_g22
1002,55.0,veh_003,801.6,691.2450146688359,13.721744798725046,0.26828403367660947,g21_g22_0,284.04501466883596,g21_g22
1002,55.0,veh_004,585.7793971386575,398.4,13.588023283574044,0.5738814410241311,g11_g21_0,178.57939713865755,g11_g21
1002,55.0,veh_005,179.18243842308837,401.6,12.98511719184568,0.13321886464487775,g11_g01_0,213.61756157691164,g11_g01
1002,55.0,veh_006,401.6,711.1389776233999,14.240239173340449,-0.48240777689963643,g11_g12_0,303.9389776234,g11_g12
1002,55.0,veh_007,398.4,147.69134895743628,13.71589121285572,0.15806894946377703,g11_g10_0,245.10865104256376,g11_g10
1002,55.0,veh_008,662.615764119055,-1.6,13.924355849601701,-0.24748918557073907,g10_g20_0,255.41576411905513,g10_g20
1002,55.0,veh_009,798.4,155.96054271900022,13.932215387615495,-0.2801373077603042,g21_g20_0,236.8394572809998,g21_g20
1002,55.0,veh_010,691.5143868237203,798.4,13.994007097557349,0.7326617495915428,g12_g22_0,284.31438682372044,g12_g22
1002,55.0,veh_011,801.6,562.4604188140692,12.754581454732776,-0.4733215934084729,g21_g22_0,155.2604188140692,g21_g22
1002,55.0,veh_012,423.172136494685,398.4,10.656490794889873,2.0493106244876973,g11_g21_0,15.972136494685005,g11_g21
1002,55.0,veh_013,379.01082376854976,401.6,9.72713872186531,1.8606239300873133,g11_g01_0,13.789176231450249,g11_g01
1002,55.0,veh_014,401.6,511.55025868121544,12.614067321664656,0.5280300353514029,g11_g12_0,104.35025868121545,g11_g12
1002,55.0,veh_015,398.4,285.8426280034256,12.952461320730844,0.3838900229707374,g11_g10_0,106.9573719965744,g11_g10
1002,55.0,veh_016,579.0713713344147,-1.6,14.90668578116729,-0.127293222905136,g10_g20_0,171.8713713344148,g10_g20
1002,55.0,veh_017,798.4,322.7694006818983,12.372616210424736,-0.12016574837732996,g21_g20_0,70.03059931810172,g21_g20
1002,55.0,veh_018,436.83566916524774,798.4,12.132043233791382,0.14096855109091777,g12_g22_0,29.63566916524773,g12_g22
1002,55.0,veh_019,801.6,516.7903942506236,14.173639911696153,-0.3532381134107698,g21_g22_0,109.59039425062367,g21_g22
1002,55.0,veh_020,403.45938089356457,398.4,7.675381770226426,2.1237622816534714,:g11_10_0,10.659380893564578,:g11_10
1002,55.0,veh_021,396.3691547763775,401.6,7.894479091443744,2.481488716681463,:g11_4_0,10.830845223622505,:g11_4
1002,55.0,veh_022,401.6,465.05357354971176,14.148660862254204,0.16387677852530125,g11_g12_0,57.85357354971175,g11_g12
1002,55.0,veh_023,398.4,325.2280374940344,15.012132768787511,0.12947242783382507,g11_g10_0,67.57196250596562,g11_g10
1002,56.0,veh_000,748.1873803913732,-1.6,13.1047831905452,-0.5812988727260393,g10_g20_0,340.98738039137316,g10_g20
1002,56.0,veh_001,798.4,82.77874570482749,12.853207706009165,-0.4341268541291363,g21_g20_0,310.0212542951725,g21_g20
1002,56.0,veh_002,728.3234125135004,798.4,13.990594356169247,0.3807899719057595,g12_g22_0,321.12341251350045,g12_g22
1002,56.0,veh_003,801.6,704.643871818565,13.39885714972908,-0.322887648995966,g21_g22_0,297.443871818565,g21_g22
1002,56.0,veh_004,599.3683541554462,398.4,13.588957016788669,0.0009337332146248656,g11_g21_0,192.16835415544622,g11_g21
1002,56.0,veh_005,166.13948443228236,401.6,13.042953990806023,0.057836798960343216,g11_g01_0,226.66051556771765,g11_g01
1002,56.0,veh_006,401.6,725.3072777916849,14.168300168284985,-0.07193900505546402,g11_g12_0,318.10727779168496,g11_g12
1002,56.0,veh_007,398.4,133.97645719842598,13.714891759010287,-0.0009994538454325408,g11_g10_0,258.82354280157404,g11_g10
1002,56.0,veh_008,676.6374987722602,-1.6,14.021734653205051,0.09737880360335005,g10_g20_0,269.4374987722602,g10_g20
1002,56.0,veh_009,798.4,141.7241596220761,14.23638309692417,0.3041677093086754,g21_g20_0,251.07584037792395,g21_g20
1002,56.0,veh_010,705.3047073489905,798.4,13.79032052527014,-0.203686572287209,g12_g22_0,298.1047073489906,g12_g22
1002,56.0,veh_011,801.6,575.2631927514299,12.802773937360705,0.04819248262792897,g21_g22_0,168.0631927514299,g21_g22
1002,56.0,veh_012,435.2705764368849,398.4,12.098439942199901,1.4419491473100283,g11_g21_0,28.070576436884906,g11_g21
1002,56.0,veh_013,367.44839363463547,401.6,11.562430133914283,1.8352914120489725,g11_g01_0,25.351606365364532,g11_g01
1002,56.0,veh_014,401.6,524.2154769051103,12.665218223894948,0.05115090223029206,g11_g12_0,117.0154769051104,g11_g12
1002,56.0,veh_015,398.4,272.94283565118974,12.899792352235862,-0.05266896849498259,g11_g10_0,119.85716434881026,g11_g10
1002,56.0,veh_016,593.9222467413603,-1.6,14.850875406945525,-0.05581037422176571,g10_g20_0,186.72224674136032,g10_g20
1002,56.0,veh_017,798.4,309.79790205270973,12.97149862918856,0.5988824187638233,g21_g20_0,83.00209794729028,g21_g20
1002,56.0,veh_018,448.83595213714676,798.4,12.000282971899042,-0.13176026189234058,g12_g22_0,41.635952137146774,g12_g22
1002,56.0,veh_019,801.6,531.5771172573441,14.786723006720493,0.61308309502434,g21_g22_0,124.37711725734417,g21_g22
1002,56.0,veh_020,413.4849787528683,398.4,10.02559785930372,2.3502160890772927,g11_g21_0,6.284978752868296,g11_g21
1002,56.0,veh_021,386.96782441156375,401.6,9.401330364813752,1.5068512733700086,g11_g01_0,5.832175588436256,g11_g01
1002,56.0,veh_022,401.6,478.9871263444702,13.933552794758455,-0.2151080674957484,g11_g12_0,71.78712634447021,g11_g12
1002,56.0,veh_023,398.4,310.2345336715661,14.99350382246829,-0.01862894631922174,g11_g10_0,82.5654663284339,g11_g10
1002,57.0,veh_000,761.4229013729797,-1.6,13.235520981606602,0.13073779106140115,g10_g20_0,354.2229013729798,g10_g20
1002,57.0,veh_001,798.4,69.5180448226887,13.260700882138812,0.40749317612964653,g21_g20_0,323.2819551773113,g21_g20
1002,57.0,veh_002,741.8036914095493,798.4,13.480278896048919,-0.5103154601203279,g12_g22_0,334.60369140954936,g12_g22
1002,57.0,veh_003,801.6,718.152681864997,13.508810046432115,0.10995289670303521,g21_g22_0,310.95268186499715,g21_g22
1002,57.0,veh_004,612.8581799095832,398.4,13.489825754137025,-0.09913126265164429,g11_g21_0,205.65817990958325,g11_g21
1002,57.0,veh_005,153.35253222304613,401.6,12.786952209236228,-0.25600178156979503,g11_g01_0,239.44746777695389,g11_g01
1002,57.0,veh_006,401.6,739.8365377146632,14.529259922978305,0.36095975469332053,g11_g12_0,332.6365377146633,g11_g12
1002,57.0,veh_007,398.4,120.15900650849431,13.817450689931654,0.10255893092136681,g11_g10_0,272.6409934915057,g11_g10
1002,57.0,veh_008,690.693019002076,-1.6,14.055520229815878,0.033785576610826595,g10_g20_0,283.4930190020761,g10_g20
1002,57.0,veh_009,798.4,127.86120237798985,13.862957244086198,-0.3734258528379719,g21_g20_0,264.93879762201016,g21_g20
1002,57.0,veh_010,719.3204326032269,798.4,14.015725254236456,0.22540472896631591,g12_g22_0,312.120432603227,g12_g22
1002,57.0,veh_011,801.6,588.3512796833741,13.088086931944215,0.28531299458351,g21_g22_0,181.15127968337413,g21_g22
1002,57.0,veh_012,447.42361335155033,398.4,12.153036914665417,0.0545969724655162,g11_g21_0,40.22361335155033,g11_g21
1002,57.0,veh_013,354.61188931771017,401.6,12.836504316925318,1.2740741830110345,g11_g01_0,38.188110682289846,g11_g01
1002,57.0,veh_014,401.6,536.5286309871879,12.313154082077558,-0.3520641418173902,g11_g12_0,129.32863098718795,g11_g12
1002,57.0,veh_015,398.4,260.38200572931646,12.560829921873273,-0.33896243036258866,g11_g10_0,132.41799427068352,g11_g10
1002,57.0,veh_016,608.8394291396362,-1.6,14.917182398275873,0.06630699133034845,g10_g20_0,201.6394291396362,g10_g20
1002,57.0,veh_017,798.4,296.86627657891387,12.931625473795854,-0.03987315539270497,g21_g20_0,95.93372342108614,g21_g20
1002,57.0,veh_018,460.8291019194989,798.4,11.993149782352166,-0.007133189546875585,g12_g22_0,53.629101919498936,g12_g22
1002,57.0,veh_019,801.6,546.1806824929373,14.603565235593194,-0.18315777112729847,g21_g22_0,138.98068249293738,g21_g22
1002,57.0,veh_020,425.6348244917442,398.4,12.149845738875932,2.124247879572213,g11_g21_0,18.43482449174423,g11_g21
1002,57.0,veh_021,375.46289011683393,401.6,11.504934294729829,2.1036039299160763,g11_g01_0,17.337109883166086,g11_g01
1002,57.0,veh_022,401.6,493.43625666324897,14.44913031877879,0.5155775240203351,g11_g12_0,86.236256663249,g11_g12
1002,57.0,veh_023,398.4,295.4155133419798,14.819020329586298,-0.1744834928819916,g11_g10_0,97.3844866580202,g11_g10
1002,58.0,veh_000,775.1744168390901,-1.6,13.751515466110355,0.5159944845037536,g10_g20_0,367.9744168390901,g10_g20
1002,58.0,veh_001,798.4,56.376408361765925,13.141636460922786,-0.11906442121602545,g21_g20_0,336.4235916382341,g21_g20
1002,58.0,veh_002,755.1985486685111,798.4,13.39485725896179,-0.08542163708712813,g12_g22_0,347.99854866851115,g12_g22
1002,58.0,veh_003,801.6,731.3803463204105,13.227664455413393,-0.2811455910187224,g21_g22_0,324.18034632041054,g21_g22
1002,58.0,veh_004,626.4503841072603,398.4,13.592204197677098,0.10237844354007386,g11_g21_0,219.25038410726034,g11_g21
1002,58.0,veh_005,140.1928947792446,401.6,13.159637443801516,0.3726852345652887,g11_g01_0,252.60710522075541,g11_g01
1002,58.0,veh_006,401.6,754.4230734572384,14.58653574257514,0.057275819596835476,g11_g12_0,347.22307345723846,g11_g12
1002,58.0,veh_007,398.4,106.21451004786536,13.944496460628951,0.12704577069729694,g11_g10_0,286.58548995213465,g11_g10
1002,58.0,veh_008,705.0804334160566,-1.6,14.387414413980581,0.3318941841647032,g10_g20_0,297.8804334160567,g10_g20
1002,58.0,veh_009,798.4,114.09166887044614,13.769533507543734,-0.09342373654246394,g21_g20_0,278.70833112955387,g21_g20
1002,58.0,veh_010,733.0080605602864,798.4,13.687627957059341,-0.32809729717711456,g12_g22_0,325.8080605602864,g12_g22
1002,58.0,veh_011,801.6,601.0259100113824,12.674630328008295,-0.41345660393592,g21_g22_0,193.82591001138243,g21_g22
1002,58.0,veh_012,459.6866704682601,398.4,12.263057116709815,0.11002020204439766,g11_g21_0,52.486670468260144,g11_g21
1002,58.0,veh_013,341.26038028334267,401.6,13.351509034367524,0.5150047174422063,g11_g01_0,51.53961971665737,g11_g01
1002,58.0,veh_014,401.6,548.8589785585776,12.330347571389751,0.017193489312193222,g11_g12_0,141.6589785585777,g11_g12
1002,58.0,veh_015,398.4,247.58247679755908,12.799528931757422,0.23869900988414905,g11_g10_0,145.21752320244093,g11_g10
1002,58.0,veh_016,624.274788631403,-1.6,15.435359491766832,0.5181770934909586,g10_g20_0,217.07478863140304,g10_g20
1002,58.0,veh_017,798.4,284.55114109682665,12.315135482087195,-0.6164899917086597,g21_g20_0,108.24885890317334,g21_g20
1002,58.0,veh_018,472.63472559835543,798.4,11.805623678856545,-0.18752610349562104,g12_g22_0,65.43472559835548,g12_g22
1002,58.0,veh_019,801.6,560.714108374608,14.533425881670626,-0.07013935392256876,g21_g22_0,153.514108374608,g21_g22
1002,58.0,veh_020,438.17466761838347,398.4,12.539843126639237,0.38999738776330517,g11_g21_0,30.974667618383467,g11_g21
1002,58.0,veh_021,362.5512747383603,401.6,12.911615378473616,1.4066810837437878,g11_g01_0,30.248725261639702,g11_g01
1002,58.0,veh_022,401.6,507.52864628690605,14.092389623657093,-0.35674069512169737,g11_g12_0,100.32864628690609,g11_g12
1002,58.0,veh_023,398.4,280.4275106438815,14.988002698098377,0.16898236851207926,g11_g10_0,112.37248935611856,g11_g10
1002,59.0,veh_000,787.8972999200694,-1.6,12.722883080979388,-1.028632385130967,g10_g20_0,380.6972999200695,g10_g20
1002,59.0,veh_001,798.4,43.46433844064853,12.912069921117403,-0.22956653980538277,g21_g20_0,349.3356615593515,g21_g20
1002,59.0,veh_002,769.017216500777,798.4,13.818667832265863,0.42381057330407224,g12_g22_0,361.817216500777,g12_g22
1002,59.0,veh_003,801.6,744.6287569884255,13.248410668015055,0.02074621260166154,g21_g22_0,337.42875698842556,g21_g22
1002,59.0,veh_004,639.2935846331571,398.4,12.843200525896869,-0.7490036717802298,g11_g21_0,232.0935846331572,g11_g21
1002,59.0,veh_005,127.2349921698729,401.6,12.957902609371708,-0.20173483442980888,g11_g01_0,265.5650078301271,g11_g01
1002,59.0,veh_006,401.6,768.8167407435644,14.393667286326014,-0.1928684562491263,g11_g12_0,361.6167407435645,g11_g12
1002,59.0,veh_007,398.4,92.65296871252264,13.561541335342707,-0.3829551252862444,g11_g10_0,300.1470312874774,g11_g10
1002,59.0,veh_008,719.5872437713933,-1.6,14.506810355336778,0.11939594135619735,g10_g20_0,312.38724377139346,g10_g20
1002,59.0,veh_009,798.4,99.75720472194507,14.334464148501052,0.5649306409573178,g21_g20_0,293.04279527805494,g21_g20
1002,59.0,veh_010,746.6978241210578,798.4,13.689763560771505,0.002135603712163814,g12_g22_0,339.4978241210579,g12_g22
1002,59.0,veh_011,801.6,613.7748180376161,12.748908026233636,0.07427769822534103,g21_g22_0,206.57481803761607,g21_g22
1002,59.0,veh_012,471.40567740299156,398.4,11.719006934731432,-0.544050181978383,g11_g21_0,64.20567740299157,g11_g21
1002,59.0,veh_013,327.66126714773543,401.6,13.599113135607228,0.24760410123970367,g11_g01_0,65.1387328522646,g11_g01
1002,59.0,veh_014,401.6,561.5230725015253,12.664093942947687,0.3337463715579361,g11_g12_0,154.3230725015254,g11_g12
1002,59.0,veh_015,398.4,234.324383722523,13.258093075036058,0.45856414327863604,g11_g10_0,158.475616277477,g11_g10
1002,59.0,veh_016,639.2819246934146,-1.6,15.007136062011524,-0.4282234297553078,g10_g20_0,232.08192469341455,g10_g20
1002,59.0,veh_017,798.4,271.995720731285,12.555420365541638,0.24028488345444288,g21_g20_0,120.80427926871498,g21_g20
1002,59.0,veh_018,484.20885432663437,798.4,11.574128728278929,-0.23149495057761627,g12_g22_0,77.0088543266344,g12_g22
1002,59.0,veh_019,801.6,575.5881688935208,14.874060518912808,0.34063463724218224,g21_g22_0,168.38816889352083,g21_g22
1002,59.0,veh_020,450.99183474771536,398.4,12.817167129331931,0.2773240026926942,g11_g21_0,43.7918347477154,g11_g21
1002,59.0,veh_021,349.9034916359164,401.6,12.647783102443904,-0.2638322760297118,g11_g01_0,42.89650836408361,g11_g01
1002,59.0,veh_022,401.6,521.4568846493099,13.92823836240381,-0.1641512612532825,g11_g12_0,114.25688464930991,g11_g12
1002,59.0,veh_023,398.4,265.1534846725246,15.274025971356847,0.2860232732584702,g11_g10_0,127.64651532747541,g11_g10
1002,60.0,veh_000,796.7577440299792,-1.6,8.860444109909746,-3.8624389710696416,g10_g20_0,389.55774402997923,g10_g20
1002,60.0,veh_001,798.4,30.06484956605277,13.39948887459574,0.4874189534783362,g21_g20_0,362.73515043394724,g21_g20
1002,60.0,veh_002,782.0752419814651,798.4,13.05802548068818,-0.7606423515776832,g12_g22_0,374.8752419814652,g12_g22
1002,60.0,veh_003,801.6,758.368735768609,13.739978780183517,0.4915681121684621,g21_g22_0,351.16873576860905,g21_g22
1002,60.0,veh_004,652.4608344960482,398.4,13.167249862890936,0.3240493369940669,g11_g21_0,245.26083449604815,g11_g21
1002,60.0,veh_005,114.04215236925415,401.6,13.192839800618717,0.23493719124700974,g11_g01_0,278.75784763074586,g11_g01
1002,60.0,veh_006,401.6,783.3545169782394,14.537776234675036,0.14410894834902166,g11_g12_0,376.15451697823954,g11_g12
1002,60.0,veh_007,398.4,78.96457987509359,13.688388837429018,0.1268475020863118,g11_g10_0,313.8354201249064,g11_g10
1002,60.0,veh_008,733.5490713879931,-1.6,13.961827616599761,-0.5449827387370174,g10_g20_0,326.3490713879932,g10_g20
1002,60.0,veh_009,798.4,85.32380607260262,14.433398649342477,0.09893450084142508,g21_g20_0,307.4761939273974,g21_g20
1002,60.0,veh_010,760.2396167946217,798.4,13.541792673563855,-0.1479708872076504,g12_g22_0,353.03961679462174,g12_g22
1002,60.0,veh_011,801.6,626.5224797549231,12.747661717307144,-0.0012463089264915794,g21_g22_0,219.32247975492322,g21_g22
1002,60.0,veh_012,483.17569784213407,398.4,11.770020439142526,0.051013504411093535,g11_g21_0,75.9756978421341,g11_g21
1002,60.0,veh_013,314.0526896499763,401.6,13.608577497759148,0.009464362151920369,g11_g01_0,78.74731035002374,g11_g01
1002,60.0,veh_014,401.6,573.991727192891,12.468654691365549,-0.1954392515821386,g11_g12_0,166.79172719289093,g11_g12
1002,60.0,veh_015,398.4,221.24533867719282,13.079045045330176,-0.17904802970588207,g11_g10_0,171.5546613228072,g11_g10
1002,60.0,veh_016,654.160500056467,-1.6,14.878575363052478,-0.12856069895904554,g10_g20_0,246.96050005646703,g10_g20
1002,60.0,veh_017,798.4,259.16660260740775,12.829118123877258,0.2736977583356204,g21_g20_0,133.63339739259223,g21_g20
1002,60.0,veh_018,496.2575109571998,798.4,12.048656630565429,0.4745279022864999,g12_g22_0,89.05751095719984,g12_g22
1002,60.0,veh_019,801.6,590.336686424788,14.748517531267204,-0.1255429876456038,g21_g22_0,183.13668642478802,g21_g22
1002,60.0,veh_020,462.6138829015804,398.4,11.622048153865025,-1.1951189754669063,g11_g21_0,55.41388290158042,g11_g21
1002,60.0,veh_021,337.16074624874454,401.6,12.742745387171857,0.0949622847279521,g11_g01_0,55.63925375125547,g11_g01
1002,60.0,veh_022,401.6,535.8235492807364,14.36666463142656,0.4384262690227487,g11_g12_0,128.62354928073648,g11_g12
1002,60.0,veh_023,398.4,250.1143352451823,15.039149427342297,-0.2348765440145506,g11_g10_0,142.6856647548177,g11_g10
1002,61.0,veh_000,801.3397608370577,1.3783258594041423,5.9423752650728145,-2.918068844836932,:g20_1_0,5.900119295052036,:g20_1
1002,61.0,veh_001,798.4,17.353163174033227,12.711686392019539,-0.6878024825762008,g21_g20_0,375.4468368259668,g21_g20
1002,61.0,veh_002,791.4195945119297,798.4,9.34435253046463,-3.7136729502235504,g12_g22_0,384.2195945119298,g12_g22
1002,61.0,veh_003,801.6,771.7080503223006,13.33931455369158,-0.4006642264919371,g21_g22_0,364.5080503223006,g21_g22
1002,61.0,veh_004,665.7448425740963,398.4,13.284008078048252,0.11675821515731677,g11_g21_0,258.5448425740964,g11_g21
1002,61.0,veh_005,100.8675633293928,401.6,13.174589039861353,-0.01825076075736476,g11_g01_0,291.9324366706072,g11_g01
1002,61.0,veh_007,398.4,65.56363189171947,13.400947983374142,-0.28744085405487674,g11_g10_0,327.23636810828054,g11_g10
1002,61.0,veh_008,747.7192085682893,-1.6,14.170137180296145,0.20830956369638365,g10_g20_0,340.51920856828934,g10_g20
1002,61.0,veh_009,798.4,71.02830547561354,14.295500596989065,-0.13789805235341213,g21_g20_0,321.7716945243865,g21_g20
1002,61.0,veh_010,773.0749685379217,798.4,12.835351743300086,-0.7064409302637689,g12_g22_0,365.8749685379218,g12_g22
1002,61.0,veh_011,801.6,639.2031489070744,12.680669152151182,-0.06699256515596197,g21_g22_0,232.0031489070744,g21_g22
1002,61.0,veh_012,495.62874799320764,398.4,12.453050151073539,0.6830297119310131,g11_g21_0,88.42874799320764,g11_g21
1002,61.0,veh_013,301.0536148926729,401.6,12.999074757303356,-0.6095027404557918,g11_g01_0,91.7463851073271,g11_g01
1002,61.0,veh_014,401.6,586.2251476854533,12.233420492562468,-0.23523419880308083,g11_g12_0,179.0251476854534,g11_g12
1002,61.0,veh_015,398.4,208.2150251463575,13.03031353083531,-0.048731514494866346,g11_g10_0,184.5849748536425,g11_g10
1002,61.0,veh_016,669.5704703202223,-1.6,15.40997026375535,0.5313949007028711,g10_g20_0,262.37047032022235,g10_g20
1002,61.0,veh_017,798.4,246.2153495706597,12.951253036748081,0.12213491287082334,g21_g20_0,146.58465042934031,g21_g20
1002,61.0,veh_018,507.8683986120408,798.4,11.610887654840962,-0.4377689757244667,g12_g22_0,100.6683986120408,g12_g22
1002,61.0,veh_019,801.6,605.0257057849427,14.689019360154704,-0.059498171112499776,g21_g22_0,197.82570578494273,g21_g22
1002,61.0,veh_020,474.6245180009901,398.4,12.01063509940974,0.3885869455447146,g11_g21_0,67.42451800099016,g11_g21
1002,61.0,veh_021,323.89094475652894,401.6,13.269801492215596,0.527056105043739,g11_g01_0,68.90905524347106,g11_g01
1002,61.0,veh_022,401.6,549.9189477094739,14.09539842873741,-0.2712662026891497,g11_g12_0,142.7189477094739,g11_g12
1002,61.0,veh_023,398.4,235.63771120941672,14.476624035765589,-0.5625253915767079,g11_g10_0,157.1622887905833,g11_g10
1002,62.0,veh_000,801.6,7.131906862932755,5.771787567880719,-0.17058769719209543,g20_g21_0,3.9319068629327543,g20_g21
1002,62.0,veh_001,798.4,8.470920564027551,8.882242610005699,-3.82944378201384,g21_g20_0,384.32907943597246,g21_g20
1002,62.0,veh_002,796.2639470423944,798.4,4.844352530464629,-4.5,g12_g22_0,389.06394704239443,g12_g22
1002,62.0,veh_003,801.6,785.1799135704305,13.471863248129882,0.1325486944383023,g21_g22_0,377.9799135704305,g21_g22
1002,62.0,veh_004,678.7161478280018,398.4,12.97130525390549,-0.31270282414276274,g11_g21_0,271.51614782800186,g11_g21
1002,62.0,veh_005,87.41042650862278,401.6,13.457136820769996,0.28254778090864363,g11_g01_0,305.38957349137723,g11_g01
1002,62.0,veh_007,398.4,52.14434701132325,13.419284880396233,0.018336897022091847,g11_g10_0,340.65565298867676,g11_g10
1002,62.0,veh_008,761.9988736916964,-1.6,14.27966512340717,0.10952794311102565,g10_g20_0,354.7988736916965,g10_g20
1002,62.0,veh_009,798.4,56.92310385855876,14.10520161705476,-0.19029897993430467,g21_g20_0,335.87689614144125,g21_g20
1002,62.0,veh_010,782.1546827317316,798.4,9.079714193809886,-3.7556375494901992,g12_g22_0,374.9546827317317,g12_g22
1002,62.0,veh_011,801.6,652.2974760031253,13.094327096050927,0.41365794389974475,g21_g22_0,245.09747600312534,g21_g22
1002,62.0,veh_012,507.8973175847812,398.4,12.268569591573604,-0.18448055949993503,g11_g21_0,100.69731758478125,g11_g21
1002,62.0,veh_013,287.69558287221747,401.6,13.358032020455472,0.3589572631521154,g11_g01_0,105.10441712778257,g11_g01
1002,62.0,veh_014,401.6,599.0481062171572,12.822958531703803,0.5895380391413347,g11_g12_0,191.84810621715718,g11_g12
1002,62.0,veh_015,398.4,195.0539980179023,13.161027128455215,0.13071359761990564,g11_g10_0,197.7460019820977,g11_g10
1002,62.0,veh_016,684.9499944492464,-1.6,15.379524129024176,-0.030446134731173302,g10_g20_0,277.7499944492465,g10_g20
1002,62.0,veh_017,798.4,233.79992071713724,12.41542885352245,-0.5358241832256319,g21_g20_0,159.00007928286277,g21_g20
1002,62.0,veh_018,519.9395632672447,798.4,12.071164655203948,0.4602770003629857,g12_g22_0,112.73956326724475,g12_g22
1002,62.0,veh_019,801.6,619.3365755023766,14.310869717433887,-0.3781496427208175,g21_g22_0,212.13657550237662,g21_g22
1002,62.0,veh_020,487.3248310221162,398.4,12.700313021126032,0.6896779217162923,g11_g21_0,80.1248310221162,g11_g21
1002,62.0,veh_021,310.64954516983045,401.6,13.241399586698503,-0.028401905517092985,g11_g01_0,82.15045483016956,g11_g01
1002,62.0,veh_022,401.6,564.4383277008034,14.5193799913295,0.42398156259208974,g11_g12_0,157.23832770080338,g11_g12
1002,62.0,veh_023,398.4,221.5339590230982,14.103752186318522,-0.3728718494470673,g11_g10_0,171.26604097690182,g11_g10
1002,63.0,veh_000,801.6,15.339510994269794,8.207604131337039,2.43581656345632,g20_g21_0,12.139510994269793,g20_g21
1002,63.0,veh_001,798.4,3.315209091217241,5.155711472810306,-3.7265311371953933,g21_g20_0,389.48479090878277,g21_g20
1002,63.0,veh_002,798.4,796.4292067087723,3.486846248833202,-1.3575062816314274,g22_g21_0,0.37079329122762594,g22_g21
1002,63.0,veh_003,801.6,795.6228828408085,10.442969270378136,-3.0288939777517463,g21_g22_0,388.4228828408086,g21_g22
1002,63.0,veh_004,692.197643302131,398.4,13.481495474129229,0.5101902202237394,g11_g21_0,284.9976433021311,g11_g21
1002,63.0,veh_005,74.63386785164982,401.6,12.776558656972961,-0.6805781637970352,g11_g01_0,318.1661321483502,g11_g01
1002,63.0,veh_007,398.4,38.68327490197953,13.461072109343739,0.04178722894750564,g11_g10_0,354.1167250980205,g11_g10
1002,63.0,veh_008,776.1051820572364,-1.6,14.10630836554002,-0.17335675786715044,g10_g20_0,368.9051820572365,g10_g20
1002,63.0,veh_009,798.4,43.18540515075085,13.737698707807928,-0.3675029092468325,g21_g20_0,349.61459484924916,g21_g20
1002,63.0,veh_010,787.8779665331621,798.4,5.723283801430479,-3.3564303923794077,g12_g22_0,380.67796653316213,g12_g22
1002,63.0,veh_011,801.6,665.546984564721,13.249508561595665,0.15518146554473766,g21_g22_0,258.346984564721,g21_g22
1002,63.0,veh_012,520.1459566803439,398.4,12.248639095562675,-0.019930496010928778,g11_g21_0,112.94595668034393,g11_g21
1002,63.0,veh_013,274.1917094484751,401.6,13.503873423742377,0.1458414032869051,g11_g01_0,118.60829055152495,g11_g01
1002,63.0,veh_014,401.6,611.5862189451457,12.538112727988514,-0.2848458037152888,g11_g12_0,204.38621894514569,g11_g12
1002,63.0,veh_015,398.4,182.09524962555972,12.958748392342576,-0.20227873611263902,g11_g10_0,210.7047503744403,g11_g10
1002,63.0,veh_016,699.9364704619807,-1.6,14.986476012734165,-0.3930481162900108,g10_g20_0,292.7364704619807,g10_g20
1002,63.0,veh_017,798.4,221.2696560812424,12.530264635894843,0.11483578237239378,g21_g20_0,171.5303439187576,g21_g20
1002,63.0,veh_018,532.01058877175,798.4,12.071025504505279,-0.00013915069866854424,g12_g22_0,124.81058877175002,g12_g22
1002,63.0,veh_019,801.6,633.5012541768182,14.1646786744416,-0.14619104299228702,g21_g22_0,226.30125417681822,g21_g22
1002,63.0,veh_020,499.6088369406599,398.4,12.284005918543727,-0.4163071025823051,g11_g21_0,92.40883694065992,g11_g21
1002,63.0,veh_021,297.5830290490758,401.6,13.066516120754644,-0.17488346594385895,g11_g01_0,95.2169709509242,g11_g01
1002,63.0,veh_022,401.6,578.7220390703385,14.283711369535178,-0.23566862179432135,g11_g12_0,171.52203907033856,g11_g12
1002,63.0,veh_023,398.4,207.53145782399574,14.002501199102467,-0.10125098721605497,g11_g10_0,185.26854217600427,g11_g10
1002,64.0,veh_000,801.6,25.91941627361073,10.579905279340936,2.3723011480038974,g20_g21_0,22.71941627361073,g20_g21
1002,64.0,veh_001,795.9288806965366,1.6,3.5663283946806192,-1.5893830781296865,g20_g10_0,0.871119303463372,g20_g10
1002,64.0,veh_002,798.4,791.0454088706621,5.383797838110216,1.8969515892770143,g22_g21_0,5.754591129337842,g22_g21
1002,64.0,veh_003,799.6316928799145,800.8609842720513,5.942969270378136,-4.5,:g22_0_0,4.765852111186689,:g22_0
1002,64.0,veh_004,705.6888643049224,398.4,13.491221002791322,0.009725528662093197,g11_g21_0,298.48886430492246,g11_g21
1002,64.0,veh_005,61.187682367660386,401.6,13.446185483989433,0.6696268270164722,g11_g01_0,331.6123176323396,g11_g01
1002,64.0,veh_007,398.4,24.88830583471122,13.794969067268328,0.33389695792458873,g11_g10_0,367.9116941652888,g11_g10
1002,64.0,veh_008,788.4424003638089,-1.6,12.337218306572556,-1.769090058967464,g10_g20_0,381.24240036380905,g10_g20
1002,64.0,veh_009,798.4,29.030751012765904,14.154654137984968,0.4169554301770404,g21_g20_0,363.7692489872341,g21_g20
1002,64.0,veh_010,792.0414944525675,798.4,4.163527919405393,-1.5597558820250859,g12_g22_0,384.84149445256753,g12_g22
1002,64.0,veh_011,801.6,678.3221010905315,12.775116525810533,-0.4743920357851312,g21_g22_0,271.12210109053154,g21_g22
1002,64.0,veh_012,532.350448640715,398.4,12.204491960371078,-0.04414713519159719,g11_g21_0,125.150448640715,g11_g21
1002,64.0,veh_013,261.12430156204323,401.6,13.067407886431798,-0.43646553731057836,g11_g01_0,131.67569843795675,g11_g01
1002,64.0,veh_014,401.6,623.7372912088987,12.151072263753044,-0.38704046423547034,g11_g12_0,216.53729120889872,g11_g12
1002,64.0,veh_015,398.4,168.90674514325133,13.188504482308389,0.22975608996581265,g11_g10_0,223.89325485674868,g11_g10
1002,64.0,veh_016,715.2257539797013,-1.6,15.289283517720579,0.3028075049864132,g10_g20_0,308.0257539797013,g10_g20
1002,64.0,veh_017,798.4,208.7120196525403,12.557636428702086,0.027371792807242556,g21_g20_0,184.0879803474597,g21_g20
1002,64.0,veh_018,544.0497228978488,798.4,12.039134126098842,-0.03189137840643674,g12_g22_0,136.84972289784886,g12_g22
1002,64.0,veh_019,801.6,648.3371256183816,14.835871441563429,0.6711927671218287,g21_g22_0,241.13712561838165,g21_g22
1002,64.0,veh_020,512.0754881901025,398.4,12.46665124944258,0.18264533089885227,g11_g21_0,104.8754881901025,g11_g21
1002,64.0,veh_021,284.54161443620467,401.6,13.041414612871126,-0.025101507883517726,g11_g01_0,108.25838556379533,g11_g01
1002,64.0,veh_022,401.6,592.6319471475191,13.90990807718061,-0.3738032923545678,g11_g12_0,185.43194714751917,g11_g12
1002,64.0,veh_023,398.4,193.34287137931554,14.18858644468021,0.1860852455777433,g11_g10_0,199.45712862068447,g11_g10
1002,65.0,veh_000,801.6,38.69022571777816,12.770809444167433,2.190904164826497,g20_g21_0,35.49022571777816,g20_g21
1002,65.0,veh_001,790.2767395574555,1.6,5.652141139081083,2.0858127444004637,g20_g10_0,6.523260442544455,g20_g10
1002,65.0,veh_002,798.4,783.2735509418425,7.771857928819695,2.3880600907094784,g22_g21_0,13.526449058157537,g22_g21
1002,65.0,veh_003,794.4675006238216,801.6,5.30664726499167,-0.6363220053864653,g22_g12_0,2.33249937617836,g22_g12
1002,65.0,veh_004,719.1256891585375,398.4,13.43682485361515,-0.054396149176172415,g11_g21_0,311.9256891585376,g11_g21
1002,65.0,veh_005,48.34758027604147,401.6,12.840102091618942,-0.6060833923704916,g11_g01_0,344.45241972395854,g11_g01
1002,65.0,veh_007,398.4,10.982907944531519,13.905397890179673,0.11042882291134504,g11_g10_0,381.8170920554685,g11_g10
1002,65.0,veh_008,796.3662447339808,-1.6,7.9238443701718255,-4.41337393640073,g10_g20_0,389.1662447339809,g10_g20
1002,65.0,veh_009,798.4,17.785774230198285,11.24497678256764,-2.909677355417328,g21_g20_0,375.0142257698017,g21_g20
1002,65.0,veh_010,796.6592743523838,798.4,4.617779899816291,0.4542519804108984,g12_g22_0,389.45927435238383,g12_g22
1002,65.0,veh_011,801.6,691.6108292887602,13.288728198228725,0.5136116724181914,g21_g22_0,284.4108292887603,g21_g22
1002,65.0,veh_012,544.2127304835121,398.4,11.862281842797229,-0.342210117573849,g11_g21_0,137.01273048351223,g11_g21
1002,65.0,veh_013,247.95267235408082,401.6,13.171629207962438,0.10422132153063934,g11_g01_0,144.8473276459192,g11_g01
1002,65.0,veh_014,401.6,636.4635278807021,12.726236671803521,0.5751644080504779,g11_g12_0,229.26352788070224,g11_g12
1002,65.0,veh_015,398.4,155.75540145201313,13.151343691238187,-0.03716079107020143,g11_g10_0,237.04459854798688,g11_g10
1002,65.0,veh_016,730.6815714456328,-1.6,15.455817465931577,0.16653394821099887,g10_g20_0,323.4815714456329,g10_g20
1002,65.0,veh_017,798.4,196.4703344514538,12.241685201086499,-0.3159512276155869,g21_g20_0,196.32966554854622,g21_g20
1002,65.0,veh_018,555.9726638525387,798.4,11.922940954689885,-0.11619317140895724,g12_g22_0,148.77266385253876,g12_g22
1002,65.0,veh_019,801.6,662.5708718092571,14.233746190875607,-0.6021252506878216,g21_g22_0,255.37087180925727,g21_g22
1002,65.0,veh_020,524.1027674615809,398.4,12.027279271478417,-0.4393719779641625,g11_g21_0,116.90276746158092,g11_g21
1002,65.0,veh_021,271.8040055036457,401.6,12.73760893255891,-0.303805680312216,g11_g01_0,120.99599449635424,g11_g01
1002,65.0,veh_022,401.6,606.4871240828587,13.855176935339571,-0.05473114184103878,g11_g12_0,199.28712408285872,g11_g12
1002,65.0,veh_023,398.4,179.34756189630386,13.995309483011674,-0.19327696166853592,g11_g10_0,213.45243810369615,g11_g10
1002,66.0,veh_000,801.6,51.72757399498893,13.037348277210764,0.2665388330433309,g20_g21_0,48.52757399498893,g20_g21
1002,66.0,veh_001,782.1659629455189,1.6,8.110776611936613,2.45863547285553,g20_g10_0,14.634037054481068,g20_g10
1002,66.0,veh_002,798.4,773.2017139683115,10.071836973530912,2.2999790447112174,g22_g21_0,23.59828603168845,g22_g21
1002,66.0,veh_003,786.8683734139861,801.6,7.59912720983547,2.2924799448438,g22_g12_0,9.93162658601383,g22_g12
1002,66.0,veh_004,732.2669180545298,398.4,13.141228895992286,-0.2955959576228633,g11_g21_0,325.0669180545299,g11_g21
1002,66.0,veh_005,35.085174844471794,401.6,13.262405431569682,0.42230333995074076,g11_g01_0,357.7148251555282,g11_g01
1002,66.0,veh_008,801.1534592068504,0.8557653447506758,5.767987479726598,-2.1558568904452278,:g20_1_0,5.334232213707423,:g20_1
1002,66.0,veh_009,798.4,8.763367393601357,9.02240683659693,-2.22256994597071,g21_g20_0,384.03663260639865,g21_g20
1002,66.0,veh_010,798.4,795.5205467966144,4.000178851001746,-0.6176010488145449,g22_g21_0,1.2794532033855557,g22_g21
1002,66.0,veh_011,801.6,704.8831567622976,13.272327473537386,-0.016400724691338908,g21_g22_0,297.68315676229764,g21_g22
1002,66.0,veh_012,556.3324721563645,398.4,12.119741672852241,0.25745983005501216,g11_g21_0,149.13247215636446,g11_g21
1002,66.0,veh_013,234.37944769968357,401.6,13.573224654397242,0.40159544643480416,g11_g01_0,158.42055230031644,g11_g01
1002,66.0,veh_014,401.6,648.8213437702257,12.357815889523366,-0.36842078228015573,g11_g12_0,241.62134377022562,g11_g12
1002,66.0,veh_015,398.4,143.02222003684454,12.733181415168554,-0.4181622760696335,g11_g10_0,249.77777996315544,g11_g10
1002,66.0,veh_016,745.6713157228432,-1.6,14.989744277210376,-0.46607318872120196,g10_g20_0,338.47131572284326,g10_g20
1002,66.0,veh_017,798.4,184.23931748312953,12.231016968324244,-0.010668232762254704,g21_g20_0,208.56068251687046,g21_g20
1002,66.0,veh_018,567.6000998091947,798.4,11.627435956656019,-0.29550499803386643,g12_g22_0,160.40009980919478,g12_g22
1002,66.0,veh_019,801.6,677.4861627739862,14.91529096472899,0.6815447738533837,g21_g22_0,270.28616277398623,g21_g22
1002,66.0,veh_020,535.7262313743738,398.4,11.623463912792946,-0.40381535868547047,g11_g21_0,128.52623137437388,g11_g21
1002,66.0,veh_021,258.53530062005495,401.6,13.268704883590802,0.531095951031892,g11_g01_0,134.26469937994506,g11_g01
1002,66.0,veh_022,401.6,620.8149553781816,14.32783129532285,0.4726543599832791,g11_g12_0,213.61495537818158,g11_g12
1002,66.0,veh_023,398.4,166.00527086840697,13.342291027896884,-0.6530184551147897,g11_g10_0,226.79472913159304,g11_g10
1002,67.0,veh_000,801.6,64.97864397566293,13.251069980673998,0.21372170346323394,g20_g21_0,61.77864397566292,g20_g21
1002,67.0,veh_001,771.5104113648324,1.6,10.655551580686456,2.5447749687498433,g20_g10_0,25.289588635167526,g20_g10
1002,67.0,veh_002,798.4,761.0792045066192,12.122509461692275,2.0506724881613625,g22_g21_0,35.72079549338072,g22_g21
1002,67.0,veh_003,777.3056595595831,801.6,9.56271385440302,1.9635866445675498,g22_g12_0,19.49434044041685,g22_g12
1002,67.0,veh_004,745.8092682101891,398.4,13.542350155659266,0.4011212596669793,g11_g21_0,338.60926821018916,g11_g21
1002,67.0,veh_005,21.989395489348965,401.6,13.095779355122836,-0.16662607644684613,g11_g01_0,370.81060451065105,g11_g01
1002,67.0,veh_008,801.6,6.988638605327874,6.194406391620451,0.42641891189385284,g20_g21_0,3.7886386053278738,g20_g21
1002,67.0,veh_009,798.4,3.9664148633833634,4.79695253021797,-4.2254543063789605,g21_g20_0,388.83358513661665,g21_g20
1002,67.0,veh_010,798.4,789.1884664230498,6.332080373564586,2.3319015225628394,g22_g21_0,7.6115335769501415,g22_g21
1002,67.0,veh_011,801.6,717.5285958365757,12.6454390742782,-0.6268883992591867,g21_g22_0,310.32859583657586,g21_g22
1002,67.0,veh_012,568.1922648452978,398.4,11.859792688933366,-0.2599489839188749,g11_g21_0,160.99226484529783,g11_g21
1002,67.0,veh_013,221.21483890039994,401.6,13.164608799283638,-0.4086158551136041,g11_g01_0,171.58516109960007,g11_g01
1002,67.0,veh_014,401.6,661.3170810621568,12.495737291931176,0.1379214024078106,g11_g12_0,254.11708106215679,g11_g12
1002,67.0,veh_015,398.4,130.38254971470673,12.63967032213787,-0.09351109303068306,g11_g10_0,262.4174502852933,g11_g10
1002,67.0,veh_016,760.3869410396003,-1.6,14.715625316757178,-0.2741189604531975,g10_g20_0,353.1869410396004,g10_g20
1002,67.0,veh_017,798.4,171.85481575885993,12.384501724269636,0.15348475594539224,g21_g20_0,220.94518424114008,g21_g20
1002,67.0,veh_018,579.3569186491843,798.4,11.756818839989618,0.1293828833335997,g12_g22_0,172.1569186491844,g12_g22
1002,67.0,veh_019,801.6,691.9087427854535,14.422580011467288,-0.4927109532617031,g21_g22_0,284.7087427854535,g21_g22
1002,67.0,veh_020,548.0797329628286,398.4,12.353501588454813,0.7300376756618672,g11_g21_0,140.87973296282868,g11_g21
1002,67.0,veh_021,245.23359018068447,401.6,13.301710439370476,0.03300555577967401,g11_g01_0,147.56640981931554,g11_g01
1002,67.0,veh_022,401.6,635.037687995845,14.222732617663443,-0.10509867765940761,g11_g12_0,227.83768799584502,g11_g12
1002,67.0,veh_023,398.4,152.54552952953034,13.459741338876656,0.11745031097977154,g11_g10_0,240.2544704704697,g11_g10
1002,68.0,veh_000,801.6,78.48051705316684,13.501873077503912,0.2508030968299142,g20_g21_0,75.28051705316683,g20_g21
1002,68.0,veh_001,758.3376583122911,1.6,13.172753052541388,2.517201471854932,g20_g10_0,38.462341687708914,g20_g10
1002,68.0,veh_002,798.4,747.729046664102,13.350157842517154,1.2276483808248795,g22_g21_0,49.070953335897876,g22_g21
1002,68.0,veh_003,765.2799078314034,801.6,12.02575172817965,2.4630378737766296,g22_g12_0,31.5200921685965,g22_g12
1002,68.0,veh_004,759.2256989476996,398.4,13.41643073751057,-0.12591941814869578,g11_g21_0,352.0256989476997,g11_g21
1002,68.0,veh_005,8.72771821248324,401.6,13.261677276865708,0.16589792174287155,g11_g01_0,384.0722817875168,g11_g01
1002,68.0,veh_008,801.6,15.589311104949907,8.600672499622032,2.4062661080015815,g20_g21_0,12.389311104949906,g20_g21
1002,68.0,veh_009,796.5861517464236,1.6,3.560263116959743,-1.236689413258227,g20_g10_0,0.21384825357635684,g20_g10
1002,68.0,veh_010,798.4,781.0065246373531,8.181941785696745,1.8498614121321593,g22_g21_0,15.793475362646888,g22_g21
1002,68.0,veh_011,801.6,730.342489321041,12.813893484465169,0.16845441018696938,g21_g22_0,323.142489321041,g21_g22
1002,68.0,veh_012,580.0242784976897,398.4,11.832013652391897,-0.027779036541469182,g11_g21_0,172.82427849768973,g11_g21
1002,68.0,veh_013,207.67653929451697,401.6,13.538299605882973,0.37369080659933473,g11_g01_0,185.12346070548304,g11_g01
1002,68.0,veh_014,401.6,674.0889187323014,12.771837670144627,0.27610037821345124,g11_g12_0,266.8889187323014,g11_g12
1002,68.0,veh_015,398.4,117.59847359593391,12.784076118772836,0.144405796634965,g11_g10_0,275.2015264040661,g11_g10
1002,68.0,veh_016,775.6850236539509,-1.6,15.298082614350534,0.582457297593356,g10_g20_0,368.485023653951,g10_g20
1002,68.0,veh_017,798.4,159.49136468977554,12.363451069084391,-0.021050655185245404,g21_g20_0,233.30863531022447,g21_g20
1002,68.0,veh_018,590.943715357853,798.4,11.586796708668599,-0.1700221313210193,g12_g22_0,183.743715357853,g12_g22
1002,68.0,veh_019,801.6,705.3948796473423,13.486136861888866,-0.9364431495784213,g21_g22_0,298.1948796473424,g21_g22
1002,68.0,veh_020,560.0343094848338,398.4,11.954576522005077,-0.3989250664497366,g11_g21_0,152.83430948483377,g11_g21
1002,68.0,veh_021,232.47528731008725,401.6,12.758302870597221,-0.5434075687732545,g11_g01_0,160.32471268991276,g11_g01
1002,68.0,veh_022,401.6,648.6962389905384,13.65855099469343,-0.564181622970013,g11_g12_0,241.49623899053844,g11_g12
1002,68.0,veh_023,398.4,139.29156542320717,13.253964106323146,-0.2057772325535101,g11_g10_0,253.50843457679284,g11_g10
1002,69.0,veh_000,801.6,92.04915994011425,13.568642886947416,0.06676980944350319,g20_g21_0,88.84915994011425,g20_g21
1002,69.0,veh_001,745.1952180093919,1.6,13.142440302899235,-0.030312749642153136,g20_g10_0,51.604781990608146,g20_g10
1002,69.0,veh_002,798.4,734.435268544752,13.293778119350106,-0.05637972316704776,g22_g21_0,62.364731455247984,g22_g21
1002,69.0,veh_003,752.0217787177977,801.6,13.258129113605753,1.232377385426103,g22_g12_0,44.77822128220225,g22_g12
1002,69.0,veh_004,772.5725910887747,398.4,13.34689214107512,-0.06953859643545002,g11_g21_0,365.3725910887748,g11_g21
1002,69.0,veh_008,801.6,26.77264827603769,11.183337171087786,2.5826646714657535,g20_g21_0,23.57264827603769,g20_g21
1002,69.0,veh_009,790.9153621712526,1.6,5.6707895751709865,2.1105264582112433,g20_g10_0,5.884637828747343,g20_g10
1002,69.0,veh_010,798.4,770.5613761953745,10.445148441978581,2.2632066562818363,g22_g21_0,26.23862380462547,g22_g21
1002,69.0,veh_011,801.6,742.914660154084,12.572170833043144,-0.24172265142202498,g21_g22_0,335.71466015408413,g21_g22
1002,69.0,veh_012,592.0153136466122,398.4,11.991035148922519,0.15902149653062203,g11_g21_0,184.81531364661225,g11_g21
1002,69.0,veh_013,194.44691989901764,401.6,13.229619395499363,-0.30868021038360993,g11_g01_0,198.3530801009824,g11_g01
1002,69.0,veh_014,401.6,686.1683714997741,12.079452767472716,-0.6923849026719111,g11_g12_0,278.96837149977415,g11_g12
1002,69.0,veh_015,398.4,105.03993858483426,12.558535011099638,-0.22554110767319813,g11_g10_0,287.76006141516575,g11_g10
1002,69.0,veh_016,788.0187221382914,-1.6,12.333698484340477,-2.964384130010057,g10_g20_0,380.81872213829143,g10_g20
1002,69.0,veh_017,798.4,147.26688463759177,12.224480052183777,-0.13897101690061398,g21_g20_0,245.53311536240824,g21_g20
1002,69.0,veh_018,602.6658900206592,798.4,11.722174662806111,0.1353779541375122,g12_g22_0,195.46589002065912,g12_g22
1002,69.0,veh_019,801.6,718.9144905868702,13.51961093952783,0.033474077638963706,g21_g22_0,311.7144905868702,g21_g22
1002,69.0,veh_020,571.7285480385011,398.4,11.694238553667379,-0.26033796833769784,g11_g21_0,164.52854803850116,g11_g21
1002,69.0,veh_021,219.65691601684097,401.6,12.818371293246276,0.060068422649054654,g11_g01_0,173.14308398315904,g11_g01
1002,69.0,veh_022,401.6,662.376031374003,13.67979238346462,0.021241388771189307,g11_g12_0,255.17603137400306,g11_g12
1002,69.0,veh_023,398.4,126.63037675172575,12.661188671481442,-0.5927754348417036,g11_g10_0,266.16962324827426,g11_g10
1002,70.0,veh_000,801.6,105.68474917173529,13.635589231621049,0.06694634467363336,g20_g21_0,102.4847491717353,g20_g21
1002,70.0,veh_001,732.3433324528587,1.6,12.85188555653313,-0.2905547463661051,g20_g10_0,64.45666754714128,g20_g10
1002,70.0,veh_002,798.4,720.6558813510319,13.779387193720112,0.48560907437000544,g22_g21_0,76.14411864896809,g22_g21
1002,70.0,veh_003,738.321833290427,801.6,13.699945427370764,0.4418163137650115,g22_g12_0,58.47816670957302,g22_g12
1002,70.0,veh_004,785.8318710447861,398.4,13.259279956011348,-0.08761218506377233,g11_g21_0,378.6318710447862,g11_g21
1002,70.0,veh_008,801.6,40.462252223839954,13.68960394780226,2.506266776714474,g20_g21_0,37.26225222383995,g20_g21
1002,70.0,veh_009,782.9044504214843,1.6,8.010911749768333,2.3401221745973464,g20_g10_0,13.895549578515677,g20_g10
1002,70.0,veh_010,798.4,758.2251272512747,12.336248944099843,1.8911005021212617,g22_g21_0,38.57487274872531,g22_g21
1002,70.0,veh_011,801.6,755.759778426604,12.845118272519992,0.2729474394768481,g21_g22_0,348.5597784266041,g21_g22
1002,70.0,veh_012,603.9144525310934,398.4,11.899138884481207,-0.09189626444131171,g11_g21_0,196.71445253109346,g11_g21
1002,70.0,veh_013,181.0614554746624,401.6,13.3854644243552,0.15584502885583795,g11_g01_0,211.7385445253376,g11_g01
1002,70.0,veh_014,401.6,698.8080470081047,12.639675508330578,0.5602227408578617,g11_g12_0,291.60804700810473,g11_g12
1002,70.0,veh_015,398.4,91.96703805690345,13.072900527930804,0.514365516831166,g11_g10_0,300.83296194309656,g11_g10
1002,70.0,veh_016,796.0843606883659,-1.6,8.065638550074585,-4.268059934265892,g10_g20_0,388.88436068836603,g10_g20
1002,70.0,veh_017,798.4,134.36786549546474,12.89901914212706,0.6745390899432824,g21_g20_0,258.43213450453527,g21_g20
1002,70.0,veh_018,614.4571364063014,798.4,11.791246385642344,0.06907172283623275,g12_g22_0,207.25713640630147,g12_g22
1002,70.0,veh_019,801.6,731.9894280594483,13.074937472578192,-0.44467346694963794,g21_g22_0,324.7894280594484,g21_g22
1002,70.0,veh_020,583.4250828117317,398.4,11.696534773230562,0.002296219563183044,g11_g21_0,176.2250828117317,g11_g21
1002,70.0,veh_021,206.5606411657884,401.6,13.096274851052552,0.27790355780627607,g11_g01_0,186.2393588342116,g11_g01
1002,70.0,veh_022,401.6,675.1233981562469,12.747366782243935,-0.9324256012206842,g11_g12_0,267.923398156247,g11_g12
1002,70.0,veh_023,398.4,113.70675030533238,12.923626446393397,0.2624377749119553,g11_g10_0,279.09324969466763,g11_g10
1002,71.0,veh_000,801.6,119.28364798365357,13.598898811918259,-0.03669041970278997,g20_g21_0,116.08364798365356,g20_g21
1002,71.0,veh_001,718.9704820122101,1.6,13.372850440648513,0.5209648841153829,g20_g10_0,77.82951798778979,g20_g10
1002,71.0,veh_002,798.4,706.9131536214028,13.742727729629049,-0.03665946409106269,g22_g21_0,89.88684637859714,g22_g21
1002,71.0,veh_003,724.8699179677632,801.6,13.451915322663769,-0.24803010470699505,g22_g12_0,71.93008203223678,g22_g12
1002,71.0,veh_008,801.6,54.74948811231681,14.287235888476856,0.5976319406745958,g20_g21_0,51.54948811231681,g20_g21
1002,71.0,veh_009,772.3627694245966,1.6,10.541680996887647,2.5307692471193146,g20_g10_0,24.437230575403326,g20_g10
1002,71.0,veh_010,798.4,743.8596617734571,14.365465477817542,2.0292165337176993,g22_g21_0,52.940338226542856,g22_g21
1002,71.0,veh_011,801.6,768.840191091503,13.080412664898992,0.23529439237900007,g21_g22_0,361.6401910915031,g21_g22
1002,71.0,veh_012,615.883069329909,398.4,11.968616798815482,0.06947791433427497,g11_g21_0,208.68306932990893,g11_g21
1002,71.0,veh_013,168.03138500188436,401.6,13.030070472778068,-0.35539395157713294,g11_g01_0,224.76861499811568,g11_g01
1002,71.0,veh_014,401.6,711.5370414850703,12.72899447696563,0.08931896863505173,g11_g12_0,304.33704148507036,g11_g12
1002,71.0,veh_015,398.4,78.83834161146632,13.128696445437134,0.055795917506330284,g11_g10_0,313.9616583885337,g11_g10
1002,71.0,veh_016,801.3556189588746,1.489332712122924,6.727874907775692,-1.337763642298893,:g20_1_0,6.012235596141693,:g20_1
1002,71.0,veh_017,798.4,121.80218717774244,12.565678317722329,-0.3333408244047309,g21_g20_0,270.9978128222576,g21_g20
1002,71.0,veh_018,626.0685555461114,798.4,11.611419139809923,-0.1798272458324206,g12_g22_0,218.8685555461114,g12_g22
1002,71.0,veh_019,801.6,745.6045351473902,13.615107087941725,0.5401696153635331,g21_g22_0,338.40453514739016,g21_g22
1002,71.0,veh_020,595.458300328521,398.4,12.033217516789275,0.33668274355871297,g11_g21_0,188.258300328521,g11_g21
1002,71.0,veh_021,193.83791718318466,401.6,12.722723982603751,-0.3735508684488007,g11_g01_0,198.96208281681535,g11_g01
1002,71.0,veh_022,401.6,688.3327459065995,13.209347750352515,0.46198096810858047,g11_g12_0,281.1327459065995,g11_g12
1002,71.0,veh_023,398.4,100.25863443751643,13.44811586781597,0.5244894214225724,g11_g10_0,292.5413655624836,g11_g10
1002,72.0,veh_000,801.6,132.2627296295973,12.979081645943731,-0.6198171659745277,g20_g21_0,129.0627296295973,g20_g21
1002,72.0,veh_001,705.6266205958125,1.6,13.343861416397745,-0.02898902425076777,g20_g10_0,91.17337940418753,g20_g10
1002,72.0,veh_002,798.4,693.1479358174419,13.76521780396092,0.022490074331871668,g22_g21_0,103.65206418255806,g22_g21
1002,72.0,veh_003,711.2629290444785,801.6,13.606988923284732,0.15507360062096254,g22_g12_0,85.53707095552151,g22_g12
1002,72.0,veh_008,801.6,68.77279637492892,14.023308262612112,-0.26392762586474383,g20_g21_0,65.57279637492891,g20_g21
1002,72.0,veh_009,759.7587377264011,1.6,12.604031698195525,2.062350701307878,g20_g10_0,37.04126227359885,g20_g10
1002,72.0,veh_010,798.4,727.6907450616851,16.168916711772034,1.8034512339544921,g22_g21_0,69.10925493831489,g22_g21
1002,72.0,veh_011,801.6,782.0938322269919,13.253641135488959,0.17322847058996693,g21_g22_0,374.89383222699206,g21_g22
1002,72.0,veh_012,627.6487704392168,398.4,11.765701109307983,-0.20291568950749905,g11_g21_0,220.4487704392169,g11_g21
1002,72.0,veh_013,154.8395193806712,401.6,13.191865621213116,0.16179514843504883,g11_g01_0,237.9604806193288,g11_g01
1002,72.0,veh_014,401.6,724.2806595671419,12.743618082071656,0.014623605106026005,g11_g12_0,317.080659567142,g11_g12
1002,72.0,veh_015,398.4,66.15820831015236,12.680133301313953,-0.448563144123181,g11_g10_0,326.64179168984765,g11_g10
1002,72.0,veh_016,801.6,8.130482485567047,6.658246889425352,-0.06962801835033972,g20_g21_0,4.930482485567046,g20_g21
1002,72.0,veh_017,798.4,109.25361362152279,12.548573556219623,-0.017104761502706012,g21_g20_0,283.5463863784772,g21_g20
1002,72.0,veh_018,637.8398530228808,798.4,11.771297476769442,0.15987833695951892,g12_g22_0,230.63985302288083,g12_g22
1002,72.0,veh_019,801.6,759.1976218920038,13.593086744613698,-0.022020343328026826,g21_g22_0,351.99762189200385,g21_g22
1002,72.0,veh_020,607.256638357466,398.4,11.798338028945123,-0.23487948784415202,g11_g21_0,200.0566383574661,g11_g21
1002,72.0,veh_021,181.24802938686605,401.6,12.58988779631862,-0.1328361862851306,g11_g01_0,211.55197061313396,g11_g01
1002,72.0,veh_022,401.6,701.7644967230518,13.43175081645242,0.22240306609990412,g11_g12_0,294.5644967230519,g11_g12
1002,72.0,veh_023,398.4,86.90367031334716,13.354964124169243,-0.09315174364672707,g11_g10_0,305.89632968665285,g11_g10
1002,73.0,veh_000,801.6,145.9191465236928,13.656416894095525,0.6773352481517936,g20_g21_0,142.7191465236928,g20_g21
1002,73.0,veh_001,692.2871559728286,1.6,13.339464622983837,-0.0043967934139086395,g20_g10_0,104.51284402717137,g20_g10
1002,73.0,veh_002,798.4,679.1808294370657,13.967106380376288,0.20188857641536728,g22_g21_0,117.61917056293436,g22_g21
1002,73.0,veh_003,697.6028258281483,801.6,13.660103216330096,0.05311429304536475,g22_g12_0,99.19717417185161,g22_g12
1002,73.0,veh_008,801.6,82.83840036334765,14.065603988418728,0.04229572580661589,g20_g21_0,79.63840036334764,g20_g21
1002,73.0,veh_009,745.6685098070878,1.6,14.090227919313245,1.4861962211177193,g20_g10_0,51.131490192912096,g20_g10
1002,73.0,veh_010,798.4,711.4792718050122,16.211473256672907,0.04255654490087224,g22_g21_0,85.3207281949878,g22_g21
1002,73.0,veh_011,801.6,792.246604549689,10.152772322696975,-3.1008688127919832,g21_g22_0,385.04660454968905,g21_g22
1002,73.0,veh_012,639.6865486241403,398.4,12.037778184923509,0.27207707561552574,g11_g21_0,232.4865486241404,g11_g21
1002,73.0,veh_013,141.4818822629666,401.6,13.357637117704622,0.16577149649150513,g11_g01_0,251.31811773703342,g11_g01
1002,73.0,veh_014,401.6,736.7086778248977,12.428018257755788,-0.31559982431586775,g11_g12_0,329.5086778248978,g11_g12
1002,73.0,veh_015,398.4,52.887007892182055,13.271200417970293,0.5910671166563404,g11_g10_0,339.91299210781796,g11_g10
1002,73.0,veh_016,801.6,17.038084828366262,8.907602342799217,2.249355453373865,g20_g21_0,13.838084828366263,g20_g21
1002,73.0,veh_017,798.4,96.9385834195341,12.315030201988689,-0.23354335423093353,g21_g20_0,295.8614165804659,g21_g20
1002,73.0,veh_018,649.6099060868918,798.4,11.770053064011053,-0.0012444127583890463,g12_g22_0,242.40990608689188,g12_g22
1002,73.0,veh_019,801.6,772.6158724316224,13.41825053961868,-0.1748362049950174,g21_g22_0,365.4158724316225,g21_g22
1002,73.0,veh_020,619.0057756827182,398.4,11.749137325252208,-0.049200703692914516,g11_g21_0,211.80577568271832,g11_g21
1002,73.0,veh_021,168.11541389674383,401.6,13.132615490122229,0.5427276938036076,g11_g01_0,224.68458610325618,g11_g01
1002,73.0,veh_022,401.6,714.9291020447116,13.164605321659785,-0.2671454947926346,g11_g12_0,307.7291020447117,g11_g12
1002,73.0,veh_023,398.4,74.16237342934062,12.741296884006525,-0.6136672401627177,g11_g10_0,318.6376265706594,g11_g10
1002,74.0,veh_000,801.6,159.5202575697505,13.601111046057701,-0.05530584803782368,g20_g21_0,156.3202575697505,g20_g21
1002,74.0,veh_001,678.8080904077751,1.6,13.479065565053501,0.13960094206966467,g20_g10_0,117.99190959222487,g20_g10
1002,74.0,veh_002,798.4,665.9543413849459,13.226488052119755,-0.7406183282565326,g22_g21_0,130.8456586150541,g22_g21
1002,74.0,veh_003,684.1580171851812,801.6,13.444808642967178,-0.21529457336291813,g22_g12_0,112.64198281481879,g22_g12
1002,74.0,veh_008,801.6,97.41878546411597,14.58038510076832,0.514781112349592,g20_g21_0,94.21878546411597,g20_g21
1002,74.0,veh_009,731.9223988725201,1.6,13.746110934567756,-0.34411698474548835,g20_g10_0,64.87760112747985,g20_g10
1002,74.0,veh_010,798.4,695.424567377184,16.054704427828256,-0.15676882884465115,g22_g21_0,101.37543262281605,g22_g21
1002,74.0,veh_011,801.4445002894707,797.888497973705,5.6527723226969755,-4.5,:g22_0_0,1.0993768723860171,:g22_0
1002,74.0,veh_012,651.395801088448,398.4,11.709252464307637,-0.3285257206158718,g11_g21_0,244.19580108844804,g11_g21
1002,74.0,veh_013,128.41700000398487,401.6,13.064882258981712,-0.29275485872291007,g11_g01_0,264.38299999601514,g11_g01
1002,74.0,veh_014,401.6,749.1945983262007,12.48592050130293,0.05790224354714191,g11_g12_0,341.99459832620073,g11_g12
1002,74.0,veh_015,398.4,39.751834923585875,13.135172968596207,-0.13602744937408673,g11_g10_0,353.04816507641414,g11_g10
1002,74.0,veh_016,801.6,28.25181137707608,11.213726548709818,2.306124205910601,g20_g21_0,25.05181137707608,g20_g21
1002,74.0,veh_017,798.4,83.99892070787797,12.939662711656116,0.6246325096674266,g21_g20_0,308.80107929212204,g21_g20
1002,74.0,veh_018,661.5142221307717,798.4,11.904316043879854,0.13426297986880087,g12_g22_0,254.31422213077173,g12_g22
1002,74.0,veh_019,801.6,783.3949612776416,10.77908884601912,-2.6391616935995614,g21_g22_0,376.19496127764165,g21_g22
1002,74.0,veh_020,630.7831914147822,398.4,11.777415732063893,0.02827840681168503,g11_g21_0,223.58319141478222,g11_g21
1002,74.0,veh_021,154.79869561444053,401.6,13.316718282303304,0.18410279218107561,g11_g01_0,238.00130438555948,g11_g01
1002,74.0,veh_022,401.6,727.5217591652004,12.592657120488669,-0.5719482011711161,g11_g12_0,320.3217591652004,g11_g12
1002,74.0,veh_023,398.4,61.24052123315465,12.921852196185956,0.18055531217943077,g11_g10_0,331.55947876684536,g11_g10
1002,75.0,veh_000,801.6,172.9937422181333,13.473484648382797,-0.1276263976749039,g20_g21_0,169.7937422181333,g20_g21
1002,75.0,veh_001,665.8605158577722,1.6,12.94757455000294,-0.5314910150505607,g20_g10_0,130.9394841422278,g20_g10
1002,75.0,veh_002,798.4,652.717289431806,13.23705195313997,0.010563901020214317,g22_g21_0,144.08271056819407,g22_g21
1002,75.0,veh_003,671.1185416715957,801.6,13.039475513585417,-0.405333129381761,g22_g12_0,125.6814583284042,g22_g12
1002,75.0,veh_008,801.6,111.40949988986456,13.990714425748587,-0.5896706750197325,g20_g21_0,108.20949988986456,g20_g21
1002,75.0,veh_009,718.0924742748459,1.6,13.829924597674168,0.0838136631064117,g20_g10_0,78.70752572515401,g20_g10
1002,75.0,veh_010,798.4,680.6909837282973,14.733583648886636,-1.3211207789416193,g22_g21_0,116.10901627170269,g22_g21
1002,75.0,veh_011,798.2790965678231,801.388700490311,5.1467438573058395,-0.506028465391136,:g22_0_0,6.246120729691857,:g22_0
1002,75.0,veh_012,663.6341513539464,398.4,12.238350265498438,0.529097801190801,g11_g21_0,256.43415135394645,g11_g21
1002,75.0,veh_013,114.9359737645392,401.6,13.48102623944568,0.4161439804639677,g11_g01_0,277.8640262354608,g11_g01
1002,75.0,veh_014,401.6,761.2896308028187,12.095032476617957,-0.39088802468497263,g11_g12_0,354.0896308028187,g11_g12
1002,75.0,veh_015,398.4,26.49402410500403,13.257810818581827,0.12263784998562066,g11_g10_0,366.305975894996,g11_g10
1002,75.0,veh_016,801.6,41.72257054575675,13.470759168680669,2.2570326199708504,g20_g21_0,38.52257054575675,g20_g21
1002,75.0,veh_017,798.4,71.44120069250448,12.557720015373476,-0.3819426962826391,g21_g20_0,321.35879930749553,g21_g20
1002,75.0,veh_018,673.1404152789935,798.4,11.626193148221837,-0.27812289565801684,g12_g22_0,265.94041527899356,g12_g22
1002,75.0,veh_019,801.6,789.6740501236607,6.279088846019119,-4.5,g21_g22_0,382.4740501236608,g21_g22
1002,75.0,veh_020,642.3227582139057,398.4,11.539566799123563,-0.23784893294033083,g11_g21_0,235.1227582139058,g11_g21
1002,75.0,veh_021,141.49113575761737,401.6,13.307559856823175,-0.009158425480128685,g11_g01_0,251.30886424238264,g11_g01
1002,75.0,veh_022,401.6,740.3079711917588,12.786212026558552,0.1935549060698829,g11_g12_0,333.1079711917589,g11_g12
1002,75.0,veh_023,398.4,48.3298926018183,12.910628631336358,-0.011223564849597523,g11_g10_0,344.4701073981817,g11_g10
1002,76.0,veh_000,801.6,186.54755526168253,13.553813043549232,0.08032839516643442,g20_g21_0,183.34755526168254,g20_g21
1002,76.0,veh_001,652.6977237739312,1.6,13.162792083840944,0.21521753383800402,g20_g10_0,144.10227622606874,g20_g10
1002,76.0,veh_002,798.4,638.8342907446306,13.882998687175357,0.6459467340353875,g22_g21_0,157.96570925536943,g22_g21
1002,76.0,veh_003,657.6880218671715,801.6,13.430519804424181,0.3910442908387637,g22_g12_0,139.1119781328284,g22_g12
1002,76.0,veh_008,801.6,125.32582026937732,13.916320379512758,-0.07439404623582924,g20_g21_0,122.12582026937731,g20_g21
1002,76.0,veh_009,704.2066476458051,1.6,13.885826629040881,0.055902031366713345,g20_g10_0,92.59335235419489,g20_g10
1002,76.0,veh_010,798.4,665.859650363806,14.83133336449126,0.09774971560462298,g22_g21_0,130.94034963619396,g22_g21
1002,76.0,veh_011,792.5740441879137,801.6,5.719835082394414,0.5730912250885742,g22_g12_0,4.225955812086271,g22_g12
1002,76.0,veh_012,676.0675499578385,398.4,12.433398603892119,0.19504833839368096,g11_g21_0,268.86754995783855,g11_g21
1002,76.0,veh_013,102.0825242849516,401.6,12.853449479587622,-0.6275767598580568,g11_g01_0,290.7174757150484,g11_g01
1002,76.0,veh_014,401.6,773.4288575787452,12.13922677592654,0.04419429930858243,g11_g12_0,366.22885757874525,g11_g12
1002,76.0,veh_015,398.4,13.93242561721803,12.561598487786004,-0.6962123307958237,g11_g10_0,378.867574382782,g11_g10
1002,76.0,veh_016,801.6,57.11256793311793,15.389997387361182,1.9192382186805137,g20_g21_0,53.912567933117934,g20_g21
1002,76.0,veh_017,798.4,59.06707140857952,12.374129283924981,-0.18359073144849525,g21_g20_0,333.7329285914205,g21_g20
1002,76.0,veh_018,684.9005179018545,798.4,11.760102622861059,0.13390947463922132,g12_g22_0,277.7005179018546,g12_g22
1002,76.0,veh_019,801.6,794.9728111527818,5.298761029120989,-0.9803278168981304,g21_g22_0,387.7728111527818,g21_g22
1002,76.0,veh_020,654.7091717128685,398.4,12.386413498962822,0.8468466998392596,g11_g21_0,247.5091717128686,g11_g21
1002,76.0,veh_021,128.17903378927724,401.6,13.312101968340107,0.004542111516931513,g11_g01_0,264.62096621072277,g11_g01
1002,76.0,veh_022,401.6,752.7359446203784,12.427973428619554,-0.3582385979389979,g11_g12_0,345.5359446203785,g11_g12
1002,76.0,veh_023,398.4,35.19309058595695,13.136802015861372,0.2261733845250138,g11_g10_0,357.60690941404306,g11_g10
1002,77.0,veh_000,801.6,199.87354112872885,13.325985867046326,-0.22782717650290607,g20_g21_0,196.67354112872886,g20_g21
1002,77.0,veh_001,639.4538980398867,1.6,13.243825734044552,0.08103365020360798,g20_g10_0,157.3461019601133,g20_g10
1002,77.0,veh_002,798.4,624.9461378227022,13.888152921928347,0.005154234752989595,g22_g21_0,171.85386217729777,g22_g21
1002,77.0,veh_003,644.4001415667153,801.6,13.287880300456234,-0.14263950396794733,g22_g12_0,152.39985843328463,g22_g12
1002,77.0,veh_008,801.6,139.22544236419142,13.899622094814108,-0.016698284698650312,g20_g21_0,136.02544236419143,g20_g21
1002,77.0,veh_009,690.4114404169311,1.6,13.795207228873975,-0.09061940016690606,g20_g10_0,106.38855958306887,g20_g10
1002,77.0,veh_010,798.4,650.7351608760664,15.124489487739568,0.2931561232483091,g22_g21_0,146.06483912393352,g22_g21
1002,77.0,veh_011,784.8490231480567,801.6,7.725021039856941,2.005185957462527,g22_g12_0,11.950976851943212,g22_g12
1002,77.0,veh_012,688.3834631594762,398.4,12.31591320163773,-0.1174854022543883,g11_g21_0,281.1834631594763,g11_g21
1002,77.0,veh_013,88.76353333298022,401.6,13.318990951971397,0.46554147238377475,g11_g01_0,304.0364666670198,g11_g01
1002,77.0,veh_014,401.6,785.5320982941344,12.103240715389141,-0.0359860605373985,g11_g12_0,378.33209829413437,g11_g12
1002,77.0,veh_016,801.6,72.02473599919621,14.912168066078266,-0.47782932128291655,g20_g21_0,68.8247359991962,g20_g21
1002,77.0,veh_017,798.4,46.35149439033398,12.715577018245519,0.3414477343205373,g21_g20_0,346.44850560966603,g21_g20
1002,77.0,veh_018,696.5399368563899,798.4,11.639418954535405,-0.12068366832565403,g12_g22_0,289.33993685639,g12_g22
1002,77.0,veh_019,800.2276121850387,800.5034326889768,5.898194387761334,0.5994333586403453,:g22_0_0,4.071005540543126,:g22_0
1002,77.0,veh_020,666.9665164292728,398.4,12.257344716404347,-0.1290687825584751,g11_g21_0,259.76651642927294,g11_g21
1002,77.0,veh_021,115.27631703849573,401.6,12.902716750781513,-0.4093852175585937,g11_g01_0,277.5236829615043,g11_g01
1002,77.0,veh_022,401.6,764.4917967750788,11.75585215470039,-0.6721212739191635,g11_g12_0,357.29179677507886,g11_g12
1002,77.0,veh_023,398.4,22.70317498942319,12.489915596533754,-0.6468864193276183,g11_g10_0,370.0968250105768,g11_g10
1002,78.0,veh_000,801.6,213.60251214201645,13.72897101328759,0.4029851462412637,g20_g21_0,210.40251214201643,g20_g21
1002,78.0,veh_001,626.6249347483523,1.6,12.82896329153435,-0.4148624425102021,g20_g10_0,170.17506525164765,g20_g10
1002,78.0,veh_002,798.4,611.0398106163753,13.906327206326903,0.018174284398556395,g22_g21_0,185.76018938362466,g22_g21
1002,78.0,veh_003,630.8626914883057,801.6,13.537450078409671,0.24956977795343782,g22_g12_0,165.9373085116943,g22_g12
1002,78.0,veh_008,801.6,153.7204975618377,14.495055197646282,0.5954331028321747,g20_g21_0,150.52049756183771,g20_g21
1002,78.0,veh_009,676.4141082131805,1.6,13.997332203750616,0.20212497487664116,g20_g10_0,120.38589178681949,g20_g10
1002,78.0,veh_010,798.4,636.4389167760601,14.296244100006342,-0.8282453877332259,g22_g21_0,160.36108322393986,g22_g21
1002,78.0,veh_011,774.9307018334123,801.6,9.91832131464441,2.19330027478747,g22_g12_0,21.869298166587622,g22_g12
1002,78.0,veh_012,700.1785871152672,398.4,11.79512395579105,-0.5207892458466805,g11_g21_0,292.9785871152673,g11_g21
1002,78.0,veh_013,75.47880421889454,401.6,13.284729114085682,-0.03426183788571535,g11_g01_0,317.3211957811055,g11_g01
1002,78.0,veh_016,801.6,87.07231566445513,15.047579665258928,0.13541159918066192,g20_g21_0,83.87231566445513,g20_g21
1002,78.0,veh_017,798.4,33.58298020831268,12.768514182021304,0.052937163775785834,g21_g20_0,359.21701979168733,g21_g20
1002,78.0,veh_018,708.1216354576806,798.4,11.5816986012906,-0.057720353244803846,g12_g22_0,300.9216354576806,g12_g22
1002,78.0,veh_019,794.608034830888,801.6,5.860959628568896,-0.03723475919243846,g22_g12_0,2.191965169112022,g22_g12
1002,78.0,veh_020,679.7509494297113,398.4,12.78443300043845,0.527088284034102,g11_g21_0,272.5509494297114,g11_g21
1002,78.0,veh_021,102.59095940676724,401.6,12.685357631728515,-0.21735911905299865,g11_g01_0,290.20904059323277,g11_g01
1002,78.0,veh_022,401.6,776.8035356486243,12.311738873545586,0.5558867188451959,g11_g12_0,369.6035356486245,g11_g12
1002,78.0,veh_023,398.4,7.994276566450708,14.708898422972485,2.2189828264387312,g11_g10_0,384.8057234335493,g11_g10
1002,79.0,veh_000,801.6,227.1749320040517,13.572419862035236,-0.1565511512523532,g20_g21_0,223.97493200405168,g20_g21
1002,79.0,veh_001,613.5795673109318,1.6,13.045367437420541,0.21640414588619095,g20_g10_0,183.2204326890682,g20_g10
1002,79.0,veh_002,798.4,597.6778789161835,13.361931700191715,-0.5443955061351886,g22_g21_0,199.12212108381638,g22_g21
1002,79.0,veh_003,617.61121043415,801.6,13.251481054155661,-0.28596902425401005,g22_g12_0,179.18878956584996,g22_g12
1002,79.0,veh_008,801.6,168.32627819622547,14.605780634387768,0.11072543674148605,g20_g21_0,165.12627819622548,g20_g21
1002,79.0,veh_009,662.1375430051421,1.6,14.276565208038434,0.2792330042878177,g20_g10_0,134.6624569948579,g20_g10
1002,79.0,veh_010,798.4,622.2362047116532,14.202712064406931,-0.09353203559941115,g22_g21_0,174.5637952883468,g22_g21
1002,79.0,veh_011,762.7328694257596,801.6,12.197832407652742,2.279511093008331,g22_g12_0,34.067130574240366,g22_g12
1002,79.0,veh_012,712.1849484519727,398.4,12.00636133670544,0.21123738091439037,g11_g21_0,304.98494845197274,g11_g21
1002,79.0,veh_013,62.48268173757981,401.6,12.99612248131471,-0.2886066327709713,g11_g01_0,330.3173182624202,g11_g01
1002,79.0,veh_016,801.6,102.20731819852838,15.135002534073248,0.08742286881432015,g20_g21_0,99.00731819852838,g20_g21
1002,79.0,veh_017,798.4,20.685098435795965,12.89788177251669,0.12936759049538615,g21_g20_0,372.11490156420405,g21_g20
1002,79.0,veh_018,719.8172843902241,798.4,11.6956489325436,0.11395033125299925,g12_g22_0,312.6172843902242,g12_g22
1002,79.0,veh_019,786.6340907881206,801.6,7.973944042767331,2.1129844141984355,g22_g12_0,10.165909211879352,g22_g12
1002,79.0,veh_020,691.6740617846,398.4,11.923112354888673,-0.8613206455497764,g11_g21_0,284.47406178460005,g11_g21
1002,79.0,veh_021,89.403841785819,401.6,13.187117620948232,0.5017599892197175,g11_g01_0,303.396158214181,g11_g01
1002,79.0,veh_022,401.6,790.9379201487984,14.134384500174075,1.8226456266284892,g11_g12_0,383.73792014879854,g11_g12
1002,80.0,veh_000,801.6,240.5163640633849,13.341432059333235,-0.2309878027020016,g20_g21_0,237.31636406338492,g20_g21
1002,80.0,veh_001,600.4106997826225,1.6,13.168867528309242,0.12350009088870095,g20_g10_0,196.38930021737744,g20_g10
1002,80.0,veh_002,798.4,584.3325994665379,13.345279449645684,-0.0166522505460307,g22_g21_0,212.46740053346207,g22_g21
1002,80.0,veh_003,604.273760964192,801.6,13.337449469958006,0.08596841580234482,g22_g12_0,192.52623903580798,g22_g12
1002,80.0,veh_008,801.6,182.65769799767338,14.331419801447913,-0.27436083293985547,g20_g21_0,179.4576979976734,g20_g21
1002,80.0,veh_009,648.0003268410225,1.6,14.13721616411966,-0.13934904391877367,g20_g10_0,148.79967315897755,g20_g10
1002,80.0,veh_010,798.4,608.166032756457,14.07017195519626,-0.13254010921067128,g22_g21_0,188.63396724354305,g22_g21
1002,80.0,veh_011,749.8941382283323,801.6,12.838731197427348,0.6408987897746066,g22_g12_0,46.905861771667716,g22_g12
1002,80.0,veh_012,724.1003766385227,398.4,11.91542818654997,-0.09093315015546999,g11_g21_0,316.9003766385227,g11_g21
1002,80.0,veh_013,48.949300693330486,401.6,13.533381044249296,0.5372585629345856,g11_g01_0,343.8506993066695,g11_g01
1002,80.0,veh_016,801.6,117.01859978609875,14.811281587570376,-0.3237209465028723,g20_g21_0,113.81859978609876,g20_g21
1002,80.0,veh_017,798.4,9.75761830057536,10.927480135220623,-1.9704016372960673,g21_g20_0,383.04238169942465,g21_g20
1002,80.0,veh_018,731.5233685277115,798.4,11.706084137487242,0.010435204943641807,g12_g22_0,324.32336852771147,g12_g22
1002,80.0,veh_019,776.2711853500626,801.6,10.362905438058013,2.388961395290681,g22_g12_0,20.528814649937367,g22_g12
1002,80.0,veh_020,703.9017333534725,398.4,12.227671568872527,0.304559213983854,g11_g21_0,296.7017333534726,g11_g21
1002,80.0,veh_021,76.67950447997379,401.6,12.724337305845223,-0.462780315103009,g11_g01_0,316.1204955200262,g11_g01
1002,81.0,veh_000,801.6,253.91416943113092,13.397805367745965,0.056373308412730694,g20_g21_0,250.7141694311309,g20_g21
1002,81.0,veh_001,587.5318902195277,1.6,12.878809563094878,-0.29005796521436444,g20_g10_0,209.26810978047232,g20_g10
1002,81.0,veh_002,798.4,570.7048896858092,13.627709780728699,0.28243033108301496,g22_g21_0,226.09511031419078,g22_g21
1002,81.0,veh_003,590.5431103745577,801.6,13.730650589634239,0.39320111967623284,g22_g12_0,206.25688962544223,g22_g12
1002,81.0,veh_008,801.6,197.1917804016726,14.534082403999195,0.20266260255128188,g20_g21_0,193.9917804016726,g20_g21
1002,81.0,veh_009,634.1795748380586,1.6,13.820752002963914,-0.3164641611557464,g20_g10_0,162.62042516194145,g20_g10
1002,81.0,veh_010,798.4,594.3079038039052,13.858128952551752,-0.21204300264450815,g22_g21_0,202.4920961960948,g22_g21
1002,81.0,veh_011,736.9269019951311,801.6,12.967236233201199,0.1285050357738502,g22_g12_0,59.873098004868915,g22_g12
1002,81.0,veh_012,736.5750687288739,398.4,12.474692090351299,0.5592639038013285,g11_g21_0,329.375068728874,g11_g21
1002,81.0,veh_013,35.86504731773573,401.6,13.08425337559475,-0.4491276686545458,g11_g01_0,356.9349526822643,g11_g01
1002,81.0,veh_016,801.6,132.44609323850563,15.427493452406889,0.6162118648365134,g20_g21_0,129.24609323850564,g20_g21
1002,81.0,veh_017,798.4,3.3301381653547537,6.427480135220623,-4.5,g21_g20_0,389.46986183464526,g21_g20
1002,81.0,veh_018,743.1416871789118,798.4,11.618318651200289,-0.08776548628695302,g12_g22_0,335.94168717891176,g12_g22
1002,81.0,veh_019,763.7989128110356,801.6,12.472272539026969,2.1093671009689565,g22_g12_0,33.001087188964334,g22_g12
1002,81.0,veh_020,715.5524249256691,398.4,11.65069157219659,-0.5769799966759361,g11_g21_0,308.3524249256692,g11_g21
1002,81.0,veh_021,63.44862288000411,401.6,13.230881599969692,0.5065442941244687,g11_g01_0,329.3513771199959,g11_g01
1002,82.0,veh_000,801.6,267.06378119984,13.14961176870907,-0.2481935990368953,g20_g21_0,263.86378119984,g20_g21
1002,82.0,veh_001,574.3357132211581,1.6,13.196176998369523,0.3173674352746456,g20_g10_0,222.46428677884182,g20_g10
1002,82.0,veh_002,798.4,557.2532021642592,13.451687521550127,-0.17602225917857162,g22_g21_0,239.5467978357409,g22_g21
1002,82.0,veh_003,577.4317220786451,801.6,13.11138829591269,-0.6192622937215493,g22_g12_0,219.36827792135492,g22_g12
1002,82.0,veh_008,801.6,211.4049576390216,14.213177237349004,-0.3209051666501903,g20_g21_0,208.20495763902161,g20_g21
1002,82.0,veh_009,620.3727991393323,1.6,13.806775698726184,-0.013976304237729664,g20_g10_0,176.42720086066765,g20_g10
1002,82.0,veh_010,798.4,580.0892058759187,14.218697927986492,0.36056897543473987,g22_g21_0,216.71079412408127,g22_g21
1002,82.0,veh_011,724.1331992353638,801.6,12.793702759767273,-0.17353347343392578,g22_g12_0,72.66680076463619,g22_g12
1002,82.0,veh_012,748.4996046922763,398.4,11.924535963402295,-0.5501561269490036,g11_g21_0,341.2996046922763,g11_g21
1002,82.0,veh_013,22.260228961350037,401.6,13.604818356385701,0.5205649807909509,g11_g01_0,370.53977103865,g11_g01
1002,82.0,veh_016,801.6,147.6402913260856,15.194198087579972,-0.23329536482691715,g20_g21_0,144.4402913260856,g20_g21
1002,82.0,veh_017,795.9646715621434,1.6,3.5454666032113504,-2.882013532009273,g20_g10_0,0.8353284378566013,g20_g10
1002,82.0,veh_018,755.1332671454643,798.4,11.991579966552573,0.37326131535228413,g12_g22_0,347.93326714546436,g12_g22
1002,82.0,veh_019,749.3095875036548,801.6,14.489325307380827,2.0170527683538584,g22_g12_0,47.49041249634516,g22_g12
1002,82.0,veh_020,727.7755757494656,398.4,12.223150823796407,0.5724592515998168,g11_g21_0,320.5755757494656,g11_g21
1002,82.0,veh_021,50.139280985108826,401.6,13.3093418948953,0.07846029492560902,g11_g01_0,342.6607190148912,g11_g01
1002,83.0,veh_000,801.6,280.4136232388985,13.34984203905849,0.20023027034942054,g20_g21_0,277.2136232388985,g20_g21
1002,83.0,veh_001,561.0354784181072,1.6,13.300234803050884,0.10405780468136072,g20_g10_0,235.76452158189272,g20_g10
1002,83.0,veh_002,798.4,543.4406128134904,13.81258935076862,0.3609018292184931,g22_g21_0,253.35938718650954,g22_g21
1002,83.0,veh_003,563.8468118418473,801.6,13.584910236797802,0.4735219408851119,g22_g12_0,232.95318815815273,g22_g12
1002,83.0,veh_008,801.6,225.50023019795043,14.09527255892884,-0.11790467842016383,g20_g21_0,222.30023019795044,g20_g21
1002,83.0,veh_009,606.5473852575274,1.6,13.825413881804913,0.018638183078728332,g20_g10_0,190.25261474247256,g20_g10
1002,83.0,veh_010,798.4,566.5454891611876,13.54371671473112,-0.6749812132553714,g22_g21_0,230.2545108388124,g22_g21
1002,83.0,veh_011,711.3953307285333,801.6,12.737868506830507,-0.055834252936765694,g22_g12_0,85.4046692714667,g22_g12
1002,83.0,veh_012,760.3739758611106,398.4,11.874371168834323,-0.05016479456797285,g11_g21_0,353.17397586111065,g11_g21
1002,83.0,veh_013,8.96209703354009,401.6,13.298131927809925,-0.30668642857577666,g11_g01_0,383.8379029664599,g11_g01
1002,83.0,veh_016,801.6,162.40619776126738,14.765906435181787,-0.428291652398185,g20_g21_0,159.2061977612674,g20_g21
1002,83.0,veh_017,790.0974152197954,1.6,5.867256342347934,2.321789739136584,g20_g10_0,6.7025847802045355,g20_g10
1002,83.0,veh_018,767.1267589875713,798.4,11.993491842106932,0.0019118755543594546,g12_g22_0,359.9267589875713,g12_g22
1002,83.0,veh_019,735.6201451735226,801.6,13.68944233013217,-0.7998829772486573,g22_g12_0,61.179854826477325,g22_g12
1002,83.0,veh_020,739.476461745498,398.4,11.700885996032422,-0.5222648277639852,g11_g21_0,332.276461745498,g11_g21
1002,83.0,veh_021,37.14982561832272,401.6,12.9894553667861,-0.31988652810920115,g11_g01_0,355.6501743816773,g11_g01
1002,84.0,veh_000,801.6,294.0507030763982,13.637079837499693,0.28723779844120223,g20_g21_0,290.8507030763982,g20_g21
1002,84.0,veh_001,547.9422304098122,1.6,13.09324800829509,-0.20698679475579418,g20_g10_0,248.85776959018781,g20_g10
1002,84.0,veh_002,798.4,529.5265446729472,13.914068140543321,0.10147878977470093,g22_g21_0,267.27345532705283,g22_g21
1002,84.0,veh_003,550.1683432612748,801.6,13.67846858057244,0.09355834377463879,g22_g12_0,246.63165673872516,g22_g12
1002,84.0,veh_008,801.6,239.95555627942417,14.455326081473753,0.36005352254491285,g20_g21_0,236.75555627942418,g20_g21
1002,84.0,veh_009,592.5411998116589,1.6,14.006185445868528,0.1807715640636154,g20_g10_0,204.2588001883411,g20_g10
1002,84.0,veh_010,798.4,552.5849165045295,13.960572656658156,0.4168559419270359,g22_g21_0,244.21508349547054,g22_g21
1002,84.0,veh_011,698.213902651325,801.6,13.1814280772082,0.4435595703776922,g22_g12_0,98.5860973486749,g22_g12
1002,84.0,veh_012,772.3298093942954,398.4,11.955833533184768,0.08146236435044507,g11_g21_0,365.1298093942954,g11_g21
1002,84.0,veh_016,801.6,177.82247723300324,15.416279471735871,0.6503730365540843,g20_g21_0,174.62247723300325,g20_g21
1002,84.0,veh_017,781.973296485646,1.6,8.124118734149485,2.256862391801551,g20_g10_0,14.826703514354021,g20_g10
1002,84.0,veh_018,779.3128736508882,798.4,12.186114663316884,0.19262282120995167,g12_g22_0,372.11287365088816,g12_g22
1002,84.0,veh_019,722.0835304149377,801.6,13.536614758584912,-0.1528275715472578,g22_g12_0,74.71646958506224,g22_g12
1002,84.0,veh_020,751.8360723011275,398.4,12.35961055562956,0.6587245595971378,g11_g21_0,344.63607230112757,g11_g21
1002,84.0,veh_021,23.863353037918216,401.6,13.286472580404483,0.29701721361838374,g11_g01_0,368.9366469620818,g11_g01
1002,85.0,veh_000,801.6,307.76126173694126,13.710558660543098,0.07347882304340558,g20_g21_0,304.5612617369413,g20_g21
1002,85.0,veh_001,535.0930521585502,1.6,12.84917825126195,-0.24406975703313982,g20_g10_0,261.7069478414498,g20_g10
1002,85.0,veh_002,798.4,516.2192072951984,13.307337377748707,-0.6067307627946139,g22_g21_0,280.5807927048015,g22_g21
1002,85.0,veh_003,536.5680664440094,801.6,13.600276817265472,-0.0781917633069682,g22_g12_0,260.2319335559906,g22_g12
1002,85.0,veh_008,801.6,253.98083374593872,14.02527746651452,-0.4300486149592331,g20_g21_0,250.7808337459387,g20_g21
1002,85.0,veh_009,578.4849158234196,1.6,14.056283988239363,0.050098542370834664,g20_g10_0,218.31508417658046,g20_g10
1002,85.0,veh_010,798.4,538.9332441973904,13.651672307139078,-0.3089003495190781,g22_g21_0,257.8667558026096,g22_g21
1002,85.0,veh_011,685.3613180175757,801.6,12.8525846337493,-0.32884344345889893,g22_g12_0,111.4386819824242,g22_g12
1002,85.0,veh_012,784.3680859599731,398.4,12.038276565677652,0.08244303249288443,g11_g21_0,377.1680859599731,g11_g21
1002,85.0,veh_016,801.6,192.86505210955983,15.042574876556573,-0.3737045951792979,g20_g21_0,189.66505210955984,g20_g21
1002,85.0,veh_017,771.3861227003364,1.6,10.58717378530953,2.463055051160044,g20_g10_0,25.41387729966355,g20_g10
1002,85.0,veh_018,789.7331579478159,798.4,10.420284296927894,-1.7658303663889896,g12_g22_0,382.53315794781605,g12_g22
1002,85.0,veh_019,708.3539229231345,801.6,13.729607491803165,0.1929927332182526,g22_g12_0,88.44607707686541,g22_g12
1002,85.0,veh_020,764.0606999998696,398.4,12.22462769874212,-0.13498285688744005,g11_g21_0,356.86069999986967,g11_g21
1002,85.0,veh_021,10.788141359012343,401.6,13.075211678905875,-0.21126090149860843,g11_g01_0,382.01185864098767,g11_g01
1002,86.0,veh_000,801.6,321.4612086921793,13.699946955238044,-0.010611705305054286,g20_g21_0,318.2612086921793,g20_g21
1002,86.0,veh_001,522.2383558888432,1.6,12.85469626970695,0.00551801844500055,g20_g10_0,274.56164411115674,g20_g10
1002,86.0,veh_002,798.4,502.4397293465615,13.779477948637002,0.4721405708882944,g22_g21_0,294.36027065343853,g22_g21
1002,86.0,veh_003,523.2612166130434,801.6,13.306849830966017,-0.29342698629945474,g22_g12_0,273.53878338695665,g22_g12
1002,86.0,veh_008,801.6,268.42174797185356,14.440914225914888,0.4156367594003676,g20_g21_0,265.2217479718536,g20_g21
1002,86.0,veh_009,564.2434111586454,1.6,14.24150466477417,0.1852206765348079,g20_g10_0,232.55658884135462,g20_g10
1002,86.0,veh_010,798.4,525.5504078652244,13.382836332165969,-0.2688359749731095,g22_g21_0,271.2495921347756,g22_g21
1002,86.0,veh_011,672.29834109785,801.6,13.062976919725859,0.21039228597655857,g22_g12_0,124.50165890215006,g22_g12
1002,86.0,veh_016,801.6,207.57225923083186,14.707207121272042,-0.33536775528453155,g20_g21_0,204.37225923083187,g20_g21
1002,86.0,veh_017,759.1193322547838,1.6,12.266790445552603,1.6796166602430738,g20_g10_0,37.680667745216155,g20_g10
1002,86.0,veh_018,796.5381026117317,798.4,6.80494466391571,-3.6153396330121845,g12_g22_0,389.33810261173176,g12_g22
1002,86.0,veh_019,694.8412198636153,801.6,13.512703059519346,-0.21690443228381895,g22_g12_0,101.95878013638475,g22_g12
1002,86.0,veh_020,775.9619724905659,398.4,11.9012724906963,-0.32335520804581996,g11_g21_0,368.761972490566,g11_g21
1002,87.0,veh_000,801.6,335.1732189724695,13.712010280290194,0.01206332505215002,g20_g21_0,331.9732189724695,g20_g21
1002,87.0,veh_001,509.25890807909104,1.6,12.979447809752205,0.12475154004525457,g20_g10_0,287.54109192090897,g20_g10
1002,87.0,veh_002,798.4,488.99688685481993,13.442842491741548,-0.33663545689545415,g22_g21_0,307.8031131451801,g22_g21
1002,87.0,veh_003,509.8185264425983,801.6,13.442690170445054,0.13584033947903684,g22_g12_0,286.9814735574017,g22_g12
1002,87.0,veh_008,801.6,282.5135128003058,14.091764828452282,-0.34914939746260565,g20_g21_0,279.31351280030583,g20_g21
1002,87.0,veh_009,550.0304442203061,1.6,14.212966938339292,-0.028537726434878508,g20_g10_0,246.76955577969392,g20_g10
1002,87.0,veh_010,798.4,511.3177645744722,14.232643290752218,0.8498069585862496,g22_g21_0,285.4822354255278,g22_g21
1002,87.0,veh_011,659.2241096329672,801.6,13.074231464882702,0.01125454515684332,g22_g12_0,137.57589036703277,g22_g12
1002,87.0,veh_016,801.6,222.67179663101646,15.0995374001846,0.39233027891255823,g20_g21_0,219.47179663101647,g20_g21
1002,87.0,veh_017,746.7026224640665,1.6,12.416709790717274,0.14991934516467076,g20_g10_0,50.09737753593343,g20_g10
1002,87.0,veh_018,798.4,796.2965664395679,3.3453309487003464,-3.4596137152153634,g22_g21_0,0.5034335604320699,g22_g21
1002,87.0,veh_019,681.610604253309,801.6,13.230615610306245,-0.28208744921310114,g22_g12_0,115.18939574669099,g22_g12
1002,87.0,veh_020,789.4122728994615,398.4,13.45030040889562,1.5490279181993198,g11_g21_0,382.2122728994616,g11_g21
1002,88.0,veh_000,801.6,348.3822091745691,13.20899020209959,-0.5030200781906036,g20_g21_0,345.1822091745691,g20_g21
1002,88.0,veh_001,495.9202315555843,1.6,13.33867652350677,0.35922871375456467,g20_g10_0,300.87976844441573,g20_g10
1002,88.0,veh_002,798.4,475.0562009582051,13.940685896614822,0.49784340487327405,g22_g21_0,321.7437990417949,g22_g21
1002,88.0,veh_003,496.761813267029,801.6,13.056713175569236,-0.3859769948758185,g22_g12_0,300.038186732971,g22_g12
1002,88.0,veh_008,801.6,296.96662976893515,14.453116968629324,0.36135214017704165,g20_g21_0,293.76662976893516,g20_g21
1002,88.0,veh_009,535.5379032783328,1.6,14.492540941973335,0.2795740036340426,g20_g10_0,261.26209672166726,g20_g10
1002,88.0,veh_010,798.4,498.02867668027864,13.289087894193585,-0.943555396558633,g22_g21_0,298.7713233197214,g22_g21
1002,88.0,veh_011,646.1648344552581,801.6,13.059275177709148,-0.014956287173554017,g22_g12_0,150.6351655447419,g22_g12
1002,88.0,veh_016,801.6,237.38605218978608,14.714255558769619,-0.38528184141498123,g20_g21_0,234.1860521897861,g20_g21
1002,88.0,veh_017,734.4263065173353,1.6,12.27631594673118,-0.140393843986093,g20_g10_0,62.37369348266461,g20_g10
1002,88.0,veh_018,798.4,790.3998024529849,5.896763986583018,2.5514330378826715,g22_g21_0,6.400197547015088,g22_g21
1002,88.0,veh_019,668.1583140981128,801.6,13.45229015519625,0.22167454489000527,g22_g12_0,128.64168590188723,g22_g12
1002,89.0,veh_000,801.6,361.92503595032906,13.542826775759965,0.3338365736603741,g20_g21_0,358.7250359503291,g20_g21
1002,89.0,veh_001,483.0687251958058,1.6,12.851506359778472,-0.48717016372829747,g20_g10_0,313.7312748041942,g20_g10
1002,89.0,veh_002,798.4,461.80223195258196,13.253969005623155,-0.6867168909916668,g22_g21_0,334.99776804741805,g22_g21
1002,89.0,veh_003,483.26843129132095,801.6,13.493381975708104,0.4366688001388681,g22_g12_0,313.53156870867906,g22_g12
1002,89.0,veh_008,801.6,311.1934898052742,14.226860036339053,-0.226256932290271,g20_g21_0,307.99348980527424,g20_g21
1002,89.0,veh_009,521.1742633788785,1.6,14.363639899454197,-0.12890104251913748,g20_g10_0,275.62573662112146,g20_g10
1002,89.0,veh_010,798.4,483.7581216496455,14.270555030633172,0.981467136439587,g22_g21_0,313.0418783503545,g22_g21
1002,89.0,veh_011,633.4090908870198,801.6,12.755743568238191,-0.3035316094709568,g22_g12_0,163.3909091129801,g22_g12
1002,89.0,veh_016,801.6,252.81263846459385,15.426586274807743,0.7123307160381245,g20_g21_0,249.61263846459383,g20_g21
1002,89.0,veh_017,721.8895003362962,1.6,12.536806181039125,0.2604902343079445,g20_g10_0,74.91049966370375,g20_g10
1002,89.0,veh_018,798.4,782.2068503582491,8.192952094735727,2.296188108152709,g22_g21_0,14.593149641750815,g22_g21
1002,89.0,veh_019,655.0634961528763,801.6,13.09481794523642,-0.3574722099598304,g22_g12_0,141.73650384712366,g22_g12
1002,90.0,veh_000,801.6,375.5312794470903,13.606243496761232,0.06341672100126772,g20_g21_0,372.3312794470903,g20_g21
1002,90.0,veh_001,470.0799071349326,1.6,12.988818060873204,0.13731170109473112,g20_g10_0,326.7200928650674,g20_g10
1002,90.0,veh_002,798.4,448.2618772645985,13.540354687983426,0.2863856823602706,g22_g21_0,348.5381227354015,g22_g21
1002,90.0,veh_003,469.83079049286533,801.6,13.437640798455611,-0.055741177252492946,g22_g12_0,326.9692095071347,g22_g12
1002,90.0,veh_008,801.6,325.494286498541,14.300796693266742,0.07393665692768892,g20_g21_0,322.294286498541,g20_g21
1002,90.0,veh_009,507.1589101910445,1.6,14.015353187834032,-0.34828671162016533,g20_g10_0,289.6410898089555,g20_g10
1002,90.0,veh_010,798.4,470.16616914693697,13.591952502708494,-0.6786025279246779,g22_g21_0,326.63383085306305,g22_g21
1002,90.0,veh_011,620.3268751442286,801.6,13.082215742791393,0.3264721745532011,g22_g12_0,176.4731248557715,g22_g12
1002,90.0,veh_016,801.6,268.2629185150852,15.450280050491385,0.023693775683641505,g20_g21_0,265.0629185150852,g20_g21
1002,90.0,veh_017,709.0335529617778,1.6,12.855947374518424,0.3191411934792985,g20_g10_0,87.76644703822217,g20_g10
1002,90.0,veh_018,798.4,771.520475217691,10.686375140558146,2.4934230458224196,g22_g21_0,25.27952478230896,g22_g21
1002,90.0,veh_019,642.5209961904491,801.6,12.542499962427215,-0.5523179828092051,g22_g12_0,154.2790038095509,g22_g12
1002,91.0,veh_000,801.6,388.53146668261195,13.00018723552166,-0.6060562612395728,g20_g21_0,385.33146668261196,g20_g21
1002,91.0,veh_001,456.6429237692869,1.6,13.43698336564576,0.4481653047725569,g20_g10_0,340.15707623071313,g20_g10
1002,91.0,veh_002,798.4,434.59743887039076,13.664438394207762,0.12408370622433651,g22_g21_0,362.20256112960925,g22_g21
1002,91.0,veh_003,456.4777148399367,801.6,13.353075652928597,-0.084565145527014,g22_g12_0,340.3222851600633,g22_g12
1002,91.0,veh_008,801.6,340.1035836290739,14.609297130532935,0.3085004372661935,g20_g21_0,336.9035836290739,g20_g21
1002,91.0,veh_009,493.4098433850149,1.6,13.749066806029647,-0.2662863818043846,g20_g10_0,303.39015661498513,g20_g10
1002,91.0,veh_010,798.4,456.443188478431,13.722980668505956,0.13102816579746168,g22_g21_0,340.356811521569,g22_g21
1002,91.0,veh_011,607.4295602724494,801.6,12.897314871779033,-0.18490087101235986,g22_g12_0,189.37043972755052,g22_g12
1002,91.0,veh_016,801.6,283.400068719691,15.137150204605824,-0.3131298458855607,g20_g21_0,280.200068719691,g20_g21
1002,91.0,veh_017,696.6092078284001,1.6,12.424345133377635,-0.43160224114078893,g20_g10_0,100.19079217159981,g20_g10
1002,91.0,veh_018,798.4,759.564167172925,11.956308044766093,1.2699329042079466,g22_g21_0,37.23583282707506,g22_g21
1002,91.0,veh_019,629.1586920672248,801.6,13.362304123224314,0.8198041607970996,g22_g12_0,167.6413079327752,g22_g12
1002,92.0,veh_000,801.6,402.28083822930097,13.749371546688996,0.7491843111673369,:g21_2_0,9.480838229300957,:g21_2
1002,92.0,veh_001,443.43303009006746,1.6,13.209893679219427,-0.22708968642633387,g20_g10_0,353.36696990993255,g20_g10
1002,92.0,veh_002,798.4,421.2943784804126,13.303060389978134,-0.3613780042296284,g22_g21_0,375.5056215195874,g22_g21
1002,92.0,veh_003,443.0499318896606,801.6,13.427782950276084,0.07470729734748716,g22_g12_0,353.7500681103394,g22_g12
1002,92.0,veh_008,801.6,354.1416999130787,14.038116284004785,-0.5711808465281507,g20_g21_0,350.9416999130787,g20_g21
1002,92.0,veh_009,479.354793119548,1.6,14.055050265466914,0.30598345943726635,g20_g10_0,317.445206880452,g20_g10
1002,92.0,veh_010,798.4,443.150986646425,13.292201832006043,-0.430778836499913,g22_g21_0,353.649013353575,g22_g21
1002,92.0,veh_011,594.2631722861076,801.6,13.166387986341812,0.2690731145627794,g22_g12_0,202.53682771389234,g22_g12
1002,92.0,veh_016,801.6,298.6838995638506,15.283830844159638,0.14668063955381427,g20_g21_0,295.4838995638506,g20_g21
1002,92.0,veh_017,683.6952812240208,1.6,12.913926604379363,0.48958147100172766,g20_g10_0,113.10471877597917,g20_g10
1002,92.0,veh_018,798.4,747.8980125432175,11.666154629707354,-0.2901534150587395,g22_g21_0,48.90198745678241,g22_g21
1002,92.0,veh_019,616.146601703481,801.6,13.012090363743757,-0.3502137594805568,g22_g12_0,180.65339829651896,g22_g12
1002,93.0,veh_000,801.6,415.6692005514857,13.388362322184763,-0.3610092245042331,g21_g22_0,8.469200551485718,g21_g22
1002,93.0,veh_001,430.4986746352397,1.6,12.934355454827786,-0.27553822439164044,g20_g10_0,366.3013253647603,g20_g10
1002,93.0,veh_002,798.4,407.49962852398613,13.794749956426465,0.49168956644833095,g22_g21_0,389.3003714760139,g22_g21
1002,93.0,veh_003,429.41646848822427,801.6,13.63346340143638,0.20568045116029587,g22_g12_0,367.38353151177574,g22_g12
1002,93.0,veh_008,801.6,368.443052088801,14.301352175722272,0.2632358917174873,g20_g21_0,365.243052088801,g20_g21
1002,93.0,veh_009,464.9381072317781,1.6,14.416685887769914,0.36163562230299995,g20_g10_0,331.86189276822194,g20_g10
1002,93.0,veh_010,798.4,430.3063599814125,12.844626665012441,-0.44757516699360167,g22_g21_0,366.4936400185875,g22_g21
1002,93.0,veh_011,581.2085717092363,801.6,13.054600576871396,-0.11178740947041632,g22_g12_0,215.59142829076373,g22_g12
1002,93.0,veh_016,801.6,313.90093091221263,15.217031348362035,-0.06679949579760347,g20_g21_0,310.70093091221264,g20_g21
1002,93.0,veh_017,671.1518084873117,1.6,12.543472736709214,-0.37045386767014854,g20_g10_0,125.64819151268838,g20_g10
1002,93.0,veh_018,798.4,736.099030610394,11.798981932823562,0.13282730311620838,g22_g21_0,60.70096938960597,g22_g21
1002,93.0,veh_019,603.2741230662155,801.6,12.872478637265608,-0.13961172647814912,g22_g12_0,193.52587693378456,g22_g12
1002,94.0,veh_000,801.6,428.8124176088531,13.143217057367362,-0.24514526481740084,g21_g22_0,21.61241760885308,g21_g22
1002,94.0,veh_001,417.59744623659986,1.6,12.901228398639837,-0.03312705618794887,g20_g10_0,379.20255376340015,g20_g10
1002,94.0,veh_002,798.4,394.0181641867152,13.481464337270962,-0.31328561915550246,:g21_1_0,13.181835813284806,:g21_1
1002,94.0,veh_003,416.26012301940835,801.6,13.156345468815923,-0.4771179326204571,g22_g12_0,380.53987698059166,g22_g12
1002,94.0,veh_008,801.6,382.38045942837147,13.937407339570486,-0.3639448361517861,g20_g21_0,379.1804594283715,g20_g21
1002,94.0,veh_009,450.7450082355159,1.6,14.193098996262185,-0.22358689150772904,g20_g10_0,346.0549917644841,g20_g10
1002,94.0,veh_010,798.4,416.5158837043324,13.790476277080135,0.9458496120676934,g22_g21_0,380.2841162956676,g22_g21
1002,94.0,veh_011,568.2809287351498,801.6,12.927642974086426,-0.12695760278496948,g22_g12_0,228.51907126485017,g22_g12
1002,94.0,veh_016,801.6,329.09093816590274,15.190007253690093,-0.027024094671942223,g20_g21_0,325.89093816590275,g20_g21
1002,94.0,veh_017,658.225874977099,1.6,12.925933510212623,0.3824607735034089,g20_g10_0,138.574125022901,g20_g10
1002,94.0,veh_018,798.4,724.6319662640926,11.467064346301386,-0.3319175865221755,g22_g21_0,72.16803373590736,g22_g21
1002,94.0,veh_019,590.4904116732272,801.6,12.783711392988259,-0.08876724427734928,g22_g12_0,206.30958832677283,g22_g12
1002,95.0,veh_000,801.6,442.1921787734005,13.37976116454745,0.23654410718008734,g21_g22_0,34.992178773400525,g21_g22
1002,95.0,veh_001,404.36851544675653,1.6,13.22893078984333,0.3277023912034931,:g10_3_0,2.831484553243456,:g10_3
1002,95.0,veh_002,798.4,380.7152752589321,13.30288892778314,-0.1785754094878218,g21_g20_0,12.084724741067946,g21_g20
1002,95.0,veh_003,402.60064654556885,801.6,13.65947647383953,0.5031310050236062,:g12_0_0,4.599353454431139,:g12_0
1002,95.0,veh_008,801.6,396.5048681221241,14.124408693752624,0.18700135418213826,:g21_2_0,3.7048681221240827,:g21_2
1002,95.0,veh_009,436.7972057146241,1.6,13.94780252089177,-0.24529647537041477,g20_g10_0,360.0027942853759,g20_g10
1002,95.0,veh_010,798.4,403.0054168763849,13.510466827947473,-0.28000944913266146,:g21_1_0,4.194583123615075,:g21_1
1002,95.0,veh_011,555.2457019285462,801.6,13.035226806603694,0.10758383251726755,g22_g12_0,241.55429807145387,g22_g12
1002,95.0,veh_016,801.6,344.0649031116516,14.973964945748849,-0.2160423079412439,g20_g21_0,340.8649031116516,g20_g21
1002,95.0,veh_017,645.3213431002272,1.6,12.904531876871758,-0.02140163334086509,g20_g10_0,151.47865689977277,g20_g10
1002,95.0,veh_018,798.4,712.7517664787129,11.880199785379709,0.4131354390783226,g22_g21_0,84.04823352128707,g22_g21
1002,95.0,veh_019,577.3586997339294,801.6,13.131711939297787,0.34800054630952815,g22_g12_0,219.4413002660706,g22_g12
