seed,simulation_time,vehicle_id,x,y,speed_mps,acceleration_mps2,lane_id,lane_position_m,road_id
1010,1.0,veh_000,8.3,-1.6,12.0,0.0,e01_0,5.1,e01
1010,2.0,veh_000,22.793293284978716,-1.6,14.493293284978717,2.4932932849787175,e01_0,19.593293284978717,e01
1010,2.0,veh_001,1.6,8.3,12.0,0.0,e05_0,5.1,e05
1010,3.0,veh_000,38.15049138372649,-1.6,15.35719809874777,0.8639048137690519,e01_0,34.95049138372649,e01
1010,3.0,veh_001,1.6,22.18702556512784,13.887025565127841,1.887025565127841,e05_0,18.98702556512784,e05
1010,3.0,veh_002,8.3,-1.6,13.0,0.0,e01_0,5.1,e01
1010,4.0,veh_000,53.38040860545591,-1.6,15.229917221729423,-0.12728087701834667,e01_0,50.18040860545591,e01
1010,4.0,veh_001,1.6,36.37667937898107,14.189653813853228,0.3026282487253873,e05_0,33.17667937898107,e05
1010,4.0,veh_002,23.27844455256864,-1.6,14.97844455256864,1.9784445525686394,e01_0,20.07844455256864,e01
1010,4.0,veh_003,1.6,8.3,13.0,0.0,e05_0,5.1,e05
1010,5.0,veh_000,69.12280742718026,-1.6,15.742398821724358,0.5124815999949348,e01_0,65.92280742718026,e01
1010,5.0,veh_001,1.6,50.746528831930505,14.36984945294943,0.18019563909620118,e05_0,47.5465288319305,e05
1010,5.0,veh_002,38.1246057427496,-1.6,14.84616119018096,-0.13228336238768001,e01_0,34.9246057427496,e01
1010,5.0,veh_003,1.6,23.155426768492905,14.855426768492906,1.8554267684929062,e05_0,19.955426768492906,e05
1010,5.0,veh_004,8.3,-1.6,12.0,0.0,e01_0,5.1,e01
1010,6.0,veh_000,84.96823671057824,-1.6,15.845429283397982,0.10303046167362417,e01_0,81.76823671057824,e01
1010,6.0,veh_001,1.6,65.21086591901347,14.464337087082976,0.09448763413354655,e05_0,62.010865919013476,e05
1010,6.0,veh_002,53.38917211519903,-1.6,15.26456637244943,0.41840518226847045,e01_0,50.18917211519903,e01
1010,6.0,veh_003,1.6,38.446114599063904,15.290687830570995,0.435261062078089,e05_0,35.2461145990639,e05
1010,6.0,veh_004,22.8836143020913,-1.6,14.5836143020913,2.5836143020913003,e01_0,19.6836143020913,e01
1010,6.0,veh_005,1.6,8.3,12.0,0.0,e05_0,5.1,e05
1010,7.0,veh_000,100.68897992103715,-1.6,15.720743210458908,-0.12468607293907397,e01_0,97.48897992103714,e01
1010,7.0,veh_001,1.6,80.03091103146905,14.820045112455563,0.3557080253725875,e05_0,76.83091103146904,e05
1010,7.0,veh_002,68.2376922836077,-1.6,14.848520168408673,-0.4160462040407573,e01_0,65.0376922836077,e01
1010,7.0,veh_003,1.6,53.55816525630156,15.112050657237655,-0.17863717333334073,e05_0,50.358165256301554,e05
1010,7.0,veh_004,38.54690947721356,-1.6,15.663295175122254,1.079680873030954,e01_0,35.34690947721356,e01
1010,7.0,veh_005,1.6,22.501654858804404,14.201654858804407,2.2016548588044067,e05_0,19.301654858804405,e05
1010,7.0,veh_006,8.3,-1.6,13.0,0.0,e01_0,5.1,e01
1010,8.0,veh_000,116.38332736947346,-1.6,15.694347448436321,-0.02639576202258631,e01_0,113.18332736947346,e01
1010,8.0,veh_001,1.6,94.52201726950855,14.49110623803951,-0.3289388744160533,e05_0,91.32201726950855,e05
1010,8.0,veh_002,83.14740146152636,-1.6,14.909709177918653,0.06118900950998096,e01_0,79.94740146152635,e01
1010,8.0,veh_003,1.6,68.8441365276003,15.285971271298735,0.17392061406108006,e05_0,65.6441365276003,e05
1010,8.0,veh_004,54.64616726996596,-1.6,16.099257792752393,0.435962617630139,e01_0,51.446167269965954,e01
1010,8.0,veh_005,1.6,36.104495296657284,13.602840437852876,-0.5988144209515305,e05_0,32.90449529665728,e05
1010,8.0,veh_006,23.67168699420988,-1.6,15.371686994209885,2.3716869942098846,e01_0,20.471686994209882,e01
1010,8.0,veh_007,1.6,8.3,13.0,0.0,e05_0,5.1,e05
1010,9.0,veh_000,132.14475691412696,-1.6,15.761429544653522,0.06708209621720052,e01_0,128.94475691412697,e01
1010,9.0,veh_001,1.6,108.86356851795868,14.341551248450132,-0.14955498958937774,e05_0,105.66356851795868,e05
1010,9.0,veh_002,98.1481588422018,-1.6,15.000757380675445,0.0910482027567916,e01_0,94.94815884220179,e01
1010,9.0,veh_003,1.6,84.17090320751078,15.326766679910481,0.04079540861174635,e05_0,80.97090320751077,e05
1010,9.0,veh_004,70.69679970893871,-1.6,16.050632438972748,-0.04862535377964505,e01_0,67.49679970893871,e01
1010,9.0,veh_005,1.6,49.67679970350426,13.572304406846973,-0.030536031005903297,e05_0,46.476799703504255,e05
1010,9.0,veh_006,40.123813291527334,-1.6,16.45212629731745,1.080439303107564,e01_0,36.92381329152733,e01
1010,9.0,veh_007,1.6,23.275254777896105,14.975254777896108,1.975254777896108,e05_0,20.075254777896106,e05
1010,9.0,veh_008,8.3,-1.6,12.0,0.0,e01_0,5.1,e01
1010,10.0,veh_000,147.73585099970927,-1.6,15.591094085582311,-0.17033545907121095,e01_0,144.53585099970928,e01
1010,10.0,veh_001,1.6,123.60997610839759,14.746407590438912,0.4048563419887792,e05_0,120.40997610839759,e05
1010,10.0,veh_002,113.46443307054265,-1.6,15.316274228340866,0.3155168476654211,e01_0,110.26443307054265,e01
1010,10.0,veh_003,1.6,98.7943348837083,14.623431676197525,-0.7033350037129562,e05_0,95.5943348837083,e05
1010,10.0,veh_004,86.64178413492228,-1.6,15.944984425983556,-0.10564801298919235,e01_0,83.44178413492227,e01
1010,10.0,veh_005,1.6,63.369206552938024,13.692406849433766,0.12010244258679315,e05_0,60.16920655293802,e05
1010,10.0,veh_006,56.65224449145143,-1.6,16.52843119992409,0.07630490260664047,e01_0,53.452244491451424,e01
1010,10.0,veh_007,1.6,37.52638787610486,14.251133098208754,-0.7241216796873537,e05_0,34.32638787610486,e05
1010,10.0,veh_008,22.181062487721494,-1.6,13.881062487721497,1.881062487721497,e01_0,18.981062487721495,e01
1010,10.0,veh_009,1.6,8.3,12.0,0.0,e05_0,5.1,e05
1010,11.0,veh_000,163.30902239085532,-1.6,15.573171391146037,-0.017922694436274256,e01_0,160.10902239085533,e01
1010,11.0,veh_001,1.6,137.96560484538094,14.355628736983354,-0.39077885345555785,e05_0,134.76560484538095,e05
1010,11.0,veh_002,128.89414959728558,-1.6,15.429716526742945,0.11344229840207909,e01_0,125.6941495972856,e01
1010,11.0,veh_003,1.6,114.03295080861044,15.23861592490213,0.6151842487046046,e05_0,110.83295080861043,e05
1010,11.0,veh_004,102.26894735863252,-1.6,15.627163223710244,-0.31782120227331134,e01_0,99.06894735863251,e01
1010,11.0,veh_005,1.6,76.89780843760403,13.528601884665997,-0.16380496476776862,e05_0,73.69780843760402,e05
1010,11.0,veh_006,73.13513802842704,-1.6,16.48289353697561,-0.04553766294847961,e01_0,69.93513802842703,e01
1010,11.0,veh_007,1.6,52.073831143403595,14.547443267298728,0.2963101690899741,e05_0,48.87383114340359,e05
1010,11.0,veh_008,36.152824617971774,-1.6,13.971762130250276,0.09069964252877938,e01_0,32.95282461797177,e01
1010,11.0,veh_009,1.6,22.851904754601417,14.551904754601418,2.551904754601418,e05_0,19.651904754601418,e05
1010,11.0,veh_010,8.3,-1.6,13.0,0.0,e01_0,5.1,e01
1010,12.0,veh_000,178.85861100452263,-1.6,15.549588613667304,-0.023582777478733163,e01_0,175.65861100452264,e01
1010,12.0,veh_001,1.6,152.3434182129082,14.377813367527278,0.022184630543923944,e05_0,149.14341821290822,e05
1010,12.0,veh_002,144.19217235223968,-1.6,15.298022754954095,-0.13169377178885,e01_0,140.9921723522397,e01
1010,12.0,veh_003,1.6,128.57254004250362,14.53958923389318,-0.6990266910089495,e05_0,125.37254004250362,e05
1010,12.0,veh_004,118.15784506842779,-1.6,15.888897709795271,0.26173448608502703,e01_0,114.95784506842779,e01
1010,12.0,veh_005,1.6,90.63912940936781,13.741320971763791,0.21271908709779375,e05_0,87.43912940936781,e05
1010,12.0,veh_006,89.24146103135777,-1.6,16.106323002930733,-0.37657053404487684,e01_0,86.04146103135777,e01
1010,12.0,veh_007,1.6,66.47980311941434,14.40597197601075,-0.14147129128797786,e05_0,63.27980311941434,e05
1010,12.0,veh_008,50.15390199002547,-1.6,14.001077372053691,0.02931524180341505,e01_0,46.953901990025464,e01
1010,12.0,veh_009,1.6,38.68422648681322,15.8323217322118,1.2804169776103826,e05_0,35.48422648681322,e05
1010,12.0,veh_010,22.6733720685907,-1.6,14.373372068590703,1.3733720685907027,e01_0,19.473372068590702,e01
1010,12.0,veh_011,1.6,8.3,13.0,0.0,e05_0,5.1,e05
1010,13.0,veh_000,194.26166718830015,-1.6,15.403056183777528,-0.14653242988977588,e01_0,191.06166718830016,e01
1010,13.0,veh_001,1.6,166.72797436802014,14.384556155111941,0.00674278758466329,e05_0,163.52797436802015,e05
1010,13.0,veh_002,159.44466431919403,-1.6,15.252491966954352,-0.04553078799974308,e01_0,156.24466431919404,e01
1010,13.0,veh_003,1.6,143.28873865222846,14.71619860972487,0.17660937583169023,e05_0,140.08873865222847,e05
1010,13.0,veh_004,133.68855003225036,-1.6,15.530704963822593,-0.35819274597267814,e01_0,130.48855003225037,e01
1010,13.0,veh_005,1.6,104.64048148650932,14.001352077141503,0.26003110537771157,e05_0,101.44048148650931,e05
1010,13.0,veh_006,105.15451869957616,-1.6,15.913057668218391,-0.19326533471234164,e01_0,101.95451869957616,e01
1010,13.0,veh_007,1.6,80.61059703750036,14.13079391808601,-0.2751780579247409,e05_0,77.41059703750035,e05
1010,13.0,veh_008,64.57188933888565,-1.6,14.417987348860184,0.4169099768064921,e01_0,61.37188933888565,e01
1010,13.0,veh_009,1.6,54.11618440107924,15.431957914266016,-0.40036381794578446,e05_0,50.916184401079235,e05
1010,13.0,veh_010,37.424764957426554,-1.6,14.751392888835849,0.3780208202451458,e01_0,34.22476495742655,e01
1010,13.0,veh_011,1.6,23.68161666686181,15.38161666686181,2.3816166668618095,e05_0,20.48161666686181,e05
1010,13.0,veh_012,8.3,-1.6,12.0,0.0,e01_0,5.1,e01
1010,14.0,veh_000,210.0057213822148,-1.6,15.744054193914646,0.3409980101371186,e01_0,206.8057213822148,e01
1010,14.0,veh_001,1.6,180.97826057188075,14.250286203860604,-0.134269951251337,e05_0,177.77826057188076,e05
1010,14.0,veh_002,174.69856563810913,-1.6,15.253901318915108,0.001409351960756311,e01_0,171.49856563810914,e01
1010,14.0,veh_003,1.6,157.67962307439404,14.390884422165593,-0.3253141875592771,e05_0,154.47962307439406,e05
1010,14.0,veh_004,149.61292294914722,-1.6,15.92437291689685,0.3936679530742566,e01_0,146.41292294914723,e01
1010,14.0,veh_005,1.6,118.39928914391794,13.758807657408626,-0.24254441973287655,e05_0,115.19928914391794,e05
1010,14.0,veh_006,121.23478730976582,-1.6,16.08026861018967,0.16721094197127861,e01_0,118.03478730976582,e01
1010,14.0,veh_007,1.6,94.95734851800161,14.346751480501247,0.21595756241523745,e05_0,91.7573485180016,e05
1010,14.0,veh_008,78.84498862388105,-1.6,14.2730992849954,-0.1448880638647836,e01_0,75.64498862388105,e01
1010,14.0,veh_009,1.6,69.14450627609097,15.028321875011732,-0.40363603925428393,e05_0,65.94450627609096,e05
1010,14.0,veh_010,51.64438890864859,-1.6,14.219623951222033,-0.5317689376138155,e01_0,48.444388908648584,e01
1010,14.0,veh_011,1.6,39.787511383877145,16.105894717015328,0.7242780501535186,e05_0,36.58751138387714,e05
1010,14.0,veh_012,22.533520346493457,-1.6,14.23352034649346,2.23352034649346,e01_0,19.333520346493458,e01
1010,14.0,veh_013,1.6,8.3,12.0,0.0,e05_0,5.1,e05
1010,15.0,veh_000,225.24006614866096,-1.6,15.234344766446169,-0.5097094274684775,e01_0,222.04006614866097,e01
1010,15.0,veh_001,1.6,195.09783311147135,14.1195725395906,-0.13071366427000441,e05_0,191.89783311147136,e05
1010,15.0,veh_002,189.55314913301723,-1.6,14.854583494908097,-0.3993178240070119,e01_0,186.35314913301724,e01
1010,15.0,veh_003,1.6,171.56358357139806,13.883960497004013,-0.5069239251615798,e05_0,168.36358357139807,e05
1010,15.0,veh_004,165.14862692179463,-1.6,15.535703972647426,-0.38866894424942444,e01_0,161.94862692179464,e01
1010,15.0,veh_005,1.6,132.11931651961052,13.7200273756926,-0.038780281716025655,e05_0,128.91931651961053,e05
1010,15.0,veh_006,137.49152470356785,-1.6,16.256737393802034,0.17646878361236418,e01_0,134.29152470356786,e01
1010,15.0,veh_007,1.6,108.94049440031671,13.983145882315101,-0.3636055981861457,e05_0,105.7404944003167,e05
1010,15.0,veh_008,92.86671683188001,-1.6,14.021728207998962,-0.25137107699643835,e01_0,89.66671683188001,e01
1010,15.0,veh_009,1.6,84.31114276058766,15.166636484496696,0.1383146094849632,e05_0,81.11114276058765,e05
1010,15.0,veh_010,66.54322029189852,-1.6,14.89883138324994,0.6792074320279067,e01_0,63.343220291898525,e01
1010,15.0,veh_011,1.6,55.712117408690986,15.92460602481384,-0.18128869220148758,e05_0,52.51211740869098,e05
1010,15.0,veh_012,37.733746762188744,-1.6,15.200226415695282,0.9667060692018214,e01_0,34.53374676218874,e01
1010,15.0,veh_013,1.6,22.12405508852098,13.82405508852098,1.8240550885209803,e05_0,18.92405508852098,e05
1010,15.0,veh_014,8.3,-1.6,13.0,0.0,e01_0,5.1,e01
1010,16.0,veh_000,240.90149811756578,-1.6,15.661431968904811,0.42708720245864207,e01_0,237.7014981175658,e01
1010,16.0,veh_001,1.6,209.59481492994274,14.496981818471404,0.3774092788808048,e05_0,206.39481492994275,e05
1010,16.0,veh_002,204.4889031487404,-1.6,14.935754015723164,0.0811705208150677,e01_0,201.28890314874042,e01
1010,16.0,veh_003,1.6,185.668014550969,14.104430979570939,0.2204704825669257,e05_0,182.468014550969,e05
1010,16.0,veh_004,179.76107467985352,-1.6,14.61244775805888,-0.9232562145885463,e01_0,176.56107467985353,e01
1010,16.0,veh_005,1.6,145.59444733070308,13.475130811092543,-0.24489656460005804,e05_0,142.3944473307031,e05
1010,16.0,veh_006,153.3878024056647,-1.6,15.896277702096851,-0.36045969170518255,e01_0,150.1878024056647,e01
1010,16.0,veh_007,1.6,122.4654164231447,13.524922022827997,-0.458223859487104,e05_0,119.2654164231447,e05
1010,16.0,veh_008,107.18218005388361,-1.6,14.315463222003595,0.29373501400463375,e01_0,103.98218005388361,e01
1010,16.0,veh_009,1.6,98.94521165539336,14.63406889480571,-0.532567589690986,e05_0,95.74521165539336,e05
1010,16.0,veh_010,80.91673585633856,-1.6,14.373515564440035,-0.5253158188099043,e01_0,77.71673585633856,e01
1010,16.0,veh_011,1.6,71.7124006461513,16.000283237460316,0.07567721264647531,e05_0,68.51240064615129,e05
1010,16.0,veh_012,52.947107382624665,-1.6,15.213360620435918,0.01313420474063598,e01_0,49.74710738262466,e01
1010,16.0,veh_013,1.6,38.19608074358199,16.072025655061005,2.2479705665400243,e05_0,34.996080743581985,e05
1010,16.0,veh_014,23.59328419525642,-1.6,15.293284195256419,2.293284195256419,e01_0,20.39328419525642,e01
1010,16.0,veh_015,1.6,8.3,13.0,0.0,e05_0,5.1,e05
1010,17.0,veh_000,256.7973304919772,-1.6,15.895832374411414,0.23440040550660335,e01_0,253.5973304919772,e01
1010,17.0,veh_001,1.6,224.18547789236482,14.590662962422075,0.09368114395067018,e05_0,220.98547789236483,e05
1010,17.0,veh_002,219.41877408435175,-1.6,14.929870935611348,-0.0058830801118165965,e01_0,216.21877408435176,e01
1010,17.0,veh_003,1.6,200.27742115183827,14.609406600869292,0.5049756212983532,e05_0,197.07742115183828,e05
1010,17.0,veh_004,195.04138500139024,-1.6,15.280310321536724,0.6678625634778452,e01_0,191.84138500139025,e01
1010,17.0,veh_005,1.6,159.52530597989647,13.930858649193409,0.4557278381008665,e05_0,156.32530597989648,e05
1010,17.0,veh_006,168.4203084631266,-1.6,15.032506057461886,-0.8637716446349657,e01_0,165.2203084631266,e01
1010,17.0,veh_007,1.6,135.71597732308788,13.25056089994319,-0.2743611228848071,e05_0,132.5159773230879,e05
1010,17.0,veh_008,121.23653275524961,-1.6,14.054352701366001,-0.2611105206375939,e01_0,118.03653275524961,e01
1010,17.0,veh_009,1.6,112.3339035722368,13.38869191684344,-1.2453769779622696,e05_0,109.1339035722368,e05
1010,17.0,veh_010,95.49269578220826,-1.6,14.575959925869697,0.20244436142966116,e01_0,92.29269578220826,e01
1010,17.0,veh_011,1.6,86.873655154241,15.161254508089717,-0.8390287293705985,e05_0,83.673655154241,e05
1010,17.0,veh_012,67.89061116577118,-1.6,14.94350378314651,-0.26985683728940835,e01_0,64.69061116577117,e01
1010,17.0,veh_013,1.6,54.09274691424333,15.896666170661339,-0.17535948439966553,e05_0,50.892746914243325,e05
1010,17.0,veh_014,39.82905252248824,-1.6,16.235768327231813,0.9424841319753945,e01_0,36.62905252248824,e01
1010,17.0,veh_015,1.6,23.52122576847672,15.221225768476724,2.2212257684767245,e05_0,20.321225768476722,e05
1010,17.0,veh_016,8.3,-1.6,12.0,0.0,e01_0,5.1,e01
1010,18.0,veh_000,272.2966062214553,-1.6,15.499275729478116,-0.39655664493329823,e01_0,269.0966062214553,e01
1010,18.0,veh_001,1.6,238.95125273298453,14.765774840619715,0.17511187819764018,e05_0,235.75125273298454,e05
1010,18.0,veh_002,234.88440756728286,-1.6,15.465633482931102,0.535762547319754,e01_0,231.68440756728288,e01
1010,18.0,veh_003,1.6,215.19467757035267,14.9172564185144,0.3078498176451081,e05_0,211.99467757035268,e05
1010,18.0,veh_004,209.68786926546426,-1.6,14.646484264074017,-0.6338260574627075,e01_0,206.48786926546427,e01
1010,18.0,veh_005,1.6,173.34452255297754,13.819216573081079,-0.11164207611233046,e05_0,170.14452255297755,e05
1010,18.0,veh_006,184.30305964697948,-1.6,15.882751183852886,0.850245126391,e01_0,181.1030596469795,e01
1010,18.0,veh_007,1.6,149.96384584607708,14.247868522989203,0.9973076230460123,e05_0,146.7638458460771,e05
1010,18.0,veh_008,135.2574640979213,-1.6,14.020931342671679,-0.033421358694322834,e01_0,132.0574640979213,e01
1010,18.0,veh_009,1.6,125.548010432303,13.21410686006619,-0.17458505677725,e05_0,122.348010432303,e05
1010,18.0,veh_010,110.04479626712356,-1.6,14.552100484915295,-0.023859440954401734,e01_0,106.84479626712356,e01
1010,18.0,veh_011,1.6,100.92980988031391,14.05615472607291,-1.1050997820168078,e05_0,97.72980988031391,e05
1010,18.0,veh_012,82.86804061659289,-1.6,14.977429450821722,0.03392566767521288,e01_0,79.66804061659289,e01
1010,18.0,veh_013,1.6,70.49836539792828,16.405618483684957,0.5089523130236184,e05_0,67.29836539792828,e05
1010,18.0,veh_014,55.49083051091311,-1.6,15.66177798842487,-0.5739903388069436,e01_0,52.29083051091311,e01
1010,18.0,veh_015,1.6,39.460197639758704,15.938971871281975,0.7177461028052505,e05_0,36.2601976397587,e05
1010,18.0,veh_016,22.368004079204983,-1.6,14.068004079204984,2.068004079204984,e01_0,19.168004079204984,e01
1010,18.0,veh_017,1.6,8.3,12.0,0.0,e05_0,5.1,e05
1010,19.0,veh_000,288.05678756210386,-1.6,15.760181340648572,0.26090561117045574,e01_0,284.8567875621039,e01
1010,19.0,veh_001,1.6,253.24154391941624,14.290291186431723,-0.47548365418799143,e05_0,250.04154391941626,e05
1010,19.0,veh_002,250.28079031338135,-1.6,15.396382746098483,-0.06925073683261829,e01_0,247.08079031338136,e01
1010,19.0,veh_003,1.6,229.66633433943238,14.471656769079715,-0.4455996494346852,e05_0,226.4663343394324,e05
1010,19.0,veh_004,225.23503190548226,-1.6,15.547162640017994,0.9006783759439774,e01_0,222.03503190548227,e01
1010,19.0,veh_005,1.6,186.8750467037124,13.530524150734866,-0.2886924223462124,e05_0,183.6750467037124,e05
1010,19.0,veh_006,199.6352736230607,-1.6,15.332213976081226,-0.5505372077716597,e01_0,196.4352736230607,e01
1010,19.0,veh_007,1.6,163.81353499102346,13.849689144946385,-0.39817937804281733,e05_0,160.61353499102347,e05
1010,19.0,veh_008,149.16977843164054,-1.6,13.912314333719255,-0.10861700895242343,e01_0,145.96977843164055,e01
1010,19.0,veh_009,1.6,140.04002745459638,14.492017022293393,1.2779101622272027,e05_0,136.8400274545964,e05
1010,19.0,veh_010,124.45320476303311,-1.6,14.40840849590955,-0.1436919890057453,e01_0,121.25320476303311,e01
1010,19.0,veh_011,1.6,114.67226260995243,13.742452729638511,-0.3137019964343981,e05_0,111.47226260995242,e05
1010,19.0,veh_012,98.20356327994091,-1.6,15.335522663348014,0.3580932125262919,e01_0,95.0035632799409,e01
1010,19.0,veh_013,1.6,86.61734980635036,16.118984408422076,-0.28663407526288154,e05_0,83.41734980635036,e05
1010,19.0,veh_014,70.97675417539676,-1.6,15.48592366448365,-0.1758543239412198,e01_0,67.77675417539676,e01
1010,19.0,veh_015,1.6,56.10594422915486,16.64574658939615,0.7067747181141755,e05_0,52.905944229154855,e05
1010,19.0,veh_016,38.277222617748194,-1.6,15.90921853854321,1.8412144593382251,e01_0,35.07722261774819,e01
1010,19.0,veh_017,1.6,22.509713381192324,14.209713381192326,2.2097133811923264,e05_0,19.309713381192324,e05
1010,19.0,veh_018,8.3,-1.6,13.0,0.0,e01_0,5.1,e01
1010,20.0,veh_000,303.7476826459567,-1.6,15.690895083852823,-0.06928625679574907,e01_0,300.5476826459567,e01
1010,20.0,veh_001,1.6,267.80929580061735,14.56775188120112,0.27746069476939716,e05_0,264.60929580061736,e05
1010,20.0,veh_002,265.4402191369976,-1.6,15.159428823616276,-0.2369539224822077,e01_0,262.2402191369976,e01
1010,20.0,veh_003,1.6,243.842395536165,14.176061196732595,-0.29559557234711953,e05_0,240.642395536165,e05
1010,20.0,veh_004,240.8193094200812,-1.6,15.584277514598948,0.037114874580954194,e01_0,237.6193094200812,e01
1010,20.0,veh_005,1.6,200.72990259445314,13.854855890740739,0.3243317400058725,e05_0,197.52990259445315,e05
1010,20.0,veh_006,215.43554269963695,-1.6,15.800269076576262,0.46805510049503596,e01_0,212.23554269963697,e01
1010,20.0,veh_007,1.6,177.6516733717713,13.838138380747825,-0.01155076419856016,e05_0,174.4516733717713,e05
1010,20.0,veh_008,163.2741050562166,-1.6,14.104326624576055,0.19201229085680005,e01_0,160.0741050562166,e01
1010,20.0,veh_009,1.6,154.0952800637888,14.05525260919243,-0.43676441310096337,e05_0,150.89528006378882,e05
1010,20.0,veh_010,138.86996789636152,-1.6,14.41676313332843,0.008354637418880984,e01_0,135.66996789636153,e01
1010,20.0,veh_011,1.6,129.79320401738525,15.120941407432817,1.378488677794305,e05_0,126.59320401738523,e05
1010,20.0,veh_012,113.39988093495816,-1.6,15.196317655017259,-0.13920500833075522,e01_0,110.19988093495816,e01
1010,20.0,veh_013,1.6,101.5480626257674,14.930712819417039,-1.188271589005037,e05_0,98.3480626257674,e05
1010,20.0,veh_014,86.71251554518926,-1.6,15.735761369792497,0.2498377053088472,e01_0,83.51251554518926,e01
1010,20.0,veh_015,1.6,72.49069039588795,16.384746166733095,-0.2610004226630558,e05_0,69.29069039588795,e05
1010,20.0,veh_016,54.86239934945945,-1.6,16.585176731711254,0.6759581931680447,e01_0,51.66239934945945,e01
1010,20.0,veh_017,1.6,36.45858878054406,13.948875399351731,-0.26083798184059503,e05_0,33.25858878054406,e05
1010,20.0,veh_018,21.427168819307894,-1.6,13.127168819307895,0.12716881930789548,e01_0,18.227168819307895,e01
1010,20.0,veh_019,1.6,8.3,13.0,0.0,e05_0,5.1,e05
1010,21.0,veh_000,319.6869385301568,-1.6,15.939255884200113,0.24836080034729058,e01_0,316.4869385301568,e01
1010,21.0,veh_001,1.6,282.4564460856195,14.647150285002144,0.07939840380102403,e05_0,279.25644608561953,e05
1010,21.0,veh_002,280.67080185418706,-1.6,15.230582717189487,0.07115389357321078,e01_0,277.4708018541871,e01
1010,21.0,veh_003,1.6,258.1291728572131,14.286777321048111,0.11071612431551614,e05_0,254.9291728572131,e05
1010,21.0,veh_004,256.07031366867346,-1.6,15.251004248592277,-0.33327326600667107,e01_0,252.87031366867348,e01
1010,21.0,veh_005,1.6,214.31647427608402,13.586571681630897,-0.26828420910984185,e05_0,211.11647427608403,e05
1010,21.0,veh_006,230.8590457153673,-1.6,15.423503015730361,-0.3767660608459007,e01_0,227.6590457153673,e01
1010,21.0,veh_007,1.6,191.27072989194272,13.619056520171423,-0.21908186057640222,e05_0,188.07072989194273,e05
1010,21.0,veh_008,177.66093248391402,-1.6,14.38682742769742,0.2825008031213656,e01_0,174.46093248391404,e01
1010,21.0,veh_009,1.6,168.37777690112358,14.282496837334763,0.22724422814233414,e05_0,165.1777769011236,e05
1010,21.0,veh_010,153.5607735344255,-1.6,14.690805638063967,0.2740425047355366,e01_0,150.3607735344255,e01
1010,21.0,veh_011,1.6,144.03119186283521,14.23798784544999,-0.882953561982827,e05_0,140.83119186283523,e05
1010,21.0,veh_012,128.04947692148366,-1.6,14.649595986525515,-0.5467216684917435,e01_0,124.84947692148367,e01
1010,21.0,veh_013,1.6,117.9431348090299,16.3950721832625,1.4643593638454604,e05_0,114.7431348090299,e05
1010,21.0,veh_014,102.54313250920394,-1.6,15.830616964014675,0.09485559422217804,e01_0,99.34313250920394,e01
1010,21.0,veh_015,1.6,88.8426401366938,16.351949740805853,-0.0327964259272413,e05_0,85.6426401366938,e05
1010,21.0,veh_016,71.06617146894337,-1.6,16.20377211948391,-0.38140461222734245,e01_0,67.86617146894336,e01
1010,21.0,veh_017,1.6,50.85597978506328,14.397391004519218,0.44851560516748634,e05_0,47.65597978506328,e05
1010,21.0,veh_018,34.93994618066044,-1.6,13.512777361352542,0.3856085420446469,e01_0,31.73994618066044,e01
1010,21.0,veh_019,1.6,23.24925395570695,14.949253955706954,1.9492539557069541,e05_0,20.049253955706952,e05
1010,21.0,veh_020,8.3,-1.6,12.0,0.0,e01_0,5.1,e01
1010,22.0,veh_000,335.5380719392376,-1.6,15.851133409080806,-0.08812247511930771,e01_0,332.33807193923764,e01
1010,22.0,veh_001,1.6,296.61923377534475,14.162787689725237,-0.4843625952769077,e05_0,293.41923377534476,e05
1010,22.0,veh_002,295.66117742409494,-1.6,14.990375569907869,-0.24020714728161785,e01_0,292.46117742409496,e01
1010,22.0,veh_003,1.6,272.62150169230847,14.492328835095385,0.2055515140472739,e05_0,269.4215016923085,e05
1010,22.0,veh_004,271.69946130869164,-1.6,15.629147640018159,0.3781433914258816,e01_0,268.49946130869165,e01
1010,22.0,veh_005,1.6,228.52842441076194,14.211950134677911,0.6253784530470146,e05_0,225.32842441076195,e05
1010,22.0,veh_006,246.1528527712796,-1.6,15.2938070559123,-0.12969595981806137,e01_0,242.95285277127962,e01
1010,22.0,veh_007,1.6,204.6601237019311,13.389393809988384,-0.22966271018303885,e05_0,201.4601237019311,e05
1010,22.0,veh_008,191.63839022025724,-1.6,13.977457736343199,-0.40936969135422174,e01_0,188.43839022025725,e01
1010,22.0,veh_009,1.6,181.72200570945122,13.344228808327639,-0.9382680290071246,e05_0,178.52200570945124,e05
1010,22.0,veh_010,168.4727251177227,-1.6,14.911951583297204,0.22114594523323738,e01_0,165.2727251177227,e01
1010,22.0,veh_011,1.6,158.84760412351218,14.816412260676978,0.5784244152269888,e05_0,155.6476041235122,e05
1010,22.0,veh_012,143.06799317771234,-1.6,15.01851625622868,0.36892026970316394,e01_0,139.86799317771235,e01
1010,22.0,veh_013,1.6,132.5952138588106,14.65207904978071,-1.7429931334817894,e05_0,129.39521385881062,e05
1010,22.0,veh_014,117.42179590587499,-1.6,14.878663396671044,-0.9519535673436312,e01_0,114.22179590587498,e01
1010,22.0,veh_015,1.6,105.04405233249926,16.20141219580546,-0.15053754500039318,e05_0,101.84405233249926,e05
1010,22.0,veh_016,87.1140758315241,-1.6,16.04790436258074,-0.15586775690317012,e01_0,83.9140758315241,e01
1010,22.0,veh_017,1.6,65.21299664300366,14.357016857940383,-0.04037414657883431,e05_0,62.01299664300366,e05
1010,22.0,veh_018,48.4374214635871,-1.6,13.497475282926658,-0.015302078425884602,e01_0,45.2374214635871,e01
1010,22.0,veh_019,1.6,38.48388534404755,15.234631388340599,0.2853774326336449,e05_0,35.28388534404755,e05
1010,22.0,veh_020,22.641723258919082,-1.6,14.341723258919082,2.3417232589190817,e01_0,19.441723258919083,e01
1010,22.0,veh_021,1.6,8.3,12.0,0.0,e05_0,5.1,e05
1010,23.0,veh_000,351.19601910566354,-1.6,15.657947166425886,-0.19318624265491913,e01_0,347.99601910566355,e01
1010,23.0,veh_001,1.6,311.0345301207075,14.415296345362739,0.25250865563750224,e05_0,307.8345301207075,e05
1010,23.0,veh_002,310.5755674668711,-1.6,14.914390042776162,-0.07598552713170648,e01_0,307.37556746687113,e01
1010,23.0,veh_003,1.6,287.0678891106935,14.446387418385052,-0.045941416710332916,e05_0,283.8678891106935,e05
1010,23.0,veh_004,286.3864679325747,-1.6,14.687006623883054,-0.9421410161351051,e01_0,283.1864679325747,e01
1010,23.0,veh_005,1.6,242.25053928066396,13.72211486990201,-0.4898352647759019,e05_0,239.05053928066397,e05
1010,23.0,veh_006,261.93946482981437,-1.6,15.78661205853474,0.49280500262243976,e01_0,258.7394648298144,e01
1010,23.0,veh_007,1.6,219.3487638028393,14.688640100908197,1.2992462909198128,e05_0,216.1487638028393,e05
1010,23.0,veh_008,205.96616534621626,-1.6,14.32777512595901,0.35031738961581027,e01_0,202.76616534621627,e01
1010,23.0,veh_009,1.6,195.19480901002635,13.472803300575126,0.12857449224748763,e05_0,191.99480901002636,e05
1010,23.0,veh_010,182.7494243922023,-1.6,14.27669927447959,-0.6352523088176145,e01_0,179.5494243922023,e01
1010,23.0,veh_011,1.6,172.44583594716255,13.598231823650378,-1.2181804370266,e05_0,169.24583594716256,e05
1010,23.0,veh_012,158.3966429708228,-1.6,15.328649793110447,0.3101335368817679,e01_0,155.1966429708228,e01
1010,23.0,veh_013,1.6,148.29919226673428,15.703978407923668,1.0518993581429577,e05_0,145.0991922667343,e05
1010,23.0,veh_014,132.66807985388024,-1.6,15.246283948005265,0.36762055133422145,e01_0,129.46807985388025,e01
1010,23.0,veh_015,1.6,120.97684069014252,15.932788357643261,-0.26862383816219904,e05_0,117.77684069014252,e05
1010,23.0,veh_016,103.68468190954533,-1.6,16.57060607802123,0.5227017154404869,e01_0,100.48468190954533,e01
1010,23.0,veh_017,1.6,79.36524748207376,14.152250839070097,-0.204766018870286,e05_0,76.16524748207375,e05
1010,23.0,veh_018,62.09719073172039,-1.6,13.659769268133292,0.16229398520663452,e01_0,58.897190731720386,e01
1010,23.0,veh_019,1.6,53.49989568374237,15.016010339694825,-0.21862104864577425,e05_0,50.29989568374237,e05
1010,23.0,veh_020,36.6010731479104,-1.6,13.959349888991314,-0.3823733699277678,e01_0,33.401073147910395,e01
1010,23.0,veh_021,1.6,22.815200600982642,14.515200600982643,2.5152006009826433,e05_0,19.615200600982643,e05
1010,23.0,veh_022,8.3,-1.6,13.0,0.0,e01_0,5.1,e01
1010,24.0,veh_000,366.8386899331331,-1.6,15.642670827469567,-0.01527633895631908,e01_0,363.6386899331331,e01
1010,24.0,veh_001,1.6,325.39041487144,14.355884750732521,-0.059411594630217834,e05_0,322.19041487144,e05
1010,24.0,veh_002,325.6675896440597,-1.6,15.092022177188579,0.17763213441241632,e01_0,322.46758964405973,e01
1010,24.0,veh_003,1.6,301.94624617191397,14.878357061220466,0.43196964283541384,e05_0,298.746246171914,e05
1010,24.0,veh_004,301.61512284663127,-1.6,15.228654914056587,0.5416482901735336,e01_0,298.4151228466313,e01
1010,24.0,veh_005,1.6,255.7272055611432,13.47666628047927,-0.24544858942273962,e05_0,252.52720556114323,e05
1010,24.0,veh_006,277.12104044416157,-1.6,15.181575614347206,-0.6050364441875331,e01_0,273.9210404441616,e01
1010,24.0,veh_007,1.6,233.2216292840046,13.872865481165292,-0.8157746197429052,e05_0,230.0216292840046,e05
1010,24.0,veh_008,220.26494846120093,-1.6,14.298783114984685,-0.028992010974324245,e01_0,217.06494846120094,e01
1010,24.0,veh_009,1.6,209.80347901136614,14.608670001339787,1.1358667007646606,e05_0,206.60347901136615,e05
1010,24.0,veh_010,197.106768910609,-1.6,14.357344518406698,0.08064524392710837,e01_0,193.906768910609,e01
1010,24.0,veh_011,1.6,185.59935860466027,13.15352265749773,-0.44470916615264855,e05_0,182.39935860466028,e05
1010,24.0,veh_012,172.93998800463768,-1.6,14.543345033814875,-0.7853047592955722,e01_0,169.7399880046377,e01
1010,24.0,veh_013,1.6,162.60937304986655,14.310180783132262,-1.3937976247914055,e05_0,159.40937304986656,e05
1010,24.0,veh_014,148.71254828174318,-1.6,16.044468427862952,0.7981844798576869,e01_0,145.5125482817432,e01
1010,24.0,veh_015,1.6,137.26952825113295,16.292687560990455,0.3598992033471937,e05_0,134.06952825113297,e05
1010,24.0,veh_016,120.12625828874299,-1.6,16.441576379197652,-0.12902969882357596,e01_0,116.92625828874299,e01
1010,24.0,veh_017,1.6,93.76444514452194,14.39919766244819,0.24694682337809226,e05_0,90.56444514452194,e05
1010,24.0,veh_018,75.7802428086595,-1.6,13.683052076939108,0.023282808805815236,e01_0,72.58024280865949,e01
1010,24.0,veh_019,1.6,67.93820691878186,14.438311235039492,-0.5776991046553324,e05_0,64.73820691878186,e05
1010,24.0,veh_020,50.578271290704954,-1.6,13.977198142794558,0.017848253803244063,e01_0,47.37827129070495,e01
1010,24.0,veh_021,1.6,39.03935486788396,16.224154266901316,1.7089536659186724,e05_0,35.839354867883955,e05
1010,24.0,veh_022,23.602542236311482,-1.6,15.302542236311481,2.3025422363114814,e01_0,20.402542236311483,e01
1010,24.0,veh_023,1.6,8.3,13.0,0.0,e05_0,5.1,e05
1010,25.0,veh_000,382.69330645192554,-1.6,15.854616518792476,0.2119456913229083,e01_0,379.49330645192555,e01
1010,25.0,veh_001,1.6,339.7067112063589,14.316296334918889,-0.039588415813632594,e05_0,336.5067112063589,e05
1010,25.0,veh_002,340.5478713009079,-1.6,14.880281656848187,-0.21174052034039192,e01_0,337.3478713009079,e01
1010,25.0,veh_003,1.6,316.23505775770184,14.288811585787856,-0.5895454754326099,e05_0,313.03505775770185,e05
1010,25.0,veh_004,316.6620118970887,-1.6,15.046889050457395,-0.18176586359919256,e01_0,313.4620118970887,e01
1010,25.0,veh_005,1.6,269.9222823204016,14.195076759258384,0.7184104787791146,e05_0,266.72228232040163,e05
1010,25.0,veh_006,292.35095604520626,-1.6,15.229915601044699,0.048339986697492066,e01_0,289.15095604520627,e01
1010,25.0,veh_007,1.6,246.43102567891586,13.209396394911263,-0.6634690862540289,e05_0,243.23102567891587,e05
1010,25.0,veh_008,234.28814384420863,-1.6,14.023195383007693,-0.2755877319769926,e01_0,231.08814384420864,e01
1010,25.0,veh_009,1.6,223.63451155875904,13.831032547392901,-0.7776374539468858,e05_0,220.43451155875906,e05
1010,25.0,veh_010,211.73091725068525,-1.6,14.62414834007627,0.26680382166957095,e01_0,208.53091725068526,e01
1010,25.0,veh_011,1.6,199.95847252514633,14.359113920486061,1.2055912629883316,e05_0,196.75847252514635,e05
1010,25.0,veh_012,187.09805671573253,-1.6,14.158068711094845,-0.38527632272002954,e01_0,183.89805671573254,e01
1010,25.0,veh_013,1.6,176.18429878691404,13.574925737047508,-0.7352550460847542,e05_0,172.98429878691405,e05
1010,25.0,veh_014,163.41884852884428,-1.6,14.706300247101108,-1.3381681807618442,e01_0,160.2188485288443,e01
1010,25.0,veh_015,1.6,151.83567572375753,14.566147472624591,-1.726540088365864,e05_0,148.63567572375754,e05
1010,25.0,veh_016,136.1975510609476,-1.6,16.071292772204618,-0.3702836069930342,e01_0,132.99755106094761,e01
1010,25.0,veh_017,1.6,108.1958345083665,14.43138936384456,0.03219170139636951,e05_0,104.9958345083665,e05
1010,25.0,veh_018,89.22797656292796,-1.6,13.447733754268462,-0.23531832267064523,e01_0,86.02797656292796,e01
1010,25.0,veh_019,1.6,82.79685287499584,14.858645956213971,0.4203347211744788,e05_0,79.59685287499583,e05
1010,25.0,veh_020,64.65935120018031,-1.6,14.08107990947536,0.10388176668080185,e01_0,61.45935120018031,e01
1010,25.0,veh_021,1.6,54.74454392965563,15.705189061771671,-0.5189652051296445,e05_0,51.544543929655624,e05
1010,25.0,veh_022,38.3225900337118,-1.6,14.72004779740031,-0.582494438911171,e01_0,35.122590033711795,e01
1010,25.0,veh_023,1.6,23.639868927644564,15.339868927644565,2.3398689276445648,e05_0,20.439868927644564,e05
1010,26.0,veh_000,398.13670157922456,-1.6,15.44339512729902,-0.4112213914934557,e01_0,394.9367015792246,e01
1010,26.0,veh_001,1.6,354.16213395824406,14.455422751885207,0.13912641696631844,e05_0,350.96213395824407,e05
1010,26.0,veh_002,355.66465744281373,-1.6,15.116786141905854,0.23650448505766697,e01_0,352.46465744281375,e01
1010,26.0,veh_003,1.6,330.9580615075944,14.723003749892548,0.43419216410469197,e05_0,327.7580615075944,e05
1010,26.0,veh_004,331.27603026254405,-1.6,14.614018365455358,-0.43287068500203674,e01_0,328.07603026254407,e01
1010,26.0,veh_005,1.6,283.7933765068158,13.871094186414131,-0.3239825728442529,e05_0,280.5933765068158,e05
1010,26.0,veh_006,307.1722441211594,-1.6,14.82128807595311,-0.40862752509158895,e01_0,303.9722441211594,e01
1010,26.0,veh_007,1.6,260.79334853902344,14.362322860107605,1.1529264651963427,e05_0,257.59334853902345,e05
1010,26.0,veh_008,248.65390736406576,-1.6,14.365763519857133,0.3425681368494402,e01_0,245.45390736406577,e01
1010,26.0,veh_009,1.6,237.16757087764356,13.533059318884513,-0.29797322850838803,e05_0,233.96757087764357,e05
1010,26.0,veh_010,225.37275510384228,-1.6,13.641837853157027,-0.9823104869192427,e01_0,222.1727551038423,e01
1010,26.0,veh_011,1.6,213.7466829330203,13.788210407873981,-0.5709035126120803,e05_0,210.54668293302032,e05
1010,26.0,veh_012,202.29085948371755,-1.6,15.192802767985025,1.03473405689018,e01_0,199.09085948371757,e01
1010,26.0,veh_013,1.6,190.2614089074792,14.077110120565148,0.5021843835176405,e05_0,187.0614089074792,e05
1010,26.0,veh_014,177.62520148032576,-1.6,14.206352951481483,-0.49994729561962536,e01_0,174.42520148032577,e01
1010,26.0,veh_015,1.6,165.97439940856856,14.13872368481102,-0.4274237878135718,e05_0,162.77439940856857,e05
1010,26.0,veh_016,151.90527174723894,-1.6,15.707720686291331,-0.3635720859132867,e01_0,148.70527174723895,e01
1010,26.0,veh_017,1.6,122.28581511330721,14.089980604940704,-0.3414087589038548,e05_0,119.0858151133072,e05
1010,26.0,veh_018,102.23715371363062,-1.6,13.00917715070265,-0.4385566035658126,e01_0,99.03715371363062,e01
1010,26.0,veh_019,1.6,97.56063207236365,14.763779197367814,-0.09486675884615714,e05_0,94.36063207236364,e05
1010,26.0,veh_020,78.52096742058808,-1.6,13.861616220407768,-0.21946368906759162,e01_0,75.32096742058808,e01
1010,26.0,veh_021,1.6,70.53015913735832,15.785615207702703,0.08042614593103181,e05_0,67.33015913735832,e05
1010,26.0,veh_022,53.321891782462934,-1.6,14.999301748751138,0.2792539513508281,e01_0,50.12189178246293,e01
1010,26.0,veh_023,1.6,39.9602159182122,16.320346990567632,0.9804780629230674,e05_0,36.7602159182122,e05
1010,27.0,veh_000,413.45137747676023,-1.6,15.314675897535647,-0.12871922976337302,e01_0,410.25137747676024,e01
1010,27.0,veh_001,1.6,368.4576559741959,14.295522015951873,-0.1599007359333342,e05_0,365.2576559741959,e05
1010,27.0,veh_002,370.5392593995155,-1.6,14.874601956701758,-0.24218418520409557,e01_0,367.3392593995155,e01
1010,27.0,veh_003,1.6,345.21317620001736,14.255114692422957,-0.4678890574695913,e05_0,342.01317620001737,e05
1010,27.0,veh_004,346.73249303821274,-1.6,15.456462775668708,0.8424444102133499,e01_0,343.53249303821275,e01
1010,27.0,veh_005,1.6,297.7080338322541,13.914657325438323,0.043563139024191955,e05_0,294.5080338322541,e05
1010,27.0,veh_006,322.1006568929089,-1.6,14.928412771749517,0.10712469579640782,e01_0,318.9006568929089,e01
1010,27.0,veh_007,1.6,274.559101057413,13.76575251838953,-0.5965703417180759,e05_0,271.359101057413,e05
1010,27.0,veh_008,262.55111260281694,-1.6,13.897205238751189,-0.46855828110594366,e01_0,259.35111260281695,e01
1010,27.0,veh_009,1.6,251.7781942445301,14.61062336688652,1.0775640480020066,e05_0,248.5781942445301,e05
1010,27.0,veh_010,239.68285055741714,-1.6,14.310095453574847,0.6682576004178209,e01_0,236.48285055741715,e01
1010,27.0,veh_011,1.6,227.48181550873832,13.735132575718021,-0.05307783215596018,e05_0,224.28181550873833,e05
1010,27.0,veh_012,215.78591508927008,-1.6,13.495055605552519,-1.6977471624325062,e01_0,212.5859150892701,e01
1010,27.0,veh_013,1.6,203.86750748166017,13.606098574180974,-0.4710115463841742,e05_0,200.66750748166018,e05
1010,27.0,veh_014,193.17151788488346,-1.6,15.546316404557688,1.339963453076205,e01_0,189.97151788488347,e01
1010,27.0,veh_015,1.6,179.98826442456775,14.0138650159992,-0.12485866881181984,e05_0,176.78826442456776,e05
1010,27.0,veh_016,166.33594017501247,-1.6,14.430668427773519,-1.2770522585178128,e01_0,163.13594017501248,e01
1010,27.0,veh_017,1.6,136.21625911287768,13.930443999570475,-0.15953660537022962,e05_0,133.0162591128777,e05
1010,27.0,veh_018,115.66625632884605,-1.6,13.429102615215431,0.41992546451278123,e01_0,112.46625632884604,e01
1010,27.0,veh_019,1.6,111.80719344171327,14.246561369349616,-0.5172178280181985,e05_0,108.60719344171326,e05
1010,27.0,veh_020,92.29384479995531,-1.6,13.772877379367236,-0.08873884104053253,e01_0,89.0938447999553,e01
1010,27.0,veh_021,1.6,86.29412965474783,15.763970517389517,-0.021644690313186388,e05_0,83.09412965474783,e05
1010,27.0,veh_022,67.62817703981086,-1.6,14.306285257347936,-0.6930164914032027,e01_0,64.42817703981086,e01
1010,27.0,veh_023,1.6,56.11482999597676,16.154614077764563,-0.1657329128030689,e05_0,52.91482999597676,e05
1010,28.0,veh_000,428.6663744661145,-1.6,15.21499698935427,-0.09967890818137626,e01_0,425.46637446611453,e01
1010,28.0,veh_001,1.6,382.8125278520751,14.354871877879203,0.059349861927330494,e05_0,379.6125278520751,e05
1010,28.0,veh_002,385.46415614626636,-1.6,14.924896746750841,0.050294790049083105,e01_0,382.2641561462664,e01
1010,28.0,veh_003,1.6,359.4214701610605,14.208293961043134,-0.04682073137982279,e05_0,356.2214701610605,e05
1010,28.0,veh_004,361.4518733683236,-1.6,14.71938033011086,-0.7370824455578475,e01_0,358.25187336832363,e01
1010,28.0,veh_005,1.6,311.7835233979666,14.075489565712498,0.16083224027417486,e05_0,308.5835233979666,e05
1010,28.0,veh_006,337.9306658927743,-1.6,15.830008999865397,0.9015962281158796,e01_0,334.7306658927743,e01
1010,28.0,veh_007,1.6,288.3070676241462,13.747966566733222,-0.017785951656307475,e05_0,285.1070676241462,e05
1010,28.0,veh_008,276.9978236905505,-1.6,14.446711087733561,0.5495058489823723,e01_0,273.7978236905505,e01
1010,28.0,veh_009,1.6,265.69660488033935,13.918410635809277,-0.6922127310772428,e05_0,262.49660488033936,e05
1010,28.0,veh_010,253.416752836358,-1.6,13.733902278940826,-0.576193174634021,e01_0,250.21675283635798,e01
1010,28.0,veh_011,1.6,241.87717002485175,14.395354516113438,0.6602219403954166,e05_0,238.67717002485176,e05
1010,28.0,veh_012,230.06974411842626,-1.6,14.283829029156179,0.7887734236036597,e01_0,226.86974411842627,e01
1010,28.0,veh_013,1.6,217.81228083715644,13.944773355496254,0.33867478131528017,e05_0,214.61228083715645,e05
1010,28.0,veh_014,206.80176238770665,-1.6,13.630244502823187,-1.916071901734501,e01_0,203.60176238770666,e01
1010,28.0,veh_015,1.6,193.70113781536722,13.71287339079948,-0.30099162519971934,e05_0,190.50113781536723,e05
1010,28.0,veh_016,182.42000536772665,-1.6,16.08406519271417,1.653396764940652,e01_0,179.22000536772666,e01
1010,28.0,veh_017,1.6,150.4506308877529,14.234371774875239,0.3039277753047642,e05_0,147.25063088775292,e05
1010,28.0,veh_018,129.15421338762275,-1.6,13.487957058776717,0.05885444356128566,e01_0,125.95421338762276,e01
1010,28.0,veh_019,1.6,125.96393443399994,14.156740992286672,-0.08982037706294399,e05_0,122.76393443399994,e05
1010,28.0,veh_020,106.20342112094691,-1.6,13.909576320991606,0.13669894162437046,e01_0,103.00342112094691,e01
1010,28.0,veh_021,1.6,100.94605993623532,14.651930281487479,-1.1120402359020378,e05_0,97.74605993623531,e05
1010,28.0,veh_022,82.01238883444285,-1.6,14.384211794631982,0.0779265372840463,e01_0,78.81238883444284,e01
1010,28.0,veh_023,1.6,72.20175009201282,16.08692009603605,-0.06769398172851382,e05_0,69.00175009201281,e05
1010,29.0,veh_000,444.4662381966753,-1.6,15.799863730560768,0.584866741206497,e01_0,441.2662381966753,e01
1010,29.0,veh_001,1.6,397.2177383481648,14.40521049608972,0.05033861821051744,e05_0,394.0177383481648,e05
1010,29.0,veh_002,400.78808981336726,-1.6,15.323933667100887,0.3990369203500457,e01_0,397.5880898133673,e01
1010,29.0,veh_003,1.6,373.9818623380528,14.560392176992314,0.3520982159491801,e05_0,370.7818623380528,e05
1010,29.0,veh_004,376.5574733158609,-1.6,15.105599947537243,0.38621961742638256,e01_0,373.3574733158609,e01
1010,29.0,veh_005,1.6,325.57709124750033,13.793567849533732,-0.2819217161787666,e05_0,322.37709124750035,e05
1010,29.0,veh_006,352.7161895908583,-1.6,14.785523698083972,-1.0444853017814246,e01_0,349.5161895908583,e01
1010,29.0,veh_007,1.6,302.6016309525177,14.294563328371503,0.5465967616382805,e05_0,299.40163095251773,e05
1010,29.0,veh_008,291.43757573654983,-1.6,14.439752045999334,-0.006959041734226901,e01_0,288.23757573654984,e01
1010,29.0,veh_009,1.6,279.56407116392444,13.867466283585099,-0.05094435222417815,e05_0,276.36407116392445,e05
1010,29.0,veh_010,267.74032353646464,-1.6,14.323570700106698,0.5896684211658716,e01_0,264.54032353646465,e01
1010,29.0,veh_011,1.6,256.2836403906603,14.406470365808573,0.011115849695135793,e05_0,253.08364039066032,e05
1010,29.0,veh_012,243.9318937588353,-1.6,13.862149640409028,-0.42167938874715105,e01_0,240.7318937588353,e01
1010,29.0,veh_013,1.6,232.5251070920562,14.712826254899774,0.7680528994035196,e05_0,229.32510709205621,e05
1010,29.0,veh_014,221.44809286091277,-1.6,14.646330473206115,1.0160859703829281,e01_0,218.24809286091278,e01
1010,29.0,veh_015,1.6,208.30046275705084,14.599324941683625,0.8864515508841446,e05_0,205.10046275705085,e05
1010,29.0,veh_016,196.3427687964045,-1.6,13.922763428677841,-2.1613017640363292,e01_0,193.1427687964045,e01
1010,29.0,veh_017,1.6,164.73518502358365,14.284554135830753,0.05018236095551387,e05_0,161.53518502358367,e05
1010,29.0,veh_018,142.60839646472675,-1.6,13.454183077104004,-0.03377398167271295,e01_0,139.40839646472676,e01
1010,29.0,veh_019,1.6,140.82766396493813,14.86372953093821,0.7069885386515384,e05_0,137.62766396493814,e05
1010,29.0,veh_020,119.95312042363301,-1.6,13.749699302686096,-0.15987701830550982,e01_0,116.753120423633,e01
1010,29.0,veh_021,1.6,115.46120554126234,14.515145605027037,-0.1367846764604419,e05_0,112.26120554126234,e05
1010,29.0,veh_022,95.97563257323195,-1.6,13.963243738789107,-0.42096805584287544,e01_0,92.77563257323195,e01
1010,29.0,veh_023,1.6,88.34173982965487,16.13998973764205,0.05306964160600103,e05_0,85.14173982965487,e05
1010,30.0,veh_000,459.77788049402216,-1.6,15.311642297346856,-0.4882214332139121,e01_0,456.57788049402217,e01
1010,30.0,veh_001,1.6,411.48082510182496,14.26308675366018,-0.14212374242953985,e05_0,408.280825101825,e05
1010,30.0,veh_002,416.23516190030955,-1.6,15.447072086942303,0.12313841984141582,e01_0,413.03516190030956,e01
1010,30.0,veh_003,1.6,388.5264608072369,14.544598469184123,-0.015793707808191115,e05_0,385.3264608072369,e05
1010,30.0,veh_004,391.9352620303426,-1.6,15.377788714481692,0.27218876694444916,e01_0,388.7352620303426,e01
1010,30.0,veh_005,1.6,339.48022089004195,13.90312964254162,0.10956179300788804,e05_0,336.28022089004196,e05
1010,30.0,veh_006,368.09518062216756,-1.6,15.378991031309273,0.5934673332253002,e01_0,364.8951806221676,e01
1010,30.0,veh_007,1.6,316.8110402575632,14.209409305045504,-0.0851540233259982,e05_0,313.6110402575632,e05
1010,30.0,veh_008,305.70545096872394,-1.6,14.267875232174115,-0.1718768138252198,e01_0,302.50545096872395,e01
1010,30.0,veh_009,1.6,293.56693370709866,14.002862543174205,0.13539625958910584,e05_0,290.36693370709867,e05
1010,30.0,veh_010,282.60023721157,-1.6,14.859913675105352,0.5363429749986537,e01_0,279.40023721157,e01
1010,30.0,veh_011,1.6,270.2098230915616,13.926182700901256,-0.48028766490731734,e05_0,267.0098230915616,e05
1010,30.0,veh_012,258.0270265276228,-1.6,14.095132768787497,0.23298312837846957,e01_0,254.8270265276228,e01
1010,30.0,veh_013,1.6,247.0642362625661,14.539129170509904,-0.17369708438986997,e05_0,243.86423626256612,e05
1010,30.0,veh_014,235.4770613525288,-1.6,14.028968491616046,-0.6173619815900686,e01_0,232.27706135252882,e01
1010,30.0,veh_015,1.6,222.79996897422913,14.499506217178293,-0.09981872450533125,e05_0,219.59996897422914,e05
1010,30.0,veh_016,211.59519165457695,-1.6,15.252422858172459,1.3296594294946171,e01_0,208.39519165457696,e01
1010,30.0,veh_017,1.6,178.88674793064953,14.151562907065877,-0.132991228764876,e05_0,175.68674793064955,e05
1010,30.0,veh_018,155.79658604145092,-1.6,13.18818957672416,-0.26599350037984415,e01_0,152.59658604145093,e01
1010,30.0,veh_019,1.6,155.02101739356118,14.193353428623041,-0.6703761023151689,e05_0,151.8210173935612,e05
1010,30.0,veh_020,133.78344379517623,-1.6,13.83032337154324,0.08062406885714424,e01_0,130.58344379517624,e01
1010,30.0,veh_021,1.6,130.7670073345551,15.305801793292767,0.7906561882657304,e05_0,127.56700733455511,e05
1010,30.0,veh_022,110.29820529560095,-1.6,14.322572722369005,0.35932898357989806,e01_0,107.09820529560095,e01
1010,30.0,veh_023,1.6,103.37793218253485,15.036192352879981,-1.1037973847620695,e05_0,100.17793218253485,e05
1010,31.0,veh_000,475.15769298188775,-1.6,15.379812487865577,0.06817019051872109,e01_0,471.95769298188776,e01
1010,31.0,veh_001,1.6,425.71189291859406,14.231067816769073,-0.032018936891107685,e05_0,422.51189291859407,e05
1010,31.0,veh_002,431.6497609343534,-1.6,15.414599034043881,-0.03247305289842117,e01_0,428.44976093435344,e01
1010,31.0,veh_003,1.6,402.3694526099534,13.842991802716492,-0.7016066664676313,e05_0,399.1694526099534,e05
1010,31.0,veh_004,407.7004034099687,-1.6,15.765141379626105,0.38735266514441236,e01_0,404.5004034099687,e01
1010,31.0,veh_005,1.6,353.0297139296659,13.549493039623933,-0.35363660291768717,e05_0,349.8297139296659,e05
1010,31.0,veh_006,383.1292213278877,-1.6,15.034040705720173,-0.34495032558909955,e01_0,379.9292213278877,e01
1010,31.0,veh_007,1.6,330.55612188551714,13.745081627953917,-0.4643276770915872,e05_0,327.35612188551715,e05
1010,31.0,veh_008,319.7835476565447,-1.6,14.078096687820793,-0.18977854435332198,e01_0,316.58354765654474,e01
1010,31.0,veh_009,1.6,308.0435837758559,14.476650068757253,0.4737875255830488,e05_0,304.8435837758559,e05
1010,31.0,veh_010,296.53396123901126,-1.6,13.933724027441238,-0.9261896476641134,e01_0,293.3339612390113,e01
1010,31.0,veh_011,1.6,284.3157296297379,14.105906538176347,0.17972383727509111,e05_0,281.1157296297379,e05
1010,31.0,veh_012,273.03407415676594,-1.6,15.007047629143175,0.9119148603556777,e01_0,269.83407415676595,e01
1010,31.0,veh_013,1.6,261.0161032108822,13.951866948316074,-0.5872622221938304,e05_0,257.8161032108822,e05
1010,31.0,veh_014,249.77959766881884,-1.6,14.302536316290045,0.2735678246739983,e01_0,246.57959766881885,e01
1010,31.0,veh_015,1.6,237.20729288047926,14.407323906250117,-0.09218231092817675,e05_0,234.00729288047927,e05
1010,31.0,veh_016,226.1381354659899,-1.6,14.542943811412941,-0.7094790467595171,e01_0,222.93813546598992,e01
1010,31.0,veh_017,1.6,192.62107782149457,13.734329890845023,-0.4172330162208535,e05_0,189.42107782149458,e05
1010,31.0,veh_018,168.89169267594352,-1.6,13.0951066344926,-0.09308294223155933,e01_0,165.69169267594353,e01
1010,31.0,veh_019,1.6,169.31629949476223,14.295282101201058,0.1019286725780173,e05_0,166.11629949476225,e05
1010,31.0,veh_020,146.64754851615933,-1.6,12.864104720983102,-0.9662186505601387,e01_0,143.44754851615934,e01
1010,31.0,veh_021,1.6,145.20159793947658,14.434590604921478,-0.871211188371289,e05_0,142.0015979394766,e05
1010,31.0,veh_022,124.12446001989699,-1.6,13.82625472429604,-0.4963179980729642,e01_0,120.92446001989698,e01
1010,31.0,veh_023,1.6,119.44232880683857,16.06439662430372,1.0282042714237374,e05_0,116.24232880683857,e05
1010,32.0,veh_000,491.13560281244844,-1.6,15.977909830560687,0.5980973426951106,e01_0,487.93560281244845,e01
1010,32.0,veh_001,1.6,440.4155232164582,14.703630297864155,0.4725624810950819,e05_0,437.2155232164582,e05
1010,32.0,veh_002,446.42659841365133,-1.6,14.776837479297923,-0.6377615547459587,e01_0,443.22659841365135,e01
1010,32.0,veh_003,1.6,416.704358754343,14.334906144389633,0.49191434167314085,e05_0,413.504358754343,e05
1010,32.0,veh_004,423.21951474200193,-1.6,15.519111332033228,-0.2460300475928765,e01_0,420.01951474200195,e01
1010,32.0,veh_005,1.6,367.0905486464489,14.060834716783004,0.5113416771590718,e05_0,363.8905486464489,e05
1010,32.0,veh_006,398.77428908914374,-1.6,15.645067761256039,0.6110270555358657,e01_0,395.57428908914375,e01
1010,32.0,veh_007,1.6,343.970633145301,13.41451125978387,-0.33057036817004715,e05_0,340.770633145301,e05
1010,32.0,veh_008,333.7146843499069,-1.6,13.9311366933622,-0.14695999445859265,e01_0,330.51468434990693,e01
1010,32.0,veh_009,1.6,321.6905730022804,13.6469892264245,-0.8296608423327534,e05_0,318.4905730022804,e05
1010,32.0,veh_010,310.83438080083954,-1.6,14.300419561828296,0.36669553438705726,e01_0,307.63438080083955,e01
1010,32.0,veh_011,1.6,298.8487164611995,14.532986831461569,0.427080293285222,e05_0,295.6487164611995,e05
1010,32.0,veh_012,287.2610493877485,-1.6,14.22697523098259,-0.7800723981605842,e01_0,284.06104938774854,e01
1010,32.0,veh_013,1.6,275.3634809788459,14.347377767963735,0.39551081964766155,e05_0,272.16348097884594,e05
1010,32.0,veh_014,264.23364870244575,-1.6,14.454051033626927,0.15151471733688204,e01_0,261.03364870244576,e01
1010,32.0,veh_015,1.6,251.39617638031385,14.188883499834578,-0.21844040641553875,e05_0,248.19617638031386,e05
1010,32.0,veh_016,240.63044482460512,-1.6,14.492309358615227,-0.0506344527977145,e01_0,237.43044482460513,e01
1010,32.0,veh_017,1.6,207.06735458427684,14.446276762782276,0.7119468719372524,e05_0,203.86735458427685,e05
1010,32.0,veh_018,181.95145203263,-1.6,13.05975935668646,-0.035347277806140553,e01_0,178.75145203263,e01
1010,32.0,veh_019,1.6,183.1063602255665,13.79006073080427,-0.5052213703967876,e05_0,179.90636022556652,e05
1010,32.0,veh_020,159.5758996181489,-1.6,12.928351101989575,0.06424638100647329,e01_0,156.3758996181489,e01
1010,32.0,veh_021,1.6,159.53827203241912,14.336674092942518,-0.09791651197896023,e05_0,156.33827203241913,e05
1010,32.0,veh_022,137.4084471718301,-1.6,13.28398715193313,-0.5422675723629098,e01_0,134.2084471718301,e01
1010,32.0,veh_023,1.6,134.52921514689385,15.08688634005529,-0.977510284248428,e05_0,131.32921514689386,e05
1010,33.0,veh_000,506.5813692395591,-1.6,15.54576642711066,-0.4321434034500271,e12_0,6.581369239559104,e12
1010,33.0,veh_001,1.6,454.5691801094399,14.15365689298168,-0.5499734048824756,e05_0,451.3691801094399,e05
1010,33.0,veh_002,461.85366250795073,-1.6,15.427064094299372,0.6502266150014488,e01_0,458.65366250795074,e01
1010,33.0,veh_003,1.6,431.15067681177914,14.446318057436157,0.11141191304652409,e05_0,427.95067681177915,e05
1010,33.0,veh_004,437.69772545347,-1.6,14.478210711468055,-1.0409006205651732,e01_0,434.49772545347,e01
1010,33.0,veh_005,1.6,380.5498839477216,13.45933530127267,-0.6014994155103341,e05_0,377.3498839477216,e05
1010,33.0,veh_006,414.51135937062065,-1.6,15.73707028147691,0.09200252022087163,e01_0,411.31135937062066,e01
1010,33.0,veh_007,1.6,358.1490953558053,14.178462210504275,0.763950950720405,e05_0,354.9490953558053,e05
1010,33.0,veh_008,348.1769867282849,-1.6,14.462302378377931,0.5311656850157309,e01_0,344.9769867282849,e01
1010,33.0,veh_009,1.6,335.24023577623194,13.549662773951509,-0.09732645247299132,e05_0,332.04023577623195,e05
1010,33.0,veh_010,324.6783482012417,-1.6,13.843967400402168,-0.4564521614261281,e01_0,321.4783482012417,e01
1010,33.0,veh_011,1.6,312.840904260096,13.992187798896506,-0.5407990325650633,e05_0,309.640904260096,e05
1010,33.0,veh_012,301.5283400076707,-1.6,14.267290619922155,0.040315388939564656,e01_0,298.3283400076707,e01
1010,33.0,veh_013,1.6,289.92177296546606,14.558291986620151,0.21091421865641635,e05_0,286.7217729654661,e05
1010,33.0,veh_014,278.3911817465684,-1.6,14.15753304412264,-0.2965179895042862,e01_0,275.1911817465684,e01
1010,33.0,veh_015,1.6,265.7073699888248,14.31119360851094,0.12231010867636272,e05_0,262.5073699888248,e05
1010,33.0,veh_016,255.27012140186292,-1.6,14.639676577257797,0.14736721864256985,e01_0,252.07012140186293,e01
1010,33.0,veh_017,1.6,221.30480006780925,14.237445483532413,-0.20883127924986233,e05_0,218.10480006780926,e05
1010,33.0,veh_018,195.09762374436409,-1.6,13.14617171173411,0.08641235504765099,e01_0,191.8976237443641,e01
1010,33.0,veh_019,1.6,197.63392416101198,14.527563935445462,0.7375032046411913,e05_0,194.433924161012,e05
1010,33.0,veh_020,172.94589121755587,-1.6,13.369991599406978,0.44164049741740286,e01_0,169.74589121755588,e01
1010,33.0,veh_021,1.6,173.70764804795945,14.16937601554035,-0.16729807740216884,e05_0,170.50764804795946,e05
1010,33.0,veh_022,150.51179724259276,-1.6,13.103350070762682,-0.18063708117044897,e01_0,147.31179724259277,e01
1010,33.0,veh_023,1.6,149.46057703463023,14.931361887736387,-0.15552445231890388,e05_0,146.26057703463024,e05
1010,34.0,veh_000,522.106480338653,-1.6,15.525111099093932,-0.02065532801672809,e12_0,22.106480338653036,e12
1010,34.0,veh_001,1.6,469.05355894735067,14.48437883791078,0.3307219449291008,e05_0,465.8535589473507,e05
1010,34.0,veh_002,476.84762266098556,-1.6,14.99396015303481,-0.4331039412645623,e01_0,473.6476226609856,e01
1010,34.0,veh_003,1.6,445.1275925470037,13.976915735224557,-0.46940232221160016,e05_0,441.9275925470037,e05
1010,34.0,veh_004,453.401399887646,-1.6,15.703674434175962,1.2254637227079073,e01_0,450.201399887646,e01
1010,34.0,veh_005,1.6,394.53272430154124,13.98284035381964,0.5235050525469696,e05_0,391.33272430154125,e05
1010,34.0,veh_006,428.6934831814723,-1.6,14.18212381085161,-1.5549464706252998,e01_0,425.4934831814723,e01
1010,34.0,veh_007,1.6,371.62390233798885,13.474806982183551,-0.7036552283207236,e05_0,368.42390233798886,e05
1010,34.0,veh_008,362.12395043190236,-1.6,13.946963703617508,-0.5153386747604234,e01_0,358.92395043190237,e01
1010,34.0,veh_009,1.6,349.5128646401544,14.272628863922494,0.7229660899709849,e05_0,346.31286464015443,e05
1010,34.0,veh_010,339.06544049308417,-1.6,14.38709229184249,0.543124891440323,e01_0,335.8654404930842,e01
1010,34.0,veh_011,1.6,326.1069396213663,13.266035361270248,-0.7261524376262578,e05_0,322.9069396213663,e05
1010,34.0,veh_012,315.1556979100786,-1.6,13.627357902407871,-0.6399327175142844,e01_0,311.9556979100786,e01
1010,34.0,veh_013,1.6,303.5165226340234,13.594749668557307,-0.963542318062844,e05_0,300.3165226340234,e05
1010,34.0,veh_014,292.8972046241006,-1.6,14.506022877532185,0.34848983340954476,e01_0,289.6972046241006,e01
1010,34.0,veh_015,1.6,280.51091870171354,14.80354871288877,0.4923551043778289,e05_0,277.31091870171355,e05
1010,34.0,veh_016,269.3666381511778,-1.6,14.096516749314889,-0.5431598279429082,e01_0,266.16663815117784,e01
1010,34.0,veh_017,1.6,235.35129112687753,14.04649105906827,-0.19095442446414346,e05_0,232.15129112687754,e05
1010,34.0,veh_018,208.34964472593626,-1.6,13.252020981572183,0.10584926983807286,e01_0,205.14964472593627,e01
1010,34.0,veh_019,1.6,211.64554453603336,14.011620375021392,-0.5159435604240699,e05_0,208.44554453603337,e05
1010,34.0,veh_020,186.13827284476636,-1.6,13.192381627210498,-0.17760997219648011,e01_0,182.93827284476637,e01
1010,34.0,veh_021,1.6,188.14244533071346,14.434797282754008,0.2654212672136591,e05_0,184.94244533071347,e05
1010,34.0,veh_022,163.93276361570764,-1.6,13.420966373114881,0.3176163023521994,e01_0,160.73276361570765,e01
1010,34.0,veh_023,1.6,164.23595510432395,14.775378069693708,-0.15598381804267802,e05_0,161.03595510432396,e05
1010,35.0,veh_000,537.9791760859072,-1.6,15.872695747254195,0.3475846481602627,e12_0,37.97917608590723,e12
1010,35.0,veh_001,1.6,482.70748682265315,13.653927875302482,-0.8304509626082979,e05_0,479.50748682265316,e05
1010,35.0,veh_002,491.76626324669763,-1.6,14.918640585712078,-0.07531956732273137,e01_0,488.56626324669764,e01
1010,35.0,veh_003,1.6,459.7007593768969,14.573166829893186,0.596251094668629,e05_0,456.5007593768969,e05
1010,35.0,veh_004,467.91777157834224,-1.6,14.516371690696273,-1.1873027434796892,e01_0,464.71777157834225,e01
1010,35.0,veh_005,1.6,408.17734003652083,13.64461573497961,-0.3382246188400302,e05_0,404.97734003652084,e05
1010,35.0,veh_006,444.02007173831464,-1.6,15.326588556842369,1.1444647459907582,e01_0,440.82007173831465,e01
1010,35.0,veh_007,1.6,385.928714619648,14.304812281659178,0.8300052994756264,e05_0,382.72871461964803,e05
1010,35.0,veh_008,376.51233937410217,-1.6,14.388388942199812,0.44142523858230476,e01_0,373.3123393741022,e01
1010,35.0,veh_009,1.6,363.0005230378441,13.487658397689673,-0.7849704662328207,e05_0,359.80052303784413,e05
1010,35.0,veh_010,353.05338220447476,-1.6,13.98794171139061,-0.3991505804518809,e01_0,349.85338220447477,e01
1010,35.0,veh_011,1.6,340.22419250121834,14.11725287985205,0.8512175185818016,e05_0,337.02419250121835,e05
1010,35.0,veh_012,330.0421649860972,-1.6,14.886467076018636,1.2591091736107654,e01_0,326.8421649860972,e01
1010,35.0,veh_013,1.6,316.8229446319858,13.306421997962468,-0.288327670594839,e05_0,313.62294463198583,e05
1010,35.0,veh_014,306.5672618727299,-1.6,13.670057248629272,-0.8359656289029136,e01_0,303.3672618727299,e01
1010,35.0,veh_015,1.6,294.52157415115056,14.010655449437046,-0.7928932634517238,e05_0,291.32157415115057,e05
1010,35.0,veh_016,283.98871920952604,-1.6,14.62208105834824,0.525564309033351,e01_0,280.78871920952605,e01
1010,35.0,veh_017,1.6,249.65626286307548,14.30497173619797,0.25848067712970035,e05_0,246.4562628630755,e05
1010,35.0,veh_018,221.65630695688853,-1.6,13.306662230952258,0.054641249380074086,e01_0,218.45630695688854,e01
1010,35.0,veh_019,1.6,225.67519286730246,14.029648331269101,0.018027956247708588,e05_0,222.47519286730247,e05
1010,35.0,veh_020,199.4154513371087,-1.6,13.27717849234232,0.08479686513182294,e01_0,196.2154513371087,e01
1010,35.0,veh_021,1.6,202.3179605519363,14.175515221222826,-0.2592820615311826,e05_0,199.1179605519363,e05
1010,35.0,veh_022,177.18085647811824,-1.6,13.248092862410592,-0.1728735107042887,e01_0,173.98085647811826,e01
1010,35.0,veh_023,1.6,178.95177042312847,14.715815318804525,-0.05956275088918339,e05_0,175.75177042312848,e05
1010,36.0,veh_000,553.4939779576454,-1.6,15.514801871738175,-0.3578938755160195,e12_0,53.4939779576454,e12
1010,36.0,veh_001,1.6,491.902249286399,9.194762463745871,-4.4591654115566115,e05_0,488.702249286399,e05
1010,36.0,veh_002,506.74263607646446,-1.6,15.076372829766864,0.15773224405478636,e12_0,6.742636076464487,e12
1010,36.0,veh_003,1.6,473.2433885579896,13.542629181092694,-1.0305376488004914,e05_0,470.0433885579896,e05
1010,36.0,veh_004,482.6491618553669,-1.6,14.731390277024701,0.21501858632842819,e01_0,479.4491618553669,e01
1010,36.0,veh_005,1.6,421.8204890377989,13.643149001278083,-0.0014667337015268345,e05_0,418.6204890377989,e05
1010,36.0,veh_006,458.8895514804771,-1.6,14.869479742162461,-0.4571088146799074,e01_0,455.6895514804771,e01
1010,36.0,veh_007,1.6,399.4043278344524,13.475613214804346,-0.8291990668548319,e05_0,396.2043278344524,e05
1010,36.0,veh_008,390.5718878107141,-1.6,14.059548436611944,-0.32884050558786804,e01_0,387.3718878107141,e01
1010,36.0,veh_009,1.6,377.34637648768665,14.345853449842553,0.8581950521528796,e05_0,374.14637648768667,e05
1010,36.0,veh_010,367.56959936704817,-1.6,14.516217162573428,0.528275451182818,e01_0,364.3695993670482,e01
1010,36.0,veh_011,1.6,353.97374360092664,13.749551099708285,-0.367701780143765,e05_0,350.77374360092665,e05
1010,36.0,veh_012,344.06951806041957,-1.6,14.027353074322368,-0.859114001696268,e01_0,340.8695180604196,e01
1010,36.0,veh_013,1.6,330.9247745751181,14.101829943132264,0.7954079451697957,e05_0,327.7247745751181,e05
1010,36.0,veh_014,321.3313040663091,-1.6,14.764042193579229,1.0939849449499572,e01_0,318.1313040663091,e01
1010,36.0,veh_015,1.6,308.1975483312575,13.675974180106934,-0.3346812693301118,e05_0,304.9975483312575,e05
1010,36.0,veh_016,297.9589953334235,-1.6,13.970276123897444,-0.6518049344507961,e01_0,294.7589953334235,e01
1010,36.0,veh_017,1.6,263.6543989420317,13.998136078956216,-0.3068356572417539,e05_0,260.45439894203173,e05
1010,36.0,veh_018,235.3152401487324,-1.6,13.658933191843877,0.35227096089161947,e01_0,232.11524014873243,e01
1010,36.0,veh_019,1.6,240.36685378190282,14.691660914600353,0.6620125833312525,e05_0,237.16685378190283,e05
1010,36.0,veh_020,212.65085959639157,-1.6,13.235408259282872,-0.041770233059448714,e01_0,209.45085959639158,e01
1010,36.0,veh_021,1.6,216.30496317621783,13.987002624281525,-0.18851259694130107,e05_0,213.10496317621784,e05
1010,36.0,veh_022,190.70851198715144,-1.6,13.527655509033206,0.27956264662261354,e01_0,187.50851198715145,e01
1010,36.0,veh_023,1.6,193.17147987483452,14.219709451706056,-0.4961058670984695,e05_0,189.97147987483453,e05
1010,37.0,veh_000,568.7764395942695,-1.6,15.282461636624078,-0.23234023511409774,e12_0,68.77643959426948,e12
1010,37.0,veh_001,1.6,496.6832780246996,4.781028738300538,-4.413733725445333,e05_0,493.4832780246996,e05
1010,37.0,veh_002,522.0049981766465,-1.6,15.262362100182022,0.185989270415158,e12_0,22.00499817664651,e12
1010,37.0,veh_003,1.6,482.57222642302145,9.328837865031867,-4.213791316060828,e05_0,479.37222642302146,e05
1010,37.0,veh_004,497.4557428271695,-1.6,14.806580971802592,0.07519069477789131,e01_0,494.2557428271695,e01
1010,37.0,veh_005,1.6,436.00873617347264,14.188247135673748,0.5450981343956656,e05_0,432.80873617347265,e05
1010,37.0,veh_006,473.3237978301063,-1.6,14.434246349629156,-0.4352333925333056,e01_0,470.1237978301063,e01
1010,37.0,veh_007,1.6,412.97396117436676,13.569633339914411,0.09402012511006497,e05_0,409.7739611743668,e05
1010,37.0,veh_008,404.7059228543877,-1.6,14.134035043673643,0.07448660706169896,e01_0,401.50592285438773,e01
1010,37.0,veh_009,1.6,390.4833835390485,13.137007051361847,-1.2088463984807056,e05_0,387.2833835390485,e05
1010,37.0,veh_010,381.78010576733817,-1.6,14.210506400289976,-0.30571076228345184,e01_0,378.5801057673382,e01
1010,37.0,veh_011,1.6,368.08371357353616,14.109969972609541,0.3604188729012563,e05_0,364.88371357353617,e05
1010,37.0,veh_012,358.213981835547,-1.6,14.14446377512738,0.11711070080501074,e01_0,355.013981835547,e01
1010,37.0,veh_013,1.6,344.45348380006794,13.528709224949852,-0.5731207181824125,e05_0,341.25348380006795,e05
1010,37.0,veh_014,334.9128743008125,-1.6,13.581570234503417,-1.1824719590758122,e01_0,331.71287430081253,e01
1010,37.0,veh_015,1.6,322.3011600882979,14.103611757040367,0.4276375769334333,e05_0,319.1011600882979,e05
1010,37.0,veh_016,312.37730940661544,-1.6,14.418314073191924,0.4480379492944806,e01_0,309.17730940661545,e01
1010,37.0,veh_017,1.6,277.7299903048663,14.075591362834588,0.07745528387837197,e05_0,274.5299903048663,e05
1010,37.0,veh_018,248.33919987102277,-1.6,13.023959722290362,-0.6349734695535147,e01_0,245.13919987102278,e01
1010,37.0,veh_019,1.6,254.71137546820046,14.344521686297641,-0.34713922830271216,e05_0,251.51137546820047,e05
1010,37.0,veh_020,226.63310924641786,-1.6,13.982249650026285,0.7468413907434126,e01_0,223.43310924641787,e01
1010,37.0,veh_021,1.6,230.855833108176,14.550869931958184,0.5638673076766594,e05_0,227.655833108176,e05
1010,37.0,veh_022,204.13893198009046,-1.6,13.43041999293902,-0.09723551609418557,e01_0,200.93893198009047,e01
1010,37.0,veh_023,1.6,206.84343065199437,13.671950777159852,-0.5477586745462037,e05_0,203.64343065199438,e05
1010,38.0,veh_000,584.7201906011212,-1.6,15.943751006851683,0.661289370227605,e12_0,84.72019060112116,e12
1010,38.0,veh_001,3.3969169780373774,498.4,2.893638953337818,-1.88738978496272,e54_0,0.19691697803737718,e54
1010,38.0,veh_002,537.1622303909407,-1.6,15.157232214294295,-0.10512988588772743,e12_0,37.162230390940806,e12
1010,38.0,veh_003,1.6,488.19649066092506,5.624264237903632,-3.7045736271282346,e05_0,484.9964906609251,e05
1010,38.0,veh_004,512.3158573572241,-1.6,14.960114530054623,0.15353355825203074,e12_0,12.315857357224127,e12
1010,38.0,veh_005,1.6,449.7702808346743,13.761544661201636,-0.42670247447211196,e05_0,446.5702808346743,e05
1010,38.0,veh_006,488.51512282041216,-1.6,15.191324990305901,0.7570786406767454,e01_0,485.31512282041217,e01
1010,38.0,veh_007,1.6,427.4406918700896,14.466730695722823,0.8970973558084125,e05_0,424.2406918700896,e05
1010,38.0,veh_008,419.23024040549774,-1.6,14.524317551109993,0.39028250743634985,e01_0,416.03024040549775,e01
1010,38.0,veh_009,1.6,403.67581908448295,13.192435545434478,0.05542849407263084,e05_0,400.47581908448296,e05
1010,38.0,veh_010,395.45696902801643,-1.6,13.676863260678276,-0.5336431396116996,e01_0,392.25696902801644,e01
1010,38.0,veh_011,1.6,381.6453358344949,13.561622260958766,-0.5483477116507753,e05_0,378.4453358344949,e05
1010,38.0,veh_012,372.58333373108246,-1.6,14.36935189553551,0.22488812040813144,e01_0,369.3833337310825,e01
1010,38.0,veh_013,1.6,358.31193176325445,13.858447963186508,0.32973873823665656,e05_0,355.11193176325446,e05
1010,38.0,veh_014,349.46566312344095,-1.6,14.552788822628445,0.9712185881250281,e01_0,346.26566312344096,e01
1010,38.0,veh_015,1.6,335.9260120391241,13.62485195082619,-0.47875980621417646,e05_0,332.7260120391241,e05
1010,38.0,veh_016,326.21165947981353,-1.6,13.83435007319808,-0.5839639999938449,e01_0,323.01165947981355,e01
1010,38.0,veh_017,1.6,291.7147142343625,13.984723929496162,-0.09086743333842584,e05_0,288.5147142343625,e05
1010,38.0,veh_018,261.84838824035336,-1.6,13.509188369330564,0.4852286470402021,e01_0,258.64838824035337,e01
1010,38.0,veh_019,1.6,269.0335096418845,14.322134173684061,-0.022387512613580185,e05_0,265.8335096418845,e05
1010,38.0,veh_020,239.96680388199405,-1.6,13.33369463557618,-0.6485550144501051,e01_0,236.76680388199406,e01
1010,38.0,veh_021,1.6,245.1693851185232,14.313552010347202,-0.2373179216109822,e05_0,241.9693851185232,e05
1010,38.0,veh_022,217.6925990607698,-1.6,13.553667080679318,0.1232470877402978,e01_0,214.4925990607698,e01
1010,38.0,veh_023,1.6,221.7065814649176,14.863150812923246,1.1912000357633943,e05_0,218.50658146491762,e05
1010,39.0,veh_000,600.584199850824,-1.6,15.864009249702807,-0.07974175714887544,e12_0,100.58419985082396,e12
1010,39.0,veh_001,8.510748331638819,498.4,5.113831353601441,2.2201924002636226,e54_0,5.310748331638818,e54
1010,39.0,veh_002,552.4873595630656,-1.6,15.32512917212482,0.16789695783052494,e12_0,52.487359563065624,e12
1010,39.0,veh_003,1.6,491.3883357062567,3.1918450453316694,-2.4324191925719627,e05_0,488.18833570625674,e05
1010,39.0,veh_004,527.4632219234913,-1.6,15.14736456626726,0.18725003621263703,e12_0,27.46322192349139,e12
1010,39.0,veh_005,1.6,463.35557529589767,13.585294461223397,-0.17625019997823976,e05_0,460.1555752958977,e05
1010,39.0,veh_006,503.6531917747331,-1.6,15.238068954320983,0.046743964015082184,e12_0,3.653191774733125,e12
1010,39.0,veh_007,1.6,441.2489666542866,13.808274784197037,-0.6584559115257864,e05_0,438.04896665428663,e05
1010,39.0,veh_008,433.6262582369211,-1.6,14.396017831423373,-0.1282997196866198,e01_0,430.4262582369211,e01
1010,39.0,veh_009,1.6,418.33542140356144,14.659602319078495,1.467166773644017,e05_0,415.13542140356145,e05
1010,39.0,veh_010,409.92441805523526,-1.6,14.467449027218843,0.7905857665405662,e01_0,406.7244180552353,e01
1010,39.0,veh_011,1.6,395.0296678992516,13.38433206475668,-0.17729019620208497,e05_0,391.8296678992516,e05
1010,39.0,veh_012,386.47931151791647,-1.6,13.895977786834004,-0.4733741087015062,e01_0,383.2793115179165,e01
1010,39.0,veh_013,1.6,371.94351667657094,13.631584913316502,-0.2268630498700066,e05_0,368.74351667657095,e05
1010,39.0,veh_014,364.0869981874057,-1.6,14.621335063964747,0.0685462413363016,e01_0,360.8869981874057,e01
1010,39.0,veh_015,1.6,349.6825529080174,13.756540868893316,0.13168891806712502,e05_0,346.4825529080174,e05
1010,39.0,veh_016,340.40645449106637,-1.6,14.194795011252813,0.36044493805473365,e01_0,337.2064544910664,e01
1010,39.0,veh_017,1.6,305.88534686247516,14.170632628112712,0.18590869861654902,e05_0,302.68534686247517,e05
1010,39.0,veh_018,275.29491638638706,-1.6,13.446528146033721,-0.0626602232968434,e01_0,272.09491638638707,e01
1010,39.0,veh_019,1.6,283.21956583083517,14.186056188950651,-0.1360779847334097,e05_0,280.0195658308352,e05
1010,39.0,veh_020,253.0605839755187,-1.6,13.093780093524684,-0.23991454205149587,e01_0,249.86058397551875,e01
1010,39.0,veh_021,1.6,259.990437054907,14.821051936383796,0.5074999260365942,e05_0,256.790437054907,e05
1010,39.0,veh_022,231.11687144900176,-1.6,13.424272388231962,-0.1293946924473559,e01_0,227.91687144900177,e01
1010,39.0,veh_023,1.6,236.2172101121071,14.510628647189481,-0.35252216573376494,e05_0,233.0172101121071,e05
1010,40.0,veh_000,616.0754670680901,-1.6,15.491267217266152,-0.3727420324366548,e12_0,116.07546706809012,e12
1010,40.0,veh_001,15.467111756036264,498.4,6.956363424397446,1.842532070796005,e54_0,12.267111756036265,e54
1010,40.0,veh_002,567.5017104724589,-1.6,15.014350909393201,-0.3107782627316187,e12_0,67.50171047245883,e12
1010,40.0,veh_003,1.6,496.549919470707,5.16158376445024,1.969738719118571,e05_0,493.349919470707,e05
1010,40.0,veh_004,543.2660093078539,-1.6,15.802787384362482,0.6554228180952215,e12_0,43.26600930785387,e12
1010,40.0,veh_005,1.6,474.610675067636,11.25509977173834,-2.3301946894850563,e05_0,471.410675067636,e05
1010,40.0,veh_006,518.3881970590176,-1.6,14.735005284284481,-0.5030636700365019,e12_0,18.388197059017607,e12
1010,40.0,veh_007,1.6,455.05784747089785,13.808880816611213,0.0006060324141756723,e05_0,451.85784747089787,e05
1010,40.0,veh_008,447.43860869151143,-1.6,13.812350454590337,-0.583667376833036,e01_0,444.23860869151144,e01
1010,40.0,veh_009,1.6,432.5015045954524,14.166083191890966,-0.493519127187529,e05_0,429.3015045954524,e05
1010,40.0,veh_010,424.5879631389376,-1.6,14.663545083702314,0.19609605648347106,e01_0,421.3879631389376,e01
1010,40.0,veh_011,1.6,409.65146098904324,14.621793089791659,1.2374610250349782,e05_0,406.45146098904326,e05
1010,40.0,veh_012,401.2718042313953,-1.6,14.792492713478852,0.8965149266448478,e01_0,398.07180423139533,e01
1010,40.0,veh_013,1.6,385.89862105445627,13.955104377885352,0.32351946456885017,e05_0,382.6986210544563,e05
1010,40.0,veh_014,377.88337255163884,-1.6,13.796374364233117,-0.8249606997316299,e01_0,374.68337255163885,e01
1010,40.0,veh_015,1.6,363.2377864511989,13.555233543181473,-0.20130732571184318,e05_0,360.0377864511989,e05
1010,40.0,veh_016,355.3767882690596,-1.6,14.970333777993238,0.775538766740425,e01_0,352.1767882690596,e01
1010,40.0,veh_017,1.6,320.0769132645618,14.191566402086668,0.02093377397395635,e05_0,316.87691326456184,e05
1010,40.0,veh_018,288.9113764202328,-1.6,13.616460033845703,0.1699318878119822,e01_0,285.7113764202328,e01
1010,40.0,veh_019,1.6,297.0718740734646,13.852308242629444,-0.33374794632120697,e05_0,293.8718740734646,e05
1010,40.0,veh_020,266.39080743143285,-1.6,13.330223455914117,0.23644336238943353,e01_0,263.19080743143286,e01
1010,40.0,veh_021,1.6,274.23183705306496,14.241399998158009,-0.579651938225787,e05_0,271.031837053065,e05
1010,40.0,veh_022,244.36214744138087,-1.6,13.245275992379094,-0.17899639585286842,e01_0,241.16214744138088,e01
1010,40.0,veh_023,1.6,250.74234442341117,14.525134311304031,0.014505664114549788,e05_0,247.54234442341115,e05
1010,41.0,veh_000,631.8322378748113,-1.6,15.75677080672119,0.2655035894550384,e12_0,131.8322378748113,e12
1010,41.0,veh_001,24.565338583018278,498.4,9.098226826982014,2.141863402584568,e54_0,21.36533858301828,e54
1010,41.0,veh_002,582.5162506368996,-1.6,15.01454016444079,0.0001892550475890431,e12_0,82.51625063689961,e12
1010,41.0,veh_003,3.8813013659632203,498.4,3.511381895256266,-1.6502018691939742,e54_0,0.6813013659632201,e54
1010,41.0,veh_004,558.0786929988316,-1.6,14.812683690977654,-0.9901036933848282,e12_0,58.07869299883153,e12
1010,41.0,veh_005,1.6,483.6961464447793,9.085471377143266,-2.1696283945950743,e05_0,480.4961464447793,e05
1010,41.0,veh_006,534.5283627936205,-1.6,16.140165734602995,1.4051604503185136,e12_0,34.5283627936206,e12
1010,41.0,veh_007,1.6,466.1156410552697,11.057793584371849,-2.751087232239364,e05_0,462.9156410552697,e05
1010,41.0,veh_008,461.2398129672881,-1.6,13.801204275776685,-0.011146178813651986,e01_0,458.0398129672881,e01
1010,41.0,veh_009,1.6,445.8626069644066,13.3611023689542,-0.8049808229367663,e05_0,442.6626069644066,e05
1010,41.0,veh_010,438.06009388397024,-1.6,13.472130745032638,-1.1914143386696754,e01_0,434.86009388397025,e01
1010,41.0,veh_011,1.6,423.51408210949324,13.862621120449978,-0.759171969341681,e05_0,420.31408210949326,e05
1010,41.0,veh_012,415.67278365015375,-1.6,14.400979418758432,-0.3915132947204203,e01_0,412.47278365015376,e01
1010,41.0,veh_013,1.6,400.7008328475935,14.802211793137234,0.847107415251882,e05_0,397.50083284759353,e05
1010,41.0,veh_014,392.26935373351034,-1.6,14.385981181871516,0.5896068176383995,e01_0,389.06935373351035,e01
1010,41.0,veh_015,1.6,376.9308866241793,13.693100172980438,0.1378666297989657,e05_0,373.73088662417933,e05
1010,41.0,veh_016,369.3473628656346,-1.6,13.970574596574968,-0.9997591814182698,e01_0,366.1473628656346,e01
1010,41.0,veh_017,1.6,334.34495773801956,14.268044473457762,0.07647807137109375,e05_0,331.14495773801957,e05
1010,41.0,veh_018,302.2837189526911,-1.6,13.37234253245833,-0.24411750138737354,e01_0,299.08371895269113,e01
1010,41.0,veh_019,1.6,311.22194586892095,14.150071795456391,0.29776355282694666,e05_0,308.02194586892097,e05
1010,41.0,veh_020,280.0298673247917,-1.6,13.63905989335888,0.3088364374447625,e01_0,276.82986732479173,e01
1010,41.0,veh_021,1.6,287.7676588668013,13.535821813736327,-0.7055781844216824,e05_0,284.5676588668013,e05
1010,41.0,veh_022,257.34279696647377,-1.6,12.980649525092879,-0.26462646728621486,e01_0,254.14279696647375,e01
1010,41.0,veh_023,1.6,264.8457193857248,14.103374962313657,-0.42175934899037415,e05_0,261.6457193857248,e05
1010,42.0,veh_000,647.1906010461836,-1.6,15.358363171372341,-0.3984076353488497,e12_0,147.19060104618364,e12
1010,42.0,veh_001,36.11991328942778,498.4,11.554574706409499,2.4563478794274847,e54_0,32.919913289427775,e54
1010,42.0,veh_002,597.3884385206212,-1.6,14.872187883721585,-0.14235228071920503,e12_0,97.3884385206212,e12
1010,42.0,veh_003,9.589391310039051,498.4,5.70808994407583,2.196708048819564,e54_0,6.38939131003905,e54
1010,42.0,veh_004,573.201268760839,-1.6,15.12257576200741,0.3098920710297559,e12_0,73.20126876083894,e12
1010,42.0,veh_005,1.6,489.8381436287274,6.1419971839481144,-2.9434741931951516,e05_0,486.6381436287274,e05
1010,42.0,veh_006,549.1068785635013,-1.6,14.578515769880655,-1.5616499647223403,e12_0,49.106878563501255,e12
1010,42.0,veh_007,1.6,475.06513706962915,8.949496014359429,-2.10829757001242,e05_0,471.86513706962916,e05
1010,42.0,veh_008,475.140913183404,-1.6,13.901100216115879,0.09989594033919325,e01_0,471.940913183404,e01
1010,42.0,veh_009,1.6,456.84903986980754,10.986432905400905,-2.3746694635532943,e05_0,453.64903986980755,e05
1010,42.0,veh_010,452.00277267662676,-1.6,13.94267879265652,0.4705480476238826,e01_0,448.8027726766268,e01
1010,42.0,veh_011,1.6,436.5292136554689,13.01513154597562,-0.8474895744743574,e05_0,433.3292136554689,e05
1010,42.0,veh_012,429.0802540393587,-1.6,13.407470389204946,-0.9935090295534863,e01_0,425.8802540393587,e01
1010,42.0,veh_013,1.6,414.48641907548307,13.785586227889524,-1.0166255652477094,e05_0,411.2864190754831,e05
1010,42.0,veh_014,406.95441132335077,-1.6,14.68505758984044,0.2990764079689239,e01_0,403.7544113233508,e01
1010,42.0,veh_015,1.6,391.73005337986007,14.799166755680723,1.1060665827002847,e05_0,388.5300533798601,e05
1010,42.0,veh_016,383.26363204456,-1.6,13.916269178925422,-0.05430541764954633,e01_0,380.06363204456,e01
1010,42.0,veh_017,1.6,348.1365742070951,13.791616469075583,-0.47642800438217847,e05_0,344.93657420709513,e05
1010,42.0,veh_018,315.5777627237332,-1.6,13.294043771042103,-0.07829876141622627,e01_0,312.3777627237332,e01
1010,42.0,veh_019,1.6,325.7612135577864,14.539267688865436,0.38919589340904537,e05_0,322.5612135577864,e05
1010,42.0,veh_020,293.08262102063526,-1.6,13.052753695843563,-0.5863061975153165,e01_0,289.88262102063527,e01
1010,42.0,veh_021,1.6,301.8368485151279,14.069189648326569,0.5333678345902424,e05_0,298.6368485151279,e05
1010,42.0,veh_022,271.144766209779,-1.6,13.801969243305248,0.8213197182123686,e01_0,267.944766209779,e01
1010,42.0,veh_023,1.6,278.4209534094079,13.575234023683095,-0.5281409386305622,e05_0,275.2209534094079,e05
1010,43.0,veh_000,662.649184649083,-1.6,15.458583602899465,0.10022043152712357,e12_0,162.6491846490831,e12
1010,43.0,veh_001,50.0652841579648,498.4,13.945370868537015,2.3907961621275167,e54_0,46.865284157964794,e54
1010,43.0,veh_002,612.1964544140329,-1.6,14.808015893411744,-0.06417199030984122,e12_0,112.19645441403294,e12
1010,43.0,veh_003,17.438358001489302,498.4,7.8489666914502525,2.1408767473744224,e54_0,14.238358001489303,e54
1010,43.0,veh_004,588.1154068894045,-1.6,14.91413812856562,-0.20843763344178967,e12_0,88.11540688940457,e12
1010,43.0,veh_005,1.6,496.5875025103195,6.749358881592095,0.6073616976439808,e05_0,493.3875025103195,e05
1010,43.0,veh_006,564.1908917480526,-1.6,15.084013184551422,0.5054974146707671,e12_0,64.19089174805268,e12
1010,43.0,veh_007,1.6,481.61704710800603,6.551910038376885,-2.397585975982544,e05_0,478.41704710800605,e05
1010,43.0,veh_008,489.6285848784846,-1.6,14.487671695080639,0.5865714789647605,e01_0,486.4285848784846,e01
1010,43.0,veh_009,1.6,466.0421717115679,9.193131841760366,-1.7933010636405395,e05_0,462.8421717115679,e05
1010,43.0,veh_010,466.0882378552255,-1.6,14.085465178598753,0.14278638594223203,e01_0,462.8882378552255,e01
1010,43.0,veh_011,1.6,447.8478926166495,11.318678961180641,-1.6964525847949794,e05_0,444.64789261664953,e05
1010,43.0,veh_012,443.1415033857448,-1.6,14.061249346386083,0.653778957181137,e01_0,439.9415033857448,e01
1010,43.0,veh_013,1.6,427.9981368147976,13.511717739314511,-0.27386848857501356,e05_0,424.7981368147976,e05
1010,43.0,veh_014,420.040111902795,-1.6,13.085700579444243,-1.5993570103961972,e01_0,416.840111902795,e01
1010,43.0,veh_015,1.6,405.7289068464536,13.998853466593522,-0.8003132890872013,e05_0,402.5289068464536,e05
1010,43.0,veh_016,397.66961152579864,-1.6,14.405979481238681,0.4897103023132594,e01_0,394.46961152579865,e01
1010,43.0,veh_017,1.6,362.1386670073786,14.002092800283485,0.21047633120790188,e05_0,358.9386670073786,e05
1010,43.0,veh_018,328.77253115567385,-1.6,13.194768431940663,-0.09927533910144071,e01_0,325.57253115567386,e01
1010,43.0,veh_019,1.6,339.4059124637088,13.644698905922366,-0.89456878294307,e05_0,336.2059124637088,e05
1010,43.0,veh_020,306.84683688455226,-1.6,13.764215863917029,0.7114621680734654,e01_0,303.6468368845523,e01
1010,43.0,veh_021,1.6,316.1296700806921,14.292821565564234,0.22363191723766462,e05_0,312.9296700806921,e05
1010,43.0,veh_022,283.90008534900244,-1.6,12.75531913922345,-1.046650104081797,e01_0,280.70008534900245,e01
1010,43.0,veh_023,1.6,292.29997766320577,13.879024253797883,0.3037902301147888,e05_0,289.0999776632058,e05
1010,44.0,veh_000,677.9335147829429,-1.6,15.284330133859779,-0.17425346903968553,e12_0,177.9335147829429,e12
1010,44.0,veh_001,64.2429129222657,498.4,14.177628764300907,0.2322578957638921,e54_0,61.0429129222657,e54
1010,44.0,veh_002,627.6745916703944,-1.6,15.478137256361464,0.67012136294972,e12_0,127.6745916703944,e12
1010,44.0,veh_003,27.81634613979809,498.4,10.377988138308785,2.5290214468585326,e54_0,24.61634613979809,e54
1010,44.0,veh_004,602.85857648485,-1.6,14.743169595445485,-0.17096853312013494,e12_0,102.85857648485005,e12
1010,44.0,veh_005,3.5955112333658077,498.4,3.1880087230463325,-3.5613501585457628,e54_0,0.3955112333658075,e54
1010,44.0,veh_006,579.1832255146446,-1.6,14.992333766591917,-0.0916794179595044,e12_0,79.18322551464459,e12
1010,44.0,veh_007,1.6,488.3752090729711,6.758161964965056,0.2062519265881706,e05_0,485.1752090729711,e05
1010,44.0,veh_008,503.5374672709144,-1.6,14.0088823924298,-0.4787893026508385,e12_0,3.537467270914442,e12
1010,44.0,veh_009,1.6,472.7734431139618,6.731271402393891,-2.4618604393664745,e05_0,469.5734431139618,e05
1010,44.0,veh_010,480.7980570589316,-1.6,14.709819203706088,0.6243540251073352,e01_0,477.5980570589316,e01
1010,44.0,veh_011,1.6,456.99415730027465,9.146264683625116,-2.172414277555525,e05_0,453.79415730027466,e05
1010,44.0,veh_012,456.89023645559286,-1.6,13.748733069848084,-0.3125162765379983,e01_0,453.69023645559287,e01
1010,44.0,veh_013,1.6,439.0265516854978,11.028414870700216,-2.4833028686142953,e05_0,435.8265516854978,e05
1010,44.0,veh_014,434.42565472628075,-1.6,14.385542823485743,1.2998422440414998,e01_0,431.22565472628077,e01
1010,44.0,veh_015,1.6,419.3493663276555,13.620459481201905,-0.3783939853916163,e05_0,416.1493663276555,e05
1010,44.0,veh_016,410.7949015916733,-1.6,13.125290065874665,-1.2806894153640158,e01_0,407.5949015916733,e01
1010,44.0,veh_017,1.6,376.32375914859585,14.185092141217233,0.1829993409337476,e05_0,373.12375914859587,e05
1010,44.0,veh_018,342.27803855094095,-1.6,13.5055073952671,0.3107389633264379,e01_0,339.07803855094096,e01
1010,44.0,veh_019,1.6,353.5147323023084,14.108819838599608,0.4641209326772415,e05_0,350.3147323023084,e05
1010,44.0,veh_020,319.74387686086214,-1.6,12.897039976309896,-0.8671758876071323,e01_0,316.54387686086216,e01
1010,44.0,veh_021,1.6,329.5415553102392,13.41188522954706,-0.8809363360171734,e05_0,326.3415553102392,e05
1010,44.0,veh_022,297.9143818199873,-1.6,14.014296470984837,1.2589773317613862,e01_0,294.7143818199873,e01
1010,44.0,veh_023,1.6,306.4390982903802,14.13912062717443,0.26009637337654645,e05_0,303.2390982903802,e05
1010,45.0,veh_000,693.191926526224,-1.6,15.258411743281188,-0.02591839057859069,e12_0,193.19192652622408,e12
1010,45.0,veh_001,78.90906335105846,498.4,14.666150428792761,0.48852166449185397,e54_0,75.70906335105846,e54
1010,45.0,veh_002,642.7928744644507,-1.6,15.11828279405638,-0.35985446230508344,e12_0,142.7928744644508,e12
1010,45.0,veh_003,40.77688422604483,498.4,12.960538086246736,2.5825499479379506,e54_0,37.576884226044825,e54
1010,45.0,veh_004,618.6802037402949,-1.6,15.821627255444843,1.0784576599993585,e12_0,118.68020374029489,e12
1010,45.0,veh_005,8.99338000682031,498.4,5.397868773454502,2.2098600504081696,e54_0,5.79338000682031,e54
1010,45.0,veh_006,593.963551605493,-1.6,14.780326090848424,-0.212007675743493,e12_0,93.96355160549301,e12
1010,45.0,veh_007,1.6,492.18328202128663,3.8080729483155475,-2.950089016649508,e05_0,488.98328202128664,e05
1010,45.0,veh_008,517.9154060827252,-1.6,14.37793881181074,0.36905641938093936,e12_0,17.91540608272518,e12
1010,45.0,veh_009,1.6,479.94925052942887,7.175807415467108,0.44453601307321655,e05_0,476.7492505294289,e05
1010,45.0,veh_010,494.8079238109139,-1.6,14.009866751982333,-0.699952451723755,e01_0,491.6079238109139,e01
1010,45.0,veh_011,1.6,464.3258976058973,7.331740305622663,-1.814524378002453,e05_0,461.1258976058973,e05
1010,45.0,veh_012,471.9325212420292,-1.6,15.042284786436362,1.2935517165882775,e01_0,468.73252124202924,e01
1010,45.0,veh_013,1.6,447.85682371049313,8.83027202499533,-2.1981428457048864,e05_0,444.65682371049314,e05
1010,45.0,veh_014,447.7899146551573,-1.6,13.364259928876546,-1.0212828946091967,e01_0,444.5899146551573,e01
1010,45.0,veh_015,1.6,430.7096954211029,11.360329093447396,-2.2601303877545096,e05_0,427.5096954211029,e05
1010,45.0,veh_016,425.1747103853238,-1.6,14.379808793650524,1.2545187277758583,e01_0,421.9747103853238,e01
1010,45.0,veh_017,1.6,390.63441589551854,14.310656746922671,0.12556460570543848,e05_0,387.43441589551855,e05
1010,45.0,veh_018,355.877072830409,-1.6,13.599034279468084,0.09352688420098332,e01_0,352.67707283040903,e01
1010,45.0,veh_019,1.6,367.55557889400956,14.040846591701179,-0.0679732468984291,e05_0,364.35557889400957,e05
1010,45.0,veh_020,333.43357705143393,-1.6,13.689700190571811,0.7926602142619146,e01_0,330.23357705143394,e01
1010,45.0,veh_021,1.6,343.55934522174385,14.017789911504657,0.6059046819575968,e05_0,340.35934522174387,e05
1010,45.0,veh_022,310.6577522998205,-1.6,12.743370479833251,-1.2709259911515858,e01_0,307.4577522998205,e01
1010,45.0,veh_023,1.6,320.3677117522849,13.928613461904703,-0.21050716526972657,e05_0,317.1677117522849,e05
1010,46.0,veh_000,708.6252784675784,-1.6,15.433351941354353,0.1749401980731644,e12_0,208.62527846757843,e12
1010,46.0,veh_001,93.62421234912927,498.4,14.715148998070807,0.048998569278046133,e54_0,90.42421234912926,e54
1010,46.0,veh_002,657.9438331855929,-1.6,15.150958721142183,0.032675927085803025,e12_0,157.94383318559298,e12
1010,46.0,veh_003,55.708834202544054,498.4,14.93194997649923,1.9714118902524937,e54_0,52.50883420254405,e54
1010,46.0,veh_004,633.7935776259051,-1.6,15.113373885610212,-0.7082533698346314,e12_0,133.7935776259051,e12
1010,46.0,veh_005,16.236145521071787,498.4,7.242765514251478,1.844896740796976,e54_0,13.036145521071788,e54
1010,46.0,veh_006,609.7041114409456,-1.6,15.740559835452597,0.9602337446041727,e12_0,109.70411144094561,e12
1010,46.0,veh_007,1.6,496.3876547577884,4.204372736501787,0.39629978818623934,e05_0,493.18765475778844,e05
1010,46.0,veh_008,531.7549936635048,-1.6,13.839587580779622,-0.5383512310311183,e12_0,31.754993663504802,e12
1010,46.0,veh_009,1.6,484.0493455153381,4.100094985909198,-3.0757124295579095,e05_0,480.8493455153381,e05
1010,46.0,veh_010,509.0374122499198,-1.6,14.329488439005923,0.31962168702358973,e12_0,9.037412249919806,e12
1010,46.0,veh_011,1.6,471.54594681974856,7.22004921385129,-0.11169109177137315,e05_0,468.3459468197486,e05
1010,46.0,veh_012,486.0321981114514,-1.6,14.09967686942218,-0.9426079170141826,e01_0,482.8321981114514,e01
1010,46.0,veh_013,1.6,455.8982637887515,8.04144007825835,-0.7888319467369787,e05_0,452.6982637887515,e05
1010,46.0,veh_014,462.7436128936561,-1.6,14.953698238498802,1.5894383096222562,e01_0,459.54361289365613,e01
1010,46.0,veh_015,1.6,439.67357415739787,8.963878736294976,-2.3964503571524194,e05_0,436.4735741573979,e05
1010,46.0,veh_016,438.80575893482217,-1.6,13.631048549498347,-0.7487602441521766,e01_0,435.6057589348222,e01
1010,46.0,veh_017,1.6,404.6282263215979,13.993810426079348,-0.3168463208433234,e05_0,401.4282263215979,e05
1010,46.0,veh_018,369.3165968665283,-1.6,13.439524036119307,-0.15951024334877673,e01_0,366.1165968665283,e01
1010,46.0,veh_019,1.6,381.5164482594491,13.960869365439496,-0.07997722626168269,e05_0,378.3164482594491,e05
1010,46.0,veh_020,346.607947033699,-1.6,13.174369982265116,-0.5153302083066951,e01_0,343.40794703369903,e01
1010,46.0,veh_021,1.6,357.44297256039005,13.883627338646214,-0.13416257285844324,e05_0,354.24297256039006,e05
1010,46.0,veh_022,324.51897626241407,-1.6,13.861223962593568,1.1178534827603173,e01_0,321.3189762624141,e01
1010,46.0,veh_023,1.6,334.0754753717115,13.70776361942658,-0.220849842478124,e05_0,330.8754753717115,e05
1010,47.0,veh_000,724.5743312665115,-1.6,15.94905279893313,0.5157008575787767,e12_0,224.57433126651156,e12
1010,47.0,veh_001,107.8854163346232,498.4,14.26120398549393,-0.45394501257687736,e54_0,104.6854163346232,e54
1010,47.0,veh_002,673.1703120993946,-1.6,15.226478913801643,0.07552019265945908,e12_0,173.1703120993946,e12
1010,47.0,veh_003,71.45309965777206,498.4,15.74426545522801,0.812315478728781,e54_0,68.25309965777205,e54
1010,47.0,veh_004,648.9668877064494,-1.6,15.17331008054436,0.05993619493414748,e12_0,148.96688770644946,e12
1010,47.0,veh_005,25.818826894445095,498.4,9.582681373373308,2.33991585912183,e54_0,22.618826894445096,e54
1010,47.0,veh_006,625.1052954442447,-1.6,15.401184003299091,-0.33937583215350564,e12_0,125.1052954442447,e12
1010,47.0,veh_007,3.7362403077676687,498.4,3.5285855499792476,-0.6757871865225393,e54_0,0.5362403077676685,e54
1010,47.0,veh_008,545.6401903114646,-1.6,13.885196647959814,0.04560906718019275,e12_0,45.640190311464615,e12
1010,47.0,veh_009,1.6,488.7068266542728,4.657481138934705,0.5573861530255071,e05_0,485.5068266542728,e05
1010,47.0,veh_010,523.1503918467333,-1.6,14.11297959681354,-0.21650884219238264,e12_0,23.150391846733346,e12
1010,47.0,veh_011,1.6,475.6502049232112,4.104258103462635,-3.1157911103886553,e05_0,472.45020492321123,e05
1010,47.0,veh_012,499.9255592750566,-1.6,13.893361163605247,-0.20631570581693204,e01_0,496.72555927505664,e01
1010,47.0,veh_013,1.6,463.33674398153437,7.438480192782874,-0.6029598854754763,e05_0,460.1367439815344,e05
1010,47.0,veh_014,476.879312769128,-1.6,14.135699875471854,-0.8179983630269483,e01_0,473.679312769128,e01
1010,47.0,veh_015,1.6,447.95084829018106,8.277274132783216,-0.6866046035117606,e05_0,444.75084829018107,e05
1010,47.0,veh_016,453.3755222321895,-1.6,14.569763297367345,0.9387147478689979,e01_0,450.1755222321895,e01
1010,47.0,veh_017,1.6,419.0251767502501,14.396950428652257,0.4031400025729095,e05_0,415.82517675025014,e05
1010,47.0,veh_018,382.9113873821202,-1.6,13.594790515591937,0.15526647947262973,e01_0,379.7113873821202,e01
1010,47.0,veh_019,1.6,395.8203886437804,14.303940384331348,0.34307101889185176,e05_0,392.6203886437804,e05
1010,47.0,veh_020,359.93089904323267,-1.6,13.322952009533667,0.1485820272685512,e01_0,356.7308990432327,e01
1010,47.0,veh_021,1.6,371.4946308341441,14.05165827375406,0.16803093510784528,e05_0,368.29463083414413,e05
1010,47.0,veh_022,337.60861983413884,-1.6,13.089643571724784,-0.7715803908687846,e01_0,334.40861983413885,e01
1010,47.0,veh_023,1.6,348.3421416221372,14.266666250425704,0.5589026309991247,e05_0,345.1421416221372,e05
1010,48.0,veh_000,740.0301061702688,-1.6,15.455774903757277,-0.4932778951758525,e12_0,240.03010617026885,e12
1010,48.0,veh_001,122.45476930686554,498.4,14.56935297224235,0.30814898674841906,e54_0,119.25476930686554,e54
1010,48.0,veh_002,688.01298263569,-1.6,14.842670536295431,-0.38380837750621133,e12_0,188.01298263569004,e12
1010,48.0,veh_003,87.4393223068506,498.4,15.986222649078549,0.2419571938505385,e54_0,84.2393223068506,e54
1010,48.0,veh_004,664.0704365895075,-1.6,15.103548883058076,-0.06976119748628307,e12_0,164.07043658950752,e12
1010,48.0,veh_005,37.349613638174176,498.4,11.530786743729077,1.9481053703557691,e54_0,34.14961363817417,e54
1010,48.0,veh_006,640.3598682512838,-1.6,15.254572807039105,-0.1466111962599861,e12_0,140.3598682512838,e12
1010,48.0,veh_007,9.102528843306505,498.4,5.366288535538837,1.8377029855595897,e54_0,5.902528843306506,e54
1010,48.0,veh_008,560.107227868357,-1.6,14.467037556892315,0.5818409089325005,e12_0,60.10722786835693,e12
1010,48.0,veh_009,1.6,491.7929281459663,3.086101491693509,-1.5713796472411965,e05_0,488.5929281459663,e05
1010,48.0,veh_010,537.1282406925295,-1.6,13.977848845796222,-0.13513075101731786,e12_0,37.128240692529566,e12
1010,48.0,veh_011,1.6,480.1698608202835,4.519655897072252,0.4153977936096176,e05_0,476.9698608202835,e05
1010,48.0,veh_012,513.9467173430633,-1.6,14.121158068006588,0.22779690440134104,e12_0,13.946717343063222,e12
1010,48.0,veh_013,1.6,467.83295108425074,4.496207102716369,-2.9422730900665055,e05_0,464.63295108425075,e05
1010,48.0,veh_014,490.48885545272054,-1.6,13.609542683592586,-0.5261571918792676,e01_0,487.28885545272055,e01
1010,48.0,veh_015,1.6,455.4785937532795,7.5277454630984,-0.7495286696848158,e05_0,452.2785937532795,e05
1010,48.0,veh_016,467.421461344034,-1.6,14.0459391118445,-0.5238241855228445,e01_0,464.221461344034,e01
1010,48.0,veh_017,1.6,431.29646085062586,12.271284100375757,-2.1256663282765,e05_0,428.0964608506259,e05
1010,48.0,veh_018,396.0422872418844,-1.6,13.130899859764227,-0.4638906558277096,e01_0,392.84228724188443,e01
1010,48.0,veh_019,1.6,409.7809306961747,13.960542052394306,-0.34339833193704195,e05_0,406.58093069617473,e05
1010,48.0,veh_020,373.3323155967273,-1.6,13.40141655349466,0.07846454396099212,e01_0,370.1323155967273,e01
1010,48.0,veh_021,1.6,385.9052566252548,14.410625791110732,0.35896751735667287,e05_0,382.70525662525483,e05
1010,48.0,veh_022,351.15722652040216,-1.6,13.54860668626334,0.4589631145385571,e01_0,347.9572265204022,e01
1010,48.0,veh_023,1.6,362.387506693055,14.04536507091782,-0.22130117950788453,e05_0,359.187506693055,e05
1010,49.0,veh_000,755.3917674428428,-1.6,15.361661272573995,-0.09411363118328175,e12_0,255.39176744284285,e12
1010,49.0,veh_001,137.24578036902318,498.4,14.79101106215764,0.2216580899152909,e54_0,134.0457803690232,e54
1010,49.0,veh_002,703.4537891152586,-1.6,15.440806479568513,0.598135943273082,e12_0,203.45378911525856,e12
1010,49.0,veh_003,103.14023421237559,498.4,15.700911905524986,-0.2853107435535627,e54_0,99.94023421237559,e54
1010,49.0,veh_004,678.6020458409756,-1.6,14.53160925146815,-0.5719396315899257,e12_0,178.60204584097568,e12
1010,49.0,veh_005,50.907621201505044,498.4,13.558007563330866,2.027220819601789,e54_0,47.70762120150504,e54
1010,49.0,veh_006,655.484795797475,-1.6,15.124927546191216,-0.12964526084788908,e12_0,155.48479579747504,e12
1010,49.0,veh_007,16.723550793197283,498.4,7.621021949890777,2.25473341435194,e54_0,13.523550793197284,e54
1010,49.0,veh_008,574.1377548902224,-1.6,14.030527021865414,-0.4365105350269012,e12_0,74.13775489022234,e12
1010,49.0,veh_009,1.6,496.35431639681104,4.5613882508447565,1.4752867591512477,e05_0,493.15431639681105,e05
1010,49.0,veh_010,551.7244578321125,-1.6,14.596217139583,0.6183682937867783,e12_0,51.72445783211256,e12
1010,49.0,veh_011,1.6,483.88522819755764,3.715367377274184,-0.8042885197980683,e05_0,480.68522819755765,e05
1010,49.0,veh_012,527.5711591652193,-1.6,13.624441822156117,-0.4967162458504717,e12_0,27.57115916521934,e12
1010,49.0,veh_013,1.6,471.81683415540687,3.983883071156156,-0.5123240315602127,e05_0,468.6168341554069,e05
1010,49.0,veh_014,504.4033820631168,-1.6,14.014526610396295,0.404983926803709,e12_0,4.403382063116817,e12
1010,49.0,veh_015,1.6,459.4589893992727,3.980395645993224,-3.547349817105176,e05_0,456.2589893992727,e05
1010,49.0,veh_016,481.21189284511325,-1.6,13.790431501079258,-0.25550761076524253,e01_0,478.01189284511327,e01
1010,49.0,veh_017,1.6,441.9524045395443,10.655943688918436,-1.6153404114573213,e05_0,438.75240453954433,e05
1010,49.0,veh_018,409.3205773802544,-1.6,13.278290138369972,0.14739027860574438,e01_0,406.1205773802544,e01
1010,49.0,veh_019,1.6,422.2155416641951,12.43461096802034,-1.5259310843739655,e05_0,419.0155416641951,e05
1010,49.0,veh_020,386.4957580525472,-1.6,13.163442455819911,-0.23797409767474775,e01_0,383.2957580525472,e01
1010,49.0,veh_021,1.6,400.1201805925955,14.214923967340667,-0.19570182377006518,e05_0,396.9201805925955,e05
1010,49.0,veh_022,364.36939738544385,-1.6,13.212170865041703,-0.33643582122163807,e01_0,361.16939738544386,e01
1010,49.0,veh_023,1.6,376.6472024387984,14.259695745743382,0.2143306748255629,e05_0,373.4472024387984,e05
1010,50.0,veh_000,770.8248888858134,-1.6,15.433121442970599,0.07146017039660357,e12_0,270.82488888581344,e12
1010,50.0,veh_001,151.52512047492309,498.4,14.279340105899909,-0.5116709562577313,e54_0,148.3251204749231,e54
1010,50.0,veh_002,718.5308308684937,-1.6,15.077041753235193,-0.36376472633332035,e12_0,218.53083086849375,e12
1010,50.0,veh_003,119.29542924861431,498.4,16.155195036238723,0.45428313071373694,e54_0,116.09542924861431,e54
1010,50.0,veh_004,694.0633388009426,-1.6,15.461292959966924,0.9296837084987732,e12_0,194.0633388009426,e12
1010,50.0,veh_005,64.74472158223037,498.4,13.837100380725326,0.27909281739446,e54_0,61.544721582230366,e54
1010,50.0,veh_006,669.9064563719328,-1.6,14.421660574457727,-0.7032669717334894,e12_0,169.90645637193276,e12
1010,50.0,veh_007,26.695536385317386,498.4,9.971985592120104,2.3509636422293267,e54_0,23.495536385317386,e54
1010,50.0,veh_008,588.4616961279012,-1.6,14.323941237678804,0.29341421581339056,e12_0,88.46169612790115,e12
1010,50.0,veh_009,4.339185922864597,498.4,4.164869526053555,-0.39651872479120165,e54_0,1.1391859228645966,e54
1010,50.0,veh_010,565.8504222318941,-1.6,14.125964399781497,-0.47025273980150395,e12_0,65.85042223189406,e12
1010,50.0,veh_011,1.6,488.5496787336827,4.664450536125082,0.9490831588508977,e05_0,485.3496787336827,e05
1010,50.0,veh_012,542.0770780029422,-1.6,14.505918837722957,0.8814770155668405,e12_0,42.077078002942294,e12
1010,50.0,veh_013,1.6,476.08192688290023,4.265092727493355,0.2812096563371993,e05_0,472.88192688290025,e05
1010,50.0,veh_014,518.0216529368898,-1.6,13.618270873773,-0.3962557366232957,e12_0,18.021652936889815,e12
1010,50.0,veh_015,1.6,463.6436416452051,4.1846522459324165,0.20425659993919254,e05_0,460.4436416452051,e05
1010,50.0,veh_016,495.2367303189076,-1.6,14.024837473794317,0.23440597271505936,e01_0,492.0367303189076,e01
1010,50.0,veh_017,1.6,448.4359654290294,6.483560889485075,-4.172382799433361,e05_0,445.2359654290294,e05
1010,50.0,veh_018,422.98734428270916,-1.6,13.666766902454743,0.3884767640847713,e01_0,419.78734428270917,e01
1010,50.0,veh_019,1.6,433.2145581213152,10.999016457120113,-1.435594510900227,e05_0,430.0145581213152,e05
1010,50.0,veh_020,399.9056657383607,-1.6,13.409907685813481,0.24646522999356968,e01_0,396.7056657383607,e01
1010,50.0,veh_021,1.6,412.7903435201082,12.670162927512724,-1.544761039827943,e05_0,409.5903435201082,e05
1010,50.0,veh_022,377.87297673133315,-1.6,13.503579345889307,0.29140848084760407,e01_0,374.67297673133316,e01
1010,50.0,veh_023,1.6,390.981638820236,14.334436381437653,0.07474063569427081,e05_0,387.781638820236,e05
1010,51.0,veh_000,786.0712693126168,-1.6,15.246380426803382,-0.1867410161672165,e12_0,286.07126931261683,e12
1010,51.0,veh_001,166.15865966191421,498.4,14.63353918699112,0.35419908109121145,e54_0,162.95865966191423,e54
1010,51.0,veh_002,733.9596828668004,-1.6,15.428851998306731,0.3518102450715386,e12_0,233.95968286680048,e12
1010,51.0,veh_003,135.33918325522615,498.4,16.04375400661185,-0.11144102962687441,e54_0,132.13918325522616,e54
1010,51.0,veh_004,709.500360086234,-1.6,15.437021285291445,-0.02427167467547875,e12_0,209.50036008623405,e12
1010,51.0,veh_005,78.44924114898062,498.4,13.704519566750253,-0.13258081397507304,e54_0,75.24924114898062,e54
1010,51.0,veh_006,685.6544275132884,-1.6,15.74797114135565,1.3263105668979236,e12_0,185.65442751328843,e12
1010,51.0,veh_007,39.07850077072514,498.4,12.382964385407753,2.410978793287649,e54_0,35.87850077072514,e54
1010,51.0,veh_008,602.7800332889616,-1.6,14.318337161060477,-0.005604076618327625,e12_0,102.78003328896162,e12
1010,51.0,veh_009,10.88781787053078,498.4,6.548631947666183,2.3837624216126283,e54_0,7.68781787053078,e54
1010,51.0,veh_010,579.8711689556615,-1.6,14.020746723767465,-0.10521767601403198,e12_0,79.87116895566152,e12
1010,51.0,veh_011,1.6,492.6432828698985,4.0936041362158,-0.5708463999092812,e05_0,489.4432828698985,e05
1010,51.0,veh_012,556.4698330097715,-1.6,14.39275500682925,-0.11316383089370774,e12_0,56.46983300977154,e12
1010,51.0,veh_013,1.6,480.6690492825262,4.587122399625955,0.3220296721325999,e05_0,477.4690492825262,e05
1010,51.0,veh_014,532.4686274483885,-1.6,14.446974511498663,0.8287036377256634,e12_0,32.468627448388474,e12
1010,51.0,veh_015,1.6,468.28916869277174,4.645527047566628,0.4608748016342119,e05_0,465.08916869277175,e05
1010,51.0,veh_016,508.6971162822889,-1.6,13.560385963381353,-0.46445151041296384,e12_0,8.697116282288926,e12
1010,51.0,veh_017,1.6,453.99313920088946,5.55717377186003,-0.9263871176250449,e05_0,450.79313920088947,e05
1010,51.0,veh_018,436.4468126709775,-1.6,13.45946838826834,-0.20729851418640344,e01_0,433.24681267097753,e01
1010,51.0,veh_019,1.6,439.7452621235786,6.530704002263385,-4.468312454856728,e05_0,436.5452621235786,e05
1010,51.0,veh_020,413.87594503180753,-1.6,13.970279293446831,0.5603716076333498,e01_0,410.67594503180754,e01
1010,51.0,veh_021,1.6,424.2443862388079,11.454042718699746,-1.2161202088129777,e05_0,421.04438623880793,e05
1010,51.0,veh_022,391.5017938400352,-1.6,13.628817108702028,0.1252377628127217,e01_0,388.3017938400352,e01
1010,51.0,veh_023,1.6,403.67692592093,12.695287100693989,-1.6391492807436645,e05_0,400.47692592093,e05
1010,52.0,veh_000,801.4735527213552,-1.6,15.402283408738452,0.15590298193506946,e12_0,301.4735527213553,e12
1010,52.0,veh_001,180.9965312812704,498.4,14.837871619356164,0.20433243236504417,e54_0,177.7965312812704,e54
1010,52.0,veh_002,749.3999888578735,-1.6,15.440305991073059,0.011453992766327303,e12_0,249.39998885787352,e12
1010,52.0,veh_003,151.42405435417638,498.4,16.084871098950238,0.04111709233838923,e54_0,148.2240543541764,e54
1010,52.0,veh_004,724.9076580860906,-1.6,15.407297999856501,-0.029723285434943847,e12_0,224.90765808609055,e12
1010,52.0,veh_005,92.06346692345889,498.4,13.614225774478266,-0.09029379227198753,e54_0,88.86346692345889,e54
1010,52.0,veh_006,700.9182736169768,-1.6,15.263846103688385,-0.48412503766726545,e12_0,200.91827361697682,e12
1010,52.0,veh_007,53.402591208958604,498.4,14.324090438233464,1.9411260528257106,e54_0,50.2025912089586,e54
1010,52.0,veh_008,616.989200436654,-1.6,14.209167147692346,-0.10917001336813037,e12_0,116.98920043665396,e12
1010,52.0,veh_009,19.561455443301494,498.4,8.673637572770716,2.1250056251045324,e54_0,16.361455443301494,e54
1010,52.0,veh_010,594.229518996056,-1.6,14.358350040394434,0.33760331662696963,e12_0,94.22951899605596,e12
1010,52.0,veh_011,1.6,496.6179372707758,3.9746544008773195,-0.11894973533848097,e05_0,493.41793727077584,e05
1010,52.0,veh_012,570.5252969891399,-1.6,14.055463979368325,-0.33729102746092465,e12_0,70.52529698913986,e12
1010,52.0,veh_013,1.6,484.7218388884922,4.052789605966003,-0.534332793659952,e05_0,481.5218388884922,e05
1010,52.0,veh_014,546.7634640051342,-1.6,14.294836556745766,-0.15213795475289693,e12_0,46.76346400513424,e12
1010,52.0,veh_015,1.6,472.32450141522924,4.035332722457491,-0.6101943251091377,e05_0,469.12450141522925,e05
1010,52.0,veh_016,522.9819421931622,-1.6,14.284825910873327,0.7244399474919732,e12_0,22.981942193162254,e12
1010,52.0,veh_017,1.6,459.13195737184066,5.138818170951213,-0.41835560090881696,e05_0,455.93195737184067,e05
1010,52.0,veh_018,449.38234669687813,-1.6,12.935534025900612,-0.5239343623677275,e01_0,446.18234669687814,e01
1010,52.0,veh_019,1.6,445.2001663193974,5.454904195818824,-1.0757998064445609,e05_0,442.0001663193974,e05
1010,52.0,veh_020,427.61002634539904,-1.6,13.734081313591481,-0.23619797985534952,e01_0,424.41002634539905,e01
1010,52.0,veh_021,1.6,431.1991037002336,6.95471746142565,-4.499325257274096,e05_0,427.9991037002336,e05
1010,52.0,veh_022,405.25906494500856,-1.6,13.757271104973391,0.12845399627136267,e01_0,402.0590649450086,e01
1010,52.0,veh_023,1.6,415.0820064920559,11.405080571125895,-1.2902065295680938,e05_0,411.8820064920559,e05
1010,53.0,veh_000,817.4081488152053,-1.6,15.93459609384999,0.5323126851115383,e12_0,317.4081488152053,e12
1010,53.0,veh_001,195.34983373544145,498.4,14.35330245417107,-0.4845691651850945,e54_0,192.14983373544146,e54
1010,53.0,veh_002,764.8835032281938,-1.6,15.483514370320286,0.04320837924722731,e12_0,264.88350322819383,e12
1010,53.0,veh_003,167.31191470750628,498.4,15.887860353329884,-0.1970107456203536,e54_0,164.1119147075063,e54
1010,53.0,veh_004,740.0569265483807,-1.6,15.14926846229013,-0.2580295375663706,e12_0,240.0569265483807,e12
1010,53.0,veh_005,106.00299632879396,498.4,13.939529405335064,0.3253036308567978,e54_0,102.80299632879395,e54
1010,53.0,veh_006,716.50013245681,-1.6,15.581858839833146,0.31801273614476067,e12_0,216.50013245680998,e12
1010,53.0,veh_007,69.74255857734343,498.4,16.339967368384826,2.0158769301513626,e54_0,66.54255857734343,e54
1010,53.0,veh_008,631.2655995608386,-1.6,14.276399124184676,0.06723197649233015,e12_0,131.26559956083864,e12
1010,53.0,veh_009,30.785045432515474,498.4,11.22358998921398,2.549952416443265,e54_0,27.585045432515475,e54
1010,53.0,veh_010,607.9398618984981,-1.6,13.710342902442163,-0.6480071379522716,e12_0,107.93986189849812,e12
1010,53.0,veh_011,4.667923903025719,498.4,4.229986632249914,0.25533223137259453,e54_0,1.467923903025719,e54
1010,53.0,veh_012,585.0039274000136,-1.6,14.478630410873754,0.4231664315054289,e12_0,85.00392740001361,e12
1010,53.0,veh_013,1.6,488.7563397052571,4.034500816764947,-0.018288789201056588,e05_0,485.55633970525713,e05
1010,53.0,veh_014,561.0392369156308,-1.6,14.27577291049652,-0.01906364624924528,e12_0,61.03923691563076,e12
1010,53.0,veh_015,1.6,476.8695904352928,4.545089020063593,0.5097562976061027,e05_0,473.66959043529283,e05
1010,53.0,veh_016,537.273882026104,-1.6,14.291939832941821,0.007113922068494816,e12_0,37.273882026104076,e12
1010,53.0,veh_017,1.6,463.90496411303303,4.773006741192372,-0.36581142975884084,e05_0,460.70496411303304,e05
1010,53.0,veh_018,462.9875935491276,-1.6,13.605246852249453,0.6697128263488406,e01_0,459.7875935491276,e01
1010,53.0,veh_019,1.6,450.5407059683842,5.3405396489867965,-0.11436454683202779,e05_0,447.3407059683842,e05
1010,53.0,veh_020,440.60697515359925,-1.6,12.99694880820024,-0.7371325053912408,e01_0,437.40697515359926,e01
1010,53.0,veh_021,1.6,437.0033765031755,5.804272802941928,-1.150444658483722,e05_0,433.8033765031755,e05
1010,53.0,veh_022,419.2556127045156,-1.6,13.996547759507076,0.2392766545336844,e01_0,416.0556127045156,e01
1010,53.0,veh_023,1.6,422.1685654967724,7.086559004716515,-4.31852156640938,e05_0,418.9685654967724,e05
1010,54.0,veh_000,832.7402972872701,-1.6,15.332148472064885,-0.6024476217851049,e12_0,332.7402972872702,e12
1010,54.0,veh_001,209.50450729996894,498.4,14.154673564527483,-0.1986288896435866,e54_0,206.30450729996895,e54
1010,54.0,veh_002,779.8626440492958,-1.6,14.979140821101996,-0.5043735492182897,e12_0,279.86264404929585,e12
1010,54.0,veh_003,182.88092637142918,498.4,15.569011663922897,-0.3188486894069875,e54_0,179.6809263714292,e54
1010,54.0,veh_004,755.2484798844431,-1.6,15.19155333606251,0.04228487377237933,e12_0,255.24847988444319,e12
1010,54.0,veh_005,119.59928053941171,498.4,13.596284210617753,-0.3432451947173103,e54_0,116.3992805394117,e54
1010,54.0,veh_006,731.8441392645085,-1.6,15.34400680769859,-0.23785203213455652,e12_0,231.84413926450856,e12
1010,54.0,veh_007,86.38923200139644,498.4,16.646673424053006,0.30670605566817954,e54_0,83.18923200139643,e54
1010,54.0,veh_008,645.0524405973102,-1.6,13.786841036471591,-0.4895580877130854,e12_0,145.05244059731024,e12
1010,54.0,veh_009,44.38221616030559,498.4,13.59717072779011,2.3735807385761287,e54_0,41.182216160305586,e54
1010,54.0,veh_010,622.5025825901821,-1.6,14.562720691683975,0.8523777892418121,e12_0,122.5025825901821,e12
1010,54.0,veh_011,10.747496350333723,498.4,6.079572447308005,1.8495858150580906,e54_0,7.547496350333724,e54
1010,54.0,veh_012,598.9882055802972,-1.6,13.984278180283585,-0.4943522305901684,e12_0,98.98820558029719,e12
1010,54.0,veh_013,1.6,492.6557540328011,3.8994143275439948,-0.135086489220952,e05_0,489.4557540328011,e05
1010,54.0,veh_014,575.8627299131321,-1.6,14.823492997501289,0.5477200870047678,e12_0,75.86272991313204,e12
1010,54.0,veh_015,1.6,480.8090654025715,3.9394749672786644,-0.605614052784929,e05_0,477.6090654025715,e05
1010,54.0,veh_016,551.689740001541,-1.6,14.415857975436996,0.12391814249517452,e12_0,51.68974000154107,e12
1010,54.0,veh_017,1.6,468.78812277765866,4.883158664625647,0.11015192343327485,e05_0,465.58812277765867,e05
1010,54.0,veh_018,476.2743985007475,-1.6,13.286804951619903,-0.3184419006295496,e01_0,473.0743985007475,e01
1010,54.0,veh_019,1.6,455.10392963709376,4.5632236687095284,-0.777315980277268,e05_0,451.90392963709377,e05
1010,54.0,veh_020,454.18401655051525,-1.6,13.577041396915991,0.5800925887157504,e01_0,450.98401655051526,e01
1010,54.0,veh_021,1.6,442.0789788133429,5.07560231016741,-0.7286704927745182,e05_0,438.87897881334294,e05
1010,54.0,veh_022,432.0590790811944,-1.6,12.803466376678795,-1.1930813828282805,e01_0,428.8590790811944,e01
1010,54.0,veh_023,1.6,428.5412770396595,6.372711542887161,-0.7138474618293538,e05_0,425.34127703965953,e05
1010,55.0,veh_000,848.6466424894747,-1.6,15.90634520220455,0.5741967301396649,e12_0,348.64664248947474,e12
1010,55.0,veh_001,224.010563229183,498.4,14.506055929214062,0.3513823646865788,e54_0,220.810563229183,e54
1010,55.0,veh_002,795.0959292882044,-1.6,15.233285238908524,0.2541444178065273,e12_0,295.0959292882044,e12
1010,55.0,veh_003,197.67120135381612,498.4,14.790274982386933,-0.778736681535964,e54_0,194.47120135381613,e54
1010,55.0,veh_004,770.0356780789202,-1.6,14.78719819447703,-0.40435514158548,e12_0,270.0356780789202,e12
1010,55.0,veh_005,133.10360377033868,498.4,13.504323230926978,-0.09196097969077499,e54_0,129.9036037703387,e54
1010,55.0,veh_006,747.1364800137995,-1.6,15.292340749291013,-0.05166605840757654,e12_0,247.13648001379957,e12
1010,55.0,veh_007,102.82427109039405,498.4,16.43503908899761,-0.21163433505539686,e54_0,99.62427109039405,e54
1010,55.0,veh_008,659.6050525923647,-1.6,14.552611995054463,0.7657709585828716,e12_0,159.6050525923647,e12
1010,55.0,veh_009,60.520746618547065,498.4,16.138530458241476,2.541359730451367,e54_0,57.32074661854706,e54
1010,55.0,veh_010,635.9772770174311,-1.6,13.474694427249005,-1.0880262644349692,e12_0,135.9772770174311,e12
1010,55.0,veh_011,18.902781770162576,498.4,8.155285419828855,2.0757129725208507,e54_0,15.702781770162579,e54
1010,55.0,veh_012,613.4769029262309,-1.6,14.48869734593373,0.5044191656501447,e12_0,113.47690292623092,e12
1010,55.0,veh_013,1.6307324257480225,497.0151269802362,4.361523015398495,0.4621086878545002,:n5_1_0,0.21727704819960536,:n5_1
1010,55.0,veh_014,589.9798854700875,-1.6,14.117155556955565,-0.7063374405457239,e12_0,89.97988547008761,e12
1010,55.0,veh_015,1.6,484.60251175154576,3.793446348974295,-0.1460286183043693,e05_0,481.4025117515458,e05
1010,55.0,veh_016,566.5789446846879,-1.6,14.889204683146923,0.4733467077099274,e12_0,66.578944684688,e12
1010,55.0,veh_017,1.6,472.7065195720585,3.91839679439983,-0.9647618702258169,e05_0,469.5065195720585,e05
1010,55.0,veh_018,489.58107780992526,-1.6,13.306679309177758,0.01987435755785505,e01_0,486.3810778099253,e01
1010,55.0,veh_019,1.6,459.9424168094771,4.838487172383345,0.27526350367381625,e05_0,456.7424168094771,e05
1010,55.0,veh_020,467.4277133544837,-1.6,13.243696803968454,-0.3333445929475367,e01_0,464.22771335448374,e01
1010,55.0,veh_021,1.6,446.5111221681875,4.432143354844608,-0.6434589553228021,e05_0,443.3111221681875,e05
1010,55.0,veh_022,445.45178468099385,-1.6,13.392705599799466,0.5892392231206713,e01_0,442.25178468099386,e01
1010,55.0,veh_023,1.6,434.06359098978027,5.522313950120764,-0.8503975927663969,e05_0,430.8635909897803,e05
1010,56.0,veh_000,864.3028017889412,-1.6,15.656159299466538,-0.25018590273801244,e12_0,364.3028017889413,e12
1010,56.0,veh_001,238.75817665359526,498.4,14.747613424412274,0.24155749519821157,e54_0,235.55817665359527,e54
1010,56.0,veh_002,809.9451726403455,-1.6,14.849243352141151,-0.3840418867673723,e12_0,309.94517264034556,e12
1010,56.0,veh_003,212.99422947111555,498.4,15.323028117299419,0.5327531349124861,e54_0,209.79422947111556,e54
1010,56.0,veh_004,785.5498943193049,-1.6,15.514216240384785,0.7270180459077551,e12_0,285.549894319305,e12
1010,56.0,veh_005,146.88352919431668,498.4,13.779925423977996,0.27560219305101796,e54_0,143.6835291943167,e54
1010,56.0,veh_006,762.0409381352515,-1.6,14.904458121451956,-0.3878826278390566,e12_0,262.0409381352515,e12
1010,56.0,veh_007,118.01936436674245,498.4,15.195093276348405,-1.2399458126492036,e54_0,114.81936436674245,e54
1010,56.0,veh_008,673.7999493111071,-1.6,14.19489671874238,-0.3577152763120832,e12_0,173.79994931110707,e12
1010,56.0,veh_009,76.89348792980012,498.4,16.37274131125305,0.23421085301157518,e54_0,73.69348792980011,e54
1010,56.0,veh_010,650.7974658448177,-1.6,14.820188827386596,1.345494400137591,e12_0,150.7974658448177,e12
1010,56.0,veh_011,29.61251905916348,498.4,10.709737289000898,2.554451869172043,e54_0,26.41251905916348,e54
1010,56.0,veh_012,627.2967839098177,-1.6,13.819880983586794,-0.6688163623469361,e12_0,127.29678390981772,e12
1010,56.0,veh_013,4.712099752565044,498.4,3.8748227043654393,-0.48670031103305567,e54_0,1.5120997525650441,e54
1010,56.0,veh_014,604.7989603925654,-1.6,14.819074922477753,0.7019193655221887,e12_0,104.79896039256536,e12
1010,56.0,veh_015,1.6,488.5566009678083,3.954089216262572,0.16064286728827692,e05_0,485.35660096780833,e05
1010,56.0,veh_016,580.4788023523256,-1.6,13.89985766763766,-0.9893470155092636,e12_0,80.47880235232566,e12
1010,56.0,veh_017,1.6,476.6268188158024,3.9202992437439104,0.001902449344080459,e05_0,473.4268188158024,e05
1010,56.0,veh_018,502.51637245031037,-1.6,13.03529464038516,-0.2713846687925976,e12_0,2.5163724503103935,e12
1010,56.0,veh_019,1.6,464.670262395123,4.727845585645911,-0.11064158673743396,e05_0,461.47026239512303,e05
1010,56.0,veh_020,481.0935254685692,-1.6,13.665812114085472,0.4221153101170181,e01_0,477.89352546856924,e01
1010,56.0,veh_021,1.6,451.4500234757476,4.93890130756013,0.5067579527155219,e05_0,448.25002347574764,e05
1010,56.0,veh_022,458.581791078932,-1.6,13.13000639793813,-0.2626992018613361,e01_0,455.381791078932,e01
1010,56.0,veh_023,1.6,438.34823527742134,4.284644287641097,-1.237669662479667,e05_0,435.14823527742135,e05
1010,57.0,veh_000,879.7012688939478,-1.6,15.398467105006578,-0.2576921944599597,e12_0,379.7012688939479,e12
1010,57.0,veh_001,253.46489329512315,498.4,14.7067166415279,-0.04089678288437426,e54_0,250.26489329512316,e54
1010,57.0,veh_002,825.1800781455472,-1.6,15.2349055052017,0.3856621530605491,e12_0,325.18007814554727,e12
1010,57.0,veh_003,228.53733364733355,498.4,15.543104176218014,0.22007605891859505,e54_0,225.33733364733357,e54
1010,57.0,veh_004,800.3032133275206,-1.6,14.75331900821568,-0.7608972321691052,e12_0,300.30321332752067,e12
1010,57.0,veh_005,160.59611744488026,498.4,13.712588250563579,-0.06733717341441725,e54_0,157.39611744488028,e54
1010,57.0,veh_006,777.3384685010569,-1.6,15.297530365805427,0.3930722443534709,e12_0,277.3384685010569,e12
1010,57.0,veh_007,133.58555808790425,498.4,15.566193721161813,0.37110044481340765,e54_0,130.38555808790426,e54
1010,57.0,veh_008,687.6540083264604,-1.6,13.854059015353263,-0.34083770338911634,e12_0,187.65400832646034,e12
1010,57.0,veh_009,93.09326345140167,498.4,16.199775521601552,-0.17296578965149934,e54_0,89.89326345140167,e54
1010,57.0,veh_010,664.8525805895008,-1.6,14.055114744683157,-0.765074082703439,e12_0,164.85258058950086,e12
1010,57.0,veh_011,42.579259372585085,498.4,12.9667403134216,2.257003024420701,e54_0,39.37925937258508,e54
1010,57.0,veh_012,642.1269265876385,-1.6,14.830142677820813,1.0102616942340195,e12_0,142.12692658763854,e12
1010,57.0,veh_013,10.927398857559169,498.4,6.215299104994125,2.340476400628686,e54_0,7.727398857559169,e54
1010,57.0,veh_014,618.7790529966416,-1.6,13.980092604076217,-0.8389823184015359,e12_0,118.77905299664158,e12
1010,57.0,veh_015,1.6,492.5576722933817,4.001071325573361,0.04698210931078872,e05_0,489.3576722933817,e05
1010,57.0,veh_016,595.3130036320304,-1.6,14.834201279704695,0.9343436120670354,e12_0,95.31300363203036,e12
1010,57.0,veh_017,1.6,480.61488979551535,3.988070979713001,0.06777173596909059,e05_0,477.41488979551536,e05
1010,57.0,veh_018,515.9110205265825,-1.6,13.394648076272185,0.35935343588702473,e12_0,15.911020526582579,e12
1010,57.0,veh_019,1.6,468.736880749304,4.066618354180986,-0.6612272314649248,e05_0,465.53688074930403,e05
1010,57.0,veh_020,494.1809826387865,-1.6,13.087457170217244,-0.5783549438682289,e01_0,490.9809826387865,e01
1010,57.0,veh_021,1.6,456.412587597602,4.962564121854356,0.023662814294226564,e05_0,453.212587597602,e05
1010,57.0,veh_022,472.1520872303807,-1.6,13.57029615144872,0.44028975351058897,e01_0,468.9520872303807,e01
1010,57.0,veh_023,1.6,443.2381778103687,4.8899425329473525,0.6052982453062556,e05_0,440.0381778103687,e05
1010,58.0,veh_000,895.2814349697398,-1.6,15.580166075791942,0.181698970785364,e12_0,395.28143496973985,e12
1010,58.0,veh_001,267.9024032242328,498.4,14.437509929109664,-0.26920671241823513,e54_0,264.7024032242328,e54
1010,58.0,veh_002,840.2867374932257,-1.6,15.106659347678455,-0.12824615752324497,e12_0,340.2867374932257,e12
1010,58.0,veh_003,243.15332633590708,498.4,14.615992688573515,-0.927111487644499,e54_0,239.9533263359071,e54
1010,58.0,veh_004,815.3707920230986,-1.6,15.06757869557805,0.31425968736236953,e12_0,315.3707920230987,e12
1010,58.0,veh_005,174.34448494980117,498.4,13.748367504920909,0.03577925435732965,e54_0,171.14448494980118,e54
1010,58.0,veh_006,791.7160618700854,-1.6,14.3775933690285,-0.9199369967769275,e12_0,291.7160618700854,e12
1010,58.0,veh_007,148.37686850849448,498.4,14.791310420590225,-0.774883300571588,e54_0,145.1768685084945,e54
1010,58.0,veh_008,702.0282011137099,-1.6,14.374192787249626,0.5201337718963632,e12_0,202.02820111370997,e12
1010,58.0,veh_009,109.37160874680202,498.4,16.27834529540036,0.07856977379880803,e54_0,106.17160874680202,e54
1010,58.0,veh_010,678.5645524425946,-1.6,13.711971853093763,-0.3431428915893946,e12_0,178.56455244259462,e12
1010,58.0,veh_011,58.116455572299884,498.4,15.537196199714801,2.5704558862932014,e54_0,54.91645557229988,e54
1010,58.0,veh_012,656.0056785783183,-1.6,13.878751990679817,-0.9513906871409965,e12_0,156.00567857831834,e12
1010,58.0,veh_013,19.052975696146543,498.4,8.125576838587373,1.9102777335932473,e54_0,15.852975696146542,e54
1010,58.0,veh_014,633.1463171965935,-1.6,14.367264199951942,0.38717159587572425,e12_0,133.14631719659351,e12
1010,58.0,veh_015,1.6,496.6645931127515,4.106920819369778,0.10584949379641717,e05_0,493.4645931127515,e05
1010,58.0,veh_016,609.7814934352172,-1.6,14.468489803186808,-0.3657114765178875,e12_0,109.78149343521717,e12
1010,58.0,veh_017,1.6,484.715174168135,4.10028437261962,0.11221339290661891,e05_0,481.515174168135,e05
1010,58.0,veh_018,529.4181807353663,-1.6,13.507160208783658,0.11251213251147263,e12_0,29.418180735366235,e12
1010,58.0,veh_019,1.6,472.79155648266584,4.054675733361818,-0.01194262081916797,e05_0,469.59155648266585,e05
1010,58.0,veh_020,507.4926365536703,-1.6,13.41165391488384,0.32419674466659565,e12_0,7.492636553670332,e12
1010,58.0,veh_021,1.6,460.41242311800045,3.999835520398448,-0.9627286014559084,e05_0,457.21242311800046,e05
1010,58.0,veh_022,485.2062603671451,-1.6,13.054173136764378,-0.5161230146843412,e01_0,482.0062603671451,e01
1010,58.0,veh_023,1.6,447.94246852165713,4.704290711288422,-0.18565182165893024,e05_0,444.74246852165714,e05
1010,59.0,veh_000,911.0070613991186,-1.6,15.725626429378766,0.14546035358682374,e12_0,411.00706139911864,e12
1010,59.0,veh_001,282.1979955887296,498.4,14.295592364496851,-0.1419175646128128,e54_0,278.9979955887296,e54
1010,59.0,veh_002,855.5167657100951,-1.6,15.23002821686949,0.12336886919103485,e12_0,355.51676571009517,e12
1010,59.0,veh_003,258.07454324180736,498.4,14.92121690590029,0.3052242173267743,e54_0,254.87454324180737,e54
1010,59.0,veh_004,830.6670716558792,-1.6,15.296279632780568,0.22870093720251816,e12_0,330.6670716558793,e12
1010,59.0,veh_005,188.56624831177868,498.4,14.221763361977512,0.4733958570566035,e54_0,185.3662483117787,e54
1010,59.0,veh_006,807.0211323038233,-1.6,15.305070433737908,0.927477064709409,e12_0,307.0211323038233,e12
1010,59.0,veh_007,163.04327944452442,498.4,14.666410936029942,-0.12489948456028266,e54_0,159.84327944452443,e54
1010,59.0,veh_008,716.5416996364787,-1.6,14.513498522768781,0.13930573551915515,e12_0,216.54169963647874,e12
1010,59.0,veh_009,125.65403801091999,498.4,16.282429264117965,0.004083968717605302,e54_0,122.45403801091999,e54
1010,59.0,veh_010,693.271139185229,-1.6,14.70658674263436,0.994614889540598,e12_0,193.27113918522898,e12
1010,59.0,veh_011,74.43238588320672,498.4,16.315930310906843,0.7787341111920423,e54_0,71.23238588320672,e54
1010,59.0,veh_012,669.5526625639031,-1.6,13.546983985584836,-0.3317680050949807,e12_0,169.55266256390317,e12
1010,59.0,veh_013,29.15141182416586,498.4,10.098436128019317,1.9728592894319448,e54_0,25.95141182416586,e54
1010,59.0,veh_014,647.0035573177981,-1.6,13.857240121204615,-0.5100240787473265,e12_0,147.00355731779814,e12
1010,59.0,veh_015,4.980681668326549,498.4,4.49608855557505,0.38916773620527234,e54_0,1.7806816683265492,e54
1010,59.0,veh_016,624.2895770635758,-1.6,14.508083628358708,0.039593825171900576,e12_0,124.28957706357588,e12
1010,59.0,veh_017,1.6,488.7138436153714,3.9986694472364173,-0.1016149253832026,e05_0,485.5138436153714,e05
1010,59.0,veh_018,542.6379288473431,-1.6,13.219748111976857,-0.2874120968068006,e12_0,42.63792884734309,e12
1010,59.0,veh_019,1.6,477.1925136372931,4.400957154627229,0.3462814212654113,e05_0,473.9925136372931,e05
1010,59.0,veh_020,520.9307628638786,-1.6,13.43812631020823,0.026472395324390163,e12_0,20.930762863878563,e12
1010,59.0,veh_021,1.6,464.4991546555861,4.0867315375856474,0.08689601718719953,e05_0,461.2991546555861,e05
1010,59.0,veh_022,498.9800281804621,-1.6,13.773767813317027,0.7195946765526493,e01_0,495.7800281804621,e01
1010,59.0,veh_023,1.6,452.3465719613127,4.404103439655552,-0.3001872716328702,e05_0,449.1465719613127,e05
1010,60.0,veh_000,926.7921939097237,-1.6,15.785132510605047,0.05950608122628154,e12_0,426.79219390972366,e12
1010,60.0,veh_001,296.77327372108755,498.4,14.575278132357933,0.279685767861082,e54_0,293.57327372108756,e54
1010,60.0,veh_002,870.6080939872807,-1.6,15.091328277185479,-0.1386999396840114,e12_0,370.60809398728065,e12
1010,60.0,veh_003,272.793331046557,498.4,14.718787804749642,-0.20242910115064738,e54_0,269.593331046557,e54
1010,60.0,veh_004,845.67579537055,-1.6,15.00872371467074,-0.2875559181098275,e12_0,345.67579537055,e12
1010,60.0,veh_005,202.15550122196532,498.4,13.589252910186636,-0.6325104517908766,e54_0,198.95550122196533,e54
1010,60.0,veh_006,822.1508591703473,-1.6,15.12972686652409,-0.17534356721381883,e12_0,322.1508591703474,e12
1010,60.0,veh_007,177.86862523336347,498.4,14.825345788839071,0.15893485280912856,e54_0,174.66862523336349,e54
1010,60.0,veh_008,730.5828757932194,-1.6,14.04117615674069,-0.4723223660280915,e12_0,230.58287579321944,e12
1010,60.0,veh_009,141.77552513310738,498.4,16.121487122187393,-0.16094214193057255,e54_0,138.5755251331074,e54
1010,60.0,veh_010,708.0348433751806,-1.6,14.763704189951614,0.05711744731725332,e12_0,208.0348433751806,e12
1010,60.0,veh_011,90.44447896487661,498.4,16.012093081669885,-0.303837229236958,e54_0,87.2444789648766,e54
1010,60.0,veh_012,683.948305117902,-1.6,14.395642553998867,0.8486585684140309,e12_0,183.94830511790204,e12
1010,60.0,veh_013,41.75032746874912,498.4,12.598915644583254,2.500479516563937,e54_0,38.55032746874912,e54
1010,60.0,veh_014,660.2059281621135,-1.6,13.202370844315443,-0.6548692768891726,e12_0,160.2059281621136,e12
1010,60.0,veh_015,11.92961421004589,498.4,6.948932541719341,2.4528439861442903,e54_0,8.72961421004589,e54
1010,60.0,veh_016,638.0126691068567,-1.6,13.723092043280896,-0.7849915850778117,e12_0,138.01266910685678,e12
1010,60.0,veh_017,1.6,493.1500547779901,4.436211162618685,0.4375417153822676,e05_0,489.9500547779901,e05
1010,60.0,veh_018,556.0567771100281,-1.6,13.418848262684966,0.19910015070810871,e12_0,56.05677711002806,e12
1010,60.0,veh_019,1.6,480.5165304108296,3.3240167735365103,-1.076940381090719,e05_0,477.3165304108296,e05
1010,60.0,veh_020,533.8992420913537,-1.6,12.968479227475154,-0.46964708273307565,e12_0,33.89924209135371,e12
1010,60.0,veh_021,1.6,469.2028343220125,4.703679666426421,0.6169481288407734,e05_0,466.0028343220125,e05
1010,60.0,veh_022,512.1608253849861,-1.6,13.280797204523909,-0.4929706087931187,e12_0,12.16082538498605,e12
1010,60.0,veh_023,1.6,456.35934495511475,4.012772993802074,-0.39133044585347765,e05_0,453.15934495511476,e05
1010,61.0,veh_000,942.3645774289473,-1.6,15.57238351922367,-0.21274899138137648,e12_0,442.3645774289473,e12
1010,61.0,veh_001,311.59389769311264,498.4,14.820623972025068,0.2453458396671344,e54_0,308.39389769311265,e54
1010,61.0,veh_002,885.9304789287075,-1.6,15.322384941426957,0.23105666424147842,e12_0,385.9304789287076,e12
1010,61.0,veh_003,287.61989320482166,498.4,14.826562158264647,0.10777435351500486,e54_0,284.4198932048217,e54
1010,61.0,veh_004,860.9780989854553,-1.6,15.302303614905282,0.2935799002345423,e12_0,360.9780989854553,e12
1010,61.0,veh_005,215.77950855223312,498.4,13.624007330267789,0.03475442008115337,e54_0,212.57950855223314,e54
1010,61.0,veh_006,836.9492248399733,-1.6,14.798365669626051,-0.33136119689803856,e12_0,336.94922483997345,e12
1010,61.0,veh_007,191.8931517475282,498.4,14.024526514164746,-0.8008192746743248,e54_0,188.69315174752822,e54
1010,61.0,veh_008,744.7821532768439,-1.6,14.19927748362446,0.1581013268837701,e12_0,244.7821532768439,e12
1010,61.0,veh_009,158.27573948251603,498.4,16.500214349408637,0.3787272272212441,e54_0,155.07573948251604,e54
1010,61.0,veh_010,722.0951921247614,-1.6,14.06034874958087,-0.7033554403707445,e12_0,222.09519212476147,e12
1010,61.0,veh_011,106.45048319759894,498.4,16.006004232722336,-0.006088848947548797,e54_0,103.25048319759894,e54
1010,61.0,veh_012,698.4060605340535,-1.6,14.457755416151448,0.06211286215258127,e12_0,198.4060605340535,e12
1010,61.0,veh_013,56.55407061390946,498.4,14.803743145160338,2.2048275005770837,e54_0,53.35407061390946,e54
1010,61.0,veh_014,674.5274501352504,-1.6,14.321521973136845,1.119151128821402,e12_0,174.52745013525043,e12
1010,61.0,veh_015,21.42058878292299,498.4,9.490974572877102,2.542042031157761,e54_0,18.22058878292299,e54
1010,61.0,veh_016,651.4270808984597,-1.6,13.414411791602927,-0.30868025167796986,e12_0,151.4270808984597,e12
1010,61.0,veh_017,1.6,496.40517314127646,3.255118363286397,-1.181092799332288,e05_0,493.2051731412765,e05
1010,61.0,veh_018,569.1081703798031,-1.6,13.05139326977505,-0.36745499290991646,e12_0,69.10817037980311,e12
1010,61.0,veh_019,1.6,484.60869837924866,4.09216796841907,0.7681511948825599,e05_0,481.4086983792487,e05
1010,61.0,veh_020,546.9861587071398,-1.6,13.086916615786132,0.11843738831097816,e12_0,46.98615870713984,e12
1010,61.0,veh_021,1.6,472.7051343840609,3.5023000620483744,-1.2013796043780465,e05_0,469.5051343840609,e05
1010,61.0,veh_022,525.3100624108423,-1.6,13.149237025856307,-0.13156017866760195,e12_0,25.310062410842356,e12
1010,61.0,veh_023,1.6,460.71328534821237,4.353940393097614,0.3411673992955393,e05_0,457.5132853482124,e05
1010,62.0,veh_000,957.7480205213799,-1.6,15.383443092432584,-0.18894042679108658,e12_0,457.7480205213799,e12
1010,62.0,veh_001,326.3329048877605,498.4,14.739007194647865,-0.08161677737720296,e54_0,323.1329048877605,e54
1010,62.0,veh_002,900.9779923684866,-1.6,15.04751343977909,-0.27487150164786733,e12_0,400.9779923684867,e12
1010,62.0,veh_003,302.10203646838676,498.4,14.482143263565074,-0.3444188946995723,e54_0,298.90203646838677,e54
1010,62.0,veh_004,876.2818822337779,-1.6,15.303783248322665,0.0014796334173823311,e12_0,376.28188223377794,e12
1010,62.0,veh_005,229.89548981859303,498.4,14.115981266359897,0.4919739360921085,e54_0,226.69548981859305,e54
1010,62.0,veh_006,852.4295324202811,-1.6,15.48030758030775,0.6819419106816991,e12_0,352.4295324202812,e12
1010,62.0,veh_007,205.51020040659395,498.4,13.617048659065736,-0.40747785509901036,e54_0,202.31020040659396,e54
1010,62.0,veh_008,758.8870813130586,-1.6,14.104928036214837,-0.09434944740962337,e12_0,258.88708131305873,e12
1010,62.0,veh_009,174.2139470033679,498.4,15.938207520851867,-0.5620068285567701,e54_0,171.01394700336792,e54
1010,62.0,veh_010,736.1811252928023,-1.6,14.085933168040892,0.025584418460022462,e12_0,236.18112529280236,e12
1010,62.0,veh_011,122.87033927044016,498.4,16.419856072841213,0.4138518401188769,e54_0,119.67033927044015,e54
1010,62.0,veh_012,712.8575876760035,-1.6,14.451527141950105,-0.006228274201342643,e12_0,212.8575876760036,e12
1010,62.0,veh_013,72.95645463162003,498.4,16.402384017710574,1.5986408725502361,e54_0,69.75645463162003,e54
1010,62.0,veh_014,689.1962766453662,-1.6,14.6688265101158,0.3473045369789549,e12_0,189.19627664536623,e12
1010,62.0,veh_015,33.115207616787735,498.4,11.694618833864741,2.203644260987639,e54_0,29.915207616787733,e54
1010,62.0,veh_016,665.825228289307,-1.6,14.398147390847388,0.9837355992444614,e12_0,165.8252282893071,e12
1010,62.0,veh_017,3.481971478408691,498.4,3.256798337132223,0.001679973845825966,e54_0,0.28197147840869086,e54
1010,62.0,veh_018,582.6031600928978,-1.6,13.494989713094743,0.4435964433196933,e12_0,82.60316009289785,e12
1010,62.0,veh_019,1.6,488.737306807382,4.128608428133367,0.03644045971429666,e05_0,485.53730680738204,e05
1010,62.0,veh_020,560.2082750105022,-1.6,13.2221163033624,0.135199687576268,e12_0,60.20827501050224,e12
1010,62.0,veh_021,1.6,476.77185288966757,4.0667185056066515,0.5644184435582771,e05_0,473.5718528896676,e05
1010,62.0,veh_022,538.2227630949835,-1.6,12.912700684141159,-0.2365363417151478,e12_0,38.22276309498351,e12
1010,62.0,veh_023,1.6,465.1609743626394,4.447689014427032,0.09374862132941786,e05_0,461.96097436263943,e05
1010,63.0,veh_000,973.3174450965175,-1.6,15.569424575137685,0.18598148270510073,e12_0,473.3174450965176,e12
1010,63.0,veh_001,340.42130581136587,498.4,14.088400923605377,-0.6506062710424878,e54_0,337.2213058113659,e54
1010,63.0,veh_002,916.0260477603877,-1.6,15.048055391901093,0.0005419521220026979,e12_0,416.02604776038777,e12
1010,63.0,veh_003,316.7811612774175,498.4,14.67912480903075,0.19698154546567537,e54_0,313.5811612774175,e54
1010,63.0,veh_004,891.7013849838593,-1.6,15.419502750081433,0.11571950175876822,e12_0,391.7013849838594,e12
1010,63.0,veh_005,244.09126218569523,498.4,14.195772367102194,0.07979110074229645,e54_0,240.89126218569524,e54
1010,63.0,veh_006,867.9536004668123,-1.6,15.524068046531157,0.043760466223407235,e12_0,367.95360046681236,e12
1010,63.0,veh_007,219.9590070347404,498.4,14.448806628146466,0.83175796908073,e54_0,216.75900703474042,e54
1010,63.0,veh_008,772.827389006977,-1.6,13.940307693918289,-0.16462034229654776,e12_0,272.827389006977,e12
1010,63.0,veh_009,189.81393010442855,498.4,15.599983101060644,-0.33822441979122253,e54_0,186.61393010442856,e54
1010,63.0,veh_010,750.2606824729817,-1.6,14.079557180179288,-0.006375987861604315,e12_0,250.26068247298164,e12
1010,63.0,veh_011,139.51752847201305,498.4,16.64718920157291,0.2273331287316971,e54_0,136.31752847201307,e54
1010,63.0,veh_012,726.9785360388739,-1.6,14.120948362870397,-0.33057877907970834,e12_0,226.97853603887398,e12
1010,63.0,veh_013,89.06702537781926,498.4,16.11057074619923,-0.2918132715113444,e54_0,85.86702537781926,e54
1010,63.0,veh_014,703.7704780951071,-1.6,14.574201449740892,-0.09462506037490748,e12_0,203.7704780951071,e12
1010,63.0,veh_015,47.171465607939325,498.4,14.056257991151586,2.361639157286845,e54_0,43.97146560793932,e54
1010,63.0,veh_016,680.7478405032878,-1.6,14.922612213980644,0.5244648231332558,e12_0,180.74784050328773,e12
1010,63.0,veh_017,8.917294738926035,498.4,5.435323260517344,2.178524923385121,e54_0,5.717294738926035,e54
1010,63.0,veh_018,595.6316080538106,-1.6,13.028447960912796,-0.4665417521819464,e12_0,95.63160805381065,e12
1010,63.0,veh_019,1.6,492.02774358948557,3.2904367821035376,-0.8381716460298292,e05_0,488.8277435894856,e05
1010,63.0,veh_020,573.3725690083481,-1.6,13.16429399784585,-0.05782230551655054,e12_0,73.3725690083481,e12
1010,63.0,veh_021,1.6,481.03494872871505,4.263095839047493,0.19637733344084118,e05_0,477.83494872871506,e05
1010,63.0,veh_022,551.4697740033673,-1.6,13.247010908383823,0.3343102242426639,e12_0,51.469774003367334,e12
1010,63.0,veh_023,1.6,468.8652327122887,3.7042583496492703,-0.7434306647777613,e05_0,465.6652327122887,e05
1010,64.0,veh_000,986.9691125484298,-1.6,13.651667451912239,-1.9177571232254458,e12_0,486.96911254842985,e12
1010,64.0,veh_001,355.18637002662115,498.4,14.76506421525527,0.6766632916498931,e54_0,351.98637002662116,e54
1010,64.0,veh_002,930.7834721709207,-1.6,14.75742441053308,-0.2906309813680128,e12_0,430.78347217092085,e12
1010,64.0,veh_003,330.76712490077995,498.4,13.985963623362437,-0.6931611856683126,e54_0,327.56712490077996,e54
1010,64.0,veh_004,906.506609977612,-1.6,14.805224993752603,-0.6142777563288302,e12_0,406.506609977612,e12
1010,64.0,veh_005,257.8559674389537,498.4,13.764705253258446,-0.4310671138437474,e54_0,254.6559674389537,e54
1010,64.0,veh_006,882.8739961728022,-1.6,14.920395705989886,-0.6036723405412712,e12_0,382.87399617280226,e12
1010,64.0,veh_007,234.47096760874217,498.4,14.51196057400176,0.06315394585529432,e54_0,231.27096760874218,e54
1010,64.0,veh_008,787.1554701191867,-1.6,14.32808111220976,0.3877734182914718,e12_0,287.15547011918676,e12
1010,64.0,veh_009,205.77099296503414,498.4,15.957062860605587,0.3570797595449431,e54_0,202.57099296503415,e54
1010,64.0,veh_010,764.3727548379181,-1.6,14.112072364936598,0.03251518475730997,e12_0,264.37275483791825,e12
1010,64.0,veh_011,155.98492267859282,498.4,16.467394206579776,-0.17979499499313434,e54_0,152.78492267859284,e54
1010,64.0,veh_012,740.932772272831,-1.6,13.954236233957081,-0.166712128913316,e12_0,240.93277227283107,e12
1010,64.0,veh_013,105.51075009332406,498.4,16.443724715504796,0.33315396930556673,e54_0,102.31075009332406,e54
1010,64.0,veh_014,717.5994912034035,-1.6,13.829013108296495,-0.7451883414443969,e12_0,217.5994912034036,e12
1010,64.0,veh_015,63.498184087957,498.4,16.32671848001767,2.2704604888660853,e54_0,60.298184087957,e54
1010,64.0,veh_016,694.9573542663587,-1.6,14.20951376307099,-0.7130984509096532,e12_0,194.95735426635872,e12
1010,64.0,veh_017,16.193425347802755,498.4,7.276130608876721,1.8408073483593768,e54_0,12.993425347802756,e54
1010,64.0,veh_018,609.1724069959589,-1.6,13.5407989421483,0.5123509812355032,e12_0,109.17240699595895,e12
1010,64.0,veh_019,1.6,496.1249160089856,4.097172419500046,0.8067356373965082,e05_0,492.92491600898563,e05
1010,64.0,veh_020,586.2319388575097,-1.6,12.859369849161562,-0.30492414868428774,e12_0,86.23193885750966,e12
1010,64.0,veh_021,1.6,484.2963056074311,3.261356878716089,-1.0017389603314037,e05_0,481.09630560743113,e05
1010,64.0,veh_022,564.260153730706,-1.6,12.79037972733859,-0.4566311810452319,e12_0,64.26015373070592,e12
1010,64.0,veh_023,1.6,472.7776680688608,3.9124353565721175,0.20817700692284724,e05_0,469.5776680688608,e05
1010,65.0,veh_000,996.6133669702522,-1.6,9.644254421822408,-4.007413030089831,e12_0,496.61336697025223,e12
1010,65.0,veh_001,369.91683224839477,498.4,14.73046222177364,-0.034601993481629734,e54_0,366.7168322483948,e54
1010,65.0,veh_002,945.8943673474813,-1.6,15.110895176560538,0.3534707660274581,e12_0,445.89436734748136,e12
1010,65.0,veh_003,345.75185105701746,498.4,14.98472615623749,0.9987625328750536,e54_0,342.5518510570175,e54
1010,65.0,veh_004,921.6546822078458,-1.6,15.148072230233767,0.34284723648116433,e12_0,421.6546822078458,e12
1010,65.0,veh_005,271.7360107524626,498.4,13.880043313508953,0.1153380602505063,e54_0,268.53601075246263,e54
1010,65.0,veh_006,897.2884049621694,-1.6,14.414408789367165,-0.5059869166227209,e12_0,397.2884049621694,e12
1010,65.0,veh_007,248.5009623009009,498.4,14.029994692158725,-0.4819658818430348,e54_0,245.30096230090092,e54
1010,65.0,veh_008,801.68529278096,-1.6,14.529822661773355,0.2017415495635948,e12_0,301.68529278096014,e12
1010,65.0,veh_009,221.88671993233885,498.4,16.115726967304717,0.15866410669912945,e54_0,218.68671993233886,e54
1010,65.0,veh_010,778.777084276661,-1.6,14.404329438742739,0.29225707380614097,e12_0,278.777084276661,e12
1010,65.0,veh_011,172.55924986820315,498.4,16.57432718961034,0.10693298303056409,e54_0,169.35924986820316,e54
1010,65.0,veh_012,754.7880150668851,-1.6,13.855242794054083,-0.09899343990299769,e12_0,254.78801506688515,e12
1010,65.0,veh_013,122.02892545153288,498.4,16.51817535820883,0.07445064270403279,e54_0,118.82892545153288,e54
1010,65.0,veh_014,731.625264444834,-1.6,14.025773241430432,0.19676013313393703,e12_0,231.62526444483404,e12
1010,65.0,veh_015,79.98643887998138,498.4,16.48825479202438,0.16153631200671015,e54_0,76.78643887998138,e54
1010,65.0,veh_016,708.9403597416356,-1.6,13.983005475276828,-0.22650828779416265,e12_0,208.94035974163555,e12
1010,65.0,veh_017,25.998461538422934,498.4,9.805036190620179,2.528905581743458,e54_0,22.798461538422934,e54
1010,65.0,veh_018,622.5346921476357,-1.6,13.36228515167682,-0.17851379047147908,e12_0,122.53469214763577,e12
1010,65.0,veh_019,3.816020309046162,498.4,3.8711043000605336,-0.22606811943951222,e54_0,0.6160203090461618,e54
1010,65.0,veh_020,599.8820225534548,-1.6,13.650083695945138,0.7907138467835768,e12_0,99.8820225534548,e12
1010,65.0,veh_021,1.6,488.44478125133645,4.148475643905345,0.8871187651892565,e05_0,485.24478125133646,e05
1010,65.0,veh_022,577.6144191835947,-1.6,13.354265452888793,0.5638857255502021,e12_0,77.61441918359472,e12
1010,65.0,veh_023,1.6,476.2874376906273,3.5097696217665098,-0.40266573480560774,e05_0,473.0874376906273,e05
1010,66.0,veh_000,1001.0802234766634,0.7337057944391167,5.378542853126525,-4.265711568695883,:n2_1_0,5.191909823378751,:n2_1
1010,66.0,veh_001,384.43158031735453,498.4,14.514748068959753,-0.21571415281388795,e54_0,381.23158031735454,e54
1010,66.0,veh_002,960.7245019414122,-1.6,14.830134593930946,-0.2807605826295916,e12_0,460.7245019414123,e12
1010,66.0,veh_003,360.39668395600637,498.4,14.644832898988884,-0.3398932572486064,e54_0,357.1966839560064,e54
1010,66.0,veh_004,936.9483744416347,-1.6,15.293692233788954,0.14562000355518734,e12_0,436.9483744416347,e12
1010,66.0,veh_005,285.3029792594481,498.4,13.566968506985443,-0.3130748065235096,e54_0,282.1029792594481,e54
1010,66.0,veh_006,912.7976326959918,-1.6,15.509227733822332,1.0948189444551666,e12_0,412.79763269599175,e12
1010,66.0,veh_007,262.27315086106324,498.4,13.772188560162336,-0.25780613199638935,e54_0,259.07315086106325,e54
1010,66.0,veh_008,815.5668116213718,-1.6,13.881518840411731,-0.6483038213616243,e12_0,315.56681162137187,e12
1010,66.0,veh_009,236.74109653429292,498.4,14.854376601954083,-1.2613503653506335,e54_0,233.54109653429293,e54
1010,66.0,veh_010,792.9979771784033,-1.6,14.220892901742278,-0.18343653700046048,e12_0,292.9979771784033,e12
1010,66.0,veh_011,188.8395436182583,498.4,16.280293750055137,-0.29403343955520356,e54_0,185.6395436182583,e54
1010,66.0,veh_012,769.4296642525046,-1.6,14.641649185619446,0.7864063915653627,e12_0,269.4296642525046,e12
1010,66.0,veh_013,138.12325805115879,498.4,16.094332599625925,-0.42384275858290366,e54_0,134.9232580511588,e54
1010,66.0,veh_014,745.3545675295404,-1.6,13.729303084706363,-0.2964701567240695,e12_0,245.35456752954042,e12
1010,66.0,veh_015,96.61320045497801,498.4,16.626761574996635,0.13850678297225372,e54_0,93.41320045497801,e54
1010,66.0,veh_016,722.9890096572614,-1.6,14.048649915625864,0.06564444034903616,e12_0,222.98900965726142,e12
1010,66.0,veh_017,38.031242322970755,498.4,12.032780784547814,2.2277445939276355,e54_0,34.83124232297075,e54
1010,66.0,veh_018,635.5259458787418,-1.6,12.991253731106022,-0.3710314205707981,e12_0,135.5259458787418,e12
1010,66.0,veh_019,10.173220461651226,498.4,6.357200152605064,2.4860958525445307,e54_0,6.973220461651226,e54
1010,66.0,veh_020,613.5679689382443,-1.6,13.68594638478951,0.035862688844371604,e12_0,113.56796893824432,e12
1010,66.0,veh_021,1.6,491.9441543806878,3.4993731293513233,-0.6491025145540221,e05_0,488.7441543806878,e05
1010,66.0,veh_022,590.9005357069901,-1.6,13.286116523395405,-0.06814892949338791,e12_0,90.90053570699013,e12
1010,66.0,veh_023,1.6,480.72347761521934,4.436039924592004,0.9262703028254942,e05_0,477.52347761521935,e05
1010,67.0,veh_000,1001.6,5.996210875964219,5.344301052585467,-0.034241800541058076,e23_0,2.796210875964219,e23
1010,67.0,veh_001,399.0604433044503,498.4,14.62886298709579,0.11411491813603725,e54_0,395.8604433044503,e54
1010,67.0,veh_002,975.8255354090508,-1.6,15.10103346763851,0.27089887370756394,e12_0,475.8255354090508,e12
1010,67.0,veh_003,374.6895932514947,498.4,14.292909295488359,-0.3519236035005253,e54_0,371.48959325149474,e54
1010,67.0,veh_004,951.694363160903,-1.6,14.745988719268352,-0.5477035145206024,e12_0,451.69436316090304,e12
1010,67.0,veh_005,298.89177860371774,498.4,13.588799344269658,0.021830837284214866,e54_0,295.69177860371775,e54
1010,67.0,veh_006,927.8776828244957,-1.6,15.080050128503977,-0.4291776053183547,e12_0,427.8776828244957,e12
1010,67.0,veh_007,276.0242889609907,498.4,13.751138099927465,-0.021050460234871338,e54_0,272.8242889609907,e54
1010,67.0,veh_008,829.5224931499038,-1.6,13.955681528531999,0.07416268812026772,e12_0,329.5224931499039,e12
1010,67.0,veh_009,250.80078576049732,498.4,14.059689226204386,-0.7946873757496977,e54_0,247.60078576049733,e54
1010,67.0,veh_010,807.0447273607929,-1.6,14.04675018238958,-0.1741427193526981,e12_0,307.0447273607929,e12
1010,67.0,veh_011,205.19300995848255,498.4,16.35346634022426,0.07317259016912203,e54_0,201.99300995848256,e54
1010,67.0,veh_012,783.5850833874887,-1.6,14.155419134984129,-0.4862300506353172,e12_0,283.58508338748874,e12
1010,67.0,veh_013,154.10013066982285,498.4,15.976872618664057,-0.11745998096186838,e54_0,150.90013066982286,e54
1010,67.0,veh_014,760.4740431699233,-1.6,15.119475640382946,1.3901725556765836,e12_0,260.4740431699234,e12
1010,67.0,veh_015,113.2761645629543,498.4,16.662964107976297,0.036202532979661584,e54_0,110.0761645629543,e54
1010,67.0,veh_016,736.8806348278524,-1.6,13.89162517059099,-0.1570247450348745,e12_0,236.88063482785242,e12
1010,67.0,veh_017,52.297931020614946,498.4,14.26668869764419,2.2339079130963757,e54_0,49.09793102061494,e54
1010,67.0,veh_018,648.8895196801378,-1.6,13.36357380139603,0.3723200702900069,e12_0,148.88951968013782,e12
1010,67.0,veh_019,19.123298395642777,498.4,8.950077933991553,2.5928777813864885,e54_0,15.923298395642778,e54
1010,67.0,veh_020,626.4245745978014,-1.6,12.856605659557156,-0.8293407252323544,e12_0,126.42457459780148,e12
1010,67.0,veh_021,1.6,496.5433324229764,4.599178042288602,1.099804912937279,e05_0,493.3433324229764,e05
1010,67.0,veh_022,604.5199682916221,-1.6,13.619432584632044,0.3333160612366388,e12_0,104.51996829162218,e12
1010,67.0,veh_023,1.6,483.8222937995878,3.098816184368467,-1.337223740223537,e05_0,480.6222937995878,e05
1010,68.0,veh_000,1001.6,13.855099394195431,7.858888518231213,2.5145874656457456,e23_0,10.655099394195432,e23
1010,68.0,veh_001,413.57316994906347,498.4,14.512726644613148,-0.11613634248264226,e54_0,410.3731699490635,e54
1010,68.0,veh_002,988.4459240250526,-1.6,12.620388616001794,-2.4806448516367166,e12_0,488.4459240250526,e12
1010,68.0,veh_003,389.3006144486298,498.4,14.611021197135091,0.3181119016467324,e54_0,386.1006144486298,e54
1010,68.0,veh_004,966.5038880198326,-1.6,14.809524858929692,0.06353613966133942,e12_0,466.50388801983274,e12
1010,68.0,veh_005,312.46580075726024,498.4,13.574022153542476,-0.014777190727182088,e54_0,309.26580075726025,e54
1010,68.0,veh_006,942.4878773187838,-1.6,14.61019449428814,-0.469855634215838,e12_0,442.48787731878383,e12
1010,68.0,veh_007,289.45878790703745,498.4,13.434498946046727,-0.3166391538807378,e54_0,286.25878790703746,e54
1010,68.0,veh_008,843.381932739936,-1.6,13.859439590032267,-0.09624193849973217,e12_0,343.38193273993613,e12
1010,68.0,veh_009,265.2477648147517,498.4,14.446979054254392,0.38728982805000634,e54_0,262.0477648147517,e54
1010,68.0,veh_010,820.9342944924881,-1.6,13.889567131695342,-0.157183050694238,e12_0,320.9342944924882,e12
1010,68.0,veh_011,221.43724694713598,498.4,16.24423698865343,-0.10922935157082847,e54_0,218.237246947136,e54
1010,68.0,veh_012,798.0096626895976,-1.6,14.424579302108883,0.2691601671247543,e12_0,298.00966268959763,e12
1010,68.0,veh_013,170.32877575944542,498.4,16.22864508962259,0.2517724709585316,e54_0,167.12877575944543,e54
1010,68.0,veh_014,774.2518946072138,-1.6,13.777851437290444,-1.3416242030925023,e12_0,274.25189460721384,e12
1010,68.0,veh_015,129.68451363658602,498.4,16.40834907363169,-0.25461503434460653,e54_0,126.484513636586,e54
1010,68.0,veh_016,751.9729056701617,-1.6,15.09227084230938,1.2006456717183909,e12_0,251.9729056701618,e12
1010,68.0,veh_017,66.20021686370944,498.4,13.902285843094491,-0.3644028545496987,e54_0,63.00021686370943,e54
1010,68.0,veh_018,662.4668222666156,-1.6,13.577302586477796,0.2137287850817664,e12_0,162.46682226661562,e12
1010,68.0,veh_019,30.64600638886447,498.4,11.522707993221694,2.572630059230141,e54_0,27.446006388864472,e54
1010,68.0,veh_020,639.6242045767494,-1.6,13.199629978947998,0.34302431939084244,e12_0,139.6242045767495,e12
1010,68.0,veh_021,4.893085655457692,498.4,4.529753232481331,-0.06942480980727073,e54_0,1.6930856554576916,e54
1010,68.0,veh_022,617.5377531083282,-1.6,13.017784816705968,-0.6016477679260763,e12_0,117.53775310832815,e12
1010,68.0,veh_023,1.6,488.05629297548995,4.233999175902198,1.1351829915337315,e05_0,484.85629297548996,e05
1010,69.0,veh_000,1001.6,23.62370222130598,9.76860282711055,1.9097143088793374,e23_0,20.42370222130598,e23
1010,69.0,veh_001,428.03871501944934,498.4,14.46554507038586,-0.04718157422728808,e54_0,424.83871501944935,e54
1010,69.0,veh_002,996.6575135593489,-1.6,8.211589534296301,-4.408799081705492,e12_0,496.6575135593489,e12
1010,69.0,veh_003,404.0694710107436,498.4,14.76885656211382,0.15783536497872852,e54_0,400.8694710107436,e54
1010,69.0,veh_004,979.4056785496275,-1.6,12.901790529794877,-1.907734329134815,e12_0,479.4056785496276,e12
1010,69.0,veh_005,326.04538238088816,498.4,13.579581623627902,0.0055594700854264545,e54_0,322.84538238088817,e54
1010,69.0,veh_006,956.9704902264248,-1.6,14.482612907640942,-0.12758158664719765,e12_0,456.9704902264248,e12
1010,69.0,veh_007,302.9424927596457,498.4,13.48370485260826,0.04920590656153401,e54_0,299.7424927596457,e54
1010,69.0,veh_008,857.561427175187,-1.6,14.179494435250813,0.32005484521854655,e12_0,357.56142717518696,e12
1010,69.0,veh_009,279.4313900249078,498.4,14.183625210156109,-0.2633538440982832,e54_0,276.2313900249078,e54
1010,69.0,veh_010,834.7096436762879,-1.6,13.775349183799712,-0.11421794789563045,e12_0,334.70964367628795,e12
1010,69.0,veh_011,237.70468372563013,498.4,16.267436778494158,0.023199789840727902,e54_0,234.50468372563014,e54
1010,69.0,veh_012,811.7758041351112,-1.6,13.76614144551362,-0.6584378565952633,e12_0,311.77580413511123,e12
1010,69.0,veh_013,186.79049363706625,498.4,16.46171787762083,0.2330727879982426,e54_0,183.59049363706626,e54
1010,69.0,veh_014,788.4890906300449,-1.6,14.237196022831107,0.4593445855406628,e12_0,288.4890906300449,e12
1010,69.0,veh_015,146.1605352907262,498.4,16.476021654140204,0.0676725805085141,e54_0,142.9605352907262,e54
1010,69.0,veh_016,765.3990520587823,-1.6,13.426146388620575,-1.6661244536888056,e12_0,265.3990520587824,e12
1010,69.0,veh_017,80.10695307727306,498.4,13.90673621356362,0.004450370469129439,e54_0,76.90695307727306,e54
1010,69.0,veh_018,676.1375367564282,-1.6,13.670714489812578,0.09341190333478266,e12_0,176.1375367564282,e12
1010,69.0,veh_019,44.62639447733409,498.4,13.980388088469617,2.457680095247923,e54_0,41.426394477334085,e54
1010,69.0,veh_020,652.8801249445029,-1.6,13.25592036775343,0.056290388805431135,e12_0,152.8801249445029,e12
1010,69.0,veh_021,11.28050007197892,498.4,6.38741441652123,1.8576611840398982,e54_0,8.080500071978921,e54
1010,69.0,veh_022,630.9312719431564,-1.6,13.393518834828312,0.3757340181223441,e12_0,130.93127194315645,e12
1010,69.0,veh_023,1.6,492.61188937928097,4.555596403791021,0.32159722788882217,e05_0,489.411889379281,e05
1010,70.0,veh_000,1001.6,35.52236633586341,11.898664114557429,2.1300612874468783,e23_0,32.32236633586341,e23
1010,70.0,veh_001,442.5643906745082,498.4,14.525675655058885,0.06013058467302557,e54_0,439.36439067450823,e54
1010,70.0,veh_002,1000.8892422413714,0.4154037356190535,4.963253573907063,-3.2483359603892383,:n2_1_0,4.82076713325597,:n2_1
1010,70.0,veh_003,418.51526216070624,498.4,14.445791149962634,-0.3230654121511858,e54_0,415.31526216070625,e54
1010,70.0,veh_004,987.8550574406402,-1.6,8.44937889101254,-4.452411638782337,e12_0,487.85505744064017,e12
1010,70.0,veh_005,340.14459329326957,498.4,14.099210912381398,0.5196292887534959,e54_0,336.9445932932696,e54
1010,70.0,veh_006,969.7581272150001,-1.6,12.787636988575358,-1.694975919065584,e12_0,469.7581272150001,e12
1010,70.0,veh_007,316.41824522548075,498.4,13.475752465835043,-0.007952386773217412,e54_0,313.21824522548076,e54
1010,70.0,veh_008,871.6617602165718,-1.6,14.10033304138487,-0.07916139386594345,e12_0,371.66176021657185,e12
1010,70.0,veh_009,293.1750232163442,498.4,13.743633191436379,-0.4399920187197299,e54_0,289.9750232163442,e54
1010,70.0,veh_010,849.1553170891243,-1.6,14.445673412836411,0.6703242290366997,e12_0,349.15531708912437,e12
1010,70.0,veh_011,253.66197063887608,498.4,15.957286913245918,-0.3101498652482402,e54_0,250.46197063887607,e54
1010,70.0,veh_012,825.1972856960391,-1.6,13.421481560927923,-0.3446598845856972,e12_0,325.19728569603916,e12
1010,70.0,veh_013,203.10227590762443,498.4,16.31178227055818,-0.14993560706265185,e54_0,199.90227590762444,e54
1010,70.0,veh_014,802.4838799353217,-1.6,13.994789305276864,-0.2424067175542426,e12_0,302.4838799353218,e12
1010,70.0,veh_015,162.2116271932523,498.4,16.051091902526096,-0.4249297516141084,e54_0,159.0116271932523,e54
1010,70.0,veh_016,779.7711103334805,-1.6,14.372058274698082,0.9459118860775071,e12_0,279.77111033348046,e12
1010,70.0,veh_017,94.45395076800347,498.4,14.346997690730408,0.44026147716678743,e54_0,91.25395076800346,e54
1010,70.0,veh_018,689.6606816548937,-1.6,13.52314489846545,-0.14756959134712844,e12_0,189.66068165489366,e12
1010,70.0,veh_019,61.16622495801418,498.4,16.539830480680095,2.559442392210478,e54_0,57.96622495801418,e54
1010,70.0,veh_020,666.5075404852417,-1.6,13.62741554073886,0.37149517298543167,e12_0,166.50754048524178,e12
1010,70.0,veh_021,19.49608865672087,498.4,8.215588584741951,1.8281741682207215,e54_0,16.296088656720872,e54
1010,70.0,veh_022,643.8268290015844,-1.6,12.895557058428011,-0.4979617764003006,e12_0,143.82682900158446,e12
1010,70.0,veh_023,1.6032206345230489,496.82254444166136,4.2108803808491295,-0.3447160229418911,:n5_1_0,0.0227697601300747,:n5_1
1010,71.0,veh_000,1001.6,49.2941912114801,13.77182487561669,1.8731607610592622,e23_0,46.094191211480094,e23
1010,71.0,veh_001,456.75780487865245,498.4,14.193414204144219,-0.3322614509146664,e54_0,453.55780487865246,e54
1010,71.0,veh_002,1001.6,5.502777746662502,5.222010613406532,0.2587570394994687,e23_0,2.3027777466625015,e23
1010,71.0,veh_003,433.29383224847766,498.4,14.778570087771422,0.3327789378087882,e54_0,430.09383224847767,e54
1010,71.0,veh_004,992.7654479799032,-1.6,4.9103905392630365,-3.538988351749503,e12_0,492.76544797990323,e12
1010,71.0,veh_005,354.0085081335805,498.4,13.863914840310912,-0.23529607207048642,e54_0,350.8085081335805,e54
1010,71.0,veh_006,978.7143277678415,-1.6,8.956200552841457,-3.8314364357339006,e12_0,478.71432776784155,e12
1010,71.0,veh_007,330.3798295601722,498.4,13.961584334691466,0.4858318688564225,e54_0,327.1798295601722,e54
1010,71.0,veh_008,885.8760761100999,-1.6,14.214315893528106,0.113982852143236,e12_0,385.8760761101,e12
1010,71.0,veh_009,306.99933098971815,498.4,13.824307773373942,0.08067458193756316,e54_0,303.79933098971816,e54
1010,71.0,veh_010,863.3071923596051,-1.6,14.151875270480732,-0.2937981423556799,e12_0,363.3071923596051,e12
1010,71.0,veh_011,269.62450911890363,498.4,15.96253848002758,0.005251566781662831,e54_0,266.42450911890364,e54
1010,71.0,veh_012,839.503465960318,-1.6,14.306180264278872,0.8846987033509492,e12_0,339.503465960318,e12
1010,71.0,veh_013,219.3985748114846,498.4,16.296298903860155,-0.015483366698024525,e54_0,216.1985748114846,e54
1010,71.0,veh_014,815.8703849728835,-1.6,13.386505037561756,-0.6082842677151081,e12_0,315.8703849728835,e12
1010,71.0,veh_015,178.82045325029708,498.4,16.60882605704479,0.5577341545186947,e54_0,175.6204532502971,e54
1010,71.0,veh_016,793.9503787902989,-1.6,14.179268456818507,-0.19278981787957505,e12_0,293.950378790299,e12
1010,71.0,veh_017,108.47306671992028,498.4,14.019115951916813,-0.32788173881359484,e54_0,105.27306671992028,e54
1010,71.0,veh_018,702.9134431524933,-1.6,13.252761497599618,-0.2703834008658319,e12_0,202.91344315249327,e12
1010,71.0,veh_019,77.13815652944378,498.4,15.971931571429597,-0.5678989092504985,e54_0,73.93815652944377,e54
1010,71.0,veh_020,680.2173153908877,-1.6,13.70977490564605,0.0823593649071892,e12_0,180.21731539088782,e12
1010,71.0,veh_021,29.671746066871638,498.4,10.175657410150768,1.9600688254088166,e54_0,26.47174606687164,e54
1010,71.0,veh_022,657.2754551002994,-1.6,13.448626098714914,0.5530690402869034,e12_0,157.27545510029938,e12
1010,71.0,veh_023,4.236628749475692,498.4,3.593858989345617,-0.6170213915035125,e54_0,1.0366287494756916,e54
1010,72.0,veh_000,1001.6,64.5636927430501,15.269501531569997,1.4976766559533061,e23_0,61.363692743050095,e23
1010,72.0,veh_001,471.487512747511,498.4,14.72970786885854,0.5362936647143215,e54_0,468.287512747511,e54
1010,72.0,veh_002,1001.6,13.231067755808581,7.72829000914608,2.506279395739548,e23_0,10.031067755808582,e23
1010,72.0,veh_003,447.91247448104986,498.4,14.618642232572176,-0.15992785519924624,e54_0,444.71247448104987,e54
1010,72.0,veh_004,998.4598491440447,-1.3628786937078943,5.710990382587584,0.8005998433245471,:n2_1_0,1.676438362490785,:n2_1
1010,72.0,veh_005,367.49088005308124,498.4,13.482371919500741,-0.3815429208101708,e54_0,364.29088005308125,e54
1010,72.0,veh_006,984.0199347755364,-1.6,5.305607007694899,-3.650593545146558,e12_0,484.01993477553646,e12
1010,72.0,veh_007,344.47428270757644,498.4,14.094453147404238,0.13286881271277196,e54_0,341.27428270757645,e54
1010,72.0,veh_008,899.7693756945762,-1.6,13.893299584476331,-0.3210163090517746,e12_0,399.7693756945763,e12
1010,72.0,veh_009,320.89489397179983,498.4,13.895562982081678,0.07125520870773627,e54_0,317.69489397179984,e54
1010,72.0,veh_010,877.1611984208897,-1.6,13.854006061284686,-0.29786920919604576,e12_0,377.1611984208898,e12
1010,72.0,veh_011,285.9368851641251,498.4,16.312376045221466,0.3498375651938854,e54_0,282.7368851641251,e54
1010,72.0,veh_012,853.4761943801673,-1.6,13.972728419849393,-0.3334518444294794,e12_0,353.4761943801674,e12
1010,72.0,veh_013,235.75559176380645,498.4,16.357016952321867,0.06071804846171247,e54_0,232.55559176380646,e54
1010,72.0,veh_014,830.2686539618687,-1.6,14.3982689889852,1.0117639514234433,e12_0,330.2686539618687,e12
1010,72.0,veh_015,195.27339647680122,498.4,16.452943226504143,-0.1558828305406479,e54_0,192.07339647680124,e54
1010,72.0,veh_016,807.5055557878957,-1.6,13.55517699759665,-0.6240914592218569,e12_0,307.5055557878957,e12
1010,72.0,veh_017,122.74910017293371,498.4,14.276033453013428,0.2569175010966145,e54_0,119.5491001729337,e54
1010,72.0,veh_018,716.0399623675999,-1.6,13.12651921510658,-0.12624228249303826,e12_0,216.03996236759986,e12
1010,72.0,veh_019,93.41116992138332,498.4,16.273013391939546,0.3010818205099497,e54_0,90.21116992138332,e54
1010,72.0,veh_020,693.5330576063736,-1.6,13.315742215485882,-0.3940326901601683,e12_0,193.5330576063737,e12
1010,72.0,veh_021,41.718042176321134,498.4,12.046296109449491,1.8706386992987234,e54_0,38.51804217632113,e54
1010,72.0,veh_022,671.2727316769029,-1.6,13.997276576603543,0.5486504778886285,e12_0,171.27273167690294,e12
1010,72.0,veh_023,10.426436824194742,498.4,6.189808074719049,2.595949085373432,e54_0,7.2264368241947405,e54
1010,73.0,veh_000,1001.6,80.49943112190994,15.935738378859835,0.6662368472898379,e23_0,77.29943112190993,e23
1010,73.0,veh_001,486.0384760587346,498.4,14.550963311223613,-0.1787445576349267,e54_0,482.8384760587346,e54
1010,73.0,veh_002,1001.6,23.33975745765118,10.1086897018426,2.3803996926965203,e23_0,20.139757457651182,e23
1010,73.0,veh_003,462.30395804942714,498.4,14.391483568377271,-0.2271586641949046,e54_0,459.10395804942715,e54
1010,73.0,veh_004,1001.5715546767119,3.0008827369829296,5.862454314260214,0.15146393167263028,:n2_1_0,7.538892676750999,:n2_1
1010,73.0,veh_005,381.16723748559764,498.4,13.67635743251639,0.19398551301564915,e54_0,377.96723748559765,e54
1010,73.0,veh_006,989.711545753885,-1.6,5.6916109783486215,0.3860039706537224,e12_0,489.7115457538851,e12
1010,73.0,veh_007,358.19223217278096,498.4,13.71794946520452,-0.3765036821997185,e54_0,354.992232172781,e54
1010,73.0,veh_008,914.2125357733989,-1.6,14.443160078822688,0.5498604943463565,e12_0,414.212535773399,e12
1010,73.0,veh_009,335.31205137695434,498.4,14.417157405154528,0.52159442307285,e54_0,332.11205137695435,e54
1010,73.0,veh_010,891.2356288348161,-1.6,14.074430413926414,0.22042435264172866,e12_0,391.23562883481617,e12
1010,73.0,veh_011,301.8532749198295,498.4,15.916389755704442,-0.3959862895170243,e54_0,298.6532749198295,e54
1010,73.0,veh_012,867.6768562590282,-1.6,14.200661878860847,0.2279334590114548,e12_0,367.6768562590282,e12
1010,73.0,veh_013,252.24284209578195,498.4,16.48725033197552,0.130233379653653,e54_0,249.042842095782,e54
1010,73.0,veh_014,844.6698257867381,-1.6,14.401171824869444,0.002902835884244226,e12_0,344.66982578673816,e12
1010,73.0,veh_015,211.20496961600213,498.4,15.93157313920092,-0.5213700873032234,e54_0,208.00496961600214,e54
1010,73.0,veh_016,821.935536643558,-1.6,14.429980855662304,0.8748038580656541,e12_0,321.93553664355795,e12
1010,73.0,veh_017,136.70563209660185,498.4,13.95653192366814,-0.3195015293452883,e54_0,133.50563209660186,e54
1010,73.0,veh_018,729.0109157721862,-1.6,12.970953404586377,-0.15556581052020313,e12_0,229.01091577218622,e12
1010,73.0,veh_019,109.40799455840413,498.4,15.996824637020813,-0.2761887549187332,e54_0,106.20799455840412,e54
1010,73.0,veh_020,707.0383135268528,-1.6,13.505255920479177,0.18951370499329556,e12_0,207.03831352685287,e12
1010,73.0,veh_021,56.19678537902551,498.4,14.478743202704377,2.4324470932548863,e54_0,52.99678537902551,e54
1010,73.0,veh_022,684.9791727173563,-1.6,13.706441040453418,-0.2908355361501247,e12_0,184.97917271735636,e12
1010,73.0,veh_023,18.998836181471486,498.4,8.572399357276746,2.382591282557697,e54_0,15.798836181471486,e54
1010,74.0,veh_000,1001.6,95.74378372759158,15.244352605681645,-0.6913857731781903,e23_0,92.54378372759157,e23
1010,74.0,veh_001,500.18565479847723,498.4,14.247178739742676,-0.3037845714809375,e43_0,0.18565479847725327,e43
1010,74.0,veh_002,1001.6,35.82283208927836,12.483074631627174,2.374384929784574,e23_0,32.622832089278354,e23
1010,74.0,veh_003,477.1798326772142,498.4,14.875874627787065,0.4843910594097931,e54_0,473.97983267721423,e54
1010,74.0,veh_004,1001.6,8.73779315943857,5.73890048268757,-0.12355383157264388,e23_0,5.53779315943857,e23
1010,74.0,veh_005,394.6813751092021,498.4,13.514137623604485,-0.1622198089119049,e54_0,391.48137510920213,e54
1010,74.0,veh_006,995.4642250449663,-1.6,5.752679291081269,0.061068312732647456,e12_0,495.4642250449664,e12
1010,74.0,veh_007,371.596107586981,498.4,13.403875414200078,-0.3140740510044413,e54_0,368.39610758698103,e54
1010,74.0,veh_008,928.5805571278685,-1.6,14.368021354469525,-0.07513872435316316,e12_0,428.58055712786853,e12
1010,74.0,veh_009,348.87652933999266,498.4,13.564477963038307,-0.8526794421162212,e54_0,345.67652933999267,e54
1010,74.0,veh_010,905.273092501968,-1.6,14.037463667151833,-0.03696674677458134,e12_0,405.273092501968,e12
1010,74.0,veh_011,318.141564330795,498.4,16.28828941096552,0.3718996552610765,e54_0,314.941564330795,e54
1010,74.0,veh_012,881.8976570330499,-1.6,14.220800774021772,0.020138895160924264,e12_0,381.89765703305,e12
1010,74.0,veh_013,268.2602503725597,498.4,16.017408276777715,-0.4698420551978053,e54_0,265.0602503725597,e54
1010,74.0,veh_014,858.4363436901801,-1.6,13.766517903442088,-0.6346539214273559,e12_0,358.43634369018025,e12
1010,74.0,veh_015,227.81413287551675,498.4,16.60916325951461,0.67759012031369,e54_0,224.61413287551676,e54
1010,74.0,veh_016,836.4760008252056,-1.6,14.54046418164761,0.11048332598530664,e12_0,336.4760008252056,e12
1010,74.0,veh_017,151.03783360986213,498.4,14.332201513260284,0.37566958959214425,e54_0,147.83783360986214,e54
1010,74.0,veh_018,742.5222921329989,-1.6,13.51137636081277,0.5404229562263936,e12_0,242.52229213299898,e12
1010,74.0,veh_019,124.11277228724303,498.4,14.704777728838911,-1.2920469081819022,e54_0,120.91277228724303,e54
1010,74.0,veh_020,719.7811920304648,-1.6,12.7428785036119,-0.7623774168672774,e12_0,219.78119203046478,e12
1010,74.0,veh_021,72.42340532388202,498.4,16.226619944856505,1.747876742152128,e54_0,69.22340532388202,e54
1010,74.0,veh_022,698.381662673821,-1.6,13.402489956464606,-0.303951083988812,e12_0,198.38166267382098,e12
1010,74.0,veh_023,30.081637799985845,498.4,11.08280161851436,2.510402261237614,e54_0,26.881637799985846,e54
1010,75.0,veh_000,1001.6,111.35492084034203,15.61113711275045,0.3667845070688056,e23_0,108.15492084034203,e23
1010,75.0,veh_001,514.6920100957869,498.4,14.506355297309646,0.25917655756697044,e43_0,14.6920100957869,e43
1010,75.0,veh_002,1001.6,50.22435039896887,14.401518309690514,1.9184436780633405,e23_0,47.02435039896887,e23
1010,75.0,veh_003,491.0040276056816,498.4,13.824194928467369,-1.0516796993196955,e54_0,487.8040276056816,e54
1010,75.0,veh_004,1001.6,16.301264689230102,7.563471529791534,1.824571047103964,e23_0,13.101264689230103,e23
1010,75.0,veh_005,408.55516937797796,498.4,13.87379426877583,0.359656645171345,e54_0,405.355169377978,e54
1010,75.0,veh_006,1000.723298012694,0.13883002115676357,5.834054974058216,0.08137568297694742,:n2_1_0,4.498280019024605,:n2_1
1010,75.0,veh_007,385.4513830334281,498.4,13.85527544644707,0.4514000322469922,e54_0,382.2513830334281,e54
1010,75.0,veh_008,942.8690262740784,-1.6,14.288469146209822,-0.07955220825970244,e12_0,442.86902627407835,e12
1010,75.0,veh_009,362.5509102714073,498.4,13.67438093141464,0.10990296837633373,e54_0,359.3509102714073,e54
1010,75.0,veh_010,919.5121832957208,-1.6,14.23909079375283,0.20162712660099658,e12_0,419.51218329572083,e12
1010,75.0,veh_011,333.4828275226975,498.4,15.341263191902483,-0.9470262190630354,e54_0,330.2828275226975,e54
1010,75.0,veh_012,896.3087761517857,-1.6,14.411119118735735,0.19031834471396358,e12_0,396.3087761517857,e12
1010,75.0,veh_013,284.66605256117316,498.4,16.405802188613453,0.38839391183573824,e54_0,281.46605256117317,e54
1010,75.0,veh_014,873.0780392568793,-1.6,14.641695566699081,0.8751776632569932,e12_0,373.0780392568793,e12
1010,75.0,veh_015,244.26779618189272,498.4,16.45366330637597,-0.15549995313864073,e54_0,241.06779618189273,e54
1010,75.0,veh_016,849.6985585076496,-1.6,13.222557682444105,-1.3179064992035059,e12_0,349.6985585076497,e12
1010,75.0,veh_017,165.36941989620732,498.4,14.331586286345177,-0.0006152269151069589,e54_0,162.16941989620733,e54
1010,75.0,veh_018,755.8530171730665,-1.6,13.330725040067533,-0.1806513207452376,e12_0,255.85301717306652,e12
1010,75.0,veh_019,139.15138506299624,498.4,15.038612775753222,0.3338350469143112,e54_0,135.95138506299625,e54
1010,75.0,veh_020,733.0211158132805,-1.6,13.239923782815788,0.4970452792038884,e12_0,233.02111581328057,e12
1010,75.0,veh_021,88.84427137456498,498.4,16.420866050682964,0.1942461058264584,e54_0,85.64427137456498,e54
1010,75.0,veh_022,711.0260162268428,-1.6,12.644353553021798,-0.7581364034428084,e12_0,211.02601622684278,e12
1010,75.0,veh_023,43.539946745413275,498.4,13.458308945427426,2.375507326913066,e54_0,40.33994674541327,e54
1010,76.0,veh_000,1001.6,127.20962863181555,15.854707791473496,0.24357067872304583,e23_0,124.00962863181553,e23
1010,76.0,veh_001,528.9587601895648,498.4,14.266750093777963,-0.23960520353168313,e43_0,28.958760189564863,e43
1010,76.0,veh_002,1001.6,65.35372122008063,15.129370821111756,0.7278525114212417,e23_0,62.15372122008063,e23
1010,76.0,veh_003,505.81672488273614,498.4,14.91269727705459,1.0885023485872214,e43_0,5.816724882736162,e43
1010,76.0,veh_004,1001.6,25.95977683594558,9.658512146715477,2.095040616923943,e23_0,22.75977683594558,e23
1010,76.0,veh_005,422.37652691898876,498.4,13.821357541010814,-0.0524367277650164,e54_0,419.17652691898877,e54
1010,76.0,veh_006,1001.6,6.132274637926051,6.173994618901447,0.3399396448432306,e23_0,2.932274637926051,e23
1010,76.0,veh_007,399.70134681756855,498.4,14.249963784140435,0.3946883376933652,e54_0,396.50134681756856,e54
1010,76.0,veh_008,956.8174880823462,-1.6,13.948461808268034,-0.3400073379417883,e12_0,456.81748808234636,e12
1010,76.0,veh_009,376.4438834366358,498.4,13.892973165228497,0.2185922338138564,e54_0,373.2438834366358,e54
1010,76.0,veh_010,933.6049784475972,-1.6,14.092795151876372,-0.14629564187645805,e12_0,433.6049784475972,e12
1010,76.0,veh_011,348.57152153498424,498.4,15.088694012286728,-0.25256917961575454,e54_0,345.37152153498425,e54
1010,76.0,veh_012,910.5531042968157,-1.6,14.24432814503015,-0.16679097370558438,e12_0,410.55310429681583,e12
1010,76.0,veh_013,300.59370440493706,498.4,15.92765184376389,-0.4781503448495634,e54_0,297.39370440493707,e54
1010,76.0,veh_014,887.0760112565931,-1.6,13.99797199971383,-0.6437235669852512,e12_0,387.0760112565932,e12
1010,76.0,veh_015,260.73418533329453,498.4,16.46638915140182,0.012725845025851612,e54_0,257.53418533329454,e54
1010,76.0,veh_016,863.9148462204041,-1.6,14.216287712754509,0.9937300303104042,e12_0,363.91484622040423,e12
1010,76.0,veh_017,179.81737467441633,498.4,14.447954778209008,0.11636849186383103,e54_0,176.61737467441634,e54
1010,76.0,veh_018,768.8578749823116,-1.6,13.004857809245202,-0.3258672308223307,e12_0,268.8578749823117,e12
1010,76.0,veh_019,153.99292489721353,498.4,14.8415398342173,-0.1970729415359216,e54_0,150.79292489721354,e54
1010,76.0,veh_020,746.4386887894939,-1.6,13.41757297621337,0.17764919339758123,e12_0,246.43868878949394,e12
1010,76.0,veh_021,104.98680009351708,498.4,16.142528718952093,-0.27833733173087083,e54_0,101.78680009351707,e54
1010,76.0,veh_022,724.2287670056517,-1.6,13.202750778808856,0.5583972257870577,e12_0,224.22876700565163,e12
1010,76.0,veh_023,58.866252217815884,498.4,15.326305472402613,1.8679965269751868,e54_0,55.66625221781588,e54
1010,77.0,veh_000,1001.6,142.69138204363358,15.481753411818074,-0.3729543796554218,e23_0,139.4913820436336,e23
1010,77.0,veh_001,543.512084271123,498.4,14.553324081558102,0.2865739877801392,e43_0,43.512084271122966,e43
1010,77.0,veh_002,1001.6,80.2430188613383,14.889297641257675,-0.24007317985408072,e23_0,77.0430188613383,e23
1010,77.0,veh_003,519.8068891661474,498.4,13.990164283411254,-0.9225329936433369,e43_0,19.806889166147414,e43
1010,77.0,veh_004,1001.6,37.677605684242764,11.717828848297179,2.059316701581702,e23_0,34.47760568424276,e23
1010,77.0,veh_005,436.1304880382784,498.4,13.75396111928961,-0.06739642172120419,e54_0,432.9304880382784,e54
1010,77.0,veh_006,1001.6,14.248927722760552,8.116653084834502,1.9426584659330546,e23_0,11.048927722760553,e23
1010,77.0,veh_007,413.6980134762305,498.4,13.996666658661972,-0.25329712547846306,e54_0,410.49801347623054,e54
1010,77.0,veh_008,970.768791664914,-1.6,13.951303582567775,0.0028417742997408624,e12_0,470.76879166491415,e12
1010,77.0,veh_009,390.51631077112853,498.4,14.072427334492701,0.1794541692642042,e54_0,387.31631077112854,e54
1010,77.0,veh_010,947.5162411323088,-1.6,13.911262684711557,-0.1815324671648142,e12_0,447.5162411323088,e12
1010,77.0,veh_011,363.4238184503063,498.4,14.85229691532207,-0.23639709696465872,e54_0,360.22381845030634,e54
1010,77.0,veh_012,924.699148359666,-1.6,14.146044062850233,-0.09828408217991758,e12_0,424.6991483596661,e12
1010,77.0,veh_013,317.0862263268735,498.4,16.492521921936426,0.564870078172536,e54_0,313.8862263268735,e54
1010,77.0,veh_014,901.2076282311546,-1.6,14.131616974561478,0.13364497484764826,e12_0,401.2076282311547,e12
1010,77.0,veh_015,277.14192702038747,498.4,16.407741687092933,-0.05864746430888701,e54_0,273.9419270203875,e54
1010,77.0,veh_016,877.5530697592312,-1.6,13.638223538827036,-0.5780641739274728,e12_0,377.5530697592313,e12
1010,77.0,veh_017,193.57806102279375,498.4,13.760686348377407,-0.687268429831601,e54_0,190.37806102279376,e54
1010,77.0,veh_018,782.4253784538766,-1.6,13.567503471565047,0.562645662319845,e12_0,282.42537845387676,e12
1010,77.0,veh_019,168.87138424437805,498.4,14.878459347164513,0.03691951294721285,e54_0,165.67138424437806,e54
1010,77.0,veh_020,759.7306546496798,-1.6,13.291965860185902,-0.1256071160274672,e12_0,259.7306546496798,e12
1010,77.0,veh_021,121.54331590652596,498.4,16.556515813008883,0.4139870940567896,e54_0,118.34331590652596,e54
1010,77.0,veh_022,737.4902991764291,-1.6,13.261532170777459,0.0587813919686031,e12_0,237.4902991764291,e12
1010,77.0,veh_023,75.2348095263603,498.4,16.368557308544407,1.0422518361417943,e54_0,72.03480952636029,e54
1010,78.0,veh_000,1001.6,158.21997266077972,15.528590617146122,0.046837205328047915,e23_0,155.01997266077973,e23
1010,78.0,veh_001,558.1996222784394,498.4,14.68753800731648,0.13421392575837743,e43_0,58.19962227843945,e43
1010,78.0,veh_002,1001.6,95.2991573696143,15.056138508276003,0.1668408670183279,e23_0,92.0991573696143,e23
1010,78.0,veh_003,534.324259572093,498.4,14.517370405945528,0.5272061225342739,e43_0,34.32425957209294,e43
1010,78.0,veh_004,1001.6,51.42776438904649,13.750158704803727,2.032329856506548,e23_0,48.227764389046484,e23
1010,78.0,veh_005,450.12037809449464,498.4,13.989890056216257,0.23592893692664774,e54_0,446.92037809449465,e54
1010,78.0,veh_006,1001.6,24.63972582404642,10.390798101285867,2.2741450164513655,e23_0,21.43972582404642,e23
1010,78.0,veh_007,427.1052675580684,498.4,13.407254081837872,-0.5894125768241008,e54_0,423.90526755806843,e54
1010,78.0,veh_008,985.0696265993583,-1.6,14.300834934444302,0.34953135187652684,e12_0,485.06962659935846,e12
1010,78.0,veh_009,404.89810069289587,498.4,14.381789921767318,0.30936258727461663,e54_0,401.6981006928959,e54
1010,78.0,veh_010,961.5479919088809,-1.6,14.031750776572158,0.12048809186060083,e12_0,461.54799190888093,e12
1010,78.0,veh_011,378.63028652568477,498.4,15.206468075378467,0.3541711600563975,e54_0,375.4302865256848,e54
1010,78.0,veh_012,938.6985766089997,-1.6,13.99942824933365,-0.1466158135165827,e12_0,438.69857660899976,e12
1010,78.0,veh_013,332.9900228977659,498.4,15.903796570892448,-0.588725351043978,e54_0,329.79002289776594,e54
1010,78.0,veh_014,915.6710888092731,-1.6,14.463460578118472,0.3318436035569938,e12_0,415.67108880927316,e12
1010,78.0,veh_015,293.26478673528015,498.4,16.122859714892694,-0.2848819722002389,e54_0,290.06478673528017,e54
1010,78.0,veh_016,891.7879095797341,-1.6,14.23483982050295,0.5966162816759137,e12_0,391.7879095797342,e12
1010,78.0,veh_017,207.87171860376515,498.4,14.293657580971397,0.5329712325939902,e54_0,204.67171860376516,e54
1010,78.0,veh_018,795.4816662480267,-1.6,13.056287794150027,-0.51121567741502,e12_0,295.4816662480268,e12
1010,78.0,veh_019,182.9249214371992,498.4,14.053537192821151,-0.824922154343362,e54_0,179.7249214371992,e54
1010,78.0,veh_020,773.6360298326307,-1.6,13.90537518295096,0.6134093227650581,e12_0,273.63602983263075,e12
1010,78.0,veh_021,137.71030421589631,498.4,16.166988309370357,-0.38952750363852573,e54_0,134.51030421589633,e54
1010,78.0,veh_022,750.6260369367,-1.6,13.135737760270969,-0.1257944105064901,e12_0,250.62603693670005,e12
1010,78.0,veh_023,91.2146747483189,498.4,15.97986522195861,-0.388692086585797,e54_0,88.0146747483189,e54
1010,79.0,veh_000,1001.6,173.45086092906493,15.23088826828521,-0.29770234886091274,e23_0,170.25086092906494,e23
1010,79.0,veh_001,572.5801367533234,498.4,14.380514474883975,-0.30702353243250435,e43_0,72.58013675332343,e43
1010,79.0,veh_002,1001.6,110.54359154069388,15.244434171079579,0.18829566280357568,e23_0,107.34359154069388,e23
1010,79.0,veh_003,549.3096613171278,498.4,14.985401745034858,0.4680313390893307,e43_0,49.3096613171278,e43
1010,79.0,veh_004,1001.6,67.00750976565523,15.579745376608738,1.8295866718050107,e23_0,63.807509765655226,e23
1010,79.0,veh_005,463.91422327109933,498.4,13.793845176604675,-0.19604487961158235,e54_0,460.71422327109934,e54
1010,79.0,veh_006,1001.6,37.164040220484075,12.524314396437651,2.133516295151784,e23_0,33.96404022048407,e23
1010,79.0,veh_007,440.8222076488884,498.4,13.716940090820014,0.30968600898214227,e54_0,437.62220764888843,e54
1010,79.0,veh_008,994.8704615338027,-1.6,9.800834934444302,-4.5,e12_0,494.87046153380277,e12
1010,79.0,veh_009,418.6527987605635,498.4,13.75469806766762,-0.6270918540996977,e54_0,415.4527987605635,e54
1010,79.0,veh_010,976.2443234797768,-1.6,14.696331570895957,0.6645807943237987,e12_0,476.2443234797769,e12
1010,79.0,veh_011,393.6777968752164,498.4,15.047510349531672,-0.15895772584679513,e54_0,390.4777968752164,e54
1010,79.0,veh_012,952.3446716878559,-1.6,13.646095078856202,-0.3533331704774483,e12_0,452.34467168785596,e12
1010,79.0,veh_013,349.17271774252316,498.4,16.182694844757208,0.27889827386476007,e54_0,345.9727177425232,e54
1010,79.0,veh_014,929.8496354577228,-1.6,14.178546648449755,-0.28491392966871665,e12_0,429.8496354577229,e12
1010,79.0,veh_015,309.4363184793626,498.4,16.17153174408246,0.048672029189766874,e54_0,306.23631847936264,e54
1010,79.0,veh_016,905.9762178662761,-1.6,14.188308286541869,-0.04653153396108145,e12_0,405.9762178662761,e12
1010,79.0,veh_017,222.00078678878972,498.4,14.129068185024575,-0.16458939594682143,e54_0,218.80078678878974,e54
1010,79.0,veh_018,808.9260438074498,-1.6,13.444377559423062,0.38808976527303507,e12_0,308.92604380744984,e12
1010,79.0,veh_019,197.60641381649148,498.4,14.681492379292267,0.6279551864711159,e54_0,194.4064138164915,e54
1010,79.0,veh_020,786.5656113952849,-1.6,12.929581562654217,-0.9757936202967432,e12_0,286.565611395285,e12
1010,79.0,veh_021,153.67808263362517,498.4,15.967778417728843,-0.19920989164151415,e54_0,150.47808263362518,e54
1010,79.0,veh_022,764.4080022134895,-1.6,13.78196527678938,0.6462275165184117,e12_0,264.40800221348945,e12
1010,79.0,veh_023,107.2846033827557,498.4,16.069928634436803,0.09006341247819272,e54_0,104.0846033827557,e54
1010,80.0,veh_000,1001.6,189.2184261627945,15.76756523372956,0.5366769654443502,e23_0,186.0184261627945,e23
1010,80.0,veh_001,586.6939766889328,498.4,14.11383993560944,-0.2666745392745362,e43_0,86.69397668893286,e43
1010,80.0,veh_002,1001.6,126.06458274796003,15.520991207266146,0.276557036186567,e23_0,122.86458274796003,e23
1010,80.0,veh_003,563.8703716591385,498.4,14.560710342010685,-0.4246914030241733,e43_0,63.870371659138485,e43
1010,80.0,veh_004,1001.6,83.10337292752101,16.09586316186578,0.5161177852570411,e23_0,79.903372927521,e23
1010,80.0,veh_005,478.125090667456,498.4,14.210867396356637,0.41702221975196174,e54_0,474.925090667456,e54
1010,80.0,veh_006,1001.6,51.82016524629887,14.656125025814791,2.1318106293771404,e23_0,48.62016524629887,e23
1010,80.0,veh_007,454.490772471662,498.4,13.668564822773579,-0.04837526804643488,e54_0,451.290772471662,e54
1010,80.0,veh_008,999.9722982962555,-0.6566210222466476,5.3008349344443015,-4.5,:n2_1_0,3.371296468247067,:n2_1
1010,80.0,veh_009,431.87351924688664,498.4,13.220720486323174,-0.5339775813444465,e54_0,428.67351924688666,e54
1010,80.0,veh_010,986.4406550506728,-1.6,10.196331570895957,-4.5,e12_0,486.44065505067283,e12
1010,80.0,veh_011,407.836940709934,498.4,14.1591438347176,-0.8883665148140718,e54_0,404.63694070993404,e54
1010,80.0,veh_012,966.7939902825849,-1.6,14.44931859472903,0.803223515872828,e12_0,466.793990282585,e12
1010,80.0,veh_013,365.83853861271774,498.4,16.665820870194587,0.4831260254373788,e54_0,362.63853861271775,e54
1010,80.0,veh_014,943.113365165324,-1.6,13.26372970760115,-0.9148169408486044,e12_0,443.11336516532407,e12
1010,80.0,veh_015,325.72507186128826,498.4,16.288753381925638,0.1172216378431763,e54_0,322.52507186128827,e54
1010,80.0,veh_016,920.0675962219021,-1.6,14.091378355626103,-0.09692993091576518,e12_0,420.0675962219022,e12
1010,80.0,veh_017,235.7031278215524,498.4,13.70234103276269,-0.4267271522618845,e54_0,232.50312782155243,e54
1010,80.0,veh_018,822.1067675824786,-1.6,13.180723775028797,-0.2636537843942648,e12_0,322.10676758247865,e12
1010,80.0,veh_019,211.87782822153235,498.4,14.27141440504086,-0.4100779742514078,e54_0,208.67782822153237,e54
1010,80.0,veh_020,800.2306993392658,-1.6,13.66508794398089,0.7355063813266725,e12_0,300.23069933926587,e12
1010,80.0,veh_021,170.32166867140347,498.4,16.6435860377783,0.675807620049456,e54_0,167.12166867140348,e54
1010,80.0,veh_022,777.6903071065739,-1.6,13.28230489308445,-0.4996603837049296,e12_0,277.6903071065739,e12
1010,80.0,veh_023,123.32769127839867,498.4,16.04308789564297,-0.026840738793833196,e54_0,120.12769127839867,e54
1010,81.0,veh_000,1001.6,204.86164930783866,15.643223145044187,-0.12434208868537233,e23_0,201.66164930783867,e23
1010,81.0,veh_001,600.9515337591092,498.4,14.257557070176416,0.14371713456697677,e43_0,100.95153375910928,e43
1010,81.0,veh_002,1001.6,141.06086449450947,14.996281746549453,-0.5247094607166929,e23_0,137.86086449450949,e23
1010,81.0,veh_003,577.7138294610902,498.4,13.843457801951782,-0.7172525400589027,e43_0,77.71382946109027,e43
1010,81.0,veh_004,1001.6,99.30850297204665,16.205130044525646,0.10926688265986684,e23_0,96.10850297204665,e23
1010,81.0,veh_005,491.58836813817794,498.4,13.463277470721962,-0.7475899256346743,e54_0,488.38836813817795,e54
1010,81.0,veh_006,1001.6,68.40538595563486,16.585220709335992,1.9290956835212008,e23_0,65.20538595563485,e23
1010,81.0,veh_007,468.6542451743102,498.4,14.16347270264815,0.49490787987457097,e54_0,465.4542451743102,e54
1010,81.0,veh_008,1001.6,4.123456650631044,5.292160182383977,-0.008674752060324309,e23_0,0.923456650631044,e23
1010,81.0,veh_009,445.18968985465875,498.4,13.316170607772097,0.0954501214489234,e54_0,441.98968985465876,e54
1010,81.0,veh_010,992.1369866215687,-1.6,5.696331570895957,-4.5,e12_0,492.1369866215688,e12
1010,81.0,veh_011,421.34891480539414,498.4,13.511974095460115,-0.6471697392574853,e54_0,418.14891480539416,e54
1010,81.0,veh_012,976.9210562202684,-1.6,10.127065937683412,-4.322252657045619,e12_0,476.92105622026844,e12
1010,81.0,veh_013,382.11927036035246,498.4,16.28073174763471,-0.3850891225598758,e54_0,378.91927036035247,e54
1010,81.0,veh_014,957.5044821708278,-1.6,14.391117005503826,1.1273872979026756,e12_0,457.5044821708279,e12
1010,81.0,veh_015,341.92997322252086,498.4,16.204901361232626,-0.08385202069301201,e54_0,338.72997322252087,e54
1010,81.0,veh_016,933.4978119231705,-1.6,13.430215701268438,-0.6611626543576659,e12_0,433.4978119231706,e12
1010,81.0,veh_017,249.90087040419456,498.4,14.197742582642153,0.49540154987946217,e54_0,246.70087040419457,e54
1010,81.0,veh_018,835.7867652803792,-1.6,13.679997697900596,0.49927392287179906,e12_0,335.78676528037926,e12
1010,81.0,veh_019,225.56176269813938,498.4,13.683934476607009,-0.5874799284338508,e54_0,222.3617626981394,e54
1010,81.0,veh_020,813.7420398505745,-1.6,13.511340511308736,-0.1537474326721533,e12_0,313.7420398505746,e12
1010,81.0,veh_021,186.3203963589309,498.4,15.998727687527428,-0.6448583502508711,e54_0,183.12039635893092,e54
1010,81.0,veh_022,791.5064804387057,-1.6,13.816173332131799,0.5338684390473478,e12_0,291.50648043870575,e12
1010,81.0,veh_023,139.4350089013173,498.4,16.107317622918636,0.06422972727566645,e54_0,136.23500890131731,e54
1010,82.0,veh_000,1001.6,220.25908328163044,15.397433973791788,-0.24578917125239919,e23_0,217.05908328163045,e23
1010,82.0,veh_001,615.2053844506377,498.4,14.25385069152836,-0.00370637864805623,e43_0,115.20538445063764,e43
1010,82.0,veh_002,1001.6,156.52029304671973,15.459428552210252,0.4631468056607986,e23_0,153.32029304671974,e23
1010,82.0,veh_003,591.6372825677631,498.4,13.923453106672861,0.07999530472107885,e43_0,91.63728256776314,e43
1010,82.0,veh_004,1001.6,115.60097171738833,16.292468745341683,0.08733870081603712,e23_0,112.40097171738833,e23
1010,82.0,veh_005,505.0495950056443,498.4,13.561226867466333,0.09794939674437053,e43_0,5.049595005644301,e43
1010,82.0,veh_006,1001.6,84.94560595556847,16.540219999933615,-0.04500070940237677,e23_0,81.74560595556846,e23
1010,82.0,veh_007,481.8478633524221,498.4,13.193618178111937,-0.9698545245362133,e54_0,478.6478633524221,e54
1010,82.0,veh_008,1001.6,11.374092185107667,7.250635534476623,1.9584753520926457,e23_0,8.174092185107668,e23
1010,82.0,veh_009,459.2339849340023,498.4,14.044295079343561,0.7281244715714639,e54_0,456.0339849340023,e54
1010,82.0,veh_010,997.543904098742,-1.4937279858939996,5.414352362229645,-0.28197920866631154,:n2_1_0,0.751338983798405,:n2_1
1010,82.0,veh_011,434.98012273664443,498.4,13.631207931250303,0.11923383579018854,e54_0,431.78012273664444,e54
1010,82.0,veh_012,982.8694022247861,-1.6,5.948346004517698,-4.178719933165714,e12_0,482.86940222478614,e12
1010,82.0,veh_013,398.1516900214171,498.4,16.032419661064633,-0.24831208657007764,e54_0,394.9516900214171,e54
1010,82.0,veh_014,967.4991626182732,-1.6,9.994680447445338,-4.396436558058488,e12_0,467.4991626182732,e12
1010,82.0,veh_015,357.8833299929376,498.4,15.953356770416724,-0.25154459081590197,e54_0,354.6833299929376,e54
1010,82.0,veh_016,948.1538533794693,-1.6,14.656041456298748,1.2258257550303107,e12_0,448.15385337946935,e12
1010,82.0,veh_017,263.61112235889414,498.4,13.710251954699546,-0.48749062794260745,e54_0,260.41112235889415,e54
1010,82.0,veh_018,848.7534182287322,-1.6,12.966652948353055,-0.7133447495475416,e12_0,348.7534182287323,e12
1010,82.0,veh_019,240.27522370921807,498.4,14.713461011078705,1.029526534471696,e54_0,237.07522370921808,e54
1010,82.0,veh_020,826.8921090189458,-1.6,13.150069168371243,-0.36127134293749386,e12_0,326.89210901894586,e12
1010,82.0,veh_021,202.58238829770258,498.4,16.261991938771683,0.2632642512442551,e54_0,199.3823882977026,e54
1010,82.0,veh_022,805.0472917375561,-1.6,13.54081129885037,-0.2753620332814286,e12_0,305.0472917375561,e12
1010,82.0,veh_023,155.34237562549922,498.4,15.907366724181921,-0.19995089873671468,e54_0,152.14237562549923,e54
1010,83.0,veh_000,1001.6,235.5144367427561,15.255353461125644,-0.1420805126661442,e23_0,232.3144367427561,e23
1010,83.0,veh_001,629.7692045781474,498.4,14.563820127509834,0.30996943598147375,e43_0,129.76920457814748,e43
1010,83.0,veh_002,1001.6,171.35571697206913,14.83542392534941,-0.6240046268608417,e23_0,168.15571697206914,e23
1010,83.0,veh_003,605.9351155731038,498.4,14.297833005340646,0.37437989866778487,e43_0,105.93511557310379,e43
1010,83.0,veh_004,1001.6,131.57979710106935,15.97882538368103,-0.31364336166065243,e23_0,128.37979710106936,e23
1010,83.0,veh_005,519.0567612911881,498.4,14.007166285543802,0.44593941807746873,e43_0,19.056761291188103,e43
1010,83.0,veh_006,1001.6,101.16724280460491,16.221636849036443,-0.3185831508971724,e23_0,97.96724280460491,e23
1010,83.0,veh_007,495.3396106906581,498.4,13.491747338235982,0.298129160124045,e54_0,492.1396106906581,e54
1010,83.0,veh_008,1001.6,21.09086640227567,9.716774217168004,2.4661386826913807,e23_0,17.89086640227567,e23
1010,83.0,veh_009,472.8165584463095,498.4,13.582573512307194,-0.461721567036367,e54_0,469.6165584463095,e54
1010,83.0,veh_010,1001.3121424154086,1.1849969078603764,4.953519150255405,-0.4608332119742409,:n2_1_0,5.70485813405381,:n2_1
1010,83.0,veh_011,449.51221012722965,498.4,14.532087390585204,0.9008794593349005,e54_0,446.31221012722966,e54
1010,83.0,veh_012,988.5222059973667,-1.6,5.652803772580651,-0.29554223193704754,e12_0,488.52220599736677,e12
1010,83.0,veh_013,414.18701597934495,498.4,16.035325957927853,0.0029062968632196373,e54_0,410.98701597934496,e54
1010,83.0,veh_014,974.0909427962353,-1.6,6.591780177962125,-3.4029002694832133,e12_0,474.0909427962353,e12
1010,83.0,veh_015,374.2677065814154,498.4,16.384376588477753,0.4310198180610296,e54_0,371.0677065814154,e54
1010,83.0,veh_016,958.5771862347337,-1.6,10.423332855264496,-4.232708601034252,e12_0,458.57718623473386,e12
1010,83.0,veh_017,277.55074810639474,498.4,13.939625747500598,0.2293737928010522,e54_0,274.35074810639475,e54
1010,83.0,veh_018,861.79466009877,-1.6,13.041241870037826,0.07458892168477149,e12_0,361.7946600987701,e12
1010,83.0,veh_019,254.32261460210887,498.4,14.047390892890816,-0.6660701181878892,e54_0,251.12261460210888,e54
1010,83.0,veh_020,839.912211411272,-1.6,13.02010239232619,-0.1299667760450518,e12_0,339.91221141127204,e12
1010,83.0,veh_021,218.85763199528347,498.4,16.275243697580883,0.013251758809200709,e54_0,215.65763199528348,e54
1010,83.0,veh_022,818.0849548383203,-1.6,13.037663100764235,-0.5031481980861354,e12_0,318.08495483832036,e12
1010,83.0,veh_023,171.81103528211514,498.4,16.46865965661593,0.561292932434009,e54_0,168.61103528211515,e54
1010,84.0,veh_000,1001.6,250.85014409425509,15.335707351499016,0.08035389037337204,e23_0,247.65014409425513,e23
1010,84.0,veh_001,644.6272880595452,498.4,14.85808348139778,0.29426335388794556,e43_0,144.62728805954526,e43
1010,84.0,veh_002,1001.6,186.5594038900362,15.203686917967083,0.36826299261767304,e23_0,183.35940389003622,e23
1010,84.0,veh_003,620.7853056246443,498.4,14.850190051540482,0.5523570461998357,e43_0,120.78530562464427,e43
1010,84.0,veh_004,1001.6,147.2755900738931,15.695792972823762,-0.2830324108572686,e23_0,144.07559007389312,e23
1010,84.0,veh_005,532.7620511647444,498.4,13.705289873556334,-0.3018764119874682,e43_0,32.762051164744435,e43
1010,84.0,veh_006,1001.6,117.52769588213168,16.360453077526763,0.13881622849032027,e23_0,114.32769588213168,e23
1010,84.0,veh_007,509.13181594187245,498.4,13.892205251214364,0.40045791297838207,e43_0,9.13181594187247,e43
1010,84.0,veh_008,1001.6,32.94936051510083,11.858494112825156,2.141719895657152,e23_0,29.749360515100825,e23
1010,84.0,veh_009,486.193288774507,498.4,13.376730328197464,-0.2058431841097299,e54_0,482.993288774507,e54
1010,84.0,veh_010,1001.6,5.888039487706815,4.723181353653006,-0.23033779660239873,e23_0,2.6880394877068152,e23
1010,84.0,veh_011,463.6358381623085,498.4,14.123628035078891,-0.40845935550631296,e54_0,460.4358381623085,e54
1010,84.0,veh_012,994.2009798790266,-1.6,5.678773881659852,0.02597010907920172,e12_0,494.20097987902665,e12
1010,84.0,veh_013,430.6260854189089,498.4,16.4390694395639,0.4037434816360488,e54_0,427.4260854189089,e54
1010,84.0,veh_014,979.6054749809655,-1.6,5.514532184730191,-1.0772479932319339,e12_0,479.6054749809655,e12
1010,84.0,veh_015,390.2510213553959,498.4,15.98331477398053,-0.4010618144972238,e54_0,387.0510213553959,e54
1010,84.0,veh_016,965.6939498466804,-1.6,7.116763611946551,-3.306569243317945,e12_0,465.6939498466804,e12
1010,84.0,veh_017,291.60213459170285,498.4,14.051386485308088,0.11176073780749007,e54_0,288.40213459170286,e54
1010,84.0,veh_018,875.1078324096632,-1.6,13.313172310893039,0.271930440855213,e12_0,375.10783240966316,e12
1010,84.0,veh_019,268.1565803298422,498.4,13.833965727733304,-0.21342516515751164,e54_0,264.9565803298422,e54
1010,84.0,veh_020,853.2063103384444,-1.6,13.294098927172449,0.2739965348462583,e12_0,353.2063103384445,e12
1010,84.0,veh_021,234.93260931577666,498.4,16.0749773204932,-0.2002663770876829,e54_0,231.73260931577667,e54
1010,84.0,veh_022,831.0516700854669,-1.6,12.966715247146569,-0.07094785361766576,e12_0,331.0516700854669,e12
1010,84.0,veh_023,187.7217613460465,498.4,15.910726063931362,-0.5579335926845683,e54_0,184.5217613460465,e54
1010,85.0,veh_000,1001.6,266.6764919094807,15.826347815225612,0.49064046372659575,e23_0,263.4764919094807,e23
1010,85.0,veh_001,659.4422737816114,498.4,14.814985722066202,-0.04309775933157667,e43_0,159.44227378161148,e43
1010,85.0,veh_002,1001.6,201.74717026041642,15.187766370380217,-0.015920547586866007,e23_0,198.54717026041644,e23
1010,85.0,veh_003,635.5643458776957,498.4,14.779040253051447,-0.07114979848903502,e43_0,135.5643458776957,e43
1010,85.0,veh_004,1001.6,163.58971426432902,16.3141241904359,0.6183312176121394,e23_0,160.38971426432903,e23
1010,85.0,veh_005,546.5770443025931,498.4,13.814993137848662,0.10970326429232813,e43_0,46.577044302593094,e43
1010,85.0,veh_006,1001.6,133.96599932063123,16.43830343849957,0.07785036097280695,e23_0,130.76599932063124,e23
1010,85.0,veh_007,523.0793071864053,498.4,13.947491244532847,0.05528599331848305,e43_0,23.079307186405316,e43
1010,85.0,veh_008,1001.6,46.68071465955683,13.731354144455999,1.872860031630843,e23_0,43.480714659556824,e23
1010,85.0,veh_009,499.9824084847681,498.4,13.789119710261117,0.41238938206365283,e54_0,496.7824084847681,e54
1010,85.0,veh_010,1001.6,12.577528110503692,6.689488622796877,1.9663072691438712,e23_0,9.377528110503693,e23
1010,85.0,veh_011,477.1929284824248,498.4,13.557090320116288,-0.5665377149626032,e54_0,473.9929284824248,e54
1010,85.0,veh_012,998.6674261808214,-1.3332248313112278,4.48511013094855,-1.193663750711302,:n2_1_0,1.8860900099751916,:n2_1
1010,85.0,veh_013,446.7432424135823,498.4,16.117156994673426,-0.32191244489047577,e54_0,443.54324241358233,e54
1010,85.0,veh_014,985.5781830955923,-1.6,5.972708114626883,0.45817592989669187,e12_0,485.57818309559235,e12
1010,85.0,veh_015,406.45796633037344,498.4,16.206944974977525,0.22363020099699504,e54_0,403.25796633037345,e54
1010,85.0,veh_016,971.6469613251938,-1.6,5.953011478513472,-1.1637521334330794,e12_0,471.6469613251939,e12
1010,85.0,veh_017,306.0620940897308,498.4,14.45995949802795,0.408573012719863,e54_0,302.8620940897308,e54
1010,85.0,veh_018,888.6186318381294,-1.6,13.510799428466322,0.19762711757328333,e12_0,388.6186318381295,e12
1010,85.0,veh_019,282.0404538914183,498.4,13.883873561576054,0.04990783384275055,e54_0,278.8404538914183,e54
1010,85.0,veh_020,866.5804029970191,-1.6,13.374092658574638,0.07999373140218857,e12_0,366.5804029970191,e12
1010,85.0,veh_021,251.52668520934546,498.4,16.594075893568807,0.5190985730756061,e54_0,248.32668520934547,e54
1010,85.0,veh_022,844.1818746785984,-1.6,13.130204593131582,0.1634893459850133,e12_0,344.1818746785985,e12
1010,85.0,veh_023,204.10239436875253,498.4,16.380633022706025,0.46990695877466315,e54_0,200.90239436875254,e54
1010,86.0,veh_000,1001.6,282.49078068705353,15.814288777572813,-0.01205903765279892,e23_0,279.29078068705354,e23
1010,86.0,veh_001,674.260741427853,498.4,14.818467646241487,0.0034819241752845898,e43_0,174.26074142785296,e43
1010,86.0,veh_002,1001.6,216.5301419492308,14.782971688814381,-0.40479468156583565,e23_0,213.3301419492308,e23
1010,86.0,veh_003,650.6592349568006,498.4,15.094889079104872,0.31584882605342557,e43_0,150.65923495680056,e43
1010,86.0,veh_004,1001.6,179.45498517821602,15.865270913886995,-0.44885327654890617,e23_0,176.25498517821603,e23
1010,86.0,veh_005,560.2917712644266,498.4,13.714726961833524,-0.10026617601513799,e43_0,60.291771264426615,e43
1010,86.0,veh_006,1001.6,150.5163232392793,16.550323918648065,0.11202048014849453,e23_0,147.3163232392793,e23
1010,86.0,veh_007,537.1103991501443,498.4,14.031091963738968,0.083600719206121,e43_0,37.11039915014428,e43
1010,86.0,veh_008,1001.6,60.89931858988027,14.218603930323438,0.48724978586743894,e23_0,57.699318589880264,e23
1010,86.0,veh_009,513.8629362882099,498.4,13.980527803441841,0.1914080931807245,e43_0,13.862936288209903,e43
1010,86.0,veh_010,1001.6,21.714686854875342,9.137158744371652,2.4476701215747747,e23_0,18.514686854875343,e23
1010,86.0,veh_011,491.20892632683166,498.4,14.015997844406863,0.45890752429057535,e54_0,488.00892632683167,e54
1010,86.0,veh_012,1001.4794960931679,2.3564726521748627,5.001952081212558,0.5168419502640074,:n2_1_0,6.888042091187749,:n2_1
1010,86.0,veh_013,462.27797310398466,498.4,15.534730690402338,-0.5824263042710882,e54_0,459.0779731039847,e54
1010,86.0,veh_014,990.6115686204528,-1.6,5.033385524860422,-0.9393225897664612,e12_0,490.6115686204528,e12
1010,86.0,veh_015,422.5421406889109,498.4,16.08417435853742,-0.12277061644010345,e54_0,419.3421406889109,e54
1010,86.0,veh_016,977.331765193396,-1.6,5.684803868202126,-0.26820761031134577,e12_0,477.33176519339605,e12
1010,86.0,veh_017,320.1233782489233,498.4,14.061284159192494,-0.39867533883545647,e54_0,316.9233782489233,e54
1010,86.0,veh_018,902.1084360314228,-1.6,13.48980419329329,-0.020995235173032256,e12_0,402.1084360314228,e12
1010,86.0,veh_019,296.69913130449066,498.4,14.658677413072388,0.7748038514963334,e54_0,293.4991313044907,e54
1010,86.0,veh_020,880.0932255691558,-1.6,13.512822572136766,0.13872991356212871,e12_0,380.0932255691559,e12
1010,86.0,veh_021,267.11051718812456,498.4,15.583831978779077,-1.0102439147897293,e54_0,263.9105171881246,e54
1010,86.0,veh_022,857.6101930622499,-1.6,13.428318383651437,0.29811379051985476,e12_0,357.61019306224995,e12
1010,86.0,veh_023,220.49221215934648,498.4,16.389817790593952,0.009184767887926881,e54_0,217.2922121593465,e54
1010,87.0,veh_000,1001.6,297.87273482805546,15.381954141001927,-0.4323346365708858,e23_0,294.67273482805547,e23
1010,87.0,veh_001,688.9381114709754,498.4,14.67737004312251,-0.14109760311897723,e43_0,188.93811147097549,e43
1010,87.0,veh_002,1001.6,231.6995783512936,15.169436402062805,0.386464713248424,e23_0,228.49957835129362,e23
1010,87.0,veh_003,665.2804858734019,498.4,14.621250916601293,-0.4736381625035797,e43_0,165.28048587340186,e43
1010,87.0,veh_004,1001.6,195.1122396677144,15.65725448949837,-0.20801642438862444,e23_0,191.9122396677144,e23
1010,87.0,veh_005,573.8016586581872,498.4,13.509887393760593,-0.2048395680729307,e43_0,73.80165865818721,e43
1010,87.0,veh_006,1001.6,167.10398418838844,16.587660949109125,0.037337030461060294,e23_0,163.90398418838845,e23
1010,87.0,veh_007,550.7336805792776,498.4,13.623281429133279,-0.40781053460568906,e43_0,50.73368057927756,e43
1010,87.0,veh_008,1001.6,75.20693662982825,14.307618039947988,0.08901410962455003,e23_0,72.00693662982825,e23
1010,87.0,veh_009,528.113691377832,498.4,14.250755089622023,0.270227286180182,e43_0,28.113691377831927,e43
1010,87.0,veh_010,1001.6,32.744518779853216,11.029831924977868,1.8926731806062165,e23_0,29.544518779853213,e23
1010,87.0,veh_011,504.98671631705173,498.4,13.877789990220103,-0.13820785418675996,e43_0,4.986716317051753,e43
1010,87.0,veh_012,1001.6,7.474885639336402,5.126843548148654,0.12489146693609587,e23_0,4.274885639336402,e23
1010,87.0,veh_013,477.8140902658311,498.4,15.536117161846462,0.0013864714441247372,e54_0,474.6140902658311,e54
1010,87.0,veh_014,995.6710982016634,-1.6,5.059529581210746,0.026144056350323908,e12_0,495.67109820166354,e12
1010,87.0,veh_015,438.93576138729304,498.4,16.393620698382147,0.309446339844726,e54_0,435.73576138729305,e54
1010,87.0,veh_016,982.3367870925915,-1.6,5.005021899195462,-0.6797819690066635,e12_0,482.3367870925915,e12
1010,87.0,veh_017,334.3302619064082,498.4,14.206883657484926,0.14559949829243202,e54_0,331.13026190640824,e54
1010,87.0,veh_018,915.6881674677709,-1.6,13.579731436348135,0.08992724305484501,e12_0,415.68816746777094,e12
1010,87.0,veh_019,310.8966918554007,498.4,14.19756055091007,-0.4611168621623172,e54_0,307.69669185540073,e54
1010,87.0,veh_020,893.4570420510947,-1.6,13.36381648193894,-0.14900609019782607,e12_0,393.45704205109485,e12
1010,87.0,veh_021,283.3643184242481,498.4,16.25380123612353,0.6699692573444516,e54_0,280.1643184242481,e54
1010,87.0,veh_022,870.9923655982748,-1.6,13.38217253602482,-0.046145847626617,e12_0,370.9923655982748,e12
1010,87.0,veh_023,236.97143181913222,498.4,16.47921965978574,0.08940186919178927,e54_0,233.77143181913223,e54
1010,88.0,veh_000,1001.6,313.3737688965009,15.501034068445454,0.11907992744352747,e23_0,310.1737688965009,e23
1010,88.0,veh_001,703.5782396047709,498.4,14.640128133795523,-0.0372419093269869,e43_0,203.578239604771,e43
1010,88.0,veh_002,1001.6,247.20498654905413,15.505408197760502,0.33597179569769686,e23_0,244.00498654905414,e23
1010,88.0,veh_003,680.207718171205,498.4,14.927232297803222,0.30598138120192964,e43_0,180.20771817120507,e43
1010,88.0,veh_004,1001.6,211.31022048598896,16.197980818274587,0.5407263287762163,e23_0,208.11022048598898,e23
1010,88.0,veh_005,587.354480091574,498.4,13.552821433386864,0.04293403962627096,e43_0,87.35448009157408,e43
1010,88.0,veh_006,1001.6,183.03277125007227,15.928787061683835,-0.6588738874252904,e23_0,179.83277125007228,e23
1010,88.0,veh_007,564.1800904784485,498.4,13.446409899170924,-0.1768715299623551,e43_0,64.18009047844848,e43
1010,88.0,veh_008,1001.6,89.1165361126496,13.909599482821354,-0.39801855712663325,e23_0,85.9165361126496,e23
1010,88.0,veh_009,542.0289892918036,498.4,13.915297913971642,-0.33545717565038125,e43_0,42.02898929180357,e43
1010,88.0,veh_010,1001.6,45.824861123921366,13.080342344068146,2.050510419090278,e23_0,42.62486112392136,e23
1010,88.0,veh_011,518.8648766199946,498.4,13.878160302942787,0.0003703127226835079,e43_0,18.86487661999454,e43
1010,88.0,veh_012,1001.6,14.915873596434707,7.440987957098305,2.3141444089496517,e23_0,11.715873596434708,e23
1010,88.0,veh_013,493.00690085835845,498.4,15.192810592527316,-0.3433065693191466,e54_0,489.80690085835846,e54
1010,88.0,veh_014,1000.544983211532,-0.15836131411335153,5.280654396010991,0.2211248148002456,:n2_1_0,4.151752597674545,:n2_1
1010,88.0,veh_015,455.25003489748184,498.4,16.314273510188798,-0.07934718819334918,e54_0,452.05003489748185,e54
1010,88.0,veh_016,987.0104969079621,-1.6,4.67370981537068,-0.3313120838247823,e12_0,487.0104969079622,e12
1010,88.0,veh_017,348.79474474441554,498.4,14.464482838007301,0.25759918052237474,e54_0,345.59474474441555,e54
1010,88.0,veh_018,929.2253992424453,-1.6,13.537231774674343,-0.04249966167379249,e12_0,429.2253992424453,e12
1010,88.0,veh_019,325.1083040646052,498.4,14.211612209204478,0.014051658294407687,e54_0,321.9083040646052,e54
1010,88.0,veh_020,907.1389827309976,-1.6,13.681940679902748,0.3181241979638081,e12_0,407.1389827309976,e12
1010,88.0,veh_021,298.49557571567146,498.4,15.131257291423351,-1.122543944700178,e54_0,295.2955757156715,e54
1010,88.0,veh_022,884.139848949732,-1.6,13.147483351457312,-0.23468918456750743,e12_0,384.1398489497321,e12
1010,88.0,veh_023,252.93421305280802,498.4,15.962781233675779,-0.5164384261099624,e54_0,249.734213052808,e54
1010,89.0,veh_000,1001.6,328.8194317171789,15.445662820677983,-0.05537124776747149,e23_0,325.6194317171789,e23
1010,89.0,veh_001,718.4138928512774,498.4,14.835653246506418,0.1955251127108948,e43_0,218.4138928512774,e43
1010,89.0,veh_002,1001.6,262.18188354096355,14.976896991909403,-0.5285112058510997,e23_0,258.98188354096357,e23
1010,89.0,veh_003,694.4429496715173,498.4,14.235231500312253,-0.6920007974909694,e43_0,194.44294967151734,e43
1010,89.0,veh_004,1001.6,227.43754132715904,16.127320841170075,-0.070659977104512,e23_0,224.23754132715905,e23
1010,89.0,veh_005,601.2636839436502,498.4,13.909203852076182,0.35638241868931786,e43_0,101.26368394365025,e43
1010,89.0,veh_006,1001.6,199.19742668244743,16.16465543237515,0.23586837069131406,e23_0,195.99742668244744,e23
1010,89.0,veh_007,578.0944037451154,498.4,13.914313266666943,0.46790336749601913,e43_0,78.09440374511541,e43
1010,89.0,veh_008,1001.6,103.04311889869841,13.926582786048815,0.016983303227460667,e23_0,99.8431188986984,e23
1010,89.0,veh_009,555.4770141034755,498.4,13.448024811671942,-0.46727310229969987,e43_0,55.47701410347551,e43
1010,89.0,veh_010,1001.6,60.3802793825327,14.555418258611331,1.4750759145431847,e23_0,57.180279382532696,e23
1010,89.0,veh_011,532.8463533625172,498.4,13.981476742522712,0.10331643957992576,e43_0,32.84635336251725,e43
1010,89.0,veh_012,1001.6,24.66374471393974,9.74787111750503,2.3068831604067244,e23_0,21.46374471393974,e23
1010,89.0,veh_013,507.2907600257139,498.4,14.383859167355451,-0.8089514251718644,e43_0,7.290760025713917,e43
1010,89.0,veh_014,1001.6,5.009240372124959,5.397487774450415,0.11683337843942354,e23_0,1.8092403721249593,e23
1010,89.0,veh_015,471.73626509882587,498.4,16.486230201344007,0.17195669115520928,e54_0,468.5362650988259,e54
1010,89.0,veh_016,992.8504248447055,-1.6,5.839927936743289,1.1662181213726086,e12_0,492.85042484470546,e12
1010,89.0,veh_017,362.6584104794234,498.4,13.863665735007874,-0.6008171029994269,e54_0,359.45841047942343,e54
1010,89.0,veh_018,942.346221227521,-1.6,13.120821985075796,-0.41640978959854635,e12_0,442.3462212275211,e12
1010,89.0,veh_019,339.9905175240437,498.4,14.88221345943849,0.6706012502340108,e54_0,336.7905175240437,e54
1010,89.0,veh_020,920.8318212234028,-1.6,13.692838492405206,0.010897812502458137,e12_0,420.8318212234028,e12
1010,89.0,veh_021,313.7358375553538,498.4,15.2402618396823,0.1090045482589499,e54_0,310.5358375553538,e54
1010,89.0,veh_022,897.7654913633892,-1.6,13.62564241365711,0.4781590621997971,e12_0,397.7654913633892,e12
1010,89.0,veh_023,269.35657219485535,498.4,16.422359142047355,0.4595779083715765,e54_0,266.15657219485536,e54
1010,90.0,veh_000,1001.6,344.30741225111376,15.487980533934909,0.042317713256926126,e23_0,341.1074122511138,e23
1010,90.0,veh_001,732.8805749404071,498.4,14.466682089129762,-0.36897115737665587,e43_0,232.88057494040717,e43
1010,90.0,veh_002,1001.6,277.64034882978785,15.458465288824323,0.4815682969149204,e23_0,274.44034882978787,e23
1010,90.0,veh_003,709.2220987961484,498.4,14.779149124631171,0.5439176243189188,e43_0,209.22209879614852,e43
1010,90.0,veh_004,1001.6,243.62806099108448,16.19051966392544,0.06319882275536415,e23_0,240.4280609910845,e23
1010,90.0,veh_005,615.0581966585997,498.4,13.794512714949535,-0.11469113712664658,e43_0,115.05819665859978,e43
1010,90.0,veh_006,1001.6,215.39672050379903,16.199293821351603,0.03463838897645388,e23_0,212.19672050379904,e23
1010,90.0,veh_007,592.3159394093316,498.4,14.221535664216194,0.3072223975492516,e43_0,92.3159394093316,e43
1010,90.0,veh_008,1001.6,117.5220397810604,14.478920882361994,0.5523380963131785,e23_0,114.3220397810604,e23
1010,90.0,veh_009,569.5121546181855,498.4,14.035140514710037,0.5871157030380942,e43_0,69.51215461818555,e43
1010,90.0,veh_010,1001.6,75.17380463523743,14.793525252704727,0.2381069940933962,e23_0,71.97380463523743,e23
1010,90.0,veh_011,546.2767328436655,498.4,13.430379481148321,-0.551097261374391,e43_0,46.27673284366557,e43
1010,90.0,veh_012,1001.6,36.55507904836702,11.891334334427276,2.143463216922246,e23_0,33.35507904836702,e23
1010,90.0,veh_013,521.6894619596918,498.4,14.39870193397794,0.014842766622487957,e43_0,21.689461959691855,e43
1010,90.0,veh_014,1001.6,12.504392042244767,7.4951516701198075,2.0976638956693927,e23_0,9.304392042244768,e23
1010,90.0,veh_015,487.8141596833019,498.4,16.077894584476017,-0.4083356168679906,e54_0,484.6141596833019,e54
1010,90.0,veh_016,998.0530745438841,-1.420989350873693,5.21517344413001,-0.6247544926132784,:n2_1_0,1.2655982888354629,:n2_1
1010,90.0,veh_017,376.3954512550314,498.4,13.737040775607952,-0.1266249593999227,e54_0,373.1954512550314,e54
1010,90.0,veh_018,955.7390757103735,-1.6,13.392854482852469,0.2720324977766726,e12_0,455.7390757103735,e12
1010,90.0,veh_019,353.84521346546376,498.4,13.854695941420072,-1.027517518018417,e54_0,350.64521346546377,e54
1010,90.0,veh_020,934.0868444013745,-1.6,13.25502317797167,-0.4378153144335357,e12_0,434.0868444013745,e12
1010,90.0,veh_021,329.1863420109709,498.4,15.450504455617134,0.21024261593483295,e54_0,325.98634201097093,e54
1010,90.0,veh_022,911.6653238482813,-1.6,13.899832484892205,0.2741900712350951,e12_0,411.6653238482814,e12
1010,90.0,veh_023,285.62204421756945,498.4,16.265472022714096,-0.15688711933325905,e54_0,282.42204421756946,e54
1010,91.0,veh_000,1001.6,360.05431757068226,15.74690531956848,0.258924785633571,e23_0,356.85431757068227,e23
1010,91.0,veh_001,747.3418058956478,498.4,14.461230955240616,-0.005451133889145865,e43_0,247.34180589564778,e43
1010,91.0,veh_002,1001.6,292.77211633946337,15.131767509675505,-0.3266977791488177,e23_0,289.5721163394634,e23
1010,91.0,veh_003,723.7955192072789,498.4,14.573420411130353,-0.20572871350081812,e43_0,223.79551920727886,e43
1010,91.0,veh_004,1001.6,259.6802213527276,16.052160361643107,-0.13835930228233195,e23_0,256.4802213527276,e23
1010,91.0,veh_005,629.2354819175151,498.4,14.177285258915374,0.3827725439658387,e43_0,129.23548191751516,e43
1010,91.0,veh_006,1001.6,231.36404061346536,15.967320109666327,-0.23197371168527603,e23_0,228.16404061346537,e23
1010,91.0,veh_007,605.7001058650721,498.4,13.384166455740518,-0.8373692084756765,e43_0,105.70010586507212,e43
1010,91.0,veh_008,1001.6,131.38236677994524,13.860326998884844,-0.6185938834771498,e23_0,128.18236677994526,e23
1010,91.0,veh_009,583.3288002644704,498.4,13.816645646284863,-0.2184948684251733,e43_0,83.32880026447042,e43
1010,91.0,veh_010,1001.6,89.88212299947509,14.708318364237654,-0.08520688846707358,e23_0,86.68212299947508,e23
1010,91.0,veh_011,560.346700271688,498.4,14.069967428022427,0.639587946874105,e43_0,60.34670027168799,e43
1010,91.0,veh_012,1001.6,50.29556138006463,13.740482331697613,1.8491479972703377,e23_0,47.09556138006463,e23
1010,91.0,veh_013,535.328320828441,498.4,13.63885886874906,-0.7598430652288801,e43_0,35.328320828440916,e43
1010,91.0,veh_014,1001.6,22.49181934584125,9.987427303596483,2.492275633476676,e23_0,19.29181934584125,e23
1010,91.0,veh_015,504.29759502187915,498.4,16.583435338577257,0.50554075410124,e43_0,4.29759502187917,e43
1010,91.0,veh_016,1001.5426568707895,2.7985980955264793,6.068988030137793,0.8538145860077826,:n2_1_0,7.334586318973256,:n2_1
1010,91.0,veh_017,390.6029372984815,498.4,14.207486043450102,0.47044526784215,e54_0,387.4029372984815,e54
1010,91.0,veh_018,968.8890877689096,-1.6,13.150012058536136,-0.24284242431633274,e12_0,468.8890877689097,e12
1010,91.0,veh_019,367.2869867477651,498.4,13.441773282301389,-0.4129226591186832,e54_0,364.08698674776514,e54
1010,91.0,veh_020,947.2569626664006,-1.6,13.17011826502618,-0.08490491294549152,e12_0,447.2569626664007,e12
1010,91.0,veh_021,343.567984568014,498.4,14.381642557043122,-1.0688618985740117,e54_0,340.36798456801404,e54
1010,91.0,veh_022,925.2473490666971,-1.6,13.582025218415733,-0.3178072664764713,e12_0,425.2473490666971,e12
1010,91.0,veh_023,302.1949550531448,498.4,16.572910835575314,0.30743881286121777,e54_0,298.9949550531448,e54
1010,92.0,veh_000,1001.6,376.0084051466858,15.954087576003523,0.2071822564350434,e23_0,372.8084051466858,e23
1010,92.0,veh_001,761.875462246581,498.4,14.533656350933315,0.07242539569269901,e43_0,261.8754622465811,e43
1010,92.0,veh_002,1001.6,308.28231509888406,15.510198759420696,0.3784312497451907,e23_0,305.08231509888407,e23
1010,92.0,veh_003,738.1695606639912,498.4,14.37404145671244,-0.19937895441791298,e43_0,238.1695606639913,e43
1010,92.0,veh_004,1001.6,275.9658751184378,16.28565376571023,0.23349340406712216,e23_0,272.7658751184378,e23
1010,92.0,veh_005,642.8498844596817,498.4,13.614402542166511,-0.562882716748863,e43_0,142.84988445968168,e43
1010,92.0,veh_006,1001.6,247.56527503819893,16.20123442473356,0.23391431506723315,e23_0,244.36527503819894,e23
1010,92.0,veh_007,620.1683620177821,498.4,14.468256152710046,1.084089696969528,e43_0,120.16836201778216,e43
1010,92.0,veh_008,1001.6,145.60570732929693,14.2233405493517,0.36301355046685657,e23_0,142.40570732929694,e23
1010,92.0,veh_009,597.097841232083,498.4,13.76904096761261,-0.047604678672252376,e43_0,97.09784123208303,e43
1010,92.0,veh_010,1001.6,104.72612712054324,14.844004121068151,0.13568575683049744,e23_0,101.52612712054324,e23
1010,92.0,veh_011,574.3403607070729,498.4,13.993660435384905,-0.07630699263752128,e43_0,74.3403607070729,e43
1010,92.0,veh_012,1001.6,65.6840797058178,15.388518325753168,1.6480359940555545,e23_0,62.4840797058178,e23
1010,92.0,veh_013,549.63966302555,498.4,14.311342197109106,0.6724833283600464,e43_0,49.63966302555002,e43
1010,92.0,veh_014,1001.6,34.8440165081184,12.352197162277148,2.364769858680665,e23_0,31.644016508118398,e23
1010,92.0,veh_015,520.0193082030556,498.4,15.72171318117647,-0.8617221574007861,e43_0,20.01930820305564,e43
1010,92.0,veh_016,1001.6,8.689901608204572,5.895315289231315,-0.17367274090647733,e23_0,5.489901608204571,e23
1010,92.0,veh_017,404.32784218796326,498.4,13.724904889481753,-0.4825811539683489,e54_0,401.12784218796327,e54
1010,92.0,veh_018,981.9808147175747,-1.6,13.09172694866507,-0.05828510987106661,e12_0,481.98081471757473,e12
1010,92.0,veh_019,381.29314293639237,498.4,14.00615618862723,0.5643829063258412,e54_0,378.0931429363924,e54
1010,92.0,veh_020,960.2856563750537,-1.6,13.028693708653059,-0.14142455637312068,e12_0,460.28565637505375,e12
1010,92.0,veh_021,357.29848537724007,498.4,13.730500809226054,-0.6511417478170678,e54_0,354.0984853772401,e54
1010,92.0,veh_022,938.7512663336067,-1.6,13.503917266909681,-0.07810795150605188,e12_0,438.7512663336068,e12
1010,92.0,veh_023,318.21932183591343,498.4,16.02436678276863,-0.5485440528066832,e54_0,315.01932183591344,e54
1010,93.0,veh_000,1001.6,391.4081790496708,15.399773902985046,-0.554313673018477,e23_0,388.20817904967083,e23
1010,93.0,veh_001,776.0073288466058,498.4,14.131866600024814,-0.40178975090850066,e43_0,276.0073288466059,e43
1010,93.0,veh_002,1001.6,323.1615011457693,14.879186046885247,-0.6310127125354494,e23_0,319.9615011457693,e23
1010,93.0,veh_003,752.8936817987081,498.4,14.724121134716885,0.3500796780044446,e43_0,252.89368179870817,e43
1010,93.0,veh_004,1001.6,292.07615015947147,16.11027504103367,-0.17537872467655902,e23_0,288.8761501594715,e23
1010,93.0,veh_005,656.3346789100058,498.4,13.484794450324127,-0.12960809184238364,e43_0,156.3346789100058,e43
1010,93.0,veh_006,1001.6,263.85481690678967,16.289541868590753,0.08830744385719314,e23_0,260.6548169067897,e23
1010,93.0,veh_007,634.0129560324339,498.4,13.84459401465171,-0.6236621380583358,e43_0,134.01295603243386,e43
1010,93.0,veh_008,1001.6,159.5145351655907,13.908827836293781,-0.31451271305791906,e23_0,156.3145351655907,e23
1010,93.0,veh_009,611.5512735224725,498.4,14.453432290389392,0.684391322776781,e43_0,111.55127352247241,e43
1010,93.0,veh_010,1001.6,119.40654906215816,14.680421941614927,-0.16358217945322373,e23_0,116.20654906215816,e23
1010,93.0,veh_011,588.0210746364695,498.4,13.680713929396614,-0.31294650598829143,e43_0,88.02107463646952,e43
1010,93.0,veh_012,1001.6,81.13675099137036,15.452671285552563,0.0641529597993955,e23_0,77.93675099137036,e23
1010,93.0,veh_013,564.1069191643747,498.4,14.467256138824723,0.15591394171561745,e43_0,64.10691916437474,e43
1010,93.0,veh_014,1001.6,49.79368613224872,14.949669624130324,2.597472461853176,e23_0,46.59368613224872,e23
1010,93.0,veh_015,535.568202027025,498.4,15.548893823969323,-0.17281935720714792,e43_0,35.56820202702497,e43
1010,93.0,veh_016,1001.6,16.89771290939155,8.207811301186979,2.3124960119556635,e23_0,13.69771290939155,e23
1010,93.0,veh_017,418.60164297830914,498.4,14.273800790345907,0.5488959008641547,e54_0,415.40164297830916,e54
1010,93.0,veh_018,991.5482045961426,-1.6,9.567389878567901,-3.524337070097168,e12_0,491.5482045961426,e12
1010,93.0,veh_019,395.4094410586645,498.4,14.116298122272157,0.11014193364492719,e54_0,392.20944105866454,e54
1010,93.0,veh_020,973.5188498578514,-1.6,13.23319348279774,0.204499774144681,e12_0,473.5188498578515,e12
1010,93.0,veh_021,371.2599202343897,498.4,13.96143485714962,0.2309340479235651,e54_0,368.0599202343897,e54
1010,93.0,veh_022,951.9657247227444,-1.6,13.214458389137748,-0.28945887777193313,e12_0,451.96572472274454,e12
1010,93.0,veh_023,334.1983863090414,498.4,15.979064473127949,-0.04530230964068238,e54_0,330.9983863090414,e54
1010,94.0,veh_000,1001.6,407.07403231598056,15.665853266309727,0.2660793633246801,e23_0,403.87403231598057,e23
1010,94.0,veh_001,790.6175583473664,498.4,14.610229500760624,0.4783629007358101,e43_0,290.6175583473665,e43
1010,94.0,veh_002,1001.6,338.00415109226884,14.842649946499536,-0.03653610038571031,e23_0,334.80415109226885,e23
1010,94.0,veh_003,766.9933507262137,498.4,14.099668927505588,-0.6244522072112968,e43_0,266.99335072621375,e43
1010,94.0,veh_004,1001.6,307.864097853112,15.787947693640524,-0.3223273473931467,e23_0,304.664097853112,e23
1010,94.0,veh_005,670.3083579289867,498.4,13.973679018980922,0.4888845686567951,e43_0,170.30835792898674,e43
1010,94.0,veh_006,1001.6,280.314797144567,16.459980237777348,0.17043836918659494,e23_0,277.11479714456704,e23
1010,94.0,veh_007,647.4409744236674,498.4,13.4280183912336,-0.41657562341810994,e43_0,147.44097442366746,e43
1010,94.0,veh_008,1001.6,173.57734348347648,14.062808317885787,0.15398048159200606,e23_0,170.3773434834765,e23
1010,94.0,veh_009,625.2675492800855,498.4,13.716275757613062,-0.7371565327763303,e43_0,125.26754928008548,e43
1010,94.0,veh_010,1001.6,133.80400736419617,14.397458302038007,-0.28296363957691995,e23_0,130.60400736419618,e23
1010,94.0,veh_011,602.4131302193498,498.4,14.392055582880305,0.7113416534836912,e43_0,102.41313021934982,e43
1010,94.0,veh_012,1001.6,95.92909487340083,14.792343882030465,-0.6603274035220981,e23_0,92.72909487340083,e23
1010,94.0,veh_013,577.8971506578721,498.4,13.790231493497314,-0.6770246453274087,e43_0,77.89715065787206,e43
1010,94.0,veh_014,1001.6,66.42251841524853,16.628832282999824,1.6791626588694992,e23_0,63.222518415248544,e23
1010,94.0,veh_015,551.5903197082825,498.4,16.02211768125756,0.4732238572882359,e43_0,51.59031970828252,e43
1010,94.0,veh_016,1001.6,27.497930837075923,10.600217927684374,2.3924066264973955,e23_0,24.297930837075924,e23
1010,94.0,veh_017,432.31699621888816,498.4,13.715353240579047,-0.5584475497668606,e54_0,429.1169962188882,e54
1010,94.0,veh_018,996.7673777484008,-1.6,5.21917315225829,-4.348216726309611,e12_0,496.7673777484009,e12
1010,94.0,veh_019,409.7783557673803,498.4,14.36891470871574,0.2526165864435832,e54_0,406.5783557673803,e54
1010,94.0,veh_020,983.0676954156957,-1.6,9.548845557844283,-3.6843479249534568,e12_0,483.06769541569577,e12
1010,94.0,veh_021,385.85682654046457,498.4,14.596906306074857,0.6354714489252373,e54_0,382.6568265404646,e54
1010,94.0,veh_022,965.2002158614389,-1.6,13.234491138694409,0.02003274955666079,e12_0,465.20021586143895,e12
1010,94.0,veh_023,350.37663493125393,498.4,16.17824862221256,0.19918414908461202,e54_0,347.17663493125394,e54
1010,95.0,veh_000,1001.6,422.48315160433265,15.409119288352096,-0.2567339779576301,e23_0,419.28315160433266,e23
1010,95.0,veh_001,804.7645135845924,498.4,14.14695523722593,-0.4632742635346947,e43_0,304.76451358459246,e43
1010,95.0,veh_002,1001.6,353.2896025563332,15.285451464064339,0.4428015175648028,e23_0,350.0896025563332,e23
1010,95.0,veh_003,781.3757751995253,498.4,14.382424473311579,0.2827555458059905,e43_0,281.3757751995253,e43
1010,95.0,veh_004,1001.6,324.0516043448319,16.1875064917199,0.39955879807937755,e23_0,320.8516043448319,e23
1010,95.0,veh_005,684.3044311091734,498.4,13.996073180186661,0.022394161205738783,e43_0,184.3044311091734,e43
1010,95.0,veh_006,1001.6,296.41308910900483,16.098291964437813,-0.361688273339535,e23_0,293.21308910900484,e23
1010,95.0,veh_007,661.0784198518103,498.4,13.637445428142872,0.2094270369092719,e43_0,161.07841985181034,e43
1010,95.0,veh_008,1001.6,187.3740364638731,13.796692980396614,-0.2661153374891736,e23_0,184.1740364638731,e23
1010,95.0,veh_009,638.5993641909831,498.4,13.331814910897657,-0.38446084671540426,e43_0,138.59936419098312,e43
1010,95.0,veh_010,1001.6,148.48077936508753,14.676772000891374,0.27931369885336643,e23_0,145.28077936508754,e23
1010,95.0,veh_011,616.4202851473696,498.4,14.007154928019725,-0.38490065486058,e43_0,116.42028514736955,e43
1010,95.0,veh_012,1001.6,110.90031952861797,14.97122465521715,0.17888077318668394,e23_0,107.70031952861797,e23
1010,95.0,veh_013,592.896824745788,498.4,14.999674087915967,1.2094425944186522,e43_0,92.89682474578802,e43
1010,95.0,veh_014,1001.6,82.48680365768682,16.064285242438267,-0.5645470405615569,e23_0,79.28680365768682,e23
1010,95.0,veh_015,566.0440461500351,498.4,14.453726441752648,-1.5683912395049102,e43_0,66.04404615003517,e43
1010,95.0,veh_016,1001.6,40.08229550415843,12.584364667082504,1.9841467393981294,e23_0,36.88229550415843,e23
1010,95.0,veh_017,446.13038714888853,498.4,13.813390930000372,0.09803768942132507,e54_0,442.93038714888854,e54
1010,95.0,veh_018,1000.8458992514613,0.34316541910228626,4.769158942798354,-0.450014209459936,:n2_1_0,4.736536691199262,:n2_1
1010,95.0,veh_019,423.0872070822214,498.4,13.308851314841126,-1.0600633938746142,e54_0,419.88720708222144,e54
1010,95.0,veh_020,988.1919418143034,-1.6,5.124246398607758,-4.424599159236525,e12_0,488.1919418143035,e12
1010,95.0,veh_021,400.3644086006294,498.4,14.507582060164863,-0.0893242459099941,e54_0,397.16440860062943,e54
1010,95.0,veh_022,974.5438509917058,-1.6,9.3436351302668,-3.8908560084276083,e12_0,474.54385099170577,e12
1010,95.0,veh_023,366.6834784135983,498.4,16.306843482344412,0.12859486013185162,e54_0,363.48347841359833,e54
