seed,case_id,source_kind,attestations,independent_roots,correlated_reports_suppressed,suppression_rate
1001,case-1001-veh_000-w0000,rsu,28,14,14,0.5
1001,case-1001-veh_000-w0000,vehicle_witness,73,73,0,0.0
1001,case-1001-veh_000-w0001,rsu,35,15,20,0.5714285714285714
1001,case-1001-veh_000-w0001,vehicle_witness,98,98,0,0.0
1001,case-1001-veh_000-w0002,rsu,30,15,15,0.5
1001,case-1001-veh_000-w0002,vehicle_witness,105,105,0,0.0
1001,case-1001-veh_000-w0003,rsu,36,15,21,0.5833333333333334
1001,case-1001-veh_000-w0003,vehicle_witness,105,105,0,0.0
1001,case-1001-veh_000-w0004,rsu,30,15,15,0.5
1001,case-1001-veh_000-w0004,vehicle_witness,107,107,0,0.0
1001,case-1001-veh_000-w0005,rsu,35,15,20,0.5714285714285714
1001,case-1001-veh_000-w0005,vehicle_witness,117,117,0,0.0
1001,case-1001-veh_000-w0006,rsu,18,6,12,0.6666666666666666
1001,case-1001-veh_000-w0006,vehicle_witness,30,30,0,0.0
1001,case-1001-veh_001-w0000,rsu,30,13,17,0.5666666666666667
1001,case-1001-veh_001-w0000,vehicle_witness,75,75,0,0.0
1001,case-1001-veh_001-w0001,rsu,45,15,30,0.6666666666666666
1001,case-1001-veh_001-w0001,vehicle_witness,94,94,0,0.0
1001,case-1001-veh_001-w0002,rsu,30,15,15,0.5
1001,case-1001-veh_001-w0002,vehicle_witness,110,110,0,0.0
1001,case-1001-veh_001-w0003,rsu,30,15,15,0.5
1001,case-1001-veh_001-w0003,vehicle_witness,101,101,0,0.0
1001,case-1001-veh_001-w0004,rsu,35,15,20,0.5714285714285714
1001,case-1001-veh_001-w0004,vehicle_witness,58,58,0,0.0
1001,case-1001-veh_001-w0005,rsu,31,15,16,0.5161290322580645
1001,case-1001-veh_001-w0005,vehicle_witness,68,68,0,0.0
1001,case-1001-veh_001-w0006,rsu,16,6,10,0.625
1001,case-1001-veh_001-w0006,vehicle_witness,30,30,0,0.0
1001,case-1001-veh_002-w0000,rsu,24,12,12,0.5
1001,case-1001-veh_002-w0000,vehicle_witness,75,75,0,0.0
1001,case-1001-veh_002-w0001,rsu,36,15,21,0.5833333333333334
1001,case-1001-veh_002-w0001,vehicle_witness,110,110,0,0.0
1001,case-1001-veh_002-w0002,rsu,30,15,15,0.5
1001,case-1001-veh_002-w0002,vehicle_witness,120,120,0,0.0
1001,case-1001-veh_002-w0003,rsu,35,15,20,0.5714285714285714
1001,case-1001-veh_002-w0003,vehicle_witness,120,120,0,0.0
1001,case-1001-veh_002-w0004,rsu,30,15,15,0.5
1001,case-1001-veh_002-w0004,vehicle_witness,120,120,0,0.0
1001,case-1001-veh_002-w0005,rsu,32,15,17,0.53125
1001,case-1001-veh_002-w0005,vehicle_witness,120,120,0,0.0
1001,case-1001-veh_002-w0006,rsu,18,6,12,0.6666666666666666
1001,case-1001-veh_002-w0006,vehicle_witness,38,38,0,0.0
1001,case-1001-veh_003-w0000,rsu,23,11,12,0.5217391304347826
1001,case-1001-veh_003-w0000,vehicle_witness,73,73,0,0.0
1001,case-1001-veh_003-w0001,rsu,45,15,30,0.6666666666666666
1001,case-1001-veh_003-w0001,vehicle_witness,119,119,0,0.0
1001,case-1001-veh_003-w0002,rsu,33,15,18,0.5454545454545454
1001,case-1001-veh_003-w0002,vehicle_witness,120,120,0,0.0
1001,case-1001-veh_003-w0003,rsu,30,15,15,0.5
1001,case-1001-veh_003-w0003,vehicle_witness,120,120,0,0.0
1001,case-1001-veh_003-w0004,rsu,36,15,21,0.5833333333333334
1001,case-1001-veh_003-w0004,vehicle_witness,75,75,0,0.0
1001,case-1001-veh_003-w0005,rsu,30,15,15,0.5
1001,case-1001-veh_003-w0005,vehicle_witness,89,89,0,0.0
1001,case-1001-veh_003-w0006,rsu,14,6,8,0.5714285714285714
1001,case-1001-veh_003-w0006,vehicle_witness,36,36,0,0.0
1001,case-1001-veh_004-w0000,rsu,20,10,10,0.5
1001,case-1001-veh_004-w0000,vehicle_witness,70,70,0,0.0
1001,case-1001-veh_004-w0001,rsu,34,15,19,0.5588235294117647
1001,case-1001-veh_004-w0001,vehicle_witness,120,120,0,0.0
1001,case-1001-veh_004-w0002,rsu,31,15,16,0.5161290322580645
1001,case-1001-veh_004-w0002,vehicle_witness,120,120,0,0.0
1001,case-1001-veh_004-w0003,rsu,35,15,20,0.5714285714285714
1001,case-1001-veh_004-w0003,vehicle_witness,120,120,0,0.0
1001,case-1001-veh_004-w0004,rsu,30,15,15,0.5
1001,case-1001-veh_004-w0004,vehicle_witness,120,120,0,0.0
1001,case-1001-veh_004-w0005,rsu,31,15,16,0.5161290322580645
1001,case-1001-veh_004-w0005,vehicle_witness,120,120,0,0.0
1001,case-1001-veh_004-w0006,rsu,18,6,12,0.6666666666666666
1001,case-1001-veh_004-w0006,vehicle_witness,42,42,0,0.0
1001,case-1001-veh_005-w0000,rsu,18,9,9,0.5
1001,case-1001-veh_005-w0000,vehicle_witness,66,66,0,0.0
1001,case-1001-veh_005-w0001,rsu,45,15,30,0.6666666666666666
1001,case-1001-veh_005-w0001,vehicle_witness,120,120,0,0.0
1001,case-1001-veh_005-w0002,rsu,35,15,20,0.5714285714285714
1001,case-1001-veh_005-w0002,vehicle_witness,120,120,0,0.0
1001,case-1001-veh_005-w0003,rsu,30,15,15,0.5
1001,case-1001-veh_005-w0003,vehicle_witness,120,120,0,0.0
1001,case-1001-veh_005-w0004,rsu,34,15,19,0.5588235294117647
1001,case-1001-veh_005-w0004,vehicle_witness,88,88,0,0.0
1001,case-1001-veh_005-w0005,rsu,32,15,17,0.53125
1001,case-1001-veh_005-w0005,vehicle_witness,90,90,0,0.0
1001,case-1001-veh_005-w0006,rsu,12,6,6,0.5
1001,case-1001-veh_005-w0006,vehicle_witness,36,36,0,0.0
1001,case-1001-veh_006-w0000,rsu,16,8,8,0.5
1001,case-1001-veh_006-w0000,vehicle_witness,61,61,0,0.0
1001,case-1001-veh_006-w0001,rsu,30,7,23,0.7666666666666667
1001,case-1001-veh_006-w0001,vehicle_witness,120,56,64,0.5333333333333333
1001,case-1001-veh_006-w0002,rsu,30,4,26,0.8666666666666667
1001,case-1001-veh_006-w0002,vehicle_witness,120,32,88,0.7333333333333333
1001,case-1001-veh_006-w0003,rsu,30,4,26,0.8666666666666667
1001,case-1001-veh_006-w0003,vehicle_witness,120,32,88,0.7333333333333333
1001,case-1001-veh_006-w0004,rsu,30,4,26,0.8666666666666667
1001,case-1001-veh_006-w0004,vehicle_witness,120,32,88,0.7333333333333333
1001,case-1001-veh_006-w0005,rsu,30,15,15,0.5
1001,case-1001-veh_006-w0005,vehicle_witness,120,120,0,0.0
1001,case-1001-veh_006-w0006,rsu,15,6,9,0.6
1001,case-1001-veh_006-w0006,vehicle_witness,48,48,0,0.0
1001,case-1001-veh_007-w0000,rsu,14,7,7,0.5
1001,case-1001-veh_007-w0000,vehicle_witness,55,55,0,0.0
1001,case-1001-veh_007-w0001,rsu,43,15,28,0.6511627906976745
1001,case-1001-veh_007-w0001,vehicle_witness,120,120,0,0.0
1001,case-1001-veh_007-w0002,rsu,36,15,21,0.5833333333333334
1001,case-1001-veh_007-w0002,vehicle_witness,120,120,0,0.0
1001,case-1001-veh_007-w0003,rsu,30,15,15,0.5
1001,case-1001-veh_007-w0003,vehicle_witness,120,120,0,0.0
1001,case-1001-veh_007-w0004,rsu,30,15,15,0.5
1001,case-1001-veh_007-w0004,vehicle_witness,111,111,0,0.0
1001,case-1001-veh_007-w0005,rsu,35,15,20,0.5714285714285714
1001,case-1001-veh_007-w0005,vehicle_witness,105,105,0,0.0
1001,case-1001-veh_007-w0006,rsu,12,6,6,0.5
1001,case-1001-veh_007-w0006,vehicle_witness,42,42,0,0.0
1001,case-1001-veh_008-w0000,rsu,12,6,6,0.5
1001,case-1001-veh_008-w0000,vehicle_witness,48,48,0,0.0
1001,case-1001-veh_008-w0001,rsu,31,15,16,0.5161290322580645
1001,case-1001-veh_008-w0001,vehicle_witness,120,120,0,0.0
1001,case-1001-veh_008-w0002,rsu,34,15,19,0.5588235294117647
1001,case-1001-veh_008-w0002,vehicle_witness,120,120,0,0.0
1001,case-1001-veh_008-w0003,rsu,35,15,20,0.5714285714285714
1001,case-1001-veh_008-w0003,vehicle_witness,120,120,0,0.0
1001,case-1001-veh_008-w0004,rsu,30,15,15,0.5
1001,case-1001-veh_008-w0004,vehicle_witness,120,120,0,0.0
1001,case-1001-veh_008-w0005,rsu,30,15,15,0.5
1001,case-1001-veh_008-w0005,vehicle_witness,120,120,0,0.0
1001,case-1001-veh_008-w0006,rsu,14,6,8,0.5714285714285714
1001,case-1001-veh_008-w0006,vehicle_witness,48,48,0,0.0
1001,case-1001-veh_009-w0000,rsu,10,5,5,0.5
1001,case-1001-veh_009-w0000,vehicle_witness,40,40,0,0.0
1001,case-1001-veh_009-w0001,rsu,41,15,26,0.6341463414634146
1001,case-1001-veh_009-w0001,vehicle_witness,120,120,0,0.0
1001,case-1001-veh_009-w0002,rsu,38,15,23,0.6052631578947368
1001,case-1001-veh_009-w0002,vehicle_witness,120,120,0,0.0
1001,case-1001-veh_009-w0003,rsu,30,15,15,0.5
1001,case-1001-veh_009-w0003,vehicle_witness,120,120,0,0.0
1001,case-1001-veh_009-w0004,rsu,30,15,15,0.5
1001,case-1001-veh_009-w0004,vehicle_witness,114,114,0,0.0
1001,case-1001-veh_009-w0005,rsu,36,15,21,0.5833333333333334
1001,case-1001-veh_009-w0005,vehicle_witness,120,120,0,0.0
1001,case-1001-veh_009-w0006,rsu,12,6,6,0.5
1001,case-1001-veh_009-w0006,vehicle_witness,48,48,0,0.0
1001,case-1001-veh_010-w0000,rsu,8,4,4,0.5
1001,case-1001-veh_010-w0000,vehicle_witness,32,32,0,0.0
1001,case-1001-veh_010-w0001,rsu,62,15,47,0.7580645161290323
1001,case-1001-veh_010-w0001,vehicle_witness,248,120,128,0.5161290322580645
1001,case-1001-veh_010-w0002,rsu,175,15,160,0.9142857142857143
1001,case-1001-veh_010-w0002,vehicle_witness,600,120,480,0.8
1001,case-1001-veh_010-w0003,rsu,175,15,160,0.9142857142857143
1001,case-1001-veh_010-w0003,vehicle_witness,600,120,480,0.8
1001,case-1001-veh_010-w0004,rsu,150,15,135,0.9
1001,case-1001-veh_010-w0004,vehicle_witness,600,120,480,0.8
1001,case-1001-veh_010-w0005,rsu,62,15,47,0.7580645161290323
1001,case-1001-veh_010-w0005,vehicle_witness,248,120,128,0.5161290322580645
1001,case-1001-veh_010-w0006,rsu,12,6,6,0.5
1001,case-1001-veh_010-w0006,vehicle_witness,48,48,0,0.0
1001,case-1001-veh_011-w0000,rsu,6,3,3,0.5
1001,case-1001-veh_011-w0000,vehicle_witness,24,24,0,0.0
1001,case-1001-veh_011-w0001,rsu,40,15,25,0.625
1001,case-1001-veh_011-w0001,vehicle_witness,120,120,0,0.0
1001,case-1001-veh_011-w0002,rsu,40,15,25,0.625
1001,case-1001-veh_011-w0002,vehicle_witness,120,120,0,0.0
1001,case-1001-veh_011-w0003,rsu,30,15,15,0.5
1001,case-1001-veh_011-w0003,vehicle_witness,120,120,0,0.0
1001,case-1001-veh_011-w0004,rsu,30,15,15,0.5
1001,case-1001-veh_011-w0004,vehicle_witness,117,117,0,0.0
1001,case-1001-veh_011-w0005,rsu,35,15,20,0.5714285714285714
1001,case-1001-veh_011-w0005,vehicle_witness,113,113,0,0.0
1001,case-1001-veh_011-w0006,rsu,12,6,6,0.5
1001,case-1001-veh_011-w0006,vehicle_witness,48,48,0,0.0
1001,case-1001-veh_012-w0000,rsu,4,2,2,0.5
1001,case-1001-veh_012-w0000,vehicle_witness,16,16,0,0.0
1001,case-1001-veh_012-w0001,rsu,30,15,15,0.5
1001,case-1001-veh_012-w0001,vehicle_witness,120,120,0,0.0
1001,case-1001-veh_012-w0002,rsu,36,15,21,0.5833333333333334
1001,case-1001-veh_012-w0002,vehicle_witness,120,120,0,0.0
1001,case-1001-veh_012-w0003,rsu,34,15,19,0.5588235294117647
1001,case-1001-veh_012-w0003,vehicle_witness,120,120,0,0.0
1001,case-1001-veh_012-w0004,rsu,32,15,17,0.53125
1001,case-1001-veh_012-w0004,vehicle_witness,120,120,0,0.0
1001,case-1001-veh_012-w0005,rsu,30,15,15,0.5
1001,case-1001-veh_012-w0005,vehicle_witness,120,120,0,0.0
1001,case-1001-veh_012-w0006,rsu,12,6,6,0.5
1001,case-1001-veh_012-w0006,vehicle_witness,48,48,0,0.0
1001,case-1001-veh_013-w0000,rsu,2,1,1,0.5
1001,case-1001-veh_013-w0000,vehicle_witness,8,8,0,0.0
1001,case-1001-veh_013-w0001,rsu,38,15,23,0.6052631578947368
1001,case-1001-veh_013-w0001,vehicle_witness,120,120,0,0.0
1001,case-1001-veh_013-w0002,rsu,41,15,26,0.6341463414634146
1001,case-1001-veh_013-w0002,vehicle_witness,120,120,0,0.0
1001,case-1001-veh_013-w0003,rsu,30,15,15,0.5
1001,case-1001-veh_013-w0003,vehicle_witness,120,120,0,0.0
1001,case-1001-veh_013-w0004,rsu,30,15,15,0.5
1001,case-1001-veh_013-w0004,vehicle_witness,120,120,0,0.0
1001,case-1001-veh_013-w0005,rsu,35,15,20,0.5714285714285714
1001,case-1001-veh_013-w0005,vehicle_witness,120,120,0,0.0
1001,case-1001-veh_013-w0006,rsu,12,6,6,0.5
1001,case-1001-veh_013-w0006,vehicle_witness,48,48,0,0.0
1001,case-1001-veh_014-w0001,rsu,30,15,15,0.5
1001,case-1001-veh_014-w0001,vehicle_witness,120,120,0,0.0
1001,case-1001-veh_014-w0002,rsu,140,15,125,0.8928571428571429
1001,case-1001-veh_014-w0002,vehicle_witness,480,120,360,0.75
1001,case-1001-veh_014-w0003,rsu,128,15,113,0.8828125
1001,case-1001-veh_014-w0003,vehicle_witness,480,120,360,0.75
1001,case-1001-veh_014-w0004,rsu,132,15,117,0.8863636363636364
1001,case-1001-veh_014-w0004,vehicle_witness,480,120,360,0.75
1001,case-1001-veh_014-w0005,rsu,78,15,63,0.8076923076923077
1001,case-1001-veh_014-w0005,vehicle_witness,312,120,192,0.6153846153846154
1001,case-1001-veh_014-w0006,rsu,12,6,6,0.5
1001,case-1001-veh_014-w0006,vehicle_witness,48,48,0,0.0
1001,case-1001-veh_015-w0001,rsu,33,14,19,0.5757575757575758
1001,case-1001-veh_015-w0001,vehicle_witness,112,112,0,0.0
1001,case-1001-veh_015-w0002,rsu,43,15,28,0.6511627906976745
1001,case-1001-veh_015-w0002,vehicle_witness,120,120,0,0.0
1001,case-1001-veh_015-w0003,rsu,30,15,15,0.5
1001,case-1001-veh_015-w0003,vehicle_witness,120,120,0,0.0
1001,case-1001-veh_015-w0004,rsu,30,15,15,0.5
1001,case-1001-veh_015-w0004,vehicle_witness,120,120,0,0.0
1001,case-1001-veh_015-w0005,rsu,33,15,18,0.5454545454545454
1001,case-1001-veh_015-w0005,vehicle_witness,120,120,0,0.0
1001,case-1001-veh_015-w0006,rsu,14,6,8,0.5714285714285714
1001,case-1001-veh_015-w0006,vehicle_witness,48,48,0,0.0
1001,case-1001-veh_016-w0001,rsu,26,13,13,0.5
1001,case-1001-veh_016-w0001,vehicle_witness,104,104,0,0.0
1001,case-1001-veh_016-w0002,rsu,35,15,20,0.5714285714285714
1001,case-1001-veh_016-w0002,vehicle_witness,120,120,0,0.0
1001,case-1001-veh_016-w0003,rsu,30,15,15,0.5
1001,case-1001-veh_016-w0003,vehicle_witness,120,120,0,0.0
1001,case-1001-veh_016-w0004,rsu,35,15,20,0.5714285714285714
1001,case-1001-veh_016-w0004,vehicle_witness,120,120,0,0.0
1001,case-1001-veh_016-w0005,rsu,30,15,15,0.5
1001,case-1001-veh_016-w0005,vehicle_witness,120,120,0,0.0
1001,case-1001-veh_016-w0006,rsu,12,6,6,0.5
1001,case-1001-veh_016-w0006,vehicle_witness,48,48,0,0.0
1001,case-1001-veh_017-w0001,rsu,28,12,16,0.5714285714285714
1001,case-1001-veh_017-w0001,vehicle_witness,96,96,0,0.0
1001,case-1001-veh_017-w0002,rsu,45,15,30,0.6666666666666666
1001,case-1001-veh_017-w0002,vehicle_witness,120,120,0,0.0
1001,case-1001-veh_017-w0003,rsu,30,15,15,0.5
1001,case-1001-veh_017-w0003,vehicle_witness,120,120,0,0.0
1001,case-1001-veh_017-w0004,rsu,30,15,15,0.5
1001,case-1001-veh_017-w0004,vehicle_witness,105,105,0,0.0
1001,case-1001-veh_017-w0005,rsu,32,15,17,0.53125
1001,case-1001-veh_017-w0005,vehicle_witness,105,105,0,0.0
1001,case-1001-veh_017-w0006,rsu,15,6,9,0.6
1001,case-1001-veh_017-w0006,vehicle_witness,42,42,0,0.0
1001,case-1001-veh_018-w0001,rsu,22,11,11,0.5
1001,case-1001-veh_018-w0001,vehicle_witness,88,88,0,0.0
1001,case-1001-veh_018-w0002,rsu,35,15,20,0.5714285714285714
1001,case-1001-veh_018-w0002,vehicle_witness,120,120,0,0.0
1001,case-1001-veh_018-w0003,rsu,30,15,15,0.5
1001,case-1001-veh_018-w0003,vehicle_witness,120,120,0,0.0
1001,case-1001-veh_018-w0004,rsu,36,15,21,0.5833333333333334
1001,case-1001-veh_018-w0004,vehicle_witness,120,120,0,0.0
1001,case-1001-veh_018-w0005,rsu,30,15,15,0.5
1001,case-1001-veh_018-w0005,vehicle_witness,120,120,0,0.0
1001,case-1001-veh_018-w0006,rsu,12,6,6,0.5
1001,case-1001-veh_018-w0006,vehicle_witness,48,48,0,0.0
1001,case-1001-veh_019-w0001,rsu,22,10,12,0.5454545454545454
1001,case-1001-veh_019-w0001,vehicle_witness,80,80,0,0.0
1001,case-1001-veh_019-w0002,rsu,45,15,30,0.6666666666666666
1001,case-1001-veh_019-w0002,vehicle_witness,120,120,0,0.0
1001,case-1001-veh_019-w0003,rsu,31,15,16,0.5161290322580645
1001,case-1001-veh_019-w0003,vehicle_witness,120,120,0,0.0
1001,case-1001-veh_019-w0004,rsu,30,15,15,0.5
1001,case-1001-veh_019-w0004,vehicle_witness,101,101,0,0.0
1001,case-1001-veh_019-w0005,rsu,30,15,15,0.5
1001,case-1001-veh_019-w0005,vehicle_witness,76,76,0,0.0
1001,case-1001-veh_019-w0006,rsu,16,6,10,0.625
1001,case-1001-veh_019-w0006,vehicle_witness,36,36,0,0.0
1001,case-1001-veh_020-w0001,rsu,18,9,9,0.5
1001,case-1001-veh_020-w0001,vehicle_witness,72,72,0,0.0
1001,case-1001-veh_020-w0002,rsu,34,15,19,0.5588235294117647
1001,case-1001-veh_020-w0002,vehicle_witness,111,111,0,0.0
1001,case-1001-veh_020-w0003,rsu,30,15,15,0.5
1001,case-1001-veh_020-w0003,vehicle_witness,120,120,0,0.0
1001,case-1001-veh_020-w0004,rsu,35,15,20,0.5714285714285714
1001,case-1001-veh_020-w0004,vehicle_witness,120,120,0,0.0
1001,case-1001-veh_020-w0005,rsu,30,15,15,0.5
1001,case-1001-veh_020-w0005,vehicle_witness,120,120,0,0.0
1001,case-1001-veh_020-w0006,rsu,12,6,6,0.5
1001,case-1001-veh_020-w0006,vehicle_witness,48,48,0,0.0
1001,case-1001-veh_021-w0001,rsu,16,8,8,0.5
1001,case-1001-veh_021-w0001,vehicle_witness,64,64,0,0.0
1001,case-1001-veh_021-w0002,rsu,45,15,30,0.6666666666666666
1001,case-1001-veh_021-w0002,vehicle_witness,120,120,0,0.0
1001,case-1001-veh_021-w0003,rsu,33,15,18,0.5454545454545454
1001,case-1001-veh_021-w0003,vehicle_witness,120,120,0,0.0
1001,case-1001-veh_021-w0004,rsu,30,15,15,0.5
1001,case-1001-veh_021-w0004,vehicle_witness,100,100,0,0.0
1001,case-1001-veh_021-w0005,rsu,30,15,15,0.5
1001,case-1001-veh_021-w0005,vehicle_witness,61,61,0,0.0
1001,case-1001-veh_021-w0006,rsu,14,6,8,0.5714285714285714
1001,case-1001-veh_021-w0006,vehicle_witness,24,24,0,0.0
1001,case-1001-veh_022-w0001,rsu,14,7,7,0.5
1001,case-1001-veh_022-w0001,vehicle_witness,56,56,0,0.0
1001,case-1001-veh_022-w0002,rsu,33,15,18,0.5454545454545454
1001,case-1001-veh_022-w0002,vehicle_witness,95,95,0,0.0
1001,case-1001-veh_022-w0003,rsu,32,15,17,0.53125
1001,case-1001-veh_022-w0003,vehicle_witness,105,105,0,0.0
1001,case-1001-veh_022-w0004,rsu,35,15,20,0.5714285714285714
1001,case-1001-veh_022-w0004,vehicle_witness,105,105,0,0.0
1001,case-1001-veh_022-w0005,rsu,30,15,15,0.5
1001,case-1001-veh_022-w0005,vehicle_witness,119,119,0,0.0
1001,case-1001-veh_022-w0006,rsu,12,6,6,0.5
1001,case-1001-veh_022-w0006,vehicle_witness,48,48,0,0.0
1001,case-1001-veh_023-w0001,rsu,12,6,6,0.5
1001,case-1001-veh_023-w0001,vehicle_witness,48,48,0,0.0
1001,case-1001-veh_023-w0002,rsu,43,15,28,0.6511627906976745
1001,case-1001-veh_023-w0002,vehicle_witness,114,114,0,0.0
1001,case-1001-veh_023-w0003,rsu,35,15,20,0.5714285714285714
1001,case-1001-veh_023-w0003,vehicle_witness,120,120,0,0.0
1001,case-1001-veh_023-w0004,rsu,30,15,15,0.5
1001,case-1001-veh_023-w0004,vehicle_witness,99,99,0,0.0
1001,case-1001-veh_023-w0005,rsu,30,15,15,0.5
1001,case-1001-veh_023-w0005,vehicle_witness,60,60,0,0.0
1001,case-1001-veh_023-w0006,rsu,12,6,6,0.5
1001,case-1001-veh_023-w0006,vehicle_witness,24,24,0,0.0
1002,case-1002-veh_000-w0000,rsu,28,14,14,0.5
1002,case-1002-veh_000-w0000,vehicle_witness,66,66,0,0.0
1002,case-1002-veh_000-w0001,rsu,34,15,19,0.5588235294117647
1002,case-1002-veh_000-w0001,vehicle_witness,75,75,0,0.0
1002,case-1002-veh_000-w0002,rsu,35,15,20,0.5714285714285714
1002,case-1002-veh_000-w0002,vehicle_witness,75,75,0,0.0
1002,case-1002-veh_000-w0003,rsu,30,15,15,0.5
1002,case-1002-veh_000-w0003,vehicle_witness,75,75,0,0.0
1002,case-1002-veh_000-w0004,rsu,31,15,16,0.5161290322580645
1002,case-1002-veh_000-w0004,vehicle_witness,75,75,0,0.0
1002,case-1002-veh_000-w0005,rsu,44,15,29,0.6590909090909091
1002,case-1002-veh_000-w0005,vehicle_witness,62,62,0,0.0
1002,case-1002-veh_000-w0006,rsu,12,6,6,0.5
1002,case-1002-veh_000-w0006,vehicle_witness,29,29,0,0.0
1002,case-1002-veh_001-w0000,rsu,31,13,18,0.5806451612903226
1002,case-1002-veh_001-w0000,vehicle_witness,69,69,0,0.0
1002,case-1002-veh_001-w0001,rsu,41,15,26,0.6341463414634146
1002,case-1002-veh_001-w0001,vehicle_witness,75,75,0,0.0
1002,case-1002-veh_001-w0002,rsu,30,15,15,0.5
1002,case-1002-veh_001-w0002,vehicle_witness,90,90,0,0.0
1002,case-1002-veh_001-w0003,rsu,34,15,19,0.5588235294117647
1002,case-1002-veh_001-w0003,vehicle_witness,53,53,0,0.0
1002,case-1002-veh_001-w0004,rsu,31,15,16,0.5161290322580645
1002,case-1002-veh_001-w0004,vehicle_witness,30,30,0,0.0
1002,case-1002-veh_001-w0005,rsu,34,15,19,0.5588235294117647
1002,case-1002-veh_001-w0005,vehicle_witness,23,23,0,0.0
1002,case-1002-veh_001-w0006,rsu,12,6,6,0.5
1002,case-1002-veh_001-w0006,vehicle_witness,18,18,0,0.0
1002,case-1002-veh_002-w0000,rsu,24,12,12,0.5
1002,case-1002-veh_002-w0000,vehicle_witness,73,73,0,0.0
1002,case-1002-veh_002-w0001,rsu,34,15,19,0.5588235294117647
1002,case-1002-veh_002-w0001,vehicle_witness,80,80,0,0.0
1002,case-1002-veh_002-w0002,rsu,33,15,18,0.5454545454545454
1002,case-1002-veh_002-w0002,vehicle_witness,75,75,0,0.0
1002,case-1002-veh_002-w0003,rsu,31,15,16,0.5161290322580645
1002,case-1002-veh_002-w0003,vehicle_witness,75,75,0,0.0
1002,case-1002-veh_002-w0004,rsu,30,15,15,0.5
1002,case-1002-veh_002-w0004,vehicle_witness,75,75,0,0.0
1002,case-1002-veh_002-w0005,rsu,43,15,28,0.6511627906976745
1002,case-1002-veh_002-w0005,vehicle_witness,75,75,0,0.0
1002,case-1002-veh_002-w0006,rsu,14,6,8,0.5714285714285714
1002,case-1002-veh_002-w0006,vehicle_witness,34,34,0,0.0
1002,case-1002-veh_003-w0000,rsu,25,11,14,0.56
1002,case-1002-veh_003-w0000,vehicle_witness,73,73,0,0.0
1002,case-1002-veh_003-w0001,rsu,45,15,30,0.6666666666666666
1002,case-1002-veh_003-w0001,vehicle_witness,106,106,0,0.0
1002,case-1002-veh_003-w0002,rsu,30,15,15,0.5
1002,case-1002-veh_003-w0002,vehicle_witness,108,108,0,0.0
1002,case-1002-veh_003-w0003,rsu,30,15,15,0.5
1002,case-1002-veh_003-w0003,vehicle_witness,102,102,0,0.0
1002,case-1002-veh_003-w0004,rsu,36,15,21,0.5833333333333334
1002,case-1002-veh_003-w0004,vehicle_witness,75,75,0,0.0
1002,case-1002-veh_003-w0005,rsu,35,15,20,0.5714285714285714
1002,case-1002-veh_003-w0005,vehicle_witness,75,75,0,0.0
1002,case-1002-veh_003-w0006,rsu,12,6,6,0.5
1002,case-1002-veh_003-w0006,vehicle_witness,30,30,0,0.0
1002,case-1002-veh_004-w0000,rsu,20,10,10,0.5
1002,case-1002-veh_004-w0000,vehicle_witness,70,70,0,0.0
1002,case-1002-veh_004-w0001,rsu,35,15,20,0.5714285714285714
1002,case-1002-veh_004-w0001,vehicle_witness,103,103,0,0.0
1002,case-1002-veh_004-w0002,rsu,30,15,15,0.5
1002,case-1002-veh_004-w0002,vehicle_witness,79,79,0,0.0
1002,case-1002-veh_004-w0003,rsu,34,15,19,0.5588235294117647
1002,case-1002-veh_004-w0003,vehicle_witness,75,75,0,0.0
1002,case-1002-veh_004-w0004,rsu,30,15,15,0.5
1002,case-1002-veh_004-w0004,vehicle_witness,75,75,0,0.0
1002,case-1002-veh_004-w0005,rsu,40,15,25,0.625
1002,case-1002-veh_004-w0005,vehicle_witness,81,81,0,0.0
1002,case-1002-veh_004-w0006,rsu,17,6,11,0.6470588235294118
1002,case-1002-veh_004-w0006,vehicle_witness,32,32,0,0.0
1002,case-1002-veh_005-w0000,rsu,18,9,9,0.5
1002,case-1002-veh_005-w0000,vehicle_witness,66,66,0,0.0
1002,case-1002-veh_005-w0001,rsu,45,15,30,0.6666666666666666
1002,case-1002-veh_005-w0001,vehicle_witness,117,117,0,0.0
1002,case-1002-veh_005-w0002,rsu,32,15,17,0.53125
1002,case-1002-veh_005-w0002,vehicle_witness,109,109,0,0.0
1002,case-1002-veh_005-w0003,rsu,30,15,15,0.5
1002,case-1002-veh_005-w0003,vehicle_witness,116,116,0,0.0
1002,case-1002-veh_005-w0004,rsu,35,15,20,0.5714285714285714
1002,case-1002-veh_005-w0004,vehicle_witness,90,90,0,0.0
1002,case-1002-veh_005-w0005,rsu,32,15,17,0.53125
1002,case-1002-veh_005-w0005,vehicle_witness,83,83,0,0.0
1002,case-1002-veh_005-w0006,rsu,16,6,10,0.625
1002,case-1002-veh_005-w0006,vehicle_witness,30,30,0,0.0
1002,case-1002-veh_006-w0000,rsu,16,8,8,0.5
1002,case-1002-veh_006-w0000,vehicle_witness,61,61,0,0.0
1002,case-1002-veh_006-w0001,rsu,30,7,23,0.7666666666666667
1002,case-1002-veh_006-w0001,vehicle_witness,117,56,61,0.5213675213675214
1002,case-1002-veh_006-w0002,rsu,30,4,26,0.8666666666666667
1002,case-1002-veh_006-w0002,vehicle_witness,93,28,65,0.6989247311827957
1002,case-1002-veh_006-w0003,rsu,30,4,26,0.8666666666666667
1002,case-1002-veh_006-w0003,vehicle_witness,75,20,55,0.7333333333333333
1002,case-1002-veh_006-w0004,rsu,30,4,26,0.8666666666666667
1002,case-1002-veh_006-w0004,vehicle_witness,75,20,55,0.7333333333333333
1002,case-1002-veh_006-w0005,rsu,38,15,23,0.6052631578947368
1002,case-1002-veh_006-w0005,vehicle_witness,92,92,0,0.0
1002,case-1002-veh_006-w0006,rsu,18,6,12,0.6666666666666666
1002,case-1002-veh_006-w0006,vehicle_witness,31,31,0,0.0
1002,case-1002-veh_007-w0000,rsu,14,7,7,0.5
1002,case-1002-veh_007-w0000,vehicle_witness,55,55,0,0.0
1002,case-1002-veh_007-w0001,rsu,43,15,28,0.6511627906976745
1002,case-1002-veh_007-w0001,vehicle_witness,120,120,0,0.0
1002,case-1002-veh_007-w0002,rsu,34,15,19,0.5588235294117647
1002,case-1002-veh_007-w0002,vehicle_witness,120,120,0,0.0
1002,case-1002-veh_007-w0003,rsu,30,15,15,0.5
1002,case-1002-veh_007-w0003,vehicle_witness,120,120,0,0.0
1002,case-1002-veh_007-w0004,rsu,35,15,20,0.5714285714285714
1002,case-1002-veh_007-w0004,vehicle_witness,92,92,0,0.0
1002,case-1002-veh_007-w0005,rsu,30,15,15,0.5
1002,case-1002-veh_007-w0005,vehicle_witness,90,90,0,0.0
1002,case-1002-veh_007-w0006,rsu,16,6,10,0.625
1002,case-1002-veh_007-w0006,vehicle_witness,36,36,0,0.0
1002,case-1002-veh_008-w0000,rsu,12,6,6,0.5
1002,case-1002-veh_008-w0000,vehicle_witness,48,48,0,0.0
1002,case-1002-veh_008-w0001,rsu,32,15,17,0.53125
1002,case-1002-veh_008-w0001,vehicle_witness,120,120,0,0.0
1002,case-1002-veh_008-w0002,rsu,32,15,17,0.53125
1002,case-1002-veh_008-w0002,vehicle_witness,112,112,0,0.0
1002,case-1002-veh_008-w0003,rsu,34,15,19,0.5588235294117647
1002,case-1002-veh_008-w0003,vehicle_witness,83,83,0,0.0
1002,case-1002-veh_008-w0004,rsu,30,15,15,0.5
1002,case-1002-veh_008-w0004,vehicle_witness,75,75,0,0.0
1002,case-1002-veh_008-w0005,rsu,36,15,21,0.5833333333333334
1002,case-1002-veh_008-w0005,vehicle_witness,104,104,0,0.0
1002,case-1002-veh_008-w0006,rsu,18,6,12,0.6666666666666666
1002,case-1002-veh_008-w0006,vehicle_witness,30,30,0,0.0
1002,case-1002-veh_009-w0000,rsu,10,5,5,0.5
1002,case-1002-veh_009-w0000,vehicle_witness,40,40,0,0.0
1002,case-1002-veh_009-w0001,rsu,42,15,27,0.6428571428571429
1002,case-1002-veh_009-w0001,vehicle_witness,120,120,0,0.0
1002,case-1002-veh_009-w0002,rsu,36,15,21,0.5833333333333334
1002,case-1002-veh_009-w0002,vehicle_witness,120,120,0,0.0
1002,case-1002-veh_009-w0003,rsu,30,15,15,0.5
1002,case-1002-veh_009-w0003,vehicle_witness,120,120,0,0.0
1002,case-1002-veh_009-w0004,rsu,34,15,19,0.5588235294117647
1002,case-1002-veh_009-w0004,vehicle_witness,95,95,0,0.0
1002,case-1002-veh_009-w0005,rsu,31,15,16,0.5161290322580645
1002,case-1002-veh_009-w0005,vehicle_witness,90,90,0,0.0
1002,case-1002-veh_009-w0006,rsu,14,6,8,0.5714285714285714
1002,case-1002-veh_009-w0006,vehicle_witness,36,36,0,0.0
1002,case-1002-veh_010-w0000,rsu,8,4,4,0.5
1002,case-1002-veh_010-w0000,vehicle_witness,32,32,0,0.0
1002,case-1002-veh_010-w0001,rsu,62,15,47,0.7580645161290323
1002,case-1002-veh_010-w0001,vehicle_witness,248,120,128,0.5161290322580645
1002,case-1002-veh_010-w0002,rsu,170,15,155,0.9117647058823529
1002,case-1002-veh_010-w0002,vehicle_witness,600,120,480,0.8
1002,case-1002-veh_010-w0003,rsu,170,15,155,0.9117647058823529
1002,case-1002-veh_010-w0003,vehicle_witness,520,104,416,0.8
1002,case-1002-veh_010-w0004,rsu,150,15,135,0.9
1002,case-1002-veh_010-w0004,vehicle_witness,400,80,320,0.8
1002,case-1002-veh_010-w0005,rsu,65,15,50,0.7692307692307693
1002,case-1002-veh_010-w0005,vehicle_witness,216,112,104,0.48148148148148145
1002,case-1002-veh_010-w0006,rsu,18,6,12,0.6666666666666666
1002,case-1002-veh_010-w0006,vehicle_witness,24,24,0,0.0
1002,case-1002-veh_011-w0000,rsu,6,3,3,0.5
1002,case-1002-veh_011-w0000,vehicle_witness,24,24,0,0.0
1002,case-1002-veh_011-w0001,rsu,40,15,25,0.625
1002,case-1002-veh_011-w0001,vehicle_witness,120,120,0,0.0
1002,case-1002-veh_011-w0002,rsu,38,15,23,0.6052631578947368
1002,case-1002-veh_011-w0002,vehicle_witness,120,120,0,0.0
1002,case-1002-veh_011-w0003,rsu,30,15,15,0.5
1002,case-1002-veh_011-w0003,vehicle_witness,120,120,0,0.0
1002,case-1002-veh_011-w0004,rsu,32,15,17,0.53125
1002,case-1002-veh_011-w0004,vehicle_witness,111,111,0,0.0
1002,case-1002-veh_011-w0005,rsu,33,15,18,0.5454545454545454
1002,case-1002-veh_011-w0005,vehicle_witness,92,92,0,0.0
1002,case-1002-veh_011-w0006,rsu,13,6,7,0.5384615384615384
1002,case-1002-veh_011-w0006,vehicle_witness,36,36,0,0.0
1002,case-1002-veh_012-w0000,rsu,4,2,2,0.5
1002,case-1002-veh_012-w0000,vehicle_witness,16,16,0,0.0
1002,case-1002-veh_012-w0001,rsu,30,15,15,0.5
1002,case-1002-veh_012-w0001,vehicle_witness,120,120,0,0.0
1002,case-1002-veh_012-w0002,rsu,35,15,20,0.5714285714285714
1002,case-1002-veh_012-w0002,vehicle_witness,118,118,0,0.0
1002,case-1002-veh_012-w0003,rsu,30,15,15,0.5
1002,case-1002-veh_012-w0003,vehicle_witness,98,98,0,0.0
1002,case-1002-veh_012-w0004,rsu,36,15,21,0.5833333333333334
1002,case-1002-veh_012-w0004,vehicle_witness,80,80,0,0.0
1002,case-1002-veh_012-w0005,rsu,30,15,15,0.5
1002,case-1002-veh_012-w0005,vehicle_witness,112,112,0,0.0
1002,case-1002-veh_012-w0006,rsu,12,6,6,0.5
1002,case-1002-veh_012-w0006,vehicle_witness,30,30,0,0.0
1002,case-1002-veh_013-w0000,rsu,2,1,1,0.5
1002,case-1002-veh_013-w0000,vehicle_witness,8,8,0,0.0
1002,case-1002-veh_013-w0001,rsu,38,15,23,0.6052631578947368
1002,case-1002-veh_013-w0001,vehicle_witness,120,120,0,0.0
1002,case-1002-veh_013-w0002,rsu,40,15,25,0.625
1002,case-1002-veh_013-w0002,vehicle_witness,120,120,0,0.0
1002,case-1002-veh_013-w0003,rsu,30,15,15,0.5
1002,case-1002-veh_013-w0003,vehicle_witness,120,120,0,0.0
1002,case-1002-veh_013-w0004,rsu,30,15,15,0.5
1002,case-1002-veh_013-w0004,vehicle_witness,116,116,0,0.0
1002,case-1002-veh_013-w0005,rsu,35,15,20,0.5714285714285714
1002,case-1002-veh_013-w0005,vehicle_witness,105,105,0,0.0
1002,case-1002-veh_013-w0006,rsu,12,6,6,0.5
1002,case-1002-veh_013-w0006,vehicle_witness,42,42,0,0.0
1002,case-1002-veh_014-w0001,rsu,30,15,15,0.5
1002,case-1002-veh_014-w0001,vehicle_witness,120,120,0,0.0
1002,case-1002-veh_014-w0002,rsu,144,15,129,0.8958333333333334
1002,case-1002-veh_014-w0002,vehicle_witness,440,110,330,0.75
1002,case-1002-veh_014-w0003,rsu,120,15,105,0.875
1002,case-1002-veh_014-w0003,vehicle_witness,344,86,258,0.75
1002,case-1002-veh_014-w0004,rsu,144,15,129,0.8958333333333334
1002,case-1002-veh_014-w0004,vehicle_witness,300,75,225,0.75
1002,case-1002-veh_014-w0005,rsu,78,15,63,0.8076923076923077
1002,case-1002-veh_014-w0005,vehicle_witness,283,106,177,0.6254416961130742
1002,case-1002-veh_014-w0006,rsu,12,6,6,0.5
1002,case-1002-veh_014-w0006,vehicle_witness,30,30,0,0.0
1002,case-1002-veh_015-w0001,rsu,34,14,20,0.5882352941176471
1002,case-1002-veh_015-w0001,vehicle_witness,112,112,0,0.0
1002,case-1002-veh_015-w0002,rsu,41,15,26,0.6341463414634146
1002,case-1002-veh_015-w0002,vehicle_witness,120,120,0,0.0
1002,case-1002-veh_015-w0003,rsu,30,15,15,0.5
1002,case-1002-veh_015-w0003,vehicle_witness,120,120,0,0.0
1002,case-1002-veh_015-w0004,rsu,30,15,15,0.5
1002,case-1002-veh_015-w0004,vehicle_witness,118,118,0,0.0
1002,case-1002-veh_015-w0005,rsu,35,15,20,0.5714285714285714
1002,case-1002-veh_015-w0005,vehicle_witness,105,105,0,0.0
1002,case-1002-veh_015-w0006,rsu,12,6,6,0.5
1002,case-1002-veh_015-w0006,vehicle_witness,42,42,0,0.0
1002,case-1002-veh_016-w0001,rsu,26,13,13,0.5
1002,case-1002-veh_016-w0001,vehicle_witness,103,103,0,0.0
1002,case-1002-veh_016-w0002,rsu,35,15,20,0.5714285714285714
1002,case-1002-veh_016-w0002,vehicle_witness,97,97,0,0.0
1002,case-1002-veh_016-w0003,rsu,30,15,15,0.5
1002,case-1002-veh_016-w0003,vehicle_witness,78,78,0,0.0
1002,case-1002-veh_016-w0004,rsu,35,15,20,0.5714285714285714
1002,case-1002-veh_016-w0004,vehicle_witness,75,75,0,0.0
1002,case-1002-veh_016-w0005,rsu,30,15,15,0.5
1002,case-1002-veh_016-w0005,vehicle_witness,94,94,0,0.0
1002,case-1002-veh_016-w0006,rsu,12,6,6,0.5
1002,case-1002-veh_016-w0006,vehicle_witness,30,30,0,0.0
1002,case-1002-veh_017-w0001,rsu,27,12,15,0.5555555555555556
1002,case-1002-veh_017-w0001,vehicle_witness,96,96,0,0.0
1002,case-1002-veh_017-w0002,rsu,45,15,30,0.6666666666666666
1002,case-1002-veh_017-w0002,vehicle_witness,120,120,0,0.0
1002,case-1002-veh_017-w0003,rsu,31,15,16,0.5161290322580645
1002,case-1002-veh_017-w0003,vehicle_witness,120,120,0,0.0
1002,case-1002-veh_017-w0004,rsu,30,15,15,0.5
1002,case-1002-veh_017-w0004,vehicle_witness,94,94,0,0.0
1002,case-1002-veh_017-w0005,rsu,34,15,19,0.5588235294117647
1002,case-1002-veh_017-w0005,vehicle_witness,77,77,0,0.0
1002,case-1002-veh_017-w0006,rsu,14,6,8,0.5714285714285714
1002,case-1002-veh_017-w0006,vehicle_witness,30,30,0,0.0
1002,case-1002-veh_018-w0001,rsu,22,11,11,0.5
1002,case-1002-veh_018-w0001,vehicle_witness,87,87,0,0.0
1002,case-1002-veh_018-w0002,rsu,34,15,19,0.5588235294117647
1002,case-1002-veh_018-w0002,vehicle_witness,86,86,0,0.0
1002,case-1002-veh_018-w0003,rsu,31,15,16,0.5161290322580645
1002,case-1002-veh_018-w0003,vehicle_witness,75,75,0,0.0
1002,case-1002-veh_018-w0004,rsu,36,15,21,0.5833333333333334
1002,case-1002-veh_018-w0004,vehicle_witness,75,75,0,0.0
1002,case-1002-veh_018-w0005,rsu,30,15,15,0.5
1002,case-1002-veh_018-w0005,vehicle_witness,87,87,0,0.0
1002,case-1002-veh_018-w0006,rsu,12,6,6,0.5
1002,case-1002-veh_018-w0006,vehicle_witness,30,30,0,0.0
1002,case-1002-veh_019-w0001,rsu,21,10,11,0.5238095238095238
1002,case-1002-veh_019-w0001,vehicle_witness,80,80,0,0.0
1002,case-1002-veh_019-w0002,rsu,45,15,30,0.6666666666666666
1002,case-1002-veh_019-w0002,vehicle_witness,120,120,0,0.0
1002,case-1002-veh_019-w0003,rsu,33,15,18,0.5454545454545454
1002,case-1002-veh_019-w0003,vehicle_witness,120,120,0,0.0
1002,case-1002-veh_019-w0004,rsu,30,15,15,0.5
1002,case-1002-veh_019-w0004,vehicle_witness,84,84,0,0.0
1002,case-1002-veh_019-w0005,rsu,31,15,16,0.5161290322580645
1002,case-1002-veh_019-w0005,vehicle_witness,75,75,0,0.0
1002,case-1002-veh_019-w0006,rsu,16,6,10,0.625
1002,case-1002-veh_019-w0006,vehicle_witness,30,30,0,0.0
1002,case-1002-veh_020-w0001,rsu,18,9,9,0.5
1002,case-1002-veh_020-w0001,vehicle_witness,72,72,0,0.0
1002,case-1002-veh_020-w0002,rsu,33,15,18,0.5454545454545454
1002,case-1002-veh_020-w0002,vehicle_witness,79,79,0,0.0
1002,case-1002-veh_020-w0003,rsu,33,15,18,0.5454545454545454
1002,case-1002-veh_020-w0003,vehicle_witness,75,75,0,0.0
1002,case-1002-veh_020-w0004,rsu,36,15,21,0.5833333333333334
1002,case-1002-veh_020-w0004,vehicle_witness,75,75,0,0.0
1002,case-1002-veh_020-w0005,rsu,30,15,15,0.5
1002,case-1002-veh_020-w0005,vehicle_witness,82,82,0,0.0
1002,case-1002-veh_020-w0006,rsu,12,6,6,0.5
1002,case-1002-veh_020-w0006,vehicle_witness,30,30,0,0.0
1002,case-1002-veh_021-w0001,rsu,16,8,8,0.5
1002,case-1002-veh_021-w0001,vehicle_witness,64,64,0,0.0
1002,case-1002-veh_021-w0002,rsu,44,15,29,0.6590909090909091
1002,case-1002-veh_021-w0002,vehicle_witness,107,107,0,0.0
1002,case-1002-veh_021-w0003,rsu,34,15,19,0.5588235294117647
1002,case-1002-veh_021-w0003,vehicle_witness,120,120,0,0.0
1002,case-1002-veh_021-w0004,rsu,30,15,15,0.5
1002,case-1002-veh_021-w0004,vehicle_witness,79,79,0,0.0
1002,case-1002-veh_021-w0005,rsu,30,15,15,0.5
1002,case-1002-veh_021-w0005,vehicle_witness,60,60,0,0.0
1002,case-1002-veh_021-w0006,rsu,17,6,11,0.6470588235294118
1002,case-1002-veh_021-w0006,vehicle_witness,24,24,0,0.0
1002,case-1002-veh_022-w0001,rsu,14,7,7,0.5
1002,case-1002-veh_022-w0001,vehicle_witness,56,56,0,0.0
1002,case-1002-veh_022-w0002,rsu,31,15,16,0.5161290322580645
1002,case-1002-veh_022-w0002,vehicle_witness,78,78,0,0.0
1002,case-1002-veh_022-w0003,rsu,34,15,19,0.5588235294117647
1002,case-1002-veh_022-w0003,vehicle_witness,75,75,0,0.0
1002,case-1002-veh_022-w0004,rsu,35,15,20,0.5714285714285714
1002,case-1002-veh_022-w0004,vehicle_witness,75,75,0,0.0
1002,case-1002-veh_022-w0005,rsu,30,15,15,0.5
1002,case-1002-veh_022-w0005,vehicle_witness,75,75,0,0.0
1002,case-1002-veh_022-w0006,rsu,12,6,6,0.5
1002,case-1002-veh_022-w0006,vehicle_witness,30,30,0,0.0
1002,case-1002-veh_023-w0001,rsu,12,6,6,0.5
1002,case-1002-veh_023-w0001,vehicle_witness,48,48,0,0.0
1002,case-1002-veh_023-w0002,rsu,43,15,28,0.6511627906976745
1002,case-1002-veh_023-w0002,vehicle_witness,93,93,0,0.0
1002,case-1002-veh_023-w0003,rsu,36,15,21,0.5833333333333334
1002,case-1002-veh_023-w0003,vehicle_witness,118,118,0,0.0
1002,case-1002-veh_023-w0004,rsu,30,15,15,0.5
1002,case-1002-veh_023-w0004,vehicle_witness,76,76,0,0.0
1002,case-1002-veh_023-w0005,rsu,30,15,15,0.5
1002,case-1002-veh_023-w0005,vehicle_witness,45,45,0,0.0
1002,case-1002-veh_023-w0006,rsu,15,6,9,0.6
1002,case-1002-veh_023-w0006,vehicle_witness,18,18,0,0.0
1003,case-1003-veh_000-w0000,rsu,28,14,14,0.5
1003,case-1003-veh_000-w0000,vehicle_witness,69,69,0,0.0
1003,case-1003-veh_000-w0001,rsu,34,15,19,0.5588235294117647
1003,case-1003-veh_000-w0001,vehicle_witness,75,75,0,0.0
1003,case-1003-veh_000-w0002,rsu,33,15,18,0.5454545454545454
1003,case-1003-veh_000-w0002,vehicle_witness,75,75,0,0.0
1003,case-1003-veh_000-w0003,rsu,32,15,17,0.53125
1003,case-1003-veh_000-w0003,vehicle_witness,62,62,0,0.0
1003,case-1003-veh_000-w0004,rsu,30,15,15,0.5
1003,case-1003-veh_000-w0004,vehicle_witness,73,73,0,0.0
1003,case-1003-veh_000-w0005,rsu,42,15,27,0.6428571428571429
1003,case-1003-veh_000-w0005,vehicle_witness,77,77,0,0.0
1003,case-1003-veh_000-w0006,rsu,16,6,10,0.625
1003,case-1003-veh_000-w0006,vehicle_witness,31,31,0,0.0
1003,case-1003-veh_001-w0000,rsu,31,13,18,0.5806451612903226
1003,case-1003-veh_001-w0000,vehicle_witness,68,68,0,0.0
1003,case-1003-veh_001-w0001,rsu,40,15,25,0.625
1003,case-1003-veh_001-w0001,vehicle_witness,64,64,0,0.0
1003,case-1003-veh_001-w0002,rsu,30,15,15,0.5
1003,case-1003-veh_001-w0002,vehicle_witness,80,80,0,0.0
1003,case-1003-veh_001-w0003,rsu,35,15,20,0.5714285714285714
1003,case-1003-veh_001-w0003,vehicle_witness,40,40,0,0.0
1003,case-1003-veh_001-w0004,rsu,30,15,15,0.5
1003,case-1003-veh_001-w0004,vehicle_witness,17,17,0,0.0
1003,case-1003-veh_001-w0005,rsu,34,15,19,0.5588235294117647
1003,case-1003-veh_001-w0005,vehicle_witness,15,15,0,0.0
1003,case-1003-veh_001-w0006,rsu,12,6,6,0.5
1003,case-1003-veh_001-w0006,vehicle_witness,15,15,0,0.0
1003,case-1003-veh_002-w0000,rsu,24,12,12,0.5
1003,case-1003-veh_002-w0000,vehicle_witness,74,74,0,0.0
1003,case-1003-veh_002-w0001,rsu,35,15,20,0.5714285714285714
1003,case-1003-veh_002-w0001,vehicle_witness,90,90,0,0.0
1003,case-1003-veh_002-w0002,rsu,32,15,17,0.53125
1003,case-1003-veh_002-w0002,vehicle_witness,77,77,0,0.0
1003,case-1003-veh_002-w0003,rsu,33,15,18,0.5454545454545454
1003,case-1003-veh_002-w0003,vehicle_witness,75,75,0,0.0
1003,case-1003-veh_002-w0004,rsu,30,15,15,0.5
1003,case-1003-veh_002-w0004,vehicle_witness,81,81,0,0.0
1003,case-1003-veh_002-w0005,rsu,40,15,25,0.625
1003,case-1003-veh_002-w0005,vehicle_witness,93,93,0,0.0
1003,case-1003-veh_002-w0006,rsu,17,6,11,0.6470588235294118
1003,case-1003-veh_002-w0006,vehicle_witness,29,29,0,0.0
1003,case-1003-veh_003-w0000,rsu,25,11,14,0.56
1003,case-1003-veh_003-w0000,vehicle_witness,73,73,0,0.0
1003,case-1003-veh_003-w0001,rsu,42,15,27,0.6428571428571429
1003,case-1003-veh_003-w0001,vehicle_witness,83,83,0,0.0
1003,case-1003-veh_003-w0002,rsu,30,15,15,0.5
1003,case-1003-veh_003-w0002,vehicle_witness,90,90,0,0.0
1003,case-1003-veh_003-w0003,rsu,33,15,18,0.5454545454545454
1003,case-1003-veh_003-w0003,vehicle_witness,70,70,0,0.0
1003,case-1003-veh_003-w0004,rsu,32,15,17,0.53125
1003,case-1003-veh_003-w0004,vehicle_witness,43,43,0,0.0
1003,case-1003-veh_003-w0005,rsu,35,15,20,0.5714285714285714
1003,case-1003-veh_003-w0005,vehicle_witness,25,25,0,0.0
1003,case-1003-veh_003-w0006,rsu,12,6,6,0.5
1003,case-1003-veh_003-w0006,vehicle_witness,12,12,0,0.0
1003,case-1003-veh_004-w0000,rsu,20,10,10,0.5
1003,case-1003-veh_004-w0000,vehicle_witness,70,70,0,0.0
1003,case-1003-veh_004-w0001,rsu,35,15,20,0.5714285714285714
1003,case-1003-veh_004-w0001,vehicle_witness,106,106,0,0.0
1003,case-1003-veh_004-w0002,rsu,30,15,15,0.5
1003,case-1003-veh_004-w0002,vehicle_witness,92,92,0,0.0
1003,case-1003-veh_004-w0003,rsu,35,15,20,0.5714285714285714
1003,case-1003-veh_004-w0003,vehicle_witness,81,81,0,0.0
1003,case-1003-veh_004-w0004,rsu,30,15,15,0.5
1003,case-1003-veh_004-w0004,vehicle_witness,82,82,0,0.0
1003,case-1003-veh_004-w0005,rsu,38,15,23,0.6052631578947368
1003,case-1003-veh_004-w0005,vehicle_witness,105,105,0,0.0
1003,case-1003-veh_004-w0006,rsu,18,6,12,0.6666666666666666
1003,case-1003-veh_004-w0006,vehicle_witness,33,33,0,0.0
1003,case-1003-veh_005-w0000,rsu,18,9,9,0.5
1003,case-1003-veh_005-w0000,vehicle_witness,66,66,0,0.0
1003,case-1003-veh_005-w0001,rsu,45,15,30,0.6666666666666666
1003,case-1003-veh_005-w0001,vehicle_witness,120,120,0,0.0
1003,case-1003-veh_005-w0002,rsu,33,15,18,0.5454545454545454
1003,case-1003-veh_005-w0002,vehicle_witness,114,114,0,0.0
1003,case-1003-veh_005-w0003,rsu,30,15,15,0.5
1003,case-1003-veh_005-w0003,vehicle_witness,114,114,0,0.0
1003,case-1003-veh_005-w0004,rsu,35,15,20,0.5714285714285714
1003,case-1003-veh_005-w0004,vehicle_witness,62,62,0,0.0
1003,case-1003-veh_005-w0005,rsu,31,15,16,0.5161290322580645
1003,case-1003-veh_005-w0005,vehicle_witness,55,55,0,0.0
1003,case-1003-veh_005-w0006,rsu,16,6,10,0.625
1003,case-1003-veh_005-w0006,vehicle_witness,18,18,0,0.0
1003,case-1003-veh_006-w0000,rsu,16,8,8,0.5
1003,case-1003-veh_006-w0000,vehicle_witness,61,61,0,0.0
1003,case-1003-veh_006-w0001,rsu,30,7,23,0.7666666666666667
1003,case-1003-veh_006-w0001,vehicle_witness,117,56,61,0.5213675213675214
1003,case-1003-veh_006-w0002,rsu,30,4,26,0.8666666666666667
1003,case-1003-veh_006-w0002,vehicle_witness,105,28,77,0.7333333333333333
1003,case-1003-veh_006-w0003,rsu,30,4,26,0.8666666666666667
1003,case-1003-veh_006-w0003,vehicle_witness,96,28,68,0.7083333333333334
1003,case-1003-veh_006-w0004,rsu,30,4,26,0.8666666666666667
1003,case-1003-veh_006-w0004,vehicle_witness,94,28,66,0.7021276595744681
1003,case-1003-veh_006-w0005,rsu,36,15,21,0.5833333333333334
1003,case-1003-veh_006-w0005,vehicle_witness,113,113,0,0.0
1003,case-1003-veh_006-w0006,rsu,18,6,12,0.6666666666666666
1003,case-1003-veh_006-w0006,vehicle_witness,30,30,0,0.0
1003,case-1003-veh_007-w0000,rsu,14,7,7,0.5
1003,case-1003-veh_007-w0000,vehicle_witness,55,55,0,0.0
1003,case-1003-veh_007-w0001,rsu,44,15,29,0.6590909090909091
1003,case-1003-veh_007-w0001,vehicle_witness,120,120,0,0.0
1003,case-1003-veh_007-w0002,rsu,34,15,19,0.5588235294117647
1003,case-1003-veh_007-w0002,vehicle_witness,120,120,0,0.0
1003,case-1003-veh_007-w0003,rsu,30,15,15,0.5
1003,case-1003-veh_007-w0003,vehicle_witness,120,120,0,0.0
1003,case-1003-veh_007-w0004,rsu,35,15,20,0.5714285714285714
1003,case-1003-veh_007-w0004,vehicle_witness,73,73,0,0.0
1003,case-1003-veh_007-w0005,rsu,30,15,15,0.5
1003,case-1003-veh_007-w0005,vehicle_witness,60,60,0,0.0
1003,case-1003-veh_007-w0006,rsu,17,6,11,0.6470588235294118
1003,case-1003-veh_007-w0006,vehicle_witness,24,24,0,0.0
1003,case-1003-veh_008-w0000,rsu,12,6,6,0.5
1003,case-1003-veh_008-w0000,vehicle_witness,48,48,0,0.0
1003,case-1003-veh_008-w0001,rsu,32,15,17,0.53125
1003,case-1003-veh_008-w0001,vehicle_witness,120,120,0,0.0
1003,case-1003-veh_008-w0002,rsu,32,15,17,0.53125
1003,case-1003-veh_008-w0002,vehicle_witness,120,120,0,0.0
1003,case-1003-veh_008-w0003,rsu,35,15,20,0.5714285714285714
1003,case-1003-veh_008-w0003,vehicle_witness,106,106,0,0.0
1003,case-1003-veh_008-w0004,rsu,30,15,15,0.5
1003,case-1003-veh_008-w0004,vehicle_witness,106,106,0,0.0
1003,case-1003-veh_008-w0005,rsu,33,15,18,0.5454545454545454
1003,case-1003-veh_008-w0005,vehicle_witness,120,120,0,0.0
1003,case-1003-veh_008-w0006,rsu,18,6,12,0.6666666666666666
1003,case-1003-veh_008-w0006,vehicle_witness,43,43,0,0.0
1003,case-1003-veh_009-w0000,rsu,10,5,5,0.5
1003,case-1003-veh_009-w0000,vehicle_witness,40,40,0,0.0
1003,case-1003-veh_009-w0001,rsu,41,15,26,0.6341463414634146
1003,case-1003-veh_009-w0001,vehicle_witness,120,120,0,0.0
1003,case-1003-veh_009-w0002,rsu,38,15,23,0.6052631578947368
1003,case-1003-veh_009-w0002,vehicle_witness,120,120,0,0.0
1003,case-1003-veh_009-w0003,rsu,30,15,15,0.5
1003,case-1003-veh_009-w0003,vehicle_witness,120,120,0,0.0
1003,case-1003-veh_009-w0004,rsu,31,15,16,0.5161290322580645
1003,case-1003-veh_009-w0004,vehicle_witness,91,91,0,0.0
1003,case-1003-veh_009-w0005,rsu,35,15,20,0.5714285714285714
1003,case-1003-veh_009-w0005,vehicle_witness,75,75,0,0.0
1003,case-1003-veh_009-w0006,rsu,12,6,6,0.5
1003,case-1003-veh_009-w0006,vehicle_witness,30,30,0,0.0
1003,case-1003-veh_010-w0000,rsu,8,4,4,0.5
1003,case-1003-veh_010-w0000,vehicle_witness,32,32,0,0.0
1003,case-1003-veh_010-w0001,rsu,62,15,47,0.7580645161290323
1003,case-1003-veh_010-w0001,vehicle_witness,248,120,128,0.5161290322580645
1003,case-1003-veh_010-w0002,rsu,180,15,165,0.9166666666666666
1003,case-1003-veh_010-w0002,vehicle_witness,600,120,480,0.8
1003,case-1003-veh_010-w0003,rsu,175,15,160,0.9142857142857143
1003,case-1003-veh_010-w0003,vehicle_witness,600,120,480,0.8
1003,case-1003-veh_010-w0004,rsu,150,15,135,0.9
1003,case-1003-veh_010-w0004,vehicle_witness,600,120,480,0.8
1003,case-1003-veh_010-w0005,rsu,62,15,47,0.7580645161290323
1003,case-1003-veh_010-w0005,vehicle_witness,248,120,128,0.5161290322580645
1003,case-1003-veh_010-w0006,rsu,16,6,10,0.625
1003,case-1003-veh_010-w0006,vehicle_witness,47,47,0,0.0
1003,case-1003-veh_011-w0000,rsu,6,3,3,0.5
1003,case-1003-veh_011-w0000,vehicle_witness,24,24,0,0.0
1003,case-1003-veh_011-w0001,rsu,39,15,24,0.6153846153846154
1003,case-1003-veh_011-w0001,vehicle_witness,120,120,0,0.0
1003,case-1003-veh_011-w0002,rsu,40,15,25,0.625
1003,case-1003-veh_011-w0002,vehicle_witness,120,120,0,0.0
1003,case-1003-veh_011-w0003,rsu,30,15,15,0.5
1003,case-1003-veh_011-w0003,vehicle_witness,120,120,0,0.0
1003,case-1003-veh_011-w0004,rsu,30,15,15,0.5
1003,case-1003-veh_011-w0004,vehicle_witness,104,104,0,0.0
1003,case-1003-veh_011-w0005,rsu,35,15,20,0.5714285714285714
1003,case-1003-veh_011-w0005,vehicle_witness,90,90,0,0.0
1003,case-1003-veh_011-w0006,rsu,12,6,6,0.5
1003,case-1003-veh_011-w0006,vehicle_witness,36,36,0,0.0
1003,case-1003-veh_012-w0000,rsu,4,2,2,0.5
1003,case-1003-veh_012-w0000,vehicle_witness,16,16,0,0.0
1003,case-1003-veh_012-w0001,rsu,30,15,15,0.5
1003,case-1003-veh_012-w0001,vehicle_witness,120,120,0,0.0
1003,case-1003-veh_012-w0002,rsu,35,15,20,0.5714285714285714
1003,case-1003-veh_012-w0002,vehicle_witness,120,120,0,0.0
1003,case-1003-veh_012-w0003,rsu,33,15,18,0.5454545454545454
1003,case-1003-veh_012-w0003,vehicle_witness,120,120,0,0.0
1003,case-1003-veh_012-w0004,rsu,32,15,17,0.53125
1003,case-1003-veh_012-w0004,vehicle_witness,120,120,0,0.0
1003,case-1003-veh_012-w0005,rsu,30,15,15,0.5
1003,case-1003-veh_012-w0005,vehicle_witness,119,119,0,0.0
1003,case-1003-veh_012-w0006,rsu,12,6,6,0.5
1003,case-1003-veh_012-w0006,vehicle_witness,42,42,0,0.0
1003,case-1003-veh_013-w0000,rsu,2,1,1,0.5
1003,case-1003-veh_013-w0000,vehicle_witness,8,8,0,0.0
1003,case-1003-veh_013-w0001,rsu,37,15,22,0.5945945945945946
1003,case-1003-veh_013-w0001,vehicle_witness,120,120,0,0.0
1003,case-1003-veh_013-w0002,rsu,41,15,26,0.6341463414634146
1003,case-1003-veh_013-w0002,vehicle_witness,120,120,0,0.0
1003,case-1003-veh_013-w0003,rsu,30,15,15,0.5
1003,case-1003-veh_013-w0003,vehicle_witness,120,120,0,0.0
1003,case-1003-veh_013-w0004,rsu,30,15,15,0.5
1003,case-1003-veh_013-w0004,vehicle_witness,113,113,0,0.0
1003,case-1003-veh_013-w0005,rsu,35,15,20,0.5714285714285714
1003,case-1003-veh_013-w0005,vehicle_witness,101,101,0,0.0
1003,case-1003-veh_013-w0006,rsu,12,6,6,0.5
1003,case-1003-veh_013-w0006,vehicle_witness,42,42,0,0.0
1003,case-1003-veh_014-w0001,rsu,30,15,15,0.5
1003,case-1003-veh_014-w0001,vehicle_witness,120,120,0,0.0
1003,case-1003-veh_014-w0002,rsu,140,15,125,0.8928571428571429
1003,case-1003-veh_014-w0002,vehicle_witness,480,120,360,0.75
1003,case-1003-veh_014-w0003,rsu,124,15,109,0.8790322580645161
1003,case-1003-veh_014-w0003,vehicle_witness,444,111,333,0.75
1003,case-1003-veh_014-w0004,rsu,136,15,121,0.8897058823529411
1003,case-1003-veh_014-w0004,vehicle_witness,436,109,327,0.75
1003,case-1003-veh_014-w0005,rsu,78,15,63,0.8076923076923077
1003,case-1003-veh_014-w0005,vehicle_witness,309,117,192,0.6213592233009708
1003,case-1003-veh_014-w0006,rsu,12,6,6,0.5
1003,case-1003-veh_014-w0006,vehicle_witness,42,42,0,0.0
1003,case-1003-veh_015-w0001,rsu,34,14,20,0.5882352941176471
1003,case-1003-veh_015-w0001,vehicle_witness,112,112,0,0.0
1003,case-1003-veh_015-w0002,rsu,43,15,28,0.6511627906976745
1003,case-1003-veh_015-w0002,vehicle_witness,120,120,0,0.0
1003,case-1003-veh_015-w0003,rsu,30,15,15,0.5
1003,case-1003-veh_015-w0003,vehicle_witness,120,120,0,0.0
1003,case-1003-veh_015-w0004,rsu,30,15,15,0.5
1003,case-1003-veh_015-w0004,vehicle_witness,103,103,0,0.0
1003,case-1003-veh_015-w0005,rsu,35,15,20,0.5714285714285714
1003,case-1003-veh_015-w0005,vehicle_witness,90,90,0,0.0
1003,case-1003-veh_015-w0006,rsu,12,6,6,0.5
1003,case-1003-veh_015-w0006,vehicle_witness,40,40,0,0.0
1003,case-1003-veh_016-w0001,rsu,26,13,13,0.5
1003,case-1003-veh_016-w0001,vehicle_witness,103,103,0,0.0
1003,case-1003-veh_016-w0002,rsu,35,15,20,0.5714285714285714
1003,case-1003-veh_016-w0002,vehicle_witness,105,105,0,0.0
1003,case-1003-veh_016-w0003,rsu,30,15,15,0.5
1003,case-1003-veh_016-w0003,vehicle_witness,91,91,0,0.0
1003,case-1003-veh_016-w0004,rsu,35,15,20,0.5714285714285714
1003,case-1003-veh_016-w0004,vehicle_witness,91,91,0,0.0
1003,case-1003-veh_016-w0005,rsu,30,15,15,0.5
1003,case-1003-veh_016-w0005,vehicle_witness,117,117,0,0.0
1003,case-1003-veh_016-w0006,rsu,12,6,6,0.5
1003,case-1003-veh_016-w0006,vehicle_witness,37,37,0,0.0
1003,case-1003-veh_017-w0001,rsu,27,12,15,0.5555555555555556
1003,case-1003-veh_017-w0001,vehicle_witness,96,96,0,0.0
1003,case-1003-veh_017-w0002,rsu,45,15,30,0.6666666666666666
1003,case-1003-veh_017-w0002,vehicle_witness,120,120,0,0.0
1003,case-1003-veh_017-w0003,rsu,31,15,16,0.5161290322580645
1003,case-1003-veh_017-w0003,vehicle_witness,120,120,0,0.0
1003,case-1003-veh_017-w0004,rsu,30,15,15,0.5
1003,case-1003-veh_017-w0004,vehicle_witness,96,96,0,0.0
1003,case-1003-veh_017-w0005,rsu,32,15,17,0.53125
1003,case-1003-veh_017-w0005,vehicle_witness,90,90,0,0.0
1003,case-1003-veh_017-w0006,rsu,16,6,10,0.625
1003,case-1003-veh_017-w0006,vehicle_witness,36,36,0,0.0
1003,case-1003-veh_018-w0001,rsu,22,11,11,0.5
1003,case-1003-veh_018-w0001,vehicle_witness,88,88,0,0.0
1003,case-1003-veh_018-w0002,rsu,35,15,20,0.5714285714285714
1003,case-1003-veh_018-w0002,vehicle_witness,91,91,0,0.0
1003,case-1003-veh_018-w0003,rsu,30,15,15,0.5
1003,case-1003-veh_018-w0003,vehicle_witness,90,90,0,0.0
1003,case-1003-veh_018-w0004,rsu,36,15,21,0.5833333333333334
1003,case-1003-veh_018-w0004,vehicle_witness,90,90,0,0.0
1003,case-1003-veh_018-w0005,rsu,30,15,15,0.5
1003,case-1003-veh_018-w0005,vehicle_witness,113,113,0,0.0
1003,case-1003-veh_018-w0006,rsu,12,6,6,0.5
1003,case-1003-veh_018-w0006,vehicle_witness,37,37,0,0.0
1003,case-1003-veh_019-w0001,rsu,21,10,11,0.5238095238095238
1003,case-1003-veh_019-w0001,vehicle_witness,80,80,0,0.0
1003,case-1003-veh_019-w0002,rsu,45,15,30,0.6666666666666666
1003,case-1003-veh_019-w0002,vehicle_witness,113,113,0,0.0
1003,case-1003-veh_019-w0003,rsu,33,15,18,0.5454545454545454
1003,case-1003-veh_019-w0003,vehicle_witness,120,120,0,0.0
1003,case-1003-veh_019-w0004,rsu,30,15,15,0.5
1003,case-1003-veh_019-w0004,vehicle_witness,87,87,0,0.0
1003,case-1003-veh_019-w0005,rsu,30,15,15,0.5
1003,case-1003-veh_019-w0005,vehicle_witness,75,75,0,0.0
1003,case-1003-veh_019-w0006,rsu,17,6,11,0.6470588235294118
1003,case-1003-veh_019-w0006,vehicle_witness,30,30,0,0.0
1003,case-1003-veh_020-w0001,rsu,18,9,9,0.5
1003,case-1003-veh_020-w0001,vehicle_witness,72,72,0,0.0
1003,case-1003-veh_020-w0002,rsu,33,15,18,0.5454545454545454
1003,case-1003-veh_020-w0002,vehicle_witness,91,91,0,0.0
1003,case-1003-veh_020-w0003,rsu,33,15,18,0.5454545454545454
1003,case-1003-veh_020-w0003,vehicle_witness,90,90,0,0.0
1003,case-1003-veh_020-w0004,rsu,35,15,20,0.5714285714285714
1003,case-1003-veh_020-w0004,vehicle_witness,90,90,0,0.0
1003,case-1003-veh_020-w0005,rsu,30,15,15,0.5
1003,case-1003-veh_020-w0005,vehicle_witness,104,104,0,0.0
1003,case-1003-veh_020-w0006,rsu,12,6,6,0.5
1003,case-1003-veh_020-w0006,vehicle_witness,36,36,0,0.0
1003,case-1003-veh_021-w0001,rsu,16,8,8,0.5
1003,case-1003-veh_021-w0001,vehicle_witness,64,64,0,0.0
1003,case-1003-veh_021-w0002,rsu,44,15,29,0.6590909090909091
1003,case-1003-veh_021-w0002,vehicle_witness,107,107,0,0.0
1003,case-1003-veh_021-w0003,rsu,34,15,19,0.5588235294117647
1003,case-1003-veh_021-w0003,vehicle_witness,119,119,0,0.0
1003,case-1003-veh_021-w0004,rsu,30,15,15,0.5
1003,case-1003-veh_021-w0004,vehicle_witness,84,84,0,0.0
1003,case-1003-veh_021-w0005,rsu,30,15,15,0.5
1003,case-1003-veh_021-w0005,vehicle_witness,71,71,0,0.0
1003,case-1003-veh_021-w0006,rsu,17,6,11,0.6470588235294118
1003,case-1003-veh_021-w0006,vehicle_witness,30,30,0,0.0
1003,case-1003-veh_022-w0001,rsu,14,7,7,0.5
1003,case-1003-veh_022-w0001,vehicle_witness,56,56,0,0.0
1003,case-1003-veh_022-w0002,rsu,31,15,16,0.5161290322580645
1003,case-1003-veh_022-w0002,vehicle_witness,86,86,0,0.0
1003,case-1003-veh_022-w0003,rsu,34,15,19,0.5588235294117647
1003,case-1003-veh_022-w0003,vehicle_witness,75,75,0,0.0
1003,case-1003-veh_022-w0004,rsu,36,15,21,0.5833333333333334
1003,case-1003-veh_022-w0004,vehicle_witness,75,75,0,0.0
1003,case-1003-veh_022-w0005,rsu,30,15,15,0.5
1003,case-1003-veh_022-w0005,vehicle_witness,92,92,0,0.0
1003,case-1003-veh_022-w0006,rsu,12,6,6,0.5
1003,case-1003-veh_022-w0006,vehicle_witness,35,35,0,0.0
1003,case-1003-veh_023-w0001,rsu,12,6,6,0.5
1003,case-1003-veh_023-w0001,vehicle_witness,48,48,0,0.0
1003,case-1003-veh_023-w0002,rsu,43,15,28,0.6511627906976745
1003,case-1003-veh_023-w0002,vehicle_witness,107,107,0,0.0
1003,case-1003-veh_023-w0003,rsu,36,15,21,0.5833333333333334
1003,case-1003-veh_023-w0003,vehicle_witness,117,117,0,0.0
1003,case-1003-veh_023-w0004,rsu,30,15,15,0.5
1003,case-1003-veh_023-w0004,vehicle_witness,81,81,0,0.0
1003,case-1003-veh_023-w0005,rsu,30,15,15,0.5
1003,case-1003-veh_023-w0005,vehicle_witness,45,45,0,0.0
1003,case-1003-veh_023-w0006,rsu,14,6,8,0.5714285714285714
1003,case-1003-veh_023-w0006,vehicle_witness,22,22,0,0.0
1004,case-1004-veh_000-w0000,rsu,28,14,14,0.5
1004,case-1004-veh_000-w0000,vehicle_witness,69,69,0,0.0
1004,case-1004-veh_000-w0001,rsu,34,15,19,0.5588235294117647
1004,case-1004-veh_000-w0001,vehicle_witness,75,75,0,0.0
1004,case-1004-veh_000-w0002,rsu,33,15,18,0.5454545454545454
1004,case-1004-veh_000-w0002,vehicle_witness,72,72,0,0.0
1004,case-1004-veh_000-w0003,rsu,31,15,16,0.5161290322580645
1004,case-1004-veh_000-w0003,vehicle_witness,59,59,0,0.0
1004,case-1004-veh_000-w0004,rsu,30,15,15,0.5
1004,case-1004-veh_000-w0004,vehicle_witness,70,70,0,0.0
1004,case-1004-veh_000-w0005,rsu,42,15,27,0.6428571428571429
1004,case-1004-veh_000-w0005,vehicle_witness,66,66,0,0.0
1004,case-1004-veh_000-w0006,rsu,16,6,10,0.625
1004,case-1004-veh_000-w0006,vehicle_witness,19,19,0,0.0
1004,case-1004-veh_001-w0000,rsu,31,13,18,0.5806451612903226
1004,case-1004-veh_001-w0000,vehicle_witness,67,67,0,0.0
1004,case-1004-veh_001-w0001,rsu,40,15,25,0.625
1004,case-1004-veh_001-w0001,vehicle_witness,75,75,0,0.0
1004,case-1004-veh_001-w0002,rsu,30,15,15,0.5
1004,case-1004-veh_001-w0002,vehicle_witness,99,99,0,0.0
1004,case-1004-veh_001-w0003,rsu,34,15,19,0.5588235294117647
1004,case-1004-veh_001-w0003,vehicle_witness,52,52,0,0.0
1004,case-1004-veh_001-w0004,rsu,31,15,16,0.5161290322580645
1004,case-1004-veh_001-w0004,vehicle_witness,29,29,0,0.0
1004,case-1004-veh_001-w0005,rsu,34,15,19,0.5588235294117647
1004,case-1004-veh_001-w0005,vehicle_witness,15,15,0,0.0
1004,case-1004-veh_001-w0006,rsu,12,6,6,0.5
1004,case-1004-veh_001-w0006,vehicle_witness,14,14,0,0.0
1004,case-1004-veh_002-w0000,rsu,24,12,12,0.5
1004,case-1004-veh_002-w0000,vehicle_witness,73,73,0,0.0
1004,case-1004-veh_002-w0001,rsu,35,15,20,0.5714285714285714
1004,case-1004-veh_002-w0001,vehicle_witness,90,90,0,0.0
1004,case-1004-veh_002-w0002,rsu,32,15,17,0.53125
1004,case-1004-veh_002-w0002,vehicle_witness,87,87,0,0.0
1004,case-1004-veh_002-w0003,rsu,33,15,18,0.5454545454545454
1004,case-1004-veh_002-w0003,vehicle_witness,75,75,0,0.0
1004,case-1004-veh_002-w0004,rsu,30,15,15,0.5
1004,case-1004-veh_002-w0004,vehicle_witness,78,78,0,0.0
1004,case-1004-veh_002-w0005,rsu,41,15,26,0.6341463414634146
1004,case-1004-veh_002-w0005,vehicle_witness,84,84,0,0.0
1004,case-1004-veh_002-w0006,rsu,17,6,11,0.6470588235294118
1004,case-1004-veh_002-w0006,vehicle_witness,23,23,0,0.0
1004,case-1004-veh_003-w0000,rsu,25,11,14,0.56
1004,case-1004-veh_003-w0000,vehicle_witness,73,73,0,0.0
1004,case-1004-veh_003-w0001,rsu,42,15,27,0.6428571428571429
1004,case-1004-veh_003-w0001,vehicle_witness,90,90,0,0.0
1004,case-1004-veh_003-w0002,rsu,30,15,15,0.5
1004,case-1004-veh_003-w0002,vehicle_witness,105,105,0,0.0
1004,case-1004-veh_003-w0003,rsu,32,15,17,0.53125
1004,case-1004-veh_003-w0003,vehicle_witness,80,80,0,0.0
1004,case-1004-veh_003-w0004,rsu,32,15,17,0.53125
1004,case-1004-veh_003-w0004,vehicle_witness,46,46,0,0.0
1004,case-1004-veh_003-w0005,rsu,34,15,19,0.5588235294117647
1004,case-1004-veh_003-w0005,vehicle_witness,45,45,0,0.0
1004,case-1004-veh_003-w0006,rsu,12,6,6,0.5
1004,case-1004-veh_003-w0006,vehicle_witness,18,18,0,0.0
1004,case-1004-veh_004-w0000,rsu,20,10,10,0.5
1004,case-1004-veh_004-w0000,vehicle_witness,70,70,0,0.0
1004,case-1004-veh_004-w0001,rsu,35,15,20,0.5714285714285714
1004,case-1004-veh_004-w0001,vehicle_witness,107,107,0,0.0
1004,case-1004-veh_004-w0002,rsu,30,15,15,0.5
1004,case-1004-veh_004-w0002,vehicle_witness,105,105,0,0.0
1004,case-1004-veh_004-w0003,rsu,35,15,20,0.5714285714285714
1004,case-1004-veh_004-w0003,vehicle_witness,92,92,0,0.0
1004,case-1004-veh_004-w0004,rsu,30,15,15,0.5
1004,case-1004-veh_004-w0004,vehicle_witness,90,90,0,0.0
1004,case-1004-veh_004-w0005,rsu,38,15,23,0.6052631578947368
1004,case-1004-veh_004-w0005,vehicle_witness,101,101,0,0.0
1004,case-1004-veh_004-w0006,rsu,18,6,12,0.6666666666666666
1004,case-1004-veh_004-w0006,vehicle_witness,25,25,0,0.0
1004,case-1004-veh_005-w0000,rsu,19,9,10,0.5263157894736842
1004,case-1004-veh_005-w0000,vehicle_witness,66,66,0,0.0
1004,case-1004-veh_005-w0001,rsu,45,15,30,0.6666666666666666
1004,case-1004-veh_005-w0001,vehicle_witness,120,120,0,0.0
1004,case-1004-veh_005-w0002,rsu,32,15,17,0.53125
1004,case-1004-veh_005-w0002,vehicle_witness,120,120,0,0.0
1004,case-1004-veh_005-w0003,rsu,30,15,15,0.5
1004,case-1004-veh_005-w0003,vehicle_witness,112,112,0,0.0
1004,case-1004-veh_005-w0004,rsu,35,15,20,0.5714285714285714
1004,case-1004-veh_005-w0004,vehicle_witness,89,89,0,0.0
1004,case-1004-veh_005-w0005,rsu,33,15,18,0.5454545454545454
1004,case-1004-veh_005-w0005,vehicle_witness,81,81,0,0.0
1004,case-1004-veh_005-w0006,rsu,14,6,8,0.5714285714285714
1004,case-1004-veh_005-w0006,vehicle_witness,36,36,0,0.0
1004,case-1004-veh_006-w0000,rsu,16,8,8,0.5
1004,case-1004-veh_006-w0000,vehicle_witness,61,61,0,0.0
1004,case-1004-veh_006-w0001,rsu,30,7,23,0.7666666666666667
1004,case-1004-veh_006-w0001,vehicle_witness,120,56,64,0.5333333333333333
1004,case-1004-veh_006-w0002,rsu,30,4,26,0.8666666666666667
1004,case-1004-veh_006-w0002,vehicle_witness,120,32,88,0.7333333333333333
1004,case-1004-veh_006-w0003,rsu,30,4,26,0.8666666666666667
1004,case-1004-veh_006-w0003,vehicle_witness,120,32,88,0.7333333333333333
1004,case-1004-veh_006-w0004,rsu,30,4,26,0.8666666666666667
1004,case-1004-veh_006-w0004,vehicle_witness,120,36,84,0.7
1004,case-1004-veh_006-w0005,rsu,30,15,15,0.5
1004,case-1004-veh_006-w0005,vehicle_witness,120,120,0,0.0
1004,case-1004-veh_006-w0006,rsu,18,6,12,0.6666666666666666
1004,case-1004-veh_006-w0006,vehicle_witness,46,46,0,0.0
1004,case-1004-veh_007-w0000,rsu,14,7,7,0.5
1004,case-1004-veh_007-w0000,vehicle_witness,55,55,0,0.0
1004,case-1004-veh_007-w0001,rsu,44,15,29,0.6590909090909091
1004,case-1004-veh_007-w0001,vehicle_witness,120,120,0,0.0
1004,case-1004-veh_007-w0002,rsu,33,15,18,0.5454545454545454
1004,case-1004-veh_007-w0002,vehicle_witness,120,120,0,0.0
1004,case-1004-veh_007-w0003,rsu,30,15,15,0.5
1004,case-1004-veh_007-w0003,vehicle_witness,116,116,0,0.0
1004,case-1004-veh_007-w0004,rsu,35,15,20,0.5714285714285714
1004,case-1004-veh_007-w0004,vehicle_witness,81,81,0,0.0
1004,case-1004-veh_007-w0005,rsu,32,15,17,0.53125
1004,case-1004-veh_007-w0005,vehicle_witness,90,90,0,0.0
1004,case-1004-veh_007-w0006,rsu,16,6,10,0.625
1004,case-1004-veh_007-w0006,vehicle_witness,31,31,0,0.0
1004,case-1004-veh_008-w0000,rsu,12,6,6,0.5
1004,case-1004-veh_008-w0000,vehicle_witness,48,48,0,0.0
1004,case-1004-veh_008-w0001,rsu,30,15,15,0.5
1004,case-1004-veh_008-w0001,vehicle_witness,120,120,0,0.0
1004,case-1004-veh_008-w0002,rsu,35,15,20,0.5714285714285714
1004,case-1004-veh_008-w0002,vehicle_witness,120,120,0,0.0
1004,case-1004-veh_008-w0003,rsu,35,15,20,0.5714285714285714
1004,case-1004-veh_008-w0003,vehicle_witness,120,120,0,0.0
1004,case-1004-veh_008-w0004,rsu,30,15,15,0.5
1004,case-1004-veh_008-w0004,vehicle_witness,120,120,0,0.0
1004,case-1004-veh_008-w0005,rsu,30,15,15,0.5
1004,case-1004-veh_008-w0005,vehicle_witness,120,120,0,0.0
1004,case-1004-veh_008-w0006,rsu,16,6,10,0.625
1004,case-1004-veh_008-w0006,vehicle_witness,47,47,0,0.0
1004,case-1004-veh_009-w0000,rsu,10,5,5,0.5
1004,case-1004-veh_009-w0000,vehicle_witness,40,40,0,0.0
1004,case-1004-veh_009-w0001,rsu,42,15,27,0.6428571428571429
1004,case-1004-veh_009-w0001,vehicle_witness,120,120,0,0.0
1004,case-1004-veh_009-w0002,rsu,35,15,20,0.5714285714285714
1004,case-1004-veh_009-w0002,vehicle_witness,120,120,0,0.0
1004,case-1004-veh_009-w0003,rsu,30,15,15,0.5
1004,case-1004-veh_009-w0003,vehicle_witness,120,120,0,0.0
1004,case-1004-veh_009-w0004,rsu,35,15,20,0.5714285714285714
1004,case-1004-veh_009-w0004,vehicle_witness,82,82,0,0.0
1004,case-1004-veh_009-w0005,rsu,30,15,15,0.5
1004,case-1004-veh_009-w0005,vehicle_witness,75,75,0,0.0
1004,case-1004-veh_009-w0006,rsu,17,6,11,0.6470588235294118
1004,case-1004-veh_009-w0006,vehicle_witness,30,30,0,0.0
1004,case-1004-veh_010-w0000,rsu,8,4,4,0.5
1004,case-1004-veh_010-w0000,vehicle_witness,32,32,0,0.0
1004,case-1004-veh_010-w0001,rsu,62,15,47,0.7580645161290323
1004,case-1004-veh_010-w0001,vehicle_witness,248,120,128,0.5161290322580645
1004,case-1004-veh_010-w0002,rsu,175,15,160,0.9142857142857143
1004,case-1004-veh_010-w0002,vehicle_witness,600,120,480,0.8
1004,case-1004-veh_010-w0003,rsu,180,15,165,0.9166666666666666
1004,case-1004-veh_010-w0003,vehicle_witness,600,120,480,0.8
1004,case-1004-veh_010-w0004,rsu,150,15,135,0.9
1004,case-1004-veh_010-w0004,vehicle_witness,600,120,480,0.8
1004,case-1004-veh_010-w0005,rsu,62,15,47,0.7580645161290323
1004,case-1004-veh_010-w0005,vehicle_witness,248,120,128,0.5161290322580645
1004,case-1004-veh_010-w0006,rsu,13,6,7,0.5384615384615384
1004,case-1004-veh_010-w0006,vehicle_witness,48,48,0,0.0
1004,case-1004-veh_011-w0000,rsu,6,3,3,0.5
1004,case-1004-veh_011-w0000,vehicle_witness,24,24,0,0.0
1004,case-1004-veh_011-w0001,rsu,40,15,25,0.625
1004,case-1004-veh_011-w0001,vehicle_witness,120,120,0,0.0
1004,case-1004-veh_011-w0002,rsu,37,15,22,0.5945945945945946
1004,case-1004-veh_011-w0002,vehicle_witness,120,120,0,0.0
1004,case-1004-veh_011-w0003,rsu,30,15,15,0.5
1004,case-1004-veh_011-w0003,vehicle_witness,120,120,0,0.0
1004,case-1004-veh_011-w0004,rsu,34,15,19,0.5588235294117647
1004,case-1004-veh_011-w0004,vehicle_witness,98,98,0,0.0
1004,case-1004-veh_011-w0005,rsu,31,15,16,0.5161290322580645
1004,case-1004-veh_011-w0005,vehicle_witness,79,79,0,0.0
1004,case-1004-veh_011-w0006,rsu,16,6,10,0.625
1004,case-1004-veh_011-w0006,vehicle_witness,30,30,0,0.0
1004,case-1004-veh_012-w0000,rsu,4,2,2,0.5
1004,case-1004-veh_012-w0000,vehicle_witness,16,16,0,0.0
1004,case-1004-veh_012-w0001,rsu,30,15,15,0.5
1004,case-1004-veh_012-w0001,vehicle_witness,120,120,0,0.0
1004,case-1004-veh_012-w0002,rsu,35,15,20,0.5714285714285714
1004,case-1004-veh_012-w0002,vehicle_witness,120,120,0,0.0
1004,case-1004-veh_012-w0003,rsu,34,15,19,0.5588235294117647
1004,case-1004-veh_012-w0003,vehicle_witness,120,120,0,0.0
1004,case-1004-veh_012-w0004,rsu,31,15,16,0.5161290322580645
1004,case-1004-veh_012-w0004,vehicle_witness,120,120,0,0.0
1004,case-1004-veh_012-w0005,rsu,30,15,15,0.5
1004,case-1004-veh_012-w0005,vehicle_witness,120,120,0,0.0
1004,case-1004-veh_012-w0006,rsu,12,6,6,0.5
1004,case-1004-veh_012-w0006,vehicle_witness,48,48,0,0.0
1004,case-1004-veh_013-w0000,rsu,2,1,1,0.5
1004,case-1004-veh_013-w0000,vehicle_witness,8,8,0,0.0
1004,case-1004-veh_013-w0001,rsu,38,15,23,0.6052631578947368
1004,case-1004-veh_013-w0001,vehicle_witness,120,120,0,0.0
1004,case-1004-veh_013-w0002,rsu,38,15,23,0.6052631578947368
1004,case-1004-veh_013-w0002,vehicle_witness,120,120,0,0.0
1004,case-1004-veh_013-w0003,rsu,30,15,15,0.5
1004,case-1004-veh_013-w0003,vehicle_witness,120,120,0,0.0
1004,case-1004-veh_013-w0004,rsu,31,15,16,0.5161290322580645
1004,case-1004-veh_013-w0004,vehicle_witness,113,113,0,0.0
1004,case-1004-veh_013-w0005,rsu,34,15,19,0.5588235294117647
1004,case-1004-veh_013-w0005,vehicle_witness,105,105,0,0.0
1004,case-1004-veh_013-w0006,rsu,14,6,8,0.5714285714285714
1004,case-1004-veh_013-w0006,vehicle_witness,39,39,0,0.0
1004,case-1004-veh_014-w0001,rsu,30,15,15,0.5
1004,case-1004-veh_014-w0001,vehicle_witness,120,120,0,0.0
1004,case-1004-veh_014-w0002,rsu,140,15,125,0.8928571428571429
1004,case-1004-veh_014-w0002,vehicle_witness,480,120,360,0.75
1004,case-1004-veh_014-w0003,rsu,128,15,113,0.8828125
1004,case-1004-veh_014-w0003,vehicle_witness,480,120,360,0.75
1004,case-1004-veh_014-w0004,rsu,132,15,117,0.8863636363636364
1004,case-1004-veh_014-w0004,vehicle_witness,480,120,360,0.75
1004,case-1004-veh_014-w0005,rsu,78,15,63,0.8076923076923077
1004,case-1004-veh_014-w0005,vehicle_witness,312,120,192,0.6153846153846154
1004,case-1004-veh_014-w0006,rsu,12,6,6,0.5
1004,case-1004-veh_014-w0006,vehicle_witness,48,48,0,0.0
1004,case-1004-veh_015-w0001,rsu,34,14,20,0.5882352941176471
1004,case-1004-veh_015-w0001,vehicle_witness,112,112,0,0.0
1004,case-1004-veh_015-w0002,rsu,40,15,25,0.625
1004,case-1004-veh_015-w0002,vehicle_witness,120,120,0,0.0
1004,case-1004-veh_015-w0003,rsu,30,15,15,0.5
1004,case-1004-veh_015-w0003,vehicle_witness,119,119,0,0.0
1004,case-1004-veh_015-w0004,rsu,30,15,15,0.5
1004,case-1004-veh_015-w0004,vehicle_witness,107,107,0,0.0
1004,case-1004-veh_015-w0005,rsu,34,15,19,0.5588235294117647
1004,case-1004-veh_015-w0005,vehicle_witness,111,111,0,0.0
1004,case-1004-veh_015-w0006,rsu,12,6,6,0.5
1004,case-1004-veh_015-w0006,vehicle_witness,48,48,0,0.0
1004,case-1004-veh_016-w0001,rsu,26,13,13,0.5
1004,case-1004-veh_016-w0001,vehicle_witness,104,104,0,0.0
1004,case-1004-veh_016-w0002,rsu,35,15,20,0.5714285714285714
1004,case-1004-veh_016-w0002,vehicle_witness,120,120,0,0.0
1004,case-1004-veh_016-w0003,rsu,31,15,16,0.5161290322580645
1004,case-1004-veh_016-w0003,vehicle_witness,120,120,0,0.0
1004,case-1004-veh_016-w0004,rsu,35,15,20,0.5714285714285714
1004,case-1004-veh_016-w0004,vehicle_witness,120,120,0,0.0
1004,case-1004-veh_016-w0005,rsu,30,15,15,0.5
1004,case-1004-veh_016-w0005,vehicle_witness,120,120,0,0.0
1004,case-1004-veh_016-w0006,rsu,12,6,6,0.5
1004,case-1004-veh_016-w0006,vehicle_witness,48,48,0,0.0
1004,case-1004-veh_017-w0001,rsu,27,12,15,0.5555555555555556
1004,case-1004-veh_017-w0001,vehicle_witness,96,96,0,0.0
1004,case-1004-veh_017-w0002,rsu,44,15,29,0.6590909090909091
1004,case-1004-veh_017-w0002,vehicle_witness,120,120,0,0.0
1004,case-1004-veh_017-w0003,rsu,30,15,15,0.5
1004,case-1004-veh_017-w0003,vehicle_witness,118,118,0,0.0
1004,case-1004-veh_017-w0004,rsu,30,15,15,0.5
1004,case-1004-veh_017-w0004,vehicle_witness,93,93,0,0.0
1004,case-1004-veh_017-w0005,rsu,35,15,20,0.5714285714285714
1004,case-1004-veh_017-w0005,vehicle_witness,79,79,0,0.0
1004,case-1004-veh_017-w0006,rsu,12,6,6,0.5
1004,case-1004-veh_017-w0006,vehicle_witness,30,30,0,0.0
1004,case-1004-veh_018-w0001,rsu,22,11,11,0.5
1004,case-1004-veh_018-w0001,vehicle_witness,88,88,0,0.0
1004,case-1004-veh_018-w0002,rsu,35,15,20,0.5714285714285714
1004,case-1004-veh_018-w0002,vehicle_witness,120,120,0,0.0
1004,case-1004-veh_018-w0003,rsu,30,15,15,0.5
1004,case-1004-veh_018-w0003,vehicle_witness,120,120,0,0.0
1004,case-1004-veh_018-w0004,rsu,35,15,20,0.5714285714285714
1004,case-1004-veh_018-w0004,vehicle_witness,120,120,0,0.0
1004,case-1004-veh_018-w0005,rsu,30,15,15,0.5
1004,case-1004-veh_018-w0005,vehicle_witness,120,120,0,0.0
1004,case-1004-veh_018-w0006,rsu,12,6,6,0.5
1004,case-1004-veh_018-w0006,vehicle_witness,46,46,0,0.0
1004,case-1004-veh_019-w0001,rsu,22,10,12,0.5454545454545454
1004,case-1004-veh_019-w0001,vehicle_witness,80,80,0,0.0
1004,case-1004-veh_019-w0002,rsu,45,15,30,0.6666666666666666
1004,case-1004-veh_019-w0002,vehicle_witness,120,120,0,0.0
1004,case-1004-veh_019-w0003,rsu,30,15,15,0.5
1004,case-1004-veh_019-w0003,vehicle_witness,118,118,0,0.0
1004,case-1004-veh_019-w0004,rsu,30,15,15,0.5
1004,case-1004-veh_019-w0004,vehicle_witness,81,81,0,0.0
1004,case-1004-veh_019-w0005,rsu,35,15,20,0.5714285714285714
1004,case-1004-veh_019-w0005,vehicle_witness,75,75,0,0.0
1004,case-1004-veh_019-w0006,rsu,12,6,6,0.5
1004,case-1004-veh_019-w0006,vehicle_witness,27,27,0,0.0
1004,case-1004-veh_020-w0001,rsu,18,9,9,0.5
1004,case-1004-veh_020-w0001,vehicle_witness,72,72,0,0.0
1004,case-1004-veh_020-w0002,rsu,32,15,17,0.53125
1004,case-1004-veh_020-w0002,vehicle_witness,95,95,0,0.0
1004,case-1004-veh_020-w0003,rsu,33,15,18,0.5454545454545454
1004,case-1004-veh_020-w0003,vehicle_witness,90,90,0,0.0
1004,case-1004-veh_020-w0004,rsu,36,15,21,0.5833333333333334
1004,case-1004-veh_020-w0004,vehicle_witness,90,90,0,0.0
1004,case-1004-veh_020-w0005,rsu,30,15,15,0.5
1004,case-1004-veh_020-w0005,vehicle_witness,109,109,0,0.0
1004,case-1004-veh_020-w0006,rsu,12,6,6,0.5
1004,case-1004-veh_020-w0006,vehicle_witness,44,44,0,0.0
1004,case-1004-veh_021-w0001,rsu,16,8,8,0.5
1004,case-1004-veh_021-w0001,vehicle_witness,64,64,0,0.0
1004,case-1004-veh_021-w0002,rsu,45,15,30,0.6666666666666666
1004,case-1004-veh_021-w0002,vehicle_witness,108,108,0,0.0
1004,case-1004-veh_021-w0003,rsu,32,15,17,0.53125
1004,case-1004-veh_021-w0003,vehicle_witness,118,118,0,0.0
1004,case-1004-veh_021-w0004,rsu,30,15,15,0.5
1004,case-1004-veh_021-w0004,vehicle_witness,74,74,0,0.0
1004,case-1004-veh_021-w0005,rsu,33,15,18,0.5454545454545454
1004,case-1004-veh_021-w0005,vehicle_witness,60,60,0,0.0
1004,case-1004-veh_021-w0006,rsu,13,6,7,0.5384615384615384
1004,case-1004-veh_021-w0006,vehicle_witness,24,24,0,0.0
1004,case-1004-veh_022-w0001,rsu,14,7,7,0.5
1004,case-1004-veh_022-w0001,vehicle_witness,56,56,0,0.0
1004,case-1004-veh_022-w0002,rsu,31,15,16,0.5161290322580645
1004,case-1004-veh_022-w0002,vehicle_witness,80,80,0,0.0
1004,case-1004-veh_022-w0003,rsu,35,15,20,0.5714285714285714
1004,case-1004-veh_022-w0003,vehicle_witness,75,75,0,0.0
1004,case-1004-veh_022-w0004,rsu,35,15,20,0.5714285714285714
1004,case-1004-veh_022-w0004,vehicle_witness,75,75,0,0.0
1004,case-1004-veh_022-w0005,rsu,30,15,15,0.5
1004,case-1004-veh_022-w0005,vehicle_witness,100,100,0,0.0
1004,case-1004-veh_022-w0006,rsu,12,6,6,0.5
1004,case-1004-veh_022-w0006,vehicle_witness,44,44,0,0.0
1004,case-1004-veh_023-w0001,rsu,12,6,6,0.5
1004,case-1004-veh_023-w0001,vehicle_witness,47,47,0,0.0
1004,case-1004-veh_023-w0002,rsu,43,15,28,0.6511627906976745
1004,case-1004-veh_023-w0002,vehicle_witness,80,80,0,0.0
1004,case-1004-veh_023-w0003,rsu,34,15,19,0.5588235294117647
1004,case-1004-veh_023-w0003,vehicle_witness,118,118,0,0.0
1004,case-1004-veh_023-w0004,rsu,30,15,15,0.5
1004,case-1004-veh_023-w0004,vehicle_witness,68,68,0,0.0
1004,case-1004-veh_023-w0005,rsu,30,15,15,0.5
1004,case-1004-veh_023-w0005,vehicle_witness,45,45,0,0.0
1004,case-1004-veh_023-w0006,rsu,17,6,11,0.6470588235294118
1004,case-1004-veh_023-w0006,vehicle_witness,18,18,0,0.0
1005,case-1005-veh_000-w0000,rsu,28,14,14,0.5
1005,case-1005-veh_000-w0000,vehicle_witness,66,66,0,0.0
1005,case-1005-veh_000-w0001,rsu,34,15,19,0.5588235294117647
1005,case-1005-veh_000-w0001,vehicle_witness,70,70,0,0.0
1005,case-1005-veh_000-w0002,rsu,34,15,19,0.5588235294117647
1005,case-1005-veh_000-w0002,vehicle_witness,49,49,0,0.0
1005,case-1005-veh_000-w0003,rsu,30,15,15,0.5
1005,case-1005-veh_000-w0003,vehicle_witness,23,23,0,0.0
1005,case-1005-veh_000-w0004,rsu,31,15,16,0.5161290322580645
1005,case-1005-veh_000-w0004,vehicle_witness,47,47,0,0.0
1005,case-1005-veh_000-w0005,rsu,44,15,29,0.6590909090909091
1005,case-1005-veh_000-w0005,vehicle_witness,21,21,0,0.0
1005,case-1005-veh_000-w0006,rsu,12,6,6,0.5
1005,case-1005-veh_000-w0006,vehicle_witness,10,10,0,0.0
1005,case-1005-veh_001-w0000,rsu,31,13,18,0.5806451612903226
1005,case-1005-veh_001-w0000,vehicle_witness,70,70,0,0.0
1005,case-1005-veh_001-w0001,rsu,41,15,26,0.6341463414634146
1005,case-1005-veh_001-w0001,vehicle_witness,75,75,0,0.0
1005,case-1005-veh_001-w0002,rsu,30,15,15,0.5
1005,case-1005-veh_001-w0002,vehicle_witness,103,103,0,0.0
1005,case-1005-veh_001-w0003,rsu,33,15,18,0.5454545454545454
1005,case-1005-veh_001-w0003,vehicle_witness,68,68,0,0.0
1005,case-1005-veh_001-w0004,rsu,32,15,17,0.53125
1005,case-1005-veh_001-w0004,vehicle_witness,45,45,0,0.0
1005,case-1005-veh_001-w0005,rsu,35,15,20,0.5714285714285714
1005,case-1005-veh_001-w0005,vehicle_witness,54,54,0,0.0
1005,case-1005-veh_001-w0006,rsu,12,6,6,0.5
1005,case-1005-veh_001-w0006,vehicle_witness,27,27,0,0.0
1005,case-1005-veh_002-w0000,rsu,24,12,12,0.5
1005,case-1005-veh_002-w0000,vehicle_witness,73,73,0,0.0
1005,case-1005-veh_002-w0001,rsu,35,15,20,0.5714285714285714
1005,case-1005-veh_002-w0001,vehicle_witness,87,87,0,0.0
1005,case-1005-veh_002-w0002,rsu,34,15,19,0.5588235294117647
1005,case-1005-veh_002-w0002,vehicle_witness,67,67,0,0.0
1005,case-1005-veh_002-w0003,rsu,31,15,16,0.5161290322580645
1005,case-1005-veh_002-w0003,vehicle_witness,42,42,0,0.0
1005,case-1005-veh_002-w0004,rsu,30,15,15,0.5
1005,case-1005-veh_002-w0004,vehicle_witness,56,56,0,0.0
1005,case-1005-veh_002-w0005,rsu,44,15,29,0.6590909090909091
1005,case-1005-veh_002-w0005,vehicle_witness,35,35,0,0.0
1005,case-1005-veh_002-w0006,rsu,13,6,7,0.5384615384615384
1005,case-1005-veh_002-w0006,vehicle_witness,9,9,0,0.0
1005,case-1005-veh_003-w0000,rsu,25,11,14,0.56
1005,case-1005-veh_003-w0000,vehicle_witness,73,73,0,0.0
1005,case-1005-veh_003-w0001,rsu,45,15,30,0.6666666666666666
1005,case-1005-veh_003-w0001,vehicle_witness,106,106,0,0.0
1005,case-1005-veh_003-w0002,rsu,30,15,15,0.5
1005,case-1005-veh_003-w0002,vehicle_witness,113,113,0,0.0
1005,case-1005-veh_003-w0003,rsu,30,15,15,0.5
1005,case-1005-veh_003-w0003,vehicle_witness,102,102,0,0.0
1005,case-1005-veh_003-w0004,rsu,35,15,20,0.5714285714285714
1005,case-1005-veh_003-w0004,vehicle_witness,75,75,0,0.0
1005,case-1005-veh_003-w0005,rsu,35,15,20,0.5714285714285714
1005,case-1005-veh_003-w0005,vehicle_witness,75,75,0,0.0
1005,case-1005-veh_003-w0006,rsu,12,6,6,0.5
1005,case-1005-veh_003-w0006,vehicle_witness,35,35,0,0.0
1005,case-1005-veh_004-w0000,rsu,20,10,10,0.5
1005,case-1005-veh_004-w0000,vehicle_witness,70,70,0,0.0
1005,case-1005-veh_004-w0001,rsu,33,15,18,0.5454545454545454
1005,case-1005-veh_004-w0001,vehicle_witness,120,120,0,0.0
1005,case-1005-veh_004-w0002,rsu,32,15,17,0.53125
1005,case-1005-veh_004-w0002,vehicle_witness,110,110,0,0.0
1005,case-1005-veh_004-w0003,rsu,36,15,21,0.5833333333333334
1005,case-1005-veh_004-w0003,vehicle_witness,92,92,0,0.0
1005,case-1005-veh_004-w0004,rsu,30,15,15,0.5
1005,case-1005-veh_004-w0004,vehicle_witness,86,86,0,0.0
1005,case-1005-veh_004-w0005,rsu,31,15,16,0.5161290322580645
1005,case-1005-veh_004-w0005,vehicle_witness,97,97,0,0.0
1005,case-1005-veh_004-w0006,rsu,18,6,12,0.6666666666666666
1005,case-1005-veh_004-w0006,vehicle_witness,33,33,0,0.0
1005,case-1005-veh_005-w0000,rsu,19,9,10,0.5263157894736842
1005,case-1005-veh_005-w0000,vehicle_witness,66,66,0,0.0
1005,case-1005-veh_005-w0001,rsu,45,15,30,0.6666666666666666
1005,case-1005-veh_005-w0001,vehicle_witness,117,117,0,0.0
1005,case-1005-veh_005-w0002,rsu,31,15,16,0.5161290322580645
1005,case-1005-veh_005-w0002,vehicle_witness,120,120,0,0.0
1005,case-1005-veh_005-w0003,rsu,30,15,15,0.5
1005,case-1005-veh_005-w0003,vehicle_witness,110,110,0,0.0
1005,case-1005-veh_005-w0004,rsu,35,15,20,0.5714285714285714
1005,case-1005-veh_005-w0004,vehicle_witness,78,78,0,0.0
1005,case-1005-veh_005-w0005,rsu,34,15,19,0.5588235294117647
1005,case-1005-veh_005-w0005,vehicle_witness,90,90,0,0.0
1005,case-1005-veh_005-w0006,rsu,14,6,8,0.5714285714285714
1005,case-1005-veh_005-w0006,vehicle_witness,40,40,0,0.0
1005,case-1005-veh_006-w0000,rsu,16,8,8,0.5
1005,case-1005-veh_006-w0000,vehicle_witness,61,61,0,0.0
1005,case-1005-veh_006-w0001,rsu,30,7,23,0.7666666666666667
1005,case-1005-veh_006-w0001,vehicle_witness,120,56,64,0.5333333333333333
1005,case-1005-veh_006-w0002,rsu,30,4,26,0.8666666666666667
1005,case-1005-veh_006-w0002,vehicle_witness,119,32,87,0.7310924369747899
1005,case-1005-veh_006-w0003,rsu,30,4,26,0.8666666666666667
1005,case-1005-veh_006-w0003,vehicle_witness,96,28,68,0.7083333333333334
1005,case-1005-veh_006-w0004,rsu,30,4,26,0.8666666666666667
1005,case-1005-veh_006-w0004,vehicle_witness,94,28,66,0.7021276595744681
1005,case-1005-veh_006-w0005,rsu,30,15,15,0.5
1005,case-1005-veh_006-w0005,vehicle_witness,99,99,0,0.0
1005,case-1005-veh_006-w0006,rsu,17,6,11,0.6470588235294118
1005,case-1005-veh_006-w0006,vehicle_witness,43,43,0,0.0
1005,case-1005-veh_007-w0000,rsu,14,7,7,0.5
1005,case-1005-veh_007-w0000,vehicle_witness,55,55,0,0.0
1005,case-1005-veh_007-w0001,rsu,44,15,29,0.6590909090909091
1005,case-1005-veh_007-w0001,vehicle_witness,120,120,0,0.0
1005,case-1005-veh_007-w0002,rsu,33,15,18,0.5454545454545454
1005,case-1005-veh_007-w0002,vehicle_witness,120,120,0,0.0
1005,case-1005-veh_007-w0003,rsu,30,15,15,0.5
1005,case-1005-veh_007-w0003,vehicle_witness,119,119,0,0.0
1005,case-1005-veh_007-w0004,rsu,34,15,19,0.5588235294117647
1005,case-1005-veh_007-w0004,vehicle_witness,91,91,0,0.0
1005,case-1005-veh_007-w0005,rsu,32,15,17,0.53125
1005,case-1005-veh_007-w0005,vehicle_witness,104,104,0,0.0
1005,case-1005-veh_007-w0006,rsu,15,6,9,0.6
1005,case-1005-veh_007-w0006,vehicle_witness,42,42,0,0.0
1005,case-1005-veh_008-w0000,rsu,12,6,6,0.5
1005,case-1005-veh_008-w0000,vehicle_witness,48,48,0,0.0
1005,case-1005-veh_008-w0001,rsu,30,15,15,0.5
1005,case-1005-veh_008-w0001,vehicle_witness,120,120,0,0.0
1005,case-1005-veh_008-w0002,rsu,35,15,20,0.5714285714285714
1005,case-1005-veh_008-w0002,vehicle_witness,120,120,0,0.0
1005,case-1005-veh_008-w0003,rsu,35,15,20,0.5714285714285714
1005,case-1005-veh_008-w0003,vehicle_witness,102,102,0,0.0
1005,case-1005-veh_008-w0004,rsu,30,15,15,0.5
1005,case-1005-veh_008-w0004,vehicle_witness,104,104,0,0.0
1005,case-1005-veh_008-w0005,rsu,30,15,15,0.5
1005,case-1005-veh_008-w0005,vehicle_witness,109,109,0,0.0
1005,case-1005-veh_008-w0006,rsu,15,6,9,0.6
1005,case-1005-veh_008-w0006,vehicle_witness,48,48,0,0.0
1005,case-1005-veh_009-w0000,rsu,10,5,5,0.5
1005,case-1005-veh_009-w0000,vehicle_witness,40,40,0,0.0
1005,case-1005-veh_009-w0001,rsu,42,15,27,0.6428571428571429
1005,case-1005-veh_009-w0001,vehicle_witness,120,120,0,0.0
1005,case-1005-veh_009-w0002,rsu,34,15,19,0.5588235294117647
1005,case-1005-veh_009-w0002,vehicle_witness,120,120,0,0.0
1005,case-1005-veh_009-w0003,rsu,30,15,15,0.5
1005,case-1005-veh_009-w0003,vehicle_witness,120,120,0,0.0
1005,case-1005-veh_009-w0004,rsu,34,15,19,0.5588235294117647
1005,case-1005-veh_009-w0004,vehicle_witness,95,95,0,0.0
1005,case-1005-veh_009-w0005,rsu,30,15,15,0.5
1005,case-1005-veh_009-w0005,vehicle_witness,99,99,0,0.0
1005,case-1005-veh_009-w0006,rsu,17,6,11,0.6470588235294118
1005,case-1005-veh_009-w0006,vehicle_witness,38,38,0,0.0
1005,case-1005-veh_010-w0000,rsu,8,4,4,0.5
1005,case-1005-veh_010-w0000,vehicle_witness,32,32,0,0.0
1005,case-1005-veh_010-w0001,rsu,62,15,47,0.7580645161290323
1005,case-1005-veh_010-w0001,vehicle_witness,248,120,128,0.5161290322580645
1005,case-1005-veh_010-w0002,rsu,175,15,160,0.9142857142857143
1005,case-1005-veh_010-w0002,vehicle_witness,600,120,480,0.8
1005,case-1005-veh_010-w0003,rsu,175,15,160,0.9142857142857143
1005,case-1005-veh_010-w0003,vehicle_witness,585,117,468,0.8
1005,case-1005-veh_010-w0004,rsu,155,15,140,0.9032258064516129
1005,case-1005-veh_010-w0004,vehicle_witness,555,111,444,0.8
1005,case-1005-veh_010-w0005,rsu,62,15,47,0.7580645161290323
1005,case-1005-veh_010-w0005,vehicle_witness,244,116,128,0.5245901639344263
1005,case-1005-veh_010-w0006,rsu,12,6,6,0.5
1005,case-1005-veh_010-w0006,vehicle_witness,48,48,0,0.0
1005,case-1005-veh_011-w0000,rsu,6,3,3,0.5
1005,case-1005-veh_011-w0000,vehicle_witness,24,24,0,0.0
1005,case-1005-veh_011-w0001,rsu,40,15,25,0.625
1005,case-1005-veh_011-w0001,vehicle_witness,120,120,0,0.0
1005,case-1005-veh_011-w0002,rsu,36,15,21,0.5833333333333334
1005,case-1005-veh_011-w0002,vehicle_witness,120,120,0,0.0
1005,case-1005-veh_011-w0003,rsu,30,15,15,0.5
1005,case-1005-veh_011-w0003,vehicle_witness,120,120,0,0.0
1005,case-1005-veh_011-w0004,rsu,32,15,17,0.53125
1005,case-1005-veh_011-w0004,vehicle_witness,111,111,0,0.0
1005,case-1005-veh_011-w0005,rsu,32,15,17,0.53125
1005,case-1005-veh_011-w0005,vehicle_witness,105,105,0,0.0
1005,case-1005-veh_011-w0006,rsu,15,6,9,0.6
1005,case-1005-veh_011-w0006,vehicle_witness,42,42,0,0.0
1005,case-1005-veh_012-w0000,rsu,4,2,2,0.5
1005,case-1005-veh_012-w0000,vehicle_witness,16,16,0,0.0
1005,case-1005-veh_012-w0001,rsu,30,15,15,0.5
1005,case-1005-veh_012-w0001,vehicle_witness,120,120,0,0.0
1005,case-1005-veh_012-w0002,rsu,36,15,21,0.5833333333333334
1005,case-1005-veh_012-w0002,vehicle_witness,120,120,0,0.0
1005,case-1005-veh_012-w0003,rsu,33,15,18,0.5454545454545454
1005,case-1005-veh_012-w0003,vehicle_witness,120,120,0,0.0
1005,case-1005-veh_012-w0004,rsu,32,15,17,0.53125
1005,case-1005-veh_012-w0004,vehicle_witness,120,120,0,0.0
1005,case-1005-veh_012-w0005,rsu,30,15,15,0.5
1005,case-1005-veh_012-w0005,vehicle_witness,120,120,0,0.0
1005,case-1005-veh_012-w0006,rsu,12,6,6,0.5
1005,case-1005-veh_012-w0006,vehicle_witness,48,48,0,0.0
1005,case-1005-veh_013-w0000,rsu,2,1,1,0.5
1005,case-1005-veh_013-w0000,vehicle_witness,8,8,0,0.0
1005,case-1005-veh_013-w0001,rsu,38,15,23,0.6052631578947368
1005,case-1005-veh_013-w0001,vehicle_witness,120,120,0,0.0
1005,case-1005-veh_013-w0002,rsu,38,15,23,0.6052631578947368
1005,case-1005-veh_013-w0002,vehicle_witness,120,120,0,0.0
1005,case-1005-veh_013-w0003,rsu,30,15,15,0.5
1005,case-1005-veh_013-w0003,vehicle_witness,120,120,0,0.0
1005,case-1005-veh_013-w0004,rsu,30,15,15,0.5
1005,case-1005-veh_013-w0004,vehicle_witness,112,112,0,0.0
1005,case-1005-veh_013-w0005,rsu,35,15,20,0.5714285714285714
1005,case-1005-veh_013-w0005,vehicle_witness,109,109,0,0.0
1005,case-1005-veh_013-w0006,rsu,12,6,6,0.5
1005,case-1005-veh_013-w0006,vehicle_witness,48,48,0,0.0
1005,case-1005-veh_014-w0001,rsu,30,15,15,0.5
1005,case-1005-veh_014-w0001,vehicle_witness,120,120,0,0.0
1005,case-1005-veh_014-w0002,rsu,144,15,129,0.8958333333333334
1005,case-1005-veh_014-w0002,vehicle_witness,480,120,360,0.75
1005,case-1005-veh_014-w0003,rsu,120,15,105,0.875
1005,case-1005-veh_014-w0003,vehicle_witness,480,120,360,0.75
1005,case-1005-veh_014-w0004,rsu,144,15,129,0.8958333333333334
1005,case-1005-veh_014-w0004,vehicle_witness,480,120,360,0.75
1005,case-1005-veh_014-w0005,rsu,78,15,63,0.8076923076923077
1005,case-1005-veh_014-w0005,vehicle_witness,300,117,183,0.61
1005,case-1005-veh_014-w0006,rsu,12,6,6,0.5
1005,case-1005-veh_014-w0006,vehicle_witness,47,47,0,0.0
1005,case-1005-veh_015-w0001,rsu,34,14,20,0.5882352941176471
1005,case-1005-veh_015-w0001,vehicle_witness,112,112,0,0.0
1005,case-1005-veh_015-w0002,rsu,40,15,25,0.625
1005,case-1005-veh_015-w0002,vehicle_witness,120,120,0,0.0
1005,case-1005-veh_015-w0003,rsu,30,15,15,0.5
1005,case-1005-veh_015-w0003,vehicle_witness,120,120,0,0.0
1005,case-1005-veh_015-w0004,rsu,30,15,15,0.5
1005,case-1005-veh_015-w0004,vehicle_witness,102,102,0,0.0
1005,case-1005-veh_015-w0005,rsu,35,15,20,0.5714285714285714
1005,case-1005-veh_015-w0005,vehicle_witness,104,104,0,0.0
1005,case-1005-veh_015-w0006,rsu,12,6,6,0.5
1005,case-1005-veh_015-w0006,vehicle_witness,46,46,0,0.0
1005,case-1005-veh_016-w0001,rsu,26,13,13,0.5
1005,case-1005-veh_016-w0001,vehicle_witness,104,104,0,0.0
1005,case-1005-veh_016-w0002,rsu,35,15,20,0.5714285714285714
1005,case-1005-veh_016-w0002,vehicle_witness,120,120,0,0.0
1005,case-1005-veh_016-w0003,rsu,31,15,16,0.5161290322580645
1005,case-1005-veh_016-w0003,vehicle_witness,115,115,0,0.0
1005,case-1005-veh_016-w0004,rsu,36,15,21,0.5833333333333334
1005,case-1005-veh_016-w0004,vehicle_witness,105,105,0,0.0
1005,case-1005-veh_016-w0005,rsu,30,15,15,0.5
1005,case-1005-veh_016-w0005,vehicle_witness,114,114,0,0.0
1005,case-1005-veh_016-w0006,rsu,12,6,6,0.5
1005,case-1005-veh_016-w0006,vehicle_witness,47,47,0,0.0
1005,case-1005-veh_017-w0001,rsu,28,12,16,0.5714285714285714
1005,case-1005-veh_017-w0001,vehicle_witness,96,96,0,0.0
1005,case-1005-veh_017-w0002,rsu,42,15,27,0.6428571428571429
1005,case-1005-veh_017-w0002,vehicle_witness,120,120,0,0.0
1005,case-1005-veh_017-w0003,rsu,30,15,15,0.5
1005,case-1005-veh_017-w0003,vehicle_witness,119,119,0,0.0
1005,case-1005-veh_017-w0004,rsu,30,15,15,0.5
1005,case-1005-veh_017-w0004,vehicle_witness,93,93,0,0.0
1005,case-1005-veh_017-w0005,rsu,35,15,20,0.5714285714285714
1005,case-1005-veh_017-w0005,vehicle_witness,90,90,0,0.0
1005,case-1005-veh_017-w0006,rsu,12,6,6,0.5
1005,case-1005-veh_017-w0006,vehicle_witness,36,36,0,0.0
1005,case-1005-veh_018-w0001,rsu,22,11,11,0.5
1005,case-1005-veh_018-w0001,vehicle_witness,88,88,0,0.0
1005,case-1005-veh_018-w0002,rsu,33,15,18,0.5454545454545454
1005,case-1005-veh_018-w0002,vehicle_witness,112,112,0,0.0
1005,case-1005-veh_018-w0003,rsu,33,15,18,0.5454545454545454
1005,case-1005-veh_018-w0003,vehicle_witness,101,101,0,0.0
1005,case-1005-veh_018-w0004,rsu,35,15,20,0.5714285714285714
1005,case-1005-veh_018-w0004,vehicle_witness,90,90,0,0.0
1005,case-1005-veh_018-w0005,rsu,30,15,15,0.5
1005,case-1005-veh_018-w0005,vehicle_witness,105,105,0,0.0
1005,case-1005-veh_018-w0006,rsu,12,6,6,0.5
1005,case-1005-veh_018-w0006,vehicle_witness,47,47,0,0.0
1005,case-1005-veh_019-w0001,rsu,22,10,12,0.5454545454545454
1005,case-1005-veh_019-w0001,vehicle_witness,80,80,0,0.0
1005,case-1005-veh_019-w0002,rsu,44,15,29,0.6590909090909091
1005,case-1005-veh_019-w0002,vehicle_witness,120,120,0,0.0
1005,case-1005-veh_019-w0003,rsu,30,15,15,0.5
1005,case-1005-veh_019-w0003,vehicle_witness,119,119,0,0.0
1005,case-1005-veh_019-w0004,rsu,30,15,15,0.5
1005,case-1005-veh_019-w0004,vehicle_witness,83,83,0,0.0
1005,case-1005-veh_019-w0005,rsu,35,15,20,0.5714285714285714
1005,case-1005-veh_019-w0005,vehicle_witness,75,75,0,0.0
1005,case-1005-veh_019-w0006,rsu,12,6,6,0.5
1005,case-1005-veh_019-w0006,vehicle_witness,30,30,0,0.0
1005,case-1005-veh_020-w0001,rsu,18,9,9,0.5
1005,case-1005-veh_020-w0001,vehicle_witness,72,72,0,0.0
1005,case-1005-veh_020-w0002,rsu,32,15,17,0.53125
1005,case-1005-veh_020-w0002,vehicle_witness,99,99,0,0.0
1005,case-1005-veh_020-w0003,rsu,34,15,19,0.5588235294117647
1005,case-1005-veh_020-w0003,vehicle_witness,87,87,0,0.0
1005,case-1005-veh_020-w0004,rsu,36,15,21,0.5833333333333334
1005,case-1005-veh_020-w0004,vehicle_witness,75,75,0,0.0
1005,case-1005-veh_020-w0005,rsu,30,15,15,0.5
1005,case-1005-veh_020-w0005,vehicle_witness,92,92,0,0.0
1005,case-1005-veh_020-w0006,rsu,12,6,6,0.5
1005,case-1005-veh_020-w0006,vehicle_witness,46,46,0,0.0
1005,case-1005-veh_021-w0001,rsu,16,8,8,0.5
1005,case-1005-veh_021-w0001,vehicle_witness,64,64,0,0.0
1005,case-1005-veh_021-w0002,rsu,45,15,30,0.6666666666666666
1005,case-1005-veh_021-w0002,vehicle_witness,110,110,0,0.0
1005,case-1005-veh_021-w0003,rsu,30,15,15,0.5
1005,case-1005-veh_021-w0003,vehicle_witness,119,119,0,0.0
1005,case-1005-veh_021-w0004,rsu,30,15,15,0.5
1005,case-1005-veh_021-w0004,vehicle_witness,77,77,0,0.0
1005,case-1005-veh_021-w0005,rsu,32,15,17,0.53125
1005,case-1005-veh_021-w0005,vehicle_witness,64,64,0,0.0
1005,case-1005-veh_021-w0006,rsu,14,6,8,0.5714285714285714
1005,case-1005-veh_021-w0006,vehicle_witness,30,30,0,0.0
1005,case-1005-veh_022-w0001,rsu,14,7,7,0.5
1005,case-1005-veh_022-w0001,vehicle_witness,56,56,0,0.0
1005,case-1005-veh_022-w0002,rsu,30,15,15,0.5
1005,case-1005-veh_022-w0002,vehicle_witness,88,88,0,0.0
1005,case-1005-veh_022-w0003,rsu,36,15,21,0.5833333333333334
1005,case-1005-veh_022-w0003,vehicle_witness,73,73,0,0.0
1005,case-1005-veh_022-w0004,rsu,34,15,19,0.5588235294117647
1005,case-1005-veh_022-w0004,vehicle_witness,60,60,0,0.0
1005,case-1005-veh_022-w0005,rsu,32,15,17,0.53125
1005,case-1005-veh_022-w0005,vehicle_witness,77,77,0,0.0
1005,case-1005-veh_022-w0006,rsu,12,6,6,0.5
1005,case-1005-veh_022-w0006,vehicle_witness,45,45,0,0.0
1005,case-1005-veh_023-w0001,rsu,12,6,6,0.5
1005,case-1005-veh_023-w0001,vehicle_witness,48,48,0,0.0
1005,case-1005-veh_023-w0002,rsu,43,15,28,0.6511627906976745
1005,case-1005-veh_023-w0002,vehicle_witness,93,93,0,0.0
1005,case-1005-veh_023-w0003,rsu,32,15,17,0.53125
1005,case-1005-veh_023-w0003,vehicle_witness,119,119,0,0.0
1005,case-1005-veh_023-w0004,rsu,30,15,15,0.5
1005,case-1005-veh_023-w0004,vehicle_witness,72,72,0,0.0
1005,case-1005-veh_023-w0005,rsu,30,15,15,0.5
1005,case-1005-veh_023-w0005,vehicle_witness,45,45,0,0.0
1005,case-1005-veh_023-w0006,rsu,16,6,10,0.625
1005,case-1005-veh_023-w0006,vehicle_witness,18,18,0,0.0
1006,case-1006-veh_000-w0000,rsu,28,14,14,0.5
1006,case-1006-veh_000-w0000,vehicle_witness,65,65,0,0.0
1006,case-1006-veh_000-w0001,rsu,35,15,20,0.5714285714285714
1006,case-1006-veh_000-w0001,vehicle_witness,75,75,0,0.0
1006,case-1006-veh_000-w0002,rsu,34,15,19,0.5588235294117647
1006,case-1006-veh_000-w0002,vehicle_witness,75,75,0,0.0
1006,case-1006-veh_000-w0003,rsu,30,15,15,0.5
1006,case-1006-veh_000-w0003,vehicle_witness,75,75,0,0.0
1006,case-1006-veh_000-w0004,rsu,32,15,17,0.53125
1006,case-1006-veh_000-w0004,vehicle_witness,93,93,0,0.0
1006,case-1006-veh_000-w0005,rsu,44,15,29,0.6590909090909091
1006,case-1006-veh_000-w0005,vehicle_witness,65,65,0,0.0
1006,case-1006-veh_000-w0006,rsu,12,6,6,0.5
1006,case-1006-veh_000-w0006,vehicle_witness,31,31,0,0.0
1006,case-1006-veh_001-w0000,rsu,31,13,18,0.5806451612903226
1006,case-1006-veh_001-w0000,vehicle_witness,70,70,0,0.0
1006,case-1006-veh_001-w0001,rsu,42,15,27,0.6428571428571429
1006,case-1006-veh_001-w0001,vehicle_witness,75,75,0,0.0
1006,case-1006-veh_001-w0002,rsu,30,15,15,0.5
1006,case-1006-veh_001-w0002,vehicle_witness,96,96,0,0.0
1006,case-1006-veh_001-w0003,rsu,33,15,18,0.5454545454545454
1006,case-1006-veh_001-w0003,vehicle_witness,69,69,0,0.0
1006,case-1006-veh_001-w0004,rsu,32,15,17,0.53125
1006,case-1006-veh_001-w0004,vehicle_witness,60,60,0,0.0
1006,case-1006-veh_001-w0005,rsu,35,15,20,0.5714285714285714
1006,case-1006-veh_001-w0005,vehicle_witness,60,60,0,0.0
1006,case-1006-veh_001-w0006,rsu,12,6,6,0.5
1006,case-1006-veh_001-w0006,vehicle_witness,33,33,0,0.0
1006,case-1006-veh_002-w0000,rsu,24,12,12,0.5
1006,case-1006-veh_002-w0000,vehicle_witness,73,73,0,0.0
1006,case-1006-veh_002-w0001,rsu,35,15,20,0.5714285714285714
1006,case-1006-veh_002-w0001,vehicle_witness,90,90,0,0.0
1006,case-1006-veh_002-w0002,rsu,33,15,18,0.5454545454545454
1006,case-1006-veh_002-w0002,vehicle_witness,90,90,0,0.0
1006,case-1006-veh_002-w0003,rsu,31,15,16,0.5161290322580645
1006,case-1006-veh_002-w0003,vehicle_witness,76,76,0,0.0
1006,case-1006-veh_002-w0004,rsu,30,15,15,0.5
1006,case-1006-veh_002-w0004,vehicle_witness,96,96,0,0.0
1006,case-1006-veh_002-w0005,rsu,44,15,29,0.6590909090909091
1006,case-1006-veh_002-w0005,vehicle_witness,85,85,0,0.0
1006,case-1006-veh_002-w0006,rsu,13,6,7,0.5384615384615384
1006,case-1006-veh_002-w0006,vehicle_witness,35,35,0,0.0
1006,case-1006-veh_003-w0000,rsu,25,11,14,0.56
1006,case-1006-veh_003-w0000,vehicle_witness,73,73,0,0.0
1006,case-1006-veh_003-w0001,rsu,43,15,28,0.6511627906976745
1006,case-1006-veh_003-w0001,vehicle_witness,90,90,0,0.0
1006,case-1006-veh_003-w0002,rsu,30,15,15,0.5
1006,case-1006-veh_003-w0002,vehicle_witness,104,104,0,0.0
1006,case-1006-veh_003-w0003,rsu,31,15,16,0.5161290322580645
1006,case-1006-veh_003-w0003,vehicle_witness,89,89,0,0.0
1006,case-1006-veh_003-w0004,rsu,34,15,19,0.5588235294117647
1006,case-1006-veh_003-w0004,vehicle_witness,60,60,0,0.0
1006,case-1006-veh_003-w0005,rsu,35,15,20,0.5714285714285714
1006,case-1006-veh_003-w0005,vehicle_witness,60,60,0,0.0
1006,case-1006-veh_003-w0006,rsu,12,6,6,0.5
1006,case-1006-veh_003-w0006,vehicle_witness,29,29,0,0.0
1006,case-1006-veh_004-w0000,rsu,20,10,10,0.5
1006,case-1006-veh_004-w0000,vehicle_witness,70,70,0,0.0
1006,case-1006-veh_004-w0001,rsu,34,15,19,0.5588235294117647
1006,case-1006-veh_004-w0001,vehicle_witness,106,106,0,0.0
1006,case-1006-veh_004-w0002,rsu,31,15,16,0.5161290322580645
1006,case-1006-veh_004-w0002,vehicle_witness,105,105,0,0.0
1006,case-1006-veh_004-w0003,rsu,33,15,18,0.5454545454545454
1006,case-1006-veh_004-w0003,vehicle_witness,105,105,0,0.0
1006,case-1006-veh_004-w0004,rsu,30,15,15,0.5
1006,case-1006-veh_004-w0004,vehicle_witness,108,108,0,0.0
1006,case-1006-veh_004-w0005,rsu,42,15,27,0.6428571428571429
1006,case-1006-veh_004-w0005,vehicle_witness,97,97,0,0.0
1006,case-1006-veh_004-w0006,rsu,15,6,9,0.6
1006,case-1006-veh_004-w0006,vehicle_witness,33,33,0,0.0
1006,case-1006-veh_005-w0000,rsu,19,9,10,0.5263157894736842
1006,case-1006-veh_005-w0000,vehicle_witness,66,66,0,0.0
1006,case-1006-veh_005-w0001,rsu,45,15,30,0.6666666666666666
1006,case-1006-veh_005-w0001,vehicle_witness,107,107,0,0.0
1006,case-1006-veh_005-w0002,rsu,30,15,15,0.5
1006,case-1006-veh_005-w0002,vehicle_witness,112,112,0,0.0
1006,case-1006-veh_005-w0003,rsu,30,15,15,0.5
1006,case-1006-veh_005-w0003,vehicle_witness,106,106,0,0.0
1006,case-1006-veh_005-w0004,rsu,34,15,19,0.5588235294117647
1006,case-1006-veh_005-w0004,vehicle_witness,74,74,0,0.0
1006,case-1006-veh_005-w0005,rsu,34,15,19,0.5588235294117647
1006,case-1006-veh_005-w0005,vehicle_witness,60,60,0,0.0
1006,case-1006-veh_005-w0006,rsu,12,6,6,0.5
1006,case-1006-veh_005-w0006,vehicle_witness,25,25,0,0.0
1006,case-1006-veh_006-w0000,rsu,16,8,8,0.5
1006,case-1006-veh_006-w0000,vehicle_witness,61,61,0,0.0
1006,case-1006-veh_006-w0001,rsu,30,7,23,0.7666666666666667
1006,case-1006-veh_006-w0001,vehicle_witness,120,56,64,0.5333333333333333
1006,case-1006-veh_006-w0002,rsu,30,4,26,0.8666666666666667
1006,case-1006-veh_006-w0002,vehicle_witness,106,29,77,0.7264150943396226
1006,case-1006-veh_006-w0003,rsu,30,4,26,0.8666666666666667
1006,case-1006-veh_006-w0003,vehicle_witness,105,28,77,0.7333333333333333
1006,case-1006-veh_006-w0004,rsu,30,4,26,0.8666666666666667
1006,case-1006-veh_006-w0004,vehicle_witness,108,31,77,0.7129629629629629
1006,case-1006-veh_006-w0005,rsu,39,15,24,0.6153846153846154
1006,case-1006-veh_006-w0005,vehicle_witness,114,114,0,0.0
1006,case-1006-veh_006-w0006,rsu,18,6,12,0.6666666666666666
1006,case-1006-veh_006-w0006,vehicle_witness,42,42,0,0.0
1006,case-1006-veh_007-w0000,rsu,14,7,7,0.5
1006,case-1006-veh_007-w0000,vehicle_witness,55,55,0,0.0
1006,case-1006-veh_007-w0001,rsu,44,15,29,0.6590909090909091
1006,case-1006-veh_007-w0001,vehicle_witness,120,120,0,0.0
1006,case-1006-veh_007-w0002,rsu,32,15,17,0.53125
1006,case-1006-veh_007-w0002,vehicle_witness,120,120,0,0.0
1006,case-1006-veh_007-w0003,rsu,30,15,15,0.5
1006,case-1006-veh_007-w0003,vehicle_witness,119,119,0,0.0
1006,case-1006-veh_007-w0004,rsu,35,15,20,0.5714285714285714
1006,case-1006-veh_007-w0004,vehicle_witness,91,91,0,0.0
1006,case-1006-veh_007-w0005,rsu,33,15,18,0.5454545454545454
1006,case-1006-veh_007-w0005,vehicle_witness,84,84,0,0.0
1006,case-1006-veh_007-w0006,rsu,13,6,7,0.5384615384615384
1006,case-1006-veh_007-w0006,vehicle_witness,30,30,0,0.0
1006,case-1006-veh_008-w0000,rsu,12,6,6,0.5
1006,case-1006-veh_008-w0000,vehicle_witness,48,48,0,0.0
1006,case-1006-veh_008-w0001,rsu,33,15,18,0.5454545454545454
1006,case-1006-veh_008-w0001,vehicle_witness,120,120,0,0.0
1006,case-1006-veh_008-w0002,rsu,32,15,17,0.53125
1006,case-1006-veh_008-w0002,vehicle_witness,120,120,0,0.0
1006,case-1006-veh_008-w0003,rsu,34,15,19,0.5588235294117647
1006,case-1006-veh_008-w0003,vehicle_witness,117,117,0,0.0
1006,case-1006-veh_008-w0004,rsu,30,15,15,0.5
1006,case-1006-veh_008-w0004,vehicle_witness,110,110,0,0.0
1006,case-1006-veh_008-w0005,rsu,37,15,22,0.5945945945945946
1006,case-1006-veh_008-w0005,vehicle_witness,117,117,0,0.0
1006,case-1006-veh_008-w0006,rsu,18,6,12,0.6666666666666666
1006,case-1006-veh_008-w0006,vehicle_witness,42,42,0,0.0
1006,case-1006-veh_009-w0000,rsu,10,5,5,0.5
1006,case-1006-veh_009-w0000,vehicle_witness,40,40,0,0.0
1006,case-1006-veh_009-w0001,rsu,42,15,27,0.6428571428571429
1006,case-1006-veh_009-w0001,vehicle_witness,120,120,0,0.0
1006,case-1006-veh_009-w0002,rsu,33,15,18,0.5454545454545454
1006,case-1006-veh_009-w0002,vehicle_witness,120,120,0,0.0
1006,case-1006-veh_009-w0003,rsu,30,15,15,0.5
1006,case-1006-veh_009-w0003,vehicle_witness,120,120,0,0.0
1006,case-1006-veh_009-w0004,rsu,34,15,19,0.5588235294117647
1006,case-1006-veh_009-w0004,vehicle_witness,107,107,0,0.0
1006,case-1006-veh_009-w0005,rsu,31,15,16,0.5161290322580645
1006,case-1006-veh_009-w0005,vehicle_witness,103,103,0,0.0
1006,case-1006-veh_009-w0006,rsu,15,6,9,0.6
1006,case-1006-veh_009-w0006,vehicle_witness,36,36,0,0.0
1006,case-1006-veh_010-w0000,rsu,8,4,4,0.5
1006,case-1006-veh_010-w0000,vehicle_witness,32,32,0,0.0
1006,case-1006-veh_010-w0001,rsu,62,15,47,0.7580645161290323
1006,case-1006-veh_010-w0001,vehicle_witness,248,120,128,0.5161290322580645
1006,case-1006-veh_010-w0002,rsu,170,15,155,0.9117647058823529
1006,case-1006-veh_010-w0002,vehicle_witness,600,120,480,0.8
1006,case-1006-veh_010-w0003,rsu,175,15,160,0.9142857142857143
1006,case-1006-veh_010-w0003,vehicle_witness,600,120,480,0.8
1006,case-1006-veh_010-w0004,rsu,150,15,135,0.9
1006,case-1006-veh_010-w0004,vehicle_witness,600,120,480,0.8
1006,case-1006-veh_010-w0005,rsu,66,15,51,0.7727272727272727
1006,case-1006-veh_010-w0005,vehicle_witness,248,120,128,0.5161290322580645
1006,case-1006-veh_010-w0006,rsu,18,6,12,0.6666666666666666
1006,case-1006-veh_010-w0006,vehicle_witness,43,43,0,0.0
1006,case-1006-veh_011-w0000,rsu,6,3,3,0.5
1006,case-1006-veh_011-w0000,vehicle_witness,24,24,0,0.0
1006,case-1006-veh_011-w0001,rsu,39,15,24,0.6153846153846154
1006,case-1006-veh_011-w0001,vehicle_witness,120,120,0,0.0
1006,case-1006-veh_011-w0002,rsu,38,15,23,0.6052631578947368
1006,case-1006-veh_011-w0002,vehicle_witness,120,120,0,0.0
1006,case-1006-veh_011-w0003,rsu,30,15,15,0.5
1006,case-1006-veh_011-w0003,vehicle_witness,120,120,0,0.0
1006,case-1006-veh_011-w0004,rsu,31,15,16,0.5161290322580645
1006,case-1006-veh_011-w0004,vehicle_witness,110,110,0,0.0
1006,case-1006-veh_011-w0005,rsu,34,15,19,0.5588235294117647
1006,case-1006-veh_011-w0005,vehicle_witness,90,90,0,0.0
1006,case-1006-veh_011-w0006,rsu,12,6,6,0.5
1006,case-1006-veh_011-w0006,vehicle_witness,36,36,0,0.0
1006,case-1006-veh_012-w0000,rsu,4,2,2,0.5
1006,case-1006-veh_012-w0000,vehicle_witness,16,16,0,0.0
1006,case-1006-veh_012-w0001,rsu,30,15,15,0.5
1006,case-1006-veh_012-w0001,vehicle_witness,120,120,0,0.0
1006,case-1006-veh_012-w0002,rsu,35,15,20,0.5714285714285714
1006,case-1006-veh_012-w0002,vehicle_witness,120,120,0,0.0
1006,case-1006-veh_012-w0003,rsu,34,15,19,0.5588235294117647
1006,case-1006-veh_012-w0003,vehicle_witness,112,112,0,0.0
1006,case-1006-veh_012-w0004,rsu,30,15,15,0.5
1006,case-1006-veh_012-w0004,vehicle_witness,116,116,0,0.0
1006,case-1006-veh_012-w0005,rsu,31,15,16,0.5161290322580645
1006,case-1006-veh_012-w0005,vehicle_witness,119,119,0,0.0
1006,case-1006-veh_012-w0006,rsu,18,6,12,0.6666666666666666
1006,case-1006-veh_012-w0006,vehicle_witness,41,41,0,0.0
1006,case-1006-veh_013-w0000,rsu,2,1,1,0.5
1006,case-1006-veh_013-w0000,vehicle_witness,8,8,0,0.0
1006,case-1006-veh_013-w0001,rsu,37,15,22,0.5945945945945946
1006,case-1006-veh_013-w0001,vehicle_witness,120,120,0,0.0
1006,case-1006-veh_013-w0002,rsu,40,15,25,0.625
1006,case-1006-veh_013-w0002,vehicle_witness,120,120,0,0.0
1006,case-1006-veh_013-w0003,rsu,30,15,15,0.5
1006,case-1006-veh_013-w0003,vehicle_witness,120,120,0,0.0
1006,case-1006-veh_013-w0004,rsu,30,15,15,0.5
1006,case-1006-veh_013-w0004,vehicle_witness,114,114,0,0.0
1006,case-1006-veh_013-w0005,rsu,35,15,20,0.5714285714285714
1006,case-1006-veh_013-w0005,vehicle_witness,95,95,0,0.0
1006,case-1006-veh_013-w0006,rsu,12,6,6,0.5
1006,case-1006-veh_013-w0006,vehicle_witness,30,30,0,0.0
1006,case-1006-veh_014-w0001,rsu,30,15,15,0.5
1006,case-1006-veh_014-w0001,vehicle_witness,120,120,0,0.0
1006,case-1006-veh_014-w0002,rsu,136,15,121,0.8897058823529411
1006,case-1006-veh_014-w0002,vehicle_witness,480,120,360,0.75
1006,case-1006-veh_014-w0003,rsu,140,15,125,0.8928571428571429
1006,case-1006-veh_014-w0003,vehicle_witness,480,120,360,0.75
1006,case-1006-veh_014-w0004,rsu,120,15,105,0.875
1006,case-1006-veh_014-w0004,vehicle_witness,472,118,354,0.75
1006,case-1006-veh_014-w0005,rsu,78,15,63,0.8076923076923077
1006,case-1006-veh_014-w0005,vehicle_witness,312,120,192,0.6153846153846154
1006,case-1006-veh_014-w0006,rsu,17,6,11,0.6470588235294118
1006,case-1006-veh_014-w0006,vehicle_witness,45,45,0,0.0
1006,case-1006-veh_015-w0001,rsu,34,14,20,0.5882352941176471
1006,case-1006-veh_015-w0001,vehicle_witness,112,112,0,0.0
1006,case-1006-veh_015-w0002,rsu,42,15,27,0.6428571428571429
1006,case-1006-veh_015-w0002,vehicle_witness,120,120,0,0.0
1006,case-1006-veh_015-w0003,rsu,30,15,15,0.5
1006,case-1006-veh_015-w0003,vehicle_witness,120,120,0,0.0
1006,case-1006-veh_015-w0004,rsu,30,15,15,0.5
1006,case-1006-veh_015-w0004,vehicle_witness,102,102,0,0.0
1006,case-1006-veh_015-w0005,rsu,35,15,20,0.5714285714285714
1006,case-1006-veh_015-w0005,vehicle_witness,88,88,0,0.0
1006,case-1006-veh_015-w0006,rsu,12,6,6,0.5
1006,case-1006-veh_015-w0006,vehicle_witness,30,30,0,0.0
1006,case-1006-veh_016-w0001,rsu,26,13,13,0.5
1006,case-1006-veh_016-w0001,vehicle_witness,104,104,0,0.0
1006,case-1006-veh_016-w0002,rsu,35,15,20,0.5714285714285714
1006,case-1006-veh_016-w0002,vehicle_witness,106,106,0,0.0
1006,case-1006-veh_016-w0003,rsu,31,15,16,0.5161290322580645
1006,case-1006-veh_016-w0003,vehicle_witness,102,102,0,0.0
1006,case-1006-veh_016-w0004,rsu,34,15,19,0.5588235294117647
1006,case-1006-veh_016-w0004,vehicle_witness,98,98,0,0.0
1006,case-1006-veh_016-w0005,rsu,30,15,15,0.5
1006,case-1006-veh_016-w0005,vehicle_witness,111,111,0,0.0
1006,case-1006-veh_016-w0006,rsu,12,6,6,0.5
1006,case-1006-veh_016-w0006,vehicle_witness,36,36,0,0.0
1006,case-1006-veh_017-w0001,rsu,28,12,16,0.5714285714285714
1006,case-1006-veh_017-w0001,vehicle_witness,96,96,0,0.0
1006,case-1006-veh_017-w0002,rsu,43,15,28,0.6511627906976745
1006,case-1006-veh_017-w0002,vehicle_witness,120,120,0,0.0
1006,case-1006-veh_017-w0003,rsu,30,15,15,0.5
1006,case-1006-veh_017-w0003,vehicle_witness,119,119,0,0.0
1006,case-1006-veh_017-w0004,rsu,30,15,15,0.5
1006,case-1006-veh_017-w0004,vehicle_witness,92,92,0,0.0
1006,case-1006-veh_017-w0005,rsu,35,15,20,0.5714285714285714
1006,case-1006-veh_017-w0005,vehicle_witness,90,90,0,0.0
1006,case-1006-veh_017-w0006,rsu,12,6,6,0.5
1006,case-1006-veh_017-w0006,vehicle_witness,36,36,0,0.0
1006,case-1006-veh_018-w0001,rsu,22,11,11,0.5
1006,case-1006-veh_018-w0001,vehicle_witness,87,87,0,0.0
1006,case-1006-veh_018-w0002,rsu,35,15,20,0.5714285714285714
1006,case-1006-veh_018-w0002,vehicle_witness,98,98,0,0.0
1006,case-1006-veh_018-w0003,rsu,30,15,15,0.5
1006,case-1006-veh_018-w0003,vehicle_witness,90,90,0,0.0
1006,case-1006-veh_018-w0004,rsu,35,15,20,0.5714285714285714
1006,case-1006-veh_018-w0004,vehicle_witness,93,93,0,0.0
1006,case-1006-veh_018-w0005,rsu,30,15,15,0.5
1006,case-1006-veh_018-w0005,vehicle_witness,110,110,0,0.0
1006,case-1006-veh_018-w0006,rsu,12,6,6,0.5
1006,case-1006-veh_018-w0006,vehicle_witness,31,31,0,0.0
1006,case-1006-veh_019-w0001,rsu,22,10,12,0.5454545454545454
1006,case-1006-veh_019-w0001,vehicle_witness,80,80,0,0.0
1006,case-1006-veh_019-w0002,rsu,45,15,30,0.6666666666666666
1006,case-1006-veh_019-w0002,vehicle_witness,111,111,0,0.0
1006,case-1006-veh_019-w0003,rsu,30,15,15,0.5
1006,case-1006-veh_019-w0003,vehicle_witness,119,119,0,0.0
1006,case-1006-veh_019-w0004,rsu,30,15,15,0.5
1006,case-1006-veh_019-w0004,vehicle_witness,91,91,0,0.0
1006,case-1006-veh_019-w0005,rsu,34,15,19,0.5588235294117647
1006,case-1006-veh_019-w0005,vehicle_witness,90,90,0,0.0
1006,case-1006-veh_019-w0006,rsu,12,6,6,0.5
1006,case-1006-veh_019-w0006,vehicle_witness,36,36,0,0.0
1006,case-1006-veh_020-w0001,rsu,18,9,9,0.5
1006,case-1006-veh_020-w0001,vehicle_witness,72,72,0,0.0
1006,case-1006-veh_020-w0002,rsu,33,15,18,0.5454545454545454
1006,case-1006-veh_020-w0002,vehicle_witness,79,79,0,0.0
1006,case-1006-veh_020-w0003,rsu,33,15,18,0.5454545454545454
1006,case-1006-veh_020-w0003,vehicle_witness,67,67,0,0.0
1006,case-1006-veh_020-w0004,rsu,35,15,20,0.5714285714285714
1006,case-1006-veh_020-w0004,vehicle_witness,50,50,0,0.0
1006,case-1006-veh_020-w0005,rsu,30,15,15,0.5
1006,case-1006-veh_020-w0005,vehicle_witness,75,75,0,0.0
1006,case-1006-veh_020-w0006,rsu,12,6,6,0.5
1006,case-1006-veh_020-w0006,vehicle_witness,26,26,0,0.0
1006,case-1006-veh_021-w0001,rsu,16,8,8,0.5
1006,case-1006-veh_021-w0001,vehicle_witness,64,64,0,0.0
1006,case-1006-veh_021-w0002,rsu,44,15,29,0.6590909090909091
1006,case-1006-veh_021-w0002,vehicle_witness,94,94,0,0.0
1006,case-1006-veh_021-w0003,rsu,33,15,18,0.5454545454545454
1006,case-1006-veh_021-w0003,vehicle_witness,118,118,0,0.0
1006,case-1006-veh_021-w0004,rsu,30,15,15,0.5
1006,case-1006-veh_021-w0004,vehicle_witness,82,82,0,0.0
1006,case-1006-veh_021-w0005,rsu,31,15,16,0.5161290322580645
1006,case-1006-veh_021-w0005,vehicle_witness,71,71,0,0.0
1006,case-1006-veh_021-w0006,rsu,17,6,11,0.6470588235294118
1006,case-1006-veh_021-w0006,vehicle_witness,24,24,0,0.0
1006,case-1006-veh_022-w0001,rsu,14,7,7,0.5
1006,case-1006-veh_022-w0001,vehicle_witness,56,56,0,0.0
1006,case-1006-veh_022-w0002,rsu,31,15,16,0.5161290322580645
1006,case-1006-veh_022-w0002,vehicle_witness,71,71,0,0.0
1006,case-1006-veh_022-w0003,rsu,34,15,19,0.5588235294117647
1006,case-1006-veh_022-w0003,vehicle_witness,53,53,0,0.0
1006,case-1006-veh_022-w0004,rsu,35,15,20,0.5714285714285714
1006,case-1006-veh_022-w0004,vehicle_witness,45,45,0,0.0
1006,case-1006-veh_022-w0005,rsu,30,15,15,0.5
1006,case-1006-veh_022-w0005,vehicle_witness,68,68,0,0.0
1006,case-1006-veh_022-w0006,rsu,12,6,6,0.5
1006,case-1006-veh_022-w0006,vehicle_witness,24,24,0,0.0
1006,case-1006-veh_023-w0001,rsu,12,6,6,0.5
1006,case-1006-veh_023-w0001,vehicle_witness,48,48,0,0.0
1006,case-1006-veh_023-w0002,rsu,43,15,28,0.6511627906976745
1006,case-1006-veh_023-w0002,vehicle_witness,93,93,0,0.0
1006,case-1006-veh_023-w0003,rsu,35,15,20,0.5714285714285714
1006,case-1006-veh_023-w0003,vehicle_witness,117,117,0,0.0
1006,case-1006-veh_023-w0004,rsu,30,15,15,0.5
1006,case-1006-veh_023-w0004,vehicle_witness,72,72,0,0.0
1006,case-1006-veh_023-w0005,rsu,30,15,15,0.5
1006,case-1006-veh_023-w0005,vehicle_witness,45,45,0,0.0
1006,case-1006-veh_023-w0006,rsu,17,6,11,0.6470588235294118
1006,case-1006-veh_023-w0006,vehicle_witness,18,18,0,0.0
1007,case-1007-veh_000-w0000,rsu,28,14,14,0.5
1007,case-1007-veh_000-w0000,vehicle_witness,64,64,0,0.0
1007,case-1007-veh_000-w0001,rsu,35,15,20,0.5714285714285714
1007,case-1007-veh_000-w0001,vehicle_witness,75,75,0,0.0
1007,case-1007-veh_000-w0002,rsu,34,15,19,0.5588235294117647
1007,case-1007-veh_000-w0002,vehicle_witness,75,75,0,0.0
1007,case-1007-veh_000-w0003,rsu,30,15,15,0.5
1007,case-1007-veh_000-w0003,vehicle_witness,75,75,0,0.0
1007,case-1007-veh_000-w0004,rsu,32,15,17,0.53125
1007,case-1007-veh_000-w0004,vehicle_witness,99,99,0,0.0
1007,case-1007-veh_000-w0005,rsu,43,15,28,0.6511627906976745
1007,case-1007-veh_000-w0005,vehicle_witness,65,65,0,0.0
1007,case-1007-veh_000-w0006,rsu,12,6,6,0.5
1007,case-1007-veh_000-w0006,vehicle_witness,35,35,0,0.0
1007,case-1007-veh_001-w0000,rsu,31,13,18,0.5806451612903226
1007,case-1007-veh_001-w0000,vehicle_witness,66,66,0,0.0
1007,case-1007-veh_001-w0001,rsu,40,15,25,0.625
1007,case-1007-veh_001-w0001,vehicle_witness,66,66,0,0.0
1007,case-1007-veh_001-w0002,rsu,30,15,15,0.5
1007,case-1007-veh_001-w0002,vehicle_witness,92,92,0,0.0
1007,case-1007-veh_001-w0003,rsu,34,15,19,0.5588235294117647
1007,case-1007-veh_001-w0003,vehicle_witness,54,54,0,0.0
1007,case-1007-veh_001-w0004,rsu,30,15,15,0.5
1007,case-1007-veh_001-w0004,vehicle_witness,45,45,0,0.0
1007,case-1007-veh_001-w0005,rsu,34,15,19,0.5588235294117647
1007,case-1007-veh_001-w0005,vehicle_witness,37,37,0,0.0
1007,case-1007-veh_001-w0006,rsu,12,6,6,0.5
1007,case-1007-veh_001-w0006,vehicle_witness,28,28,0,0.0
1007,case-1007-veh_002-w0000,rsu,24,12,12,0.5
1007,case-1007-veh_002-w0000,vehicle_witness,73,73,0,0.0
1007,case-1007-veh_002-w0001,rsu,34,15,19,0.5588235294117647
1007,case-1007-veh_002-w0001,vehicle_witness,90,90,0,0.0
1007,case-1007-veh_002-w0002,rsu,33,15,18,0.5454545454545454
1007,case-1007-veh_002-w0002,vehicle_witness,90,90,0,0.0
1007,case-1007-veh_002-w0003,rsu,32,15,17,0.53125
1007,case-1007-veh_002-w0003,vehicle_witness,90,90,0,0.0
1007,case-1007-veh_002-w0004,rsu,30,15,15,0.5
1007,case-1007-veh_002-w0004,vehicle_witness,104,104,0,0.0
1007,case-1007-veh_002-w0005,rsu,43,15,28,0.6511627906976745
1007,case-1007-veh_002-w0005,vehicle_witness,91,91,0,0.0
1007,case-1007-veh_002-w0006,rsu,14,6,8,0.5714285714285714
1007,case-1007-veh_002-w0006,vehicle_witness,38,38,0,0.0
1007,case-1007-veh_003-w0000,rsu,25,11,14,0.56
1007,case-1007-veh_003-w0000,vehicle_witness,73,73,0,0.0
1007,case-1007-veh_003-w0001,rsu,42,15,27,0.6428571428571429
1007,case-1007-veh_003-w0001,vehicle_witness,86,86,0,0.0
1007,case-1007-veh_003-w0002,rsu,30,15,15,0.5
1007,case-1007-veh_003-w0002,vehicle_witness,98,98,0,0.0
1007,case-1007-veh_003-w0003,rsu,32,15,17,0.53125
1007,case-1007-veh_003-w0003,vehicle_witness,80,80,0,0.0
1007,case-1007-veh_003-w0004,rsu,32,15,17,0.53125
1007,case-1007-veh_003-w0004,vehicle_witness,60,60,0,0.0
1007,case-1007-veh_003-w0005,rsu,34,15,19,0.5588235294117647
1007,case-1007-veh_003-w0005,vehicle_witness,60,60,0,0.0
1007,case-1007-veh_003-w0006,rsu,12,6,6,0.5
1007,case-1007-veh_003-w0006,vehicle_witness,35,35,0,0.0
1007,case-1007-veh_004-w0000,rsu,20,10,10,0.5
1007,case-1007-veh_004-w0000,vehicle_witness,70,70,0,0.0
1007,case-1007-veh_004-w0001,rsu,34,15,19,0.5588235294117647
1007,case-1007-veh_004-w0001,vehicle_witness,106,106,0,0.0
1007,case-1007-veh_004-w0002,rsu,31,15,16,0.5161290322580645
1007,case-1007-veh_004-w0002,vehicle_witness,105,105,0,0.0
1007,case-1007-veh_004-w0003,rsu,33,15,18,0.5454545454545454
1007,case-1007-veh_004-w0003,vehicle_witness,105,105,0,0.0
1007,case-1007-veh_004-w0004,rsu,30,15,15,0.5
1007,case-1007-veh_004-w0004,vehicle_witness,112,112,0,0.0
1007,case-1007-veh_004-w0005,rsu,40,15,25,0.625
1007,case-1007-veh_004-w0005,vehicle_witness,107,107,0,0.0
1007,case-1007-veh_004-w0006,rsu,17,6,11,0.6470588235294118
1007,case-1007-veh_004-w0006,vehicle_witness,41,41,0,0.0
1007,case-1007-veh_005-w0000,rsu,19,9,10,0.5263157894736842
1007,case-1007-veh_005-w0000,vehicle_witness,66,66,0,0.0
1007,case-1007-veh_005-w0001,rsu,45,15,30,0.6666666666666666
1007,case-1007-veh_005-w0001,vehicle_witness,114,114,0,0.0
1007,case-1007-veh_005-w0002,rsu,31,15,16,0.5161290322580645
1007,case-1007-veh_005-w0002,vehicle_witness,115,115,0,0.0
1007,case-1007-veh_005-w0003,rsu,30,15,15,0.5
1007,case-1007-veh_005-w0003,vehicle_witness,107,107,0,0.0
1007,case-1007-veh_005-w0004,rsu,35,15,20,0.5714285714285714
1007,case-1007-veh_005-w0004,vehicle_witness,75,75,0,0.0
1007,case-1007-veh_005-w0005,rsu,35,15,20,0.5714285714285714
1007,case-1007-veh_005-w0005,vehicle_witness,73,73,0,0.0
1007,case-1007-veh_005-w0006,rsu,12,6,6,0.5
1007,case-1007-veh_005-w0006,vehicle_witness,24,24,0,0.0
1007,case-1007-veh_006-w0000,rsu,16,8,8,0.5
1007,case-1007-veh_006-w0000,vehicle_witness,61,61,0,0.0
1007,case-1007-veh_006-w0001,rsu,30,7,23,0.7666666666666667
1007,case-1007-veh_006-w0001,vehicle_witness,120,56,64,0.5333333333333333
1007,case-1007-veh_006-w0002,rsu,30,4,26,0.8666666666666667
1007,case-1007-veh_006-w0002,vehicle_witness,120,32,88,0.7333333333333333
1007,case-1007-veh_006-w0003,rsu,30,4,26,0.8666666666666667
1007,case-1007-veh_006-w0003,vehicle_witness,120,32,88,0.7333333333333333
1007,case-1007-veh_006-w0004,rsu,30,4,26,0.8666666666666667
1007,case-1007-veh_006-w0004,vehicle_witness,120,33,87,0.725
1007,case-1007-veh_006-w0005,rsu,38,15,23,0.6052631578947368
1007,case-1007-veh_006-w0005,vehicle_witness,116,116,0,0.0
1007,case-1007-veh_006-w0006,rsu,18,6,12,0.6666666666666666
1007,case-1007-veh_006-w0006,vehicle_witness,44,44,0,0.0
1007,case-1007-veh_007-w0000,rsu,14,7,7,0.5
1007,case-1007-veh_007-w0000,vehicle_witness,55,55,0,0.0
1007,case-1007-veh_007-w0001,rsu,44,15,29,0.6590909090909091
1007,case-1007-veh_007-w0001,vehicle_witness,120,120,0,0.0
1007,case-1007-veh_007-w0002,rsu,32,15,17,0.53125
1007,case-1007-veh_007-w0002,vehicle_witness,120,120,0,0.0
1007,case-1007-veh_007-w0003,rsu,30,15,15,0.5
1007,case-1007-veh_007-w0003,vehicle_witness,116,116,0,0.0
1007,case-1007-veh_007-w0004,rsu,35,15,20,0.5714285714285714
1007,case-1007-veh_007-w0004,vehicle_witness,90,90,0,0.0
1007,case-1007-veh_007-w0005,rsu,34,15,19,0.5588235294117647
1007,case-1007-veh_007-w0005,vehicle_witness,79,79,0,0.0
1007,case-1007-veh_007-w0006,rsu,13,6,7,0.5384615384615384
1007,case-1007-veh_007-w0006,vehicle_witness,24,24,0,0.0
1007,case-1007-veh_008-w0000,rsu,12,6,6,0.5
1007,case-1007-veh_008-w0000,vehicle_witness,48,48,0,0.0
1007,case-1007-veh_008-w0001,rsu,33,15,18,0.5454545454545454
1007,case-1007-veh_008-w0001,vehicle_witness,120,120,0,0.0
1007,case-1007-veh_008-w0002,rsu,32,15,17,0.53125
1007,case-1007-veh_008-w0002,vehicle_witness,120,120,0,0.0
1007,case-1007-veh_008-w0003,rsu,34,15,19,0.5588235294117647
1007,case-1007-veh_008-w0003,vehicle_witness,120,120,0,0.0
1007,case-1007-veh_008-w0004,rsu,30,15,15,0.5
1007,case-1007-veh_008-w0004,vehicle_witness,120,120,0,0.0
1007,case-1007-veh_008-w0005,rsu,36,15,21,0.5833333333333334
1007,case-1007-veh_008-w0005,vehicle_witness,120,120,0,0.0
1007,case-1007-veh_008-w0006,rsu,18,6,12,0.6666666666666666
1007,case-1007-veh_008-w0006,vehicle_witness,48,48,0,0.0
1007,case-1007-veh_009-w0000,rsu,10,5,5,0.5
1007,case-1007-veh_009-w0000,vehicle_witness,40,40,0,0.0
1007,case-1007-veh_009-w0001,rsu,42,15,27,0.6428571428571429
1007,case-1007-veh_009-w0001,vehicle_witness,120,120,0,0.0
1007,case-1007-veh_009-w0002,rsu,34,15,19,0.5588235294117647
1007,case-1007-veh_009-w0002,vehicle_witness,120,120,0,0.0
1007,case-1007-veh_009-w0003,rsu,30,15,15,0.5
1007,case-1007-veh_009-w0003,vehicle_witness,120,120,0,0.0
1007,case-1007-veh_009-w0004,rsu,34,15,19,0.5588235294117647
1007,case-1007-veh_009-w0004,vehicle_witness,93,93,0,0.0
1007,case-1007-veh_009-w0005,rsu,32,15,17,0.53125
1007,case-1007-veh_009-w0005,vehicle_witness,90,90,0,0.0
1007,case-1007-veh_009-w0006,rsu,15,6,9,0.6
1007,case-1007-veh_009-w0006,vehicle_witness,36,36,0,0.0
1007,case-1007-veh_010-w0000,rsu,8,4,4,0.5
1007,case-1007-veh_010-w0000,vehicle_witness,32,32,0,0.0
1007,case-1007-veh_010-w0001,rsu,67,15,52,0.7761194029850746
1007,case-1007-veh_010-w0001,vehicle_witness,248,120,128,0.5161290322580645
1007,case-1007-veh_010-w0002,rsu,170,15,155,0.9117647058823529
1007,case-1007-veh_010-w0002,vehicle_witness,600,120,480,0.8
1007,case-1007-veh_010-w0003,rsu,170,15,155,0.9117647058823529
1007,case-1007-veh_010-w0003,vehicle_witness,600,120,480,0.8
1007,case-1007-veh_010-w0004,rsu,150,15,135,0.9
1007,case-1007-veh_010-w0004,vehicle_witness,600,120,480,0.8
1007,case-1007-veh_010-w0005,rsu,66,15,51,0.7727272727272727
1007,case-1007-veh_010-w0005,vehicle_witness,248,120,128,0.5161290322580645
1007,case-1007-veh_010-w0006,rsu,18,6,12,0.6666666666666666
1007,case-1007-veh_010-w0006,vehicle_witness,48,48,0,0.0
1007,case-1007-veh_011-w0000,rsu,6,3,3,0.5
1007,case-1007-veh_011-w0000,vehicle_witness,24,24,0,0.0
1007,case-1007-veh_011-w0001,rsu,39,15,24,0.6153846153846154
1007,case-1007-veh_011-w0001,vehicle_witness,120,120,0,0.0
1007,case-1007-veh_011-w0002,rsu,38,15,23,0.6052631578947368
1007,case-1007-veh_011-w0002,vehicle_witness,120,120,0,0.0
1007,case-1007-veh_011-w0003,rsu,30,15,15,0.5
1007,case-1007-veh_011-w0003,vehicle_witness,120,120,0,0.0
1007,case-1007-veh_011-w0004,rsu,31,15,16,0.5161290322580645
1007,case-1007-veh_011-w0004,vehicle_witness,111,111,0,0.0
1007,case-1007-veh_011-w0005,rsu,34,15,19,0.5588235294117647
1007,case-1007-veh_011-w0005,vehicle_witness,107,107,0,0.0
1007,case-1007-veh_011-w0006,rsu,12,6,6,0.5
1007,case-1007-veh_011-w0006,vehicle_witness,42,42,0,0.0
1007,case-1007-veh_012-w0000,rsu,4,2,2,0.5
1007,case-1007-veh_012-w0000,vehicle_witness,16,16,0,0.0
1007,case-1007-veh_012-w0001,rsu,30,15,15,0.5
1007,case-1007-veh_012-w0001,vehicle_witness,120,120,0,0.0
1007,case-1007-veh_012-w0002,rsu,35,15,20,0.5714285714285714
1007,case-1007-veh_012-w0002,vehicle_witness,120,120,0,0.0
1007,case-1007-veh_012-w0003,rsu,35,15,20,0.5714285714285714
1007,case-1007-veh_012-w0003,vehicle_witness,120,120,0,0.0
1007,case-1007-veh_012-w0004,rsu,30,15,15,0.5
1007,case-1007-veh_012-w0004,vehicle_witness,120,120,0,0.0
1007,case-1007-veh_012-w0005,rsu,31,15,16,0.5161290322580645
1007,case-1007-veh_012-w0005,vehicle_witness,120,120,0,0.0
1007,case-1007-veh_012-w0006,rsu,18,6,12,0.6666666666666666
1007,case-1007-veh_012-w0006,vehicle_witness,48,48,0,0.0
1007,case-1007-veh_013-w0000,rsu,2,1,1,0.5
1007,case-1007-veh_013-w0000,vehicle_witness,8,8,0,0.0
1007,case-1007-veh_013-w0001,rsu,38,15,23,0.6052631578947368
1007,case-1007-veh_013-w0001,vehicle_witness,120,120,0,0.0
1007,case-1007-veh_013-w0002,rsu,40,15,25,0.625
1007,case-1007-veh_013-w0002,vehicle_witness,120,120,0,0.0
1007,case-1007-veh_013-w0003,rsu,30,15,15,0.5
1007,case-1007-veh_013-w0003,vehicle_witness,120,120,0,0.0
1007,case-1007-veh_013-w0004,rsu,30,15,15,0.5
1007,case-1007-veh_013-w0004,vehicle_witness,108,108,0,0.0
1007,case-1007-veh_013-w0005,rsu,35,15,20,0.5714285714285714
1007,case-1007-veh_013-w0005,vehicle_witness,103,103,0,0.0
1007,case-1007-veh_013-w0006,rsu,12,6,6,0.5
1007,case-1007-veh_013-w0006,vehicle_witness,36,36,0,0.0
1007,case-1007-veh_014-w0001,rsu,30,15,15,0.5
1007,case-1007-veh_014-w0001,vehicle_witness,120,120,0,0.0
1007,case-1007-veh_014-w0002,rsu,136,15,121,0.8897058823529411
1007,case-1007-veh_014-w0002,vehicle_witness,480,120,360,0.75
1007,case-1007-veh_014-w0003,rsu,136,15,121,0.8897058823529411
1007,case-1007-veh_014-w0003,vehicle_witness,480,120,360,0.75
1007,case-1007-veh_014-w0004,rsu,120,15,105,0.875
1007,case-1007-veh_014-w0004,vehicle_witness,480,120,360,0.75
1007,case-1007-veh_014-w0005,rsu,78,15,63,0.8076923076923077
1007,case-1007-veh_014-w0005,vehicle_witness,312,120,192,0.6153846153846154
1007,case-1007-veh_014-w0006,rsu,17,6,11,0.6470588235294118
1007,case-1007-veh_014-w0006,vehicle_witness,48,48,0,0.0
1007,case-1007-veh_015-w0001,rsu,34,14,20,0.5882352941176471
1007,case-1007-veh_015-w0001,vehicle_witness,112,112,0,0.0
1007,case-1007-veh_015-w0002,rsu,42,15,27,0.6428571428571429
1007,case-1007-veh_015-w0002,vehicle_witness,120,120,0,0.0
1007,case-1007-veh_015-w0003,rsu,30,15,15,0.5
1007,case-1007-veh_015-w0003,vehicle_witness,118,118,0,0.0
1007,case-1007-veh_015-w0004,rsu,30,15,15,0.5
1007,case-1007-veh_015-w0004,vehicle_witness,101,101,0,0.0
1007,case-1007-veh_015-w0005,rsu,35,15,20,0.5714285714285714
1007,case-1007-veh_015-w0005,vehicle_witness,90,90,0,0.0
1007,case-1007-veh_015-w0006,rsu,12,6,6,0.5
1007,case-1007-veh_015-w0006,vehicle_witness,41,41,0,0.0
1007,case-1007-veh_016-w0001,rsu,26,13,13,0.5
1007,case-1007-veh_016-w0001,vehicle_witness,104,104,0,0.0
1007,case-1007-veh_016-w0002,rsu,34,15,19,0.5588235294117647
1007,case-1007-veh_016-w0002,vehicle_witness,120,120,0,0.0
1007,case-1007-veh_016-w0003,rsu,34,15,19,0.5588235294117647
1007,case-1007-veh_016-w0003,vehicle_witness,120,120,0,0.0
1007,case-1007-veh_016-w0004,rsu,31,15,16,0.5161290322580645
1007,case-1007-veh_016-w0004,vehicle_witness,120,120,0,0.0
1007,case-1007-veh_016-w0005,rsu,30,15,15,0.5
1007,case-1007-veh_016-w0005,vehicle_witness,116,116,0,0.0
1007,case-1007-veh_016-w0006,rsu,14,6,8,0.5714285714285714
1007,case-1007-veh_016-w0006,vehicle_witness,42,42,0,0.0
1007,case-1007-veh_017-w0001,rsu,28,12,16,0.5714285714285714
1007,case-1007-veh_017-w0001,vehicle_witness,96,96,0,0.0
1007,case-1007-veh_017-w0002,rsu,43,15,28,0.6511627906976745
1007,case-1007-veh_017-w0002,vehicle_witness,120,120,0,0.0
1007,case-1007-veh_017-w0003,rsu,30,15,15,0.5
1007,case-1007-veh_017-w0003,vehicle_witness,118,118,0,0.0
1007,case-1007-veh_017-w0004,rsu,30,15,15,0.5
1007,case-1007-veh_017-w0004,vehicle_witness,92,92,0,0.0
1007,case-1007-veh_017-w0005,rsu,34,15,19,0.5588235294117647
1007,case-1007-veh_017-w0005,vehicle_witness,90,90,0,0.0
1007,case-1007-veh_017-w0006,rsu,12,6,6,0.5
1007,case-1007-veh_017-w0006,vehicle_witness,36,36,0,0.0
1007,case-1007-veh_018-w0001,rsu,22,11,11,0.5
1007,case-1007-veh_018-w0001,vehicle_witness,87,87,0,0.0
1007,case-1007-veh_018-w0002,rsu,34,15,19,0.5588235294117647
1007,case-1007-veh_018-w0002,vehicle_witness,105,105,0,0.0
1007,case-1007-veh_018-w0003,rsu,32,15,17,0.53125
1007,case-1007-veh_018-w0003,vehicle_witness,105,105,0,0.0
1007,case-1007-veh_018-w0004,rsu,33,15,18,0.5454545454545454
1007,case-1007-veh_018-w0004,vehicle_witness,111,111,0,0.0
1007,case-1007-veh_018-w0005,rsu,30,15,15,0.5
1007,case-1007-veh_018-w0005,vehicle_witness,112,112,0,0.0
1007,case-1007-veh_018-w0006,rsu,12,6,6,0.5
1007,case-1007-veh_018-w0006,vehicle_witness,36,36,0,0.0
1007,case-1007-veh_019-w0001,rsu,22,10,12,0.5454545454545454
1007,case-1007-veh_019-w0001,vehicle_witness,79,79,0,0.0
1007,case-1007-veh_019-w0002,rsu,45,15,30,0.6666666666666666
1007,case-1007-veh_019-w0002,vehicle_witness,111,111,0,0.0
1007,case-1007-veh_019-w0003,rsu,30,15,15,0.5
1007,case-1007-veh_019-w0003,vehicle_witness,118,118,0,0.0
1007,case-1007-veh_019-w0004,rsu,30,15,15,0.5
1007,case-1007-veh_019-w0004,vehicle_witness,91,91,0,0.0
1007,case-1007-veh_019-w0005,rsu,35,15,20,0.5714285714285714
1007,case-1007-veh_019-w0005,vehicle_witness,90,90,0,0.0
1007,case-1007-veh_019-w0006,rsu,12,6,6,0.5
1007,case-1007-veh_019-w0006,vehicle_witness,36,36,0,0.0
1007,case-1007-veh_020-w0001,rsu,18,9,9,0.5
1007,case-1007-veh_020-w0001,vehicle_witness,71,71,0,0.0
1007,case-1007-veh_020-w0002,rsu,34,15,19,0.5588235294117647
1007,case-1007-veh_020-w0002,vehicle_witness,90,90,0,0.0
1007,case-1007-veh_020-w0003,rsu,30,15,15,0.5
1007,case-1007-veh_020-w0003,vehicle_witness,90,90,0,0.0
1007,case-1007-veh_020-w0004,rsu,34,15,19,0.5588235294117647
1007,case-1007-veh_020-w0004,vehicle_witness,98,98,0,0.0
1007,case-1007-veh_020-w0005,rsu,30,15,15,0.5
1007,case-1007-veh_020-w0005,vehicle_witness,112,112,0,0.0
1007,case-1007-veh_020-w0006,rsu,12,6,6,0.5
1007,case-1007-veh_020-w0006,vehicle_witness,30,30,0,0.0
1007,case-1007-veh_021-w0001,rsu,16,8,8,0.5
1007,case-1007-veh_021-w0001,vehicle_witness,63,63,0,0.0
1007,case-1007-veh_021-w0002,rsu,45,15,30,0.6666666666666666
1007,case-1007-veh_021-w0002,vehicle_witness,99,99,0,0.0
1007,case-1007-veh_021-w0003,rsu,31,15,16,0.5161290322580645
1007,case-1007-veh_021-w0003,vehicle_witness,118,118,0,0.0
1007,case-1007-veh_021-w0004,rsu,30,15,15,0.5
1007,case-1007-veh_021-w0004,vehicle_witness,78,78,0,0.0
1007,case-1007-veh_021-w0005,rsu,34,15,19,0.5588235294117647
1007,case-1007-veh_021-w0005,vehicle_witness,79,79,0,0.0
1007,case-1007-veh_021-w0006,rsu,13,6,7,0.5384615384615384
1007,case-1007-veh_021-w0006,vehicle_witness,36,36,0,0.0
1007,case-1007-veh_022-w0001,rsu,14,7,7,0.5
1007,case-1007-veh_022-w0001,vehicle_witness,55,55,0,0.0
1007,case-1007-veh_022-w0002,rsu,32,15,17,0.53125
1007,case-1007-veh_022-w0002,vehicle_witness,78,78,0,0.0
1007,case-1007-veh_022-w0003,rsu,33,15,18,0.5454545454545454
1007,case-1007-veh_022-w0003,vehicle_witness,75,75,0,0.0
1007,case-1007-veh_022-w0004,rsu,35,15,20,0.5714285714285714
1007,case-1007-veh_022-w0004,vehicle_witness,60,60,0,0.0
1007,case-1007-veh_022-w0005,rsu,30,15,15,0.5
1007,case-1007-veh_022-w0005,vehicle_witness,99,99,0,0.0
1007,case-1007-veh_022-w0006,rsu,12,6,6,0.5
1007,case-1007-veh_022-w0006,vehicle_witness,27,27,0,0.0
1007,case-1007-veh_023-w0001,rsu,12,6,6,0.5
1007,case-1007-veh_023-w0001,vehicle_witness,48,48,0,0.0
1007,case-1007-veh_023-w0002,rsu,43,15,28,0.6511627906976745
1007,case-1007-veh_023-w0002,vehicle_witness,95,95,0,0.0
1007,case-1007-veh_023-w0003,rsu,33,15,18,0.5454545454545454
1007,case-1007-veh_023-w0003,vehicle_witness,117,117,0,0.0
1007,case-1007-veh_023-w0004,rsu,30,15,15,0.5
1007,case-1007-veh_023-w0004,vehicle_witness,70,70,0,0.0
1007,case-1007-veh_023-w0005,rsu,30,15,15,0.5
1007,case-1007-veh_023-w0005,vehicle_witness,45,45,0,0.0
1007,case-1007-veh_023-w0006,rsu,17,6,11,0.6470588235294118
1007,case-1007-veh_023-w0006,vehicle_witness,23,23,0,0.0
1008,case-1008-veh_000-w0000,rsu,28,14,14,0.5
1008,case-1008-veh_000-w0000,vehicle_witness,64,64,0,0.0
1008,case-1008-veh_000-w0001,rsu,34,15,19,0.5588235294117647
1008,case-1008-veh_000-w0001,vehicle_witness,75,75,0,0.0
1008,case-1008-veh_000-w0002,rsu,34,15,19,0.5588235294117647
1008,case-1008-veh_000-w0002,vehicle_witness,56,56,0,0.0
1008,case-1008-veh_000-w0003,rsu,30,15,15,0.5
1008,case-1008-veh_000-w0003,vehicle_witness,37,37,0,0.0
1008,case-1008-veh_000-w0004,rsu,31,15,16,0.5161290322580645
1008,case-1008-veh_000-w0004,vehicle_witness,62,62,0,0.0
1008,case-1008-veh_000-w0005,rsu,44,15,29,0.6590909090909091
1008,case-1008-veh_000-w0005,vehicle_witness,19,19,0,0.0
1008,case-1008-veh_000-w0006,rsu,12,6,6,0.5
1008,case-1008-veh_000-w0006,vehicle_witness,12,12,0,0.0
1008,case-1008-veh_001-w0000,rsu,31,13,18,0.5806451612903226
1008,case-1008-veh_001-w0000,vehicle_witness,67,67,0,0.0
1008,case-1008-veh_001-w0001,rsu,40,15,25,0.625
1008,case-1008-veh_001-w0001,vehicle_witness,68,68,0,0.0
1008,case-1008-veh_001-w0002,rsu,30,15,15,0.5
1008,case-1008-veh_001-w0002,vehicle_witness,92,92,0,0.0
1008,case-1008-veh_001-w0003,rsu,35,15,20,0.5714285714285714
1008,case-1008-veh_001-w0003,vehicle_witness,53,53,0,0.0
1008,case-1008-veh_001-w0004,rsu,31,15,16,0.5161290322580645
1008,case-1008-veh_001-w0004,vehicle_witness,45,45,0,0.0
1008,case-1008-veh_001-w0005,rsu,34,15,19,0.5588235294117647
1008,case-1008-veh_001-w0005,vehicle_witness,46,46,0,0.0
1008,case-1008-veh_001-w0006,rsu,12,6,6,0.5
1008,case-1008-veh_001-w0006,vehicle_witness,24,24,0,0.0
1008,case-1008-veh_002-w0000,rsu,24,12,12,0.5
1008,case-1008-veh_002-w0000,vehicle_witness,75,75,0,0.0
1008,case-1008-veh_002-w0001,rsu,35,15,20,0.5714285714285714
1008,case-1008-veh_002-w0001,vehicle_witness,106,106,0,0.0
1008,case-1008-veh_002-w0002,rsu,30,15,15,0.5
1008,case-1008-veh_002-w0002,vehicle_witness,109,109,0,0.0
1008,case-1008-veh_002-w0003,rsu,35,15,20,0.5714285714285714
1008,case-1008-veh_002-w0003,vehicle_witness,120,120,0,0.0
1008,case-1008-veh_002-w0004,rsu,30,15,15,0.5
1008,case-1008-veh_002-w0004,vehicle_witness,120,120,0,0.0
1008,case-1008-veh_002-w0005,rsu,35,15,20,0.5714285714285714
1008,case-1008-veh_002-w0005,vehicle_witness,116,116,0,0.0
1008,case-1008-veh_002-w0006,rsu,18,6,12,0.6666666666666666
1008,case-1008-veh_002-w0006,vehicle_witness,30,30,0,0.0
1008,case-1008-veh_003-w0000,rsu,25,11,14,0.56
1008,case-1008-veh_003-w0000,vehicle_witness,72,72,0,0.0
1008,case-1008-veh_003-w0001,rsu,42,15,27,0.6428571428571429
1008,case-1008-veh_003-w0001,vehicle_witness,86,86,0,0.0
1008,case-1008-veh_003-w0002,rsu,30,15,15,0.5
1008,case-1008-veh_003-w0002,vehicle_witness,97,97,0,0.0
1008,case-1008-veh_003-w0003,rsu,33,15,18,0.5454545454545454
1008,case-1008-veh_003-w0003,vehicle_witness,79,79,0,0.0
1008,case-1008-veh_003-w0004,rsu,32,15,17,0.53125
1008,case-1008-veh_003-w0004,vehicle_witness,45,45,0,0.0
1008,case-1008-veh_003-w0005,rsu,35,15,20,0.5714285714285714
1008,case-1008-veh_003-w0005,vehicle_witness,45,45,0,0.0
1008,case-1008-veh_003-w0006,rsu,12,6,6,0.5
1008,case-1008-veh_003-w0006,vehicle_witness,23,23,0,0.0
1008,case-1008-veh_004-w0000,rsu,20,10,10,0.5
1008,case-1008-veh_004-w0000,vehicle_witness,70,70,0,0.0
1008,case-1008-veh_004-w0001,rsu,34,15,19,0.5588235294117647
1008,case-1008-veh_004-w0001,vehicle_witness,120,120,0,0.0
1008,case-1008-veh_004-w0002,rsu,31,15,16,0.5161290322580645
1008,case-1008-veh_004-w0002,vehicle_witness,120,120,0,0.0
1008,case-1008-veh_004-w0003,rsu,35,15,20,0.5714285714285714
1008,case-1008-veh_004-w0003,vehicle_witness,120,120,0,0.0
1008,case-1008-veh_004-w0004,rsu,30,15,15,0.5
1008,case-1008-veh_004-w0004,vehicle_witness,120,120,0,0.0
1008,case-1008-veh_004-w0005,rsu,33,15,18,0.5454545454545454
1008,case-1008-veh_004-w0005,vehicle_witness,120,120,0,0.0
1008,case-1008-veh_004-w0006,rsu,18,6,12,0.6666666666666666
1008,case-1008-veh_004-w0006,vehicle_witness,34,34,0,0.0
1008,case-1008-veh_005-w0000,rsu,19,9,10,0.5263157894736842
1008,case-1008-veh_005-w0000,vehicle_witness,66,66,0,0.0
1008,case-1008-veh_005-w0001,rsu,45,15,30,0.6666666666666666
1008,case-1008-veh_005-w0001,vehicle_witness,107,107,0,0.0
1008,case-1008-veh_005-w0002,rsu,30,15,15,0.5
1008,case-1008-veh_005-w0002,vehicle_witness,111,111,0,0.0
1008,case-1008-veh_005-w0003,rsu,30,15,15,0.5
1008,case-1008-veh_005-w0003,vehicle_witness,102,102,0,0.0
1008,case-1008-veh_005-w0004,rsu,35,15,20,0.5714285714285714
1008,case-1008-veh_005-w0004,vehicle_witness,75,75,0,0.0
1008,case-1008-veh_005-w0005,rsu,35,15,20,0.5714285714285714
1008,case-1008-veh_005-w0005,vehicle_witness,62,62,0,0.0
1008,case-1008-veh_005-w0006,rsu,12,6,6,0.5
1008,case-1008-veh_005-w0006,vehicle_witness,21,21,0,0.0
1008,case-1008-veh_006-w0000,rsu,16,8,8,0.5
1008,case-1008-veh_006-w0000,vehicle_witness,61,61,0,0.0
1008,case-1008-veh_006-w0001,rsu,30,7,23,0.7666666666666667
1008,case-1008-veh_006-w0001,vehicle_witness,120,56,64,0.5333333333333333
1008,case-1008-veh_006-w0002,rsu,30,4,26,0.8666666666666667
1008,case-1008-veh_006-w0002,vehicle_witness,120,32,88,0.7333333333333333
1008,case-1008-veh_006-w0003,rsu,30,4,26,0.8666666666666667
1008,case-1008-veh_006-w0003,vehicle_witness,120,36,84,0.7
1008,case-1008-veh_006-w0004,rsu,30,4,26,0.8666666666666667
1008,case-1008-veh_006-w0004,vehicle_witness,120,36,84,0.7
1008,case-1008-veh_006-w0005,rsu,31,15,16,0.5161290322580645
1008,case-1008-veh_006-w0005,vehicle_witness,120,120,0,0.0
1008,case-1008-veh_006-w0006,rsu,18,6,12,0.6666666666666666
1008,case-1008-veh_006-w0006,vehicle_witness,41,41,0,0.0
1008,case-1008-veh_007-w0000,rsu,14,7,7,0.5
1008,case-1008-veh_007-w0000,vehicle_witness,55,55,0,0.0
1008,case-1008-veh_007-w0001,rsu,44,15,29,0.6590909090909091
1008,case-1008-veh_007-w0001,vehicle_witness,120,120,0,0.0
1008,case-1008-veh_007-w0002,rsu,32,15,17,0.53125
1008,case-1008-veh_007-w0002,vehicle_witness,120,120,0,0.0
1008,case-1008-veh_007-w0003,rsu,30,15,15,0.5
1008,case-1008-veh_007-w0003,vehicle_witness,112,112,0,0.0
1008,case-1008-veh_007-w0004,rsu,35,15,20,0.5714285714285714
1008,case-1008-veh_007-w0004,vehicle_witness,90,90,0,0.0
1008,case-1008-veh_007-w0005,rsu,34,15,19,0.5588235294117647
1008,case-1008-veh_007-w0005,vehicle_witness,79,79,0,0.0
1008,case-1008-veh_007-w0006,rsu,12,6,6,0.5
1008,case-1008-veh_007-w0006,vehicle_witness,27,27,0,0.0
1008,case-1008-veh_008-w0000,rsu,12,6,6,0.5
1008,case-1008-veh_008-w0000,vehicle_witness,48,48,0,0.0
1008,case-1008-veh_008-w0001,rsu,31,15,16,0.5161290322580645
1008,case-1008-veh_008-w0001,vehicle_witness,120,120,0,0.0
1008,case-1008-veh_008-w0002,rsu,34,15,19,0.5588235294117647
1008,case-1008-veh_008-w0002,vehicle_witness,120,120,0,0.0
1008,case-1008-veh_008-w0003,rsu,35,15,20,0.5714285714285714
1008,case-1008-veh_008-w0003,vehicle_witness,120,120,0,0.0
1008,case-1008-veh_008-w0004,rsu,30,15,15,0.5
1008,case-1008-veh_008-w0004,vehicle_witness,120,120,0,0.0
1008,case-1008-veh_008-w0005,rsu,30,15,15,0.5
1008,case-1008-veh_008-w0005,vehicle_witness,120,120,0,0.0
1008,case-1008-veh_008-w0006,rsu,16,6,10,0.625
1008,case-1008-veh_008-w0006,vehicle_witness,47,47,0,0.0
1008,case-1008-veh_009-w0000,rsu,10,5,5,0.5
1008,case-1008-veh_009-w0000,vehicle_witness,40,40,0,0.0
1008,case-1008-veh_009-w0001,rsu,41,15,26,0.6341463414634146
1008,case-1008-veh_009-w0001,vehicle_witness,120,120,0,0.0
1008,case-1008-veh_009-w0002,rsu,37,15,22,0.5945945945945946
1008,case-1008-veh_009-w0002,vehicle_witness,120,120,0,0.0
1008,case-1008-veh_009-w0003,rsu,30,15,15,0.5
1008,case-1008-veh_009-w0003,vehicle_witness,120,120,0,0.0
1008,case-1008-veh_009-w0004,rsu,35,15,20,0.5714285714285714
1008,case-1008-veh_009-w0004,vehicle_witness,94,94,0,0.0
1008,case-1008-veh_009-w0005,rsu,31,15,16,0.5161290322580645
1008,case-1008-veh_009-w0005,vehicle_witness,90,90,0,0.0
1008,case-1008-veh_009-w0006,rsu,14,6,8,0.5714285714285714
1008,case-1008-veh_009-w0006,vehicle_witness,32,32,0,0.0
1008,case-1008-veh_010-w0000,rsu,8,4,4,0.5
1008,case-1008-veh_010-w0000,vehicle_witness,32,32,0,0.0
1008,case-1008-veh_010-w0001,rsu,62,15,47,0.7580645161290323
1008,case-1008-veh_010-w0001,vehicle_witness,248,120,128,0.5161290322580645
1008,case-1008-veh_010-w0002,rsu,175,15,160,0.9142857142857143
1008,case-1008-veh_010-w0002,vehicle_witness,600,120,480,0.8
1008,case-1008-veh_010-w0003,rsu,175,15,160,0.9142857142857143
1008,case-1008-veh_010-w0003,vehicle_witness,600,120,480,0.8
1008,case-1008-veh_010-w0004,rsu,150,15,135,0.9
1008,case-1008-veh_010-w0004,vehicle_witness,600,120,480,0.8
1008,case-1008-veh_010-w0005,rsu,62,15,47,0.7580645161290323
1008,case-1008-veh_010-w0005,vehicle_witness,248,120,128,0.5161290322580645
1008,case-1008-veh_010-w0006,rsu,14,6,8,0.5714285714285714
1008,case-1008-veh_010-w0006,vehicle_witness,48,48,0,0.0
1008,case-1008-veh_011-w0000,rsu,6,3,3,0.5
1008,case-1008-veh_011-w0000,vehicle_witness,24,24,0,0.0
1008,case-1008-veh_011-w0001,rsu,39,15,24,0.6153846153846154
1008,case-1008-veh_011-w0001,vehicle_witness,120,120,0,0.0
1008,case-1008-veh_011-w0002,rsu,39,15,24,0.6153846153846154
1008,case-1008-veh_011-w0002,vehicle_witness,120,120,0,0.0
1008,case-1008-veh_011-w0003,rsu,30,15,15,0.5
1008,case-1008-veh_011-w0003,vehicle_witness,120,120,0,0.0
1008,case-1008-veh_011-w0004,rsu,32,15,17,0.53125
1008,case-1008-veh_011-w0004,vehicle_witness,101,101,0,0.0
1008,case-1008-veh_011-w0005,rsu,33,15,18,0.5454545454545454
1008,case-1008-veh_011-w0005,vehicle_witness,77,77,0,0.0
1008,case-1008-veh_011-w0006,rsu,13,6,7,0.5384615384615384
1008,case-1008-veh_011-w0006,vehicle_witness,33,33,0,0.0
1008,case-1008-veh_012-w0000,rsu,4,2,2,0.5
1008,case-1008-veh_012-w0000,vehicle_witness,16,16,0,0.0
1008,case-1008-veh_012-w0001,rsu,30,15,15,0.5
1008,case-1008-veh_012-w0001,vehicle_witness,120,120,0,0.0
1008,case-1008-veh_012-w0002,rsu,35,15,20,0.5714285714285714
1008,case-1008-veh_012-w0002,vehicle_witness,120,120,0,0.0
1008,case-1008-veh_012-w0003,rsu,35,15,20,0.5714285714285714
1008,case-1008-veh_012-w0003,vehicle_witness,120,120,0,0.0
1008,case-1008-veh_012-w0004,rsu,31,15,16,0.5161290322580645
1008,case-1008-veh_012-w0004,vehicle_witness,120,120,0,0.0
1008,case-1008-veh_012-w0005,rsu,30,15,15,0.5
1008,case-1008-veh_012-w0005,vehicle_witness,120,120,0,0.0
1008,case-1008-veh_012-w0006,rsu,12,6,6,0.5
1008,case-1008-veh_012-w0006,vehicle_witness,48,48,0,0.0
1008,case-1008-veh_013-w0000,rsu,2,1,1,0.5
1008,case-1008-veh_013-w0000,vehicle_witness,8,8,0,0.0
1008,case-1008-veh_013-w0001,rsu,38,15,23,0.6052631578947368
1008,case-1008-veh_013-w0001,vehicle_witness,120,120,0,0.0
1008,case-1008-veh_013-w0002,rsu,40,15,25,0.625
1008,case-1008-veh_013-w0002,vehicle_witness,120,120,0,0.0
1008,case-1008-veh_013-w0003,rsu,30,15,15,0.5
1008,case-1008-veh_013-w0003,vehicle_witness,120,120,0,0.0
1008,case-1008-veh_013-w0004,rsu,31,15,16,0.5161290322580645
1008,case-1008-veh_013-w0004,vehicle_witness,105,105,0,0.0
1008,case-1008-veh_013-w0005,rsu,34,15,19,0.5588235294117647
1008,case-1008-veh_013-w0005,vehicle_witness,79,79,0,0.0
1008,case-1008-veh_013-w0006,rsu,12,6,6,0.5
1008,case-1008-veh_013-w0006,vehicle_witness,35,35,0,0.0
1008,case-1008-veh_014-w0001,rsu,30,15,15,0.5
1008,case-1008-veh_014-w0001,vehicle_witness,120,120,0,0.0
1008,case-1008-veh_014-w0002,rsu,140,15,125,0.8928571428571429
1008,case-1008-veh_014-w0002,vehicle_witness,480,120,360,0.75
1008,case-1008-veh_014-w0003,rsu,132,15,117,0.8863636363636364
1008,case-1008-veh_014-w0003,vehicle_witness,480,120,360,0.75
1008,case-1008-veh_014-w0004,rsu,132,15,117,0.8863636363636364
1008,case-1008-veh_014-w0004,vehicle_witness,480,120,360,0.75
1008,case-1008-veh_014-w0005,rsu,78,15,63,0.8076923076923077
1008,case-1008-veh_014-w0005,vehicle_witness,312,120,192,0.6153846153846154
1008,case-1008-veh_014-w0006,rsu,12,6,6,0.5
1008,case-1008-veh_014-w0006,vehicle_witness,48,48,0,0.0
1008,case-1008-veh_015-w0001,rsu,34,14,20,0.5882352941176471
1008,case-1008-veh_015-w0001,vehicle_witness,112,112,0,0.0
1008,case-1008-veh_015-w0002,rsu,42,15,27,0.6428571428571429
1008,case-1008-veh_015-w0002,vehicle_witness,120,120,0,0.0
1008,case-1008-veh_015-w0003,rsu,30,15,15,0.5
1008,case-1008-veh_015-w0003,vehicle_witness,116,116,0,0.0
1008,case-1008-veh_015-w0004,rsu,30,15,15,0.5
1008,case-1008-veh_015-w0004,vehicle_witness,102,102,0,0.0
1008,case-1008-veh_015-w0005,rsu,35,15,20,0.5714285714285714
1008,case-1008-veh_015-w0005,vehicle_witness,90,90,0,0.0
1008,case-1008-veh_015-w0006,rsu,12,6,6,0.5
1008,case-1008-veh_015-w0006,vehicle_witness,36,36,0,0.0
1008,case-1008-veh_016-w0001,rsu,26,13,13,0.5
1008,case-1008-veh_016-w0001,vehicle_witness,104,104,0,0.0
1008,case-1008-veh_016-w0002,rsu,35,15,20,0.5714285714285714
1008,case-1008-veh_016-w0002,vehicle_witness,120,120,0,0.0
1008,case-1008-veh_016-w0003,rsu,31,15,16,0.5161290322580645
1008,case-1008-veh_016-w0003,vehicle_witness,120,120,0,0.0
1008,case-1008-veh_016-w0004,rsu,34,15,19,0.5588235294117647
1008,case-1008-veh_016-w0004,vehicle_witness,120,120,0,0.0
1008,case-1008-veh_016-w0005,rsu,30,15,15,0.5
1008,case-1008-veh_016-w0005,vehicle_witness,120,120,0,0.0
1008,case-1008-veh_016-w0006,rsu,12,6,6,0.5
1008,case-1008-veh_016-w0006,vehicle_witness,45,45,0,0.0
1008,case-1008-veh_017-w0001,rsu,28,12,16,0.5714285714285714
1008,case-1008-veh_017-w0001,vehicle_witness,96,96,0,0.0
1008,case-1008-veh_017-w0002,rsu,43,15,28,0.6511627906976745
1008,case-1008-veh_017-w0002,vehicle_witness,120,120,0,0.0
1008,case-1008-veh_017-w0003,rsu,30,15,15,0.5
1008,case-1008-veh_017-w0003,vehicle_witness,116,116,0,0.0
1008,case-1008-veh_017-w0004,rsu,30,15,15,0.5
1008,case-1008-veh_017-w0004,vehicle_witness,105,105,0,0.0
1008,case-1008-veh_017-w0005,rsu,35,15,20,0.5714285714285714
1008,case-1008-veh_017-w0005,vehicle_witness,105,105,0,0.0
1008,case-1008-veh_017-w0006,rsu,12,6,6,0.5
1008,case-1008-veh_017-w0006,vehicle_witness,42,42,0,0.0
1008,case-1008-veh_018-w0001,rsu,22,11,11,0.5
1008,case-1008-veh_018-w0001,vehicle_witness,88,88,0,0.0
1008,case-1008-veh_018-w0002,rsu,35,15,20,0.5714285714285714
1008,case-1008-veh_018-w0002,vehicle_witness,117,117,0,0.0
1008,case-1008-veh_018-w0003,rsu,30,15,15,0.5
1008,case-1008-veh_018-w0003,vehicle_witness,119,119,0,0.0
1008,case-1008-veh_018-w0004,rsu,35,15,20,0.5714285714285714
1008,case-1008-veh_018-w0004,vehicle_witness,120,120,0,0.0
1008,case-1008-veh_018-w0005,rsu,30,15,15,0.5
1008,case-1008-veh_018-w0005,vehicle_witness,120,120,0,0.0
1008,case-1008-veh_018-w0006,rsu,12,6,6,0.5
1008,case-1008-veh_018-w0006,vehicle_witness,43,43,0,0.0
1008,case-1008-veh_019-w0001,rsu,22,10,12,0.5454545454545454
1008,case-1008-veh_019-w0001,vehicle_witness,80,80,0,0.0
1008,case-1008-veh_019-w0002,rsu,45,15,30,0.6666666666666666
1008,case-1008-veh_019-w0002,vehicle_witness,109,109,0,0.0
1008,case-1008-veh_019-w0003,rsu,30,15,15,0.5
1008,case-1008-veh_019-w0003,vehicle_witness,116,116,0,0.0
1008,case-1008-veh_019-w0004,rsu,30,15,15,0.5
1008,case-1008-veh_019-w0004,vehicle_witness,83,83,0,0.0
1008,case-1008-veh_019-w0005,rsu,35,15,20,0.5714285714285714
1008,case-1008-veh_019-w0005,vehicle_witness,75,75,0,0.0
1008,case-1008-veh_019-w0006,rsu,12,6,6,0.5
1008,case-1008-veh_019-w0006,vehicle_witness,36,36,0,0.0
1008,case-1008-veh_020-w0001,rsu,18,9,9,0.5
1008,case-1008-veh_020-w0001,vehicle_witness,72,72,0,0.0
1008,case-1008-veh_020-w0002,rsu,33,15,18,0.5454545454545454
1008,case-1008-veh_020-w0002,vehicle_witness,92,92,0,0.0
1008,case-1008-veh_020-w0003,rsu,32,15,17,0.53125
1008,case-1008-veh_020-w0003,vehicle_witness,101,101,0,0.0
1008,case-1008-veh_020-w0004,rsu,35,15,20,0.5714285714285714
1008,case-1008-veh_020-w0004,vehicle_witness,105,105,0,0.0
1008,case-1008-veh_020-w0005,rsu,30,15,15,0.5
1008,case-1008-veh_020-w0005,vehicle_witness,118,118,0,0.0
1008,case-1008-veh_020-w0006,rsu,12,6,6,0.5
1008,case-1008-veh_020-w0006,vehicle_witness,43,43,0,0.0
1008,case-1008-veh_021-w0001,rsu,16,8,8,0.5
1008,case-1008-veh_021-w0001,vehicle_witness,64,64,0,0.0
1008,case-1008-veh_021-w0002,rsu,45,15,30,0.6666666666666666
1008,case-1008-veh_021-w0002,vehicle_witness,108,108,0,0.0
1008,case-1008-veh_021-w0003,rsu,32,15,17,0.53125
1008,case-1008-veh_021-w0003,vehicle_witness,116,116,0,0.0
1008,case-1008-veh_021-w0004,rsu,30,15,15,0.5
1008,case-1008-veh_021-w0004,vehicle_witness,75,75,0,0.0
1008,case-1008-veh_021-w0005,rsu,33,15,18,0.5454545454545454
1008,case-1008-veh_021-w0005,vehicle_witness,60,60,0,0.0
1008,case-1008-veh_021-w0006,rsu,14,6,8,0.5714285714285714
1008,case-1008-veh_021-w0006,vehicle_witness,29,29,0,0.0
1008,case-1008-veh_022-w0001,rsu,14,7,7,0.5
1008,case-1008-veh_022-w0001,vehicle_witness,56,56,0,0.0
1008,case-1008-veh_022-w0002,rsu,32,15,17,0.53125
1008,case-1008-veh_022-w0002,vehicle_witness,78,78,0,0.0
1008,case-1008-veh_022-w0003,rsu,33,15,18,0.5454545454545454
1008,case-1008-veh_022-w0003,vehicle_witness,88,88,0,0.0
1008,case-1008-veh_022-w0004,rsu,35,15,20,0.5714285714285714
1008,case-1008-veh_022-w0004,vehicle_witness,90,90,0,0.0
1008,case-1008-veh_022-w0005,rsu,30,15,15,0.5
1008,case-1008-veh_022-w0005,vehicle_witness,112,112,0,0.0
1008,case-1008-veh_022-w0006,rsu,12,6,6,0.5
1008,case-1008-veh_022-w0006,vehicle_witness,43,43,0,0.0
1008,case-1008-veh_023-w0001,rsu,12,6,6,0.5
1008,case-1008-veh_023-w0001,vehicle_witness,48,48,0,0.0
1008,case-1008-veh_023-w0002,rsu,43,15,28,0.6511627906976745
1008,case-1008-veh_023-w0002,vehicle_witness,97,97,0,0.0
1008,case-1008-veh_023-w0003,rsu,34,15,19,0.5588235294117647
1008,case-1008-veh_023-w0003,vehicle_witness,115,115,0,0.0
1008,case-1008-veh_023-w0004,rsu,30,15,15,0.5
1008,case-1008-veh_023-w0004,vehicle_witness,71,71,0,0.0
1008,case-1008-veh_023-w0005,rsu,30,15,15,0.5
1008,case-1008-veh_023-w0005,vehicle_witness,45,45,0,0.0
1008,case-1008-veh_023-w0006,rsu,17,6,11,0.6470588235294118
1008,case-1008-veh_023-w0006,vehicle_witness,18,18,0,0.0
1009,case-1009-veh_000-w0000,rsu,28,14,14,0.5
1009,case-1009-veh_000-w0000,vehicle_witness,65,65,0,0.0
1009,case-1009-veh_000-w0001,rsu,34,15,19,0.5588235294117647
1009,case-1009-veh_000-w0001,vehicle_witness,75,75,0,0.0
1009,case-1009-veh_000-w0002,rsu,34,15,19,0.5588235294117647
1009,case-1009-veh_000-w0002,vehicle_witness,68,68,0,0.0
1009,case-1009-veh_000-w0003,rsu,30,15,15,0.5
1009,case-1009-veh_000-w0003,vehicle_witness,60,60,0,0.0
1009,case-1009-veh_000-w0004,rsu,31,15,16,0.5161290322580645
1009,case-1009-veh_000-w0004,vehicle_witness,88,88,0,0.0
1009,case-1009-veh_000-w0005,rsu,44,15,29,0.6590909090909091
1009,case-1009-veh_000-w0005,vehicle_witness,55,55,0,0.0
1009,case-1009-veh_000-w0006,rsu,12,6,6,0.5
1009,case-1009-veh_000-w0006,vehicle_witness,20,20,0,0.0
1009,case-1009-veh_001-w0000,rsu,31,13,18,0.5806451612903226
1009,case-1009-veh_001-w0000,vehicle_witness,72,72,0,0.0
1009,case-1009-veh_001-w0001,rsu,42,15,27,0.6428571428571429
1009,case-1009-veh_001-w0001,vehicle_witness,90,90,0,0.0
1009,case-1009-veh_001-w0002,rsu,30,15,15,0.5
1009,case-1009-veh_001-w0002,vehicle_witness,107,107,0,0.0
1009,case-1009-veh_001-w0003,rsu,31,15,16,0.5161290322580645
1009,case-1009-veh_001-w0003,vehicle_witness,84,84,0,0.0
1009,case-1009-veh_001-w0004,rsu,34,15,19,0.5588235294117647
1009,case-1009-veh_001-w0004,vehicle_witness,60,60,0,0.0
1009,case-1009-veh_001-w0005,rsu,35,15,20,0.5714285714285714
1009,case-1009-veh_001-w0005,vehicle_witness,62,62,0,0.0
1009,case-1009-veh_001-w0006,rsu,12,6,6,0.5
1009,case-1009-veh_001-w0006,vehicle_witness,33,33,0,0.0
1009,case-1009-veh_002-w0000,rsu,24,12,12,0.5
1009,case-1009-veh_002-w0000,vehicle_witness,73,73,0,0.0
1009,case-1009-veh_002-w0001,rsu,34,15,19,0.5588235294117647
1009,case-1009-veh_002-w0001,vehicle_witness,90,90,0,0.0
1009,case-1009-veh_002-w0002,rsu,33,15,18,0.5454545454545454
1009,case-1009-veh_002-w0002,vehicle_witness,90,90,0,0.0
1009,case-1009-veh_002-w0003,rsu,32,15,17,0.53125
1009,case-1009-veh_002-w0003,vehicle_witness,90,90,0,0.0
1009,case-1009-veh_002-w0004,rsu,30,15,15,0.5
1009,case-1009-veh_002-w0004,vehicle_witness,98,98,0,0.0
1009,case-1009-veh_002-w0005,rsu,43,15,28,0.6511627906976745
1009,case-1009-veh_002-w0005,vehicle_witness,88,88,0,0.0
1009,case-1009-veh_002-w0006,rsu,15,6,9,0.6
1009,case-1009-veh_002-w0006,vehicle_witness,25,25,0,0.0
1009,case-1009-veh_003-w0000,rsu,25,11,14,0.56
1009,case-1009-veh_003-w0000,vehicle_witness,73,73,0,0.0
1009,case-1009-veh_003-w0001,rsu,44,15,29,0.6590909090909091
1009,case-1009-veh_003-w0001,vehicle_witness,100,100,0,0.0
1009,case-1009-veh_003-w0002,rsu,30,15,15,0.5
1009,case-1009-veh_003-w0002,vehicle_witness,113,113,0,0.0
1009,case-1009-veh_003-w0003,rsu,30,15,15,0.5
1009,case-1009-veh_003-w0003,vehicle_witness,98,98,0,0.0
1009,case-1009-veh_003-w0004,rsu,35,15,20,0.5714285714285714
1009,case-1009-veh_003-w0004,vehicle_witness,74,74,0,0.0
1009,case-1009-veh_003-w0005,rsu,35,15,20,0.5714285714285714
1009,case-1009-veh_003-w0005,vehicle_witness,75,75,0,0.0
1009,case-1009-veh_003-w0006,rsu,12,6,6,0.5
1009,case-1009-veh_003-w0006,vehicle_witness,30,30,0,0.0
1009,case-1009-veh_004-w0000,rsu,20,10,10,0.5
1009,case-1009-veh_004-w0000,vehicle_witness,70,70,0,0.0
1009,case-1009-veh_004-w0001,rsu,34,15,19,0.5588235294117647
1009,case-1009-veh_004-w0001,vehicle_witness,106,106,0,0.0
1009,case-1009-veh_004-w0002,rsu,31,15,16,0.5161290322580645
1009,case-1009-veh_004-w0002,vehicle_witness,105,105,0,0.0
1009,case-1009-veh_004-w0003,rsu,33,15,18,0.5454545454545454
1009,case-1009-veh_004-w0003,vehicle_witness,105,105,0,0.0
1009,case-1009-veh_004-w0004,rsu,30,15,15,0.5
1009,case-1009-veh_004-w0004,vehicle_witness,105,105,0,0.0
1009,case-1009-veh_004-w0005,rsu,41,15,26,0.6341463414634146
1009,case-1009-veh_004-w0005,vehicle_witness,99,99,0,0.0
1009,case-1009-veh_004-w0006,rsu,16,6,10,0.625
1009,case-1009-veh_004-w0006,vehicle_witness,30,30,0,0.0
1009,case-1009-veh_005-w0000,rsu,19,9,10,0.5263157894736842
1009,case-1009-veh_005-w0000,vehicle_witness,66,66,0,0.0
1009,case-1009-veh_005-w0001,rsu,45,15,30,0.6666666666666666
1009,case-1009-veh_005-w0001,vehicle_witness,108,108,0,0.0
1009,case-1009-veh_005-w0002,rsu,30,15,15,0.5
1009,case-1009-veh_005-w0002,vehicle_witness,120,120,0,0.0
1009,case-1009-veh_005-w0003,rsu,30,15,15,0.5
1009,case-1009-veh_005-w0003,vehicle_witness,108,108,0,0.0
1009,case-1009-veh_005-w0004,rsu,35,15,20,0.5714285714285714
1009,case-1009-veh_005-w0004,vehicle_witness,75,75,0,0.0
1009,case-1009-veh_005-w0005,rsu,35,15,20,0.5714285714285714
1009,case-1009-veh_005-w0005,vehicle_witness,75,75,0,0.0
1009,case-1009-veh_005-w0006,rsu,12,6,6,0.5
1009,case-1009-veh_005-w0006,vehicle_witness,30,30,0,0.0
1009,case-1009-veh_006-w0000,rsu,16,8,8,0.5
1009,case-1009-veh_006-w0000,vehicle_witness,61,61,0,0.0
1009,case-1009-veh_006-w0001,rsu,30,7,23,0.7666666666666667
1009,case-1009-veh_006-w0001,vehicle_witness,119,56,63,0.5294117647058824
1009,case-1009-veh_006-w0002,rsu,30,4,26,0.8666666666666667
1009,case-1009-veh_006-w0002,vehicle_witness,105,28,77,0.7333333333333333
1009,case-1009-veh_006-w0003,rsu,30,4,26,0.8666666666666667
1009,case-1009-veh_006-w0003,vehicle_witness,105,28,77,0.7333333333333333
1009,case-1009-veh_006-w0004,rsu,30,4,26,0.8666666666666667
1009,case-1009-veh_006-w0004,vehicle_witness,107,30,77,0.719626168224299
1009,case-1009-veh_006-w0005,rsu,38,15,23,0.6052631578947368
1009,case-1009-veh_006-w0005,vehicle_witness,115,115,0,0.0
1009,case-1009-veh_006-w0006,rsu,18,6,12,0.6666666666666666
1009,case-1009-veh_006-w0006,vehicle_witness,42,42,0,0.0
1009,case-1009-veh_007-w0000,rsu,14,7,7,0.5
1009,case-1009-veh_007-w0000,vehicle_witness,55,55,0,0.0
1009,case-1009-veh_007-w0001,rsu,44,15,29,0.6590909090909091
1009,case-1009-veh_007-w0001,vehicle_witness,120,120,0,0.0
1009,case-1009-veh_007-w0002,rsu,32,15,17,0.53125
1009,case-1009-veh_007-w0002,vehicle_witness,120,120,0,0.0
1009,case-1009-veh_007-w0003,rsu,30,15,15,0.5
1009,case-1009-veh_007-w0003,vehicle_witness,118,118,0,0.0
1009,case-1009-veh_007-w0004,rsu,35,15,20,0.5714285714285714
1009,case-1009-veh_007-w0004,vehicle_witness,90,90,0,0.0
1009,case-1009-veh_007-w0005,rsu,34,15,19,0.5588235294117647
1009,case-1009-veh_007-w0005,vehicle_witness,90,90,0,0.0
1009,case-1009-veh_007-w0006,rsu,13,6,7,0.5384615384615384
1009,case-1009-veh_007-w0006,vehicle_witness,36,36,0,0.0
1009,case-1009-veh_008-w0000,rsu,12,6,6,0.5
1009,case-1009-veh_008-w0000,vehicle_witness,48,48,0,0.0
1009,case-1009-veh_008-w0001,rsu,32,15,17,0.53125
1009,case-1009-veh_008-w0001,vehicle_witness,120,120,0,0.0
1009,case-1009-veh_008-w0002,rsu,33,15,18,0.5454545454545454
1009,case-1009-veh_008-w0002,vehicle_witness,120,120,0,0.0
1009,case-1009-veh_008-w0003,rsu,35,15,20,0.5714285714285714
1009,case-1009-veh_008-w0003,vehicle_witness,120,120,0,0.0
1009,case-1009-veh_008-w0004,rsu,30,15,15,0.5
1009,case-1009-veh_008-w0004,vehicle_witness,120,120,0,0.0
1009,case-1009-veh_008-w0005,rsu,35,15,20,0.5714285714285714
1009,case-1009-veh_008-w0005,vehicle_witness,119,119,0,0.0
1009,case-1009-veh_008-w0006,rsu,18,6,12,0.6666666666666666
1009,case-1009-veh_008-w0006,vehicle_witness,41,41,0,0.0
1009,case-1009-veh_009-w0000,rsu,10,5,5,0.5
1009,case-1009-veh_009-w0000,vehicle_witness,40,40,0,0.0
1009,case-1009-veh_009-w0001,rsu,42,15,27,0.6428571428571429
1009,case-1009-veh_009-w0001,vehicle_witness,120,120,0,0.0
1009,case-1009-veh_009-w0002,rsu,34,15,19,0.5588235294117647
1009,case-1009-veh_009-w0002,vehicle_witness,120,120,0,0.0
1009,case-1009-veh_009-w0003,rsu,30,15,15,0.5
1009,case-1009-veh_009-w0003,vehicle_witness,120,120,0,0.0
1009,case-1009-veh_009-w0004,rsu,35,15,20,0.5714285714285714
1009,case-1009-veh_009-w0004,vehicle_witness,107,107,0,0.0
1009,case-1009-veh_009-w0005,rsu,30,15,15,0.5
1009,case-1009-veh_009-w0005,vehicle_witness,105,105,0,0.0
1009,case-1009-veh_009-w0006,rsu,16,6,10,0.625
1009,case-1009-veh_009-w0006,vehicle_witness,42,42,0,0.0
1009,case-1009-veh_010-w0000,rsu,8,4,4,0.5
1009,case-1009-veh_010-w0000,vehicle_witness,32,32,0,0.0
1009,case-1009-veh_010-w0001,rsu,62,15,47,0.7580645161290323
1009,case-1009-veh_010-w0001,vehicle_witness,248,120,128,0.5161290322580645
1009,case-1009-veh_010-w0002,rsu,175,15,160,0.9142857142857143
1009,case-1009-veh_010-w0002,vehicle_witness,600,120,480,0.8
1009,case-1009-veh_010-w0003,rsu,170,15,155,0.9117647058823529
1009,case-1009-veh_010-w0003,vehicle_witness,600,120,480,0.8
1009,case-1009-veh_010-w0004,rsu,150,15,135,0.9
1009,case-1009-veh_010-w0004,vehicle_witness,600,120,480,0.8
1009,case-1009-veh_010-w0005,rsu,64,15,49,0.765625
1009,case-1009-veh_010-w0005,vehicle_witness,248,120,128,0.5161290322580645
1009,case-1009-veh_010-w0006,rsu,18,6,12,0.6666666666666666
1009,case-1009-veh_010-w0006,vehicle_witness,44,44,0,0.0
1009,case-1009-veh_011-w0000,rsu,6,3,3,0.5
1009,case-1009-veh_011-w0000,vehicle_witness,24,24,0,0.0
1009,case-1009-veh_011-w0001,rsu,40,15,25,0.625
1009,case-1009-veh_011-w0001,vehicle_witness,120,120,0,0.0
1009,case-1009-veh_011-w0002,rsu,35,15,20,0.5714285714285714
1009,case-1009-veh_011-w0002,vehicle_witness,120,120,0,0.0
1009,case-1009-veh_011-w0003,rsu,30,15,15,0.5
1009,case-1009-veh_011-w0003,vehicle_witness,120,120,0,0.0
1009,case-1009-veh_011-w0004,rsu,32,15,17,0.53125
1009,case-1009-veh_011-w0004,vehicle_witness,110,110,0,0.0
1009,case-1009-veh_011-w0005,rsu,32,15,17,0.53125
1009,case-1009-veh_011-w0005,vehicle_witness,107,107,0,0.0
1009,case-1009-veh_011-w0006,rsu,16,6,10,0.625
1009,case-1009-veh_011-w0006,vehicle_witness,48,48,0,0.0
1009,case-1009-veh_012-w0000,rsu,4,2,2,0.5
1009,case-1009-veh_012-w0000,vehicle_witness,16,16,0,0.0
1009,case-1009-veh_012-w0001,rsu,30,15,15,0.5
1009,case-1009-veh_012-w0001,vehicle_witness,120,120,0,0.0
1009,case-1009-veh_012-w0002,rsu,35,15,20,0.5714285714285714
1009,case-1009-veh_012-w0002,vehicle_witness,120,120,0,0.0
1009,case-1009-veh_012-w0003,rsu,35,15,20,0.5714285714285714
1009,case-1009-veh_012-w0003,vehicle_witness,120,120,0,0.0
1009,case-1009-veh_012-w0004,rsu,30,15,15,0.5
1009,case-1009-veh_012-w0004,vehicle_witness,120,120,0,0.0
1009,case-1009-veh_012-w0005,rsu,30,15,15,0.5
1009,case-1009-veh_012-w0005,vehicle_witness,120,120,0,0.0
1009,case-1009-veh_012-w0006,rsu,17,6,11,0.6470588235294118
1009,case-1009-veh_012-w0006,vehicle_witness,46,46,0,0.0
1009,case-1009-veh_013-w0000,rsu,2,1,1,0.5
1009,case-1009-veh_013-w0000,vehicle_witness,8,8,0,0.0
1009,case-1009-veh_013-w0001,rsu,38,15,23,0.6052631578947368
1009,case-1009-veh_013-w0001,vehicle_witness,120,120,0,0.0
1009,case-1009-veh_013-w0002,rsu,37,15,22,0.5945945945945946
1009,case-1009-veh_013-w0002,vehicle_witness,120,120,0,0.0
1009,case-1009-veh_013-w0003,rsu,30,15,15,0.5
1009,case-1009-veh_013-w0003,vehicle_witness,120,120,0,0.0
1009,case-1009-veh_013-w0004,rsu,30,15,15,0.5
1009,case-1009-veh_013-w0004,vehicle_witness,107,107,0,0.0
1009,case-1009-veh_013-w0005,rsu,35,15,20,0.5714285714285714
1009,case-1009-veh_013-w0005,vehicle_witness,90,90,0,0.0
1009,case-1009-veh_013-w0006,rsu,12,6,6,0.5
1009,case-1009-veh_013-w0006,vehicle_witness,36,36,0,0.0
1009,case-1009-veh_014-w0001,rsu,30,15,15,0.5
1009,case-1009-veh_014-w0001,vehicle_witness,120,120,0,0.0
1009,case-1009-veh_014-w0002,rsu,136,15,121,0.8897058823529411
1009,case-1009-veh_014-w0002,vehicle_witness,480,120,360,0.75
1009,case-1009-veh_014-w0003,rsu,136,15,121,0.8897058823529411
1009,case-1009-veh_014-w0003,vehicle_witness,480,120,360,0.75
1009,case-1009-veh_014-w0004,rsu,120,15,105,0.875
1009,case-1009-veh_014-w0004,vehicle_witness,480,120,360,0.75
1009,case-1009-veh_014-w0005,rsu,78,15,63,0.8076923076923077
1009,case-1009-veh_014-w0005,vehicle_witness,312,120,192,0.6153846153846154
1009,case-1009-veh_014-w0006,rsu,15,6,9,0.6
1009,case-1009-veh_014-w0006,vehicle_witness,48,48,0,0.0
1009,case-1009-veh_015-w0001,rsu,34,14,20,0.5882352941176471
1009,case-1009-veh_015-w0001,vehicle_witness,112,112,0,0.0
1009,case-1009-veh_015-w0002,rsu,39,15,24,0.6153846153846154
1009,case-1009-veh_015-w0002,vehicle_witness,120,120,0,0.0
1009,case-1009-veh_015-w0003,rsu,30,15,15,0.5
1009,case-1009-veh_015-w0003,vehicle_witness,119,119,0,0.0
1009,case-1009-veh_015-w0004,rsu,30,15,15,0.5
1009,case-1009-veh_015-w0004,vehicle_witness,102,102,0,0.0
1009,case-1009-veh_015-w0005,rsu,34,15,19,0.5588235294117647
1009,case-1009-veh_015-w0005,vehicle_witness,86,86,0,0.0
1009,case-1009-veh_015-w0006,rsu,12,6,6,0.5
1009,case-1009-veh_015-w0006,vehicle_witness,30,30,0,0.0
1009,case-1009-veh_016-w0001,rsu,26,13,13,0.5
1009,case-1009-veh_016-w0001,vehicle_witness,103,103,0,0.0
1009,case-1009-veh_016-w0002,rsu,35,15,20,0.5714285714285714
1009,case-1009-veh_016-w0002,vehicle_witness,105,105,0,0.0
1009,case-1009-veh_016-w0003,rsu,31,15,16,0.5161290322580645
1009,case-1009-veh_016-w0003,vehicle_witness,105,105,0,0.0
1009,case-1009-veh_016-w0004,rsu,34,15,19,0.5588235294117647
1009,case-1009-veh_016-w0004,vehicle_witness,107,107,0,0.0
1009,case-1009-veh_016-w0005,rsu,30,15,15,0.5
1009,case-1009-veh_016-w0005,vehicle_witness,115,115,0,0.0
1009,case-1009-veh_016-w0006,rsu,12,6,6,0.5
1009,case-1009-veh_016-w0006,vehicle_witness,41,41,0,0.0
1009,case-1009-veh_017-w0001,rsu,28,12,16,0.5714285714285714
1009,case-1009-veh_017-w0001,vehicle_witness,96,96,0,0.0
1009,case-1009-veh_017-w0002,rsu,41,15,26,0.6341463414634146
1009,case-1009-veh_017-w0002,vehicle_witness,120,120,0,0.0
1009,case-1009-veh_017-w0003,rsu,30,15,15,0.5
1009,case-1009-veh_017-w0003,vehicle_witness,119,119,0,0.0
1009,case-1009-veh_017-w0004,rsu,30,15,15,0.5
1009,case-1009-veh_017-w0004,vehicle_witness,92,92,0,0.0
1009,case-1009-veh_017-w0005,rsu,35,15,20,0.5714285714285714
1009,case-1009-veh_017-w0005,vehicle_witness,90,90,0,0.0
1009,case-1009-veh_017-w0006,rsu,12,6,6,0.5
1009,case-1009-veh_017-w0006,vehicle_witness,36,36,0,0.0
1009,case-1009-veh_018-w0001,rsu,22,11,11,0.5
1009,case-1009-veh_018-w0001,vehicle_witness,87,87,0,0.0
1009,case-1009-veh_018-w0002,rsu,35,15,20,0.5714285714285714
1009,case-1009-veh_018-w0002,vehicle_witness,105,105,0,0.0
1009,case-1009-veh_018-w0003,rsu,30,15,15,0.5
1009,case-1009-veh_018-w0003,vehicle_witness,96,96,0,0.0
1009,case-1009-veh_018-w0004,rsu,35,15,20,0.5714285714285714
1009,case-1009-veh_018-w0004,vehicle_witness,93,93,0,0.0
1009,case-1009-veh_018-w0005,rsu,30,15,15,0.5
1009,case-1009-veh_018-w0005,vehicle_witness,114,114,0,0.0
1009,case-1009-veh_018-w0006,rsu,12,6,6,0.5
1009,case-1009-veh_018-w0006,vehicle_witness,36,36,0,0.0
1009,case-1009-veh_019-w0001,rsu,22,10,12,0.5454545454545454
1009,case-1009-veh_019-w0001,vehicle_witness,79,79,0,0.0
1009,case-1009-veh_019-w0002,rsu,43,15,28,0.6511627906976745
1009,case-1009-veh_019-w0002,vehicle_witness,116,116,0,0.0
1009,case-1009-veh_019-w0003,rsu,30,15,15,0.5
1009,case-1009-veh_019-w0003,vehicle_witness,119,119,0,0.0
1009,case-1009-veh_019-w0004,rsu,30,15,15,0.5
1009,case-1009-veh_019-w0004,vehicle_witness,82,82,0,0.0
1009,case-1009-veh_019-w0005,rsu,35,15,20,0.5714285714285714
1009,case-1009-veh_019-w0005,vehicle_witness,75,75,0,0.0
1009,case-1009-veh_019-w0006,rsu,12,6,6,0.5
1009,case-1009-veh_019-w0006,vehicle_witness,30,30,0,0.0
1009,case-1009-veh_020-w0001,rsu,18,9,9,0.5
1009,case-1009-veh_020-w0001,vehicle_witness,72,72,0,0.0
1009,case-1009-veh_020-w0002,rsu,34,15,19,0.5588235294117647
1009,case-1009-veh_020-w0002,vehicle_witness,91,91,0,0.0
1009,case-1009-veh_020-w0003,rsu,31,15,16,0.5161290322580645
1009,case-1009-veh_020-w0003,vehicle_witness,87,87,0,0.0
1009,case-1009-veh_020-w0004,rsu,35,15,20,0.5714285714285714
1009,case-1009-veh_020-w0004,vehicle_witness,75,75,0,0.0
1009,case-1009-veh_020-w0005,rsu,30,15,15,0.5
1009,case-1009-veh_020-w0005,vehicle_witness,108,108,0,0.0
1009,case-1009-veh_020-w0006,rsu,12,6,6,0.5
1009,case-1009-veh_020-w0006,vehicle_witness,32,32,0,0.0
1009,case-1009-veh_021-w0001,rsu,16,8,8,0.5
1009,case-1009-veh_021-w0001,vehicle_witness,64,64,0,0.0
1009,case-1009-veh_021-w0002,rsu,45,15,30,0.6666666666666666
1009,case-1009-veh_021-w0002,vehicle_witness,98,98,0,0.0
1009,case-1009-veh_021-w0003,rsu,32,15,17,0.53125
1009,case-1009-veh_021-w0003,vehicle_witness,119,119,0,0.0
1009,case-1009-veh_021-w0004,rsu,30,15,15,0.5
1009,case-1009-veh_021-w0004,vehicle_witness,76,76,0,0.0
1009,case-1009-veh_021-w0005,rsu,30,15,15,0.5
1009,case-1009-veh_021-w0005,vehicle_witness,56,56,0,0.0
1009,case-1009-veh_021-w0006,rsu,17,6,11,0.6470588235294118
1009,case-1009-veh_021-w0006,vehicle_witness,18,18,0,0.0
1009,case-1009-veh_022-w0001,rsu,14,7,7,0.5
1009,case-1009-veh_022-w0001,vehicle_witness,55,55,0,0.0
1009,case-1009-veh_022-w0002,rsu,32,15,17,0.53125
1009,case-1009-veh_022-w0002,vehicle_witness,78,78,0,0.0
1009,case-1009-veh_022-w0003,rsu,33,15,18,0.5454545454545454
1009,case-1009-veh_022-w0003,vehicle_witness,73,73,0,0.0
1009,case-1009-veh_022-w0004,rsu,35,15,20,0.5714285714285714
1009,case-1009-veh_022-w0004,vehicle_witness,60,60,0,0.0
1009,case-1009-veh_022-w0005,rsu,30,15,15,0.5
1009,case-1009-veh_022-w0005,vehicle_witness,93,93,0,0.0
1009,case-1009-veh_022-w0006,rsu,12,6,6,0.5
1009,case-1009-veh_022-w0006,vehicle_witness,30,30,0,0.0
1009,case-1009-veh_023-w0001,rsu,12,6,6,0.5
1009,case-1009-veh_023-w0001,vehicle_witness,47,47,0,0.0
1009,case-1009-veh_023-w0002,rsu,43,15,28,0.6511627906976745
1009,case-1009-veh_023-w0002,vehicle_witness,84,84,0,0.0
1009,case-1009-veh_023-w0003,rsu,33,15,18,0.5454545454545454
1009,case-1009-veh_023-w0003,vehicle_witness,119,119,0,0.0
1009,case-1009-veh_023-w0004,rsu,30,15,15,0.5
1009,case-1009-veh_023-w0004,vehicle_witness,72,72,0,0.0
1009,case-1009-veh_023-w0005,rsu,30,15,15,0.5
1009,case-1009-veh_023-w0005,vehicle_witness,45,45,0,0.0
1009,case-1009-veh_023-w0006,rsu,16,6,10,0.625
1009,case-1009-veh_023-w0006,vehicle_witness,18,18,0,0.0
1010,case-1010-veh_000-w0000,rsu,28,14,14,0.5
1010,case-1010-veh_000-w0000,vehicle_witness,68,68,0,0.0
1010,case-1010-veh_000-w0001,rsu,35,15,20,0.5714285714285714
1010,case-1010-veh_000-w0001,vehicle_witness,75,75,0,0.0
1010,case-1010-veh_000-w0002,rsu,34,15,19,0.5588235294117647
1010,case-1010-veh_000-w0002,vehicle_witness,62,62,0,0.0
1010,case-1010-veh_000-w0003,rsu,31,15,16,0.5161290322580645
1010,case-1010-veh_000-w0003,vehicle_witness,49,49,0,0.0
1010,case-1010-veh_000-w0004,rsu,30,15,15,0.5
1010,case-1010-veh_000-w0004,vehicle_witness,65,65,0,0.0
1010,case-1010-veh_000-w0005,rsu,44,15,29,0.6590909090909091
1010,case-1010-veh_000-w0005,vehicle_witness,62,62,0,0.0
1010,case-1010-veh_000-w0006,rsu,14,6,8,0.5714285714285714
1010,case-1010-veh_000-w0006,vehicle_witness,18,18,0,0.0
1010,case-1010-veh_001-w0000,rsu,30,13,17,0.5666666666666667
1010,case-1010-veh_001-w0000,vehicle_witness,74,74,0,0.0
1010,case-1010-veh_001-w0001,rsu,43,15,28,0.6511627906976745
1010,case-1010-veh_001-w0001,vehicle_witness,90,90,0,0.0
1010,case-1010-veh_001-w0002,rsu,30,15,15,0.5
1010,case-1010-veh_001-w0002,vehicle_witness,103,103,0,0.0
1010,case-1010-veh_001-w0003,rsu,30,15,15,0.5
1010,case-1010-veh_001-w0003,vehicle_witness,90,90,0,0.0
1010,case-1010-veh_001-w0004,rsu,35,15,20,0.5714285714285714
1010,case-1010-veh_001-w0004,vehicle_witness,60,60,0,0.0
1010,case-1010-veh_001-w0005,rsu,35,15,20,0.5714285714285714
1010,case-1010-veh_001-w0005,vehicle_witness,64,64,0,0.0
1010,case-1010-veh_001-w0006,rsu,12,6,6,0.5
1010,case-1010-veh_001-w0006,vehicle_witness,24,24,0,0.0
1010,case-1010-veh_002-w0000,rsu,24,12,12,0.5
1010,case-1010-veh_002-w0000,vehicle_witness,75,75,0,0.0
1010,case-1010-veh_002-w0001,rsu,35,15,20,0.5714285714285714
1010,case-1010-veh_002-w0001,vehicle_witness,103,103,0,0.0
1010,case-1010-veh_002-w0002,rsu,31,15,16,0.5161290322580645
1010,case-1010-veh_002-w0002,vehicle_witness,90,90,0,0.0
1010,case-1010-veh_002-w0003,rsu,34,15,19,0.5588235294117647
1010,case-1010-veh_002-w0003,vehicle_witness,84,84,0,0.0
1010,case-1010-veh_002-w0004,rsu,30,15,15,0.5
1010,case-1010-veh_002-w0004,vehicle_witness,84,84,0,0.0
1010,case-1010-veh_002-w0005,rsu,39,15,24,0.6153846153846154
1010,case-1010-veh_002-w0005,vehicle_witness,96,96,0,0.0
1010,case-1010-veh_002-w0006,rsu,18,6,12,0.6666666666666666
1010,case-1010-veh_002-w0006,vehicle_witness,24,24,0,0.0
1010,case-1010-veh_003-w0000,rsu,25,11,14,0.56
1010,case-1010-veh_003-w0000,vehicle_witness,73,73,0,0.0
1010,case-1010-veh_003-w0001,rsu,45,15,30,0.6666666666666666
1010,case-1010-veh_003-w0001,vehicle_witness,106,106,0,0.0
1010,case-1010-veh_003-w0002,rsu,30,15,15,0.5
1010,case-1010-veh_003-w0002,vehicle_witness,110,110,0,0.0
1010,case-1010-veh_003-w0003,rsu,30,15,15,0.5
1010,case-1010-veh_003-w0003,vehicle_witness,98,98,0,0.0
1010,case-1010-veh_003-w0004,rsu,36,15,21,0.5833333333333334
1010,case-1010-veh_003-w0004,vehicle_witness,73,73,0,0.0
1010,case-1010-veh_003-w0005,rsu,35,15,20,0.5714285714285714
1010,case-1010-veh_003-w0005,vehicle_witness,75,75,0,0.0
1010,case-1010-veh_003-w0006,rsu,12,6,6,0.5
1010,case-1010-veh_003-w0006,vehicle_witness,30,30,0,0.0
1010,case-1010-veh_004-w0000,rsu,20,10,10,0.5
1010,case-1010-veh_004-w0000,vehicle_witness,70,70,0,0.0
1010,case-1010-veh_004-w0001,rsu,35,15,20,0.5714285714285714
1010,case-1010-veh_004-w0001,vehicle_witness,109,109,0,0.0
1010,case-1010-veh_004-w0002,rsu,30,15,15,0.5
1010,case-1010-veh_004-w0002,vehicle_witness,105,105,0,0.0
1010,case-1010-veh_004-w0003,rsu,35,15,20,0.5714285714285714
1010,case-1010-veh_004-w0003,vehicle_witness,100,100,0,0.0
1010,case-1010-veh_004-w0004,rsu,30,15,15,0.5
1010,case-1010-veh_004-w0004,vehicle_witness,96,96,0,0.0
1010,case-1010-veh_004-w0005,rsu,37,15,22,0.5945945945945946
1010,case-1010-veh_004-w0005,vehicle_witness,109,109,0,0.0
1010,case-1010-veh_004-w0006,rsu,18,6,12,0.6666666666666666
1010,case-1010-veh_004-w0006,vehicle_witness,30,30,0,0.0
1010,case-1010-veh_005-w0000,rsu,18,9,9,0.5
1010,case-1010-veh_005-w0000,vehicle_witness,66,66,0,0.0
1010,case-1010-veh_005-w0001,rsu,45,15,30,0.6666666666666666
1010,case-1010-veh_005-w0001,vehicle_witness,120,120,0,0.0
1010,case-1010-veh_005-w0002,rsu,33,15,18,0.5454545454545454
1010,case-1010-veh_005-w0002,vehicle_witness,120,120,0,0.0
1010,case-1010-veh_005-w0003,rsu,30,15,15,0.5
1010,case-1010-veh_005-w0003,vehicle_witness,118,118,0,0.0
1010,case-1010-veh_005-w0004,rsu,35,15,20,0.5714285714285714
1010,case-1010-veh_005-w0004,vehicle_witness,96,96,0,0.0
1010,case-1010-veh_005-w0005,rsu,30,15,15,0.5
1010,case-1010-veh_005-w0005,vehicle_witness,105,105,0,0.0
1010,case-1010-veh_005-w0006,rsu,17,6,11,0.6470588235294118
1010,case-1010-veh_005-w0006,vehicle_witness,42,42,0,0.0
1010,case-1010-veh_006-w0000,rsu,16,8,8,0.5
1010,case-1010-veh_006-w0000,vehicle_witness,61,61,0,0.0
1010,case-1010-veh_006-w0001,rsu,30,7,23,0.7666666666666667
1010,case-1010-veh_006-w0001,vehicle_witness,120,56,64,0.5333333333333333
1010,case-1010-veh_006-w0002,rsu,30,4,26,0.8666666666666667
1010,case-1010-veh_006-w0002,vehicle_witness,120,32,88,0.7333333333333333
1010,case-1010-veh_006-w0003,rsu,30,4,26,0.8666666666666667
1010,case-1010-veh_006-w0003,vehicle_witness,114,32,82,0.7192982456140351
1010,case-1010-veh_006-w0004,rsu,30,4,26,0.8666666666666667
1010,case-1010-veh_006-w0004,vehicle_witness,108,31,77,0.7129629629629629
1010,case-1010-veh_006-w0005,rsu,35,15,20,0.5714285714285714
1010,case-1010-veh_006-w0005,vehicle_witness,116,116,0,0.0
1010,case-1010-veh_006-w0006,rsu,18,6,12,0.6666666666666666
1010,case-1010-veh_006-w0006,vehicle_witness,31,31,0,0.0
1010,case-1010-veh_007-w0000,rsu,14,7,7,0.5
1010,case-1010-veh_007-w0000,vehicle_witness,55,55,0,0.0
1010,case-1010-veh_007-w0001,rsu,43,15,28,0.6511627906976745
1010,case-1010-veh_007-w0001,vehicle_witness,120,120,0,0.0
1010,case-1010-veh_007-w0002,rsu,35,15,20,0.5714285714285714
1010,case-1010-veh_007-w0002,vehicle_witness,120,120,0,0.0
1010,case-1010-veh_007-w0003,rsu,30,15,15,0.5
1010,case-1010-veh_007-w0003,vehicle_witness,120,120,0,0.0
1010,case-1010-veh_007-w0004,rsu,36,15,21,0.5833333333333334
1010,case-1010-veh_007-w0004,vehicle_witness,106,106,0,0.0
1010,case-1010-veh_007-w0005,rsu,30,15,15,0.5
1010,case-1010-veh_007-w0005,vehicle_witness,105,105,0,0.0
1010,case-1010-veh_007-w0006,rsu,15,6,9,0.6
1010,case-1010-veh_007-w0006,vehicle_witness,42,42,0,0.0
1010,case-1010-veh_008-w0000,rsu,12,6,6,0.5
1010,case-1010-veh_008-w0000,vehicle_witness,48,48,0,0.0
1010,case-1010-veh_008-w0001,rsu,30,15,15,0.5
1010,case-1010-veh_008-w0001,vehicle_witness,120,120,0,0.0
1010,case-1010-veh_008-w0002,rsu,35,15,20,0.5714285714285714
1010,case-1010-veh_008-w0002,vehicle_witness,120,120,0,0.0
1010,case-1010-veh_008-w0003,rsu,35,15,20,0.5714285714285714
1010,case-1010-veh_008-w0003,vehicle_witness,120,120,0,0.0
1010,case-1010-veh_008-w0004,rsu,30,15,15,0.5
1010,case-1010-veh_008-w0004,vehicle_witness,119,119,0,0.0
1010,case-1010-veh_008-w0005,rsu,30,15,15,0.5
1010,case-1010-veh_008-w0005,vehicle_witness,120,120,0,0.0
1010,case-1010-veh_008-w0006,rsu,17,6,11,0.6470588235294118
1010,case-1010-veh_008-w0006,vehicle_witness,47,47,0,0.0
1010,case-1010-veh_009-w0000,rsu,10,5,5,0.5
1010,case-1010-veh_009-w0000,vehicle_witness,40,40,0,0.0
1010,case-1010-veh_009-w0001,rsu,42,15,27,0.6428571428571429
1010,case-1010-veh_009-w0001,vehicle_witness,120,120,0,0.0
1010,case-1010-veh_009-w0002,rsu,36,15,21,0.5833333333333334
1010,case-1010-veh_009-w0002,vehicle_witness,120,120,0,0.0
1010,case-1010-veh_009-w0003,rsu,30,15,15,0.5
1010,case-1010-veh_009-w0003,vehicle_witness,120,120,0,0.0
1010,case-1010-veh_009-w0004,rsu,34,15,19,0.5588235294117647
1010,case-1010-veh_009-w0004,vehicle_witness,108,108,0,0.0
1010,case-1010-veh_009-w0005,rsu,31,15,16,0.5161290322580645
1010,case-1010-veh_009-w0005,vehicle_witness,105,105,0,0.0
1010,case-1010-veh_009-w0006,rsu,14,6,8,0.5714285714285714
1010,case-1010-veh_009-w0006,vehicle_witness,42,42,0,0.0
1010,case-1010-veh_010-w0000,rsu,8,4,4,0.5
1010,case-1010-veh_010-w0000,vehicle_witness,32,32,0,0.0
1010,case-1010-veh_010-w0001,rsu,62,15,47,0.7580645161290323
1010,case-1010-veh_010-w0001,vehicle_witness,248,120,128,0.5161290322580645
1010,case-1010-veh_010-w0002,rsu,175,15,160,0.9142857142857143
1010,case-1010-veh_010-w0002,vehicle_witness,600,120,480,0.8
1010,case-1010-veh_010-w0003,rsu,175,15,160,0.9142857142857143
1010,case-1010-veh_010-w0003,vehicle_witness,600,120,480,0.8
1010,case-1010-veh_010-w0004,rsu,150,15,135,0.9
1010,case-1010-veh_010-w0004,vehicle_witness,600,120,480,0.8
1010,case-1010-veh_010-w0005,rsu,62,15,47,0.7580645161290323
1010,case-1010-veh_010-w0005,vehicle_witness,248,120,128,0.5161290322580645
1010,case-1010-veh_010-w0006,rsu,14,6,8,0.5714285714285714
1010,case-1010-veh_010-w0006,vehicle_witness,48,48,0,0.0
1010,case-1010-veh_011-w0000,rsu,6,3,3,0.5
1010,case-1010-veh_011-w0000,vehicle_witness,24,24,0,0.0
1010,case-1010-veh_011-w0001,rsu,40,15,25,0.625
1010,case-1010-veh_011-w0001,vehicle_witness,120,120,0,0.0
1010,case-1010-veh_011-w0002,rsu,38,15,23,0.6052631578947368
1010,case-1010-veh_011-w0002,vehicle_witness,120,120,0,0.0
1010,case-1010-veh_011-w0003,rsu,30,15,15,0.5
1010,case-1010-veh_011-w0003,vehicle_witness,120,120,0,0.0
1010,case-1010-veh_011-w0004,rsu,32,15,17,0.53125
1010,case-1010-veh_011-w0004,vehicle_witness,112,112,0,0.0
1010,case-1010-veh_011-w0005,rsu,33,15,18,0.5454545454545454
1010,case-1010-veh_011-w0005,vehicle_witness,109,109,0,0.0
1010,case-1010-veh_011-w0006,rsu,12,6,6,0.5
1010,case-1010-veh_011-w0006,vehicle_witness,42,42,0,0.0
1010,case-1010-veh_012-w0000,rsu,4,2,2,0.5
1010,case-1010-veh_012-w0000,vehicle_witness,16,16,0,0.0
1010,case-1010-veh_012-w0001,rsu,30,15,15,0.5
1010,case-1010-veh_012-w0001,vehicle_witness,120,120,0,0.0
1010,case-1010-veh_012-w0002,rsu,36,15,21,0.5833333333333334
1010,case-1010-veh_012-w0002,vehicle_witness,120,120,0,0.0
1010,case-1010-veh_012-w0003,rsu,34,15,19,0.5588235294117647
1010,case-1010-veh_012-w0003,vehicle_witness,120,120,0,0.0
1010,case-1010-veh_012-w0004,rsu,32,15,17,0.53125
1010,case-1010-veh_012-w0004,vehicle_witness,120,120,0,0.0
1010,case-1010-veh_012-w0005,rsu,30,15,15,0.5
1010,case-1010-veh_012-w0005,vehicle_witness,120,120,0,0.0
1010,case-1010-veh_012-w0006,rsu,12,6,6,0.5
1010,case-1010-veh_012-w0006,vehicle_witness,43,43,0,0.0
1010,case-1010-veh_013-w0000,rsu,2,1,1,0.5
1010,case-1010-veh_013-w0000,vehicle_witness,8,8,0,0.0
1010,case-1010-veh_013-w0001,rsu,38,15,23,0.6052631578947368
1010,case-1010-veh_013-w0001,vehicle_witness,120,120,0,0.0
1010,case-1010-veh_013-w0002,rsu,40,15,25,0.625
1010,case-1010-veh_013-w0002,vehicle_witness,120,120,0,0.0
1010,case-1010-veh_013-w0003,rsu,30,15,15,0.5
1010,case-1010-veh_013-w0003,vehicle_witness,120,120,0,0.0
1010,case-1010-veh_013-w0004,rsu,30,15,15,0.5
1010,case-1010-veh_013-w0004,vehicle_witness,115,115,0,0.0
1010,case-1010-veh_013-w0005,rsu,35,15,20,0.5714285714285714
1010,case-1010-veh_013-w0005,vehicle_witness,105,105,0,0.0
1010,case-1010-veh_013-w0006,rsu,12,6,6,0.5
1010,case-1010-veh_013-w0006,vehicle_witness,42,42,0,0.0
1010,case-1010-veh_014-w0001,rsu,30,15,15,0.5
1010,case-1010-veh_014-w0001,vehicle_witness,120,120,0,0.0
1010,case-1010-veh_014-w0002,rsu,140,15,125,0.8928571428571429
1010,case-1010-veh_014-w0002,vehicle_witness,480,120,360,0.75
1010,case-1010-veh_014-w0003,rsu,128,15,113,0.8828125
1010,case-1010-veh_014-w0003,vehicle_witness,480,120,360,0.75
1010,case-1010-veh_014-w0004,rsu,132,15,117,0.8863636363636364
1010,case-1010-veh_014-w0004,vehicle_witness,480,120,360,0.75
1010,case-1010-veh_014-w0005,rsu,78,15,63,0.8076923076923077
1010,case-1010-veh_014-w0005,vehicle_witness,310,118,192,0.6193548387096774
1010,case-1010-veh_014-w0006,rsu,12,6,6,0.5
1010,case-1010-veh_014-w0006,vehicle_witness,42,42,0,0.0
1010,case-1010-veh_015-w0001,rsu,34,14,20,0.5882352941176471
1010,case-1010-veh_015-w0001,vehicle_witness,112,112,0,0.0
1010,case-1010-veh_015-w0002,rsu,41,15,26,0.6341463414634146
1010,case-1010-veh_015-w0002,vehicle_witness,120,120,0,0.0
1010,case-1010-veh_015-w0003,rsu,30,15,15,0.5
1010,case-1010-veh_015-w0003,vehicle_witness,120,120,0,0.0
1010,case-1010-veh_015-w0004,rsu,30,15,15,0.5
1010,case-1010-veh_015-w0004,vehicle_witness,120,120,0,0.0
1010,case-1010-veh_015-w0005,rsu,35,15,20,0.5714285714285714
1010,case-1010-veh_015-w0005,vehicle_witness,120,120,0,0.0
1010,case-1010-veh_015-w0006,rsu,12,6,6,0.5
1010,case-1010-veh_015-w0006,vehicle_witness,48,48,0,0.0
1010,case-1010-veh_016-w0001,rsu,26,13,13,0.5
1010,case-1010-veh_016-w0001,vehicle_witness,104,104,0,0.0
1010,case-1010-veh_016-w0002,rsu,35,15,20,0.5714285714285714
1010,case-1010-veh_016-w0002,vehicle_witness,120,120,0,0.0
1010,case-1010-veh_016-w0003,rsu,30,15,15,0.5
1010,case-1010-veh_016-w0003,vehicle_witness,114,114,0,0.0
1010,case-1010-veh_016-w0004,rsu,35,15,20,0.5714285714285714
1010,case-1010-veh_016-w0004,vehicle_witness,108,108,0,0.0
1010,case-1010-veh_016-w0005,rsu,30,15,15,0.5
1010,case-1010-veh_016-w0005,vehicle_witness,118,118,0,0.0
1010,case-1010-veh_016-w0006,rsu,12,6,6,0.5
1010,case-1010-veh_016-w0006,vehicle_witness,42,42,0,0.0
1010,case-1010-veh_017-w0001,rsu,27,12,15,0.5555555555555556
1010,case-1010-veh_017-w0001,vehicle_witness,96,96,0,0.0
1010,case-1010-veh_017-w0002,rsu,44,15,29,0.6590909090909091
1010,case-1010-veh_017-w0002,vehicle_witness,120,120,0,0.0
1010,case-1010-veh_017-w0003,rsu,30,15,15,0.5
1010,case-1010-veh_017-w0003,vehicle_witness,120,120,0,0.0
1010,case-1010-veh_017-w0004,rsu,30,15,15,0.5
1010,case-1010-veh_017-w0004,vehicle_witness,94,94,0,0.0
1010,case-1010-veh_017-w0005,rsu,35,15,20,0.5714285714285714
1010,case-1010-veh_017-w0005,vehicle_witness,90,90,0,0.0
1010,case-1010-veh_017-w0006,rsu,12,6,6,0.5
1010,case-1010-veh_017-w0006,vehicle_witness,36,36,0,0.0
1010,case-1010-veh_018-w0001,rsu,22,11,11,0.5
1010,case-1010-veh_018-w0001,vehicle_witness,88,88,0,0.0
1010,case-1010-veh_018-w0002,rsu,34,15,19,0.5588235294117647
1010,case-1010-veh_018-w0002,vehicle_witness,105,105,0,0.0
1010,case-1010-veh_018-w0003,rsu,32,15,17,0.53125
1010,case-1010-veh_018-w0003,vehicle_witness,105,105,0,0.0
1010,case-1010-veh_018-w0004,rsu,35,15,20,0.5714285714285714
1010,case-1010-veh_018-w0004,vehicle_witness,96,96,0,0.0
1010,case-1010-veh_018-w0005,rsu,30,15,15,0.5
1010,case-1010-veh_018-w0005,vehicle_witness,105,105,0,0.0
1010,case-1010-veh_018-w0006,rsu,12,6,6,0.5
1010,case-1010-veh_018-w0006,vehicle_witness,41,41,0,0.0
1010,case-1010-veh_019-w0001,rsu,22,10,12,0.5454545454545454
1010,case-1010-veh_019-w0001,vehicle_witness,80,80,0,0.0
1010,case-1010-veh_019-w0002,rsu,45,15,30,0.6666666666666666
1010,case-1010-veh_019-w0002,vehicle_witness,120,120,0,0.0
1010,case-1010-veh_019-w0003,rsu,31,15,16,0.5161290322580645
1010,case-1010-veh_019-w0003,vehicle_witness,120,120,0,0.0
1010,case-1010-veh_019-w0004,rsu,30,15,15,0.5
1010,case-1010-veh_019-w0004,vehicle_witness,86,86,0,0.0
1010,case-1010-veh_019-w0005,rsu,33,15,18,0.5454545454545454
1010,case-1010-veh_019-w0005,vehicle_witness,75,75,0,0.0
1010,case-1010-veh_019-w0006,rsu,14,6,8,0.5714285714285714
1010,case-1010-veh_019-w0006,vehicle_witness,30,30,0,0.0
1010,case-1010-veh_020-w0001,rsu,18,9,9,0.5
1010,case-1010-veh_020-w0001,vehicle_witness,72,72,0,0.0
1010,case-1010-veh_020-w0002,rsu,32,15,17,0.53125
1010,case-1010-veh_020-w0002,vehicle_witness,100,100,0,0.0
1010,case-1010-veh_020-w0003,rsu,33,15,18,0.5454545454545454
1010,case-1010-veh_020-w0003,vehicle_witness,90,90,0,0.0
1010,case-1010-veh_020-w0004,rsu,35,15,20,0.5714285714285714
1010,case-1010-veh_020-w0004,vehicle_witness,82,82,0,0.0
1010,case-1010-veh_020-w0005,rsu,30,15,15,0.5
1010,case-1010-veh_020-w0005,vehicle_witness,92,92,0,0.0
1010,case-1010-veh_020-w0006,rsu,12,6,6,0.5
1010,case-1010-veh_020-w0006,vehicle_witness,41,41,0,0.0
1010,case-1010-veh_021-w0001,rsu,16,8,8,0.5
1010,case-1010-veh_021-w0001,vehicle_witness,64,64,0,0.0
1010,case-1010-veh_021-w0002,rsu,45,15,30,0.6666666666666666
1010,case-1010-veh_021-w0002,vehicle_witness,110,110,0,0.0
1010,case-1010-veh_021-w0003,rsu,33,15,18,0.5454545454545454
1010,case-1010-veh_021-w0003,vehicle_witness,120,120,0,0.0
1010,case-1010-veh_021-w0004,rsu,30,15,15,0.5
1010,case-1010-veh_021-w0004,vehicle_witness,80,80,0,0.0
1010,case-1010-veh_021-w0005,rsu,31,15,16,0.5161290322580645
1010,case-1010-veh_021-w0005,vehicle_witness,60,60,0,0.0
1010,case-1010-veh_021-w0006,rsu,16,6,10,0.625
1010,case-1010-veh_021-w0006,vehicle_witness,24,24,0,0.0
1010,case-1010-veh_022-w0001,rsu,14,7,7,0.5
1010,case-1010-veh_022-w0001,vehicle_witness,56,56,0,0.0
1010,case-1010-veh_022-w0002,rsu,30,15,15,0.5
1010,case-1010-veh_022-w0002,vehicle_witness,88,88,0,0.0
1010,case-1010-veh_022-w0003,rsu,35,15,20,0.5714285714285714
1010,case-1010-veh_022-w0003,vehicle_witness,75,75,0,0.0
1010,case-1010-veh_022-w0004,rsu,36,15,21,0.5833333333333334
1010,case-1010-veh_022-w0004,vehicle_witness,68,68,0,0.0
1010,case-1010-veh_022-w0005,rsu,30,15,15,0.5
1010,case-1010-veh_022-w0005,vehicle_witness,80,80,0,0.0
1010,case-1010-veh_022-w0006,rsu,12,6,6,0.5
1010,case-1010-veh_022-w0006,vehicle_witness,41,41,0,0.0
1010,case-1010-veh_023-w0001,rsu,12,6,6,0.5
1010,case-1010-veh_023-w0001,vehicle_witness,48,48,0,0.0
1010,case-1010-veh_023-w0002,rsu,43,15,28,0.6511627906976745
1010,case-1010-veh_023-w0002,vehicle_witness,96,96,0,0.0
1010,case-1010-veh_023-w0003,rsu,34,15,19,0.5588235294117647
1010,case-1010-veh_023-w0003,vehicle_witness,120,120,0,0.0
1010,case-1010-veh_023-w0004,rsu,30,15,15,0.5
1010,case-1010-veh_023-w0004,vehicle_witness,75,75,0,0.0
1010,case-1010-veh_023-w0005,rsu,30,15,15,0.5
1010,case-1010-veh_023-w0005,vehicle_witness,45,45,0,0.0
1010,case-1010-veh_023-w0006,rsu,17,6,11,0.6470588235294118
1010,case-1010-veh_023-w0006,vehicle_witness,18,18,0,0.0
