seed,simulation_time,vehicle_id,x,y,speed_mps,acceleration_mps2,lane_id,lane_position_m,road_id
1007,1.0,veh_000,8.3,-1.6,12.0,0.0,e01_0,5.1,e01
1007,2.0,veh_000,22.647342936382625,-1.6,14.347342936382628,2.3473429363826277,e01_0,19.447342936382626,e01
1007,2.0,veh_001,1.6,8.3,12.0,0.0,e05_0,5.1,e05
1007,3.0,veh_000,39.14749479723629,-1.6,16.50015186085366,2.1528089244710316,e01_0,35.94749479723629,e01
1007,3.0,veh_001,1.6,22.308016621354035,14.008016621354036,2.0080166213540362,e05_0,19.108016621354036,e05
1007,3.0,veh_002,8.3,-1.6,13.0,0.0,e01_0,5.1,e01
1007,4.0,veh_000,55.725710253617734,-1.6,16.578215456381443,0.07806359552778375,e01_0,52.52571025361773,e01
1007,4.0,veh_001,1.6,38.469212824539284,16.161196203185245,2.1531795818312087,e05_0,35.26921282453928,e05
1007,4.0,veh_002,23.219220339874735,-1.6,14.919220339874737,1.9192203398747374,e01_0,20.019220339874735,e01
1007,4.0,veh_003,1.6,8.3,13.0,0.0,e05_0,5.1,e05
1007,5.0,veh_000,72.39118295204361,-1.6,16.665472698425877,0.08725724204443353,e01_0,69.1911829520436,e01
1007,5.0,veh_001,1.6,55.00916239595972,16.53994957142044,0.3787533682351949,e05_0,51.80916239595972,e05
1007,5.0,veh_002,39.05585374613288,-1.6,15.836633406258146,0.9174130663834088,e01_0,35.85585374613288,e01
1007,5.0,veh_003,1.6,23.402857565307055,15.102857565307058,2.1028575653070583,e05_0,20.202857565307056,e05
1007,5.0,veh_004,8.3,-1.6,12.0,0.0,e01_0,5.1,e01
1007,6.0,veh_000,88.38936953592115,-1.6,15.998186583877542,-0.6672861145483342,e01_0,85.18936953592114,e01
1007,6.0,veh_001,1.6,71.1414832018828,16.132320805923083,-0.40762876549735694,e05_0,67.9414832018828,e05
1007,6.0,veh_002,54.83643872598643,-1.6,15.78058497985355,-0.05604842640459573,e01_0,51.63643872598643,e01
1007,6.0,veh_003,1.6,39.660118168932385,16.25726060362533,1.1544030383182715,e05_0,36.46011816893238,e05
1007,6.0,veh_004,22.28812467198353,-1.6,13.988124671983533,1.9881246719835328,e01_0,19.088124671983532,e01
1007,6.0,veh_005,1.6,8.3,12.0,0.0,e05_0,5.1,e05
1007,7.0,veh_000,104.37643689795398,-1.6,15.987067362032832,-0.01111922184471048,e01_0,101.17643689795398,e01
1007,7.0,veh_001,1.6,87.56970754710493,16.428224345222116,0.295903539299033,e05_0,84.36970754710492,e05
1007,7.0,veh_002,71.04401655282346,-1.6,16.207577826837035,0.4269928469834845,e01_0,67.84401655282346,e01
1007,7.0,veh_003,1.6,55.60527170042508,15.94515353149269,-0.31210707213264044,e05_0,52.405271700425075,e05
1007,7.0,veh_004,38.79667355392128,-1.6,16.50854888193775,2.520424209954216,e01_0,35.59667355392128,e01
1007,7.0,veh_005,1.6,22.88069760181941,14.580697601819411,2.580697601819411,e05_0,19.68069760181941,e05
1007,7.0,veh_006,8.3,-1.6,13.0,0.0,e01_0,5.1,e01
1007,8.0,veh_000,120.80754006948324,-1.6,16.43110317152925,0.44403580949641963,e01_0,117.60754006948324,e01
1007,8.0,veh_001,1.6,103.54800054278226,15.97829299567733,-0.4499313495447854,e05_0,100.34800054278226,e05
1007,8.0,veh_002,86.76850265069382,-1.6,15.724486097870352,-0.4830917289666825,e01_0,83.56850265069382,e01
1007,8.0,veh_003,1.6,72.16066417612136,16.555392475696284,0.6102389442035943,e05_0,68.96066417612136,e05
1007,8.0,veh_004,55.240995161207394,-1.6,16.444321607286113,-0.06422727465163547,e01_0,52.04099516120739,e01
1007,8.0,veh_005,1.6,38.349369638357686,15.468672036538274,0.8879744347188634,e05_0,35.14936963835768,e05
1007,8.0,veh_006,23.149503585360943,-1.6,14.849503585360944,1.849503585360944,e01_0,19.949503585360944,e01
1007,8.0,veh_007,1.6,8.3,13.0,0.0,e05_0,5.1,e05
1007,9.0,veh_000,137.31621283743996,-1.6,16.508672767956742,0.07756959642749095,e01_0,134.11621283743997,e01
1007,9.0,veh_001,1.6,120.05862142978238,16.510620887000115,0.5323278913227849,e05_0,116.85862142978237,e05
1007,9.0,veh_002,102.62894302502718,-1.6,15.860440374333368,0.13595427646301594,e01_0,99.42894302502718,e01
1007,9.0,veh_003,1.6,88.56756536640692,16.406901190285573,-0.1484912854107101,e05_0,85.36756536640692,e05
1007,9.0,veh_004,71.81079912252724,-1.6,16.56980396131985,0.12548235403373553,e01_0,68.61079912252724,e01
1007,9.0,veh_005,1.6,53.412963257679536,15.063593619321848,-0.40507841721642635,e05_0,50.21296325767953,e05
1007,9.0,veh_006,39.81148900708184,-1.6,16.661985421720892,1.8124818363599484,e01_0,36.611489007081836,e01
1007,9.0,veh_007,1.6,23.627939252024515,15.327939252024516,2.3279392520245157,e05_0,20.427939252024515,e05
1007,9.0,veh_008,8.3,-1.6,12.0,0.0,e01_0,5.1,e01
1007,10.0,veh_000,153.56596063652077,-1.6,16.249747799080797,-0.2589249688759452,e01_0,150.36596063652078,e01
1007,10.0,veh_001,1.6,136.67256708949805,16.613945659715682,0.10332477271556684,e05_0,133.47256708949806,e05
1007,10.0,veh_002,118.3395485102243,-1.6,15.710605485197114,-0.14983488913625465,e01_0,115.1395485102243,e01
1007,10.0,veh_003,1.6,104.48626271964982,15.918697353242898,-0.48820383704267556,e05_0,101.28626271964981,e05
1007,10.0,veh_004,87.88678049354348,-1.6,16.075981371016244,-0.49382259030360487,e01_0,84.68678049354348,e01
1007,10.0,veh_005,1.6,68.70898028944266,15.296017031763123,0.23242341244127473,e05_0,65.50898028944266,e05
1007,10.0,veh_006,55.81921539830044,-1.6,16.007726391218604,-0.6542590305022884,e01_0,52.61921539830044,e01
1007,10.0,veh_007,1.6,39.661742042140105,16.03380279011559,0.7058635380910747,e05_0,36.4617420421401,e05
1007,10.0,veh_008,22.33289196256548,-1.6,14.03289196256548,2.032891962565481,e01_0,19.13289196256548,e01
1007,10.0,veh_009,1.6,8.3,12.0,0.0,e05_0,5.1,e05
1007,11.0,veh_000,169.92827331939714,-1.6,16.362312682876365,0.11256488379556728,e01_0,166.72827331939715,e01
1007,11.0,veh_001,1.6,152.93842289801688,16.26585580851883,-0.3480898511968533,e05_0,149.7384228980169,e05
1007,11.0,veh_002,134.2920763152881,-1.6,15.95252780506383,0.24192231986671686,e01_0,131.09207631528812,e01
1007,11.0,veh_003,1.6,120.53238426106516,16.046121541415342,0.12742418817244427,e05_0,117.33238426106516,e05
1007,11.0,veh_004,104.20328060777858,-1.6,16.316500114235097,0.24051874321885336,e01_0,101.00328060777858,e01
1007,11.0,veh_005,1.6,83.90032510430237,15.191344814859704,-0.10467221690341866,e05_0,80.70032510430237,e05
1007,11.0,veh_006,72.13743503390346,-1.6,16.31821963560302,0.31049324438441417,e01_0,68.93743503390345,e01
1007,11.0,veh_007,1.6,56.101764652957215,16.440022610817106,0.40621982070151574,e05_0,52.90176465295721,e05
1007,11.0,veh_008,38.75623490657192,-1.6,16.423342944006436,2.3904509814409547,e01_0,35.556234906571916,e01
1007,11.0,veh_009,1.6,22.610187806575556,14.31018780657556,2.310187806575559,e05_0,19.410187806575557,e05
1007,11.0,veh_010,8.3,-1.6,13.0,0.0,e01_0,5.1,e01
1007,12.0,veh_000,185.90025480140002,-1.6,15.971981482002885,-0.3903312008734794,e01_0,182.70025480140004,e01
1007,12.0,veh_001,1.6,169.28732705233153,16.34890415431466,0.08304834579583087,e05_0,166.08732705233155,e05
1007,12.0,veh_002,150.65567416399682,-1.6,16.3635978487087,0.41107004364486954,e01_0,147.45567416399683,e01
1007,12.0,veh_003,1.6,136.99876548310274,16.4663812220376,0.4202596806222587,e05_0,133.79876548310276,e05
1007,12.0,veh_004,120.73759621972684,-1.6,16.534315611948262,0.21781549771316477,e01_0,117.53759621972684,e01
1007,12.0,veh_005,1.6,98.87067896841748,14.970353864115106,-0.22099095074459818,e05_0,95.67067896841748,e05
1007,12.0,veh_006,88.59386671810877,-1.6,16.45643168420531,0.1382120486022913,e01_0,85.39386671810877,e01
1007,12.0,veh_007,1.6,71.79101562992177,15.689250976964553,-0.750771633852553,e05_0,68.59101562992177,e05
1007,12.0,veh_008,55.306310404497204,-1.6,16.550075497925285,0.12673255391884908,e01_0,52.1063104044972,e01
1007,12.0,veh_009,1.6,38.533051427607425,15.922863621031867,1.612675814456308,e05_0,35.33305142760742,e05
1007,12.0,veh_010,23.86414054795634,-1.6,15.56414054795634,2.56414054795634,e01_0,20.66414054795634,e01
1007,12.0,veh_011,1.6,8.3,13.0,0.0,e05_0,5.1,e05
1007,13.0,veh_000,202.14834710425234,-1.6,16.248092302852314,0.2761108208494285,e01_0,198.94834710425235,e01
1007,13.0,veh_001,1.6,185.63289480070586,16.345567748374307,-0.0033364059403524493,e05_0,182.43289480070587,e05
1007,13.0,veh_002,166.3970178364912,-1.6,15.741343672494361,-0.622254176214339,e01_0,163.1970178364912,e01
1007,13.0,veh_003,1.6,153.04877713370135,16.05001165059861,-0.41636957143899167,e05_0,149.84877713370136,e05
1007,13.0,veh_004,136.97121237291952,-1.6,16.23361615319271,-0.3006994587555525,e01_0,133.77121237291954,e01
1007,13.0,veh_005,1.6,114.18333088011241,15.31265191169493,0.34229804757982407,e05_0,110.9833308801124,e05
1007,13.0,veh_006,104.53422060246115,-1.6,15.940353884352373,-0.5160777998529369,e01_0,101.33422060246114,e01
1007,13.0,veh_007,1.6,87.40830434923488,15.617288719313105,-0.07196225765144781,e05_0,84.20830434923488,e05
1007,13.0,veh_008,71.54272324546706,-1.6,16.236412840969862,-0.3136626569554224,e01_0,68.34272324546706,e01
1007,13.0,veh_009,1.6,54.497538799601614,15.964487371994185,0.04162375096231763,e05_0,51.29753879960161,e05
1007,13.0,veh_010,40.46666816582438,-1.6,16.602527617868038,1.038387069911698,e01_0,37.26666816582438,e01
1007,13.0,veh_011,1.6,22.67785538551555,14.37785538551555,1.3778553855155504,e05_0,19.47785538551555,e05
1007,13.0,veh_012,8.3,-1.6,12.0,0.0,e01_0,5.1,e01
1007,14.0,veh_000,218.32472517651507,-1.6,16.176378072262743,-0.0717142305895706,e01_0,215.12472517651508,e01
1007,14.0,veh_001,1.6,202.0011901543802,16.36829535367433,0.022727605300023157,e05_0,198.8011901543802,e05
1007,14.0,veh_002,182.4926620331635,-1.6,16.09564419667232,0.35430052417796,e01_0,179.2926620331635,e01
1007,14.0,veh_003,1.6,169.6404935243772,16.591716390675867,0.5417047400772574,e05_0,166.44049352437722,e05
1007,14.0,veh_004,152.86998567305503,-1.6,15.89877330013551,-0.3348428530572001,e01_0,149.66998567305504,e01
1007,14.0,veh_005,1.6,129.17952177864296,14.996190898530559,-0.31646101316437125,e05_0,125.97952177864296,e05
1007,14.0,veh_006,120.9030787286954,-1.6,16.368858126234265,0.4285042418818925,e01_0,117.7030787286954,e01
1007,14.0,veh_007,1.6,103.38934054934616,15.981036200111275,0.3637474807981693,e05_0,100.18934054934616,e05
1007,14.0,veh_008,88.03823648164514,-1.6,16.495513236178088,0.25910039520822536,e01_0,84.83823648164514,e01
1007,14.0,veh_009,1.6,71.14728951416446,16.649750714562835,0.6852633425686498,e05_0,67.94728951416445,e05
1007,14.0,veh_010,57.02122847652063,-1.6,16.554560310696253,-0.04796730717178477,e01_0,53.82122847652063,e01
1007,14.0,veh_011,1.6,37.19527447385563,14.517419088340077,0.13956370282452646,e05_0,33.99527447385563,e05
1007,14.0,veh_012,22.192209959505124,-1.6,13.892209959505125,1.8922099595051254,e01_0,18.992209959505125,e01
1007,14.0,veh_013,1.6,8.3,12.0,0.0,e05_0,5.1,e05
1007,15.0,veh_000,234.57634604335763,-1.6,16.25162086684257,0.0752427945798253,e01_0,231.37634604335764,e01
1007,15.0,veh_001,1.6,218.32572588144805,16.324535727067854,-0.04375962660647659,e05_0,215.12572588144806,e05
1007,15.0,veh_002,198.74433595919467,-1.6,16.251673926031174,0.15602972935885262,e01_0,195.54433595919468,e01
1007,15.0,veh_003,1.6,185.54049556814132,15.90000204376411,-0.6917143469117573,e05_0,182.34049556814134,e05
1007,15.0,veh_004,168.81623492238575,-1.6,15.946249249330723,0.047475949195213474,e01_0,165.61623492238576,e01
1007,15.0,veh_005,1.6,144.33692689806986,15.157405119426922,0.1612142208963636,e05_0,141.13692689806987,e05
1007,15.0,veh_006,137.01620066329372,-1.6,16.113121934598315,-0.2557361916359504,e01_0,133.81620066329373,e01
1007,15.0,veh_007,1.6,118.84697285701552,15.457632307669362,-0.5234038924419124,e05_0,115.64697285701551,e05
1007,15.0,veh_008,104.55618891942315,-1.6,16.517952437778007,0.0224392015999193,e01_0,101.35618891942315,e01
1007,15.0,veh_009,1.6,87.34586408704521,16.198574572880755,-0.45117614168207965,e05_0,84.14586408704521,e05
1007,15.0,veh_010,73.5002221556008,-1.6,16.478993679080162,-0.07556663161609123,e01_0,70.30022215560079,e01
1007,15.0,veh_011,1.6,51.30233710012872,14.107062626273082,-0.4103564620669946,e05_0,48.102337100128715,e05
1007,15.0,veh_012,38.14480278264698,-1.6,15.952592823141847,2.060382863636722,e01_0,34.944802782646974,e01
1007,15.0,veh_013,1.6,22.34485059556551,14.044850595565512,2.044850595565512,e05_0,19.14485059556551,e05
1007,15.0,veh_014,8.3,-1.6,13.0,0.0,e01_0,5.1,e01
1007,16.0,veh_000,250.92579491786194,-1.6,16.349448874504308,0.09782800766173949,e01_0,247.72579491786195,e01
1007,16.0,veh_001,1.6,234.90996100996625,16.584235128518195,0.25969940145034087,e05_0,231.70996100996626,e05
1007,16.0,veh_002,214.4001560586313,-1.6,15.655820099436635,-0.5958538265945386,e01_0,211.2001560586313,e01
1007,16.0,veh_003,1.6,202.16475728149058,16.624261713349263,0.7242596695851535,e05_0,198.9647572814906,e05
1007,16.0,veh_004,185.09580052827016,-1.6,16.279565605884418,0.33331635655369496,e01_0,181.89580052827017,e01
1007,16.0,veh_005,1.6,159.84622230352704,15.50929540545717,0.3518902860302475,e05_0,156.64622230352705,e05
1007,16.0,veh_006,153.46423890807665,-1.6,16.44803824478295,0.3349163101846351,e01_0,150.26423890807666,e01
1007,16.0,veh_007,1.6,134.3003597190921,15.453386862076606,-0.004245445592756525,e05_0,131.10035971909213,e05
1007,16.0,veh_008,120.83155990743545,-1.6,16.275370988012295,-0.24258144976571216,e01_0,117.63155990743545,e01
1007,16.0,veh_009,1.6,103.88730544152672,16.541441354481506,0.3428667816007511,e05_0,100.68730544152672,e05
1007,16.0,veh_010,89.47742030497642,-1.6,15.977198149375619,-0.5017955297045429,e01_0,86.27742030497642,e01
1007,16.0,veh_011,1.6,65.36729843055994,14.064961330431226,-0.04210129584185651,e05_0,62.16729843055994,e05
1007,16.0,veh_012,53.82155597511611,-1.6,15.676753192469139,-0.2758396306727082,e01_0,50.62155597511611,e01
1007,16.0,veh_013,1.6,37.87800626092385,15.533155665358331,1.488305069792819,e05_0,34.678006260923844,e05
1007,16.0,veh_014,23.83418840233702,-1.6,15.534188402337021,2.534188402337021,e01_0,20.63418840233702,e01
1007,16.0,veh_015,1.6,8.3,13.0,0.0,e05_0,5.1,e05
1007,17.0,veh_000,267.5495094191795,-1.6,16.623714501317593,0.2742656268132855,e01_0,264.3495094191795,e01
1007,17.0,veh_001,1.6,250.88877801436004,15.978817004393788,-0.605418124124407,e05_0,247.68877801436005,e05
1007,17.0,veh_002,230.40294074109698,-1.6,16.002784682465673,0.3469645830290382,e01_0,227.202940741097,e01
1007,17.0,veh_003,1.6,218.36682849042114,16.202071208930576,-0.4221905044186869,e05_0,215.16682849042115,e05
1007,17.0,veh_004,201.53790817414406,-1.6,16.442107645873914,0.16254203998949635,e01_0,198.33790817414408,e01
1007,17.0,veh_005,1.6,175.032345330216,15.186123026688957,-0.3231723787682128,e05_0,171.83234533021601,e05
1007,17.0,veh_006,169.59382940772454,-1.6,16.129590499647893,-0.3184477451350567,e01_0,166.39382940772455,e01
1007,17.0,veh_007,1.6,150.23417381395774,15.933814094865628,0.48042723278902244,e05_0,147.03417381395775,e05
1007,17.0,veh_008,137.00847231718245,-1.6,16.176912409747022,-0.09845857826527293,e01_0,133.80847231718246,e01
1007,17.0,veh_009,1.6,119.862427175683,15.975121734156275,-0.5663196203252312,e05_0,116.66242717568299,e05
1007,17.0,veh_010,105.49323327891996,-1.6,16.01581297394354,0.038614824567920536,e01_0,102.29323327891996,e01
1007,17.0,veh_011,1.6,79.30504134328892,13.937742912728982,-0.1272184177022435,e05_0,76.10504134328892,e05
1007,17.0,veh_012,69.73117387524239,-1.6,15.909617900126275,0.23286470765713574,e01_0,66.53117387524239,e01
1007,17.0,veh_013,1.6,52.788970967256745,14.910964706332901,-0.6221909590254295,e05_0,49.58897096725674,e05
1007,17.0,veh_014,39.60176306294197,-1.6,15.767574660604948,0.23338625826792736,e01_0,36.40176306294197,e01
1007,17.0,veh_015,1.6,23.660699020940807,15.36069902094081,2.3606990209408103,e05_0,20.460699020940808,e05
1007,17.0,veh_016,8.3,-1.6,12.0,0.0,e01_0,5.1,e01
1007,18.0,veh_000,284.1754510463029,-1.6,16.625941627123396,0.0022271258058026433,e01_0,280.9754510463029,e01
1007,18.0,veh_001,1.6,266.95478583462074,16.06600782026071,0.0871908158669239,e05_0,263.75478583462075,e05
1007,18.0,veh_002,246.58794903633122,-1.6,16.18500829523425,0.18222361276857768,e01_0,243.38794903633124,e01
1007,18.0,veh_003,1.6,234.39945983674374,16.0326313463226,-0.16943986260797672,e05_0,231.19945983674376,e05
1007,18.0,veh_004,217.84839074850078,-1.6,16.310482574356723,-0.13162507151719183,e01_0,214.6483907485008,e01
1007,18.0,veh_005,1.6,190.3868773809163,15.354532050700302,0.1684090240113445,e05_0,187.18687738091631,e05
1007,18.0,veh_006,185.57640410771126,-1.6,15.982574699986728,-0.1470157996611654,e01_0,182.37640410771127,e01
1007,18.0,veh_007,1.6,165.77010609163722,15.535932277679489,-0.39788181718613913,e05_0,162.57010609163723,e05
1007,18.0,veh_008,153.2245112123294,-1.6,16.216038895146923,0.039126485399901156,e01_0,150.0245112123294,e01
1007,18.0,veh_009,1.6,135.81392467708793,15.951497501404958,-0.023624232751316754,e05_0,132.61392467708794,e05
1007,18.0,veh_010,121.44826953378974,-1.6,15.955036254869775,-0.060776719073764696,e01_0,118.24826953378974,e01
1007,18.0,veh_011,1.6,93.74859988185125,14.44355853856233,0.5058156258333479,e05_0,90.54859988185125,e05
1007,18.0,veh_012,85.70457387748505,-1.6,15.97340000224266,0.06378210211638446,e01_0,82.50457387748504,e01
1007,18.0,veh_013,1.6,67.72363099409277,14.93466002683603,0.02369532050312806,e05_0,64.52363099409277,e05
1007,18.0,veh_014,55.54648757620088,-1.6,15.944724513258913,0.1771498526539652,e01_0,52.34648757620088,e01
1007,18.0,veh_015,1.6,39.82123648050563,16.160537459564825,0.7998384386240147,e05_0,36.62123648050563,e05
1007,18.0,veh_016,22.225618520290592,-1.6,13.925618520290591,1.925618520290591,e01_0,19.025618520290593,e01
1007,18.0,veh_017,1.6,8.3,12.0,0.0,e05_0,5.1,e05
1007,19.0,veh_000,300.66508855549154,-1.6,16.489637509188615,-0.13630411793478103,e01_0,297.46508855549155,e01
1007,19.0,veh_001,1.6,283.519727318096,16.56494148347527,0.498933663214558,e05_0,280.319727318096,e05
1007,19.0,veh_002,262.4890663399308,-1.6,15.90111730359956,-0.28389099163469034,e01_0,259.2890663399308,e01
1007,19.0,veh_003,1.6,250.40599042292217,16.006530586178418,-0.026100760144181834,e05_0,247.20599042292218,e05
1007,19.0,veh_004,234.40959533393846,-1.6,16.561204585437665,0.25072201108094205,e01_0,231.20959533393847,e01
1007,19.0,veh_005,1.6,205.61148649977503,15.224609118858726,-0.1299229318415751,e05_0,202.41148649977504,e05
1007,19.0,veh_006,201.96232010229022,-1.6,16.385915994578973,0.403341294592245,e01_0,198.76232010229023,e01
1007,19.0,veh_007,1.6,181.17798600392553,15.407879912288294,-0.1280523653911949,e05_0,177.97798600392554,e05
1007,19.0,veh_008,169.72995657595342,-1.6,16.505445363624023,0.2894064684771003,e01_0,166.52995657595343,e01
1007,19.0,veh_009,1.6,152.04584062146023,16.231915944372304,0.2804184429673455,e05_0,148.84584062146024,e05
1007,19.0,veh_010,138.00169160261285,-1.6,16.55342206882313,0.5983858139533567,e01_0,134.80169160261286,e01
1007,19.0,veh_011,1.6,107.60953829589937,13.860938414048116,-0.5826201245142144,e05_0,104.40953829589937,e05
1007,19.0,veh_012,101.6103867571784,-1.6,15.905812879693356,-0.06758712254930366,e01_0,98.4103867571784,e01
1007,19.0,veh_013,1.6,83.12082104443142,15.397190050338654,0.46253002350262484,e05_0,79.92082104443142,e05
1007,19.0,veh_014,71.76216236504486,-1.6,16.21567478884397,0.27095027558505613,e01_0,68.56216236504486,e01
1007,19.0,veh_015,1.6,55.68078686766347,15.859550387157842,-0.30098707240698275,e05_0,52.48078686766347,e05
1007,19.0,veh_016,38.4899875065405,-1.6,16.264368986249902,2.3387504659593112,e01_0,35.2899875065405,e01
1007,19.0,veh_017,1.6,22.29135555556044,13.991355555560439,1.991355555560439,e05_0,19.09135555556044,e05
1007,19.0,veh_018,8.3,-1.6,13.0,0.0,e01_0,5.1,e01
1007,20.0,veh_000,316.7895354729612,-1.6,16.124446917469616,-0.36519059171899926,e01_0,313.5895354729612,e01
1007,20.0,veh_001,1.6,299.7225711426139,16.202843824517913,-0.36209765895735657,e05_0,296.5225711426139,e05
1007,20.0,veh_002,278.54326658727064,-1.6,16.05420024733986,0.15308294374029963,e01_0,275.34326658727065,e01
1007,20.0,veh_003,1.6,266.3530166900158,15.947026267093609,-0.0595043190848088,e05_0,263.1530166900158,e05
1007,20.0,veh_004,250.68693395912177,-1.6,16.27733862518333,-0.2838659602543352,e01_0,247.48693395912179,e01
1007,20.0,veh_005,1.6,220.58234147602712,14.970854976252095,-0.2537541426066312,e05_0,217.38234147602714,e05
1007,20.0,veh_006,218.57295707342678,-1.6,16.610636971136557,0.2247209765575846,e01_0,215.3729570734268,e01
1007,20.0,veh_007,1.6,196.81330268969094,15.635316685765414,0.22743677347711966,e05_0,193.61330268969095,e05
1007,20.0,veh_008,186.0997638976807,-1.6,16.36980732172728,-0.135638041896744,e01_0,182.8997638976807,e01
1007,20.0,veh_009,1.6,168.11104761861264,16.06520699715242,-0.1667089472198846,e05_0,164.91104761861266,e05
1007,20.0,veh_010,154.21481387031264,-1.6,16.213122267699802,-0.34029980112332936,e01_0,151.01481387031265,e01
1007,20.0,veh_011,1.6,121.7943218635428,14.184783567643436,0.32384515359531996,e05_0,118.5943218635428,e05
1007,20.0,veh_012,117.0429314754138,-1.6,15.432544718235393,-0.4732681614579626,e01_0,113.84293147541379,e01
1007,20.0,veh_013,1.6,97.40848739436457,14.28766634993314,-1.1095237004055143,e05_0,94.20848739436457,e05
1007,20.0,veh_014,88.11366783164587,-1.6,16.351505466601008,0.1358306777570384,e01_0,84.91366783164587,e01
1007,20.0,veh_015,1.6,71.83851584906175,16.15772898139828,0.29817859424043647,e05_0,68.63851584906175,e05
1007,20.0,veh_016,54.84035599842203,-1.6,16.35036849188153,0.0859995056316265,e01_0,51.640355998422024,e01
1007,20.0,veh_017,1.6,38.513342834590205,16.221987279029765,2.230631723469326,e05_0,35.3133428345902,e05
1007,20.0,veh_018,23.561006578248925,-1.6,15.261006578248924,2.2610065782489244,e01_0,20.361006578248926,e01
1007,20.0,veh_019,1.6,8.3,13.0,0.0,e05_0,5.1,e05
1007,21.0,veh_000,332.9993669537176,-1.6,16.209831480756403,0.08538456328678734,e01_0,329.7993669537176,e01
1007,21.0,veh_001,1.6,316.23803151698786,16.515460374373944,0.31261654985603116,e05_0,313.03803151698787,e05
1007,21.0,veh_002,294.8311638558229,-1.6,16.28789726855229,0.23369702121242852,e01_0,291.63116385582293,e01
1007,21.0,veh_003,1.6,282.8395995388553,16.486582848839465,0.5395565817458561,e05_0,279.6395995388553,e05
1007,21.0,veh_004,266.645789597067,-1.6,15.958855637945236,-0.31848298723809343,e01_0,263.445789597067,e01
1007,21.0,veh_005,1.6,236.05848820433079,15.476146728303657,0.5052917520515621,e05_0,232.8584882043308,e05
1007,21.0,veh_006,234.4732089154096,-1.6,15.90025184198283,-0.7103851291537282,e01_0,231.2732089154096,e01
1007,21.0,veh_007,1.6,211.67854839347675,14.865245703785812,-0.7700709819796021,e05_0,208.47854839347676,e05
1007,21.0,veh_008,202.507065867004,-1.6,16.40730196932331,0.03749464759603072,e01_0,199.307065867004,e01
1007,21.0,veh_009,1.6,184.33093896454665,16.219891345934013,0.15468434878159343,e05_0,181.13093896454666,e05
1007,21.0,veh_010,170.25695223357994,-1.6,16.0421383632673,-0.17098390443250366,e01_0,167.05695223357995,e01
1007,21.0,veh_011,1.6,136.14429885901063,14.349976995467852,0.16519342782441626,e05_0,132.94429885901064,e05
1007,21.0,veh_012,132.760156996597,-1.6,15.717225521183234,0.28468080294784137,e01_0,129.56015699659702,e01
1007,21.0,veh_013,1.6,111.70081132216791,14.292323927803334,0.004657577870194274,e05_0,108.5008113221679,e05
1007,21.0,veh_014,104.20390118126357,-1.6,16.0902333496177,-0.26127211698330655,e01_0,101.00390118126357,e01
1007,21.0,veh_015,1.6,86.39821664084153,14.559700791779777,-1.5980281896185016,e05_0,83.19821664084152,e05
1007,21.0,veh_016,71.27957547517029,-1.6,16.43921947674826,0.08885098486673115,e01_0,68.07957547517029,e01
1007,21.0,veh_017,1.6,54.577953664143976,16.064610829553768,-0.15737644947599705,e05_0,51.37795366414397,e05
1007,21.0,veh_018,39.1846883216218,-1.6,15.623681743372869,0.36267516512394415,e01_0,35.984688321621796,e01
1007,21.0,veh_019,1.6,23.663480235361494,15.363480235361493,2.363480235361493,e05_0,20.463480235361494,e05
1007,21.0,veh_020,8.3,-1.6,12.0,0.0,e01_0,5.1,e01
1007,22.0,veh_000,349.33301235126333,-1.6,16.333645397545773,0.12381391678936993,e01_0,346.13301235126335,e01
1007,22.0,veh_001,1.6,332.8259652019386,16.587933684950695,0.07247331057675055,e05_0,329.6259652019386,e05
1007,22.0,veh_002,310.7958418201228,-1.6,15.964677964299874,-0.3232193042524152,e01_0,307.5958418201228,e01
1007,22.0,veh_003,1.6,299.49906240102837,16.659462862173097,0.17288001333363212,e05_0,296.2990624010284,e05
1007,22.0,veh_004,283.27177400501904,-1.6,16.625984407952057,0.6671287700068209,e01_0,280.07177400501905,e01
1007,22.0,veh_005,1.6,251.44480964207648,15.38632143774573,-0.08982529055792732,e05_0,248.24480964207652,e05
1007,22.0,veh_006,250.5329827631218,-1.6,16.059773847712204,0.15952200572937514,e01_0,247.3329827631218,e01
1007,22.0,veh_007,1.6,226.8117911276663,15.133242734189572,0.26799703040376066,e05_0,223.61179112766632,e05
1007,22.0,veh_008,218.5298314646585,-1.6,16.02276559765451,-0.3845363716688013,e01_0,215.32983146465853,e01
1007,22.0,veh_009,1.6,199.98958816160643,15.658649197059782,-0.5612421488742303,e05_0,196.78958816160645,e05
1007,22.0,veh_010,186.60171270214022,-1.6,16.344760468560274,0.3026221052929756,e01_0,183.40171270214023,e01
1007,22.0,veh_011,1.6,150.3045601172204,14.160261258209767,-0.18971573725808533,e05_0,147.10456011722042,e05
1007,22.0,veh_012,148.1485947970739,-1.6,15.38843780047692,-0.32878772070631435,e01_0,144.94859479707392,e01
1007,22.0,veh_013,1.6,126.59888959346794,14.898078271300035,0.6057543434967005,e05_0,123.39888959346794,e05
1007,22.0,veh_014,120.06389694642726,-1.6,15.859995765163692,-0.23023758445400944,e01_0,116.86389694642726,e01
1007,22.0,veh_015,1.6,101.41853304774236,15.020316406900827,0.46061561512104987,e05_0,98.21853304774235,e05
1007,22.0,veh_016,87.28493842423894,-1.6,16.005362949068658,-0.4338565276796018,e01_0,84.08493842423894,e01
1007,22.0,veh_017,1.6,70.49782272226238,15.919869058118403,-0.14474177143536515,e05_0,67.29782272226238,e05
1007,22.0,veh_018,54.914196222684694,-1.6,15.729507901062894,0.10582615769002501,e01_0,51.71419622268469,e01
1007,22.0,veh_019,1.6,39.76534001179971,16.101859776438214,0.7383795410767213,e05_0,36.565340011799705,e05
1007,22.0,veh_020,22.876333132251165,-1.6,14.576333132251165,2.5763331322511647,e01_0,19.676333132251166,e01
1007,22.0,veh_021,1.6,8.3,12.0,0.0,e05_0,5.1,e05
1007,23.0,veh_000,365.656998058823,-1.6,16.323985707559626,-0.009659689986147413,e01_0,362.456998058823,e01
1007,23.0,veh_001,1.6,349.3663647174696,16.54039951553103,-0.04753416941966648,e05_0,346.1663647174696,e05
1007,23.0,veh_002,327.00083121804437,-1.6,16.20498939792156,0.2403114336216845,e01_0,323.8008312180444,e01
1007,23.0,veh_003,1.6,315.48215500552675,15.983092604498381,-0.6763702576747157,e05_0,312.28215500552676,e05
1007,23.0,veh_004,299.40792743159915,-1.6,16.136153426580133,-0.4898309813719237,e01_0,296.20792743159916,e01
1007,23.0,veh_005,1.6,267.0302279091034,15.585418267026919,0.19909682928118855,e05_0,263.8302279091034,e05
1007,23.0,veh_006,266.6786636783974,-1.6,16.14568091527559,0.08590706756338662,e01_0,263.4786636783974,e01
1007,23.0,veh_007,1.6,242.47472101178033,15.66292988411402,0.5296871499244471,e05_0,239.27472101178034,e05
1007,23.0,veh_008,234.78420563405848,-1.6,16.254374169399963,0.23160857174545413,e01_0,231.5842056340585,e01
1007,23.0,veh_009,1.6,215.8055314535997,15.81594329199328,0.15729409493349777,e05_0,212.60553145359972,e05
1007,23.0,veh_010,202.50080333502498,-1.6,15.899090632884764,-0.4456698356755098,e01_0,199.300803335025,e01
1007,23.0,veh_011,1.6,164.18342723311258,13.87886711589218,-0.28139414231758586,e05_0,160.9834272331126,e05
1007,23.0,veh_012,163.58784683813963,-1.6,15.439252041065727,0.05081424058880657,e01_0,160.38784683813964,e01
1007,23.0,veh_013,1.6,141.18916447232306,14.590274878855116,-0.30780339244491906,e05_0,137.98916447232307,e05
1007,23.0,veh_014,135.88228975836557,-1.6,15.818392811938319,-0.04160295322537344,e01_0,132.68228975836558,e01
1007,23.0,veh_015,1.6,116.85089842811314,15.432365380370786,0.4120489734699593,e05_0,113.65089842811314,e05
1007,23.0,veh_016,103.55828910188751,-1.6,16.273350677648562,0.2679877285799037,e01_0,100.35828910188751,e01
1007,23.0,veh_017,1.6,86.92520502330817,16.427382301045782,0.507513242927379,e05_0,83.72520502330816,e05
1007,23.0,veh_018,71.27666186690243,-1.6,16.362465644217732,0.6329577431548383,e01_0,68.07666186690243,e01
1007,23.0,veh_019,1.6,55.65710614410695,15.891766132307241,-0.2100936441309731,e05_0,52.457106144106945,e05
1007,23.0,veh_020,39.240547383888625,-1.6,16.36421425163746,1.7878811193862951,e01_0,36.04054738388862,e01
1007,23.0,veh_021,1.6,22.793906506942584,14.493906506942585,2.4939065069425848,e05_0,19.593906506942584,e05
1007,23.0,veh_022,8.3,-1.6,13.0,0.0,e01_0,5.1,e01
1007,24.0,veh_000,382.23040122216105,-1.6,16.57340316333808,0.2494174557784561,e01_0,379.03040122216106,e01
1007,24.0,veh_001,1.6,365.42043070400604,16.054065986536443,-0.48633352899458515,e05_0,362.22043070400605,e05
1007,24.0,veh_002,342.95336166641124,-1.6,15.952530448366845,-0.25245894955471293,e01_0,339.75336166641125,e01
1007,24.0,veh_003,1.6,331.807084604539,16.32492959901225,0.3418369945138693,e05_0,328.607084604539,e05
1007,24.0,veh_004,315.8014861513813,-1.6,16.39355871978216,0.25740529320202654,e01_0,312.6014861513813,e01
1007,24.0,veh_005,1.6,282.6684021834813,15.6381742743779,0.05275600735098074,e05_0,279.4684021834813,e05
1007,24.0,veh_006,282.88942704232875,-1.6,16.21076336393133,0.06508244865574042,e01_0,279.68942704232876,e01
1007,24.0,veh_007,1.6,258.1375248307535,15.662803818973126,-0.00012606514089341658,e05_0,254.93752483075346,e05
1007,24.0,veh_008,251.45238500212787,-1.6,16.668179368069396,0.4138051986694329,e01_0,248.25238500212788,e01
1007,24.0,veh_009,1.6,231.91893126744003,16.113399813840328,0.29745652184704774,e05_0,228.71893126744004,e05
1007,24.0,veh_010,219.07855807086455,-1.6,16.577754735839555,0.6786641029547908,e01_0,215.87855807086456,e01
1007,24.0,veh_011,1.6,178.61195247040155,14.42852523728897,0.5496581213967886,e05_0,175.41195247040156,e05
1007,24.0,veh_012,179.1190628143831,-1.6,15.5312159762435,0.09196393517777324,e01_0,175.91906281438312,e01
1007,24.0,veh_013,1.6,154.78102905301589,13.591864580692837,-0.9984102981622787,e05_0,151.5810290530159,e05
1007,24.0,veh_014,151.75009489359624,-1.6,15.867805135230663,0.04941232329234424,e01_0,148.55009489359625,e01
1007,24.0,veh_015,1.6,131.2771579354016,14.42625950728847,-1.0061058730823156,e05_0,128.0771579354016,e05
1007,24.0,veh_016,119.75840458930472,-1.6,16.200115487417207,-0.07323519023135461,e01_0,116.55840458930471,e01
1007,24.0,veh_017,1.6,103.23806622198418,16.31286119867602,-0.11452110236976054,e05_0,100.03806622198418,e05
1007,24.0,veh_018,87.06773195501766,-1.6,15.791070088115227,-0.5713955561025053,e01_0,83.86773195501766,e01
1007,24.0,veh_019,1.6,71.69456666356419,16.037460519457237,0.14569438714999627,e05_0,68.49456666356419,e05
1007,24.0,veh_020,55.383736673980025,-1.6,16.143189290091396,-0.221024961546064,e01_0,52.18373667398002,e01
1007,24.0,veh_021,1.6,39.119843696560714,16.325937189618127,1.8320306826755424,e05_0,35.91984369656071,e05
1007,24.0,veh_022,23.01048704315664,-1.6,14.710487043156641,1.7104870431566415,e01_0,19.81048704315664,e01
1007,24.0,veh_023,1.6,8.3,13.0,0.0,e05_0,5.1,e05
1007,25.0,veh_000,398.2486005346524,-1.6,16.018199312491344,-0.5552038508467376,e01_0,395.0486005346524,e01
1007,25.0,veh_001,1.6,381.87116189432334,16.450731190317313,0.39666520378087,e05_0,378.67116189432335,e05
1007,25.0,veh_002,359.21388271982227,-1.6,16.260521053411026,0.3079906050441803,e01_0,356.0138827198223,e01
1007,25.0,veh_003,1.6,347.94933167869226,16.142247074153275,-0.18268252485897563,e05_0,344.7493316786923,e05
1007,25.0,veh_004,332.32046613647594,-1.6,16.51897998509463,0.12542126531247177,e01_0,329.12046613647595,e01
1007,25.0,veh_005,1.6,297.7568346938558,15.088432510374489,-0.5497417640034108,e05_0,294.5568346938558,e05
1007,25.0,veh_006,299.4060229417216,-1.6,16.516595899392854,0.3058325354615228,e01_0,296.2060229417216,e01
1007,25.0,veh_007,1.6,273.9308866433216,15.793361812568154,0.13055799359502807,e05_0,270.73088664332164,e05
1007,25.0,veh_008,267.9914409685973,-1.6,16.539055966469462,-0.12912340159993363,e01_0,264.7914409685973,e01
1007,25.0,veh_009,1.6,248.1557240949582,16.236792827518173,0.12339301367784472,e05_0,244.9557240949582,e05
1007,25.0,veh_010,235.21001076649875,-1.6,16.131452695634216,-0.4463020402053388,e01_0,232.01001076649877,e01
1007,25.0,veh_011,1.6,192.82384617999378,14.211893709592232,-0.21663152769673744,e05_0,189.6238461799938,e05
1007,25.0,veh_012,195.10080472952774,-1.6,15.98174191514462,0.45052593890111936,e01_0,191.90080472952775,e01
1007,25.0,veh_013,1.6,169.4214056978056,14.640376644789724,1.0485120640968866,e05_0,166.2214056978056,e05
1007,25.0,veh_014,168.11345875762146,-1.6,16.36336386402523,0.49555872879456864,e01_0,164.91345875762147,e01
1007,25.0,veh_015,1.6,144.72925502386948,13.452097088467902,-0.9741624188205691,e05_0,141.5292550238695,e05
1007,25.0,veh_016,136.35580001144672,-1.6,16.597395422142,0.39727993472479284,e01_0,133.15580001144673,e01
1007,25.0,veh_017,1.6,119.13475495070877,15.896688728724584,-0.4161724699514373,e05_0,115.93475495070876,e05
1007,25.0,veh_018,103.44890082118887,-1.6,16.38116886617121,0.5900987780559817,e01_0,100.24890082118887,e01
1007,25.0,veh_019,1.6,88.27154584866949,16.5769791851053,0.5395186656480639,e05_0,85.07154584866949,e05
1007,25.0,veh_020,71.43428702900653,-1.6,16.050550355026502,-0.09263893506489396,e01_0,68.23428702900652,e01
1007,25.0,veh_021,1.6,55.58554018979427,16.465696493233555,0.13975930361542765,e05_0,52.38554018979427,e05
1007,25.0,veh_022,38.07738524336345,-1.6,15.066898200206811,0.3564111570501698,e01_0,34.87738524336345,e01
1007,25.0,veh_023,1.6,23.521989565184338,15.221989565184339,2.221989565184339,e05_0,20.32198956518434,e05
1007,26.0,veh_000,414.38023406798953,-1.6,16.131633533337155,0.11343422084581078,e01_0,411.18023406798955,e01
1007,26.0,veh_001,1.6,398.01080974533227,16.139647851008924,-0.3110833393083894,e05_0,394.8108097453323,e05
1007,26.0,veh_002,375.0255587104466,-1.6,15.81167599062431,-0.4488450627867149,e01_0,371.8255587104466,e01
1007,26.0,veh_003,1.6,364.26293649078815,16.313604812095875,0.1713577379425999,e05_0,361.06293649078816,e05
1007,26.0,veh_004,348.3574556260555,-1.6,16.036989489579575,-0.48199049551505624,e01_0,345.15745562605554,e01
1007,26.0,veh_005,1.6,312.988286214776,15.231451520920174,0.1430190105456859,e05_0,309.788286214776,e05
1007,26.0,veh_006,315.3611258910037,-1.6,15.955102949282157,-0.5614929501106971,e01_0,312.16112589100373,e01
1007,26.0,veh_007,1.6,288.81592365809405,14.885037014772422,-0.908324797795732,e05_0,285.61592365809406,e05
1007,26.0,veh_008,284.3418116857205,-1.6,16.350370717123152,-0.18868524934631026,e01_0,281.1418116857205,e01
1007,26.0,veh_009,1.6,264.41137755736094,16.255653462402726,0.018860634884553917,e05_0,261.21137755736095,e05
1007,26.0,veh_010,251.55533413583413,-1.6,16.345323369335386,0.21387067370116952,e01_0,248.35533413583414,e01
1007,26.0,veh_011,1.6,207.0119589125073,14.188112732513519,-0.023780977078713406,e05_0,203.81195891250732,e05
1007,26.0,veh_012,210.55228198601452,-1.6,15.451477256486784,-0.5302646586578348,e01_0,207.35228198601453,e01
1007,26.0,veh_013,1.6,183.58645576432588,14.165050066520283,-0.47532657826944025,e05_0,180.3864557643259,e05
1007,26.0,veh_014,183.8266026780115,-1.6,15.713143920390065,-0.6502199436351663,e01_0,180.62660267801152,e01
1007,26.0,veh_015,1.6,159.3309610431792,14.60170601930971,1.1496089308418078,e05_0,156.1309610431792,e05
1007,26.0,veh_016,152.28400371785744,-1.6,15.928203706410715,-0.6691917157312854,e01_0,149.08400371785746,e01
1007,26.0,veh_017,1.6,133.25704810491325,14.122293154204488,-1.7743955745200957,e05_0,130.05704810491326,e05
1007,26.0,veh_018,119.59290823735121,-1.6,16.144007416162346,-0.23716145000886257,e01_0,116.39290823735121,e01
1007,26.0,veh_019,1.6,104.57859784158413,16.30705199291464,-0.26992719219066075,e05_0,101.37859784158412,e05
1007,26.0,veh_020,87.65474033643959,-1.6,16.220453307433054,0.1699029524065523,e01_0,84.45474033643958,e01
1007,26.0,veh_021,1.6,71.69328630475329,16.10774611495901,-0.3579503782745448,e05_0,68.49328630475328,e05
1007,26.0,veh_022,52.96953229478294,-1.6,14.892147051419483,-0.1747511487873279,e01_0,49.769532294782934,e01
1007,26.0,veh_023,1.6,38.98968986319728,15.467700298012936,0.2457107328285968,e05_0,35.789689863197275,e05
1007,27.0,veh_000,430.7288957374357,-1.6,16.34866166944616,0.21702813610900407,e01_0,427.52889573743573,e01
1007,27.0,veh_001,1.6,414.5633921841626,16.55258243883029,0.41293458782136483,e05_0,411.3633921841626,e05
1007,27.0,veh_002,391.33526409386565,-1.6,16.309705383419015,0.49802939279470415,e01_0,388.13526409386566,e01
1007,27.0,veh_003,1.6,380.575360587826,16.312424097037876,-0.0011807150579983272,e05_0,377.37536058782604,e05
1007,27.0,veh_004,364.99601936824143,-1.6,16.638563742185937,0.6015742526063619,e01_0,361.79601936824145,e01
1007,27.0,veh_005,1.6,328.05597434515414,15.067688130378166,-0.16376339054200884,e05_0,324.85597434515415,e05
1007,27.0,veh_006,331.60468991468656,-1.6,16.24356402368285,0.28846107440069346,e01_0,328.40468991468657,e01
1007,27.0,veh_007,1.6,304.3034578575857,15.487534199491652,0.6024971847192298,e05_0,301.10345785758574,e05
1007,27.0,veh_008,300.37082942688374,-1.6,16.029017741163262,-0.3213529759598899,e01_0,297.17082942688376,e01
1007,27.0,veh_009,1.6,279.2416180262553,14.830240468894372,-1.4254129935083544,e05_0,276.0416180262553,e05
1007,27.0,veh_010,268.1261103690183,-1.6,16.57077623318415,0.22545286384876562,e01_0,264.9261103690183,e01
1007,27.0,veh_011,1.6,221.19573705830643,14.183778145799124,-0.004334586714394462,e05_0,217.99573705830645,e05
1007,27.0,veh_012,226.1015476394819,-1.6,15.549265653467398,0.09778839698061326,e01_0,222.90154763948192,e01
1007,27.0,veh_013,1.6,198.14679075829974,14.560334993973875,0.39528492745359145,e05_0,194.94679075829976,e05
1007,27.0,veh_014,199.72300645740228,-1.6,15.896403779390761,0.18325985900069597,e01_0,196.5230064574023,e01
1007,27.0,veh_015,1.6,173.7934670824645,14.462506039285296,-0.13919998002441325,e05_0,170.5934670824645,e05
1007,27.0,veh_016,168.45184779090346,-1.6,16.167844073046002,0.2396403666352871,e01_0,165.25184779090347,e01
1007,27.0,veh_017,1.6,148.70109621675317,15.444048111839928,1.3217549576354397,e05_0,145.50109621675318,e05
1007,27.0,veh_018,135.31760078473275,-1.6,15.724692547381562,-0.41931486878078417,e01_0,132.11760078473276,e01
1007,27.0,veh_019,1.6,119.74578382734467,15.16718598576054,-1.139866007154101,e05_0,116.54578382734466,e05
1007,27.0,veh_020,103.94947361364963,-1.6,16.294733277210035,0.07427996977698115,e01_0,100.74947361364963,e01
1007,27.0,veh_021,1.6,87.59452393277084,15.901237628017554,-0.20650848694145552,e05_0,84.39452393277084,e05
1007,27.0,veh_022,67.73863219704434,-1.6,14.7690999022614,-0.1230471491580829,e01_0,64.53863219704434,e01
1007,27.0,veh_023,1.6,54.41122161910637,15.421531755909093,-0.04616854210384247,e05_0,51.21122161910637,e05
1007,28.0,veh_000,446.63254783560996,-1.6,15.90365209817421,-0.4450095712719495,e01_0,443.43254783560997,e01
1007,28.0,veh_001,1.6,431.09786011265595,16.5344679284934,-0.018114510336889822,e05_0,427.89786011265596,e05
1007,28.0,veh_002,407.47369493755417,-1.6,16.138430843688504,-0.17127453973051132,e01_0,404.2736949375542,e01
1007,28.0,veh_003,1.6,396.5767509817193,16.001390393893235,-0.3110337031446413,e05_0,393.3767509817193,e05
1007,28.0,veh_004,381.42977639947077,-1.6,16.433757031229327,-0.20480671095661052,e01_0,378.2297763994708,e01
1007,28.0,veh_005,1.6,343.20176544183715,15.145791096683034,0.07810296630486846,e05_0,340.00176544183716,e05
1007,28.0,veh_006,348.1960369419492,-1.6,16.591347027262675,0.34778300357982417,e01_0,344.9960369419492,e01
1007,28.0,veh_007,1.6,319.02989495134887,14.726437093763144,-0.7610971057285081,e05_0,315.8298949513489,e05
1007,28.0,veh_008,316.85256896277895,-1.6,16.481739535895176,0.45272179473191443,e01_0,313.65256896277896,e01
1007,28.0,veh_009,1.6,295.096030695012,15.854412668756728,1.024172199862356,e05_0,291.89603069501203,e05
1007,28.0,veh_010,284.5720059785294,-1.6,16.445895609511066,-0.12488062367308572,e01_0,281.3720059785294,e01
1007,28.0,veh_011,1.6,235.66046305571874,14.46472599741229,0.28094785161316516,e05_0,232.46046305571875,e05
1007,28.0,veh_012,241.43037522966492,-1.6,15.328827590183016,-0.22043806328438187,e01_0,238.23037522966493,e01
1007,28.0,veh_013,1.6,212.62522079768144,14.478430039381678,-0.08190495459219704,e05_0,209.42522079768145,e05
1007,28.0,veh_014,215.32702528875433,-1.6,15.60401883135205,-0.29238494803871085,e01_0,212.12702528875434,e01
1007,28.0,veh_015,1.6,188.66547132835,14.872004245885492,0.40949820660019576,e05_0,185.46547132835002,e05
1007,28.0,veh_016,184.95870793965184,-1.6,16.506860148748384,0.3390160757023821,e01_0,181.75870793965186,e01
1007,28.0,veh_017,1.6,163.35817579362381,14.657079576870654,-0.7869685349692741,e05_0,160.15817579362383,e05
1007,28.0,veh_018,151.17916672871212,-1.6,15.861565943979363,0.1368733965978013,e01_0,147.97916672871213,e01
1007,28.0,veh_019,1.6,136.08804735814476,16.34226353080012,1.1750775450395814,e05_0,132.88804735814477,e05
1007,28.0,veh_020,120.04238592198121,-1.6,16.09291230833158,-0.20182096887845447,e01_0,116.8423859219812,e01
1007,28.0,veh_021,1.6,103.83545982677957,16.24093589400873,0.33969826599117425,e05_0,100.63545982677957,e05
1007,28.0,veh_022,82.87577643092432,-1.6,15.137144233879985,0.3680443316185844,e01_0,79.67577643092432,e01
1007,28.0,veh_023,1.6,69.98277611300932,15.571554493902951,0.1500227379938579,e05_0,66.78277611300932,e05
1007,29.0,veh_000,463.12811231518174,-1.6,16.49556447957177,0.5919123813975595,e01_0,459.92811231518175,e01
1007,29.0,veh_001,1.6,447.29961208776575,16.2017519751098,-0.33271595338359816,e05_0,444.09961208776576,e05
1007,29.0,veh_002,423.2345087721608,-1.6,15.760813834606628,-0.37761700908187557,e01_0,420.0345087721608,e01
1007,29.0,veh_003,1.6,413.08295496259353,16.50620398087427,0.5048135869810366,e05_0,409.88295496259354,e05
1007,29.0,veh_004,397.33052144674576,-1.6,15.90074504727498,-0.5330119839543475,e01_0,394.1305214467458,e01
1007,29.0,veh_005,1.6,358.17987931535464,14.978113873517515,-0.16767722316551925,e05_0,354.97987931535465,e05
1007,29.0,veh_006,364.29283752540584,-1.6,16.096800583456645,-0.49454644380602986,e01_0,361.09283752540586,e01
1007,29.0,veh_007,1.6,334.27934198566476,15.249447034315876,0.5230099405527326,e05_0,331.07934198566477,e05
1007,29.0,veh_008,333.2513708470716,-1.6,16.398801884292627,-0.08293765160254907,e01_0,330.0513708470716,e01
1007,29.0,veh_009,1.6,310.1059935169033,15.009962821891303,-0.8444498468654249,e05_0,306.9059935169033,e05
1007,29.0,veh_010,300.86575578593187,-1.6,16.29374980740249,-0.1521458021085742,e01_0,297.6657557859319,e01
1007,29.0,veh_011,1.6,250.26064035652084,14.600177300802144,0.13545130338985523,e05_0,247.06064035652088,e05
1007,29.0,veh_012,257.0319342823089,-1.6,15.601559052643958,0.2727314624609427,e01_0,253.83193428230888,e01
1007,29.0,veh_013,1.6,227.17663599667807,14.551415198996645,0.07298515961496754,e05_0,223.97663599667808,e05
1007,29.0,veh_014,231.257307417397,-1.6,15.930282128642673,0.3262632972906232,e01_0,228.057307417397,e01
1007,29.0,veh_015,1.6,203.55762583609535,14.892154507745333,0.02015026185984148,e05_0,200.35762583609537,e05
1007,29.0,veh_016,201.35813898254656,-1.6,16.399431042894722,-0.10742910585366161,e01_0,198.15813898254657,e01
1007,29.0,veh_017,1.6,178.50791651017303,15.149740716549209,0.49266113967855496,e05_0,175.30791651017304,e05
1007,29.0,veh_018,167.44527624864332,-1.6,16.26610951993119,0.40454357595182877,e01_0,164.24527624864334,e01
1007,29.0,veh_019,1.6,151.25983008433116,15.171782726186391,-1.1704808046137298,e05_0,148.05983008433117,e05
1007,29.0,veh_020,135.96184913753999,-1.6,15.91946321555879,-0.17344909277279008,e01_0,132.76184913754,e01
1007,29.0,veh_021,1.6,120.36431143846364,16.52885161168408,0.2879157176753502,e05_0,117.16431143846364,e05
1007,29.0,veh_022,97.96793102967018,-1.6,15.09215459874587,-0.04498963513411525,e01_0,94.76793102967018,e01
1007,29.0,veh_023,1.6,85.49136418397539,15.508588070966074,-0.06296642293687782,e05_0,82.29136418397539,e05
1007,30.0,veh_000,479.2693101854577,-1.6,16.14119787027594,-0.3543666092958304,e01_0,476.0693101854577,e01
1007,30.0,veh_001,1.6,463.4087936439319,16.109181556166153,-0.09257041894364804,e05_0,460.2087936439319,e05
1007,30.0,veh_002,439.2164661072417,-1.6,15.981957335080908,0.22114350047428033,e01_0,436.0164661072417,e01
1007,30.0,veh_003,1.6,429.6091407082975,16.52618574570399,0.01998176482971914,e05_0,426.4091407082975,e05
1007,30.0,veh_004,413.57669079002096,-1.6,16.24616934327522,0.3454242960002407,e01_0,410.376690790021,e01
1007,30.0,veh_005,1.6,373.1649502064047,14.985070891050064,0.006957017532549514,e05_0,369.9649502064047,e05
1007,30.0,veh_006,380.68791885183185,-1.6,16.39508132642601,0.29828074296936435,e01_0,377.48791885183186,e01
1007,30.0,veh_007,1.6,348.8805281606918,14.601186175027049,-0.6482608592888273,e05_0,345.68052816069184,e05
1007,30.0,veh_008,349.5268089717115,-1.6,16.275438124639916,-0.12336375965271174,e01_0,346.3268089717115,e01
1007,30.0,veh_009,1.6,325.28521847093765,15.17922495403436,0.1692621321430572,e05_0,322.08521847093766,e05
1007,30.0,veh_010,316.8348420291767,-1.6,15.96908624324482,-0.32466356415767095,e01_0,313.6348420291767,e01
1007,30.0,veh_011,1.6,264.60801250226837,14.347372145747478,-0.2528051550546664,e05_0,261.4080125022684,e05
1007,30.0,veh_012,273.00194857733237,-1.6,15.970014295023526,0.36845524237956795,e01_0,269.8019485773324,e01
1007,30.0,veh_013,1.6,241.28711256956362,14.110476572885558,-0.4409386261110875,e05_0,238.08711256956363,e05
1007,30.0,veh_014,247.1363000609337,-1.6,15.878992643536717,-0.05128948510595599,e01_0,243.93630006093372,e01
1007,30.0,veh_015,1.6,218.37447708872725,14.816851252631881,-0.07530325511345204,e05_0,215.17447708872726,e05
1007,30.0,veh_016,217.37462082438643,-1.6,16.016481841839852,-0.3829492010548705,e01_0,214.17462082438644,e01
1007,30.0,veh_017,1.6,193.53762293564205,15.029706425469028,-0.12003429108018082,e05_0,190.33762293564206,e05
1007,30.0,veh_018,183.27693232495974,-1.6,15.831656076316428,-0.434453443614764,e01_0,180.07693232495976,e01
1007,30.0,veh_019,1.6,166.82897767619514,15.569147591863976,0.39736486567758433,e05_0,163.62897767619515,e05
1007,30.0,veh_020,152.20244381536264,-1.6,16.240594677822667,0.32113146226387634,e01_0,149.00244381536265,e01
1007,30.0,veh_021,1.6,136.5859055460803,16.221594107616696,-0.3072575040673833,e05_0,133.38590554608032,e05
1007,30.0,veh_022,113.04958434580047,-1.6,15.081653316130282,-0.01050128261558747,e01_0,109.84958434580047,e01
1007,30.0,veh_023,1.6,101.05484860585422,15.563484421878822,0.054896350912748915,e05_0,97.85484860585422,e05
1007,31.0,veh_000,495.38146722201736,-1.6,16.11215703655966,-0.02904083371628019,e01_0,492.1814672220174,e01
1007,31.0,veh_001,1.6,478.91200581740594,15.503212173474004,-0.6059693826921482,e05_0,475.71200581740595,e05
1007,31.0,veh_002,454.947937393844,-1.6,15.731471286602275,-0.2504860484786331,e01_0,451.747937393844,e01
1007,31.0,veh_003,1.6,446.1957343475847,16.58659363928717,0.06040789358317866,e05_0,442.9957343475847,e05
1007,31.0,veh_004,429.3732128773124,-1.6,15.79652208729149,-0.449647255983729,e01_0,426.17321287731244,e01
1007,31.0,veh_005,1.6,388.19544356614773,15.03049335974306,0.04542246869299582,e05_0,384.99544356614774,e05
1007,31.0,veh_006,397.1213968570483,-1.6,16.433478005216458,0.03839667879044839,e01_0,393.9213968570483,e01
1007,31.0,veh_007,1.6,363.67114016706125,14.790612006369452,0.18942583134240287,e05_0,360.47114016706126,e05
1007,31.0,veh_008,365.6012769474183,-1.6,16.074467975706796,-0.20097014893311993,e01_0,362.4012769474183,e01
1007,31.0,veh_009,1.6,340.19598639954376,14.91076792860611,-0.26845702542825123,e05_0,336.99598639954377,e05
1007,31.0,veh_010,333.41039121786133,-1.6,16.575549188684676,0.6064629454398549,e01_0,330.21039121786134,e01
1007,31.0,veh_011,1.6,278.5617430229365,13.95373052066815,-0.39364162507932754,e05_0,275.36174302293654,e05
1007,31.0,veh_012,289.03908690764916,-1.6,16.037138330316765,0.0671240352932383,e01_0,285.8390869076492,e01
1007,31.0,veh_013,1.6,255.51582824830223,14.22871567873865,0.1182391058530925,e05_0,252.31582824830227,e05
1007,31.0,veh_014,263.55491801220217,-1.6,16.41861795126846,0.5396253077317414,e01_0,260.3549180122022,e01
1007,31.0,veh_015,1.6,232.60143153703757,14.226954448310329,-0.5898968043215529,e05_0,229.40143153703758,e05
1007,31.0,veh_016,233.42415907258174,-1.6,16.049538248195315,0.03305640635546325,e01_0,230.22415907258176,e01
1007,31.0,veh_017,1.6,208.56641928454553,15.02879634890347,-0.0009100765655585263,e05_0,205.36641928454554,e05
1007,31.0,veh_018,199.6027883375683,-1.6,16.32585601260856,0.49419993629213366,e01_0,196.40278833756832,e01
1007,31.0,veh_019,1.6,182.57020633222035,15.741228656025227,0.1720810641612509,e05_0,179.37020633222036,e05
1007,31.0,veh_020,168.55611873062793,-1.6,16.353674915265294,0.11308023744262741,e01_0,165.35611873062794,e01
1007,31.0,veh_021,1.6,152.88367092503233,16.29776537895203,0.0761712713353333,e05_0,149.68367092503235,e05
1007,31.0,veh_022,127.95558887449933,-1.6,14.906004528698864,-0.17564878743141854,e01_0,124.75558887449932,e01
1007,31.0,veh_023,1.6,116.99470394654433,15.939855340690121,0.3763709188112987,e05_0,113.79470394654433,e05
1007,32.0,veh_000,511.6362775286381,-1.6,16.354810306620784,0.24265327006112614,e12_0,11.636277528638141,e12
1007,32.0,veh_001,1.6,490.0855616687984,11.173555851392424,-4.329656322081581,e05_0,486.8855616687984,e05
1007,32.0,veh_002,470.96358022014965,-1.6,16.01564282630566,0.28417153970338305,e01_0,467.76358022014966,e01
1007,32.0,veh_003,1.6,462.2171823628387,16.02144801525399,-0.5651456240331783,e05_0,459.0171823628387,e05
1007,32.0,veh_004,445.5213655669235,-1.6,16.148152689611067,0.35163060231957566,e01_0,442.32136556692353,e01
1007,32.0,veh_005,1.6,403.1854410591581,14.989997493010389,-0.04049586673267136,e05_0,399.9854410591581,e05
1007,32.0,veh_006,413.7346996244275,-1.6,16.61330276737921,0.17982476216275245,e01_0,410.5346996244275,e01
1007,32.0,veh_007,1.6,378.85437212093075,15.183231953869509,0.3926199475000569,e05_0,375.65437212093076,e05
1007,32.0,veh_008,381.67096973638985,-1.6,16.06969278897159,-0.004775186735205494,e01_0,378.47096973638986,e01
1007,32.0,veh_009,1.6,355.25342198192567,15.05743558238191,0.1466676537758005,e05_0,352.0534219819257,e05
1007,32.0,veh_010,349.5655108159315,-1.6,16.15511959807016,-0.4204295906145141,e01_0,346.3655108159315,e01
1007,32.0,veh_011,1.6,293.06456521379187,14.50282219085534,0.54909167018719,e05_0,289.8645652137919,e05
1007,32.0,veh_012,304.96509650818854,-1.6,15.926009600539352,-0.11112872977741262,e01_0,301.76509650818855,e01
1007,32.0,veh_013,1.6,269.61805482541945,14.102226577117204,-0.12648910162144666,e05_0,266.41805482541946,e05
1007,32.0,veh_014,279.4537684580279,-1.6,15.898850445825737,-0.5197675054427222,e01_0,276.25376845802793,e01
1007,32.0,veh_015,1.6,246.61347291018046,14.012041373142893,-0.21491307516743596,e05_0,243.41347291018047,e05
1007,32.0,veh_016,249.60553327775102,-1.6,16.18137420516927,0.1318359569739549,e01_0,246.40553327775103,e01
1007,32.0,veh_017,1.6,223.23306794958117,14.666648665035629,-0.3621476838678408,e05_0,220.03306794958118,e05
1007,32.0,veh_018,215.66161765901484,-1.6,16.058829321446535,-0.2670266911620267,e01_0,212.46161765901485,e01
1007,32.0,veh_019,1.6,198.1707124578266,15.600506125606252,-0.14072253041897476,e05_0,194.9707124578266,e05
1007,32.0,veh_020,185.00157350874971,-1.6,16.445454778121785,0.09177986285649098,e01_0,181.80157350874973,e01
1007,32.0,veh_021,1.6,169.13102450269272,16.247353577660398,-0.05041180129163081,e05_0,165.93102450269274,e05
1007,32.0,veh_022,142.81861943998035,-1.6,14.863030565481054,-0.04297396321780944,e01_0,139.61861943998036,e01
1007,32.0,veh_023,1.6,133.0173251689982,16.022621222453893,0.08276588176377153,e05_0,129.81732516899822,e05
1007,33.0,veh_000,528.1995708136169,-1.6,16.56329328497872,0.20848297835793517,e12_0,28.19957081361686,e12
1007,33.0,veh_001,1.6,496.75911752019084,6.673555851392424,-4.5,e05_0,493.55911752019085,e05
1007,33.0,veh_002,486.9590253006143,-1.6,15.995445080464663,-0.02019774584099565,e01_0,483.7590253006143,e01
1007,33.0,veh_003,1.6,476.0650807189292,13.847898356090527,-2.1735496591634647,e05_0,472.8650807189292,e05
1007,33.0,veh_004,461.88153614551237,-1.6,16.36017057858883,0.21201788897776197,e01_0,458.6815361455124,e01
1007,33.0,veh_005,1.6,418.8133967868195,15.627955727661403,0.6379582346510144,e05_0,415.6133967868195,e05
1007,33.0,veh_006,429.8945481580588,-1.6,16.159848533631305,-0.4534542337479053,e01_0,426.6945481580588,e01
1007,33.0,veh_007,1.6,393.8682725630447,15.013900442113913,-0.1693315117555958,e05_0,390.6682725630447,e05
1007,33.0,veh_008,398.27673508681363,-1.6,16.605765350423756,0.5360725614521655,e01_0,395.07673508681364,e01
1007,33.0,veh_009,1.6,370.15452364296453,14.901101661038854,-0.15633392134305524,e05_0,366.95452364296455,e05
1007,33.0,veh_010,365.66850813468915,-1.6,16.1029973187577,-0.05212227931246005,e01_0,362.46850813468916,e01
1007,33.0,veh_011,1.6,306.9132558928575,13.848690679065594,-0.6541315117897462,e05_0,303.7132558928575,e05
1007,33.0,veh_012,320.90961121988767,-1.6,15.94451471169911,0.01850511115975806,e01_0,317.7096112198877,e01
1007,33.0,veh_013,1.6,284.4602650468572,14.84221022143774,0.739983644320537,e05_0,281.2602650468572,e05
1007,33.0,veh_014,295.6121568120313,-1.6,16.158388354003367,0.2595379081776308,e01_0,292.4121568120313,e01
1007,33.0,veh_015,1.6,260.97399896053,14.360526050349563,0.3484846772066703,e05_0,257.77399896053004,e05
1007,33.0,veh_016,265.6700966486894,-1.6,16.064563370938416,-0.11681083423085425,e01_0,262.47009664868943,e01
1007,33.0,veh_017,1.6,236.93792966702748,13.704861717446304,-0.9617869475893244,e05_0,233.7379296670275,e05
1007,33.0,veh_018,231.33869163198014,-1.6,15.677073972965296,-0.3817553484812386,e01_0,228.13869163198015,e01
1007,33.0,veh_019,1.6,213.26302631992417,15.092313862097575,-0.5081922635086773,e05_0,210.06302631992418,e05
1007,33.0,veh_020,201.40142455533146,-1.6,16.399851046581755,-0.04560373154003017,e01_0,198.20142455533147,e01
1007,33.0,veh_021,1.6,185.37344363910609,16.242419136413375,-0.004934441247023358,e05_0,182.1734436391061,e05
1007,33.0,veh_022,158.15071331507875,-1.6,15.332093875098394,0.46906330961734,e01_0,154.95071331507876,e01
1007,33.0,veh_023,1.6,148.39745521975215,15.380130050753944,-0.6424911716999482,e05_0,145.19745521975216,e05
1007,34.0,veh_000,544.2319039123646,-1.6,16.03233309874777,-0.5309601862309492,e12_0,44.23190391236463,e12
1007,34.0,veh_001,4.385191750471672,498.4,3.8060742302808164,-2.867481621111607,e54_0,1.185191750471672,e54
1007,34.0,veh_002,503.08685306486086,-1.6,16.22782776424657,0.23238268378190696,e12_0,3.086853064860884,e12
1007,34.0,veh_003,1.6,485.41297907501973,9.347898356090527,-4.5,e05_0,482.21297907501975,e05
1007,34.0,veh_004,478.0204290824297,-1.6,16.13889293691731,-0.2212776416715201,e01_0,474.8204290824297,e01
1007,34.0,veh_005,1.6,433.81665288126163,15.003256094442124,-0.6246996332192793,e05_0,430.61665288126164,e05
1007,34.0,veh_006,446.2214960011001,-1.6,16.32694784304127,0.16709930940996642,e01_0,443.0214960011001,e01
1007,34.0,veh_007,1.6,409.46393280537353,15.595660242328835,0.5817598002149218,e05_0,406.26393280537354,e05
1007,34.0,veh_008,414.8289822126227,-1.6,16.55224712580908,-0.053518224614673926,e01_0,411.6289822126227,e01
1007,34.0,veh_009,1.6,385.39862685790325,15.244103214938727,0.34300155389987275,e05_0,382.19862685790326,e05
1007,34.0,veh_010,382.2040014401031,-1.6,16.535493305413986,0.43249598665628497,e01_0,379.00400144010314,e01
1007,34.0,veh_011,1.6,321.20437988854684,14.291123995689388,0.44243331662379326,e05_0,318.00437988854685,e05
1007,34.0,veh_012,336.84038984084754,-1.6,15.930778620959853,-0.013736090739257634,e01_0,333.64038984084755,e01
1007,34.0,veh_013,1.6,297.8734705233095,13.41320547645229,-1.4290047449854502,e05_0,294.6734705233095,e05
1007,34.0,veh_014,311.6339738338549,-1.6,16.021817021823594,-0.13657133217977346,e01_0,308.4339738338549,e01
1007,34.0,veh_015,1.6,276.00304295763067,15.029043997100628,0.6685179467510647,e05_0,272.8030429576307,e05
1007,34.0,veh_016,281.78265567579314,-1.6,16.11255902710371,0.047995656165294776,e01_0,278.58265567579315,e01
1007,34.0,veh_017,1.6,251.14981856733294,14.211888900305468,0.5070271828591633,e05_0,247.94981856733295,e05
1007,34.0,veh_018,247.0293188619293,-1.6,15.690627229949165,0.013553256983868778,e01_0,243.82931886192932,e01
1007,34.0,veh_019,1.6,227.3868979431958,14.123871623271638,-0.9684422388259364,e05_0,224.18689794319582,e05
1007,34.0,veh_020,217.81689823499414,-1.6,16.415473679662682,0.015622633080926818,e01_0,214.61689823499415,e01
1007,34.0,veh_021,1.6,201.5217632592059,16.14831962009981,-0.09409951631356606,e05_0,198.3217632592059,e05
1007,34.0,veh_022,173.08214591662968,-1.6,14.931432601550947,-0.4006612735474473,e01_0,169.8821459166297,e01
1007,34.0,veh_023,1.6,164.13796614183929,15.740510922087125,0.36038087133318086,e05_0,160.9379661418393,e05
1007,35.0,veh_000,560.136956134094,-1.6,15.905052221729422,-0.12728087701834845,e12_0,60.13695613409405,e12
1007,35.0,veh_001,10.436316278062133,498.4,6.051124527590462,2.2450502973096453,e54_0,7.236316278062134,e54
1007,35.0,veh_002,518.9071326174295,-1.6,15.820279552568639,-0.40754821167793054,e12_0,18.90713261742952,e12
1007,35.0,veh_003,1.6,491.4716512831267,6.058672208106934,-3.2892261479835927,e05_0,488.2716512831267,e05
1007,35.0,veh_004,494.3999183361306,-1.6,16.379489253700896,0.24059631678358784,e01_0,491.1999183361306,e01
1007,35.0,veh_005,1.6,449.5265990076923,15.709946126430669,0.7066900319885452,e05_0,446.3265990076923,e05
1007,35.0,veh_006,462.1965206487616,-1.6,15.975024647661487,-0.35192319537978456,e01_0,458.9965206487616,e01
1007,35.0,veh_007,1.6,424.6255331664622,15.161600361088691,-0.4340598812401435,e05_0,421.42553316646223,e05
1007,35.0,veh_008,431.36829316639347,-1.6,16.539310953770766,-0.012936172038315874,e01_0,428.1682931663935,e01
1007,35.0,veh_009,1.6,401.06002134509845,15.661394487195212,0.41729127225648455,e05_0,397.86002134509846,e05
1007,35.0,veh_010,398.1643313978752,-1.6,15.960329957772048,-0.5751633476419382,e01_0,394.9643313978752,e01
1007,35.0,veh_011,1.6,335.31741674284814,14.11303685430129,-0.17808714138809734,e05_0,332.11741674284815,e05
1007,35.0,veh_012,352.69959390912425,-1.6,15.859204068276693,-0.07157455268315971,e01_0,349.49959390912426,e01
1007,35.0,veh_013,1.6,312.5382195753101,14.664749052000628,1.2515435755483377,e05_0,309.3382195753101,e05
1007,35.0,veh_014,327.99531735436585,-1.6,16.361343520510935,0.3395264986873414,e01_0,324.79531735436586,e01
1007,35.0,veh_015,1.6,289.606283228565,13.603240270934347,-1.425803726166281,e05_0,286.40628322856503,e05
1007,35.0,veh_016,297.7148721871386,-1.6,15.93221651134547,-0.180342515758241,e01_0,294.5148721871386,e01
1007,35.0,veh_017,1.6,266.34660393576917,15.196785368436203,0.9848964681307351,e05_0,263.1466039357692,e05
1007,35.0,veh_018,262.66902752953604,-1.6,15.639708667606753,-0.05091856234241199,e01_0,259.46902752953605,e01
1007,35.0,veh_019,1.6,241.72726065923877,14.340362716042964,0.21649109277132617,e05_0,238.52726065923878,e05
1007,35.0,veh_020,234.31337227595037,-1.6,16.496474040956237,0.08100036129355459,e01_0,231.11337227595038,e01
1007,35.0,veh_021,1.6,216.55082719619696,15.029063936991053,-1.1192556831087561,e05_0,213.35082719619697,e05
1007,35.0,veh_022,187.8727461695657,-1.6,14.790600252936015,-0.1408323486149321,e01_0,184.6727461695657,e01
1007,35.0,veh_023,1.6,179.61201261739015,15.47404647555086,-0.2664644465362649,e05_0,176.41201261739016,e05
1007,36.0,veh_000,576.5544899558184,-1.6,16.41753382172436,0.5124815999949366,e12_0,76.55448995581841,e12
1007,36.0,veh_001,18.492885899430558,498.4,8.056569621368423,2.0054450937779613,e54_0,15.292885899430557,e54
1007,36.0,veh_002,534.5951288076104,-1.6,15.687996190180959,-0.13228336238768001,e12_0,34.59512880761048,e12
1007,36.0,veh_003,1.6,496.51132963302547,5.0396783498987885,-1.0189938582081455,e05_0,493.3113296330255,e05
1007,36.0,veh_004,510.01751061340406,-1.6,15.717592277273447,-0.6618969764274496,e12_0,10.01751061340408,e12
1007,36.0,veh_005,1.6,464.7442581904554,15.217659182763102,-0.4922869436675672,e05_0,461.5442581904554,e05
1007,36.0,veh_006,478.45439937758255,-1.6,16.257878728820945,0.2828540811594582,e01_0,475.25439937758256,e01
1007,36.0,veh_007,1.6,440.01635412070135,15.390820954239159,0.22922059315046717,e05_0,436.81635412070136,e05
1007,36.0,veh_008,447.532586635151,-1.6,16.164293468757535,-0.37501748501323107,e01_0,444.332586635151,e01
1007,36.0,veh_009,1.6,416.24032080001285,15.180299454914405,-0.4810950322808072,e05_0,413.04032080001286,e05
1007,36.0,veh_010,414.2470428706193,-1.6,16.082711472744123,0.12238151497207461,e01_0,411.0470428706193,e01
1007,36.0,veh_011,1.6,349.2643545310344,13.946937788186306,-0.1660990661149846,e05_0,346.06435453103444,e05
1007,36.0,veh_012,368.3793818061398,-1.6,15.679787897015583,-0.17941617126110998,e01_0,365.1793818061398,e01
1007,36.0,veh_013,1.6,326.8956779183862,14.357458343076049,-0.30729070892457955,e05_0,323.6956779183862,e05
1007,36.0,veh_014,343.93211432946015,-1.6,15.93679697509427,-0.4245465454166659,e01_0,340.73211432946016,e01
1007,36.0,veh_015,1.6,303.9906922150856,14.384408986520546,0.7811687155861993,e05_0,300.7906922150856,e05
1007,36.0,veh_016,313.98276651166856,-1.6,16.26789432452992,0.33567781318445,e01_0,310.78276651166857,e01
1007,36.0,veh_017,1.6,279.94331046867205,13.596706532902909,-1.600078835533294,e05_0,276.74331046867206,e05
1007,36.0,veh_018,278.4847988530015,-1.6,15.815771323465448,0.1760626558586953,e01_0,275.2847988530015,e01
1007,36.0,veh_019,1.6,257.2954289417112,15.56816828247241,1.2278055664294456,e05_0,254.0954289417112,e05
1007,36.0,veh_020,250.3899715418834,-1.6,16.076599265933037,-0.4198747750231995,e01_0,247.1899715418834,e01
1007,36.0,veh_021,1.6,231.53309532879086,14.982268132593914,-0.046795804397138596,e05_0,228.33309532879088,e05
1007,36.0,veh_022,203.07201692052732,-1.6,15.199270750961619,0.40867049802560373,e01_0,199.87201692052733,e01
1007,36.0,veh_023,1.6,195.3384133064945,15.726400689104342,0.2523542135534811,e05_0,192.1384133064945,e05
1007,37.0,veh_000,593.0750542392163,-1.6,16.52056428339798,0.1030304616736224,e12_0,93.0750542392164,e12
1007,37.0,veh_001,28.841474602357078,498.4,10.348588702926524,2.2920190815581005,e54_0,25.64147460235708,e54
1007,37.0,veh_002,550.7015301800599,-1.6,16.10640137244943,0.41840518226847045,e12_0,50.701530180059905,e12
1007,37.0,veh_003,3.828528102010007,498.4,3.4971984689845512,-1.5424798809142373,e54_0,0.6285281020100069,e54
1007,37.0,veh_004,526.0362766066827,-1.6,16.01876599327862,0.30117371600517373,e12_0,26.036276606682698,e12
1007,37.0,veh_005,1.6,476.8443097644696,12.100051574014165,-3.117607608748937,e05_0,473.6443097644696,e05
1007,37.0,veh_006,494.36959852804426,-1.6,15.915199150461705,-0.34267957835924,e01_0,491.1695985280443,e01
1007,37.0,veh_007,1.6,455.6495824782711,15.63322835756977,0.24240740333061161,e05_0,452.4495824782711,e05
1007,37.0,veh_008,463.9614096704359,-1.6,16.42882303528488,0.2645295665273437,e01_0,460.7614096704359,e01
1007,37.0,veh_009,1.6,431.50236552639564,15.262044726382793,0.08174527146838884,e05_0,428.30236552639565,e05
1007,37.0,veh_010,430.3631611372856,-1.6,16.11611826666631,0.03340679392218604,e01_0,427.1631611372856,e01
1007,37.0,veh_011,1.6,363.3787925854626,14.114438054428147,0.16750026624184144,e05_0,360.1787925854626,e05
1007,37.0,veh_012,383.8709901746098,-1.6,15.491608368469995,-0.18817952854558762,e01_0,380.6709901746098,e01
1007,37.0,veh_013,1.6,341.06010977235394,14.164431853967752,-0.19302648910829667,e05_0,337.86010977235395,e05
1007,37.0,veh_014,359.5132510654605,-1.6,15.581136736000376,-0.35566023909389344,e01_0,356.3132510654605,e01
1007,37.0,veh_015,1.6,318.1395964604667,14.148904245381106,-0.2355047411394402,e05_0,314.9395964604667,e05
1007,37.0,veh_016,329.96561692622964,-1.6,15.98285041456111,-0.2850439099688096,e01_0,326.76561692622965,e01
1007,37.0,veh_017,1.6,294.63985560581574,14.696545137143705,1.0998386042407962,e05_0,291.43985560581575,e05
1007,37.0,veh_018,294.7253803018663,-1.6,16.240581448864827,0.4248101253993788,e01_0,291.52538030186633,e01
1007,37.0,veh_019,1.6,271.08592344519866,13.790494503487489,-1.777673778984921,e05_0,267.88592344519867,e05
1007,37.0,veh_020,266.7599986907141,-1.6,16.370027148830705,0.2934278828976673,e01_0,263.5599986907141,e01
1007,37.0,veh_021,1.6,247.25580074532874,15.722705416537867,0.7404372839439528,e05_0,244.05580074532875,e05
1007,37.0,veh_022,217.7849826649234,-1.6,14.712965744396092,-0.48630500656552655,e01_0,214.58498266492342,e01
1007,37.0,veh_023,1.6,210.91315824843014,15.574744941935643,-0.15165574716869834,e05_0,207.71315824843015,e05
1007,38.0,veh_000,609.4709324496753,-1.6,16.395878210458907,-0.12468607293907397,e12_0,109.4709324496753,e12
1007,38.0,veh_001,41.16990619165421,498.4,12.32843158929713,1.9798428863706068,e54_0,37.96990619165421,e54
1007,38.0,veh_002,566.3918853484686,-1.6,15.690355168408672,-0.4160462040407573,e12_0,66.39188534846858,e12
1007,38.0,veh_003,9.751959578311036,498.4,5.923431476301029,2.4262330073164775,e54_0,6.551959578311036,e54
1007,38.0,veh_004,541.6988292044863,-1.6,15.662552597803629,-0.35621339547499176,e12_0,41.69882920448633,e12
1007,38.0,veh_005,1.6,485.8613069778832,9.016997213413601,-3.0830543606005634,e05_0,482.6613069778832,e05
1007,38.0,veh_006,510.6878688208432,-1.6,16.41827029279899,0.5030711423372853,e12_0,10.687868820843244,e12
1007,38.0,veh_007,1.6,467.5747746986648,11.925192220393695,-3.708036137176075,e05_0,464.3747746986648,e05
1007,38.0,veh_008,480.15992663601884,-1.6,16.198516965582968,-0.2303060697019106,e01_0,476.95992663601885,e01
1007,38.0,veh_009,1.6,447.253244172961,15.750878646565358,0.48883392018256444,e05_0,444.053244172961,e05
1007,38.0,veh_010,446.40806961727793,-1.6,16.0449084799923,-0.07120978667400735,e01_0,443.20806961727794,e01
1007,38.0,veh_011,1.6,377.95740582626684,14.578613240804234,0.464175186376087,e05_0,374.75740582626685,e05
1007,38.0,veh_012,399.70954700604665,-1.6,15.838556831436824,0.3469484629668287,e01_0,396.50954700604666,e01
1007,38.0,veh_013,1.6,355.1535125733169,14.093402800962979,-0.07102905300477325,e05_0,351.9535125733169,e05
1007,38.0,veh_014,375.10555718524944,-1.6,15.592306119788905,0.01116938378852872,e01_0,371.90555718524945,e01
1007,38.0,veh_015,1.6,332.00462260318665,13.865026142719945,-0.283878102661161,e05_0,328.80462260318666,e05
1007,38.0,veh_016,346.2234665018973,-1.6,16.257849575667645,0.27499916110653544,e01_0,343.0234665018973,e01
1007,38.0,veh_017,1.6,309.00203860125686,14.362182995441088,-0.33436214170261636,e05_0,305.80203860125687,e05
1007,38.0,veh_018,310.56255105921935,-1.6,15.837170757353011,-0.40341069151181586,e01_0,307.36255105921936,e01
1007,38.0,veh_019,1.6,286.12101509895695,15.035091653758261,1.2445971502707724,e05_0,282.92101509895696,e05
1007,38.0,veh_020,283.08420446945814,-1.6,16.324205778744073,-0.045821370086631674,e01_0,279.88420446945815,e01
1007,38.0,veh_021,1.6,261.100279915423,13.844479170094248,-1.878226246443619,e05_0,257.900279915423,e05
1007,38.0,veh_022,232.49627106620522,-1.6,14.711288401281813,-0.0016773431142791395,e01_0,229.29627106620524,e01
1007,38.0,veh_023,1.6,226.47373745201506,15.560579203584933,-0.014165738350710555,e05_0,223.27373745201507,e05
1007,39.0,veh_000,625.8404148981116,-1.6,16.369482448436322,-0.026395762022584535,e12_0,125.84041489811162,e12
1007,39.0,veh_001,55.649666349484406,498.4,14.479760157830192,2.151328568533062,e54_0,52.4496663494844,e54
1007,39.0,veh_002,582.1434295263872,-1.6,15.751544177918653,0.06118900950998096,e12_0,82.14342952638722,e12
1007,39.0,veh_003,17.794600529496037,498.4,8.042640951185003,2.1192094748839745,e54_0,14.594600529496038,e54
1007,39.0,veh_004,557.4922604095408,-1.6,15.79343120505446,0.1308786072508319,e12_0,57.49226040954079,e12
1007,39.0,veh_005,1.6,493.2907627893977,7.4294558115145195,-1.5875414018990819,e05_0,490.09076278939773,e05
1007,39.0,veh_006,527.1295558150531,-1.6,16.44168699420989,0.023416701410898355,e12_0,27.12955581505313,e12
1007,39.0,veh_007,1.6,476.50678686678447,8.932012168119705,-2.99318005227399,e05_0,473.3067868667845,e05
1007,39.0,veh_008,496.50583039805764,-1.6,16.345903762038798,0.1473867964558302,e01_0,493.30583039805765,e01
1007,39.0,veh_009,1.6,458.8804343243445,11.627190151383523,-4.123688495181835,e05_0,455.6804343243445,e05
1007,39.0,veh_010,462.62601126218215,-1.6,16.217941644904204,0.17303316491190301,e01_0,459.42601126218216,e01
1007,39.0,veh_011,1.6,392.12209213480884,14.164686308541977,-0.41392693226225674,e05_0,388.92209213480885,e05
1007,39.0,veh_012,415.1340353044503,-1.6,15.424488298403691,-0.4140685330331326,e01_0,411.93403530445033,e01
1007,39.0,veh_013,1.6,369.2177752372473,14.064262663930382,-0.02914013703259677,e05_0,366.0177752372473,e05
1007,39.0,veh_014,390.81760791646883,-1.6,15.712050731219385,0.11974461143048032,e01_0,387.61760791646884,e01
1007,39.0,veh_015,1.6,346.30606517817967,14.301442574993024,0.436416432273079,e05_0,343.1060651781797,e05
1007,39.0,veh_016,362.8184080878274,-1.6,16.594941585930066,0.3370920102624204,e01_0,359.6184080878274,e01
1007,39.0,veh_017,1.6,323.01985078001036,14.01781217875348,-0.34437081668760783,e05_0,319.81985078001037,e05
1007,39.0,veh_018,326.6674280859567,-1.6,16.104877026737373,0.26770626938436237,e01_0,323.4674280859567,e01
1007,39.0,veh_019,1.6,299.9811795395717,13.860164440614746,-1.1749272131435156,e05_0,296.7811795395717,e05
1007,39.0,veh_020,299.7220752617018,-1.6,16.637870792243632,0.3136650134995591,e01_0,296.5220752617018,e01
1007,39.0,veh_021,1.6,276.09650033419786,14.996220418774852,1.1517412486806045,e05_0,272.89650033419787,e05
1007,39.0,veh_022,247.57303399698623,-1.6,15.076762930781001,0.36547452949918835,e01_0,244.37303399698624,e01
1007,39.0,veh_023,1.6,241.94496439006414,15.471226938049078,-0.08935226553585451,e05_0,238.74496439006415,e05
1007,40.0,veh_000,642.2769794427651,-1.6,16.43656454465352,0.06708209621719874,e12_0,142.27697944276514,e12
1007,40.0,veh_001,72.19582391244528,498.4,16.54615756296087,2.0663974051306795,e54_0,68.99582391244527,e54
1007,40.0,veh_002,597.9860219070626,-1.6,15.842592380675445,0.0910482027567916,e12_0,97.98602190706266,e12
1007,40.0,veh_003,27.689776416290478,498.4,9.89517588679444,1.8525349356094374,e54_0,24.48977641629048,e54
1007,40.0,veh_004,573.2724862611641,-1.6,15.780225851623348,-0.013205353431112954,e12_0,73.27248626116413,e12
1007,40.0,veh_005,1.6,496.3569244022921,3.066161612894386,-4.3632941986201335,e05_0,493.15692440229213,e05
1007,40.0,veh_006,543.5816821123706,-1.6,16.45212629731745,0.01043930310756025,e12_0,43.58168211237058,e12
1007,40.0,veh_007,1.6,484.7212123808491,8.214425514064652,-0.7175866540550526,e05_0,481.52121238084914,e05
1007,40.0,veh_008,513.0525604367397,-1.6,16.646730038682,0.30082627664320327,e12_0,13.052560436739634,e12
1007,40.0,veh_009,1.6,467.6474077277463,8.766973403401854,-2.860216747981669,e05_0,464.44740772774634,e05
1007,40.0,veh_010,479.1169179209415,-1.6,16.490906658759343,0.2729650138551385,e01_0,475.9169179209415,e01
1007,40.0,veh_011,1.6,406.617430582561,14.49533844775212,0.3306521392101427,e05_0,403.417430582561,e05
1007,40.0,veh_012,430.7586573073785,-1.6,15.624622002928179,0.20013370452448775,e01_0,427.5586573073785,e01
1007,40.0,veh_013,1.6,382.99477722986103,13.777001992613737,-0.2872606713166448,e05_0,379.79477722986104,e05
1007,40.0,veh_014,405.91358007467795,-1.6,15.095972158209122,-0.6160785730102631,e01_0,402.71358007467796,e01
1007,40.0,veh_015,1.6,360.0628145731044,13.756749394924736,-0.5446931800682879,e05_0,356.8628145731044,e05
1007,40.0,veh_016,378.73567283603376,-1.6,15.917264748206364,-0.6776768377237019,e01_0,375.53567283603377,e01
1007,40.0,veh_017,1.6,337.47065109668273,14.450800316672344,0.4329881379188638,e05_0,334.27065109668274,e05
1007,40.0,veh_018,343.0115326524234,-1.6,16.3441045664667,0.23922753972932753,e01_0,339.8115326524234,e01
1007,40.0,veh_019,1.6,313.8768879140071,13.895708374435424,0.03554393382067822,e05_0,310.6768879140071,e05
1007,40.0,veh_020,315.86452192348423,-1.6,16.142446661782454,-0.4954241304611777,e01_0,312.66452192348424,e01
1007,40.0,veh_021,1.6,289.89034158825376,13.79384125405593,-1.2023791647189217,e05_0,286.6903415882538,e05
1007,40.0,veh_022,262.289777421472,-1.6,14.71674342448579,-0.3600195062952114,e01_0,259.08977742147204,e01
1007,40.0,veh_023,1.6,257.48672849850385,15.541764108439677,0.07053717039059926,e05_0,254.28672849850383,e05
1007,41.0,veh_000,658.5432085283475,-1.6,16.26622908558231,-0.17033545907121095,e12_0,158.54320852834746,e12
1007,41.0,veh_001,88.69877953924407,498.4,16.502955626798794,-0.04320193616207746,e54_0,85.49877953924407,e54
1007,41.0,veh_002,614.1441311354035,-1.6,16.158109228340866,0.3155168476654211,e12_0,114.14413113540353,e12
1007,41.0,veh_003,39.581204373261336,498.4,11.891427956970855,1.9962520701764142,e54_0,36.38120437326133,e54
1007,41.0,veh_004,589.1643910653065,-1.6,15.891904804142417,0.11167895251906934,e12_0,89.16439106530655,e12
1007,41.0,veh_005,3.1307097696584743,498.39010139566545,2.9530928521631283,-0.11306876073125771,:n5_1_0,2.5100172544552493,:n5_1
1007,41.0,veh_006,560.1101133122946,-1.6,16.52843119992409,0.07630490260664047,e12_0,60.11011331229467,e12
1007,41.0,veh_007,1.6,488.4356378949138,3.7144255140646525,-4.5,e05_0,485.2356378949138,e05
1007,41.0,veh_008,529.0473789244611,-1.6,15.994818487721497,-0.651911550960504,e12_0,29.047378924461132,e12
1007,41.0,veh_009,1.6,476.34366040416353,8.696252676417215,-0.07072072698463927,e05_0,473.14366040416354,e05
1007,41.0,veh_010,495.47342021354007,-1.6,16.3565022925986,-0.13440436616074436,e01_0,492.2734202135401,e01
1007,41.0,veh_011,1.6,421.19817985864273,14.580749276081743,0.0854108283296231,e05_0,417.99817985864274,e05
1007,41.0,veh_012,446.51761965804747,-1.6,15.758962350668979,0.13434034774079961,e01_0,443.3176196580475,e01
1007,41.0,veh_013,1.6,397.7123318704177,14.71755464055665,0.940552647942912,e05_0,394.5123318704177,e05
1007,41.0,veh_014,421.7491667090123,-1.6,15.83558663433433,0.7396144761252081,e01_0,418.5491667090123,e01
1007,41.0,veh_015,1.6,373.92572498159006,13.862910408485654,0.1061610135609179,e05_0,370.7257249815901,e05
1007,41.0,veh_016,394.24084031515457,-1.6,15.505167479120813,-0.41209726908555133,e01_0,391.0408403151546,e01
1007,41.0,veh_017,1.6,351.55639297173036,14.085741875047635,-0.3650584416247096,e05_0,348.3563929717304,e05
1007,41.0,veh_018,359.2557717848647,-1.6,16.244239132441287,-0.09986543402541415,e01_0,356.0557717848647,e01
1007,41.0,veh_019,1.6,328.25522466561176,14.378336751604635,0.4826283771692115,e05_0,325.0552246656118,e05
1007,41.0,veh_020,332.172049590717,-1.6,16.30752766723279,0.165081005450336,e01_0,328.972049590717,e01
1007,41.0,veh_021,1.6,303.8601564977515,13.969814909497742,0.17597365544181187,e05_0,300.66015649775153,e05
1007,41.0,veh_022,277.2197969642633,-1.6,14.930019542791301,0.21327611830551163,e01_0,274.0197969642633,e01
1007,41.0,veh_023,1.6,272.8557399606798,15.369011462175989,-0.1727526462636888,e05_0,269.6557399606798,e05
1007,42.0,veh_000,674.7915149194935,-1.6,16.248306391146034,-0.017922694436276032,e12_0,174.7915149194935,e12
1007,42.0,veh_001,104.79620613204018,498.4,16.09742659279611,-0.4055290340026829,e54_0,101.59620613204018,e54
1007,42.0,veh_002,630.4156826621464,-1.6,16.271551526742943,0.11344229840207731,e12_0,130.41568266214648,e12
1007,42.0,veh_003,53.46517802176055,498.4,13.883973648499213,1.992545691528358,e54_0,50.26517802176055,e54
1007,42.0,veh_004,604.9622033226359,-1.6,15.797812257329394,-0.09409254681302315,e12_0,104.96220332263594,e12
1007,42.0,veh_005,6.742612605097938,498.4,3.6125953506426884,0.6595024984795601,e54_0,3.542612605097938,e54
1007,42.0,veh_006,576.5930068492703,-1.6,16.48289353697561,-0.04553766294847961,e12_0,76.59300684927028,e12
1007,42.0,veh_007,1.6,491.18645036378064,2.7508124688668354,-0.9636130451978171,e05_0,487.98645036378065,e05
1007,42.0,veh_008,545.1328970547114,-1.6,16.08551813025028,0.09069964252878115,e12_0,45.13289705471141,e12
1007,42.0,veh_009,1.6,480.53991308058073,4.196252676417215,-4.5,e05_0,477.33991308058074,e05
1007,42.0,veh_010,511.51418250198475,-1.6,16.140762288444677,-0.21574000415392192,e12_0,11.514182501984772,e12
1007,42.0,veh_011,1.6,435.29114439550864,14.092964536865885,-0.48778473921585785,e05_0,432.09114439550865,e05
1007,42.0,veh_012,462.19285982042067,-1.6,15.675240162373182,-0.08372218829579658,e01_0,458.9928598204207,e01
1007,42.0,veh_013,1.6,412.1061858454398,14.393853975022106,-0.3237006655345436,e05_0,408.90618584543984,e05
1007,42.0,veh_014,437.5370001889055,-1.6,15.78783347989319,-0.04775315444114092,e01_0,434.3370001889055,e01
1007,42.0,veh_015,1.6,389.03443959144624,15.108714609856166,1.2458042013705128,e05_0,385.83443959144626,e05
1007,42.0,veh_016,410.5237959665077,-1.6,16.282955651353117,0.7777881722323041,e01_0,407.3237959665077,e01
1007,42.0,veh_017,1.6,364.9853202771997,13.42892730546935,-0.6568145695782857,e05_0,361.78532027719973,e05
1007,42.0,veh_018,374.88862148686127,-1.6,15.632849701996598,-0.6113894304446887,e01_0,371.6886214868613,e01
1007,42.0,veh_019,1.6,342.47659128255077,14.22136661693902,-0.15697013466561494,e05_0,339.2765912825508,e05
1007,42.0,veh_020,348.0828590092248,-1.6,15.910809418507853,-0.39671824872493744,e01_0,344.88285900922483,e01
1007,42.0,veh_021,1.6,318.1212843629638,14.261127865212314,0.29131295571457194,e05_0,314.92128436296383,e05
1007,42.0,veh_022,292.3844370605658,-1.6,15.164640096302497,0.2346205535111956,e01_0,289.1844370605658,e01
1007,42.0,veh_023,1.6,288.3355984747817,15.479858514101945,0.11084705192595656,e05_0,285.1355984747817,e05
1007,43.0,veh_000,691.0162385331607,-1.6,16.224723613667305,-0.02358277747872961,e12_0,191.0162385331608,e12
1007,43.0,veh_001,120.76231536157599,498.4,15.966109229535798,-0.1313173632603135,e54_0,117.56231536157598,e54
1007,43.0,veh_002,646.5555404171006,-1.6,16.139857754954093,-0.13169377178885,e12_0,146.5555404171006,e12
1007,43.0,veh_003,69.6516667977696,498.4,16.186488776009046,2.3025151275098334,e54_0,66.45166679776959,e54
1007,43.0,veh_004,621.1677630777107,-1.6,16.205559755074795,0.407747497745401,e12_0,121.16776307771073,e12
1007,43.0,veh_005,12.545877471716377,498.4,5.80326486661844,2.190669515975751,e54_0,9.345877471716378,e54
1007,43.0,veh_006,592.699329852201,-1.6,16.106323002930733,-0.37657053404487684,e12_0,92.69932985220102,e12
1007,43.0,veh_007,1.6,495.05443736136357,3.8679869975829058,1.1171745287160704,e05_0,491.8544373613636,e05
1007,43.0,veh_008,561.2477304267651,-1.6,16.114833372053692,0.029315241803413272,e12_0,61.2477304267651,e12
1007,43.0,veh_009,1.6,483.4037721322219,2.8638590516411426,-1.3323936247760724,e05_0,480.2037721322219,e05
1007,43.0,veh_010,527.5895615705755,-1.6,16.075379068590703,-0.06538321985397388,e12_0,27.589561570575476,e12
1007,43.0,veh_011,1.6,449.70795096503804,14.41680656952941,0.3238420326635243,e05_0,446.50795096503805,e05
1007,43.0,veh_012,477.51525001268783,-1.6,15.322390192267147,-0.35284997010603547,e01_0,474.31525001268784,e01
1007,43.0,veh_013,1.6,425.94677198060754,13.840586135167712,-0.553267839854394,e05_0,422.74677198060755,e05
1007,43.0,veh_014,453.13303751097897,-1.6,15.59603732207347,-0.19179615781972004,e01_0,449.933037510979,e01
1007,43.0,veh_015,1.6,403.1066339109985,14.072194319552251,-1.0365202903039155,e05_0,399.9066339109985,e05
1007,43.0,veh_016,426.43642028104216,-1.6,15.91262431453448,-0.37033133681863717,e01_0,423.2364202810422,e01
1007,43.0,veh_017,1.6,380.451220726742,15.46590044954231,2.0369731440729613,e05_0,377.251220726742,e05
1007,43.0,veh_018,391.1100302479022,-1.6,16.221408761040944,0.5885590590443464,e01_0,387.9100302479022,e01
1007,43.0,veh_019,1.6,355.892772415076,13.416181132525246,-0.8051854844137747,e05_0,352.69277241507604,e05
1007,43.0,veh_020,364.58076503274094,-1.6,16.497906023516126,0.5870966050082735,e01_0,361.38076503274095,e01
1007,43.0,veh_021,1.6,332.6338749205399,14.512590557576054,0.25146269236373975,e05_0,329.4338749205399,e05
1007,43.0,veh_022,307.2623150430969,-1.6,14.877877982531095,-0.2867621137714025,e01_0,304.06231504309693,e01
1007,43.0,veh_023,1.6,303.75258203585395,15.416983561072268,-0.06287495302967727,e05_0,300.55258203585396,e05
1007,44.0,veh_000,707.0944297169383,-1.6,16.078191183777527,-0.14653242988977766,e12_0,207.09442971693832,e12
1007,44.0,veh_001,137.20663564711978,498.4,16.4443202855438,0.47821105600800173,e54_0,134.0066356471198,e54
1007,44.0,veh_002,662.6498673840549,-1.6,16.094326966954352,-0.04553078799974131,e12_0,162.64986738405494,e12
1007,44.0,veh_003,86.31844527916738,498.4,16.66677848139778,0.48028970538873494,e54_0,83.11844527916737,e54
1007,44.0,veh_004,637.1682068054278,-1.6,16.000443727717084,-0.20511602735771106,e12_0,137.16820680542781,e12
1007,44.0,veh_005,20.793195042982,498.4,8.247317571265622,2.4440527046471825,e54_0,17.593195042982,e54
1007,44.0,veh_006,608.6123875204194,-1.6,15.913057668218391,-0.19326533471234164,e12_0,108.6123875204194,e12
1007,44.0,veh_007,2.5364577052597026,498.30520824360855,3.655388627926558,-0.2125983696563476,:n5_1_0,1.909825989290141,:n5_1
1007,44.0,veh_008,577.7794737756253,-1.6,16.531743348860182,0.41690997680649033,e12_0,77.77947377562529,e12
1007,44.0,veh_009,1.6,487.26968192858646,3.8659097963645728,1.0020507447234301,e05_0,484.0696819285865,e05
1007,44.0,veh_010,544.0429614594113,-1.6,16.45339988883585,0.3780208202451476,e12_0,44.04296145941133,e12
1007,44.0,veh_011,1.6,462.50955146183827,12.80160049680024,-1.615206072729169,e05_0,459.3095514618383,e05
1007,44.0,veh_012,493.3787347946028,-1.6,15.863484781914982,0.5410945896478356,e01_0,490.1787347946028,e01
1007,44.0,veh_013,1.6,440.685497682307,14.738725701699487,0.8981395665317748,e05_0,437.485497682307,e05
1007,44.0,veh_014,468.68588735357537,-1.6,15.552849842596423,-0.04318747947704615,e01_0,465.4858873535754,e01
1007,44.0,veh_015,1.6,416.6535400260299,13.546906115031366,-0.5252882045208853,e05_0,413.4535400260299,e05
1007,44.0,veh_016,442.18434189363643,-1.6,15.747921612594254,-0.16470270194022518,e01_0,438.98434189363644,e01
1007,44.0,veh_017,1.6,394.48705375208584,14.035833025343859,-1.4300674241984517,e05_0,391.28705375208585,e05
1007,44.0,veh_018,407.36945139070264,-1.6,16.259421142800417,0.03801238175947219,e01_0,404.16945139070265,e01
1007,44.0,veh_019,1.6,371.27570789886136,15.382935483785323,1.966754351260077,e05_0,368.07570789886137,e05
1007,44.0,veh_020,380.53427864627974,-1.6,15.953513613538819,-0.5443924099773074,e01_0,377.33427864627976,e01
1007,44.0,veh_021,1.6,346.00680738948887,13.372932468948967,-1.1396580886270868,e05_0,342.8068073894889,e05
1007,44.0,veh_022,322.1946136123267,-1.6,14.932298569229783,0.05442058669868821,e01_0,318.9946136123267,e01
1007,44.0,veh_023,1.6,319.7453305861225,15.99274855026859,0.5757649891963226,e05_0,316.54533058612253,e05
1007,45.0,veh_000,723.513618910853,-1.6,16.419189193914647,0.3409980101371204,e12_0,223.51361891085298,e12
1007,45.0,veh_001,153.34907952067613,498.4,16.14244387355633,-0.3018764119874682,e54_0,150.14907952067614,e54
1007,45.0,veh_002,678.74560370297,-1.6,16.095736318915108,0.001409351960756311,e12_0,178.74560370297004,e12
1007,45.0,veh_003,102.94212600123358,498.4,16.623680722066204,-0.04309775933157667,e54_0,99.74212600123357,e54
1007,45.0,veh_004,653.6553425452455,-1.6,16.487135739817717,0.48669201210063306,e12_0,153.65534254524553,e12
1007,45.0,veh_005,31.19074464752548,498.4,10.397549604543483,2.1502320332778613,e54_0,27.99074464752548,e54
1007,45.0,veh_006,624.6926561306091,-1.6,16.08026861018967,0.16721094197127861,e12_0,124.69265613060907,e12
1007,45.0,veh_007,6.912933401751071,498.4,4.38310741246093,0.727718784534372,e54_0,3.712933401751071,e54
1007,45.0,veh_008,594.1663290606207,-1.6,16.386855284995402,-0.14488806386478004,e12_0,94.1663290606207,e12
1007,45.0,veh_009,1.6,491.06103271784633,3.791350789259881,-0.07455900710469177,e05_0,487.86103271784634,e05
1007,45.0,veh_010,559.9645924106334,-1.6,15.921630951222035,-0.5317689376138155,e12_0,59.964592410633365,e12
1007,45.0,veh_011,1.6,472.3473818072222,9.8378303453839,-2.963770151416341,e05_0,469.1473818072222,e05
1007,45.0,veh_012,508.6213897026225,-1.6,15.34265490801971,-0.5208298738952717,e12_0,8.621389702622503,e12
1007,45.0,veh_013,1.6,453.90030902522943,13.214811342922404,-1.5239143587770823,e05_0,450.70030902522944,e05
1007,45.0,veh_014,484.40345697045177,-1.6,15.717569616876407,0.16471977427998397,e01_0,481.2034569704518,e01
1007,45.0,veh_015,1.6,431.60730070583026,14.953760679800354,1.406854564768988,e05_0,428.40730070583027,e05
1007,45.0,veh_016,458.2054489036565,-1.6,16.02110701002007,0.2731853974258165,e01_0,455.0054489036565,e01
1007,45.0,veh_017,1.6,407.8531155797853,13.366061827699474,-0.6697711976443852,e05_0,404.6531155797853,e05
1007,45.0,veh_018,423.1013874929324,-1.6,15.731936102229808,-0.5274850405706086,e01_0,419.90138749293243,e01
1007,45.0,veh_019,1.6,385.23666742750606,13.960959528644697,-1.421975955140626,e05_0,382.0366674275061,e05
1007,45.0,veh_020,396.4801113177749,-1.6,15.945832671495156,-0.007680942043663208,e01_0,393.2801113177749,e01
1007,45.0,veh_021,1.6,361.3994667826915,15.392659393202594,2.019726924253627,e05_0,358.1994667826915,e05
1007,45.0,veh_022,337.16098470664326,-1.6,14.966371094316596,0.03407252508681324,e01_0,333.9609847066433,e01
1007,45.0,veh_023,1.6,334.25618658998917,14.510856003866635,-1.481892546401955,e05_0,331.0561865899892,e05
1007,46.0,veh_000,739.8171392573464,-1.6,16.30352034649346,-0.11566884742118688,e12_0,239.81713925734644,e12
1007,46.0,veh_001,169.60122665852478,498.4,16.252147137848663,0.10970326429233168,e54_0,166.4012266585248,e54
1007,46.0,veh_002,694.3533564694162,-1.6,15.607752766446168,-0.48798355246893976,e12_0,194.3533564694162,e12
1007,46.0,veh_003,119.24834103488118,498.4,16.306215033647607,-0.3174656884185971,e54_0,116.04834103488118,e54
1007,46.0,veh_004,669.4526055687711,-1.6,15.797263023525554,-0.6898727162921627,e12_0,169.45260556877108,e12
1007,46.0,veh_005,44.14545689831046,498.4,12.954712250784969,2.557162646241485,e54_0,40.945456898310454,e54
1007,46.0,veh_006,641.0617734418297,-1.6,16.369117311220617,0.28884870103094684,e12_0,141.06177344182967,e12
1007,46.0,veh_007,13.785458625788277,498.4,6.872525224037207,2.489417811576277,e54_0,10.585458625788277,e54
1007,46.0,veh_008,610.4230664544227,-1.6,16.256737393802034,-0.13011789119336825,e12_0,110.42306645442272,e12
1007,46.0,veh_009,1.6,495.4368816366497,4.375848918803364,0.5844981295434826,e05_0,492.2368816366497,e05
1007,46.0,veh_010,576.1000766186323,-1.6,16.135484207998964,0.2138532567769289,e12_0,76.10007661863233,e12
1007,46.0,veh_011,1.6,480.001417025738,7.6540352185158245,-2.183795126868075,e05_0,476.80141702573803,e05
1007,46.0,veh_012,524.6454460858724,-1.6,16.024056383249942,0.6814014752302313,e12_0,24.645446085872443,e12
1007,46.0,veh_013,1.6,463.38237056742713,9.482061542197677,-3.7327498007247275,e05_0,460.18237056742714,e05
1007,46.0,veh_014,499.4309220395281,-1.6,15.02746506907633,-0.6901045478000771,e01_0,496.23092203952814,e01
1007,46.0,veh_015,1.6,445.00093438993775,13.393633684107481,-1.5601269956928725,e05_0,441.80093438993777,e05
1007,46.0,veh_016,474.094152395521,-1.6,15.88870349186451,-0.13240351815556117,e01_0,470.894152395521,e01
1007,46.0,veh_017,1.6,423.01482560217846,15.161710022393173,1.7956481946936993,e05_0,419.8148256021785,e05
1007,46.0,veh_018,439.15820019174527,-1.6,16.05681269881286,0.3248765965830511,e01_0,435.9582001917453,e01
1007,46.0,veh_019,1.6,398.3787155737482,13.142048146242127,-0.81891138240257,e05_0,395.1787155737482,e05
1007,46.0,veh_020,413.00125785720513,-1.6,16.52114653943023,0.5753138679350744,e01_0,409.80125785720514,e01
1007,46.0,veh_021,1.6,375.88874413482444,14.489277352132971,-0.9033820410696229,e05_0,372.68874413482445,e05
1007,46.0,veh_022,352.36393437459566,-1.6,15.202949667952376,0.2365785736357804,e01_0,349.16393437459567,e01
1007,46.0,veh_023,1.6,350.1737287311843,15.917542141195156,1.4066861373285207,e05_0,346.97372873118434,e05
1007,47.0,veh_000,756.2192726730416,-1.6,16.402133415695282,0.09861306920182145,e12_0,256.2192726730417,e12
1007,47.0,veh_001,185.7531076203583,498.4,16.151880961833523,-0.10026617601513976,e54_0,182.5531076203583,e54
1007,47.0,veh_002,710.388196438321,-1.6,16.03483996890481,0.4270872024586403,e12_0,210.38819643832102,e12
1007,47.0,veh_003,135.5890038661867,498.4,16.34066283130553,0.03444779765792205,e54_0,132.3890038661867,e54
1007,47.0,veh_004,684.9176738844901,-1.6,15.465068315719071,-0.3321947078064831,e12_0,184.91767388449014,e12
1007,47.0,veh_005,59.51623419221794,498.4,15.370777293907476,2.416065043122508,e54_0,56.316234192217934,e54
1007,47.0,veh_006,656.9774030259018,-1.6,15.915629584072159,-0.45348772714845786,e12_0,156.97740302590182,e12
1007,47.0,veh_007,22.740257413982558,498.4,8.954798788194283,2.0822735641570764,e54_0,19.54025741398256,e54
1007,47.0,veh_008,626.3193441565196,-1.6,15.896277702096851,-0.36045969170518255,e12_0,126.31934415651958,e12
1007,47.0,veh_009,2.7890381298139033,498.341291161402,3.5280491703620553,-0.8477997484413082,:n5_1_0,2.1649308070117286,:n5_1
1007,47.0,veh_010,592.5292958406359,-1.6,16.429219222003596,0.293735014004632,e12_0,92.52929584063592,e12
1007,47.0,veh_011,1.6,486.1599978021369,6.158580776398874,-1.4954544421169507,e05_0,482.9599978021369,e05
1007,47.0,veh_012,540.1441866503125,-1.6,15.498740564440038,-0.5253158188099043,e12_0,40.14418665031248,e12
1007,47.0,veh_013,1.6,471.0951312879795,7.712760720552362,-1.7693008216453148,e05_0,467.8951312879795,e05
1007,47.0,veh_014,515.7734044406785,-1.6,16.442482401150407,1.4150173320740773,e12_0,15.773404440678485,e12
1007,47.0,veh_015,1.6,454.7797142325095,9.778779842571728,-3.614853841535753,e05_0,451.5797142325095,e05
1007,47.0,veh_016,489.408967446024,-1.6,15.314815050502995,-0.5738884413615146,e01_0,486.208967446024,e01
1007,47.0,veh_017,1.6,436.65204864859345,13.637223046414999,-1.5244869759781743,e05_0,433.45204864859346,e05
1007,47.0,veh_018,455.07425982123834,-1.6,15.916059629493098,-0.14075306931976073,e01_0,451.87425982123835,e01
1007,47.0,veh_019,1.6,413.32652886189345,14.94781328814523,1.8057651419031036,e05_0,410.12652886189346,e05
1007,47.0,veh_020,429.13623944354225,-1.6,16.13498158633709,-0.3861649530931395,e01_0,425.93623944354226,e01
1007,47.0,veh_021,1.6,388.9088141856204,13.020070050795931,-1.4692073013370397,e05_0,385.7088141856204,e05
1007,47.0,veh_022,367.5026432531718,-1.6,15.138708878576177,-0.06424078937619981,e01_0,364.3026432531718,e01
1007,47.0,veh_023,1.6,365.16644525886613,14.992716527681814,-0.9248256135133417,e05_0,361.96644525886614,e05
1007,48.0,veh_000,772.6345402934776,-1.6,16.415267620435916,0.013134204740634203,e12_0,272.63454029347764,e12
1007,48.0,veh_001,201.7001490141189,498.4,15.947041393760593,-0.2048395680729307,e54_0,198.5001490141189,e54
1007,48.0,veh_002,726.4497536335774,-1.6,16.061557195256423,0.026717226351614443,e12_0,226.44975363357744,e12
1007,48.0,veh_003,151.67614704537425,498.4,16.087143179187553,-0.25351965211797634,e54_0,148.47614704537426,e54
1007,48.0,veh_004,701.3371518740379,-1.6,16.41947798954774,0.9544096738286694,e12_0,201.3371518740379,e12
1007,48.0,veh_005,75.01852959355215,498.4,15.502295401334205,0.13151810742672865,e54_0,71.81852959355214,e54
1007,48.0,veh_006,673.0508359615131,-1.6,16.073432935611347,0.15780335153918834,e12_0,173.05083596151317,e12
1007,48.0,veh_007,34.073879335972364,498.4,11.333621921989804,2.378823133795521,e54_0,30.87387933597236,e54
1007,48.0,veh_008,642.7611318490422,-1.6,16.44178769252263,0.5455099904257796,e12_0,142.76113184904221,e12
1007,48.0,veh_009,6.009916719790367,498.4,3.224985912778638,-0.3030632575834171,e54_0,2.809916719790367,e54
1007,48.0,veh_010,608.5543980110065,-1.6,16.02510217037052,-0.4041170516330759,e12_0,108.55439801100644,e12
1007,48.0,veh_011,1.6,491.0087295506443,4.84873174850741,-1.309849027891464,e05_0,487.80872955064433,e05
1007,48.0,veh_012,555.7355133516785,-1.6,15.591326701366004,0.0925861369259664,e12_0,55.73551335167848,e12
1007,48.0,veh_013,1.6,477.2907250633439,6.195593775364463,-1.517166945187899,e05_0,474.09072506334394,e05
1007,48.0,veh_014,531.2228723422867,-1.6,15.449467901608223,-0.9930144995421841,e12_0,31.222872342286706,e12
1007,48.0,veh_015,1.6,462.61280291826256,7.833088685753061,-1.9456911568186674,e05_0,459.41280291826257,e05
1007,48.0,veh_016,505.8510734037034,-1.6,16.542105957679453,1.2272909071764584,e12_0,5.851073403703447,e12
1007,48.0,veh_017,1.6,446.552191505078,9.900142856484539,-3.7370801899304595,e05_0,443.352191505078,e05
1007,48.0,veh_018,471.291553470349,-1.6,16.217293649110648,0.30123401961754936,e01_0,468.091553470349,e01
1007,48.0,veh_019,1.6,427.1115994594072,13.785070597513759,-1.1627426906314717,e05_0,423.9115994594072,e05
1007,48.0,veh_020,445.31640008798007,-1.6,16.180160644437798,0.04517905810070744,e01_0,442.1164000879801,e01
1007,48.0,veh_021,1.6,403.93983144450067,15.031017258880317,2.010947208084385,e05_0,400.7398314445007,e05
1007,48.0,veh_022,382.8939355197636,-1.6,15.391292266591805,0.2525833880156281,e01_0,379.6939355197636,e01
1007,48.0,veh_023,1.6,378.65995179051373,13.493506531647595,-1.4992099960342191,e05_0,375.45995179051374,e05
1007,49.0,veh_000,788.7799510766241,-1.6,16.14541078314651,-0.26985683728940657,e12_0,288.7799510766242,e12
1007,49.0,veh_001,218.25019738018682,498.4,16.550048366067934,0.603006972307341,e54_0,215.05019738018683,e54
1007,49.0,veh_002,742.4021319608092,-1.6,15.952378327231811,-0.10917886802461219,e12_0,242.40213196080924,e12
1007,49.0,veh_003,167.6661224787611,498.4,15.989975433386864,-0.09716774580068943,e54_0,164.46612247876112,e54
1007,49.0,veh_004,717.2906309398431,-1.6,15.953479065805322,-0.46599892374241847,e12_0,217.2906309398432,e12
1007,49.0,veh_005,90.15225442767522,498.4,15.13372483412307,-0.368570567211135,e54_0,86.95225442767521,e54
1007,49.0,veh_006,689.6600314444443,-1.6,16.609195482931103,0.5357625473197558,e12_0,189.6600314444443,e12
1007,49.0,veh_007,47.92559079972244,498.4,13.851711463750078,2.5180895417602738,e54_0,44.72559079972244,e54
1007,49.0,veh_008,658.6611156406673,-1.6,15.899983791625129,-0.5418039008975022,e12_0,158.66111564066733,e12
1007,49.0,veh_009,11.118502853100232,498.4,5.108586133309863,1.8836002205312252,e54_0,7.918502853100231,e54
1007,49.0,veh_010,624.8668973191409,-1.6,16.31249930813443,0.28739713776391085,e12_0,124.86689731914088,e12
1007,49.0,veh_011,1.6,494.5567046679247,3.5479751172803837,-1.300756631227026,e05_0,491.3567046679247,e05
1007,49.0,veh_012,571.2934186943502,-1.6,15.557905342671681,-0.033421358694322834,e12_0,71.29341869435015,e12
1007,49.0,veh_013,1.6,482.5696122194519,5.278887156108004,-0.916706619256459,e05_0,479.36961221945194,e05
1007,49.0,veh_014,546.7533851055745,-1.6,15.53051276328774,0.08104486167951741,e12_0,46.753385105574445,e12
1007,49.0,veh_015,1.6,468.5957243974945,5.9829214792319325,-1.850167206521128,e05_0,465.3957243974945,e05
1007,49.0,veh_016,521.4152105153771,-1.6,15.564137111673702,-0.9779688460057514,e12_0,21.415210515377147,e12
1007,49.0,veh_017,1.6,454.34699160288915,7.794800097811166,-2.1053427586733733,e05_0,451.14699160288916,e05
1007,49.0,veh_018,487.67403859808644,-1.6,16.38248512773745,0.16519147862680228,e01_0,484.47403859808645,e01
1007,49.0,veh_019,1.6,437.2912983585236,10.17969889911636,-3.6053716983973985,e05_0,434.0912983585236,e05
1007,49.0,veh_020,461.3174169767103,-1.6,16.00101688873023,-0.17914375570756746,e01_0,458.11741697671033,e01
1007,49.0,veh_021,1.6,418.1098671530604,14.170035708559723,-0.8609815503205933,e05_0,414.9098671530604,e05
1007,49.0,veh_022,397.6938834365194,-1.6,14.799947916755805,-0.5913443498359996,e01_0,394.4938834365194,e01
1007,49.0,veh_023,1.6,393.7058082066752,15.04585641616148,1.552349884513884,e05_0,390.5058082066752,e05
1007,50.0,veh_000,804.7639615668684,-1.6,15.984010490244255,-0.161400292902254,e12_0,304.76396156686843,e12
1007,50.0,veh_001,234.89454562669323,498.4,16.644348246506418,0.09429988043848425,e54_0,231.69454562669324,e54
1007,50.0,veh_002,758.2384090400142,-1.6,15.836277079204987,-0.11610124802682442,e12_0,258.23840904001423,e12
1007,50.0,veh_003,183.62387752033524,498.4,15.95775504157413,-0.03222039181273395,e54_0,180.42387752033525,e54
1007,50.0,veh_004,733.4228562811571,-1.6,16.132225341313937,0.17874627550861533,e12_0,233.42285628115712,e12
1007,50.0,veh_005,105.5400872797514,498.4,15.387832852076182,0.25410801795311144,e54_0,102.3400872797514,e54
1007,50.0,veh_006,706.1999761905428,-1.6,16.539944746098485,-0.06925073683261829,e12_0,206.19997619054277,e12
1007,50.0,veh_007,64.20865205181792,498.4,16.283061252095475,2.431349788345397,e54_0,61.00865205181792,e54
1007,50.0,veh_008,674.8551685930323,-1.6,16.19405295236502,0.2940691607398911,e12_0,174.85516859303235,e12
1007,50.0,veh_009,18.514383551835348,498.4,7.395880698735118,2.2872945654252543,e54_0,15.314383551835348,e54
1007,50.0,veh_010,641.4132956925454,-1.6,16.546398373404518,0.2338990652700872,e12_0,141.4132956925454,e12
1007,50.0,veh_011,1.85299477441204,497.75499129068675,3.2476132607273382,-0.3003618565530455,:n5_1_0,1.0043179286520285,:n5_1
1007,50.0,veh_012,586.7427070280694,-1.6,15.449288333719258,-0.10861700895242343,e12_0,86.7427070280694,e12
1007,50.0,veh_013,1.6,486.836647379508,4.267035160056103,-1.0118519960519006,e05_0,483.636647379508,e05
1007,50.0,veh_014,562.1463655409784,-1.6,15.392980435404043,-0.1375323278836973,e12_0,62.146365540978486,e12
1007,50.0,veh_015,1.6,474.1620543539755,5.566329956481013,-0.4165915227509194,e05_0,470.96205435397553,e05
1007,50.0,veh_016,537.3898183987403,-1.6,15.974607883363142,0.4104707716894396,e12_0,37.38981839874029,e12
1007,50.0,veh_017,1.6,460.47859703553894,6.131605432649819,-1.6631946651613472,e05_0,457.27859703553895,e05
1007,50.0,veh_018,503.78995744505005,-1.6,16.21591884696361,-0.16656628077383928,e12_0,3.789957445050072,e12
1007,50.0,veh_019,1.6,445.5099794547508,8.218681096227229,-1.9610178028891312,e05_0,442.3099794547508,e05
1007,50.0,veh_020,477.40254602147405,-1.6,16.085129044763747,0.08411215603351607,e01_0,474.20254602147406,e01
1007,50.0,veh_021,1.6,428.56184899692295,10.451981843862539,-3.7180538646971844,e05_0,425.36184899692296,e05
1007,50.0,veh_022,413.1310081425627,-1.6,15.437124706043283,0.6371767892874782,e01_0,409.9310081425627,e01
1007,50.0,veh_023,1.6,408.30644169818885,14.600633491513623,-0.4452229246478563,e05_0,405.10644169818886,e05
1007,51.0,veh_000,820.7177606168158,-1.6,15.953799049947413,-0.030211440296842085,e12_0,320.71776061681584,e12
1007,51.0,veh_001,251.19377076578496,498.4,16.299225139091725,-0.3451231074146932,e54_0,247.99377076578497,e54
1007,51.0,veh_002,773.8478964993524,-1.6,15.609487459338228,-0.22678961986675894,e12_0,273.8478964993525,e12
1007,51.0,veh_003,199.899254609465,498.4,16.275377089129762,0.3176220475556324,e54_0,196.69925460946502,e54
1007,51.0,veh_004,749.324732364128,-1.6,15.901876082970839,-0.23034925834309838,e12_0,249.32473236412795,e12
1007,51.0,veh_005,120.78648567456274,498.4,15.246398394811342,-0.1414344572648396,e54_0,117.58648567456274,e54
1007,51.0,veh_006,722.502967014159,-1.6,16.302990823616277,-0.2369539224822077,e12_0,222.50296701415905,e12
1007,51.0,veh_007,80.44031876676746,498.4,16.231666714949537,-0.05139453714593856,e54_0,77.24031876676746,e54
1007,51.0,veh_008,691.1759694460826,-1.6,16.320800853050315,0.12674790068529518,e12_0,191.17596944608266,e12
1007,51.0,veh_009,28.382826976095814,498.4,9.868443424260466,2.472562725525348,e54_0,25.182826976095814,e54
1007,51.0,veh_010,657.6985032185028,-1.6,16.28520752595738,-0.26119084744713916,e12_0,157.6985032185028,e12
1007,51.0,veh_011,4.271083199415999,498.4,2.6467652707639706,-0.6008479899633676,e54_0,1.071083199415999,e54
1007,51.0,veh_012,602.3840076526454,-1.6,15.641300624576058,0.19201229085680005,e12_0,102.38400765264547,e12
1007,51.0,veh_013,1.6,489.79030332617253,2.9536559466645067,-1.3133792133915967,e05_0,486.59030332617255,e05
1007,51.0,veh_014,577.6858011289278,-1.6,15.539435587949303,0.14645515254525954,e12_0,77.68580112892779,e12
1007,51.0,veh_015,1.6,478.3256449811107,4.1635906271352106,-1.4027393293458026,e05_0,475.1256449811107,e05
1007,51.0,veh_016,552.9766651658701,-1.6,15.58684676712984,-0.38776111623330145,e12_0,52.97666516587013,e12
1007,51.0,veh_017,1.6,465.7160331222225,5.2374360866835366,-0.8941693459662821,e05_0,462.5160331222225,e05
1007,51.0,veh_018,519.4875695411955,-1.6,15.697612096145454,-0.5183067508181569,e12_0,19.487569541195526,e12
1007,51.0,veh_019,1.6,452.11622074873884,6.606241293988025,-1.6124398022392041,e05_0,448.91622074873885,e05
1007,51.0,veh_020,493.44032223975427,-1.6,16.037776218280197,-0.0473528264835501,e01_0,490.2403222397543,e01
1007,51.0,veh_021,1.6,436.6896010302187,8.127752033295755,-2.3242298105667842,e05_0,433.4896010302187,e05
1007,51.0,veh_022,427.82572410361513,-1.6,14.694715961052458,-0.7424087449908257,e01_0,424.62572410361514,e01
1007,51.0,veh_023,1.6,419.05408000317965,10.747638304990826,-3.852995186522797,e05_0,415.85408000317966,e05
1007,52.0,veh_000,837.302937348527,-1.6,16.585176731711254,0.6313776817638406,e12_0,337.3029373485271,e12
1007,52.0,veh_001,267.6840789200848,498.4,16.490308154299857,0.19108301520813242,e54_0,264.4840789200848,e54
1007,52.0,veh_002,789.6355973186603,-1.6,15.787700819307895,0.1782133599696678,e12_0,289.63559731866036,e12
1007,52.0,veh_003,216.1182064995378,498.4,16.218951890072788,-0.05642519905697441,e54_0,212.9182064995378,e54
1007,52.0,veh_004,765.2317798766378,-1.6,15.907047512509916,0.00517142953907701,e12_0,265.23177987663786,e12
1007,52.0,veh_005,135.8969067174478,498.4,15.110421042885074,-0.13597735192626814,e54_0,132.6969067174478,e54
1007,52.0,veh_006,738.8771117313486,-1.6,16.374144717189484,0.07115389357320723,e12_0,238.87711173134855,e12
1007,52.0,veh_007,96.71024472200808,498.4,16.269925955240616,0.03825924029107952,e54_0,93.51024472200808,e54
1007,52.0,veh_008,707.4474246477337,-1.6,16.271455201650973,-0.049345651399342216,e12_0,207.44742464773364,e12
1007,52.0,veh_009,40.53531020857465,498.4,12.152483232478833,2.284039808218367,e54_0,37.33531020857465,e54
1007,52.0,veh_010,673.6331064181728,-1.6,15.934603199670093,-0.3506043262872858,e12_0,173.63310641817287,e12
1007,52.0,veh_011,9.462287729095342,498.4,5.191204529679343,2.5444392589153724,e54_0,6.262287729095342,e54
1007,52.0,veh_012,618.3078090803428,-1.6,15.923801427697423,0.2825008031213656,e12_0,118.30780908034289,e12
1007,52.0,veh_013,1.6,492.93941849021024,3.1491151640377364,0.1954592173732297,e05_0,489.73941849021026,e05
1007,52.0,veh_014,593.6028546079574,-1.6,15.917053479029617,0.3776178910803143,e12_0,93.60285460795741,e12
1007,52.0,veh_015,1.6,481.580602093091,3.2549571119803016,-0.908633515154909,e05_0,478.380602093091,e05
1007,52.0,veh_016,568.2780277437748,-1.6,15.301362577904744,-0.28548418922509633,e12_0,68.27802774377487,e12
1007,52.0,veh_017,1.6,469.7766318619344,4.060598739711883,-1.176837346971654,e05_0,466.5766318619344,e05
1007,52.0,veh_018,535.519301916505,-1.6,16.03173237530951,0.33412027916405584,e12_0,35.519301916505036,e12
1007,52.0,veh_019,1.6,457.69310638106526,5.576885632326407,-1.0293556616616177,e05_0,454.4931063810653,e05
1007,52.0,veh_020,509.0663619092362,-1.6,15.72603966948196,-0.31173654879823687,e12_0,9.06636190923623,e12
1007,52.0,veh_021,1.6,443.82364321304186,7.134042182823188,-0.993709850472567,e05_0,440.6236432130419,e05
1007,52.0,veh_022,442.855494727929,-1.6,15.029770624313855,0.3350546632613973,e01_0,439.655494727929,e01
1007,52.0,veh_023,1.6,427.56091776007884,8.506837756899166,-2.2408005480916593,e05_0,424.36091776007885,e05
1007,53.0,veh_000,853.506709468011,-1.6,16.20377211948391,-0.38140461222734245,e12_0,353.506709468011,e12
1007,53.0,veh_001,283.58204652729614,498.4,15.897967607211323,-0.5923405470885346,e54_0,280.38204652729615,e54
1007,53.0,veh_002,805.8089066800128,-1.6,16.173309361352544,0.38560854204464867,e12_0,305.8089066800129,e12
1007,53.0,veh_003,232.11300419987398,498.4,15.994797700336205,-0.2241541897365824,e54_0,228.913004199874,e54
1007,53.0,veh_004,781.1545282607051,-1.6,15.922748384067352,0.015700871557436713,e12_0,281.1545282607052,e12
1007,53.0,veh_005,151.2183883158077,498.4,15.321481598359908,0.21106055547483393,e54_0,148.0183883158077,e54
1007,53.0,veh_006,754.9847519719611,-1.6,16.10764024061263,-0.2665044765768556,e12_0,254.98475197196117,e12
1007,53.0,veh_007,112.65734612918956,498.4,15.947101407181473,-0.3228245480591436,e54_0,109.45734612918956,e54
1007,53.0,veh_008,724.0487632034813,-1.6,16.601338555747645,0.3298833540966726,e12_0,224.0487632034813,e12
1007,53.0,veh_009,54.96014479198679,498.4,14.424834583412146,2.272351350933313,e54_0,51.76014479198679,e54
1007,53.0,veh_010,689.7310932993144,-1.6,16.09798688114155,0.16338368147145843,e12_0,189.7310932993144,e12
1007,53.0,veh_011,16.770288826964432,498.4,7.308001097869091,2.1167965681897476,e54_0,13.570288826964433,e54
1007,53.0,veh_012,633.8222408166861,-1.6,15.514431736343202,-0.40936969135422174,e12_0,133.8222408166861,e12
1007,53.0,veh_013,1.6,496.7169642996509,3.7775458094406495,0.6284306454029132,e05_0,493.5169642996509,e05
1007,53.0,veh_014,609.8187355719788,-1.6,16.21588096402144,0.29882748499182377,e12_0,109.81873557197885,e12
1007,53.0,veh_015,1.6,485.0484733181807,3.4678712250897084,0.21291411310940678,e05_0,481.8484733181807,e05
1007,53.0,veh_016,584.2221978253214,-1.6,15.944170081546526,0.642807503641782,e12_0,84.2221978253214,e12
1007,53.0,veh_017,1.6,474.07527428271226,4.298642420777852,0.23804368106596918,e05_0,470.87527428271227,e05
1007,53.0,veh_018,551.304377220212,-1.6,15.785075303706977,-0.2466570716025327,e12_0,51.30437722021201,e12
1007,53.0,veh_019,1.6,461.51403772872266,3.8209313476574107,-1.7559542846689964,e05_0,458.31403772872267,e05
1007,53.0,veh_020,525.114266271817,-1.6,16.04790436258074,0.32186469309878163,e12_0,25.114266271816973,e12
1007,53.0,veh_021,1.6,449.0390666702238,5.2154234571819265,-1.9186187256412612,e05_0,445.8390666702238,e05
1007,53.0,veh_022,458.22669483133706,-1.6,15.371200103408079,0.3414294790942236,e01_0,455.02669483133707,e01
1007,53.0,veh_023,1.6,435.3540092059045,7.793091445825647,-0.7137463110735194,e05_0,432.1540092059045,e05
1007,54.0,veh_000,869.9664437509376,-1.6,16.459734282926657,0.2559621634427458,e12_0,369.9664437509377,e12
1007,54.0,veh_001,299.63360306946265,498.4,16.05155654216651,0.15358893495518622,e54_0,296.43360306946266,e54
1007,54.0,veh_002,821.918902938932,-1.6,16.109996258919086,-0.06331310243345811,e12_0,321.918902938932,e12
1007,54.0,veh_003,248.60970239528675,498.4,16.49669819541276,0.5019004950765531,e54_0,245.40970239528676,e54
1007,54.0,veh_004,797.2359370529723,-1.6,16.08140879226722,0.15866040819986615,e12_0,297.2359370529724,e12
1007,54.0,veh_005,166.9142446553996,498.4,15.695856339591929,0.3743747412320211,e54_0,163.71424465539963,e54
1007,54.0,veh_006,770.9819593749738,-1.6,15.997207403012684,-0.11043283759994438,e12_0,270.9819593749739,e12
1007,54.0,veh_007,129.0882473316652,498.4,16.430901202475653,0.48379979529418016,e54_0,125.88824733166521,e54
1007,54.0,veh_008,740.0478091210825,-1.6,15.999045917601327,-0.6022926381463183,e12_0,240.04780912108262,e12
1007,54.0,veh_009,71.00966655726731,498.4,16.049521765280517,1.6246871818683708,e54_0,67.8096665572673,e54
1007,54.0,veh_010,705.9544424934825,-1.6,16.223349194168115,0.12536231302656375,e12_0,205.95444249348253,e12
1007,54.0,veh_011,26.28842750280776,498.4,9.518138675843328,2.210137577974238,e54_0,23.08842750280776,e54
1007,54.0,veh_012,649.6869899426451,-1.6,15.864749125959012,0.35031738961581027,e12_0,149.6869899426451,e12
1007,54.0,veh_013,4.206284222358245,498.4,3.6693199227073783,-0.10822588673327127,e54_0,1.0062842223582447,e54
1007,54.0,veh_014,625.4576253820017,-1.6,15.63888981002277,-0.5769911539986712,e12_0,125.45762538200162,e12
1007,54.0,veh_015,1.6,488.48349507318443,3.4350217550037074,-0.03284947008600092,e05_0,485.28349507318444,e05
1007,54.0,veh_016,600.7527546184318,-1.6,16.530556793110446,0.5863867115639199,e12_0,100.75275461843185,e12
1007,54.0,veh_017,1.6,476.97793592800355,2.902661645291302,-1.3959807754865499,e05_0,473.77793592800356,e05
1007,54.0,veh_018,567.1454196580864,-1.6,15.841042437874417,0.05596713416744059,e12_0,67.14541965808642,e12
1007,54.0,veh_019,1.6,465.5920704492178,4.07803272049514,0.2571013728377296,e05_0,462.3920704492178,e05
1007,54.0,veh_020,541.5259565647171,-1.6,16.411690292900218,0.3637859303194766,e12_0,41.52595656471719,e12
1007,54.0,veh_021,1.6,453.4048170300914,4.365750359867591,-0.8496730973143354,e05_0,450.2048170300914,e05
1007,54.0,veh_022,472.99808989644384,-1.6,14.771395065106804,-0.599805038301275,e01_0,469.79808989644386,e01
1007,54.0,veh_023,1.6,440.3577538070303,5.003744601125795,-2.7893468446998524,e05_0,437.1577538070303,e05
1007,55.0,veh_000,886.5884720190709,-1.6,16.622028268133292,0.16229398520663452,e12_0,386.588472019071,e12
1007,55.0,veh_001,315.57416466948746,498.4,15.940561600024814,-0.11099494214169425,e54_0,312.37416466948747,e54
1007,55.0,veh_002,837.5491136352929,-1.6,15.630210696360985,-0.4797855625581011,e12_0,337.54911363529294,e12
1007,55.0,veh_003,265.0523558711562,498.4,16.44265347586945,-0.05404471954330958,e54_0,261.8523558711562,e54
1007,55.0,veh_004,813.2617315461212,-1.6,16.02579449314877,-0.055614299118449395,e12_0,313.2617315461212,e12
1007,55.0,veh_005,181.87766810572373,498.4,14.963423450324127,-0.7324328892678018,e54_0,178.67766810572374,e54
1007,55.0,veh_006,787.2175435521624,-1.6,16.235584177188578,0.23837677417589376,e12_0,287.21754355216245,e12
1007,55.0,veh_007,145.59690882921714,498.4,16.508661497551948,0.07776029507629545,e54_0,142.39690882921715,e54
1007,55.0,veh_008,756.5886466194829,-1.6,16.54083749840036,0.5417915807990337,e12_0,256.588646619483,e12
1007,55.0,veh_009,87.38952653669939,498.4,16.379859979432076,0.33033821415155984,e54_0,84.18952653669939,e54
1007,55.0,veh_010,722.5542623642273,-1.6,16.599819870744835,0.3764706765767194,e12_0,222.55426236422736,e12
1007,55.0,veh_011,37.946379251085716,498.4,11.657951748277954,2.1398130724346256,e54_0,34.74637925108571,e54
1007,55.0,veh_012,665.5227470576298,-1.6,15.835757114984688,-0.028992010974324245,e12_0,165.5227470576298,e12
1007,55.0,veh_013,10.147690536970945,498.4,5.941406314612701,2.2720863919053227,e54_0,6.947690536970946,e54
1007,55.0,veh_014,641.2208563020656,-1.6,15.763230920064082,0.12434111004131232,e12_0,141.2208563020657,e12
1007,55.0,veh_015,1.6,492.50821794886457,4.024722875680134,0.5897011206764269,e05_0,489.3082179488646,e05
1007,55.0,veh_016,616.4057648894517,-1.6,15.653010271019829,-0.8775465220906167,e12_0,116.40576488945167,e12
1007,55.0,veh_017,1.6,480.79837985030565,3.820443922302128,0.9177822770108262,e05_0,477.59837985030566,e05
1007,55.0,veh_018,583.5314549618809,-1.6,16.386035303794483,0.5449928659200651,e12_0,83.53145496188091,e12
1007,55.0,veh_019,1.6,469.30420248986286,3.712132040645062,-0.36590067985007835,e05_0,466.10420248986287,e05
1007,55.0,veh_020,557.707930545663,-1.6,16.181973980945774,-0.2297163119544443,e12_0,57.70793054566296,e12
1007,55.0,veh_021,1.6,457.402954963619,3.9981379335275746,-0.36761242634001645,e05_0,454.202954963619,e05
1007,55.0,veh_022,487.9874214221127,-1.6,14.989331525668854,0.21793646056205063,e01_0,484.7874214221127,e01
1007,55.0,veh_023,1.6,444.69564144341564,4.337887636385374,-0.6658569647404207,e05_0,441.49564144341565,e05
1007,56.0,veh_000,903.23378309601,-1.6,16.64531107693911,0.023282808805817012,e12_0,403.2337830960101,e12
1007,56.0,veh_001,331.5297131400014,498.4,15.955548470513897,0.014986870489082094,e54_0,328.3297131400014,e54
1007,56.0,veh_002,853.1749747780875,-1.6,15.625861142794559,-0.004349553566425968,e12_0,353.1749747780875,e12
1007,56.0,veh_003,281.4712803719168,498.4,16.418924500760625,-0.023728975108824102,e54_0,278.2712803719168,e54
1007,56.0,veh_004,828.9537553269963,-1.6,15.692023780875152,-0.3337707122736173,e12_0,328.9537553269964,e12
1007,56.0,veh_005,197.18675032123627,498.4,15.309082215512547,0.34565876518841954,e54_0,193.9867503212363,e54
1007,56.0,veh_006,803.7324379393061,-1.6,16.51489438714374,0.2793102099551632,e12_0,303.7324379393062,e12
1007,56.0,veh_007,162.00774184819807,498.4,16.410833018980924,-0.09782847857102439,e54_0,158.80774184819808,e54
1007,56.0,veh_008,772.6124902763311,-1.6,16.023843656848186,-0.5169938415521749,e12_0,272.6124902763312,e12
1007,56.0,veh_009,103.66496698337794,498.4,16.27544044667855,-0.10441953275352489,e54_0,100.46496698337793,e54
1007,56.0,veh_010,738.8142680824362,-1.6,16.260005718208852,-0.33981415253598257,e12_0,238.8142680824362,e12
1007,56.0,veh_011,51.79699061849759,498.4,13.850611367411872,2.1926596191339183,e54_0,48.596990618497586,e54
1007,56.0,veh_012,681.1761188725146,-1.6,15.653371814884839,-0.182385300099849,e12_0,181.17611887251465,e12
1007,56.0,veh_013,18.233778495171183,498.4,8.086087958200238,2.1446816435875373,e54_0,15.033778495171184,e54
1007,56.0,veh_014,656.7648482102029,-1.6,15.54399190813723,-0.21923901192685236,e12_0,156.76484821020293,e12
1007,56.0,veh_015,1.6,496.1705970622692,3.662379113404668,-0.3623437622754664,e05_0,492.97059706226923,e05
1007,56.0,veh_016,632.542477048843,-1.6,16.136712159391337,0.48370188837150785,e12_0,132.542477048843,e12
1007,56.0,veh_017,1.6,484.6401334649505,3.841753614644841,0.02130969234271296,e05_0,481.4401334649505,e05
1007,56.0,veh_018,599.1500150576779,-1.6,15.618560095796997,-0.7674752079974851,e12_0,99.1500150576779,e12
1007,56.0,veh_019,1.6,473.1643414492514,3.8601389593885727,0.14800691874351068,e05_0,469.96434144925144,e05
1007,56.0,veh_020,573.9951120866792,-1.6,16.287181541016327,0.10520756007055354,e12_0,73.99511208667928,e12
1007,56.0,veh_021,1.6,461.23223045773494,3.829275494115976,-0.1688624394115985,e05_0,458.03223045773495,e05
1007,56.0,veh_022,502.98901098159917,-1.6,15.101589559486488,0.11225803381763377,e12_0,2.9890109815991877,e12
1007,56.0,veh_023,1.6,449.1251150711976,4.4294736277819595,0.09158599139658552,e05_0,445.92511507119764,e05
1007,57.0,veh_000,919.3050758682147,-1.6,16.071292772204618,-0.5740183047344907,e12_0,419.3050758682147,e12
1007,57.0,veh_001,347.6261203184275,498.4,16.096407178426162,0.1408587079122654,e54_0,344.42612031842754,e54
1007,57.0,veh_002,869.2832405323559,-1.6,16.108265754268462,0.48240461147390334,e12_0,369.283240532356,e12
1007,57.0,veh_003,298.0535266647184,498.4,16.582246292801575,0.16332179204095,e54_0,294.8535266647184,e54
1007,57.0,veh_004,844.2467540191474,-1.6,15.2929986921511,-0.39902508872405207,e12_0,344.2467540191475,e12
1007,57.0,veh_005,212.1838755584622,498.4,14.99712523722593,-0.3119569782866165,e54_0,208.98387555846222,e54
1007,57.0,veh_006,819.3000020485911,-1.6,15.567564109284934,-0.9473302778588071,e12_0,319.3000020485911,e12
1007,57.0,veh_007,178.071692290651,498.4,16.063950442452917,-0.3468825765280066,e54_0,174.871692290651,e54
1007,57.0,veh_008,788.7310204036302,-1.6,16.11853012729902,0.094686470450835,e12_0,288.7310204036302,e12
1007,57.0,veh_009,120.0981941635646,498.4,16.433227180186663,0.1577867335081109,e54_0,116.8981941635646,e54
1007,57.0,veh_010,755.074616224342,-1.6,16.260348141905855,0.0003424236970026584,e12_0,255.07461622434207,e12
1007,57.0,veh_011,65.71716790607495,498.4,13.920177287577364,0.06956592016549124,e54_0,62.517167906074945,e54
1007,57.0,veh_012,696.626929144379,-1.6,15.450810271864418,-0.20256154302042084,e12_0,196.62692914437906,e12
1007,57.0,veh_013,28.494565882756785,498.4,10.260787387585601,2.174699429385363,e54_0,25.294565882756785,e54
1007,57.0,veh_014,672.0660520620839,-1.6,15.301203851881017,-0.24278805625621303,e12_0,172.06605206208394,e12
1007,57.0,veh_015,3.938831924057065,498.4,3.9482348617878555,0.2858557483831876,e54_0,0.7388319240570649,e54
1007,57.0,veh_016,648.190333290143,-1.6,15.647856241300033,-0.48885591809130347,e12_0,148.19033329014303,e12
1007,57.0,veh_017,1.6,488.6254733548602,3.9853398899096977,0.14358627526485668,e05_0,485.42547335486023,e05
1007,57.0,veh_018,614.9053447251983,-1.6,15.755329667520416,0.13676957172341808,e12_0,114.90534472519832,e12
1007,57.0,veh_019,1.6,477.1131073369369,3.9487658876854668,0.08862692829689411,e05_0,473.9131073369369,e05
1007,57.0,veh_020,590.0642342804663,-1.6,16.069122193787045,-0.218059347229282,e12_0,90.06423428046634,e12
1007,57.0,veh_021,1.6,465.38335887069724,4.15112841296229,0.32185291884631395,e05_0,462.18335887069725,e05
1007,57.0,veh_022,517.9886843530375,-1.6,14.99967337143829,-0.10191618804819846,e12_0,17.988684353037478,e12
1007,57.0,veh_023,1.6,453.55938557116326,4.4342704999656615,0.00479687218370195,e05_0,450.3593855711633,e05
1007,58.0,veh_000,935.7229970022061,-1.6,16.41792113399133,0.3466283617867134,e12_0,435.72299700220606,e12
1007,58.0,veh_001,364.17771366305357,498.4,16.551593344626017,0.4551861661998551,e54_0,360.9777136630536,e54
1007,58.0,veh_002,884.9529496830586,-1.6,15.66970915070265,-0.4385566035658126,e12_0,384.95294968305865,e12
1007,58.0,veh_003,314.67541417510466,498.4,16.621887510386298,0.039641217584723165,e54_0,311.4754141751047,e54
1007,58.0,veh_004,860.2076679657375,-1.6,15.960913946590097,0.6679152544389968,e12_0,360.2076679657376,e12
1007,58.0,veh_005,227.3049456426945,498.4,15.12107008423228,0.12394484700634933,e54_0,224.1049456426945,e54
1007,58.0,veh_006,834.860740585371,-1.6,15.560738536779906,-0.006825572505027466,e12_0,334.86074058537105,e12
1007,58.0,veh_007,194.15004757187825,498.4,16.07835528122727,0.014404838774353834,e54_0,190.95004757187826,e54
1007,58.0,veh_008,804.7208313011658,-1.6,15.989810897535646,-0.1287192297633748,e12_0,304.72083130116584,e12
1007,58.0,veh_009,136.14809634782094,498.4,16.049902184256354,-0.3833249959303089,e54_0,132.94809634782095,e54
1007,58.0,veh_010,771.0927801810437,-1.6,16.018163956701756,-0.24218418520409912,e12_0,271.09278018104385,e12
1007,58.0,veh_011,79.84848157278715,498.4,14.131313666712204,0.21113637913484062,e54_0,76.64848157278715,e54
1007,58.0,veh_012,712.6171135185509,-1.6,15.990184374171902,0.5393741023074838,e12_0,212.61711351855095,e12
1007,58.0,veh_013,41.02393506014887,498.4,12.529369177392086,2.2685817898064844,e54_0,37.82393506014887,e54
1007,58.0,veh_014,687.7363314988678,-1.6,15.670279436783927,0.3690755849029106,e12_0,187.73633149886786,e12
1007,58.0,veh_015,10.108219486561552,498.4,6.169387562504486,2.2211527007166305,e54_0,6.908219486561551,e54
1007,58.0,veh_016,663.1008771107902,-1.6,14.91054382064718,-0.7373124206528541,e12_0,163.1008771107902,e12
1007,58.0,veh_017,1.6,491.8992391247465,3.273765769886285,-0.7115741200234127,e05_0,488.6992391247465,e05
1007,58.0,veh_018,630.8910244738245,-1.6,15.985679748626131,0.23035008110571553,e12_0,130.89102447382444,e12
1007,58.0,veh_019,1.6,480.6215248408979,3.508417503961012,-0.4403483837244546,e05_0,477.4215248408979,e05
1007,58.0,veh_020,605.5842124529432,-1.6,15.519978172476875,-0.5491440213101697,e12_0,105.5842124529432,e12
1007,58.0,veh_021,1.6,469.39127310654743,4.007914235850195,-0.14321417711209516,e05_0,466.19127310654744,e05
1007,58.0,veh_022,533.3056581807584,-1.6,15.316973827720972,0.3173004562826822,e12_0,33.30565818075845,e12
1007,58.0,veh_023,1.6,457.7473684650986,4.187982893935319,-0.24628760603034205,e05_0,454.5473684650986,e05
1007,59.0,veh_000,951.6141682830967,-1.6,15.891171280890704,-0.5267498531006272,e12_0,451.6141682830968,e12
1007,59.0,veh_001,380.2968530263862,498.4,16.119139363332653,-0.43245398129336365,e54_0,377.0968530263862,e54
1007,59.0,veh_002,901.042584298274,-1.6,16.08963461521543,0.41992546451278123,e12_0,401.04258429827405,e12
1007,59.0,veh_003,331.0761894871363,498.4,16.40077531203162,-0.2211121983546782,e54_0,327.8761894871363,e54
1007,59.0,veh_004,876.1105124888501,-1.6,15.902844523112527,-0.05806942347756916,e12_0,376.11051248885013,e12
1007,59.0,veh_005,242.81203414692826,498.4,15.507088504233772,0.3860184200014931,e54_0,239.61203414692827,e54
1007,59.0,veh_006,850.778462072916,-1.6,15.917721487545029,0.3569829507651221,e12_0,350.77846207291606,e12
1007,59.0,veh_007,210.73349338196715,498.4,16.58344581008889,0.5050905288616185,e54_0,207.53349338196716,e54
1007,59.0,veh_008,820.61096329052,-1.6,15.89013198935427,-0.09967890818137626,e12_0,320.6109632905201,e12
1007,59.0,veh_009,152.6470580797894,498.4,16.49896173196845,0.4490595477120962,e54_0,149.4470580797894,e54
1007,59.0,veh_010,787.1612389277946,-1.6,16.068458746750842,0.05029479004908666,e12_0,287.16123892779467,e12
1007,59.0,veh_011,94.4385928290212,498.4,14.59011125623406,0.4587975895218559,e54_0,91.2385928290212,e54
1007,59.0,veh_012,728.1973187908097,-1.6,15.580205272258851,-0.4099791019130503,e12_0,228.1973187908098,e12
1007,59.0,veh_013,55.72976953880783,498.4,14.705834478658957,2.1764653012668713,e54_0,52.52976953880783,e54
1007,59.0,veh_014,704.0288681662055,-1.6,16.292536667337604,0.6222572305536769,e12_0,204.02886816620546,e12
1007,59.0,veh_015,18.74028133565041,498.4,8.632061849088856,2.4626742865843703,e54_0,15.540281335650407,e54
1007,59.0,veh_016,679.0276673731311,-1.6,15.926790262340917,1.0162464416937382,e12_0,179.02766737313112,e12
1007,59.0,veh_017,1.6,496.3168540416425,4.417614916896034,1.1438491470097492,e05_0,493.1168540416425,e05
1007,59.0,veh_018,646.7551523123519,-1.6,15.864127838527489,-0.12155191009864197,e12_0,146.75515231235192,e12
1007,59.0,veh_019,1.6,484.0154897014643,3.393964860566361,-0.11445264339465133,e05_0,480.8154897014643,e05
1007,59.0,veh_020,621.4771988415714,-1.6,15.892986388628186,0.37300821615131063,e12_0,121.4771988415714,e12
1007,59.0,veh_021,1.6,473.0757972763181,3.6845241697706674,-0.32339006607952747,e05_0,469.8757972763181,e05
1007,59.0,veh_022,548.4914495797087,-1.6,15.185791398950274,-0.13118242877069797,e12_0,48.49144957970872,e12
1007,59.0,veh_023,1.6,461.6300390014913,3.8826705363926894,-0.30531235754263,e05_0,458.4300390014913,e05
1007,60.0,veh_000,967.8748517449249,-1.6,16.260683461828158,0.36951218093745375,e12_0,467.8748517449249,e12
1007,60.0,veh_001,396.2474429737188,498.4,15.95058994733263,-0.16854941600002427,e54_0,393.04744297371883,e54
1007,60.0,veh_002,917.1910733570508,-1.6,16.148489058776715,0.05885444356128389,e12_0,417.19107335705075,e12
1007,60.0,veh_003,347.3604372807102,498.4,16.284247793573886,-0.11652751845773324,e54_0,344.1604372807102,e54
1007,60.0,veh_004,892.3876785337789,-1.6,16.277166044928755,0.3743215218162277,e12_0,392.3876785337789,e12
1007,60.0,veh_005,257.98698359979636,498.4,15.174949452868105,-0.332139051365667,e54_0,254.78698359979637,e54
1007,60.0,veh_006,866.9267448893044,-1.6,16.14828281638836,0.23056132884333103,e12_0,366.9267448893044,e12
1007,60.0,veh_007,227.1087158890258,498.4,16.375222507058645,-0.20822330303024472,e54_0,223.9087158890258,e54
1007,60.0,veh_008,837.0859620210808,-1.6,16.474998730560767,0.584866741206497,e12_0,337.08596202108083,e12
1007,60.0,veh_009,168.634958772745,498.4,15.987900692955593,-0.5110610390128567,e54_0,165.434958772745,e54
1007,60.0,veh_010,803.6287345948955,-1.6,16.467495667100884,0.3990369203500421,e12_0,303.62873459489555,e12
1007,60.0,veh_011,108.88971620388165,498.4,14.451123374860446,-0.13898788137361429,e54_0,105.68971620388164,e54
1007,60.0,veh_012,744.0746434837981,-1.6,15.877324692988429,0.29711942072957775,e12_0,244.0746434837982,e12
1007,60.0,veh_013,72.17777728799187,498.4,16.448007749184036,1.742173270525079,e54_0,68.97777728799187,e54
1007,60.0,veh_014,719.6218213581642,-1.6,15.592953191958719,-0.6995834753788852,e12_0,219.62182135816417,e12
1007,60.0,veh_015,29.322736834637734,498.4,10.582455498987326,1.9503936498984693,e54_0,26.122736834637735,e54
1007,60.0,veh_016,695.5056281179022,-1.6,16.477960744771124,0.5511704824302068,e12_0,195.50562811790223,e12
1007,60.0,veh_017,3.489248763721146,498.4,3.352394722078666,-1.065220194817368,e54_0,0.2892487637211456,e54
1007,60.0,veh_018,662.6186169831103,-1.6,15.8634646707584,-0.0006631677690887017,e12_0,162.61861698311031,e12
1007,60.0,veh_019,1.6,488.3867314492187,4.371241747754404,0.9772768871880428,e05_0,485.1867314492187,e05
1007,60.0,veh_020,637.4197538398826,-1.6,15.942554998311232,0.049568609683046105,e12_0,137.41975383988262,e12
1007,60.0,veh_021,1.6,475.73655301984815,2.660755743530057,-1.0237684262406104,e05_0,472.53655301984816,e05
1007,60.0,veh_022,563.9395868483678,-1.6,15.44813726865908,0.26234586970880613,e12_0,63.9395868483678,e12
1007,60.0,veh_023,1.6,464.889236499778,3.259197498286723,-0.6234730381059665,e05_0,461.689236499778,e05
1007,61.0,veh_000,982.4511585414903,-1.6,14.57630679656545,-1.6843766652627075,e12_0,482.4511585414904,e12
1007,61.0,veh_001,412.25549654083494,498.4,16.00805356711615,0.05746361978352077,e54_0,409.05549654083495,e54
1007,61.0,veh_002,933.3057884341547,-1.6,16.114715077104005,-0.0337739816727094,e12_0,433.30578843415475,e12
1007,61.0,veh_003,363.67863246480687,498.4,16.318195184096695,0.03394739052280826,e54_0,360.4786324648069,e54
1007,61.0,veh_004,908.592916740308,-1.6,16.205238206529273,-0.07192783839948191,e12_0,408.59291674030817,e12
1007,61.0,veh_005,273.152658268459,498.4,15.165674668662625,-0.009274784205480557,e54_0,269.952658268459,e54
1007,61.0,veh_006,882.9552983157237,-1.6,16.028553426419386,-0.11972938996897398,e12_0,382.9552983157238,e12
1007,61.0,veh_007,243.6967874770289,498.4,16.58807158800308,0.21284908094443367,e54_0,240.4967874770289,e54
1007,61.0,veh_008,853.0727393184277,-1.6,15.986777297346855,-0.4882214332139121,e12_0,353.0727393184277,e12
1007,61.0,veh_009,184.71906535430534,498.4,16.084106581560338,0.09620588860474477,e54_0,181.51906535430535,e54
1007,61.0,veh_010,820.2193686818378,-1.6,16.590634086942302,0.1231384198414176,e12_0,320.21936868183786,e12
1007,61.0,veh_011,122.72945203792763,498.4,13.839735834045978,-0.6113875408144676,e54_0,119.52945203792763,e54
1007,61.0,veh_012,759.8702958235776,-1.6,15.795652339779434,-0.08167235320899557,e12_0,259.87029582357764,e12
1007,61.0,veh_013,88.08983839719478,498.4,15.912061109202916,-0.5359466399811197,e54_0,84.88983839719478,e54
1007,61.0,veh_014,735.7324905487196,-1.6,16.110669190555523,0.5177159985968043,e12_0,235.73249054871968,e12
1007,61.0,veh_015,42.04090090438946,498.4,12.718164069751726,2.1357085707644003,e54_0,38.84090090438946,e54
1007,61.0,veh_016,711.0657725541108,-1.6,15.560144436208637,-0.9178163085624877,e12_0,211.06577255411088,e12
1007,61.0,veh_017,9.293245972721287,498.4,5.803997209000141,2.4516024869214745,e54_0,6.093245972721286,e54
1007,61.0,veh_018,678.9945985736948,-1.6,16.37598159058456,0.5125169198261581,e12_0,178.99459857369487,e12
1007,61.0,veh_019,1.6,491.87269207099797,3.4859606217792716,-0.8852811259751321,e05_0,488.672692070998,e05
1007,61.0,veh_020,653.0174154280585,-1.6,15.597661588175857,-0.34489341013537533,e12_0,153.01741542805848,e12
1007,61.0,veh_021,1.6,480.20202072846365,4.46546770861549,1.804711965085433,e05_0,477.00202072846366,e05
1007,61.0,veh_022,579.2826668851965,-1.6,15.343080036828647,-0.10505723183043258,e12_0,79.28266688519645,e12
1007,61.0,veh_023,1.6,467.8849520451347,2.9957155453566853,-0.2634819529300376,e05_0,464.6849520451347,e05
1007,62.0,veh_000,992.9141685286311,-1.6,10.463009987140804,-4.1132968094246465,e12_0,492.9141685286312,e12
1007,62.0,veh_001,428.5883981327077,498.4,16.332901591872798,0.32484802475664765,e54_0,425.3883981327077,e54
1007,62.0,veh_002,949.1545100108788,-1.6,15.84872157672416,-0.2659935003798459,e12_0,449.1545100108789,e12
1007,62.0,veh_003,379.83453419816897,498.4,16.155901733362118,-0.1622934507345768,e54_0,376.634534198169,e54
1007,62.0,veh_004,924.9215837943156,-1.6,16.328667054007447,0.12342884747817351,e12_0,424.9215837943156,e12
1007,62.0,veh_005,288.7032071383523,498.4,15.55054886989333,0.3848742012307049,e54_0,285.5032071383523,e54
1007,62.0,veh_006,899.5164745984779,-1.6,16.561176282754168,0.5326228563347826,e12_0,399.51647459847794,e12
1007,62.0,veh_007,259.71971207421774,498.4,16.022924597188833,-0.5651469908142452,e54_0,256.51971207421775,e54
1007,62.0,veh_008,869.1276868062932,-1.6,16.054947487865576,0.06817019051872109,e12_0,369.12768680629324,e12
1007,62.0,veh_009,200.83022622539386,498.4,16.111160871088508,0.027054289528170017,e54_0,197.63022622539387,e54
1007,62.0,veh_010,836.7775297158817,-1.6,16.55816103404388,-0.03247305289842117,e12_0,336.77752971588177,e12
1007,62.0,veh_011,136.95932927697115,498.4,14.229877239043535,0.3901414049975571,e54_0,133.75932927697116,e54
1007,62.0,veh_012,775.9436261705052,-1.6,16.07333034692764,0.27767800714820723,e12_0,275.9436261705053,e12
1007,62.0,veh_013,104.17979825337805,498.4,16.08995985618327,0.1778987469803539,e54_0,100.97979825337805,e54
1007,62.0,veh_014,751.1543599400839,-1.6,15.42186939136421,-0.6887997991913135,e12_0,251.15435994008388,e12
1007,62.0,veh_015,57.28515087672869,498.4,15.244249972339237,2.5260859025875106,e54_0,54.08515087672869,e54
1007,62.0,veh_016,726.9620566335004,-1.6,15.896284079389632,0.33613964318099576,e12_0,226.9620566335005,e12
1007,62.0,veh_017,17.238412710272826,498.4,7.94516673755154,2.1411695285513996,e54_0,14.038412710272826,e54
1007,62.0,veh_018,694.721307737717,-1.6,15.726709164022173,-0.6492724265623853,e12_0,194.72130773771704,e12
1007,62.0,veh_019,1.6,496.3893449187884,4.516652847790451,1.0306922260111793,e05_0,493.18934491878844,e05
1007,62.0,veh_020,669.2814751298858,-1.6,16.264059701827357,0.6663981136514998,e12_0,169.28147512988585,e12
1007,62.0,veh_021,1.6,483.9340549171853,3.7320341887216353,-0.7334335198938549,e05_0,480.7340549171853,e05
1007,62.0,veh_022,594.7080363311223,-1.6,15.42536944592593,0.08228940909728344,e12_0,94.70803633112237,e12
1007,62.0,veh_023,1.6,472.28047414027986,4.39552209514515,1.3998065497884649,e05_0,469.0804741402799,e05
1007,63.0,veh_000,998.9133757926163,-1.2919745244302132,6.022416018212944,-4.44059396892786,:n2_1_0,2.1365845468441194,:n2_1
1007,63.0,veh_001,444.59917843423483,498.4,16.01078030152712,-0.3221212903456774,e54_0,441.39917843423484,e54
1007,63.0,veh_002,964.9101486453715,-1.6,15.7556386344926,-0.09308294223155933,e12_0,464.91014864537146,e12
1007,63.0,veh_003,396.2074511269874,498.4,16.37291692881845,0.21701519545633374,e54_0,393.0074511269874,e54
1007,63.0,veh_004,940.2580809020519,-1.6,15.336497107736283,-0.9921699462711633,e12_0,440.2580809020519,e12
1007,63.0,veh_005,304.01630822214264,498.4,15.313101083790327,-0.23744778610300266,e54_0,300.81630822214265,e54
1007,63.0,veh_006,915.6439271692227,-1.6,16.127452570744794,-0.43372371200937465,e12_0,415.6439271692227,e12
1007,63.0,veh_007,275.91319618541314,498.4,16.19348411119543,0.17055951400659808,e54_0,272.71319618541315,e54
1007,63.0,veh_008,885.780731636854,-1.6,16.653044830560685,0.5980973426951088,e12_0,385.78073163685394,e12
1007,63.0,veh_009,217.28515537444227,498.4,16.454929149048404,0.34376827795989584,e54_0,214.08515537444228,e54
1007,63.0,veh_010,852.6979291951797,-1.6,15.920399479297922,-0.6377615547459587,e12_0,352.6979291951797,e12
1007,63.0,veh_011,150.83988917174125,498.4,13.880559894770096,-0.3493173442734392,e54_0,147.63988917174126,e54
1007,63.0,veh_012,791.8829168459094,-1.6,15.939290675404143,-0.13403967152349772,e12_0,291.88291684590945,e12
1007,63.0,veh_013,120.52249329327063,498.4,16.342695039892572,0.2527351837093015,e54_0,117.32249329327063,e54
1007,63.0,veh_014,767.0850904639011,-1.6,15.93073052381729,0.508861132453081,e12_0,267.08509046390117,e12
1007,63.0,veh_015,73.42574526267487,498.4,16.140594385946173,0.8963444136069363,e54_0,70.22574526267486,e54
1007,63.0,veh_016,742.0761771970317,-1.6,15.114120563531198,-0.7821635158584339,e12_0,242.0761771970317,e12
1007,63.0,veh_017,27.274679398830838,498.4,10.036266688558012,2.0910999510064716,e54_0,24.07467939883084,e54
1007,63.0,veh_018,710.9209531792964,-1.6,16.19964544157934,0.4729362775571655,e12_0,210.9209531792964,e12
1007,63.0,veh_019,3.8963338573249144,498.4,3.686988938536495,-0.8296639092539557,e54_0,0.6963338573249143,e54
1007,63.0,veh_020,685.3381755947006,-1.6,16.05670046481476,-0.2073592370125965,e12_0,185.3381755947006,e12
1007,63.0,veh_021,1.6,488.2275602170345,4.293505299849267,0.5614711111276316,e05_0,485.02756021703453,e05
1007,63.0,veh_022,609.4248565209051,-1.6,14.716820189782771,-0.7085492561431597,e12_0,109.42485652090514,e12
1007,63.0,veh_023,1.6,476.0665719716723,3.786097831392434,-0.6094242637527163,e05_0,472.86657197167233,e05
1007,64.0,veh_000,1001.6,3.6721516469599704,6.07556710011585,0.053151081902906405,e23_0,0.47215164695997025,e23
1007,64.0,veh_001,460.64838994275476,498.4,16.04921150851995,0.0384312069928292,e54_0,457.4483899427548,e54
1007,64.0,veh_002,978.4024031959832,-1.6,13.492254550611865,-2.2633840838807355,e12_0,478.4024031959833,e12
1007,64.0,veh_003,412.74270824024666,498.4,16.535257113259288,0.1623401844408363,e54_0,409.54270824024667,e54
1007,64.0,veh_004,955.7145951704376,-1.6,15.456514268385796,0.12001716064951218,e12_0,455.7145951704377,e12
1007,64.0,veh_005,319.4990045079496,498.4,15.48269628580697,0.1695952020166427,e54_0,316.29900450794963,e54
1007,64.0,veh_006,930.7446001780294,-1.6,15.100673008806744,-1.0267795619380493,e12_0,430.74460017802943,e12
1007,64.0,veh_007,291.9981838480448,498.4,16.08498766263167,-0.10849644856376273,e54_0,288.7981838480448,e54
1007,64.0,veh_008,902.17214430423,-1.6,16.39141266737599,-0.26163216318469296,e12_0,402.17214430422996,e12
1007,64.0,veh_009,233.46826119134394,498.4,16.183105816901662,-0.2718233321467416,e54_0,230.26826119134395,e54
1007,64.0,veh_010,868.9188306222903,-1.6,16.220901427110658,0.30050194781273554,e12_0,368.9188306222904,e12
1007,64.0,veh_011,164.8249905765755,498.4,13.98510140483425,0.1045415100641538,e54_0,161.6249905765755,e54
1007,64.0,veh_012,807.8767609402088,-1.6,15.993844094299373,0.05455341889522991,e12_0,307.87676094020884,e12
1007,64.0,veh_013,136.34385872985862,498.4,15.821365436587998,-0.521329603304574,e54_0,133.14385872985864,e54
1007,64.0,veh_014,782.8328267500385,-1.6,15.747736286137439,-0.18299423767985168,e12_0,282.83282675003863,e12
1007,64.0,veh_015,89.78554092595249,498.4,16.35979566327762,0.21920127733144668,e54_0,86.58554092595249,e54
1007,64.0,veh_016,758.2628837758494,-1.6,16.18670657881777,1.0725860152865714,e12_0,258.2628837758495,e12
1007,64.0,veh_017,39.33356271190436,498.4,12.058883313073515,2.0226166245155035,e54_0,36.133562711904354,e54
1007,64.0,veh_018,727.2219565576743,-1.6,16.30100337837793,0.10135793679859262,e12_0,227.22195655767433,e12
1007,64.0,veh_019,10.005615936516794,498.4,6.109282079191879,2.422293140655384,e54_0,6.805615936516793,e54
1007,64.0,veh_020,701.5589645878142,-1.6,16.220788993113676,0.1640885282989153,e12_0,201.55896458781427,e12
1007,64.0,veh_021,1.6,491.82011658159365,3.5925563645591376,-0.7009489352901292,e05_0,488.62011658159366,e05
1007,64.0,veh_022,624.4051736161833,-1.6,14.980317095278183,0.26349690549541194,e12_0,124.40517361618332,e12
1007,64.0,veh_023,1.6,480.2783501361847,4.2117781645123715,0.4256803331199377,e05_0,477.0783501361847,e05
1007,65.0,veh_000,1001.6,11.842519584725785,8.170367937765814,2.094800837649964,e23_0,8.642519584725784,e23
1007,65.0,veh_001,476.8174965310532,498.4,16.169106588298458,0.11989507977850877,e54_0,473.61749653105323,e54
1007,65.0,veh_002,989.4028764959074,-1.6,11.000473299924174,-2.4917812506876906,e12_0,489.4028764959075,e12
1007,65.0,veh_003,428.9435843600354,498.4,16.200876119788738,-0.3343809934705497,e54_0,425.7435843600354,e54
1007,65.0,veh_004,969.4060117847074,-1.6,13.691416614269782,-1.7650976541160137,e12_0,469.40601178470746,e12
1007,65.0,veh_005,335.1428824160345,498.4,15.643877908084916,0.16118162227794564,e54_0,331.94288241603454,e54
1007,65.0,veh_006,946.142665339155,-1.6,15.39806516112552,0.2973921523187766,e12_0,446.142665339155,e12
1007,65.0,veh_007,307.8536187716779,498.4,15.855434923633071,-0.2295527389985974,e54_0,304.6536187716779,e54
1007,65.0,veh_008,918.5119868467283,-1.6,16.339842542498403,-0.05157012487758905,e12_0,418.51198684672835,e12
1007,65.0,veh_009,249.59540809764718,498.4,16.127146906303242,-0.055958910598420175,e54_0,246.3954080976472,e54
1007,65.0,veh_010,885.1863920304786,-1.6,16.267561408188197,0.046659981077539214,e12_0,385.1863920304786,e12
1007,65.0,veh_011,178.68115096481208,498.4,13.856160388236576,-0.12894101659767365,e54_0,175.4811509648121,e54
1007,65.0,veh_012,823.4375010932436,-1.6,15.56074015303481,-0.4331039412645623,e12_0,323.43750109324367,e12
1007,65.0,veh_013,151.62227572793518,498.4,15.27841699807656,-0.5429484385114378,e54_0,148.4222757279352,e54
1007,65.0,veh_014,799.1835854681369,-1.6,16.350758718098334,0.6030224319608948,e12_0,299.183585468137,e12
1007,65.0,veh_015,106.07063504467614,498.4,16.28509411872365,-0.07470154455397093,e54_0,102.87063504467613,e54
1007,65.0,veh_016,773.743045990538,-1.6,15.480162214688589,-0.7065443641291811,e12_0,273.74304599053806,e12
1007,65.0,veh_017,53.931341908808136,498.4,14.59777919690378,2.538895883830264,e54_0,50.73134190880813,e54
1007,65.0,veh_018,743.0076212612918,-1.6,15.78566470361751,-0.5153386747604216,e12_0,243.00762126129183,e12
1007,65.0,veh_019,18.329582612245353,498.4,8.323966675728562,2.2146845965366824,e54_0,15.129582612245354,e54
1007,65.0,veh_020,717.7699204641125,-1.6,16.21095587629825,-0.009833116815425313,e12_0,217.76992046411252,e12
1007,65.0,veh_021,1.6,496.29154712777586,4.471430546182207,0.8788741816230692,e05_0,493.09154712777587,e05
1007,65.0,veh_022,639.1937279198968,-1.6,14.788554303713495,-0.19176279156468823,e12_0,139.19372791989682,e12
1007,65.0,veh_023,1.6,484.22021823706945,3.941868100884734,-0.2699100636276377,e05_0,481.02021823706946,e05
1007,66.0,veh_000,1001.6,22.281407292291494,10.438887707565708,2.2685197697998944,e23_0,19.081407292291495,e23
1007,66.0,veh_001,493.2758614578906,498.4,16.458364926837387,0.2892583385389287,e54_0,490.0758614578906,e54
1007,66.0,veh_002,996.696515347315,-1.6,7.293638851407518,-3.7068344485166556,e12_0,496.696515347315,e12
1007,66.0,veh_003,445.3342582437417,498.4,16.390673883706334,0.18979776391759628,e54_0,442.1342582437417,e54
1007,66.0,veh_004,980.4783007684367,-1.6,11.072288983729333,-2.619127630540449,e12_0,480.4783007684368,e12
1007,66.0,veh_005,350.43931927187447,498.4,15.29643685583994,-0.34744105224497623,e54_0,347.2393192718745,e54
1007,66.0,veh_006,959.8960943928175,-1.6,13.75342905366264,-1.6446361074628815,e12_0,459.8960943928176,e12
1007,66.0,veh_007,324.09400945515563,498.4,16.240390683477745,0.384955759844674,e54_0,320.89400945515564,e54
1007,66.0,veh_008,934.6745679803205,-1.6,16.162581133592187,-0.17726140890621522,e12_0,434.67456798032055,e12
1007,66.0,veh_009,265.97606119038727,498.4,16.380653092740104,0.2535061864368622,e54_0,262.7760611903873,e54
1007,66.0,veh_010,901.4840891101492,-1.6,16.297697079670616,0.030135671482419468,e12_0,401.4840891101492,e12
1007,66.0,veh_011,192.6610005139265,498.4,13.979849549114416,0.12368916087783965,e54_0,189.4610005139265,e54
1007,66.0,veh_012,838.9229216789556,-1.6,15.48542058571208,-0.07531956732273137,e12_0,338.92292167895573,e12
1007,66.0,veh_013,166.54438842882166,498.4,14.92211270088649,-0.3563042971900696,e54_0,163.34438842882167,e54
1007,66.0,veh_014,814.326965371775,-1.6,15.143379903638051,-1.2073788144602826,e12_0,314.32696537177503,e12
1007,66.0,veh_015,122.13287196245406,498.4,16.06223691777792,-0.2228572009457288,e54_0,118.93287196245406,e54
1007,66.0,veh_016,789.6601495452051,-1.6,15.917103554666975,0.4369413399783859,e12_0,289.66014954520506,e12
1007,66.0,veh_017,70.33297573834798,498.4,16.401633829539843,1.8038546326360638,e54_0,67.13297573834798,e54
1007,66.0,veh_018,759.2347112034915,-1.6,16.227089942199814,0.44142523858230476,e12_0,259.23471120349166,e12
1007,66.0,veh_019,29.13904645499588,498.4,10.809463842750528,2.4854971670219665,e54_0,25.939046454995882,e54
1007,66.0,veh_020,733.6816856400934,-1.6,15.911765175980891,-0.29919070031735906,e12_0,233.6816856400934,e12
1007,66.0,veh_021,3.5934196784893926,498.4,3.481872550713569,-0.9895579954686378,e54_0,0.3934196784893924,e54
1007,66.0,veh_022,654.6441141312821,-1.6,15.450386211385371,0.6618319076718766,e12_0,154.64411413128218,e12
1007,66.0,veh_023,1.6,488.7029541326431,4.482735895573626,0.540867794688892,e05_0,485.5029541326431,e05
1007,67.0,veh_000,1001.6,34.54270241145953,12.261295119168034,1.8224074116023257,e23_0,31.342702411459527,e23
1007,67.0,veh_001,509.6720106814911,498.4,16.496149223600515,0.03778429676312811,e43_0,9.67201068149111,e43
1007,67.0,veh_002,1001.3010779572611,1.1075457008281069,5.730117500328876,-1.5635213510786423,:n2_1_0,5.6266328476439185,:n2_1
1007,67.0,veh_003,461.95945399704135,498.4,16.625195753299632,0.2345218695932978,e54_0,458.75945399704136,e54
1007,67.0,veh_004,988.218899765548,-1.6,7.740598997111289,-3.331689986618044,e12_0,488.2188997655481,e12
1007,67.0,veh_005,366.10071437046514,498.4,15.661395098590667,0.36495824275072763,e54_0,362.90071437046515,e54
1007,67.0,veh_006,971.2369437381291,-1.6,11.340849345311542,-2.412579708351098,e12_0,471.2369437381291,e12
1007,67.0,veh_007,339.5494501423566,498.4,15.455440687200987,-0.7849499962767581,e54_0,336.3494501423566,e54
1007,67.0,veh_008,949.0183464049555,-1.6,14.343778424634992,-1.818802708957195,e12_0,449.01834640495554,e12
1007,67.0,veh_009,282.4034884153046,498.4,16.427427224917338,0.046774132177233696,e54_0,279.2034884153046,e54
1007,67.0,veh_010,917.7548638516898,-1.6,16.270774741540663,-0.02692233812995326,e12_0,417.7548638516899,e12
1007,67.0,veh_011,206.9788506509178,498.4,14.317850136991302,0.3380005878768859,e54_0,203.7788506509178,e54
1007,67.0,veh_012,854.5660745087225,-1.6,15.643152829766866,0.15773224405478636,e12_0,354.5660745087226,e12
1007,67.0,veh_013,181.56601629485885,498.4,15.021627866037184,0.09951516515069336,e54_0,178.36601629485887,e54
1007,67.0,veh_014,829.670306808506,-1.6,15.343341436731029,0.19996153309297782,e12_0,329.67030680850604,e12
1007,67.0,veh_015,138.7169708227542,498.4,16.58409886030015,0.5218619425222286,e54_0,135.51697082275422,e54
1007,67.0,veh_016,805.1921644437093,-1.6,15.53201489850439,-0.38508865616258525,e12_0,305.19216444370943,e12
1007,67.0,veh_017,86.08542850535524,498.4,15.752452767007254,-0.6491810625325893,e54_0,82.88542850535524,e54
1007,67.0,veh_018,775.1329606401035,-1.6,15.898249436611946,-0.32884050558786804,e12_0,275.1329606401036,e12
1007,67.0,veh_019,42.34182651759127,498.4,13.202780062595384,2.3933162198448557,e54_0,39.14182651759127,e54
1007,67.0,veh_020,750.0871218036101,-1.6,16.40543616351672,0.49367098753582717,e12_0,250.08712180361013,e12
1007,67.0,veh_021,9.51847293933147,498.4,5.925053260842078,2.443180710128509,e54_0,6.31847293933147,e54
1007,67.0,veh_022,669.7593806174672,-1.6,15.115266486185023,-0.3351197252003484,e12_0,169.7593806174672,e12
1007,67.0,veh_023,1.6,491.9167462118293,3.2137920791862498,-1.268943816387376,e05_0,488.71674621182933,e05
1007,68.0,veh_000,1001.6,48.855779753669665,14.313077342210134,2.0517822230420997,e23_0,45.65577975366966,e23
1007,68.0,veh_001,526.2565981471369,498.4,16.584587465645747,0.08843824204523187,e43_0,26.256598147136856,e43
1007,68.0,veh_002,1001.6,7.0095784925342945,5.922945644890375,0.19282814456149922,e23_0,3.8095784925342944,e23
1007,68.0,veh_003,478.0665022996182,498.4,16.107048302576878,-0.5181474507227541,e54_0,474.8665022996182,e54
1007,68.0,veh_004,994.0430411649838,-1.6,5.824141399435783,-1.9164575976755058,e12_0,494.0430411649839,e12
1007,68.0,veh_005,381.209444061184,498.4,15.108729690718839,-0.552665407871828,e54_0,378.009444061184,e54
1007,68.0,veh_006,979.7960687720188,-1.6,8.559125033889652,-2.7817243114218897,e12_0,479.79606877201877,e12
1007,68.0,veh_007,355.9782143657402,498.4,16.42876422338361,0.9733235361826225,e54_0,352.7782143657402,e54
1007,68.0,veh_008,961.4359706047317,-1.6,12.4176241997761,-1.9261542248588928,e12_0,461.43597060473166,e12
1007,68.0,veh_009,298.6301546144225,498.4,16.2266661991179,-0.20076102579943722,e54_0,295.4301546144225,e54
1007,68.0,veh_010,933.9469770905516,-1.6,16.192113238861786,-0.07866150267887662,e12_0,433.9469770905517,e12
1007,68.0,veh_011,221.26425354657857,498.4,14.285402895660782,-0.03244724133051946,e54_0,218.06425354657858,e54
1007,68.0,veh_012,870.4899600568369,-1.6,15.923885548114438,0.2807327183475721,e12_0,370.489960056837,e12
1007,68.0,veh_013,196.72430381819083,498.4,15.158287523331973,0.13665965729478913,e54_0,193.52430381819084,e54
1007,68.0,veh_014,845.0775461500883,-1.6,15.407239341582335,0.06389790485130575,e12_0,345.0775461500884,e12
1007,68.0,veh_015,154.75437706306008,498.4,16.037406240305867,-0.5466926199942819,e54_0,151.5543770630601,e54
1007,68.0,veh_016,820.2650071605949,-1.6,15.072842716885603,-0.45917218161878637,e12_0,320.265007160595,e12
1007,68.0,veh_017,102.26980053515821,498.4,16.184372029802965,0.43191926279571113,e54_0,99.06980053515821,e54
1007,68.0,veh_018,791.1056966837772,-1.6,15.972736043673645,0.07448660706169896,e12_0,291.10569668377724,e12
1007,68.0,veh_019,58.09663448256163,498.4,15.75480796497036,2.5520279023749755,e54_0,54.89663448256163,e54
1007,68.0,veh_020,766.187541552107,-1.6,16.100419748496865,-0.3050164150198533,e12_0,266.187541552107,e12
1007,68.0,veh_021,17.792850418655327,498.4,8.274377479323858,2.3493242184817804,e54_0,14.592850418655328,e54
1007,68.0,veh_022,684.4733351940073,-1.6,14.713954576540159,-0.4013119096448641,e12_0,184.47333519400735,e12
1007,68.0,veh_023,1.6,496.7752650636714,4.858518851842087,1.644726772655837,e05_0,493.5752650636714,e05
1007,69.0,veh_000,1001.6,65.12111320900966,16.265333455340006,1.952256113129872,e23_0,61.92111320900967,e23
1007,69.0,veh_001,542.2363124560162,498.4,15.97971430887934,-0.6048731567664074,e43_0,42.23631245601619,e43
1007,69.0,veh_002,1001.6,15.195106425739258,8.185527933204964,2.262582288314589,e23_0,11.995106425739259,e23
1007,69.0,veh_003,494.6794235318594,498.4,16.612921232241206,0.5058729296643278,e54_0,491.4794235318594,e54
1007,69.0,veh_004,999.3032741621346,-1.0580355027192268,5.348167930234022,-0.47597346920176076,:n2_1_0,2.5912090952178914,:n2_1
1007,69.0,veh_005,396.7632675124212,498.4,15.553823451237196,0.4450937605183576,e54_0,393.5632675124212,e54
1007,69.0,veh_006,985.4585809130053,-1.6,5.662512140986558,-2.896612892903094,e12_0,485.45858091300533,e12
1007,69.0,veh_007,371.42928428294664,498.4,15.45106991720642,-0.9776943061771899,e54_0,368.22928428294665,e54
1007,69.0,veh_008,970.224930394081,-1.6,8.78895978934928,-3.62866441042682,e12_0,470.22493039408096,e12
1007,69.0,veh_009,315.09170907162786,498.4,16.46155445720535,0.23488825808744807,e54_0,311.8917090716279,e54
1007,69.0,veh_010,948.4749921870429,-1.6,14.528015096491211,-1.664098142370575,e12_0,448.4749921870429,e12
1007,69.0,veh_011,235.68381773657487,498.4,14.419564189996281,0.13416129433549884,e54_0,232.48381773657488,e54
1007,69.0,veh_012,886.4105570178244,-1.6,15.920596960987556,-0.003288587126881737,e12_0,386.41055701782454,e12
1007,69.0,veh_013,210.99397967157094,498.4,14.269675853380102,-0.8886116699518709,e54_0,207.79397967157095,e54
1007,69.0,veh_014,860.7245929054102,-1.6,15.64704675532182,0.2398074137394861,e12_0,360.7245929054102,e12
1007,69.0,veh_015,171.15114797061204,498.4,16.396770907551982,0.3593646672461155,e54_0,167.95114797061206,e54
1007,69.0,veh_016,836.0769744263432,-1.6,15.811967265748244,0.739124548862641,e12_0,336.07697442634327,e12
1007,69.0,veh_017,118.58331776786332,498.4,16.31351723270511,0.12914520290214426,e54_0,115.38331776786332,e54
1007,69.0,veh_018,807.4687152348872,-1.6,16.363018551109995,0.39028250743634985,e12_0,307.4687152348872,e12
1007,69.0,veh_019,74.44059298025168,498.4,16.34395849769004,0.58915053271968,e54_0,71.24059298025168,e54
1007,69.0,veh_020,781.7415150739404,-1.6,15.55397352183345,-0.5464462266634147,e12_0,281.74151507394043,e12
1007,69.0,veh_021,28.213656939021178,498.4,10.42080652036585,2.1464290410419924,e54_0,25.01365693902118,e54
1007,69.0,veh_022,699.6249503063775,-1.6,15.151615112370232,0.4376605358300729,e12_0,199.62495030637757,e12
1007,69.0,veh_023,3.9602428512273447,498.4,3.3649777875559774,-1.4935410642861093,e54_0,0.7602428512273445,e54
1007,70.0,veh_000,1001.6,81.27778528168568,16.156672072676013,-0.10866138266399261,e23_0,78.07778528168568,e23
1007,70.0,veh_001,558.436373743463,498.4,16.200061287446882,0.2203469785675427,e43_0,58.43637374346308,e43
1007,70.0,veh_002,1001.6,25.528187145190163,10.333080719450907,2.1475527862459423,e23_0,22.328187145190164,e23
1007,70.0,veh_003,511.0666416376943,498.4,16.48721810583491,-0.12570312640629666,e43_0,11.06664163769434,e43
1007,70.0,veh_004,1001.6,3.5292439612210087,5.478034866003118,0.1298669357690958,e23_0,0.3292439612210085,e23
1007,70.0,veh_005,412.47112513236,498.4,15.707857619938816,0.15403416870161912,e54_0,409.27112513236,e54
1007,70.0,veh_006,991.3428930768279,-1.6,5.884312163822591,0.22180002283603262,e12_0,491.3428930768279,e12
1007,70.0,veh_007,386.8435620111684,498.4,15.414277728221753,-0.036792188984666296,e54_0,383.6435620111684,e54
1007,70.0,veh_008,976.8120428978076,-1.6,6.587112503726715,-2.2018472856225646,e12_0,476.81204289780766,e12
1007,70.0,veh_009,331.75482410430635,498.4,16.663115032678473,0.201560575473124,e54_0,328.55482410430636,e54
1007,70.0,veh_010,958.9557388885025,-1.6,10.480746701459669,-4.0472683950315425,e12_0,458.9557388885026,e12
1007,70.0,veh_011,249.93166433093617,498.4,14.2478465943613,-0.17171759563498057,e54_0,246.73166433093618,e54
1007,70.0,veh_012,902.4197996303387,-1.6,16.009242612514306,0.08864565152675041,e12_0,402.41979963033884,e12
1007,70.0,veh_013,225.66229600158496,498.4,14.668316330014035,0.39864047663393265,e54_0,222.46229600158497,e54
1007,70.0,veh_014,876.491567431988,-1.6,15.766974526577759,0.1199277712559379,e12_0,376.49156743198796,e12
1007,70.0,veh_015,187.15408844679024,498.4,16.002940476178193,-0.3938304313737895,e54_0,183.95408844679025,e54
1007,70.0,veh_016,852.0169635351783,-1.6,15.939989108835118,0.1280218430868736,e12_0,352.0169635351784,e12
1007,70.0,veh_017,134.8244649511551,498.4,16.241147183291815,-0.07237004941329417,e54_0,131.62446495115512,e54
1007,70.0,veh_018,823.7034340663106,-1.6,16.234718831423375,-0.1282997196866198,e12_0,323.7034340663106,e12
1007,70.0,veh_019,90.43891411034114,498.4,15.998321130089463,-0.34563736760057573,e54_0,87.23891411034114,e54
1007,70.0,veh_020,797.9176580934563,-1.6,16.176143019516022,0.622169497682572,e12_0,297.91765809345645,e12
1007,70.0,veh_021,41.21978799705261,498.4,13.006131058031434,2.585324537665583,e54_0,38.01978799705261,e54
1007,70.0,veh_022,714.8765458234693,-1.6,15.251595517091806,0.09998040472157399,e12_0,214.87654582346937,e12
1007,70.0,veh_023,9.679074388621048,498.4,5.7188315373937035,2.353853749837726,e54_0,6.479074388621048,e54
1007,71.0,veh_000,1001.6,97.48051577197624,16.202730490290563,0.04605841761454954,e23_0,94.28051577197624,e23
1007,71.0,veh_001,574.3795345045223,498.4,15.943160761059264,-0.25690052638761784,e43_0,74.37953450452234,e43
1007,71.0,veh_002,1001.6,38.363408850517395,12.835221705327228,2.5021409858763217,e23_0,35.16340885051739,e23
1007,71.0,veh_003,527.0112781692643,498.4,15.944636531569996,-0.5425815742649132,e43_0,27.011278169264337,e43
1007,71.0,veh_004,1001.6,11.019886309649063,7.4906423484280555,2.0126074824249374,e23_0,7.819886309649064,e23
1007,71.0,veh_005,427.46800347963614,498.4,14.996878347276153,-0.7109792726626623,e54_0,424.26800347963615,e54
1007,71.0,veh_006,997.0324165751074,-1.5667976321275034,5.691846365600836,-0.1924657982217548,:n2_1_0,0.23473944242874722,:n2_1
1007,71.0,veh_007,402.94982988975283,498.4,16.10626787858447,0.6919901503627184,e54_0,399.74982988975285,e54
1007,71.0,veh_008,982.6110765526037,-1.6,5.799033654796053,-0.7880788489306623,e12_0,482.6110765526037,e12
1007,71.0,veh_009,348.2346669013026,498.4,16.479842796996238,-0.18327223568223516,e54_0,345.0346669013026,e54
1007,71.0,veh_010,967.1657342910521,-1.6,8.209995402549609,-2.27075129891006,e12_0,467.1657342910522,e12
1007,71.0,veh_011,263.9148026560497,498.4,13.983138325113515,-0.26470826924778557,e54_0,260.7148026560497,e54
1007,71.0,veh_012,917.8797603572757,-1.6,15.45996072693694,-0.5492818855773667,e12_0,417.87976035727576,e12
1007,71.0,veh_013,240.29969071226787,498.4,14.63739471068291,-0.03092161933112436,e54_0,237.0996907122679,e54
1007,71.0,veh_014,892.6289802971257,-1.6,16.13741286513781,0.3704383385600529,e12_0,392.6289802971258,e12
1007,71.0,veh_015,203.57779110775226,498.4,16.42370266096201,0.4207621847838183,e54_0,200.37779110775227,e54
1007,71.0,veh_016,867.3417018589043,-1.6,15.32473832372605,-0.6152507851090672,e12_0,367.3417018589044,e12
1007,71.0,veh_017,150.87317873627188,498.4,16.048713785116764,-0.19243339817505145,e54_0,147.6731787362719,e54
1007,71.0,veh_018,839.9147007310239,-1.6,16.211266664713328,-0.02345216671004735,e12_0,339.9147007310239,e12
1007,71.0,veh_019,106.89974651486803,498.4,16.460832404526883,0.4625112744374196,e54_0,103.69974651486802,e54
1007,71.0,veh_020,814.5435374021914,-1.6,16.625879308735023,0.44973628921900044,e12_0,314.5435374021915,e12
1007,71.0,veh_021,56.60475331454286,498.4,15.38496531749025,2.3788342594588165,e54_0,53.40475331454286,e54
1007,71.0,veh_022,729.9845325149493,-1.6,15.107986691479923,-0.14360882561188326,e12_0,229.9845325149493,e12
1007,71.0,veh_023,17.91823975570918,498.4,8.239165367088132,2.5203338296944287,e54_0,14.718239755709181,e54
1007,72.0,veh_000,1001.6,113.69341517064025,16.212899398664014,0.010168908373451302,e23_0,110.49341517064025,e23
1007,72.0,veh_001,590.9558139002619,498.4,16.57627939573955,0.6331186346802866,e43_0,90.95581390026189,e43
1007,72.0,veh_002,1001.6,53.69235780162247,15.328948951105074,2.493727245777846,e23_0,50.49235780162247,e23
1007,72.0,veh_003,543.6221515481242,498.4,16.610873378859836,0.6662368472898397,e43_0,43.62215154812417,e43
1007,72.0,veh_004,1001.6,20.388064919750203,9.36817861010114,1.8775362616730842,e23_0,17.188064919750204,e23
1007,72.0,veh_005,443.13045426405336,498.4,15.662450784417244,0.6655724371410905,e54_0,439.93045426405337,e54
1007,72.0,veh_006,1001.4513208155677,2.1592457089741304,6.45410453796395,0.7622581723631141,:n2_1_0,6.688843980392697,:n2_1
1007,72.0,veh_007,417.9695758090608,498.4,15.019745919307958,-1.0865219592765136,e54_0,414.7695758090608,e54
1007,72.0,veh_008,988.8777777362515,-1.6,6.2667011836477835,0.4676675288517309,e12_0,488.8777777362515,e12
1007,72.0,veh_009,364.48405389469775,498.4,16.249386993395166,-0.2304558036010711,e54_0,361.28405389469776,e54
1007,72.0,veh_010,973.9461412830717,-1.6,6.780406992019477,-1.4295884105301315,e12_0,473.9461412830717,e12
1007,72.0,veh_011,278.5042184620756,498.4,14.58941580602591,0.6062774809123948,e54_0,275.3042184620756,e54
1007,72.0,veh_012,933.5216046374559,-1.6,15.641844280180182,0.18188355324324235,e12_0,433.52160463745594,e12
1007,72.0,veh_013,254.48484348015327,498.4,14.185152767885368,-0.45224194279754215,e54_0,251.28484348015326,e54
1007,72.0,veh_014,908.3741036713534,-1.6,15.745123374227704,-0.3922894909101071,e12_0,408.3741036713535,e12
1007,72.0,veh_015,219.9340435507371,498.4,16.356252442984843,-0.06745021797716788,e54_0,216.7340435507371,e54
1007,72.0,veh_016,883.1362913930898,-1.6,15.794589534185391,0.46985121045934086,e12_0,383.1362913930898,e12
1007,72.0,veh_017,167.07224752865528,498.4,16.19906879238339,0.15035500726662576,e54_0,163.8722475286553,e54
1007,72.0,veh_018,855.5851022469703,-1.6,15.670401515946429,-0.5408651487668994,e12_0,355.58510224697034,e12
1007,72.0,veh_019,123.50748009214368,498.4,16.60773357727565,0.14690117274876613,e54_0,120.30748009214368,e54
1007,72.0,veh_020,830.6190591120306,-1.6,16.075521709839233,-0.5503575988957898,e12_0,330.6190591120307,e12
1007,72.0,veh_021,72.90640195896597,498.4,16.301648644423114,0.9166833269328638,e54_0,69.70640195896597,e54
1007,72.0,veh_022,744.7607102417726,-1.6,14.776177726823258,-0.33180896465666443,e12_0,244.76071024177256,e12
1007,72.0,veh_023,28.06792779986684,498.4,10.149688044157662,1.9105226770695296,e54_0,24.86792779986684,e54
1007,73.0,veh_000,1001.6,130.36020381554266,16.66678864490241,0.453889246238397,e23_0,127.16020381554266,e23
1007,73.0,veh_001,607.4062135929584,498.4,16.45039969269652,-0.12587970304302942,e43_0,107.40621359295841,e43
1007,73.0,veh_002,1001.6,70.05286722743855,16.360509425816083,1.031560474711009,e23_0,66.85286722743855,e23
1007,73.0,veh_003,559.5416391538058,498.4,15.919487605681645,-0.6913857731781903,e43_0,59.54163915380582,e43
1007,73.0,veh_004,1001.6,32.23962660291771,11.851561683167501,2.4833830730663617,e23_0,29.039626602917707,e23
1007,73.0,veh_005,458.3797041789709,498.4,15.249249914917538,-0.4132008694997058,e54_0,455.1797041789709,e54
1007,73.0,veh_006,1001.6,8.481311474287292,6.332467493894593,-0.12163704406935683,e23_0,5.281311474287291,e23
1007,73.0,veh_007,433.74759481555367,498.4,15.77801900649285,0.7582730871848913,e54_0,430.5475948155537,e54
1007,73.0,veh_008,995.5317608800594,-1.6,6.653983143807894,0.3872819601601103,e12_0,495.53176088005944,e12
1007,73.0,veh_009,380.45569685612065,498.4,15.971642961422914,-0.2777440319722526,e54_0,377.25569685612066,e54
1007,73.0,veh_010,980.4594116339438,-1.6,6.513270350872122,-0.26713664114735547,e12_0,480.45941163394383,e12
1007,73.0,veh_011,292.81044010507895,498.4,14.306221643003347,-0.2831941630225625,e54_0,289.61044010507896,e54
1007,73.0,veh_012,948.7444131676393,-1.6,15.222808530183434,-0.4190357499967483,e12_0,448.7444131676394,e12
1007,73.0,veh_013,268.98399364588136,498.4,14.499150165728137,0.31399739784276903,e54_0,265.78399364588137,e54
1007,73.0,veh_014,923.825734922637,-1.6,15.45163125128357,-0.2934921229441336,e12_0,423.8257349226371,e12
1007,73.0,veh_015,236.01575641828953,498.4,16.081712867552415,-0.2745395754324278,e54_0,232.81575641828954,e54
1007,73.0,veh_016,898.7241932094423,-1.6,15.58790181635259,-0.2066877178328017,e12_0,398.7241932094424,e12
1007,73.0,veh_017,183.1418179975525,498.4,16.0695704688972,-0.12949832348618884,e54_0,179.9418179975525,e54
1007,73.0,veh_018,871.6521430619648,-1.6,16.067040814994538,0.39663929904810935,e12_0,371.65214306196486,e12
1007,73.0,veh_019,139.71948804717235,498.4,16.212007955028678,-0.39572562224697094,e54_0,136.51948804717236,e54
1007,73.0,veh_020,846.3129484909598,-1.6,15.693889378929237,-0.38163233090999604,e12_0,346.3129484909599,e12
1007,73.0,veh_021,89.17016532191755,498.4,16.26376336295158,-0.03788528147153514,e54_0,85.97016532191755,e54
1007,73.0,veh_022,760.1258497883832,-1.6,15.365139546610767,0.5889618197875084,e12_0,260.12584978838333,e12
1007,73.0,veh_023,40.7603103640435,498.4,12.692382564176656,2.542694520018994,e54_0,37.560310364043495,e54
1007,74.0,veh_000,1001.6,146.90923135578402,16.54902754024137,-0.11776110466104228,e23_0,143.70923135578403,e23
1007,74.0,veh_001,623.850598522743,498.4,16.444384929784576,-0.0060147629119455814,e43_0,123.85059852274298,e43
1007,74.0,veh_002,1001.6,85.87635780748413,15.823490580045576,-0.5370188457705076,e23_0,82.67635780748412,e23
1007,74.0,veh_003,575.8279112665563,498.4,16.28627211275045,0.36678450706880383,e43_0,75.82791126655627,e43
1007,74.0,veh_004,1001.6,45.97292993988243,13.733303336964719,1.8817416537972171,e23_0,42.772929939882424,e23
1007,74.0,veh_005,474.0571093082652,498.4,15.677405129294286,0.42815521437674775,e54_0,470.8571093082652,e54
1007,74.0,veh_006,1001.6,16.950963971054605,8.469652496767313,2.1371850028727204,e23_0,13.750963971054604,e23
1007,74.0,veh_007,449.20815054057806,498.4,15.460555725024381,-0.31746328146846814,e54_0,446.0081505405781,e54
1007,74.0,veh_008,1000.7570158726181,0.19502645436366617,5.832044619614079,-0.8219385241938149,:n2_1_0,4.563805499673492,:n2_1
1007,74.0,veh_009,397.0874577013003,498.4,16.63176084517967,0.6601178837567563,e54_0,393.8874577013003,e54
1007,74.0,veh_010,987.1583805999476,-1.6,6.698968966003852,0.18569861513172992,e12_0,487.1583805999477,e12
1007,74.0,veh_011,306.7760472867516,498.4,13.96560718167265,-0.3406144613306967,e54_0,303.5760472867516,e54
1007,74.0,veh_012,961.2902056293377,-1.6,12.545792461698408,-2.6770160684850257,e12_0,461.2902056293378,e12
1007,74.0,veh_013,283.5389763350425,498.4,14.554982689161143,0.05583252343300593,e54_0,280.3389763350425,e54
1007,74.0,veh_014,939.3734176152318,-1.6,15.547682692594742,0.09605144131117171,e12_0,439.3734176152318,e12
1007,74.0,veh_015,251.9312271254127,498.4,15.91547070712317,-0.16624216042924544,e54_0,248.73122712541272,e54
1007,74.0,veh_016,914.6444797712843,-1.6,15.920286561841992,0.3323847454894029,e12_0,414.64447977128435,e12
1007,74.0,veh_017,199.28839546520567,498.4,16.14657746765317,0.07700699875596939,e54_0,196.08839546520568,e54
1007,74.0,veh_018,887.7974429517824,-1.6,16.14529988981754,0.0782590748230021,e12_0,387.7974429517824,e12
1007,74.0,veh_019,156.23040898148162,498.4,16.510920934309254,0.29891297928057625,e54_0,153.03040898148163,e54
1007,74.0,veh_020,862.5716383375336,-1.6,16.258689846573816,0.564800467644579,e12_0,362.5716383375337,e12
1007,74.0,veh_021,105.43836254300298,498.4,16.26819722108543,0.0044338581338507765,e54_0,102.23836254300298,e54
1007,74.0,veh_022,774.9330284942231,-1.6,14.807178705839792,-0.5579608407709742,e12_0,274.93302849422315,e12
1007,74.0,veh_023,55.61957317344752,498.4,14.859262809404022,2.1668802452273663,e54_0,52.41957317344752,e54
1007,75.0,veh_000,1001.6,163.01453169574265,16.10530033995863,-0.44372720028273704,e23_0,159.81453169574266,e23
1007,75.0,veh_001,639.8390422008063,498.4,15.988443678063343,-0.45594125172123334,e43_0,139.83904220080632,e43
1007,75.0,veh_002,1001.6,101.54269683347046,15.666339025986339,-0.15715155405923653,e23_0,98.34269683347046,e23
1007,75.0,veh_003,591.7224823136602,498.4,15.894571047103966,-0.3917010656464832,e43_0,91.72248231366024,e43
1007,75.0,veh_004,1001.6,61.85290019046175,15.879970250579326,2.1466669136146077,e23_0,58.65290019046175,e23
1007,75.0,veh_005,489.31941921530705,498.4,15.262309907041864,-0.4150952222524218,e54_0,486.11941921530706,e54
1007,75.0,veh_006,1001.6,27.67393970117303,10.722975730118424,2.253323233351111,e23_0,24.47393970117303,e23
1007,75.0,veh_007,465.0523800532955,498.4,15.84422951271743,0.3836737876930485,e54_0,461.8523800532955,e54
1007,75.0,veh_008,1001.6,6.397515127866611,6.373709628193118,0.5416650085790389,e23_0,3.1975151278666107,e23
1007,75.0,veh_009,413.3042052947702,498.4,16.21674759346992,-0.4150132517097518,e54_0,410.1042052947702,e54
1007,75.0,veh_010,992.7713568287782,-1.6,5.6129762288305995,-1.0859927371732523,e12_0,492.77135682877827,e12
1007,75.0,veh_011,321.32883636514526,498.4,14.552789078393662,0.5871818967210114,e54_0,318.1288363651453,e54
1007,75.0,veh_012,972.132614373483,-1.6,10.84240874414525,-1.7033837175531588,e12_0,472.132614373483,e12
1007,75.0,veh_013,297.5243415795446,498.4,13.985365244502109,-0.5696174446590341,e54_0,294.32434157954464,e54
1007,75.0,veh_014,952.5362004803542,-1.6,13.162782865122422,-2.3848998274723208,e12_0,452.53620048035424,e12
1007,75.0,veh_015,268.5225951957646,498.4,16.591368070351894,0.6758973632287244,e54_0,265.3225951957646,e54
1007,75.0,veh_016,929.8569548403048,-1.6,15.212475069020524,-0.7078114928214685,e12_0,429.85695484030487,e12
1007,75.0,veh_017,215.13577285382289,498.4,15.847377388617225,-0.2992000790359448,e54_0,211.9357728538229,e54
1007,75.0,veh_018,903.645026344212,-1.6,15.847583392429803,-0.29771649738773753,e12_0,403.64502634421217,e12
1007,75.0,veh_019,172.5367277866109,498.4,16.30631880512927,-0.20460212917998533,e54_0,169.3367277866109,e54
1007,75.0,veh_020,878.9460430850398,-1.6,16.374404747506144,0.11571490093232839,e12_0,378.9460430850399,e12
1007,75.0,veh_021,122.08873196463314,498.4,16.650369421630167,0.382172200544737,e54_0,118.88873196463314,e54
1007,75.0,veh_022,789.712653062752,-1.6,14.779624568528847,-0.027554137310945137,e12_0,289.712653062752,e12
1007,75.0,veh_023,71.67323673557281,498.4,16.053663562125294,1.1944007527212719,e54_0,68.47323673557281,e54
1007,76.0,veh_000,1001.6,179.43155519399562,16.417023498252966,0.3117231582943347,e23_0,176.23155519399563,e23
1007,76.0,veh_001,656.3688849922798,498.4,16.529842791473495,0.5413991134101526,e43_0,156.36888499227982,e43
1007,76.0,veh_002,1001.6,117.66387753816745,16.121180704696993,0.45484167871065395,e23_0,114.46387753816745,e23
1007,76.0,veh_003,607.995415134772,498.4,16.272932821111755,0.37836177400778936,e43_0,107.99541513477199,e43
1007,76.0,veh_004,1001.6,78.19084130046083,16.337941109999086,0.4579708594197598,e23_0,74.99084130046083,e23
1007,76.0,veh_005,504.8786542947542,498.4,15.659235079447182,0.396925172405318,e43_0,4.878654294754222,e43
1007,76.0,veh_006,1001.6,40.27691165844317,12.602971957270139,1.8799962271517145,e23_0,37.076911658443166,e23
1007,76.0,veh_007,479.9298756054374,498.4,14.877495552141896,-0.9667339605755334,e54_0,476.7298756054374,e54
1007,76.0,veh_008,1001.6,14.993529034299335,8.596013906432725,2.2223042782396076,e23_0,11.793529034299336,e23
1007,76.0,veh_009,429.3696725022672,498.4,16.065467207496987,-0.1512803859729317,e54_0,426.1696725022672,e54
1007,76.0,veh_010,999.387534039919,-1.0074795760485789,6.718099942958735,1.1051237141281351,:n2_1_0,2.6894567717370137,:n2_1
1007,76.0,veh_011,335.6897755666266,498.4,14.360939201481353,-0.19184987691230937,e54_0,332.48977556662663,e54
1007,76.0,veh_012,980.8729186167617,-1.6,8.74030424327874,-2.10210450086651,e12_0,480.87291861676175,e12
1007,76.0,veh_013,311.9645643829432,498.4,14.440222803398592,0.4548575588964834,e54_0,308.7645643829432,e54
1007,76.0,veh_014,963.594044002761,-1.6,11.05784352240686,-2.1049393427155625,e12_0,463.5940440027611,e12
1007,76.0,veh_015,284.122605080798,498.4,15.600009885033375,-0.9913581853185196,e54_0,280.922605080798,e54
1007,76.0,veh_016,942.9263898754375,-1.6,13.069435035132722,-2.143040033887802,e12_0,442.92638987543756,e12
1007,76.0,veh_017,231.0797657127992,498.4,15.943992858976328,0.09661547035910267,e54_0,227.8797657127992,e54
1007,76.0,veh_018,919.5618114591603,-1.6,15.916785114948174,0.06920172251837187,e12_0,419.56181145916037,e12
1007,76.0,veh_019,188.6165795681645,498.4,16.07985178155359,-0.2264670235756796,e54_0,185.4165795681645,e54
1007,76.0,veh_020,894.7998288488195,-1.6,15.85378576377969,-0.5206189837264539,e12_0,394.7998288488196,e12
1007,76.0,veh_021,138.07206321190324,498.4,15.983331247270108,-0.6670381743600586,e54_0,134.87206321190325,e54
1007,76.0,veh_022,805.0772922955741,-1.6,15.364639232822114,0.5850146642932668,e12_0,305.0772922955741,e12
1007,76.0,veh_023,87.51094146964282,498.4,15.837704734069996,-0.21595882805529776,e54_0,84.31094146964281,e54
1007,77.0,veh_000,1001.6,195.73818294322353,16.30662774922792,-0.11039574902504512,e23_0,192.53818294322355,e23
1007,77.0,veh_001,672.5339256092037,498.4,16.165040616923946,-0.3648021745495491,e43_0,172.53392560920378,e43
1007,77.0,veh_002,1001.6,133.70494885992676,16.04107132175933,-0.08010938293766401,e23_0,130.50494885992677,e23
1007,77.0,veh_003,624.15230354659,498.4,16.156888411818073,-0.1160444092936821,e43_0,124.15230354659006,e43
1007,77.0,veh_004,1001.6,94.2381169301284,16.047275629667567,-0.2906654803315192,e23_0,91.0381169301284,e23
1007,77.0,veh_005,519.9529889360119,498.4,15.074334641257675,-0.5849004381895071,e43_0,19.9529889360119,e43
1007,77.0,veh_006,1001.6,54.96861638962172,14.691704731178552,2.088732773908413,e23_0,51.76861638962172,e23
1007,77.0,veh_007,496.0164695696692,498.4,16.086593964231795,1.209098412089899,e54_0,492.8164695696692,e54
1007,77.0,veh_008,1001.6,26.03419914623533,11.040670111935995,2.4446562055032697,e23_0,22.83419914623533,e23
1007,77.0,veh_009,445.79523974318244,498.4,16.425567240915264,0.3601000334182771,e54_0,442.59523974318245,e54
1007,77.0,veh_010,1001.6,4.306181410547215,6.156724638810202,-0.561375304148533,e23_0,1.1061814105472152,e23
1007,77.0,veh_011,350.25649746596997,498.4,14.566721899343365,0.20578269786201275,e54_0,347.05649746597,e54
1007,77.0,veh_012,989.1015523598912,-1.6,8.22863374312946,-0.511670500149279,e12_0,489.10155235989123,e12
1007,77.0,veh_013,326.11710982047765,498.4,14.15254543753446,-0.2876773658641323,e54_0,322.91710982047766,e54
1007,77.0,veh_014,972.3249836809052,-1.6,8.730939678144145,-2.3269038442627146,e12_0,472.32498368090523,e12
1007,77.0,veh_015,299.80145413073916,498.4,15.67884904994116,0.07883916490778553,e54_0,296.60145413073917,e54
1007,77.0,veh_016,954.578463545618,-1.6,11.652073670180503,-1.4173613649522192,e12_0,454.5784635456181,e12
1007,77.0,veh_017,246.82197905090533,498.4,15.74221333810614,-0.20177952087018802,e54_0,243.62197905090534,e54
1007,77.0,veh_018,933.2397028023977,-1.6,13.677891343237444,-2.23889377171073,e12_0,433.2397028023978,e12
1007,77.0,veh_019,204.77737370108915,498.4,16.16079413292464,0.08094235137104988,e54_0,201.57737370108916,e54
1007,77.0,veh_020,910.4218421529508,-1.6,15.622013304131366,-0.23177245964832416,e12_0,410.42184215295094,e12
1007,77.0,veh_021,154.54746860795868,498.4,16.475405396055432,0.4920741487853242,e54_0,151.3474686079587,e54
1007,77.0,veh_022,820.1531300577691,-1.6,15.075837762195038,-0.2888014706270763,e12_0,320.15313005776915,e12
1007,77.0,veh_023,103.26272821352377,498.4,15.75178674388095,-0.08591799018904567,e54_0,100.06272821352377,e54
1007,78.0,veh_000,1001.6,212.24636251823748,16.50817957501393,0.20155182578600872,e23_0,209.0463625182375,e23
1007,78.0,veh_001,688.6632423107854,498.4,16.129316701581704,-0.03572391534224195,e43_0,188.66324231078548,e43
1007,78.0,veh_002,1001.6,149.43789703538124,15.732948175454469,-0.30812314630485993,e23_0,146.23789703538125,e23
1007,78.0,veh_003,640.1649620125231,498.4,16.012658465933058,-0.1442299458850158,e43_0,140.16496201252312,e43
1007,78.0,veh_004,1001.6,110.60860143630426,16.370484506175856,0.3232088765082892,e23_0,107.40860143630425,e23
1007,78.0,veh_005,535.198189553158,498.4,15.245200617146121,0.17086597588844654,e43_0,35.19818955315802,e43
1007,78.0,veh_006,1001.6,71.52670623064388,16.55808984102216,1.8663851098436073,e23_0,68.32670623064388,e23
1007,78.0,veh_007,510.927646145882,498.4,15.011176576212826,-1.0754173880189697,e43_0,10.927646145882045,e43
1007,78.0,veh_008,1001.6,39.6648197092306,13.630620562995261,2.5899504510592664,e23_0,36.464819709230596,e23
1007,78.0,veh_009,462.126194525768,498.4,16.330954782585614,-0.09461245832964948,e54_0,458.92619452576804,e54
1007,78.0,veh_010,1001.6,12.529787651708038,8.223606241160823,2.0668816023506213,e23_0,9.329787651708038,e23
1007,78.0,veh_011,364.54774897673974,498.4,14.291251510769772,-0.2754703885735932,e54_0,361.34774897673975,e54
1007,78.0,veh_012,996.4504053678386,-1.6,7.348853007947358,-0.8797807351821021,e12_0,496.4504053678386,e12
1007,78.0,veh_013,341.10990040810475,498.4,14.99279058762711,0.8402451500926507,e54_0,337.90990040810476,e54
1007,78.0,veh_014,980.5886678939164,-1.6,8.263684213011278,-0.4672554651328671,e12_0,480.5886678939165,e12
1007,78.0,veh_015,314.544636737817,498.4,14.743182607077802,-0.9356664428633579,e54_0,311.344636737817,e54
1007,78.0,veh_016,963.6993176676968,-1.6,9.120854122078795,-2.531219548101708,e12_0,463.6993176676969,e12
1007,78.0,veh_017,262.6161251849952,498.4,15.79414613408988,0.05193279598374012,e54_0,259.4161251849952,e54
1007,78.0,veh_018,945.3521218663775,-1.6,12.112419063979736,-1.5654722792577083,e12_0,445.35212186637756,e12
1007,78.0,veh_019,220.7200987092425,498.4,15.942725008153358,-0.21806912477128115,e54_0,217.52009870924252,e54
1007,78.0,veh_020,923.7489461506609,-1.6,13.327103997710076,-2.2949093064212907,e12_0,423.748946150661,e12
1007,78.0,veh_021,170.99400542048951,498.4,16.446536812530834,-0.028868583524598534,e54_0,167.79400542048953,e54
1007,78.0,veh_022,835.3847966895305,-1.6,15.231666631761358,0.1558288695663208,e12_0,335.3847966895305,e12
1007,78.0,veh_023,118.63955125393721,498.4,15.37682304041344,-0.37496370346751107,e54_0,115.43955125393721,e54
1007,79.0,veh_000,1001.6,228.4757415696583,16.22937905142084,-0.27880052359309104,e23_0,225.27574156965832,e23
1007,79.0,veh_001,704.8629428190615,498.4,16.199700508276003,0.07038380669429856,e43_0,204.8629428190615,e43
1007,79.0,veh_002,1001.6,165.76200969402623,16.324112658644985,0.5911644831905161,e23_0,162.56200969402624,e23
1007,79.0,veh_003,656.2672918690296,498.4,16.10232985650655,0.08967139057349272,e43_0,156.26729186902966,e43
1007,79.0,veh_004,1001.6,126.61738995334726,16.008788517042998,-0.3616959891328584,e23_0,123.41738995334725,e23
1007,79.0,veh_005,550.5838095696093,498.4,15.385620016451368,0.14041939930524627,e43_0,50.583809569609386,e43
1007,79.0,veh_006,1001.6,87.58543950702877,16.058733276384885,-0.4993565646372744,e23_0,84.38543950702876,e23
1007,79.0,veh_007,525.7899557288458,498.4,14.86230958296379,-0.14886699324903496,e43_0,25.789955728845836,e43
1007,79.0,veh_008,1001.6,55.34986952687414,15.685049817643538,2.0544292546482765,e23_0,52.149869526874134,e23
1007,79.0,veh_009,478.1303562155664,498.4,16.004161689798348,-0.3267930927872662,e54_0,474.9303562155664,e54
1007,79.0,veh_010,1001.6,22.778871702663107,10.24908405095507,2.0254778097942463,e23_0,19.578871702663108,e23
1007,79.0,veh_011,379.0282743870889,498.4,14.480525410349193,0.18927389957942076,e54_0,375.8282743870889,e54
1007,79.0,veh_012,1000.8606634627378,0.367772437896391,5.114823299733706,-2.2340297082136527,:n2_1_0,4.7652286675722735,:n2_1
1007,79.0,veh_013,355.11237094707667,498.4,14.002470538971945,-0.9903200486551658,e54_0,351.9123709470767,e54
1007,79.0,veh_014,988.0575090538075,-1.6,7.4688411598911095,-0.794843053120168,e12_0,488.0575090538076,e12
1007,79.0,veh_015,329.89837056814275,498.4,15.353733830325778,0.6105512232479757,e54_0,326.69837056814276,e54
1007,79.0,veh_016,971.7706110160971,-1.6,8.071293348400202,-1.0495607736785928,e12_0,471.7706110160971,e12
1007,79.0,veh_017,279.0077547872991,498.4,16.39162960230393,0.5974834682140493,e54_0,275.80775478729913,e54
1007,79.0,veh_018,954.9351393971284,-1.6,9.583017530750913,-2.529401533228823,e12_0,454.93513939712847,e12
1007,79.0,veh_019,236.82449784178016,498.4,16.104399132537658,0.16167412438429984,e54_0,233.62449784178017,e54
1007,79.0,veh_020,935.950894965153,-1.6,12.201948814492027,-1.1251551832180482,e12_0,435.95089496515305,e12
1007,79.0,veh_021,187.14452760616533,498.4,16.1505221856758,-0.2960146268550332,e54_0,183.94452760616534,e54
1007,79.0,veh_022,850.3216865773014,-1.6,14.93688988777099,-0.2947767439903686,e12_0,350.3216865773015,e12
1007,79.0,veh_023,134.02788839606362,498.4,15.388337142126405,0.011514101712965186,e54_0,130.82788839606363,e54
1007,80.0,veh_000,1001.6,244.44641480535972,15.9706732357014,-0.2587058157194395,e23_0,241.24641480535973,e23
1007,80.0,veh_001,721.2509389901411,498.4,16.38799617107958,0.18829566280357568,e43_0,221.25093899014107,e43
1007,80.0,veh_002,1001.6,181.52933609750994,15.767326403483706,-0.5567862551612794,e23_0,178.32933609750995,e23
1007,80.0,veh_003,672.1668785408347,498.4,15.899586671805011,-0.2027431847015393,e43_0,172.16687854083466,e43
1007,80.0,veh_004,1001.6,142.78319913037245,16.165809177025224,0.15702065998222636,e23_0,139.58319913037246,e23
1007,80.0,veh_005,565.8288008647612,498.4,15.244991295151786,-0.14062872129958137,e43_0,65.82880086476118,e43
1007,80.0,veh_006,1001.6,104.10983245584531,16.524392948816534,0.46565967243164863,e23_0,100.9098324558453,e23
1007,80.0,veh_007,541.4250844351048,498.4,15.635128706258971,0.7728191232951804,e43_0,41.42508443510481,e43
1007,80.0,veh_008,1001.6,71.61047178672426,16.26060225985013,0.5755524422065932,e23_0,68.41047178672426,e23
1007,80.0,veh_009,494.6642179953605,498.4,16.533861779794098,0.5297000899957496,e54_0,491.4642179953605,e54
1007,80.0,veh_010,1001.6,35.58897496642664,12.810103263763528,2.561019212808459,e23_0,32.38897496642664,e23
1007,80.0,veh_011,393.36058140241727,498.4,14.33230701532838,-0.14821839502081247,e54_0,390.1605814024173,e54
1007,80.0,veh_012,1001.6,6.083506806683643,5.85827813911137,0.7434548393776641,e23_0,2.883506806683643,e23
1007,80.0,veh_013,369.9879922223691,498.4,14.875621275292405,0.8731507363204596,e54_0,366.7879922223691,e54
1007,80.0,veh_014,993.198745738034,-1.6,5.141236684226437,-2.327604475664672,e12_0,493.19874573803406,e12
1007,80.0,veh_015,344.50171043399195,498.4,14.603339865849165,-0.7503939644766131,e54_0,341.30171043399196,e54
1007,80.0,veh_016,979.2011907993044,-1.6,7.4305797832072935,-0.6407135651929083,e12_0,479.2011907993044,e12
1007,80.0,veh_017,295.47229632376184,498.4,16.464541536462693,0.07291193415876407,e54_0,292.27229632376185,e54
1007,80.0,veh_018,963.0814884518188,-1.6,8.146349054690422,-1.4366684760604915,e12_0,463.08148845181887,e12
1007,80.0,veh_019,252.90889059126573,498.4,16.084392749485563,-0.020006383052095345,e54_0,249.70889059126574,e54
1007,80.0,veh_020,945.5904803227429,-1.6,9.63958535758997,-2.562363456902057,e12_0,445.590480322743,e12
1007,80.0,veh_021,203.19040511395997,498.4,16.04587750779465,-0.10464467788115073,e54_0,199.99040511395998,e54
1007,80.0,veh_022,865.1135621593803,-1.6,14.791875582078823,-0.14501430569216645,e12_0,365.1135621593803,e12
1007,80.0,veh_023,149.76012137681388,498.4,15.73223298075027,0.3438958386238653,e54_0,146.5601213768139,e54
1007,81.0,veh_000,1001.6,260.565146683238,16.11873187787831,0.14805864217691145,e23_0,257.36514668323804,e23
1007,81.0,veh_001,737.9154921974072,498.4,16.664553207266145,0.276557036186567,e43_0,237.91549219740722,e43
1007,81.0,veh_002,1001.6,197.20342380855635,15.674087711046408,-0.0932386924372981,e23_0,194.00342380855636,e23
1007,81.0,veh_003,688.5611347027004,498.4,16.39425616186578,0.4946694900607689,e43_0,188.56113470270043,e43
1007,81.0,veh_004,1001.6,159.00652363204057,16.223324501668106,0.05751532464288189,e23_0,155.80652363204058,e23
1007,81.0,veh_005,581.0720864941383,498.4,15.243285629377143,-0.0017056657746437054,e43_0,81.07208649413832,e43
1007,81.0,veh_006,1001.6,120.6443675892509,16.53453513340559,0.010142184589057024,e23_0,117.4443675892509,e23
1007,81.0,veh_007,556.7328651589269,498.4,15.307780723822118,-0.32734798243685326,e43_0,56.73286515892693,e43
1007,81.0,veh_008,1001.6,87.60808924249173,15.99761745576747,-0.2629848040826612,e23_0,84.40808924249173,e23
1007,81.0,veh_009,511.150306076386,498.4,16.58608808102552,0.052226301231421246,e43_0,11.15030607638604,e43
1007,81.0,veh_010,1001.6,50.39599833486423,14.80702336843759,1.9969201046740626,e23_0,47.19599833486423,e23
1007,81.0,veh_011,407.3164869788184,498.4,13.955905576401102,-0.37640143892727806,e54_0,404.1164869788184,e54
1007,81.0,veh_012,1001.6,14.117599860856942,8.034093054173297,2.1758149150619275,e23_0,10.91759986085694,e23
1007,81.0,veh_013,384.0306726384678,498.4,14.042680416098719,-0.8329408591936858,e54_0,380.83067263846783,e54
1007,81.0,veh_014,998.9717871250004,-1.2569277249997268,5.805946879223049,0.6647101949966112,:n2_1_0,2.2046926172570807,:n2_1
1007,81.0,veh_015,360.08865297472113,498.4,15.586942540729204,0.9836026748800393,e54_0,356.88865297472114,e54
1007,81.0,veh_016,984.4295291975881,-1.6,5.228338398283714,-2.202241384923579,e12_0,484.4295291975881,e12
1007,81.0,veh_017,311.68613591336623,498.4,16.21383958960438,-0.2507019468583138,e54_0,308.48613591336624,e54
1007,81.0,veh_018,970.7978054783785,-1.6,7.716317026559605,-0.43003202813081653,e12_0,470.79780547837845,e12
1007,81.0,veh_019,269.42898269302873,498.4,16.520092101763005,0.4356993522774424,e54_0,266.22898269302874,e54
1007,81.0,veh_020,954.2064818557017,-1.6,8.616001532958727,-1.0235838246312436,e12_0,454.2064818557017,e12
1007,81.0,veh_021,219.66444403222977,498.4,16.474038918269798,0.42816141047514833,e54_0,216.46444403222978,e54
1007,81.0,veh_022,879.9907357740287,-1.6,14.877173614648523,0.0852980325696997,e12_0,379.99073577402885,e12
1007,81.0,veh_023,165.59932584492051,498.4,15.83920446810662,0.10697148735635054,e54_0,162.39932584492053,e54
1007,82.0,veh_000,1001.6,277.0140638576006,16.448917174362577,0.33018529648426664,e23_0,273.8140638576006,e23
1007,82.0,veh_001,754.0553359439566,498.4,16.139843746549452,-0.5247094607166929,e43_0,254.05533594395666,e43
1007,82.0,veh_002,1001.6,213.5043669127154,16.300943104159046,0.6268553931126384,e23_0,210.3043669127154,e23
1007,82.0,veh_003,705.0646577472261,498.4,16.503523044525647,0.10926688265986684,e43_0,205.06465774722608,e43
1007,82.0,veh_004,1001.6,175.16486950229978,16.158345870259218,-0.06497863140888782,e23_0,171.9648695022998,e23
1007,82.0,veh_005,596.6987822034743,498.4,15.626695709335992,0.3834100799588498,e43_0,96.69878220347431,e43
1007,82.0,veh_006,1001.6,136.78288267549942,16.138515086248518,-0.39602004715707295,e23_0,133.58288267549943,e23
1007,82.0,veh_007,571.7774536885544,498.4,15.044588529627491,-0.2631921941946267,e43_0,71.77745368855442,e43
1007,82.0,veh_008,1001.6,103.50654005675376,15.898450814262034,-0.09916664150543575,e23_0,100.30654005675376,e23
1007,82.0,veh_009,527.7532966285963,498.4,16.60299055221025,0.016902471184732093,e43_0,27.75329662859629,e43
1007,82.0,veh_010,1001.6,66.91820067958727,16.52220234472305,1.7151789762854577,e23_0,63.71820067958728,e23
1007,82.0,veh_011,421.6647614888292,498.4,14.34827451001079,0.3923689336096867,e54_0,418.4647614888292,e54
1007,82.0,veh_012,1001.6,24.538137268747615,10.420537407890675,2.386444353717378,e23_0,21.338137268747616,e23
1007,82.0,veh_013,398.0356002753556,498.4,14.004927636887746,-0.03775277921097242,e54_0,394.8356002753556,e54
1007,82.0,veh_014,1001.6,3.4242007552338913,5.759508137976811,-0.046438741246237925,e23_0,0.22420075523389116,e23
1007,82.0,veh_015,374.69704810435053,498.4,14.608395129629407,-0.9785474110997967,e54_0,371.49704810435054,e54
1007,82.0,veh_016,990.3375246662472,-1.6,5.907995468659093,0.679657070375379,e12_0,490.3375246662472,e12
1007,82.0,veh_017,327.58294202846474,498.4,15.8968061150985,-0.31703347450588026,e54_0,324.38294202846475,e54
1007,82.0,veh_018,976.0436567486213,-1.6,5.245851270242897,-2.470465756316708,e12_0,476.04365674862134,e12
1007,82.0,veh_019,286.0348275737298,498.4,16.605844880701046,0.08575277893804056,e54_0,282.8348275737298,e54
1007,82.0,veh_020,962.5688280827746,-1.6,8.362346227072905,-0.25365530588582175,e12_0,462.56882808277464,e12
1007,82.0,veh_021,235.56584096833348,498.4,15.901396936103703,-0.5726419821660951,e54_0,232.3658409683335,e54
1007,82.0,veh_022,895.0119675587305,-1.6,15.0212317847017,0.14405817005317623,e12_0,395.01196755873053,e12
1007,82.0,veh_023,181.5944347999469,498.4,15.995108955026375,0.1559044869197539,e54_0,178.3944347999469,e54
1007,83.0,veh_000,1001.6,293.33725597712913,16.323192119528542,-0.12572505483403518,e23_0,290.13725597712914,e23
1007,83.0,veh_001,770.6461976892983,498.4,16.590861745341684,0.45101799879223137,e43_0,270.64619768929833,e43
1007,83.0,veh_002,1001.6,229.54638433173693,16.042017419021533,-0.2589256851375126,e23_0,226.34638433173694,e23
1007,83.0,veh_003,721.6048777471597,498.4,16.540219999933615,0.0366969554079688,e43_0,221.6048777471597,e43
1007,83.0,veh_004,1001.6,191.73583627177527,16.57096676947549,0.41262089921627165,e23_0,188.53583627177528,e23
1007,83.0,veh_005,611.7687325555669,498.4,15.069950352092647,-0.5567453572433454,e43_0,111.76873255556696,e43
1007,83.0,veh_006,1001.6,152.84863121779054,16.065748542291114,-0.07276654395740323,e23_0,149.64863121779055,e23
1007,83.0,veh_007,587.113046060412,498.4,15.33559237185761,0.29100384223011844,e43_0,87.11304606041203,e43
1007,83.0,veh_008,1001.6,119.58661000823868,16.080069951484912,0.18161913722287792,e23_0,116.38661000823868,e23
1007,83.0,veh_009,543.7322825539457,498.4,15.97898592534941,-0.6240046268608417,e43_0,43.732282553945694,e43
1007,83.0,veh_010,1001.6,83.38738738939453,16.469186709807257,-0.05301563491579131,e23_0,80.18738738939453,e23
1007,83.0,veh_011,435.8558718749714,498.4,14.191110386142219,-0.15716412386857037,e54_0,432.6558718749714,e54
1007,83.0,veh_012,1001.6,37.161855230542095,12.623717961794478,2.2031805539038025,e23_0,33.96185523054209,e23
1007,83.0,veh_013,412.19747370431134,498.4,14.161873428955737,0.1569457920679902,e54_0,408.99747370431135,e54
1007,83.0,veh_014,1001.6,11.741401926419773,8.31720117118588,2.5576930332090697,e23_0,8.541401926419772,e23
1007,83.0,veh_015,388.83403694886107,498.4,14.136988844510565,-0.4714062851188423,e54_0,385.6340369488611,e54
1007,83.0,veh_016,996.5706347309324,-1.6,6.23311006468527,0.325114596026177,e12_0,496.57063473093245,e12
1007,83.0,veh_017,343.9947213901721,498.4,16.41177936170736,0.5149732466088608,e54_0,340.7947213901721,e54
1007,83.0,veh_018,981.8947905953198,-1.6,5.851133846698519,0.6052825764556218,e12_0,481.8947905953199,e12
1007,83.0,veh_019,302.1066158934237,498.4,16.07178831969388,-0.5340565610071657,e54_0,298.9066158934237,e54
1007,83.0,veh_020,967.9303954390878,-1.6,5.361567356313135,-3.0007788707597696,e12_0,467.93039543908776,e12
1007,83.0,veh_021,252.0881528231663,498.4,16.522311854832807,0.6209149187291043,e54_0,248.8881528231663,e54
1007,83.0,veh_022,910.2934260392492,-1.6,15.281458480518664,0.26022669581696434,e12_0,410.2934260392492,e12
1007,83.0,veh_023,197.45635618663655,498.4,15.861921386689648,-0.13318756833672651,e54_0,194.25635618663657,e54
1007,84.0,veh_000,1001.6,309.4130341494247,16.075778172295543,-0.24741394723299948,e23_0,306.2130341494247,e23
1007,84.0,veh_001,786.9234160729793,498.4,16.27721838368103,-0.31364336166065243,e43_0,286.92341607297936,e43
1007,84.0,veh_002,1001.6,245.24018009399452,15.693795762257608,-0.3482216567639256,e23_0,242.04018009399454,e23
1007,84.0,veh_003,737.8265145961961,498.4,16.221636849036443,-0.3185831508971724,e43_0,237.82651459619615,e43
1007,84.0,veh_004,1001.6,208.18064436268185,16.44480809090659,-0.12615867856889906,e23_0,204.98064436268186,e23
1007,84.0,veh_005,627.3463462382583,498.4,15.577613682691382,0.507663330598735,e43_0,127.34634623825833,e43
1007,84.0,veh_006,1001.6,169.31820786246448,16.469576644673946,0.40382810238283184,e23_0,166.1182078624645,e23
1007,84.0,veh_007,602.0450227997692,498.4,14.93197673935723,-0.40361563250037946,e43_0,102.04502279976926,e43
1007,84.0,veh_008,1001.6,136.20121154779832,16.614601539559665,0.5345315880747528,e23_0,133.00121154779833,e23
1007,84.0,veh_009,560.0795314719128,498.4,16.347248917967082,0.36826299261767304,e43_0,60.07953147191277,e43
1007,84.0,veh_010,1001.6,99.74361797841088,16.35623058901634,-0.11295612079091555,e23_0,96.54361797841088,e23
1007,84.0,veh_011,450.20542379753084,498.4,14.34955192255945,0.15844153641723047,e54_0,447.00542379753085,e54
1007,84.0,veh_012,1001.6,52.13815342693121,14.97629819638912,2.352580234594642,e23_0,48.93815342693121,e23
1007,84.0,veh_013,426.16680302841615,498.4,13.969329324104791,-0.19254410485094553,e54_0,422.96680302841617,e54
1007,84.0,veh_014,1001.6,22.418260586513338,10.676858660093567,2.3596574889076862,e23_0,19.21826058651334,e23
1007,84.0,veh_015,402.7482309523895,498.4,13.914194003528452,-0.22279484098211277,e54_0,399.54823095238953,e54
1007,84.0,veh_016,1001.3788343841511,1.6518406890577282,6.405733014038399,0.17262294935312816,:n2_1_0,6.1763677449708325,:n2_1
1007,84.0,veh_017,360.16155018562495,498.4,16.166828795452805,-0.24495056625455547,e54_0,356.96155018562496,e54
1007,84.0,veh_018,987.8265607213693,-1.6,5.931770126049535,0.08063627935101536,e12_0,487.8265607213694,e12
1007,84.0,veh_019,318.575503779051,498.4,16.46888788562734,0.3970995659334591,e54_0,315.37550377905103,e54
1007,84.0,veh_020,973.9495401502179,-1.6,6.0191447111301315,0.6575773548169961,e12_0,473.9495401502179,e12
1007,84.0,veh_021,268.16545519226446,498.4,16.07730236909818,-0.4450094857346265,e54_0,264.96545519226447,e54
1007,84.0,veh_022,925.3111238761943,-1.6,15.017697836945185,-0.2637606435734785,e12_0,425.31112387619436,e12
1007,84.0,veh_023,213.1976896806495,498.4,15.741333494012945,-0.12058789267670278,e54_0,209.9976896806495,e54
1007,85.0,veh_000,1001.6,326.0487812853302,16.63574713590555,0.5599689636100074,e23_0,322.84878128533023,e23
1007,85.0,veh_001,802.917602045803,498.4,15.994185972823763,-0.2830324108572686,e43_0,302.9176020458031,e43
1007,85.0,veh_002,1001.6,260.85067355232695,15.610493458332451,-0.0833023039251568,e23_0,257.65067355232696,e23
1007,85.0,veh_003,754.1869676737228,498.4,16.360453077526763,0.13881622849032027,e43_0,254.1869676737229,e43
1007,85.0,veh_004,1001.6,224.6533938766516,16.47274951396976,0.027941423063168713,e23_0,221.4533938766516,e23
1007,85.0,veh_005,642.5995411339154,498.4,15.253194895657154,-0.32441878703422766,e43_0,142.5995411339155,e43
1007,85.0,veh_006,1001.6,185.53864351197961,16.22043564951513,-0.2491409951588146,e23_0,182.33864351197963,e23
1007,85.0,veh_007,618.0097967366356,498.4,15.964773936866418,1.032797197509188,e43_0,118.00979673663568,e43
1007,85.0,veh_008,1001.6,152.14381599917806,15.94260445137974,-0.6719970881799249,e23_0,148.94381599917807,e23
1007,85.0,veh_009,576.410859842293,498.4,16.331328370380216,-0.015920547586866007,e43_0,76.410859842293,e43
1007,85.0,veh_010,1001.6,116.20357952201562,16.459961543604734,0.10373095458839288,e23_0,113.00357952201561,e23
1007,85.0,veh_011,464.6900821606074,498.4,14.48465836307657,0.13510644051712006,e54_0,461.4900821606074,e54
1007,85.0,veh_012,1001.6,67.64046500239485,15.502311575463635,0.5260133790745147,e23_0,64.44046500239484,e23
1007,85.0,veh_013,440.89859557450416,498.4,14.731792546088005,0.7624632219832144,e54_0,437.69859557450417,e54
1007,85.0,veh_014,1001.6,35.01491123748869,12.596650650975352,1.9197919908817855,e23_0,31.81491123748869,e23
1007,85.0,veh_015,416.61829004006813,498.4,13.870059087678603,-0.044134915849848966,e54_0,413.41829004006814,e54
1007,85.0,veh_016,1001.6,7.467416510628868,5.831048765658036,-0.5746842483803629,e23_0,4.267416510628868,e23
1007,85.0,veh_017,376.07858852319015,498.4,15.917038337565229,-0.2497904578875758,e54_0,372.87858852319016,e54
1007,85.0,veh_018,994.7513365924387,-1.6,6.924775871069379,0.9930057450198442,e12_0,494.75133659243875,e12
1007,85.0,veh_019,335.02736496061283,498.4,16.45186118156184,-0.017026704065500553,e54_0,331.82736496061284,e54
1007,85.0,veh_020,979.7195881725918,-1.6,5.77004802237398,-0.24909668875615143,e12_0,479.7195881725919,e12
1007,85.0,veh_021,284.36117376204794,498.4,16.195718569783494,0.11841620068531356,e54_0,281.16117376204795,e54
1007,85.0,veh_022,940.7510443004102,-1.6,15.439920424215847,0.422222587270662,e12_0,440.75104430041023,e12
1007,85.0,veh_023,229.29772817118123,498.4,16.100038490531734,0.35870499651878873,e54_0,226.09772817118125,e54
1007,86.0,veh_000,1001.6,342.4081760676881,16.35939478235785,-0.2763523535477006,e23_0,339.2081760676881,e23
1007,86.0,veh_001,819.530119236239,498.4,16.612517190435902,0.6183312176121394,e43_0,319.530119236239,e43
1007,86.0,veh_002,1001.6,277.1580787937567,16.307405241429763,0.6969117830973115,e23_0,273.9580787937567,e23
1007,86.0,veh_003,770.6252711122224,498.4,16.43830343849957,0.07785036097280695,e43_0,270.6252711122225,e43
1007,86.0,veh_004,1001.6,240.5907761030936,15.937382226441988,-0.5353672875277713,e23_0,237.3907761030936,e23
1007,86.0,veh_005,657.5838761655464,498.4,14.984335031630845,-0.2688598640263091,e43_0,157.58387616554634,e43
1007,86.0,veh_006,1001.6,201.60972900909258,16.071085497112946,-0.1493501524021852,e23_0,198.4097290090926,e23
1007,86.0,veh_007,633.0881862768424,498.4,15.078389540206693,-0.8863843966597251,e43_0,133.08818627684238,e43
1007,86.0,veh_008,1001.6,168.69401883311832,16.550202833940276,0.6075983825605356,e23_0,165.49401883311833,e23
1007,86.0,veh_009,592.9002836198658,498.4,16.489423777572814,0.1580954071925973,e43_0,92.9002836198658,e43
1007,86.0,veh_010,1001.6,132.37307415082873,16.16949462881312,-0.29046691479161524,e23_0,129.17307415082874,e23
1007,86.0,veh_011,478.94928513475895,498.4,14.259202974151531,-0.22545538892503814,e54_0,475.74928513475896,e54
1007,86.0,veh_012,1001.6,83.5532289850146,15.912763982619751,0.4104524071561162,e23_0,80.3532289850146,e23
1007,86.0,veh_013,455.36981426859643,498.4,14.471218694092265,-0.26057385199574057,e54_0,452.16981426859644,e54
1007,86.0,veh_014,1001.6,50.06014982822656,15.045238590737862,2.4485879397625094,e23_0,46.860149828226554,e23
1007,86.0,veh_015,431.7867041478381,498.4,15.168414107769973,1.2983550200913694,e54_0,428.58670414783813,e54
1007,86.0,veh_016,1001.6,15.865285291202333,8.397868780573464,2.5668200149154288,e23_0,12.665285291202332,e23
1007,86.0,veh_017,392.257819809528,498.4,16.1792312863378,0.2621929487725705,e54_0,389.057819809528,e54
1007,86.0,veh_018,1000.0913232918648,-0.5852060248811229,5.558743951619901,-1.3660319194494779,:n2_1_0,3.51008054405861,:n2_1
1007,86.0,veh_019,351.67404137266067,498.4,16.64667641204782,0.19481523048598248,e54_0,348.4740413726607,e54
1007,86.0,veh_020,986.6005519768968,-1.6,6.880963804304924,1.1109157819309443,e12_0,486.60055197689684,e12
1007,86.0,veh_021,300.25327039404056,498.4,15.89209663199261,-0.30362193779088464,e54_0,297.05327039404057,e54
1007,86.0,veh_022,955.2074886288999,-1.6,14.456444328489667,-0.9834760957261803,e12_0,455.2074886288999,e12
1007,86.0,veh_023,245.2421337913853,498.4,15.944405620204055,-0.15563287032767903,e54_0,242.0421337913853,e54
1007,87.0,veh_000,1001.6,358.4971734659165,16.088997398228386,-0.27039738412946335,e23_0,355.2971734659165,e23
1007,87.0,veh_001,835.4566529250533,498.4,15.92653368881438,-0.6859835016215214,e43_0,335.4566529250534,e43
1007,87.0,veh_002,1001.6,292.8230608217083,15.664982027951586,-0.6424232134781764,e23_0,289.6230608217083,e23
1007,87.0,veh_003,786.7889350261094,498.4,16.163663913886996,-0.27463952461257435,e43_0,286.78893502610947,e43
1007,87.0,veh_004,1001.6,256.51484741031777,15.924071307224223,-0.013310919217765615,e23_0,253.3148474103178,e23
1007,87.0,veh_005,673.1756750841944,498.4,15.591798918648067,0.6074638870172215,e43_0,173.1756750841944,e43
1007,87.0,veh_006,1001.6,218.02304706779194,16.41331805869937,0.34223256158642457,e23_0,214.82304706779195,e23
1007,87.0,veh_007,648.2374699530649,498.4,15.149283676222561,0.07089413601586791,e43_0,148.23746995306493,e43
1007,87.0,veh_008,1001.6,184.77707414119766,16.08305530807935,-0.467147525860927,e23_0,181.57707414119767,e23
1007,87.0,veh_009,609.4179537414406,498.4,16.517670121574778,0.02824634400196402,e43_0,109.41795374144058,e43
1007,87.0,veh_010,1001.6,148.59703611148808,16.223961960659363,0.05446733184624364,e23_0,145.3970361114881,e23
1007,87.0,veh_011,493.53268355400195,498.4,14.583398419242995,0.3241954450914637,e54_0,490.33268355400196,e54
1007,87.0,veh_012,1001.6,99.12382674904902,15.570597764034417,-0.3421662185853336,e23_0,95.92382674904901,e23
1007,87.0,veh_013,469.443344175712,498.4,14.073529907115566,-0.3976887869766994,e54_0,466.243344175712,e54
1007,87.0,veh_014,1001.6,65.97336093052981,15.913211102303247,0.8679725115653856,e23_0,62.773360930529805,e23
1007,87.0,veh_015,446.551138981091,498.4,14.764434833252912,-0.40397927451706117,e54_0,443.351138981091,e54
1007,87.0,veh_016,1001.6,26.399485246368283,10.53419995516595,2.1363311745924864,e23_0,23.199485246368283,e23
1007,87.0,veh_017,407.9539524242106,498.4,15.69613261468263,-0.48309867165516884,e54_0,404.75395242421064,e54
1007,87.0,veh_018,1001.6,4.511141572525468,5.541061028466858,-0.01768292315304265,e23_0,1.311141572525468,e23
1007,87.0,veh_019,368.17950938914635,498.4,16.505468016485686,-0.14120839556213483,e54_0,364.97950938914636,e54
1007,87.0,veh_020,992.0831265454653,-1.6,5.482574568568599,-1.3983892357363255,e12_0,492.08312654546546,e12
1007,87.0,veh_021,316.3607970209581,498.4,16.107526626917537,0.21542999492492676,e54_0,313.1607970209581,e54
1007,87.0,veh_022,968.0431131869343,-1.6,12.83562455803439,-1.6208197704552774,e12_0,468.0431131869343,e12
1007,87.0,veh_023,260.9670549127393,498.4,15.724921121353985,-0.21948449885007015,e54_0,257.7670549127393,e54
1007,88.0,veh_000,1001.6,375.11465175709463,16.617478291178124,0.5284808929497373,e23_0,371.91465175709465,e23
1007,88.0,veh_001,851.5137420660553,498.4,16.057089141001928,0.13055545218754716,e43_0,351.51374206605533,e43
1007,88.0,veh_002,1001.6,309.04325231309883,16.220191491390537,0.5552094634389508,e23_0,305.84325231309884,e23
1007,88.0,veh_003,803.1019334281723,498.4,16.312998402062806,0.14933448817581052,e43_0,303.1019334281723,e43
1007,88.0,veh_004,1001.6,272.43537447407033,15.920527063752527,-0.003544243471695907,e23_0,269.23537447407034,e23
1007,88.0,veh_005,688.1727975736927,498.4,14.997122489498372,-0.5946764291496951,e43_0,188.17279757369278,e43
1007,88.0,veh_006,1001.6,234.3598588583141,16.33681179052219,-0.0765062681771802,e23_0,231.15985885831412,e23
1007,88.0,veh_007,664.2082813739424,498.4,15.97081142087754,0.8215277446549791,e43_0,164.20828137394247,e43
1007,88.0,veh_008,1001.6,201.21244212604856,16.435367984850892,0.3523126767715432,e23_0,198.01244212604857,e23
1007,88.0,veh_009,625.8393277813885,498.4,16.421374039947988,-0.09629608162678949,e43_0,125.83932778138858,e43
1007,88.0,veh_010,1001.6,164.63334821866647,16.036312107178386,-0.18764985348097696,e23_0,161.43334821866648,e23
1007,88.0,veh_011,507.66539117853205,498.4,14.232707624530132,-0.3506907947128628,e43_0,7.6653911785320705,e43
1007,88.0,veh_012,1001.6,114.82998250276178,15.706155753712762,0.13555798967834498,e23_0,111.62998250276178,e23
1007,88.0,veh_013,483.8419714034631,498.4,14.398627227751103,0.3250973206355372,e54_0,480.6419714034631,e54
1007,88.0,veh_014,1001.6,81.82976609789445,15.856405167364645,-0.056805934938601865,e23_0,78.62976609789445,e23
1007,88.0,veh_015,460.33010869393166,498.4,13.778969712840643,-0.9854651204122682,e54_0,457.1301086939317,e54
1007,88.0,veh_016,1001.6,39.16542903265187,12.765943786283588,2.2317438311176367,e23_0,35.96542903265187,e23
1007,88.0,veh_017,424.2341306067364,498.4,16.280178182525763,0.5840455678431322,e54_0,421.0341306067364,e54
1007,88.0,veh_018,1001.6,12.098100606693926,7.586959034168459,2.045898005701601,e23_0,8.898100606693927,e23
1007,88.0,veh_019,384.20330215146964,498.4,16.023792762323286,-0.48167525416240053,e54_0,381.00330215146965,e54
1007,88.0,veh_020,997.5337711458741,-1.4951755505894038,5.457978212545697,-0.024596356022901666,:n2_1_0,0.7411047580111472,:n2_1
1007,88.0,veh_021,332.3663244599312,498.4,16.00552743897308,-0.1019991879444575,e54_0,329.1663244599312,e54
1007,88.0,veh_022,977.7111961363527,-1.6,9.668082949418409,-3.1675416086159807,e12_0,477.7111961363527,e12
1007,88.0,veh_023,277.03817246055377,498.4,16.071117547814502,0.3461964264605175,e54_0,273.8381724605538,e54
1007,89.0,veh_000,1001.6,391.70505774669124,16.590405989596622,-0.027072301581501534,e23_0,388.50505774669125,e23
1007,89.0,veh_001,867.4764152466614,498.4,15.962673180606219,-0.09441596039570932,e43_0,367.47641524666153,e43
1007,89.0,veh_002,1001.6,325.3310267451535,16.28777443205468,0.06758294066414194,e23_0,322.1310267451535,e23
1007,89.0,veh_003,819.2781024966177,498.4,16.176169068445454,-0.13682933361735294,e43_0,319.27810249661775,e43
1007,89.0,veh_004,1001.6,288.95275895964943,16.517384485579097,0.5968574218265701,e23_0,285.75275895964944,e23
1007,89.0,veh_005,703.8632427714533,498.4,15.690445197760502,0.69332270826213,e43_0,203.8632427714533,e43
1007,89.0,veh_006,1001.6,250.37841737198528,16.018558513671163,-0.3182532768510278,e23_0,247.1784173719853,e23
1007,89.0,veh_007,679.3983761092784,498.4,15.190094735335943,-0.7807166855415968,e43_0,179.39837610927842,e43
1007,89.0,veh_008,1001.6,217.58683336198126,16.37439123593271,-0.06097674891818272,e23_0,214.38683336198127,e23
1007,89.0,veh_009,641.7681148430723,498.4,15.928787061683835,-0.49258697826415343,e43_0,141.7681148430724,e43
1007,89.0,veh_010,1001.6,180.91487349403843,16.28152527537197,0.2452131681935832,e23_0,177.71487349403844,e23
1007,89.0,veh_011,521.6233336613534,498.4,13.957942482821355,-0.27476514170877664,e43_0,21.623333661353428,e43
1007,89.0,veh_012,1001.6,130.40727609747847,15.577293594716709,-0.12886215899605347,e23_0,127.20727609747848,e23
1007,89.0,veh_013,498.4973413781455,498.4,14.655369974682422,0.2567427469313195,e54_0,495.2973413781455,e54
1007,89.0,veh_014,1001.6,97.85479406937556,16.0250279714811,0.16862280411645614,e23_0,94.65479406937555,e23
1007,89.0,veh_015,474.6238273636373,498.4,14.293718669705667,0.5147489568650236,e54_0,471.4238273636373,e54
1007,89.0,veh_016,1001.6,54.07099415065514,14.905565118003269,2.139621331719681,e23_0,50.870994150655136,e23
1007,89.0,veh_017,440.4924003492869,498.4,16.25826974255053,-0.021908439975231175,e54_0,437.29240034928694,e54
1007,89.0,veh_018,1001.6,21.898415554397147,9.800314947703221,2.2133559135347616,e23_0,18.698415554397148,e23
1007,89.0,veh_019,400.3646050278769,498.4,16.161302876407284,0.13751011408399805,e54_0,397.1646050278769,e54
1007,89.0,veh_020,1001.5489037776211,2.8423264433479933,6.637646947966911,1.179668735421214,:n2_1_0,7.3787517059780585,:n2_1
1007,89.0,veh_021,348.48009022305473,498.4,16.11376576312352,0.10823832415044166,e54_0,345.28009022305474,e54
1007,89.0,veh_022,986.5790208990909,-1.6,8.867824762738277,-0.8002581866801322,e12_0,486.579020899091,e12
1007,89.0,veh_023,293.14359277250276,498.4,16.105420311948986,0.034302764134483965,e54_0,289.94359277250277,e54
1007,90.0,veh_000,1001.6,408.23570542420504,16.530647677513773,-0.059758312082848875,e23_0,405.03570542420505,e23
1007,90.0,veh_001,883.5969256657518,498.4,16.12051041909028,0.15783723848406161,e43_0,383.5969256657518,e43
1007,90.0,veh_002,1001.6,341.3365141901503,16.005487444996792,-0.282286987057887,e23_0,338.1365141901503,e23
1007,90.0,veh_003,835.6622469055674,498.4,16.384144408949652,0.2079753405041984,e43_0,335.6622469055674,e43
1007,90.0,veh_004,1001.6,305.45768032091325,16.504921361263843,-0.012463124315253538,e23_0,302.25768032091327,e23
1007,90.0,veh_005,719.0255155921312,498.4,15.162272820677982,-0.5281723770825195,e43_0,219.02551559213126,e43
1007,90.0,veh_006,1001.6,266.97494066067856,16.59652328869328,0.5779647750221173,e23_0,263.77494066067857,e23
1007,90.0,veh_007,694.8576356650519,498.4,15.459259555773492,0.26916482043754897,e43_0,194.8576356650519,e43
1007,90.0,veh_008,1001.6,233.58618536208553,15.999352000104265,-0.375039235828444,e23_0,230.38618536208554,e23
1007,90.0,veh_009,658.1938286842425,498.4,16.425713841170076,0.4969267794862411,e43_0,158.19382868424248,e43
1007,90.0,veh_010,1001.6,196.9039482829888,15.989074788950385,-0.29245048642158444,e23_0,193.70394828298882,e23
1007,90.0,veh_011,535.7225760937285,498.4,14.09924243237515,0.14129994955379388,e43_0,35.72257609372858,e43
1007,90.0,veh_012,1001.6,145.7809501770863,15.373674079607833,-0.20361951510887621,e23_0,142.58095017708632,e23
1007,90.0,veh_013,512.1716637821903,498.4,13.774322404044849,-0.8810475706375733,e43_0,12.17166378219033,e43
1007,90.0,veh_014,1001.6,114.17070892374015,16.3159148543646,0.2908868828834983,e23_0,110.97070892374015,e23
1007,90.0,veh_015,489.3666802899229,498.4,14.742852926285615,0.44913425657994743,e54_0,486.1666802899229,e54
1007,90.0,veh_016,1001.6,70.09437356376814,16.023379413113,1.1178142951097296,e23_0,66.89437356376814,e23
1007,90.0,veh_017,456.1895571766019,498.4,15.697156827314958,-0.561112915235574,e54_0,452.9895571766019,e54
1007,90.0,veh_018,1001.6,34.02465634141088,12.126240787013732,2.3259258393105107,e23_0,30.82465634141088,e23
1007,90.0,veh_019,416.4976816254129,498.4,16.133076597535986,-0.028226278871297694,e54_0,413.2976816254129,e54
1007,90.0,veh_020,1001.6,9.173590726720185,6.334839020742127,-0.30280792722478456,e23_0,5.973590726720184,e23
1007,90.0,veh_021,364.4760931211918,498.4,15.996002898137087,-0.11776286498643351,e54_0,361.2760931211918,e54
1007,90.0,veh_022,994.4616356040995,-1.6,7.882614705008423,-0.9852100577298533,e12_0,494.46163560409946,e12
1007,90.0,veh_023,308.70571417150467,498.4,15.562121399001919,-0.5432989129470673,e54_0,305.5057141715047,e54
1007,91.0,veh_000,1001.6,424.8666711066315,16.63096568242647,0.10031800491269749,e23_0,421.6666711066315,e23
1007,91.0,veh_001,899.6372644518005,498.4,16.040338786048817,-0.0801716330414628,e43_0,399.63726445180066,e43
1007,91.0,veh_002,1001.6,357.5553725166375,16.2188583264872,0.21337088149040895,e23_0,354.3553725166375,e23
1007,91.0,veh_003,851.9196721641786,498.4,16.25742525861133,-0.12671915033832093,e43_0,351.9196721641787,e43
1007,91.0,veh_004,1001.6,321.767688393594,16.310008072680795,-0.19491328858304868,e23_0,318.56768839359404,e23
1007,91.0,veh_005,734.4438737525379,498.4,15.418358160406726,0.2560853397287435,e43_0,234.44387375253797,e43
1007,91.0,veh_006,1001.6,283.2337107379723,16.25877007729374,-0.33775321139954073,e23_0,280.0337107379723,e23
1007,91.0,veh_007,709.8891757962651,498.4,15.031540131213232,-0.42771942456026046,e43_0,209.88917579626514,e43
1007,91.0,veh_008,1001.6,249.90045892257973,16.314273560494186,0.31492156038992114,e23_0,246.70045892257974,e23
1007,91.0,veh_009,674.7958559730668,498.4,16.60202728882432,0.17631344765424473,e43_0,174.7958559730668,e43
1007,91.0,veh_010,1001.6,212.867597510906,15.963649227917196,-0.02542556103318816,e23_0,209.667597510906,e23
1007,91.0,veh_011,550.146075757654,498.4,14.42349966392544,0.3242572315502912,e43_0,50.14607575765402,e43
1007,91.0,veh_012,1001.6,161.43767881517988,15.656728638093579,0.28305455848574645,e23_0,158.2376788151799,e23
1007,91.0,veh_013,526.2878675057078,498.4,14.116203723517527,0.3418813194726784,e43_0,26.287867505707858,e43
1007,91.0,veh_014,1001.6,130.4029557352969,16.23224681155676,-0.08366804280784024,e23_0,127.20295573529691,e23
1007,91.0,veh_015,502.73459422545255,498.4,13.467913935529701,-1.2749389907559134,e43_0,2.7345942254525766,e43
1007,91.0,veh_016,1001.6,86.64555819817613,16.551184634407985,0.5278052212949866,e23_0,83.44555819817613,e23
1007,91.0,veh_017,472.29786628524965,498.4,16.10830910864772,0.4111522813327628,e54_0,469.09786628524967,e54
1007,91.0,veh_018,1001.6,48.18467741623615,14.160021074825265,2.033780287811533,e23_0,44.984677416236146,e23
1007,91.0,veh_019,432.7226674656357,498.4,16.2249858402228,0.091909242686814,e54_0,429.5226674656357,e54
1007,91.0,veh_020,1001.6,17.413809097331054,8.24021837061087,1.9053793498687437,e23_0,14.213809097331055,e23
1007,91.0,veh_021,380.5415061318058,498.4,16.065413010613995,0.06941011247690732,e54_0,377.34150613180583,e54
1007,91.0,veh_022,999.673009467836,-0.8361943192984291,5.360687749380083,-2.5219269556283406,:n2_1_0,3.0223233534795213,:n2_1
1007,91.0,veh_023,324.220909033886,498.4,15.515194862381325,-0.046926536620594206,e54_0,321.020909033886,e54
1007,92.0,veh_000,1001.6,440.93006404115596,16.063392934524455,-0.5675727479020161,e23_0,437.73006404115597,e23
1007,92.0,veh_001,916.2299413341626,498.4,16.592676882361996,0.5523380963131785,e43_0,416.2299413341627,e43
1007,92.0,veh_002,1001.6,373.8365425426967,16.28117002605922,0.06231169957201743,e23_0,370.6365425426967,e23
1007,92.0,veh_003,868.4152044168834,498.4,16.495532252704727,0.2381069940933962,e43_0,368.4152044168834,e43
1007,92.0,veh_004,1001.6,338.4286188368511,16.660930443257094,0.35092237057629916,e23_0,335.2286188368511,e23
1007,92.0,veh_005,749.6988119694602,498.4,15.254938216922248,-0.16341994348447741,e43_0,249.69881196946022,e43
1007,92.0,veh_006,1001.6,299.16935502491776,15.935644286945465,-0.32312579034827493,e23_0,295.9693550249178,e23
1007,92.0,veh_007,725.2140328013078,498.4,15.324857005042647,0.29331687382941496,e43_0,225.21403280130778,e43
1007,92.0,veh_008,1001.6,265.9097000214065,16.009241098826752,-0.3050324616674338,e23_0,262.7097000214065,e23
1007,92.0,veh_009,691.2178962926353,498.4,16.42204031956848,-0.17998696925583957,e43_0,191.2178962926353,e43
1007,92.0,veh_010,1001.6,229.16053065971758,16.292933148811574,0.32928392089437786,e23_0,225.9605306597176,e23
1007,92.0,veh_011,564.3559922673295,498.4,14.209916509675505,-0.21358315424993535,e43_0,64.35599226732953,e43
1007,92.0,veh_012,1001.6,176.97611805776324,15.53843924258336,-0.11828939551021911,e23_0,173.77611805776326,e23
1007,92.0,veh_013,540.8753476782816,498.4,14.587480172573727,0.4712764490561998,e43_0,40.875347678281585,e43
1007,92.0,veh_014,1001.6,146.7484412114025,16.345485476105605,0.11323866454884524,e23_0,143.54844121140252,e23
1007,92.0,veh_015,516.6321354478208,498.4,13.897541222368291,0.4296272868385902,e43_0,16.63213544782087,e43
1007,92.0,veh_016,1001.6,102.78575539147742,16.140197193301283,-0.4109874411067018,e23_0,99.58575539147742,e23
1007,92.0,veh_017,487.7578707090744,498.4,15.460004423824747,-0.648304684822973,e54_0,484.5578707090744,e54
1007,92.0,veh_018,1001.6,64.53438973379386,16.34971231755771,2.1896912427324455,e23_0,61.334389733793856,e23
1007,92.0,veh_019,448.9761771438291,498.4,16.25350967819337,0.02852383797057101,e54_0,445.7761771438291,e54
1007,92.0,veh_020,1001.6,28.077961477943756,10.6641523806127,2.4239340100018296,e23_0,24.877961477943757,e23
1007,92.0,veh_021,396.8142926519526,498.4,16.272786520146767,0.207373509532772,e54_0,393.6142926519526,e54
1007,92.0,veh_022,1001.6,3.7891581937686754,5.306834840289154,-0.05385290909092877,e23_0,0.5891581937686752,e23
1007,92.0,veh_023,339.7360582255121,498.4,15.515149191626117,-4.5670755207893876e-05,e54_0,336.53605822551214,e54
1007,93.0,veh_000,1001.6,457.57739642512297,16.647332383967008,0.5839394494425534,e23_0,454.377396425123,e23
1007,93.0,veh_001,932.2040243330475,498.4,15.974082998884844,-0.6185938834771516,e43_0,432.2040243330475,e43
1007,93.0,veh_002,1001.6,389.7688776838535,15.932335141156758,-0.34883488490246073,e23_0,386.5688776838535,e23
1007,93.0,veh_003,884.8255297811211,498.4,16.410325364237654,-0.08520688846707358,e43_0,384.8255297811211,e43
1007,93.0,veh_004,1001.6,354.91676867621607,16.488149839364926,-0.17278060389216776,e23_0,351.7167686762161,e23
1007,93.0,veh_005,764.6594349667305,498.4,14.96062299727034,-0.2943152196519083,e43_0,264.65943496673054,e43
1007,93.0,veh_006,1001.6,315.0705638239521,15.90120879903436,-0.03443548791110551,e23_0,311.8705638239521,e23
1007,93.0,veh_007,740.7934568895142,498.4,15.579424088206473,0.2545670831638258,e43_0,240.79345688951426,e43
1007,93.0,veh_008,1001.6,281.96601581258034,16.05631579117384,0.04707469234708839,e23_0,278.76601581258035,e23
1007,93.0,veh_009,707.8471188686387,498.4,16.629222576003524,0.2071822564350434,e43_0,207.8471188686388,e43
1007,93.0,veh_010,1001.6,245.64723168699356,16.486701027275995,0.19376787846442056,e23_0,242.44723168699358,e23
1007,93.0,veh_011,578.9443400267502,498.4,14.588347759420696,0.3784312497451907,e43_0,78.94434002675023,e43
1007,93.0,veh_012,1001.6,192.95002762617233,15.973909568409097,0.43547032582573664,e23_0,189.75002762617234,e23
1007,93.0,veh_013,555.4417429735104,498.4,14.566395295228839,-0.021084877344888397,e43_0,55.44174297351042,e43
1007,93.0,veh_014,1001.6,162.57168334750668,15.823242136104161,-0.5222433400014435,e23_0,159.3716833475067,e23
1007,93.0,veh_015,531.2895330595999,498.4,14.657397611779032,0.7598563894107411,e43_0,31.2895330595999,e43
1007,93.0,veh_016,1001.6,119.28863764250913,16.5028822510317,0.3626850577304168,e23_0,116.08863764250913,e23
1007,93.0,veh_017,503.1842426684848,498.4,15.52637195941045,0.06636753558570341,e43_0,3.1842426684848077,e43
1007,93.0,veh_018,1001.6,80.84601477285882,16.31162503906496,-0.03808727849274973,e23_0,77.64601477285882,e23
1007,93.0,veh_019,465.4236211989747,498.4,16.44744405514561,0.1939343769522388,e54_0,462.2236211989747,e54
1007,93.0,veh_020,1001.6,40.97461654882607,12.89665507088231,2.2325026902696106,e23_0,37.77461654882607,e23
1007,93.0,veh_021,413.0654498943429,498.4,16.251157242390327,-0.02162927775643908,e54_0,409.86544989434293,e54
1007,93.0,veh_022,1001.6,11.152670464320618,7.363512270551943,2.0566774302627886,e23_0,7.952670464320618,e23
1007,93.0,veh_023,355.44099108537694,498.4,15.704932859864787,0.18978366823867,e54_0,352.24099108537695,e54
1007,94.0,veh_000,1001.6,473.98038484101426,16.402988415891308,-0.24434396807570025,e23_0,470.78038484101427,e23
1007,94.0,veh_001,948.5411208823991,498.4,16.337096549351703,0.36301355046685835,e43_0,448.54112088239924,e43
1007,94.0,veh_002,1001.6,406.0269383083225,16.258060624469028,0.32572548331227047,e23_0,402.8269383083225,e23
1007,94.0,veh_003,901.3715409021892,498.4,16.54601112106815,0.13568575683049744,e43_0,401.3715409021892,e43
1007,94.0,veh_004,1001.6,370.8978944420734,15.98112576585729,-0.5070240735076368,e23_0,367.6978944420734,e23
1007,94.0,veh_005,780.2913352924836,498.4,15.631900325753168,0.6712773284828284,e43_0,280.2913352924837,e43
1007,94.0,veh_006,1001.6,331.5163298110047,16.445765987052585,0.5445571880182261,e23_0,328.3163298110047,e23
1007,94.0,veh_007,755.8699385154517,498.4,15.076481625937491,-0.5029424622689813,e43_0,255.86993851545176,e43
1007,94.0,veh_008,1001.6,298.4810464474492,16.515030634868893,0.4587148436950521,e23_0,295.2810464474492,e23
1007,94.0,veh_009,723.9220277716238,498.4,16.074908902985044,-0.5543136730184806,e43_0,223.92202777162385,e43
1007,94.0,veh_010,1001.6,261.55665450102003,15.909422814026478,-0.5772782132495173,e23_0,258.35665450102005,e23
1007,94.0,veh_011,592.9016750736355,498.4,13.957335046885246,-0.6310127125354494,e43_0,92.90167507363547,e43
1007,94.0,veh_012,1001.6,208.40539657164953,15.455368945477192,-0.518540622931905,e23_0,205.20539657164954,e23
1007,94.0,veh_013,570.1220710974195,498.4,14.680328123909142,0.11393282868030319,e43_0,70.12207109741956,e43
1007,94.0,veh_014,1001.6,178.26241702313197,15.690733675625305,-0.13250846047885645,e23_0,175.06241702313199,e23
1007,94.0,veh_015,545.99667387809,498.4,14.70714081849001,0.04974320671097843,e43_0,45.99667387808991,e43
1007,94.0,veh_016,1001.6,135.306965857202,16.018328214692886,-0.4845540363388139,e23_0,132.106965857202,e23
1007,94.0,veh_017,518.6809473113916,498.4,15.496704642906826,-0.029667316503624974,e43_0,18.680947311391634,e43
1007,94.0,veh_018,1001.6,97.12552763081628,16.27951285795745,-0.032112181107510906,e23_0,93.92552763081628,e23
1007,94.0,veh_019,481.7111831598749,498.4,16.287561960900206,-0.159882094245404,e54_0,478.5111831598749,e54
1007,94.0,veh_020,1001.6,56.45339192566472,15.478775376838652,2.582120305956341,e23_0,53.253391925664715,e23
1007,94.0,veh_021,429.50511860747577,498.4,16.439668713132853,0.18851147074252594,e54_0,426.3051186074758,e54
1007,94.0,veh_022,1001.6,20.37225253009179,9.21958206577117,1.856069795219228,e23_0,17.17225253009179,e23
1007,94.0,veh_023,370.79575619472575,498.4,15.354765109348811,-0.3501677505159755,e54_0,367.59575619472577,e54
1007,95.0,veh_000,1001.6,486.9842001690448,13.003815328030575,-3.399173087860733,e23_0,483.7842001690448,e23
1007,95.0,veh_001,964.9235498240141,498.4,16.38242894161493,0.045332392263226495,e43_0,464.9235498240142,e43
1007,95.0,veh_002,1001.6,421.72901149451604,15.70207318619355,-0.5559874382754781,e23_0,418.52901149451606,e23
1007,95.0,veh_003,918.0261191877418,498.4,16.654578285552564,0.10856716448441261,e43_0,418.0261191877418,e43
1007,95.0,veh_004,1001.6,387.41921443427105,16.52131999219768,0.5401942263403896,e23_0,384.21921443427107,e23
1007,95.0,veh_005,796.0002827543369,498.4,15.708947461853178,0.0770471361000098,e43_0,296.0002827543369,e43
1007,95.0,veh_006,1001.6,347.43555711117926,15.919227300174535,-0.5265386868780499,e23_0,344.2355571111793,e23
1007,95.0,veh_007,771.5364589659803,498.4,15.66652045052853,0.5900388245910388,e43_0,271.5364589659803,e43
1007,95.0,veh_008,1001.6,315.0105643888776,16.52951794142835,0.014487306559455959,e23_0,311.8105643888776,e23
1007,95.0,veh_009,740.2630160379335,498.4,16.340988266309726,0.26607936332468185,e43_0,240.26301603793357,e43
1007,95.0,veh_010,1001.6,277.94628186356096,16.389627362540924,0.4802045485144468,e23_0,274.74628186356097,e23
1007,95.0,veh_011,606.822474020135,498.4,13.920798946499536,-0.03653610038571031,e43_0,106.822474020135,e43
1007,95.0,veh_012,1001.6,224.20281566338235,15.797419091732834,0.3420501462556427,e23_0,221.00281566338236,e23
1007,95.0,veh_013,583.826064070278,498.4,13.703992972858435,-0.9763351510507068,e43_0,83.826064070278,e43
1007,95.0,veh_014,1001.6,194.5367172423429,16.274300219210925,0.5835665435856203,e23_0,191.3367172423429,e23
1007,95.0,veh_015,560.9529995136315,498.4,14.956325635541615,0.24918481705160467,e43_0,60.952999513631525,e43
1007,95.0,veh_016,1001.6,151.45875084162017,16.151784984418192,0.1334567697253064,e23_0,148.25875084162018,e23
1007,95.0,veh_017,534.1715488848195,498.4,15.490601573427863,-0.006103069478962553,e43_0,34.1715488848195,e43
1007,95.0,veh_018,1001.6,112.75018796056021,15.624660329743925,-0.6548525282135245,e23_0,109.55018796056021,e23
1007,95.0,veh_019,498.14774795605535,498.4,16.436564796180466,0.14900283528026037,e54_0,494.94774795605537,e54
1007,95.0,veh_020,1001.6,72.4254872117146,15.972095286049882,0.49331990921123037,e23_0,69.2254872117146,e23
1007,95.0,veh_021,445.7578092618169,498.4,16.252690654341134,-0.1869780587917198,e54_0,442.5578092618169,e54
1007,95.0,veh_022,1001.6,31.832998206753466,11.460745676661677,2.2411636108905064,e23_0,28.632998206753467,e23
1007,95.0,veh_023,386.78201508050586,498.4,15.986258885780119,0.6314937764313076,e54_0,383.58201508050587,e54
