message_id,original_message_id,case_id,observation_root_id,seed,sender_vehicle_id,pseudonym,message_type,generated_at,true_x,true_y,true_speed_mps,true_acceleration_mps2,reported_x,reported_y,reported_speed_mps,reported_acceleration_mps2,nonce,certificate_valid,denm_claimed,attack_type,ground_truth_malicious,retransmission_index,payload
cam-1008-veh_000-000000,cam-1008-veh_000-000000,case-intersection-1008-veh_000-benign,root-bd56706d60a87068f523f07f,1008,veh_000,ps-c836b37964202f27,CAM,1.0,5.1,498.4,12.0,0.0,5.1,498.4,12.0,0.0,nonce-bd56706d60a87068f523,True,False,benign,False,0,"{""attack_ended_at"": 1.0, ""case_opened_at"": 1.0, ""lane_id"": ""wc_0"", ""road_id"": ""wc""}"
cam-1008-veh_000-000001,cam-1008-veh_000-000001,case-intersection-1008-veh_000-benign,root-4899010d999df184e0f1664a,1008,veh_000,ps-c836b37964202f27,CAM,2.0,19.667988911839203,498.4,14.567988911839201,2.567988911839201,19.667988911839203,498.4,14.567988911839201,2.567988911839201,nonce-4899010d999df184e0f1,True,False,benign,False,0,"{""attack_ended_at"": 2.0, ""case_opened_at"": 2.0, ""lane_id"": ""wc_0"", ""road_id"": ""wc""}"
cam-1008-veh_001-000000,cam-1008-veh_001-000000,case-intersection-1008-veh_001-benign,root-e56f4e4a544c324031200fe5,1008,veh_001,ps-06cf0c7bb8481f37,CAM,2.0,994.9,501.6,13.0,0.0,994.9,501.6,13.0,0.0,nonce-e56f4e4a544c32403120,True,False,benign,False,0,"{""attack_ended_at"": 2.0, ""case_opened_at"": 2.0, ""lane_id"": ""ec_0"", ""road_id"": ""ec""}"
cam-1008-veh_000-000002,cam-1008-veh_000-000002,case-intersection-1008-veh_000-benign,root-025348c016bb3291c6d20fd9,1008,veh_000,ps-c836b37964202f27,CAM,3.0,36.25925930074882,498.4,16.591270388909617,2.023281477070416,36.25925930074882,498.4,16.591270388909617,2.023281477070416,nonce-025348c016bb3291c6d2,True,False,benign,False,0,"{""attack_ended_at"": 3.0, ""case_opened_at"": 3.0, ""lane_id"": ""wc_0"", ""road_id"": ""wc""}"
cam-1008-veh_001-000001,cam-1008-veh_001-000001,case-intersection-1008-veh_001-benign,root-66a163252c31ffaa9bc0d4fc,1008,veh_001,ps-06cf0c7bb8481f37,CAM,3.0,979.5742846088344,501.6,15.325715391165577,2.325715391165577,979.5742846088344,501.6,15.325715391165577,2.325715391165577,nonce-66a163252c31ffaa9bc0,True,False,benign,False,0,"{""attack_ended_at"": 3.0, ""case_opened_at"": 3.0, ""lane_id"": ""ec_0"", ""road_id"": ""ec""}"
cam-1008-veh_002-000000,cam-1008-veh_002-000000,case-intersection-1008-veh_002-benign,root-3466d8c311a24947383a8bd1,1008,veh_002,ps-c10217be2cfbfbad,CAM,3.0,501.6,5.1,12.0,0.0,501.6,5.1,12.0,0.0,nonce-3466d8c311a24947383a,True,False,benign,False,0,"{""attack_ended_at"": 3.0, ""case_opened_at"": 3.0, ""lane_id"": ""sc_0"", ""road_id"": ""sc""}"
cam-1008-veh_000-000003,cam-1008-veh_000-000003,case-intersection-1008-veh_000-benign,root-c2e1e2ce728f081af40efda6,1008,veh_000,ps-c836b37964202f27,CAM,4.0,52.60963902852964,498.4,16.35037972778082,-0.2408906611287982,52.60963902852964,498.4,16.35037972778082,-0.2408906611287982,nonce-c2e1e2ce728f081af40e,True,False,benign,False,0,"{""attack_ended_at"": 4.0, ""case_opened_at"": 4.0, ""lane_id"": ""wc_0"", ""road_id"": ""wc""}"
cam-1008-veh_001-000002,cam-1008-veh_001-000002,case-intersection-1008-veh_001-benign,root-c735d421e1a357a269afa461,1008,veh_001,ps-06cf0c7bb8481f37,CAM,4.0,963.1508674249612,501.6,16.423417183873244,1.0977017927076673,963.1508674249612,501.6,16.423417183873244,1.0977017927076673,nonce-c735d421e1a357a269af,True,False,benign,False,0,"{""attack_ended_at"": 4.0, ""case_opened_at"": 4.0, ""lane_id"": ""ec_0"", ""road_id"": ""ec""}"
cam-1008-veh_002-000001,cam-1008-veh_002-000001,case-intersection-1008-veh_002-benign,root-e3ed3e4e38e5212ca304b33e,1008,veh_002,ps-c10217be2cfbfbad,CAM,4.0,501.6,19.137836817572826,14.037836817572824,2.037836817572824,501.6,19.137836817572826,14.037836817572824,2.037836817572824,nonce-e3ed3e4e38e5212ca304,True,False,benign,False,0,"{""attack_ended_at"": 4.0, ""case_opened_at"": 4.0, ""lane_id"": ""sc_0"", ""road_id"": ""sc""}"
cam-1008-veh_003-000000,cam-1008-veh_003-000000,case-intersection-1008-veh_003-benign,root-8cae3790e61224d4d9ff5827,1008,veh_003,ps-b84d6e13ef43c957,CAM,4.0,498.4,994.9,13.0,0.0,498.4,994.9,13.0,0.0,nonce-8cae3790e61224d4d9ff,True,False,benign,False,0,"{""attack_ended_at"": 4.0, ""case_opened_at"": 4.0, ""lane_id"": ""nc_0"", ""road_id"": ""nc""}"
cam-1008-veh_000-000004,cam-1008-veh_000-000004,case-intersection-1008-veh_000-benign,root-45b899548f6473842ce8393d,1008,veh_000,ps-c836b37964202f27,CAM,5.0,69.25196426470765,498.4,16.642325236178007,0.2919455083971876,69.25196426470765,498.4,16.642325236178007,0.2919455083971876,nonce-45b899548f6473842ce8,True,False,benign,False,0,"{""attack_ended_at"": 5.0, ""case_opened_at"": 5.0, ""lane_id"": ""wc_0"", ""road_id"": ""wc""}"
cam-1008-veh_001-000003,cam-1008-veh_001-000003,case-intersection-1008-veh_001-benign,root-48e98ae8b05c4e84ae4e8dff,1008,veh_001,ps-06cf0c7bb8481f37,CAM,5.0,947.1366392794345,501.6,16.014228145526722,-0.409189038346522,947.1366392794345,501.6,16.014228145526722,-0.409189038346522,nonce-48e98ae8b05c4e84ae4e,True,False,benign,False,0,"{""attack_ended_at"": 5.0, ""case_opened_at"": 5.0, ""lane_id"": ""ec_0"", ""road_id"": ""ec""}"
cam-1008-veh_002-000002,cam-1008-veh_002-000002,case-intersection-1008-veh_002-benign,root-b1536a254941191da139da5b,1008,veh_002,ps-c10217be2cfbfbad,CAM,5.0,501.6,33.52872645356554,14.390889635992714,0.35305281841989,501.6,33.52872645356554,14.390889635992714,0.35305281841989,nonce-b1536a254941191da139,True,False,benign,False,0,"{""attack_ended_at"": 5.0, ""case_opened_at"": 5.0, ""lane_id"": ""sc_0"", ""road_id"": ""sc""}"
cam-1008-veh_003-000001,cam-1008-veh_003-000001,case-intersection-1008-veh_003-benign,root-e4bdc3860b461b30d2921384,1008,veh_003,ps-b84d6e13ef43c957,CAM,5.0,498.4,979.3854125343543,15.514587465645745,2.5145874656457448,498.4,979.3854125343543,15.514587465645745,2.5145874656457448,nonce-e4bdc3860b461b30d292,True,False,benign,False,0,"{""attack_ended_at"": 5.0, ""case_opened_at"": 5.0, ""lane_id"": ""nc_0"", ""road_id"": ""nc""}"
cam-1008-veh_004-000000,cam-1008-veh_004-000000,case-intersection-1008-veh_004-benign,root-37dc3c1f73dc926b7ceca83a,1008,veh_004,ps-a4ec7ac7ed69787f,CAM,5.0,5.1,498.4,12.0,0.0,5.1,498.4,12.0,0.0,nonce-37dc3c1f73dc926b7cec,True,False,benign,False,0,"{""attack_ended_at"": 5.0, ""case_opened_at"": 5.0, ""lane_id"": ""wc_0"", ""road_id"": ""wc""}"
cam-1008-veh_000-000005,cam-1008-veh_000-000005,case-intersection-1008-veh_000-benign,root-49ebdd487bda26e5009cfe08,1008,veh_000,ps-c836b37964202f27,CAM,6.0,85.462767223157,498.4,16.21080295844935,-0.43152227772865714,85.462767223157,498.4,16.21080295844935,-0.43152227772865714,nonce-49ebdd487bda26e5009c,True,False,benign,False,0,"{""attack_ended_at"": 6.0, ""case_opened_at"": 6.0, ""lane_id"": ""wc_0"", ""road_id"": ""wc""}"
cam-1008-veh_001-000004,cam-1008-veh_001-000004,case-intersection-1008-veh_001-benign,root-6110f6f2ee4c4838bb00509e,1008,veh_001,ps-06cf0c7bb8481f37,CAM,6.0,930.7114151091035,501.6,16.425224170330914,0.4109960248041915,930.7114151091035,501.6,16.425224170330914,0.4109960248041915,nonce-6110f6f2ee4c4838bb00,True,False,benign,False,0,"{""attack_ended_at"": 6.0, ""case_opened_at"": 6.0, ""lane_id"": ""ec_0"", ""road_id"": ""ec""}"
cam-1008-veh_002-000003,cam-1008-veh_002-000003,case-intersection-1008-veh_002-benign,root-ddece54684f9bf34144f05da,1008,veh_002,ps-c10217be2cfbfbad,CAM,6.0,501.6,48.045043008506326,14.516316554940783,0.1254269189480688,501.6,48.045043008506326,14.516316554940783,0.1254269189480688,nonce-ddece54684f9bf34144f,True,False,benign,False,0,"{""attack_ended_at"": 6.0, ""case_opened_at"": 6.0, ""lane_id"": ""sc_0"", ""road_id"": ""sc""}"
cam-1008-veh_003-000002,cam-1008-veh_003-000002,case-intersection-1008-veh_003-benign,root-a449dd044fb042d774a8056e,1008,veh_003,ps-b84d6e13ef43c957,CAM,6.0,498.4,963.4056982254749,15.97971430887934,0.46512684323359466,498.4,963.4056982254749,15.97971430887934,0.46512684323359466,nonce-a449dd044fb042d774a8,True,False,benign,False,0,"{""attack_ended_at"": 6.0, ""case_opened_at"": 6.0, ""lane_id"": ""nc_0"", ""road_id"": ""nc""}"
cam-1008-veh_004-000001,cam-1008-veh_004-000001,case-intersection-1008-veh_004-benign,root-03fc07c7a106816c7002e4b8,1008,veh_004,ps-a4ec7ac7ed69787f,CAM,6.0,19.404615399651227,498.4,14.30461539965123,2.3046153996512295,19.404615399651227,498.4,14.30461539965123,2.3046153996512295,nonce-03fc07c7a106816c7002,True,False,benign,False,0,"{""attack_ended_at"": 6.0, ""case_opened_at"": 6.0, ""lane_id"": ""wc_0"", ""road_id"": ""wc""}"
cam-1008-veh_005-000000,cam-1008-veh_005-000000,case-intersection-1008-veh_005-benign,root-69342552d07a31d8aea2b43b,1008,veh_005,ps-969b062779822854,CAM,6.0,994.9,501.6,13.0,0.0,994.9,501.6,13.0,0.0,nonce-69342552d07a31d8aea2,True,False,benign,False,0,"{""attack_ended_at"": 6.0, ""case_opened_at"": 6.0, ""lane_id"": ""ec_0"", ""road_id"": ""ec""}"
cam-1008-veh_000-000006,cam-1008-veh_000-000006,case-intersection-1008-veh_000-benign,root-c40c875c63e29d19e4fba8bd,1008,veh_000,ps-c836b37964202f27,CAM,7.0,101.43081925825217,498.4,15.968052035095171,-0.24275092335417803,101.43081925825217,498.4,15.968052035095171,-0.24275092335417803,nonce-c40c875c63e29d19e4fb,True,False,benign,False,0,"{""attack_ended_at"": 7.0, ""case_opened_at"": 7.0, ""lane_id"": ""wc_0"", ""road_id"": ""wc""}"
cam-1008-veh_001-000005,cam-1008-veh_001-000005,case-intersection-1008-veh_001-benign,root-00122b8faafd482ef6d41f83,1008,veh_001,ps-06cf0c7bb8481f37,CAM,7.0,914.7869412567047,501.6,15.924473852398807,-0.5007503179321073,914.7869412567047,501.6,15.924473852398807,-0.5007503179321073,nonce-00122b8faafd482ef6d4,True,False,benign,False,0,"{""attack_ended_at"": 7.0, ""case_opened_at"": 7.0, ""lane_id"": ""ec_0"", ""road_id"": ""ec""}"
cam-1008-veh_002-000004,cam-1008-veh_002-000004,case-intersection-1008-veh_002-benign,root-13057b7a9cd4846e4a79577c,1008,veh_002,ps-c10217be2cfbfbad,CAM,7.0,501.6,62.597710017152636,14.55266700864631,0.03635045370552703,501.6,62.597710017152636,14.55266700864631,0.03635045370552703,nonce-13057b7a9cd4846e4a79,True,False,benign,False,0,"{""attack_ended_at"": 7.0, ""case_opened_at"": 7.0, ""lane_id"": ""sc_0"", ""road_id"": ""sc""}"
cam-1008-veh_003-000003,cam-1008-veh_003-000003,case-intersection-1008-veh_003-benign,root-8494485d59bff6bdfadd6850,1008,veh_003,ps-b84d6e13ef43c957,CAM,7.0,498.4,947.2056369380281,16.200061287446882,0.2203469785675427,498.4,947.2056369380281,16.200061287446882,0.2203469785675427,nonce-8494485d59bff6bdfadd,True,False,benign,False,0,"{""attack_ended_at"": 7.0, ""case_opened_at"": 7.0, ""lane_id"": ""nc_0"", ""road_id"": ""nc""}"
cam-1008-veh_004-000002,cam-1008-veh_004-000002,case-intersection-1008-veh_004-benign,root-a8cb998f90c71e66a9c79d00,1008,veh_004,ps-a4ec7ac7ed69787f,CAM,7.0,34.66277070616295,498.4,15.258155306511723,0.9535399068604935,34.66277070616295,498.4,15.258155306511723,0.9535399068604935,nonce-a8cb998f90c71e66a9c7,True,False,benign,False,0,"{""attack_ended_at"": 7.0, ""case_opened_at"": 7.0, ""lane_id"": ""wc_0"", ""road_id"": ""wc""}"
cam-1008-veh_005-000001,cam-1008-veh_005-000001,case-intersection-1008-veh_005-benign,root-ed044f719002bc2bed496831,1008,veh_005,ps-969b062779822854,CAM,7.0,979.5798859825824,501.6,15.320114017417653,2.3201140174176533,979.5798859825824,501.6,15.320114017417653,2.3201140174176533,nonce-ed044f719002bc2bed49,True,False,benign,False,0,"{""attack_ended_at"": 7.0, ""case_opened_at"": 7.0, ""lane_id"": ""ec_0"", ""road_id"": ""ec""}"
cam-1008-veh_006-000000,cam-1008-veh_006-000000,case-intersection-1008-veh_006-benign,root-b269cc138c3fd541ad873363,1008,veh_006,ps-65fe799408ea4704,CAM,7.0,501.6,5.1,12.0,0.0,501.6,5.1,12.0,0.0,nonce-b269cc138c3fd541ad87,True,False,benign,False,0,"{""attack_ended_at"": 7.0, ""case_opened_at"": 7.0, ""lane_id"": ""sc_0"", ""road_id"": ""sc""}"
cam-1008-veh_000-000007,cam-1008-veh_000-000007,case-intersection-1008-veh_000-benign,root-05c1e97107682d1e3d7df4ba,1008,veh_000,ps-c836b37964202f27,CAM,8.0,118.00634962255137,498.4,16.575530364299194,0.6074783292040227,118.00634962255137,498.4,16.575530364299194,0.6074783292040227,nonce-05c1e97107682d1e3d7d,True,False,benign,False,0,"{""attack_ended_at"": 8.0, ""case_opened_at"": 8.0, ""lane_id"": ""wc_0"", ""road_id"": ""wc""}"
cam-1008-veh_001-000006,cam-1008-veh_001-000006,case-intersection-1008-veh_001-benign,root-afcbf707a005d212b78f12b2,1008,veh_001,ps-06cf0c7bb8481f37,CAM,8.0,898.2624720307533,501.6,16.52446922595147,0.5999953735526642,898.2624720307533,501.6,16.52446922595147,0.5999953735526642,nonce-afcbf707a005d212b78f,True,False,benign,False,0,"{""attack_ended_at"": 8.0, ""case_opened_at"": 8.0, ""lane_id"": ""ec_0"", ""road_id"": ""ec""}"
cam-1008-veh_002-000005,cam-1008-veh_002-000005,case-intersection-1008-veh_002-benign,root-db6618f35c01345df26d90a8,1008,veh_002,ps-c10217be2cfbfbad,CAM,8.0,501.6,76.90882608301384,14.311116065861203,-0.24155094278510703,501.6,76.90882608301384,14.311116065861203,-0.24155094278510703,nonce-db6618f35c01345df26d,True,False,benign,False,0,"{""attack_ended_at"": 8.0, ""case_opened_at"": 8.0, ""lane_id"": ""sc_0"", ""road_id"": ""sc""}"
cam-1008-veh_003-000004,cam-1008-veh_003-000004,case-intersection-1008-veh_003-benign,root-7c39aaf2d331f2f7b4c06dbc,1008,veh_003,ps-b84d6e13ef43c957,CAM,8.0,498.4,931.2624761769688,15.943160761059264,-0.25690052638761784,498.4,931.2624761769688,15.943160761059264,-0.25690052638761784,nonce-7c39aaf2d331f2f7b4c0,True,False,benign,False,0,"{""attack_ended_at"": 8.0, ""case_opened_at"": 8.0, ""lane_id"": ""nc_0"", ""road_id"": ""nc""}"
cam-1008-veh_004-000003,cam-1008-veh_004-000003,case-intersection-1008-veh_004-benign,root-23fb3a7a3cbb04ada39fb64f,1008,veh_004,ps-a4ec7ac7ed69787f,CAM,8.0,49.798896037934675,498.4,15.136125331771725,-0.12202997473999844,49.798896037934675,498.4,15.136125331771725,-0.12202997473999844,nonce-23fb3a7a3cbb04ada39f,True,False,benign,False,0,"{""attack_ended_at"": 8.0, ""case_opened_at"": 8.0, ""lane_id"": ""wc_0"", ""road_id"": ""wc""}"
cam-1008-veh_005-000002,cam-1008-veh_005-000002,case-intersection-1008-veh_005-benign,root-933a5ceb536470baf56a29bb,1008,veh_005,ps-969b062779822854,CAM,8.0,964.0449776855851,501.6,15.534908296997264,0.2147942795796105,964.0449776855851,501.6,15.534908296997264,0.2147942795796105,nonce-933a5ceb536470baf56a,True,False,benign,False,0,"{""attack_ended_at"": 8.0, ""case_opened_at"": 8.0, ""lane_id"": ""ec_0"", ""road_id"": ""ec""}"
cam-1008-veh_006-000001,cam-1008-veh_006-000001,case-intersection-1008-veh_006-benign,root-76e5e47756f5de51e3789996,1008,veh_006,ps-65fe799408ea4704,CAM,8.0,501.6,19.349181042592974,14.249181042592973,2.249181042592973,501.6,19.349181042592974,14.249181042592973,2.249181042592973,nonce-76e5e47756f5de51e378,True,False,benign,False,0,"{""attack_ended_at"": 8.0, ""case_opened_at"": 8.0, ""lane_id"": ""sc_0"", ""road_id"": ""sc""}"
cam-1008-veh_007-000000,cam-1008-veh_007-000000,case-intersection-1008-veh_007-benign,root-e01049e3d108b66c39697ddf,1008,veh_007,ps-30c2a00c607f04e2,CAM,8.0,498.4,994.9,13.0,0.0,498.4,994.9,13.0,0.0,nonce-e01049e3d108b66c3969,True,False,benign,False,0,"{""attack_ended_at"": 8.0, ""case_opened_at"": 8.0, ""lane_id"": ""nc_0"", ""road_id"": ""nc""}"
cam-1008-veh_000-000008,cam-1008-veh_000-000008,case-intersection-1008-veh_000-benign,root-8d0b6d985f559c28846eda46,1008,veh_000,ps-c836b37964202f27,CAM,9.0,134.54359486125878,498.4,16.537245238707403,-0.038285125591791314,134.54359486125878,498.4,16.537245238707403,-0.038285125591791314,nonce-8d0b6d985f559c28846e,True,False,benign,False,0,"{""attack_ended_at"": 9.0, ""case_opened_at"": 9.0, ""lane_id"": ""wc_0"", ""road_id"": ""wc""}"
cam-1008-veh_001-000007,cam-1008-veh_001-000007,case-intersection-1008-veh_001-benign,root-d13a5d27d8d5261828b686c3,1008,veh_001,ps-06cf0c7bb8481f37,CAM,9.0,881.8967825305461,501.6,16.365689500207083,-0.15877972574438814,881.8967825305461,501.6,16.365689500207083,-0.15877972574438814,nonce-d13a5d27d8d5261828b6,True,False,benign,False,0,"{""attack_ended_at"": 9.0, ""case_opened_at"": 9.0, ""lane_id"": ""ec_0"", ""road_id"": ""ec""}"
cam-1008-veh_002-000006,cam-1008-veh_002-000006,case-intersection-1008-veh_002-benign,root-626a7228627c79f71787a74c,1008,veh_002,ps-c10217be2cfbfbad,CAM,9.0,501.6,91.0470140219783,14.138187938964471,-0.17292812689673198,501.6,91.0470140219783,14.138187938964471,-0.17292812689673198,nonce-626a7228627c79f71787,True,False,benign,False,0,"{""attack_ended_at"": 9.0, ""case_opened_at"": 9.0, ""lane_id"": ""sc_0"", ""road_id"": ""sc""}"
cam-1008-veh_003-000005,cam-1008-veh_003-000005,case-intersection-1008-veh_003-benign,root-5ed68f7bde4bb2fa204bdbed,1008,veh_003,ps-b84d6e13ef43c957,CAM,9.0,498.4,915.3178396453987,15.944636531569996,0.0014757705107317776,498.4,915.3178396453987,15.944636531569996,0.0014757705107317776,nonce-5ed68f7bde4bb2fa204b,True,False,benign,False,0,"{""attack_ended_at"": 9.0, ""case_opened_at"": 9.0, ""lane_id"": ""nc_0"", ""road_id"": ""nc""}"
cam-1008-veh_004-000004,cam-1008-veh_004-000004,case-intersection-1008-veh_004-benign,root-d195b98b927ce3bc555a7365,1008,veh_004,ps-a4ec7ac7ed69787f,CAM,9.0,65.42151966864479,498.4,15.62262363071011,0.48649829893838614,65.42151966864479,498.4,15.62262363071011,0.48649829893838614,nonce-d195b98b927ce3bc555a,True,False,benign,False,0,"{""attack_ended_at"": 9.0, ""case_opened_at"": 9.0, ""lane_id"": ""wc_0"", ""road_id"": ""wc""}"
cam-1008-veh_005-000003,cam-1008-veh_005-000003,case-intersection-1008-veh_005-benign,root-d8319e0f8b30c0da4273c838,1008,veh_005,ps-969b062779822854,CAM,9.0,948.2063955744998,501.6,15.83858211108537,0.303673814088107,948.2063955744998,501.6,15.83858211108537,0.303673814088107,nonce-d8319e0f8b30c0da4273,True,False,benign,False,0,"{""attack_ended_at"": 9.0, ""case_opened_at"": 9.0, ""lane_id"": ""ec_0"", ""road_id"": ""ec""}"
cam-1008-veh_006-000002,cam-1008-veh_006-000002,case-intersection-1008-veh_006-benign,root-da1c0f4a2eae55aaa4c856d1,1008,veh_006,ps-65fe799408ea4704,CAM,9.0,501.6,35.267221348797904,15.918040306204931,1.6688592636119584,501.6,35.267221348797904,15.918040306204931,1.6688592636119584,nonce-da1c0f4a2eae55aaa4c8,True,False,benign,False,0,"{""attack_ended_at"": 9.0, ""case_opened_at"": 9.0, ""lane_id"": ""sc_0"", ""road_id"": ""sc""}"
cam-1008-veh_007-000001,cam-1008-veh_007-000001,case-intersection-1008-veh_007-benign,root-a6420384b5fa042a534720f2,1008,veh_007,ps-30c2a00c607f04e2,CAM,9.0,498.4,979.3937206042605,15.506279395739547,2.506279395739547,498.4,979.3937206042605,15.506279395739547,2.506279395739547,nonce-a6420384b5fa042a5347,True,False,benign,False,0,"{""attack_ended_at"": 9.0, ""case_opened_at"": 9.0, ""lane_id"": ""nc_0"", ""road_id"": ""nc""}"
cam-1008-veh_008-000000,cam-1008-veh_008-000000,case-intersection-1008-veh_008-benign,root-73e87d17645f9352b36a088c,1008,veh_008,ps-82218acb1d94705f,CAM,9.0,5.1,498.4,12.0,0.0,5.1,498.4,12.0,0.0,nonce-73e87d17645f9352b36a,True,False,benign,False,0,"{""attack_ended_at"": 9.0, ""case_opened_at"": 9.0, ""lane_id"": ""wc_0"", ""road_id"": ""wc""}"
cam-1008-veh_000-000009,cam-1008-veh_000-000009,case-intersection-1008-veh_000-benign,root-a4de131dd7cb10b29e7aae5c,1008,veh_000,ps-c836b37964202f27,CAM,10.0,150.4802637885232,498.4,15.936668927264401,-0.6005763114430014,150.4802637885232,498.4,15.936668927264401,-0.6005763114430014,nonce-a4de131dd7cb10b29e7a,True,False,benign,False,0,"{""attack_ended_at"": 10.0, ""case_opened_at"": 10.0, ""lane_id"": ""wc_0"", ""road_id"": ""wc""}"
cam-1008-veh_001-000008,cam-1008-veh_001-000008,case-intersection-1008-veh_001-benign,root-bf71536330bb257c7755c089,1008,veh_001,ps-06cf0c7bb8481f37,CAM,10.0,865.4495307771024,501.6,16.447251753443854,0.08156225323677191,865.4495307771024,501.6,16.447251753443854,0.08156225323677191,nonce-bf71536330bb257c7755,True,False,benign,False,0,"{""attack_ended_at"": 10.0, ""case_opened_at"": 10.0, ""lane_id"": ""ec_0"", ""road_id"": ""ec""}"
cam-1008-veh_002-000007,cam-1008-veh_002-000007,case-intersection-1008-veh_002-benign,root-8f9f31f687feb28c91da863a,1008,veh_002,ps-c10217be2cfbfbad,CAM,10.0,501.6,105.65428649017221,14.607272468193912,0.4690845292294412,501.6,105.65428649017221,14.607272468193912,0.4690845292294412,nonce-8f9f31f687feb28c91da,True,False,benign,False,0,"{""attack_ended_at"": 10.0, ""case_opened_at"": 10.0, ""lane_id"": ""sc_0"", ""road_id"": ""sc""}"
cam-1008-veh_003-000006,cam-1008-veh_003-000006,case-intersection-1008-veh_003-benign,root-e43911f3cea1007b58485e56,1008,veh_003,ps-b84d6e13ef43c957,CAM,10.0,498.4,898.706966266539,16.610873378859836,0.6662368472898397,498.4,898.706966266539,16.610873378859836,0.6662368472898397,nonce-e43911f3cea1007b5848,True,False,benign,False,0,"{""attack_ended_at"": 10.0, ""case_opened_at"": 10.0, ""lane_id"": ""nc_0"", ""road_id"": ""nc""}"
cam-1008-veh_004-000005,cam-1008-veh_004-000005,case-intersection-1008-veh_004-benign,root-09260d8a43bd9646a3329d40,1008,veh_004,ps-a4ec7ac7ed69787f,CAM,10.0,80.48906498951065,498.4,15.067545320865863,-0.555078309844248,80.48906498951065,498.4,15.067545320865863,-0.555078309844248,nonce-09260d8a43bd9646a332,True,False,benign,False,0,"{""attack_ended_at"": 10.0, ""case_opened_at"": 10.0, ""lane_id"": ""wc_0"", ""road_id"": ""wc""}"
cam-1008-veh_005-000004,cam-1008-veh_005-000004,case-intersection-1008-veh_005-benign,root-9b0beed87506fc0d58d988af,1008,veh_005,ps-969b062779822854,CAM,10.0,932.5251651771677,501.6,15.681230397332065,-0.1573517137533056,932.5251651771677,501.6,15.681230397332065,-0.1573517137533056,nonce-9b0beed87506fc0d58d9,True,False,benign,False,0,"{""attack_ended_at"": 10.0, ""case_opened_at"": 10.0, ""lane_id"": ""ec_0"", ""road_id"": ""ec""}"
cam-1008-veh_006-000003,cam-1008-veh_006-000003,case-intersection-1008-veh_006-benign,root-e17230dfcf00c5850fc01754,1008,veh_006,ps-65fe799408ea4704,CAM,10.0,501.6,51.52292724549305,16.255705896695147,0.33766559049021616,501.6,51.52292724549305,16.255705896695147,0.33766559049021616,nonce-e17230dfcf00c5850fc0,True,False,benign,False,0,"{""attack_ended_at"": 10.0, ""case_opened_at"": 10.0, ""lane_id"": ""sc_0"", ""road_id"": ""sc""}"
cam-1008-veh_007-000002,cam-1008-veh_007-000002,case-intersection-1008-veh_007-benign,root-21e262ad7667595c91ec4cb8,1008,veh_007,ps-30c2a00c607f04e2,CAM,10.0,498.4,962.9433209115639,16.45039969269652,0.9441202969569744,498.4,962.9433209115639,16.45039969269652,0.9441202969569744,nonce-21e262ad7667595c91ec,True,False,benign,False,0,"{""attack_ended_at"": 10.0, ""case_opened_at"": 10.0, ""lane_id"": ""nc_0"", ""road_id"": ""nc""}"
cam-1008-veh_008-000001,cam-1008-veh_008-000001,case-intersection-1008-veh_008-benign,root-8a300cc07659c8f823091b4f,1008,veh_008,ps-82218acb1d94705f,CAM,10.0,19.235662801396103,498.4,14.135662801396101,2.1356628013961014,19.235662801396103,498.4,14.135662801396101,2.1356628013961014,nonce-8a300cc07659c8f82309,True,False,benign,False,0,"{""attack_ended_at"": 10.0, ""case_opened_at"": 10.0, ""lane_id"": ""wc_0"", ""road_id"": ""wc""}"
cam-1008-veh_009-000000,cam-1008-veh_009-000000,case-intersection-1008-veh_009-benign,root-ca9f9d2b9b62db9fd92c7620,1008,veh_009,ps-7ceb479c74f04f24,CAM,10.0,994.9,501.6,13.0,0.0,994.9,501.6,13.0,0.0,nonce-ca9f9d2b9b62db9fd92c,True,False,benign,False,0,"{""attack_ended_at"": 10.0, ""case_opened_at"": 10.0, ""lane_id"": ""ec_0"", ""road_id"": ""ec""}"
cam-1008-veh_000-000010,cam-1008-veh_000-000010,case-intersection-1008-veh_000-benign,root-96dbb649f3ca6438668db33f,1008,veh_000,ps-c836b37964202f27,CAM,11.0,167.11908321164086,498.4,16.638819423117678,0.7021504958532763,167.11908321164086,498.4,16.638819423117678,0.7021504958532763,nonce-96dbb649f3ca6438668d,True,False,benign,False,0,"{""attack_ended_at"": 11.0, ""case_opened_at"": 11.0, ""lane_id"": ""wc_0"", ""road_id"": ""wc""}"
cam-1008-veh_001-000009,cam-1008-veh_001-000009,case-intersection-1008-veh_001-benign,root-370fbb5a66200cad8b325c86,1008,veh_001,ps-06cf0c7bb8481f37,CAM,11.0,849.315758703025,501.6,16.13377207407728,-0.31347967936657284,849.315758703025,501.6,16.13377207407728,-0.31347967936657284,nonce-370fbb5a66200cad8b32,True,False,benign,False,0,"{""attack_ended_at"": 11.0, ""case_opened_at"": 11.0, ""lane_id"": ""ec_0"", ""road_id"": ""ec""}"
cam-1008-veh_002-000008,cam-1008-veh_002-000008,case-intersection-1008-veh_002-benign,root-ab111a8df0cb9575f4c0910e,1008,veh_002,ps-c10217be2cfbfbad,CAM,11.0,501.6,119.93271001727281,14.278423527100601,-0.32884894109331064,501.6,119.93271001727281,14.278423527100601,-0.32884894109331064,nonce-ab111a8df0cb9575f4c0,True,False,benign,False,0,"{""attack_ended_at"": 11.0, ""case_opened_at"": 11.0, ""lane_id"": ""sc_0"", ""road_id"": ""sc""}"
cam-1008-veh_003-000007,cam-1008-veh_003-000007,case-intersection-1008-veh_003-benign,root-9aa171b4db00c850e9e66962,1008,veh_003,ps-b84d6e13ef43c957,CAM,11.0,498.4,882.7874786608572,15.919487605681645,-0.6913857731781903,498.4,882.7874786608572,15.919487605681645,-0.6913857731781903,nonce-9aa171b4db00c850e9e6,True,False,benign,False,0,"{""attack_ended_at"": 11.0, ""case_opened_at"": 11.0, ""lane_id"": ""nc_0"", ""road_id"": ""nc""}"
cam-1008-veh_004-000006,cam-1008-veh_004-000006,case-intersection-1008-veh_004-benign,root-3243d899a52d04cdddb3ffdf,1008,veh_004,ps-a4ec7ac7ed69787f,CAM,11.0,96.05873416591984,498.4,15.569669176409185,0.5021238555433225,96.05873416591984,498.4,15.569669176409185,0.5021238555433225,nonce-3243d899a52d04cdddb3,True,False,benign,False,0,"{""attack_ended_at"": 11.0, ""case_opened_at"": 11.0, ""lane_id"": ""wc_0"", ""road_id"": ""wc""}"
cam-1008-veh_005-000005,cam-1008-veh_005-000005,case-intersection-1008-veh_005-benign,root-227f8ec653af931363255b99,1008,veh_005,ps-969b062779822854,CAM,11.0,916.664334344112,501.6,15.860830833055616,0.17960043572355033,916.664334344112,501.6,15.860830833055616,0.17960043572355033,nonce-227f8ec653af93136325,True,False,benign,False,0,"{""attack_ended_at"": 11.0, ""case_opened_at"": 11.0, ""lane_id"": ""ec_0"", ""road_id"": ""ec""}"
cam-1008-veh_006-000004,cam-1008-veh_006-000004,case-intersection-1008-veh_006-benign,root-2846233aa94509686f550d48,1008,veh_006,ps-65fe799408ea4704,CAM,11.0,501.6,68.16179276741576,16.63886552192271,0.3831596252275631,501.6,68.16179276741576,16.63886552192271,0.3831596252275631,nonce-2846233aa94509686f55,True,False,benign,False,0,"{""attack_ended_at"": 11.0, ""case_opened_at"": 11.0, ""lane_id"": ""sc_0"", ""road_id"": ""sc""}"
cam-1008-veh_007-000003,cam-1008-veh_007-000003,case-intersection-1008-veh_007-benign,root-e09038097da8a9845b0ef214,1008,veh_007,ps-30c2a00c607f04e2,CAM,11.0,498.4,946.4989359817794,16.444384929784576,-0.0060147629119455814,498.4,946.4989359817794,16.444384929784576,-0.0060147629119455814,nonce-e09038097da8a9845b0e,True,False,benign,False,0,"{""attack_ended_at"": 11.0, ""case_opened_at"": 11.0, ""lane_id"": ""nc_0"", ""road_id"": ""nc""}"
cam-1008-veh_008-000002,cam-1008-veh_008-000002,case-intersection-1008-veh_008-benign,root-f6edd8eceda96f3bb1e8ab2f,1008,veh_008,ps-82218acb1d94705f,CAM,11.0,35.529030138379895,498.4,16.293367336983795,2.157704535587694,35.529030138379895,498.4,16.293367336983795,2.157704535587694,nonce-f6edd8eceda96f3bb1e8,True,False,benign,False,0,"{""attack_ended_at"": 11.0, ""case_opened_at"": 11.0, ""lane_id"": ""wc_0"", ""road_id"": ""wc""}"
cam-1008-veh_009-000001,cam-1008-veh_009-000001,case-intersection-1008-veh_009-benign,root-3c363e2cfde1b8426644f67e,1008,veh_009,ps-7ceb479c74f04f24,CAM,11.0,980.7398948482581,501.6,14.160105151741826,1.160105151741826,980.7398948482581,501.6,14.160105151741826,1.160105151741826,nonce-3c363e2cfde1b8426644,True,False,benign,False,0,"{""attack_ended_at"": 11.0, ""case_opened_at"": 11.0, ""lane_id"": ""ec_0"", ""road_id"": ""ec""}"
cam-1008-veh_010-000000,cam-1008-veh_010-000000,case-intersection-1008-veh_010-benign,root-643dbe3e611bbb2e5e9c0eb5,1008,veh_010,ps-3210978143869c35,CAM,11.0,501.6,5.1,12.0,0.0,501.6,5.1,12.0,0.0,nonce-643dbe3e611bbb2e5e9c,True,False,benign,False,0,"{""attack_ended_at"": 11.0, ""case_opened_at"": 11.0, ""lane_id"": ""sc_0"", ""road_id"": ""sc""}"
cam-1008-veh_000-000011,cam-1008-veh_000-000011,case-intersection-1008-veh_000-benign,root-ea6f5ca87cdc3ff4bce27a5f,1008,veh_000,ps-c836b37964202f27,CAM,12.0,183.44456139691178,498.4,16.325478185270914,-0.31334123784676393,183.44456139691178,498.4,16.325478185270914,-0.31334123784676393,nonce-ea6f5ca87cdc3ff4bce2,True,False,benign,False,0,"{""attack_ended_at"": 12.0, ""case_opened_at"": 12.0, ""lane_id"": ""wc_0"", ""road_id"": ""wc""}"
cam-1008-veh_001-000010,cam-1008-veh_001-000010,case-intersection-1008-veh_001-benign,root-1c6bbfbbd48644d1edce2451,1008,veh_001,ps-06cf0c7bb8481f37,CAM,12.0,832.7668374571623,501.6,16.548921245862733,0.4151491717854512,832.7668374571623,501.6,16.548921245862733,0.4151491717854512,nonce-1c6bbfbbd48644d1edce,True,False,benign,False,0,"{""attack_ended_at"": 12.0, ""case_opened_at"": 12.0, ""lane_id"": ""ec_0"", ""road_id"": ""ec""}"
cam-1008-veh_002-000009,cam-1008-veh_002-000009,case-intersection-1008-veh_002-benign,root-5da0c6eafaed4f02fdfce844,1008,veh_002,ps-c10217be2cfbfbad,CAM,12.0,501.6,134.26815724480252,14.335447227529727,0.05702370042912541,501.6,134.26815724480252,14.335447227529727,0.05702370042912541,nonce-5da0c6eafaed4f02fdfc,True,False,benign,False,0,"{""attack_ended_at"": 12.0, ""case_opened_at"": 12.0, ""lane_id"": ""sc_0"", ""road_id"": ""sc""}"
cam-1008-veh_003-000008,cam-1008-veh_003-000008,case-intersection-1008-veh_003-benign,root-3b39845a881973f4b9c3b17a,1008,veh_003,ps-b84d6e13ef43c957,CAM,12.0,498.4,866.5012065481069,16.28627211275045,0.36678450706880383,498.4,866.5012065481069,16.28627211275045,0.36678450706880383,nonce-3b39845a881973f4b9c3,True,False,benign,False,0,"{""attack_ended_at"": 12.0, ""case_opened_at"": 12.0, ""lane_id"": ""nc_0"", ""road_id"": ""nc""}"
cam-1008-veh_004-000007,cam-1008-veh_004-000007,case-intersection-1008-veh_004-benign,root-8478594be6788127cb6c2c98,1008,veh_004,ps-a4ec7ac7ed69787f,CAM,12.0,111.26203275471931,498.4,15.203298588799477,-0.3663705876097083,111.26203275471931,498.4,15.203298588799477,-0.3663705876097083,nonce-8478594be6788127cb6c,True,False,benign,False,0,"{""attack_ended_at"": 12.0, ""case_opened_at"": 12.0, ""lane_id"": ""wc_0"", ""road_id"": ""wc""}"
cam-1008-veh_005-000006,cam-1008-veh_005-000006,case-intersection-1008-veh_005-benign,root-a2ea7e446783e4b9e797ae33,1008,veh_005,ps-969b062779822854,CAM,12.0,900.5735924049441,501.6,16.09074193916803,0.2299111061124144,900.5735924049441,501.6,16.09074193916803,0.2299111061124144,nonce-a2ea7e446783e4b9e797,True,False,benign,False,0,"{""attack_ended_at"": 12.0, ""case_opened_at"": 12.0, ""lane_id"": ""ec_0"", ""road_id"": ""ec""}"
cam-1008-veh_006-000005,cam-1008-veh_006-000005,case-intersection-1008-veh_006-benign,root-b34f282f540bd52afc40d153,1008,veh_006,ps-65fe799408ea4704,CAM,12.0,501.6,84.15908485755325,15.99729209013749,-0.6415734317852202,501.6,84.15908485755325,15.99729209013749,-0.6415734317852202,nonce-b34f282f540bd52afc40,True,False,benign,False,0,"{""attack_ended_at"": 12.0, ""case_opened_at"": 12.0, ""lane_id"": ""sc_0"", ""road_id"": ""sc""}"
cam-1008-veh_007-000004,cam-1008-veh_007-000004,case-intersection-1008-veh_007-benign,root-0e476c3fde43017a4a36a031,1008,veh_007,ps-30c2a00c607f04e2,CAM,12.0,498.4,930.510492303716,15.988443678063343,-0.45594125172123334,498.4,930.510492303716,15.988443678063343,-0.45594125172123334,nonce-0e476c3fde43017a4a36,True,False,benign,False,0,"{""attack_ended_at"": 12.0, ""case_opened_at"": 12.0, ""lane_id"": ""nc_0"", ""road_id"": ""nc""}"
cam-1008-veh_008-000003,cam-1008-veh_008-000003,case-intersection-1008-veh_008-benign,root-977a9a5003247d9fc5ca2bbf,1008,veh_008,ps-82218acb1d94705f,CAM,12.0,51.81228213442024,498.4,16.283251996040345,-0.010115340943450235,51.81228213442024,498.4,16.283251996040345,-0.010115340943450235,nonce-977a9a5003247d9fc5ca,True,False,benign,False,0,"{""attack_ended_at"": 12.0, ""case_opened_at"": 12.0, ""lane_id"": ""wc_0"", ""road_id"": ""wc""}"
cam-1008-veh_009-000002,cam-1008-veh_009-000002,case-intersection-1008-veh_009-benign,root-8e3205af9299571fbab2b7b0,1008,veh_009,ps-7ceb479c74f04f24,CAM,12.0,967.1573458701035,501.6,13.582548978154609,-0.577556173587217,967.1573458701035,501.6,13.582548978154609,-0.577556173587217,nonce-8e3205af9299571fbab2,True,False,benign,False,0,"{""attack_ended_at"": 12.0, ""case_opened_at"": 12.0, ""lane_id"": ""ec_0"", ""road_id"": ""ec""}"
cam-1008-veh_010-000001,cam-1008-veh_010-000001,case-intersection-1008-veh_010-benign,root-98d4627e0cc57b738f0a5bf1,1008,veh_010,ps-3210978143869c35,CAM,12.0,501.6,19.520464076851496,14.420464076851495,2.420464076851495,501.6,19.520464076851496,14.420464076851495,2.420464076851495,nonce-98d4627e0cc57b738f0a,True,False,benign,False,0,"{""attack_ended_at"": 12.0, ""case_opened_at"": 12.0, ""lane_id"": ""sc_0"", ""road_id"": ""sc""}"
cam-1008-veh_011-000000,cam-1008-veh_011-000000,case-intersection-1008-veh_011-benign,root-f95fd13a4638f419382490db,1008,veh_011,ps-8a5d63d2056fbe7e,CAM,12.0,498.4,994.9,13.0,0.0,498.4,994.9,13.0,0.0,nonce-f95fd13a4638f4193824,True,False,benign,False,0,"{""attack_ended_at"": 12.0, ""case_opened_at"": 12.0, ""lane_id"": ""nc_0"", ""road_id"": ""nc""}"
cam-1008-veh_000-000012,cam-1008-veh_000-000012,case-intersection-1008-veh_000-benign,root-7688e683ccac5986a8fa1bdf,1008,veh_000,ps-c836b37964202f27,CAM,13.0,199.6814209615393,498.4,16.236859564627522,-0.08861862064339121,199.6814209615393,498.4,16.236859564627522,-0.08861862064339121,nonce-7688e683ccac5986a8fa,True,False,benign,False,0,"{""attack_ended_at"": 13.0, ""case_opened_at"": 13.0, ""lane_id"": ""wc_0"", ""road_id"": ""wc""}"
cam-1008-veh_001-000011,cam-1008-veh_001-000011,case-intersection-1008-veh_001-benign,root-c86d0a603a376f6921d51fa4,1008,veh_001,ps-06cf0c7bb8481f37,CAM,13.0,816.7553101387713,501.6,16.011527318391018,-0.5373939274717152,816.7553101387713,501.6,16.011527318391018,-0.5373939274717152,nonce-c86d0a603a376f6921d5,True,False,benign,False,0,"{""attack_ended_at"": 13.0, ""case_opened_at"": 13.0, ""lane_id"": ""ec_0"", ""road_id"": ""ec""}"
cam-1008-veh_002-000010,cam-1008-veh_002-000010,case-intersection-1008-veh_002-benign,root-05d1ed3a9ceb887e5024cbae,1008,veh_002,ps-c10217be2cfbfbad,CAM,13.0,501.6,148.10325361805184,13.835096373249323,-0.5003508542804038,501.6,148.10325361805184,13.835096373249323,-0.5003508542804038,nonce-05d1ed3a9ceb887e5024,True,False,benign,False,0,"{""attack_ended_at"": 13.0, ""case_opened_at"": 13.0, ""lane_id"": ""sc_0"", ""road_id"": ""sc""}"
cam-1008-veh_003-000009,cam-1008-veh_003-000009,case-intersection-1008-veh_003-benign,root-fe88d965aca5464f8ef1e38b,1008,veh_003,ps-b84d6e13ef43c957,CAM,13.0,498.4,850.6066355010029,15.894571047103966,-0.3917010656464832,498.4,850.6066355010029,15.894571047103966,-0.3917010656464832,nonce-fe88d965aca5464f8ef1,True,False,benign,False,0,"{""attack_ended_at"": 13.0, ""case_opened_at"": 13.0, ""lane_id"": ""nc_0"", ""road_id"": ""nc""}"
cam-1008-veh_004-000008,cam-1008-veh_004-000008,case-intersection-1008-veh_004-benign,root-b565692a9602c41dd7755aa6,1008,veh_004,ps-a4ec7ac7ed69787f,CAM,13.0,127.02497037169917,498.4,15.762937616979869,0.559639028180392,127.02497037169917,498.4,15.762937616979869,0.559639028180392,nonce-b565692a9602c41dd775,True,False,benign,False,0,"{""attack_ended_at"": 13.0, ""case_opened_at"": 13.0, ""lane_id"": ""wc_0"", ""road_id"": ""wc""}"
cam-1008-veh_005-000007,cam-1008-veh_005-000007,case-intersection-1008-veh_005-benign,root-0b45516981c3b9c0e702ede5,1008,veh_005,ps-969b062779822854,CAM,13.0,884.6240489749671,501.6,15.949543429976867,-0.14119850919116317,884.6240489749671,501.6,15.949543429976867,-0.14119850919116317,nonce-0b45516981c3b9c0e702,True,False,benign,False,0,"{""attack_ended_at"": 13.0, ""case_opened_at"": 13.0, ""lane_id"": ""ec_0"", ""road_id"": ""ec""}"
cam-1008-veh_006-000006,cam-1008-veh_006-000006,case-intersection-1008-veh_006-benign,root-73c7c786a61ff285b65e9610,1008,veh_006,ps-65fe799408ea4704,CAM,13.0,501.6,100.48283516567668,16.32375030812342,0.32645821798592856,501.6,100.48283516567668,16.32375030812342,0.32645821798592856,nonce-73c7c786a61ff285b65e,True,False,benign,False,0,"{""attack_ended_at"": 13.0, ""case_opened_at"": 13.0, ""lane_id"": ""sc_0"", ""road_id"": ""sc""}"
cam-1008-veh_007-000005,cam-1008-veh_007-000005,case-intersection-1008-veh_007-benign,root-66829e325e7f046f2f719fa3,1008,veh_007,ps-30c2a00c607f04e2,CAM,13.0,498.4,913.9806495122425,16.529842791473495,0.5413991134101526,498.4,913.9806495122425,16.529842791473495,0.5413991134101526,nonce-66829e325e7f046f2f71,True,False,benign,False,0,"{""attack_ended_at"": 13.0, ""case_opened_at"": 13.0, ""lane_id"": ""nc_0"", ""road_id"": ""nc""}"
cam-1008-veh_008-000004,cam-1008-veh_008-000004,case-intersection-1008-veh_008-benign,root-ece311953905d3692a6f009e,1008,veh_008,ps-82218acb1d94705f,CAM,13.0,68.3517458218895,498.4,16.539463687469254,0.2562116914289092,68.3517458218895,498.4,16.539463687469254,0.2562116914289092,nonce-ece311953905d3692a6f,True,False,benign,False,0,"{""attack_ended_at"": 13.0, ""case_opened_at"": 13.0, ""lane_id"": ""wc_0"", ""road_id"": ""wc""}"
cam-1008-veh_009-000003,cam-1008-veh_009-000003,case-intersection-1008-veh_009-benign,root-d434021db1505dfe774c7811,1008,veh_009,ps-7ceb479c74f04f24,CAM,13.0,953.0462880744234,501.6,14.111057795680189,0.5285088175255801,953.0462880744234,501.6,14.111057795680189,0.5285088175255801,nonce-d434021db1505dfe774c,True,False,benign,False,0,"{""attack_ended_at"": 13.0, ""case_opened_at"": 13.0, ""lane_id"": ""ec_0"", ""road_id"": ""ec""}"
cam-1008-veh_010-000002,cam-1008-veh_010-000002,case-intersection-1008-veh_010-benign,root-3f62a5d86c29a4ee3cbefbb9,1008,veh_010,ps-3210978143869c35,CAM,13.0,501.6,35.435486022494736,15.91502194564324,1.4945578687917447,501.6,35.435486022494736,15.91502194564324,1.4945578687917447,nonce-3f62a5d86c29a4ee3cbe,True,False,benign,False,0,"{""attack_ended_at"": 13.0, ""case_opened_at"": 13.0, ""lane_id"": ""sc_0"", ""road_id"": ""sc""}"
cam-1008-veh_011-000001,cam-1008-veh_011-000001,case-intersection-1008-veh_011-benign,root-75a2ca6964567bf1b8534b87,1008,veh_011,ps-8a5d63d2056fbe7e,CAM,13.0,498.4,979.9056561788882,14.994343821111755,1.9943438211117552,498.4,979.9056561788882,14.994343821111755,1.9943438211117552,nonce-75a2ca6964567bf1b853,True,False,benign,False,0,"{""attack_ended_at"": 13.0, ""case_opened_at"": 13.0, ""lane_id"": ""nc_0"", ""road_id"": ""nc""}"
cam-1008-veh_012-000000,cam-1008-veh_012-000000,case-intersection-1008-veh_012-benign,root-a933c9e7b0d517f8a6c01fe9,1008,veh_012,ps-d55e51c88c138a2d,CAM,13.0,5.1,498.4,12.0,0.0,5.1,498.4,12.0,0.0,nonce-a933c9e7b0d517f8a6c0,True,False,benign,False,0,"{""attack_ended_at"": 13.0, ""case_opened_at"": 13.0, ""lane_id"": ""wc_0"", ""road_id"": ""wc""}"
cam-1008-veh_000-000013,cam-1008-veh_000-000013,case-intersection-1008-veh_000-benign,root-fb78a15ead90831e422cf845,1008,veh_000,ps-c836b37964202f27,CAM,14.0,216.13757255914157,498.4,16.456151597602293,0.21929203297477073,216.13757255914157,498.4,16.456151597602293,0.21929203297477073,nonce-fb78a15ead90831e422c,True,False,benign,False,0,"{""attack_ended_at"": 14.0, ""case_opened_at"": 14.0, ""lane_id"": ""wc_0"", ""road_id"": ""wc""}"
cam-1008-veh_001-000012,cam-1008-veh_001-000012,case-intersection-1008-veh_001-benign,root-260ecc0e88035d9fe8ef1aae,1008,veh_001,ps-06cf0c7bb8481f37,CAM,14.0,800.6050117824739,501.6,16.150298356297426,0.13877103790640888,800.6050117824739,501.6,16.150298356297426,0.13877103790640888,nonce-260ecc0e88035d9fe8ef,True,False,benign,False,0,"{""attack_ended_at"": 14.0, ""case_opened_at"": 14.0, ""lane_id"": ""ec_0"", ""road_id"": ""ec""}"
cam-1008-veh_002-000011,cam-1008-veh_002-000011,case-intersection-1008-veh_002-benign,root-05a5d5fcb7d85f0ad7c8c471,1008,veh_002,ps-c10217be2cfbfbad,CAM,14.0,501.6,162.12518262193547,14.021929003883631,0.18683263063430822,501.6,162.12518262193547,14.021929003883631,0.18683263063430822,nonce-05a5d5fcb7d85f0ad7c8,True,False,benign,False,0,"{""attack_ended_at"": 14.0, ""case_opened_at"": 14.0, ""lane_id"": ""sc_0"", ""road_id"": ""sc""}"
cam-1008-veh_003-000010,cam-1008-veh_003-000010,case-intersection-1008-veh_003-benign,root-a6828fa42505b95d981f16d3,1008,veh_003,ps-b84d6e13ef43c957,CAM,14.0,498.4,834.441594884079,16.165040616923946,0.27046956981997994,498.4,834.441594884079,16.165040616923946,0.27046956981997994,nonce-a6828fa42505b95d981f,True,False,benign,False,0,"{""attack_ended_at"": 14.0, ""case_opened_at"": 14.0, ""lane_id"": ""nc_0"", ""road_id"": ""nc""}"
cam-1008-veh_004-000009,cam-1008-veh_004-000009,case-intersection-1008-veh_004-benign,root-88cad6be8034a13db5b5c99c,1008,veh_004,ps-a4ec7ac7ed69787f,CAM,14.0,142.16574386038204,498.4,15.140773488682859,-0.6221641282970101,142.16574386038204,498.4,15.140773488682859,-0.6221641282970101,nonce-88cad6be8034a13db5b5,True,False,benign,False,0,"{""attack_ended_at"": 14.0, ""case_opened_at"": 14.0, ""lane_id"": ""wc_0"", ""road_id"": ""wc""}"
cam-1008-veh_005-000008,cam-1008-veh_005-000008,case-intersection-1008-veh_005-benign,root-328182d332685915cb6c1118,1008,veh_005,ps-969b062779822854,CAM,14.0,868.9210815442829,501.6,15.702967430684321,-0.2465759992925456,868.9210815442829,501.6,15.702967430684321,-0.2465759992925456,nonce-328182d332685915cb6c,True,False,benign,False,0,"{""attack_ended_at"": 14.0, ""case_opened_at"": 14.0, ""lane_id"": ""ec_0"", ""road_id"": ""ec""}"
cam-1008-veh_006-000007,cam-1008-veh_006-000007,case-intersection-1008-veh_006-benign,root-2cb8598f5cefa009fdea4fab,1008,veh_006,ps-65fe799408ea4704,CAM,14.0,501.6,116.85938843896149,16.37655327328481,0.0528029651613906,501.6,116.85938843896149,16.37655327328481,0.0528029651613906,nonce-2cb8598f5cefa009fdea,True,False,benign,False,0,"{""attack_ended_at"": 14.0, ""case_opened_at"": 14.0, ""lane_id"": ""sc_0"", ""road_id"": ""sc""}"
cam-1008-veh_007-000006,cam-1008-veh_007-000006,case-intersection-1008-veh_007-benign,root-76ad62b09ea2e8b9af3a1a1e,1008,veh_007,ps-30c2a00c607f04e2,CAM,14.0,498.4,897.8237611004245,16.156888411818073,-0.3729543796554218,498.4,897.8237611004245,16.156888411818073,-0.3729543796554218,nonce-76ad62b09ea2e8b9af3a,True,False,benign,False,0,"{""attack_ended_at"": 14.0, ""case_opened_at"": 14.0, ""lane_id"": ""nc_0"", ""road_id"": ""nc""}"
cam-1008-veh_008-000005,cam-1008-veh_008-000005,case-intersection-1008-veh_008-benign,root-18a26dd166bb75b38fa995b7,1008,veh_008,ps-82218acb1d94705f,CAM,14.0,84.50691030271818,498.4,16.15516448082868,-0.3842992066405735,84.50691030271818,498.4,16.15516448082868,-0.3842992066405735,nonce-18a26dd166bb75b38fa9,True,False,benign,False,0,"{""attack_ended_at"": 14.0, ""case_opened_at"": 14.0, ""lane_id"": ""wc_0"", ""road_id"": ""wc""}"
cam-1008-veh_009-000004,cam-1008-veh_009-000004,case-intersection-1008-veh_009-benign,root-7d092d18630bbf1e8b25547b,1008,veh_009,ps-7ceb479c74f04f24,CAM,14.0,939.4068454928396,501.6,13.639442581583808,-0.4716152140963814,939.4068454928396,501.6,13.639442581583808,-0.4716152140963814,nonce-7d092d18630bbf1e8b25,True,False,benign,False,0,"{""attack_ended_at"": 14.0, ""case_opened_at"": 14.0, ""lane_id"": ""ec_0"", ""road_id"": ""ec""}"
cam-1008-veh_010-000003,cam-1008-veh_010-000003,case-intersection-1008-veh_010-benign,root-9c2ea3ca256ae633cafe2877,1008,veh_010,ps-3210978143869c35,CAM,14.0,501.6,51.34228985806928,15.90680383557454,-0.008218110068700213,501.6,51.34228985806928,15.90680383557454,-0.008218110068700213,nonce-9c2ea3ca256ae633cafe,True,False,benign,False,0,"{""attack_ended_at"": 14.0, ""case_opened_at"": 14.0, ""lane_id"": ""sc_0"", ""road_id"": ""sc""}"
cam-1008-veh_011-000002,cam-1008-veh_011-000002,case-intersection-1008-veh_011-benign,root-7a30cd0f9313d68c2af67e61,1008,veh_011,ps-8a5d63d2056fbe7e,CAM,14.0,498.4,965.1513855376305,14.754270641257675,-0.24007317985408072,498.4,965.1513855376305,14.754270641257675,-0.24007317985408072,nonce-7a30cd0f9313d68c2af6,True,False,benign,False,0,"{""attack_ended_at"": 14.0, ""case_opened_at"": 14.0, ""lane_id"": ""nc_0"", ""road_id"": ""nc""}"
cam-1008-veh_012-000001,cam-1008-veh_012-000001,case-intersection-1008-veh_012-benign,root-be609b6ff9d316fd91edbf1f,1008,veh_012,ps-d55e51c88c138a2d,CAM,14.0,19.519866534913888,498.4,14.41986653491389,2.41986653491389,19.519866534913888,498.4,14.41986653491389,2.41986653491389,nonce-be609b6ff9d316fd91ed,True,False,benign,False,0,"{""attack_ended_at"": 14.0, ""case_opened_at"": 14.0, ""lane_id"": ""wc_0"", ""road_id"": ""wc""}"
cam-1008-veh_013-000000,cam-1008-veh_013-000000,case-intersection-1008-veh_013-benign,root-a7a1d8bb610899d384d097f9,1008,veh_013,ps-c612038c409b5d43,CAM,14.0,994.9,501.6,13.0,0.0,994.9,501.6,13.0,0.0,nonce-a7a1d8bb610899d384d0,True,False,benign,False,0,"{""attack_ended_at"": 14.0, ""case_opened_at"": 14.0, ""lane_id"": ""ec_0"", ""road_id"": ""ec""}"
cam-1008-veh_000-000014,cam-1008-veh_000-000014,case-intersection-1008-veh_000-benign,root-8ba9e0cee4c04ebfe06ef439,1008,veh_000,ps-c836b37964202f27,CAM,15.0,232.74491577858572,498.4,16.607343219444157,0.15119162184186408,232.74491577858572,498.4,16.607343219444157,0.15119162184186408,nonce-8ba9e0cee4c04ebfe06e,True,False,benign,False,0,"{""attack_ended_at"": 15.0, ""case_opened_at"": 15.0, ""lane_id"": ""wc_0"", ""road_id"": ""wc""}"
cam-1008-veh_001-000013,cam-1008-veh_001-000013,case-intersection-1008-veh_001-benign,root-a1a577316b926e53b6b7e864,1008,veh_001,ps-06cf0c7bb8481f37,CAM,15.0,784.2212279785331,501.6,16.38378380394075,0.23348544764332502,784.2212279785331,501.6,16.38378380394075,0.23348544764332502,nonce-a1a577316b926e53b6b7,True,False,benign,False,0,"{""attack_ended_at"": 15.0, ""case_opened_at"": 15.0, ""lane_id"": ""ec_0"", ""road_id"": ""ec""}"
cam-1008-veh_002-000012,cam-1008-veh_002-000012,case-intersection-1008-veh_002-benign,root-7345759f56b4b0d64ef1600b,1008,veh_002,ps-c10217be2cfbfbad,CAM,15.0,501.6,176.05212464641184,13.926942024476372,-0.09498697940725975,501.6,176.05212464641184,13.926942024476372,-0.09498697940725975,nonce-7345759f56b4b0d64ef1,True,False,benign,False,0,"{""attack_ended_at"": 15.0, ""case_opened_at"": 15.0, ""lane_id"": ""sc_0"", ""road_id"": ""sc""}"
cam-1008-veh_003-000011,cam-1008-veh_003-000011,case-intersection-1008-veh_003-benign,root-05357ad2591ef8f68c72f056,1008,veh_003,ps-b84d6e13ef43c957,CAM,15.0,498.4,818.3122781824973,16.129316701581704,-0.03572391534224195,498.4,818.3122781824973,16.129316701581704,-0.03572391534224195,nonce-05357ad2591ef8f68c72,True,False,benign,False,0,"{""attack_ended_at"": 15.0, ""case_opened_at"": 15.0, ""lane_id"": ""nc_0"", ""road_id"": ""nc""}"
cam-1008-veh_004-000010,cam-1008-veh_004-000010,case-intersection-1008-veh_004-benign,root-a7161cca37b15fcdf2a7f7e1,1008,veh_004,ps-a4ec7ac7ed69787f,CAM,15.0,157.3712898033835,498.4,15.20554594300145,0.06477245431859124,157.3712898033835,498.4,15.20554594300145,0.06477245431859124,nonce-a7161cca37b15fcdf2a7,True,False,benign,False,0,"{""attack_ended_at"": 15.0, ""case_opened_at"": 15.0, ""lane_id"": ""wc_0"", ""road_id"": ""wc""}"
cam-1008-veh_005-000009,cam-1008-veh_005-000009,case-intersection-1008-veh_005-benign,root-43e6b344ccbafb8d5f7f52fc,1008,veh_005,ps-969b062779822854,CAM,15.0,852.9883231309433,501.6,15.93275841333957,0.2297909826552491,852.9883231309433,501.6,15.93275841333957,0.2297909826552491,nonce-43e6b344ccbafb8d5f7f,True,False,benign,False,0,"{""attack_ended_at"": 15.0, ""case_opened_at"": 15.0, ""lane_id"": ""ec_0"", ""road_id"": ""ec""}"
cam-1008-veh_006-000008,cam-1008-veh_006-000008,case-intersection-1008-veh_006-benign,root-c64e98160b4e54c1d8bb85e6,1008,veh_006,ps-65fe799408ea4704,CAM,15.0,501.6,133.35079180877193,16.491403369810435,0.11485009652562539,501.6,133.35079180877193,16.491403369810435,0.11485009652562539,nonce-c64e98160b4e54c1d8bb,True,False,benign,False,0,"{""attack_ended_at"": 15.0, ""case_opened_at"": 15.0, ""lane_id"": ""sc_0"", ""road_id"": ""sc""}"
cam-1008-veh_007-000007,cam-1008-veh_007-000007,case-intersection-1008-veh_007-benign,root-00fe90faf233efc806b4d6c2,1008,veh_007,ps-30c2a00c607f04e2,CAM,15.0,498.4,881.8111026344914,16.012658465933058,-0.1442299458850158,498.4,881.8111026344914,16.012658465933058,-0.1442299458850158,nonce-00fe90faf233efc806b4,True,False,benign,False,0,"{""attack_ended_at"": 15.0, ""case_opened_at"": 15.0, ""lane_id"": ""nc_0"", ""road_id"": ""nc""}"
cam-1008-veh_008-000006,cam-1008-veh_008-000006,case-intersection-1008-veh_008-benign,root-c88ff835158a7a5c8a624121,1008,veh_008,ps-82218acb1d94705f,CAM,15.0,101.14676090585534,498.4,16.639850603137166,0.48468612230848507,101.14676090585534,498.4,16.639850603137166,0.48468612230848507,nonce-c88ff835158a7a5c8a62,True,False,benign,False,0,"{""attack_ended_at"": 15.0, ""case_opened_at"": 15.0, ""lane_id"": ""wc_0"", ""road_id"": ""wc""}"
cam-1008-veh_009-000005,cam-1008-veh_009-000005,case-intersection-1008-veh_009-benign,root-ca75d291e5cd85a7a7056d21,1008,veh_009,ps-7ceb479c74f04f24,CAM,15.0,925.6925560836492,501.6,13.714289409190478,0.07484682760667027,925.6925560836492,501.6,13.714289409190478,0.07484682760667027,nonce-ca75d291e5cd85a7a705,True,False,benign,False,0,"{""attack_ended_at"": 15.0, ""case_opened_at"": 15.0, ""lane_id"": ""ec_0"", ""road_id"": ""ec""}"
cam-1008-veh_010-000004,cam-1008-veh_010-000004,case-intersection-1008-veh_010-benign,root-4e7d58f6ac98a50ade1b81f2,1008,veh_010,ps-3210978143869c35,CAM,15.0,501.6,67.60308083867655,16.260790980607272,0.35398714503273254,501.6,67.60308083867655,16.260790980607272,0.35398714503273254,nonce-4e7d58f6ac98a50ade1b,True,False,benign,False,0,"{""attack_ended_at"": 15.0, ""case_opened_at"": 15.0, ""lane_id"": ""sc_0"", ""road_id"": ""sc""}"
cam-1008-veh_011-000003,cam-1008-veh_011-000003,case-intersection-1008-veh_011-benign,root-13994833b1507f0ff28e9b63,1008,veh_011,ps-8a5d63d2056fbe7e,CAM,15.0,498.4,950.2262489204844,14.925136617146121,0.17086597588844654,498.4,950.2262489204844,14.925136617146121,0.17086597588844654,nonce-13994833b1507f0ff28e,True,False,benign,False,0,"{""attack_ended_at"": 15.0, ""case_opened_at"": 15.0, ""lane_id"": ""nc_0"", ""road_id"": ""nc""}"
cam-1008-veh_012-000002,cam-1008-veh_012-000002,case-intersection-1008-veh_012-benign,root-fbc2d89acb19dcb8498f3482,1008,veh_012,ps-d55e51c88c138a2d,CAM,15.0,35.66960344166495,498.4,16.14973690675106,1.729870371837169,35.66960344166495,498.4,16.14973690675106,1.729870371837169,nonce-fbc2d89acb19dcb8498f,True,False,benign,False,0,"{""attack_ended_at"": 15.0, ""case_opened_at"": 15.0, ""lane_id"": ""wc_0"", ""road_id"": ""wc""}"
cam-1008-veh_013-000001,cam-1008-veh_013-000001,case-intersection-1008-veh_013-benign,root-996f45a3de5810e3d87398e3,1008,veh_013,ps-c612038c409b5d43,CAM,15.0,979.5887680647616,501.6,15.311231935238466,2.3112319352384656,979.5887680647616,501.6,15.311231935238466,2.3112319352384656,nonce-996f45a3de5810e3d873,True,False,benign,False,0,"{""attack_ended_at"": 15.0, ""case_opened_at"": 15.0, ""lane_id"": ""ec_0"", ""road_id"": ""ec""}"
cam-1008-veh_014-000000,cam-1008-veh_014-000000,case-intersection-1008-veh_014-benign,root-a48a6a58f14e9f8f96f95809,1008,veh_014,ps-1c0f8ece3ddb0b0c,CAM,15.0,501.6,5.1,12.0,0.0,501.6,5.1,12.0,0.0,nonce-a48a6a58f14e9f8f96f9,True,False,benign,False,0,"{""attack_ended_at"": 15.0, ""case_opened_at"": 15.0, ""lane_id"": ""sc_0"", ""road_id"": ""sc""}"
cam-1008-veh_000-000015,cam-1008-veh_000-000015,case-intersection-1008-veh_000-benign,root-6732e53814ef68be668b4200,1008,veh_000,ps-c836b37964202f27,CAM,16.0,248.88833226742693,498.4,16.14341648884118,-0.46392673060297795,248.88833226742693,498.4,16.14341648884118,-0.46392673060297795,nonce-6732e53814ef68be668b,True,False,benign,False,0,"{""attack_ended_at"": 16.0, ""case_opened_at"": 16.0, ""lane_id"": ""wc_0"", ""road_id"": ""wc""}"
cam-1008-veh_001-000014,cam-1008-veh_001-000014,case-intersection-1008-veh_001-benign,root-a159656671101661bfcb1e91,1008,veh_001,ps-06cf0c7bb8481f37,CAM,16.0,768.260424446375,501.6,15.960803532158026,-0.4229802717827251,768.260424446375,501.6,15.960803532158026,-0.4229802717827251,nonce-a159656671101661bfcb,True,False,benign,False,0,"{""attack_ended_at"": 16.0, ""case_opened_at"": 16.0, ""lane_id"": ""ec_0"", ""road_id"": ""ec""}"
cam-1008-veh_002-000013,cam-1008-veh_002-000013,case-intersection-1008-veh_002-benign,root-2f489e4401e05261c48cdd1e,1008,veh_002,ps-c10217be2cfbfbad,CAM,16.0,501.6,190.30188120091066,14.249756554498815,0.322814530022443,501.6,190.30188120091066,14.249756554498815,0.322814530022443,nonce-2f489e4401e05261c48c,True,False,benign,False,0,"{""attack_ended_at"": 16.0, ""case_opened_at"": 16.0, ""lane_id"": ""sc_0"", ""road_id"": ""sc""}"
cam-1008-veh_003-000012,cam-1008-veh_003-000012,case-intersection-1008-veh_003-benign,root-89213591cd0e94e4df467941,1008,veh_003,ps-b84d6e13ef43c957,CAM,16.0,498.4,802.1125776742213,16.199700508276003,0.07038380669429856,498.4,802.1125776742213,16.199700508276003,0.07038380669429856,nonce-89213591cd0e94e4df46,True,False,benign,False,0,"{""attack_ended_at"": 16.0, ""case_opened_at"": 16.0, ""lane_id"": ""nc_0"", ""road_id"": ""nc""}"
cam-1008-veh_004-000011,cam-1008-veh_004-000011,case-intersection-1008-veh_004-benign,root-7122289443ca7586dfc1dfcf,1008,veh_004,ps-a4ec7ac7ed69787f,CAM,16.0,173.06322599134572,498.4,15.691936187962234,0.4863902449607842,173.06322599134572,498.4,15.691936187962234,0.4863902449607842,nonce-7122289443ca7586dfc1,True,False,benign,False,0,"{""attack_ended_at"": 16.0, ""case_opened_at"": 16.0, ""lane_id"": ""wc_0"", ""road_id"": ""wc""}"
cam-1008-veh_005-000010,cam-1008-veh_005-000010,case-intersection-1008-veh_005-benign,root-d832d1b9bcb139b3224ac1f8,1008,veh_005,ps-969b062779822854,CAM,16.0,837.0322849127742,501.6,15.956038218169079,0.02327980482950842,837.0322849127742,501.6,15.956038218169079,0.02327980482950842,nonce-d832d1b9bcb139b3224a,True,False,benign,False,0,"{""attack_ended_at"": 16.0, ""case_opened_at"": 16.0, ""lane_id"": ""ec_0"", ""road_id"": ""ec""}"
cam-1008-veh_006-000009,cam-1008-veh_006-000009,case-intersection-1008-veh_006-benign,root-faee00992160c463e6361e04,1008,veh_006,ps-65fe799408ea4704,CAM,16.0,501.6,149.8119339208771,16.461142112105154,-0.030261257705280542,501.6,149.8119339208771,16.461142112105154,-0.030261257705280542,nonce-faee00992160c463e636,True,False,benign,False,0,"{""attack_ended_at"": 16.0, ""case_opened_at"": 16.0, ""lane_id"": ""sc_0"", ""road_id"": ""sc""}"
cam-1008-veh_007-000008,cam-1008-veh_007-000008,case-intersection-1008-veh_007-benign,root-57d043376a8e4ae749e4d0b3,1008,veh_007,ps-30c2a00c607f04e2,CAM,16.0,498.4,865.7087727779848,16.10232985650655,0.08967139057349272,498.4,865.7087727779848,16.10232985650655,0.08967139057349272,nonce-57d043376a8e4ae749e4,True,False,benign,False,0,"{""attack_ended_at"": 16.0, ""case_opened_at"": 16.0, ""lane_id"": ""nc_0"", ""road_id"": ""nc""}"
cam-1008-veh_008-000007,cam-1008-veh_008-000007,case-intersection-1008-veh_008-benign,root-90d07ca003ab613373eedddf,1008,veh_008,ps-82218acb1d94705f,CAM,16.0,117.67063227514272,498.4,16.523871369287374,-0.11597923384979225,117.67063227514272,498.4,16.523871369287374,-0.11597923384979225,nonce-90d07ca003ab613373ee,True,False,benign,False,0,"{""attack_ended_at"": 16.0, ""case_opened_at"": 16.0, ""lane_id"": ""wc_0"", ""road_id"": ""wc""}"
cam-1008-veh_009-000006,cam-1008-veh_009-000006,case-intersection-1008-veh_009-benign,root-b526bca456147aa6069b3d2b,1008,veh_009,ps-7ceb479c74f04f24,CAM,16.0,912.0595313015828,501.6,13.633024782066295,-0.08126462712418281,912.0595313015828,501.6,13.633024782066295,-0.08126462712418281,nonce-b526bca456147aa6069b,True,False,benign,False,0,"{""attack_ended_at"": 16.0, ""case_opened_at"": 16.0, ""lane_id"": ""ec_0"", ""road_id"": ""ec""}"
cam-1008-veh_010-000005,cam-1008-veh_010-000005,case-intersection-1008-veh_010-benign,root-7ef0b021473ddb9f64ac6949,1008,veh_010,ps-3210978143869c35,CAM,16.0,501.6,84.07065733836498,16.46757649968844,0.20678551908116916,501.6,84.07065733836498,16.46757649968844,0.20678551908116916,nonce-7ef0b021473ddb9f64ac,True,False,benign,False,0,"{""attack_ended_at"": 16.0, ""case_opened_at"": 16.0, ""lane_id"": ""sc_0"", ""road_id"": ""sc""}"
cam-1008-veh_011-000004,cam-1008-veh_011-000004,case-intersection-1008-veh_011-benign,root-0c895ca937a37aedfbc7453b,1008,veh_011,ps-8a5d63d2056fbe7e,CAM,16.0,498.4,935.1606929040331,15.065556016451367,0.14041939930524627,498.4,935.1606929040331,15.065556016451367,0.14041939930524627,nonce-0c895ca937a37aedfbc7,True,False,benign,False,0,"{""attack_ended_at"": 16.0, ""case_opened_at"": 16.0, ""lane_id"": ""nc_0"", ""road_id"": ""nc""}"
cam-1008-veh_012-000003,cam-1008-veh_012-000003,case-intersection-1008-veh_012-benign,root-3a27d03e684005f77174efa9,1008,veh_012,ps-d55e51c88c138a2d,CAM,16.0,52.22273501175921,498.4,16.553131570094266,0.4033946633432066,52.22273501175921,498.4,16.553131570094266,0.4033946633432066,nonce-3a27d03e684005f77174,True,False,benign,False,0,"{""attack_ended_at"": 16.0, ""case_opened_at"": 16.0, ""lane_id"": ""wc_0"", ""road_id"": ""wc""}"
cam-1008-veh_013-000002,cam-1008-veh_013-000002,case-intersection-1008-veh_013-benign,root-f93baa2aba147921f916896c,1008,veh_013,ps-c612038c409b5d43,CAM,16.0,963.569162910104,501.6,16.019605154657583,0.7083732194191175,963.569162910104,501.6,16.019605154657583,0.7083732194191175,nonce-f93baa2aba147921f916,True,False,benign,False,0,"{""attack_ended_at"": 16.0, ""case_opened_at"": 16.0, ""lane_id"": ""ec_0"", ""road_id"": ""ec""}"
cam-1008-veh_014-000001,cam-1008-veh_014-000001,case-intersection-1008-veh_014-benign,root-9b3c0b574cf8d2af0b2fd815,1008,veh_014,ps-1c0f8ece3ddb0b0c,CAM,16.0,501.6,19.344707343499174,14.244707343499176,2.2447073434991758,501.6,19.344707343499174,14.244707343499176,2.2447073434991758,nonce-9b3c0b574cf8d2af0b2f,True,False,benign,False,0,"{""attack_ended_at"": 16.0, ""case_opened_at"": 16.0, ""lane_id"": ""sc_0"", ""road_id"": ""sc""}"
cam-1008-veh_015-000000,cam-1008-veh_015-000000,case-intersection-1008-veh_015-benign,root-039418995e1cdc1c4b869d1f,1008,veh_015,ps-77b1c1c85865d133,CAM,16.0,498.4,994.9,13.0,0.0,498.4,994.9,13.0,0.0,nonce-039418995e1cdc1c4b86,True,False,benign,False,0,"{""attack_ended_at"": 16.0, ""case_opened_at"": 16.0, ""lane_id"": ""nc_0"", ""road_id"": ""nc""}"
cam-1008-veh_000-000016,cam-1008-veh_000-000016,case-intersection-1008-veh_000-benign,root-9a251c1f77296d835da76fd8,1008,veh_000,ps-c836b37964202f27,CAM,17.0,264.8256581213232,498.4,15.93732585389633,-0.20609063494485014,264.8256581213232,498.4,15.93732585389633,-0.20609063494485014,nonce-9a251c1f77296d835da7,True,False,benign,False,0,"{""attack_ended_at"": 17.0, ""case_opened_at"": 17.0, ""lane_id"": ""wc_0"", ""road_id"": ""wc""}"
cam-1008-veh_001-000015,cam-1008-veh_001-000015,case-intersection-1008-veh_001-benign,root-70da3d313fe4b860d06f2baa,1008,veh_001,ps-06cf0c7bb8481f37,CAM,17.0,752.0787888565845,501.6,16.18163558979053,0.22083205763250469,752.0787888565845,501.6,16.18163558979053,0.22083205763250469,nonce-70da3d313fe4b860d06f,True,False,benign,False,0,"{""attack_ended_at"": 17.0, ""case_opened_at"": 17.0, ""lane_id"": ""ec_0"", ""road_id"": ""ec""}"
cam-1008-veh_002-000014,cam-1008-veh_002-000014,case-intersection-1008-veh_002-benign,root-a9296b302cf57fb11cc987ad,1008,veh_002,ps-c10217be2cfbfbad,CAM,17.0,501.6,204.27215812759067,13.970276926680015,-0.27947962781879987,501.6,204.27215812759067,13.970276926680015,-0.27947962781879987,nonce-a9296b302cf57fb11cc9,True,False,benign,False,0,"{""attack_ended_at"": 17.0, ""case_opened_at"": 17.0, ""lane_id"": ""sc_0"", ""road_id"": ""sc""}"
cam-1008-veh_003-000013,cam-1008-veh_003-000013,case-intersection-1008-veh_003-benign,root-1e99f4186843db4165fc34dc,1008,veh_003,ps-b84d6e13ef43c957,CAM,17.0,498.4,786.206554405936,15.906023268285209,-0.2936772399907941,498.4,786.206554405936,15.906023268285209,-0.2936772399907941,nonce-1e99f4186843db4165fc,True,False,benign,False,0,"{""attack_ended_at"": 17.0, ""case_opened_at"": 17.0, ""lane_id"": ""nc_0"", ""road_id"": ""nc""}"
cam-1008-veh_004-000012,cam-1008-veh_004-000012,case-intersection-1008-veh_004-benign,root-10187052843be532605476e3,1008,veh_004,ps-a4ec7ac7ed69787f,CAM,17.0,188.22894005025825,498.4,15.165714058912524,-0.5262221290497102,188.22894005025825,498.4,15.165714058912524,-0.5262221290497102,nonce-10187052843be5326054,True,False,benign,False,0,"{""attack_ended_at"": 17.0, ""case_opened_at"": 17.0, ""lane_id"": ""wc_0"", ""road_id"": ""wc""}"
cam-1008-veh_005-000011,cam-1008-veh_005-000011,case-intersection-1008-veh_005-benign,root-53b354615f45930483ee0601,1008,veh_005,ps-969b062779822854,CAM,17.0,821.0202136934308,501.6,16.012071219343298,0.056033001174219166,821.0202136934308,501.6,16.012071219343298,0.056033001174219166,nonce-53b354615f45930483ee,True,False,benign,False,0,"{""attack_ended_at"": 17.0, ""case_opened_at"": 17.0, ""lane_id"": ""ec_0"", ""road_id"": ""ec""}"
cam-1008-veh_006-000010,cam-1008-veh_006-000010,case-intersection-1008-veh_006-benign,root-8cf9c75a2e75e5d7cc2fe67e,1008,veh_006,ps-65fe799408ea4704,CAM,17.0,501.6,166.16087839704943,16.34894447617233,-0.11219763593282295,501.6,166.16087839704943,16.34894447617233,-0.11219763593282295,nonce-8cf9c75a2e75e5d7cc2f,True,False,benign,False,0,"{""attack_ended_at"": 17.0, ""case_opened_at"": 17.0, ""lane_id"": ""sc_0"", ""road_id"": ""sc""}"
cam-1008-veh_007-000009,cam-1008-veh_007-000009,case-intersection-1008-veh_007-benign,root-7a6bdfe27650671884d56db2,1008,veh_007,ps-30c2a00c607f04e2,CAM,17.0,498.4,849.3207766069053,16.38799617107958,0.28566631457302805,498.4,849.3207766069053,16.38799617107958,0.28566631457302805,nonce-7a6bdfe27650671884d5,True,False,benign,False,0,"{""attack_ended_at"": 17.0, ""case_opened_at"": 17.0, ""lane_id"": ""nc_0"", ""road_id"": ""nc""}"
cam-1008-veh_008-000008,cam-1008-veh_008-000008,case-intersection-1008-veh_008-benign,root-269eae88f18220d89ec1f9a8,1008,veh_008,ps-82218acb1d94705f,CAM,17.0,133.66106693480165,498.4,15.990434659658932,-0.5334367096284414,133.66106693480165,498.4,15.990434659658932,-0.5334367096284414,nonce-269eae88f18220d89ec1,True,False,benign,False,0,"{""attack_ended_at"": 17.0, ""case_opened_at"": 17.0, ""lane_id"": ""wc_0"", ""road_id"": ""wc""}"
cam-1008-veh_009-000007,cam-1008-veh_009-000007,case-intersection-1008-veh_009-benign,root-0476be7649a9422fdf8a4297,1008,veh_009,ps-7ceb479c74f04f24,CAM,17.0,898.3450442328942,501.6,13.714487068688559,0.08146228662226385,898.3450442328942,501.6,13.714487068688559,0.08146228662226385,nonce-0476be7649a9422fdf8a,True,False,benign,False,0,"{""attack_ended_at"": 17.0, ""case_opened_at"": 17.0, ""lane_id"": ""ec_0"", ""road_id"": ""ec""}"
cam-1008-veh_010-000006,cam-1008-veh_010-000006,case-intersection-1008-veh_010-benign,root-a0fc300d43055e557f0ab076,1008,veh_010,ps-3210978143869c35,CAM,17.0,501.6,100.41390610474627,16.343248766381294,-0.12432773330714753,501.6,100.41390610474627,16.343248766381294,-0.12432773330714753,nonce-a0fc300d43055e557f0a,True,False,benign,False,0,"{""attack_ended_at"": 17.0, ""case_opened_at"": 17.0, ""lane_id"": ""sc_0"", ""road_id"": ""sc""}"
cam-1008-veh_011-000005,cam-1008-veh_011-000005,case-intersection-1008-veh_011-benign,root-78df85e5ce7d4e9ff5c000ca,1008,veh_011,ps-8a5d63d2056fbe7e,CAM,17.0,498.4,920.539695232228,14.62099767180501,-0.4445583446463566,498.4,920.539695232228,14.62099767180501,-0.4445583446463566,nonce-78df85e5ce7d4e9ff5c0,True,False,benign,False,0,"{""attack_ended_at"": 17.0, ""case_opened_at"": 17.0, ""lane_id"": ""nc_0"", ""road_id"": ""nc""}"
cam-1008-veh_012-000004,cam-1008-veh_012-000004,case-intersection-1008-veh_012-benign,root-39fecc008df23d897fec59e0,1008,veh_012,ps-d55e51c88c138a2d,CAM,17.0,68.37727007846348,498.4,16.154535066704266,-0.3985965033899994,68.37727007846348,498.4,16.154535066704266,-0.3985965033899994,nonce-39fecc008df23d897fec,True,False,benign,False,0,"{""attack_ended_at"": 17.0, ""case_opened_at"": 17.0, ""lane_id"": ""wc_0"", ""road_id"": ""wc""}"
cam-1008-veh_013-000003,cam-1008-veh_013-000003,case-intersection-1008-veh_013-benign,root-de1e893d7df30108516002be,1008,veh_013,ps-c612038c409b5d43,CAM,17.0,947.6625137571025,501.6,15.906649153001451,-0.11295600165613173,947.6625137571025,501.6,15.906649153001451,-0.11295600165613173,nonce-de1e893d7df301085160,True,False,benign,False,0,"{""attack_ended_at"": 17.0, ""case_opened_at"": 17.0, ""lane_id"": ""ec_0"", ""road_id"": ""ec""}"
cam-1008-veh_014-000002,cam-1008-veh_014-000002,case-intersection-1008-veh_014-benign,root-3c0202c846607fba41622608,1008,veh_014,ps-1c0f8ece3ddb0b0c,CAM,17.0,501.6,34.28160004786999,14.93689270437082,0.692185360871644,501.6,34.28160004786999,14.93689270437082,0.692185360871644,nonce-3c0202c846607fba4162,True,False,benign,False,0,"{""attack_ended_at"": 17.0, ""case_opened_at"": 17.0, ""lane_id"": ""sc_0"", ""road_id"": ""sc""}"
cam-1008-veh_015-000001,cam-1008-veh_015-000001,case-intersection-1008-veh_015-benign,root-bd4b6150f395ed62c13e5953,1008,veh_015,ps-77b1c1c85865d133,CAM,17.0,498.4,980.0584227048482,14.841577295151787,1.8415772951517866,498.4,980.0584227048482,14.841577295151787,1.8415772951517866,nonce-bd4b6150f395ed62c13e,True,False,benign,False,0,"{""attack_ended_at"": 17.0, ""case_opened_at"": 17.0, ""lane_id"": ""nc_0"", ""road_id"": ""nc""}"
cam-1008-veh_016-000000,cam-1008-veh_016-000000,case-intersection-1008-veh_016-benign,root-a64cbb1bc252179f89abd840,1008,veh_016,ps-1e0348b1d8bfe014,CAM,17.0,5.1,498.4,12.0,0.0,5.1,498.4,12.0,0.0,nonce-a64cbb1bc252179f89ab,True,False,benign,False,0,"{""attack_ended_at"": 17.0, ""case_opened_at"": 17.0, ""lane_id"": ""wc_0"", ""road_id"": ""wc""}"
cam-1008-veh_000-000017,cam-1008-veh_000-000017,case-intersection-1008-veh_000-benign,root-134e97c5977d2d0db7fd091c,1008,veh_000,ps-c836b37964202f27,CAM,18.0,281.216185103124,498.4,16.390526981800797,0.4532011279044674,281.216185103124,498.4,16.390526981800797,0.4532011279044674,nonce-134e97c5977d2d0db7fd,True,False,benign,False,0,"{""attack_ended_at"": 18.0, ""case_opened_at"": 18.0, ""lane_id"": ""wc_0"", ""road_id"": ""wc""}"
cam-1008-veh_001-000016,cam-1008-veh_001-000016,case-intersection-1008-veh_001-benign,root-382bd622dfc5046a6c032462,1008,veh_001,ps-06cf0c7bb8481f37,CAM,18.0,735.5293881053849,501.6,16.549400751199574,0.3677651614090429,735.5293881053849,501.6,16.549400751199574,0.3677651614090429,nonce-382bd622dfc5046a6c03,True,False,benign,False,0,"{""attack_ended_at"": 18.0, ""case_opened_at"": 18.0, ""lane_id"": ""ec_0"", ""road_id"": ""ec""}"
cam-1008-veh_002-000015,cam-1008-veh_002-000015,case-intersection-1008-veh_002-position_offset,root-23750d7fd867474586b50ca7,1008,veh_002,ps-c10217be2cfbfbad,CAM,18.0,501.6,218.7553562400063,14.483198112415627,0.5129211857356122,566.6,235.0053562400063,14.483198112415627,0.5129211857356122,nonce-23750d7fd867474586b5,True,False,position_offset,True,0,"{""attack_ended_at"": 70.0, ""case_opened_at"": 18.0, ""lane_id"": ""sc_0"", ""road_id"": ""sc""}"
cam-1008-veh_003-000014,cam-1008-veh_003-000014,case-intersection-1008-veh_003-benign,root-34f55f7f9f7576dd0d5599f8,1008,veh_003,ps-b84d6e13ef43c957,CAM,18.0,498.4,769.7638541722065,16.442700233729557,0.5366769654443484,498.4,769.7638541722065,16.442700233729557,0.5366769654443484,nonce-34f55f7f9f7576dd0d55,True,False,benign,False,0,"{""attack_ended_at"": 18.0, ""case_opened_at"": 18.0, ""lane_id"": ""nc_0"", ""road_id"": ""nc""}"
cam-1008-veh_004-000013,cam-1008-veh_004-000013,case-intersection-1008-veh_004-benign,root-abccd4f4cf4462d3c25e81b2,1008,veh_004,ps-a4ec7ac7ed69787f,CAM,18.0,203.69237886881,498.4,15.463438818551765,0.29772475963924094,203.69237886881,498.4,15.463438818551765,0.29772475963924094,nonce-abccd4f4cf4462d3c25e,True,False,benign,False,0,"{""attack_ended_at"": 18.0, ""case_opened_at"": 18.0, ""lane_id"": ""wc_0"", ""road_id"": ""wc""}"
cam-1008-veh_005-000012,cam-1008-veh_005-000012,case-intersection-1008-veh_005-benign,root-52ff9a661e35f9ccfb082092,1008,veh_005,ps-969b062779822854,CAM,18.0,805.3710697798698,501.6,15.649143913561083,-0.36292730578221466,805.3710697798698,501.6,15.649143913561083,-0.36292730578221466,nonce-52ff9a661e35f9ccfb08,True,False,benign,False,0,"{""attack_ended_at"": 18.0, ""case_opened_at"": 18.0, ""lane_id"": ""ec_0"", ""road_id"": ""ec""}"
cam-1008-veh_006-000011,cam-1008-veh_006-000011,case-intersection-1008-veh_006-benign,root-698ab643fc75e30c21ee9766,1008,veh_006,ps-65fe799408ea4704,CAM,18.0,501.6,182.79892649799126,16.638048100941816,0.2891036247694849,501.6,182.79892649799126,16.638048100941816,0.2891036247694849,nonce-698ab643fc75e30c21ee,True,False,benign,False,0,"{""attack_ended_at"": 18.0, ""case_opened_at"": 18.0, ""lane_id"": ""sc_0"", ""road_id"": ""sc""}"
cam-1008-veh_007-000010,cam-1008-veh_007-000010,case-intersection-1008-veh_007-benign,root-7b1b206b876fa50e9dba1608,1008,veh_007,ps-30c2a00c607f04e2,CAM,18.0,498.4,832.6562233996391,16.664553207266145,0.276557036186567,498.4,832.6562233996391,16.664553207266145,0.276557036186567,nonce-7b1b206b876fa50e9dba,True,False,benign,False,0,"{""attack_ended_at"": 18.0, ""case_opened_at"": 18.0, ""lane_id"": ""nc_0"", ""road_id"": ""nc""}"
cam-1008-veh_008-000009,cam-1008-veh_008-000009,case-intersection-1008-veh_008-benign,root-3963b8287b1be12f20ba0dd3,1008,veh_008,ps-82218acb1d94705f,CAM,18.0,149.88815285157415,498.4,16.227085916772488,0.2366512571135555,149.88815285157415,498.4,16.227085916772488,0.2366512571135555,nonce-3963b8287b1be12f20ba,True,False,benign,False,0,"{""attack_ended_at"": 18.0, ""case_opened_at"": 18.0, ""lane_id"": ""wc_0"", ""road_id"": ""wc""}"
cam-1008-veh_009-000008,cam-1008-veh_009-000008,case-intersection-1008-veh_009-benign,root-f7e04de5a75061136d35c484,1008,veh_009,ps-7ceb479c74f04f24,CAM,18.0,884.3523309309273,501.6,13.99271330196696,0.2782262332784011,884.3523309309273,501.6,13.99271330196696,0.2782262332784011,nonce-f7e04de5a75061136d35,True,False,benign,False,0,"{""attack_ended_at"": 18.0, ""case_opened_at"": 18.0, ""lane_id"": ""ec_0"", ""road_id"": ""ec""}"
cam-1008-veh_010-000007,cam-1008-veh_010-000007,case-intersection-1008-veh_010-benign,root-78f42b2e3796f5e9ba8e654a,1008,veh_010,ps-3210978143869c35,CAM,18.0,501.6,116.86481867486611,16.450912570119836,0.1076638037385429,501.6,116.86481867486611,16.450912570119836,0.1076638037385429,nonce-78f42b2e3796f5e9ba8e,True,False,benign,False,0,"{""attack_ended_at"": 18.0, ""case_opened_at"": 18.0, ""lane_id"": ""sc_0"", ""road_id"": ""sc""}"
cam-1008-veh_011-000006,cam-1008-veh_011-000006,case-intersection-1008-veh_011-benign,root-393d9ba93606380203be0ca2,1008,veh_011,ps-8a5d63d2056fbe7e,CAM,18.0,498.4,905.4240280703623,15.11566716186578,0.4946694900607689,498.4,905.4240280703623,15.11566716186578,0.4946694900607689,nonce-393d9ba93606380203be,True,False,benign,False,0,"{""attack_ended_at"": 18.0, ""case_opened_at"": 18.0, ""lane_id"": ""nc_0"", ""road_id"": ""nc""}"
cam-1008-veh_012-000005,cam-1008-veh_012-000005,case-intersection-1008-veh_012-benign,root-e3eef1bafbbf2c4b9ae17710,1008,veh_012,ps-d55e51c88c138a2d,CAM,18.0,84.7250628016796,498.4,16.347792723216116,0.19325765651185023,84.7250628016796,498.4,16.347792723216116,0.19325765651185023,nonce-e3eef1bafbbf2c4b9ae1,True,False,benign,False,0,"{""attack_ended_at"": 18.0, ""case_opened_at"": 18.0, ""lane_id"": ""wc_0"", ""road_id"": ""wc""}"
cam-1008-veh_013-000004,cam-1008-veh_013-000004,case-intersection-1008-veh_013-benign,root-74b275a8886f4d48ea1cd77d,1008,veh_013,ps-c612038c409b5d43,CAM,18.0,931.664750940776,501.6,15.997762816326539,0.0911136633250873,931.664750940776,501.6,15.997762816326539,0.0911136633250873,nonce-74b275a8886f4d48ea1c,True,False,benign,False,0,"{""attack_ended_at"": 18.0, ""case_opened_at"": 18.0, ""lane_id"": ""ec_0"", ""road_id"": ""ec""}"
cam-1008-veh_014-000003,cam-1008-veh_014-000003,case-intersection-1008-veh_014-benign,root-f920d3b48121c36b1df8fb24,1008,veh_014,ps-1c0f8ece3ddb0b0c,CAM,18.0,501.6,48.838901478570726,14.557301430700734,-0.37959127367008527,501.6,48.838901478570726,14.557301430700734,-0.37959127367008527,nonce-f920d3b48121c36b1df8,True,False,benign,False,0,"{""attack_ended_at"": 18.0, ""case_opened_at"": 18.0, ""lane_id"": ""sc_0"", ""road_id"": ""sc""}"
cam-1008-veh_015-000002,cam-1008-veh_015-000002,case-intersection-1008-veh_015-benign,root-e8641b5731a0002213657766,1008,veh_015,ps-77b1c1c85865d133,CAM,18.0,498.4,965.218551075471,14.839871629377143,-0.0017056657746437054,498.4,965.218551075471,14.839871629377143,-0.0017056657746437054,nonce-e8641b5731a000221365,True,False,benign,False,0,"{""attack_ended_at"": 18.0, ""case_opened_at"": 18.0, ""lane_id"": ""nc_0"", ""road_id"": ""nc""}"
cam-1008-veh_016-000001,cam-1008-veh_016-000001,case-intersection-1008-veh_016-benign,root-f71da20ca3e966be59027124,1008,veh_016,ps-1e0348b1d8bfe014,CAM,18.0,19.01417492076289,498.4,13.914174920762889,1.914174920762889,19.01417492076289,498.4,13.914174920762889,1.914174920762889,nonce-f71da20ca3e966be5902,True,False,benign,False,0,"{""attack_ended_at"": 18.0, ""case_opened_at"": 18.0, ""lane_id"": ""wc_0"", ""road_id"": ""wc""}"
cam-1008-veh_017-000000,cam-1008-veh_017-000000,case-intersection-1008-veh_017-benign,root-83038ed180bd25555d7b1dd6,1008,veh_017,ps-31646c93226ae98c,CAM,18.0,994.9,501.6,13.0,0.0,994.9,501.6,13.0,0.0,nonce-83038ed180bd25555d7b,True,False,benign,False,0,"{""attack_ended_at"": 18.0, ""case_opened_at"": 18.0, ""lane_id"": ""ec_0"", ""road_id"": ""ec""}"
cam-1008-veh_000-000018,cam-1008-veh_000-000018,case-intersection-1008-veh_000-benign,root-90204e7ce51647ac96c326ff,1008,veh_000,ps-c836b37964202f27,CAM,19.0,297.36154520168435,498.4,16.145360098560342,-0.24516688324045433,297.36154520168435,498.4,16.145360098560342,-0.24516688324045433,nonce-90204e7ce51647ac96c3,True,False,benign,False,0,"{""attack_ended_at"": 19.0, ""case_opened_at"": 19.0, ""lane_id"": ""wc_0"", ""road_id"": ""wc""}"
cam-1008-veh_001-000017,cam-1008-veh_001-000017,case-intersection-1008-veh_001-benign,root-b41e582719402ba6352b2ab8,1008,veh_001,ps-06cf0c7bb8481f37,CAM,19.0,719.4125274577597,501.6,16.11686064762529,-0.43254010357428285,719.4125274577597,501.6,16.11686064762529,-0.43254010357428285,nonce-b41e582719402ba6352b,True,False,benign,False,0,"{""attack_ended_at"": 19.0, ""case_opened_at"": 19.0, ""lane_id"": ""ec_0"", ""road_id"": ""ec""}"
cam-1008-veh_002-000016,cam-1008-veh_002-000016,case-intersection-1008-veh_002-position_offset,root-36f1e3b6f96fdc9dd46cd17d,1008,veh_002,ps-c10217be2cfbfbad,CAM,19.0,501.6,232.63424261051478,13.878886370508477,-0.60431174190715,566.6,248.88424261051478,13.878886370508477,-0.60431174190715,nonce-36f1e3b6f96fdc9dd46c,True,False,position_offset,True,0,"{""attack_ended_at"": 70.0, ""case_opened_at"": 18.0, ""lane_id"": ""sc_0"", ""road_id"": ""sc""}"
cam-1008-veh_003-000015,cam-1008-veh_003-000015,case-intersection-1008-veh_003-benign,root-1bfed38197778a9d6fef1061,1008,veh_003,ps-b84d6e13ef43c957,CAM,19.0,498.4,753.4454960271623,16.318358145044186,-0.12434208868537056,498.4,753.4454960271623,16.318358145044186,-0.12434208868537056,nonce-1bfed38197778a9d6fef,True,False,benign,False,0,"{""attack_ended_at"": 19.0, ""case_opened_at"": 19.0, ""lane_id"": ""nc_0"", ""road_id"": ""nc""}"
cam-1008-veh_004-000014,cam-1008-veh_004-000014,case-intersection-1008-veh_004-benign,root-8c02a281aad2c468e713b582,1008,veh_004,ps-a4ec7ac7ed69787f,CAM,19.0,219.17095026296033,498.4,15.47857139415031,0.015132575598544307,219.17095026296033,498.4,15.47857139415031,0.015132575598544307,nonce-8c02a281aad2c468e713,True,False,benign,False,0,"{""attack_ended_at"": 19.0, ""case_opened_at"": 19.0, ""lane_id"": ""wc_0"", ""road_id"": ""wc""}"
cam-1008-veh_005-000013,cam-1008-veh_005-000013,case-intersection-1008-veh_005-benign,root-0122711459356282f4142621,1008,veh_005,ps-969b062779822854,CAM,19.0,789.5049728252488,501.6,15.86609695462098,0.216953041059897,789.5049728252488,501.6,15.86609695462098,0.216953041059897,nonce-0122711459356282f414,True,False,benign,False,0,"{""attack_ended_at"": 19.0, ""case_opened_at"": 19.0, ""lane_id"": ""ec_0"", ""road_id"": ""ec""}"
cam-1008-veh_006-000012,cam-1008-veh_006-000012,case-intersection-1008-veh_006-benign,root-9ea8f4310ed2d98496486915,1008,veh_006,ps-65fe799408ea4704,CAM,19.0,501.6,199.09321528622888,16.294288788237612,-0.34375931270420423,501.6,199.09321528622888,16.294288788237612,-0.34375931270420423,nonce-9ea8f4310ed2d9849648,True,False,benign,False,0,"{""attack_ended_at"": 19.0, ""case_opened_at"": 19.0, ""lane_id"": ""sc_0"", ""road_id"": ""sc""}"
cam-1008-veh_007-000011,cam-1008-veh_007-000011,case-intersection-1008-veh_007-benign,root-8f1945f74c2534a27e30747f,1008,veh_007,ps-30c2a00c607f04e2,CAM,19.0,498.4,816.5163796530896,16.139843746549452,-0.5247094607166929,498.4,816.5163796530896,16.139843746549452,-0.5247094607166929,nonce-8f1945f74c2534a27e30,True,False,benign,False,0,"{""attack_ended_at"": 19.0, ""case_opened_at"": 19.0, ""lane_id"": ""nc_0"", ""road_id"": ""nc""}"
cam-1008-veh_008-000010,cam-1008-veh_008-000010,case-intersection-1008-veh_008-benign,root-619102ce636a6cdb36fde113,1008,veh_008,ps-82218acb1d94705f,CAM,19.0,166.29911768774505,498.4,16.410964836170898,0.18387891939840983,166.29911768774505,498.4,16.410964836170898,0.18387891939840983,nonce-619102ce636a6cdb36fd,True,False,benign,False,0,"{""attack_ended_at"": 19.0, ""case_opened_at"": 19.0, ""lane_id"": ""wc_0"", ""road_id"": ""wc""}"
cam-1008-veh_009-000009,cam-1008-veh_009-000009,case-intersection-1008-veh_009-benign,root-53dbf4bd29402e3e346115e6,1008,veh_009,ps-7ceb479c74f04f24,CAM,19.0,870.3577518197031,501.6,13.994579111224102,0.0018658092571417484,870.3577518197031,501.6,13.994579111224102,0.0018658092571417484,nonce-53dbf4bd29402e3e3461,True,False,benign,False,0,"{""attack_ended_at"": 19.0, ""case_opened_at"": 19.0, ""lane_id"": ""ec_0"", ""road_id"": ""ec""}"
cam-1008-veh_010-000008,cam-1008-veh_010-000008,case-intersection-1008-veh_010-benign,root-5e0eddb6d64ba11579d2af06,1008,veh_010,ps-3210978143869c35,CAM,19.0,501.6,132.7779722892633,15.913153614397162,-0.5377589557226745,501.6,132.7779722892633,15.913153614397162,-0.5377589557226745,nonce-5e0eddb6d64ba11579d2,True,False,benign,False,0,"{""attack_ended_at"": 19.0, ""case_opened_at"": 19.0, ""lane_id"": ""sc_0"", ""road_id"": ""sc""}"
cam-1008-veh_011-000007,cam-1008-veh_011-000007,case-intersection-1008-veh_011-benign,root-14a76f226290d836280e9d93,1008,veh_011,ps-8a5d63d2056fbe7e,CAM,19.0,498.4,890.1990940258366,15.224934044525646,0.10926688265986684,498.4,890.1990940258366,15.224934044525646,0.10926688265986684,nonce-14a76f226290d836280e,True,False,benign,False,0,"{""attack_ended_at"": 19.0, ""case_opened_at"": 19.0, ""lane_id"": ""nc_0"", ""road_id"": ""nc""}"
cam-1008-veh_012-000006,cam-1008-veh_012-000006,case-intersection-1008-veh_012-benign,root-b210868690c8f4e7e3579ca8,1008,veh_012,ps-d55e51c88c138a2d,CAM,19.0,100.8451126268087,498.4,16.1200498251291,-0.22774289808701553,100.8451126268087,498.4,16.1200498251291,-0.22774289808701553,nonce-b210868690c8f4e7e357,True,False,benign,False,0,"{""attack_ended_at"": 19.0, ""case_opened_at"": 19.0, ""lane_id"": ""wc_0"", ""road_id"": ""wc""}"
cam-1008-veh_013-000005,cam-1008-veh_013-000005,case-intersection-1008-veh_013-benign,root-c8785e8d30fc43c4a12b07ee,1008,veh_013,ps-c612038c409b5d43,CAM,19.0,915.2306065072423,501.6,16.434144433533618,0.43638161720707913,915.2306065072423,501.6,16.434144433533618,0.43638161720707913,nonce-c8785e8d30fc43c4a12b,True,False,benign,False,0,"{""attack_ended_at"": 19.0, ""case_opened_at"": 19.0, ""lane_id"": ""ec_0"", ""road_id"": ""ec""}"
cam-1008-veh_014-000004,cam-1008-veh_014-000004,case-intersection-1008-veh_014-benign,root-a503c84addbad95c3e109b3e,1008,veh_014,ps-1c0f8ece3ddb0b0c,CAM,19.0,501.6,63.33609446169365,14.49719298312293,-0.06010844757780376,501.6,63.33609446169365,14.49719298312293,-0.06010844757780376,nonce-a503c84addbad95c3e10,True,False,benign,False,0,"{""attack_ended_at"": 19.0, ""case_opened_at"": 19.0, ""lane_id"": ""sc_0"", ""road_id"": ""sc""}"
cam-1008-veh_015-000003,cam-1008-veh_015-000003,case-intersection-1008-veh_015-benign,root-08b0b5b9be1e9d54235a22a6,1008,veh_015,ps-77b1c1c85865d133,CAM,19.0,498.4,949.9952693661351,15.223281709335993,0.3834100799588498,498.4,949.9952693661351,15.223281709335993,0.3834100799588498,nonce-08b0b5b9be1e9d54235a,True,False,benign,False,0,"{""attack_ended_at"": 19.0, ""case_opened_at"": 19.0, ""lane_id"": ""nc_0"", ""road_id"": ""nc""}"
cam-1008-veh_016-000002,cam-1008-veh_016-000002,case-intersection-1008-veh_016-benign,root-0570882fc3fb9ef5e3ec9590,1008,veh_016,ps-1e0348b1d8bfe014,CAM,19.0,35.124118929002435,498.4,16.109944008239545,2.1957690874766556,35.124118929002435,498.4,16.109944008239545,2.1957690874766556,nonce-0570882fc3fb9ef5e3ec,True,False,benign,False,0,"{""attack_ended_at"": 19.0, ""case_opened_at"": 19.0, ""lane_id"": ""wc_0"", ""road_id"": ""wc""}"
cam-1008-veh_017-000001,cam-1008-veh_017-000001,case-intersection-1008-veh_017-benign,root-a4f859b9d3a70d09306a7bd0,1008,veh_017,ps-31646c93226ae98c,CAM,19.0,979.8140282113897,501.6,15.085971788610332,2.0859717886103315,979.8140282113897,501.6,15.085971788610332,2.0859717886103315,nonce-a4f859b9d3a70d09306a,True,False,benign,False,0,"{""attack_ended_at"": 19.0, ""case_opened_at"": 19.0, ""lane_id"": ""ec_0"", ""road_id"": ""ec""}"
cam-1008-veh_018-000000,cam-1008-veh_018-000000,case-intersection-1008-veh_018-benign,root-2ddedd25dd1ecb048a0d5548,1008,veh_018,ps-55c539e5052cea58,CAM,19.0,501.6,5.1,12.0,0.0,501.6,5.1,12.0,0.0,nonce-2ddedd25dd1ecb048a0d,True,False,benign,False,0,"{""attack_ended_at"": 19.0, ""case_opened_at"": 19.0, ""lane_id"": ""sc_0"", ""road_id"": ""sc""}"
cam-1008-veh_000-000019,cam-1008-veh_000-000019,case-intersection-1008-veh_000-benign,root-7a153027f4e1e769fa38ccd5,1008,veh_000,ps-c836b37964202f27,CAM,20.0,313.4105250931159,498.4,16.048979891431518,-0.09638020712882422,313.4105250931159,498.4,16.048979891431518,-0.09638020712882422,nonce-7a153027f4e1e769fa38,True,False,benign,False,0,"{""attack_ended_at"": 20.0, ""case_opened_at"": 20.0, ""lane_id"": ""wc_0"", ""road_id"": ""wc""}"
cam-1008-veh_001-000018,cam-1008-veh_001-000018,case-intersection-1008-veh_001-benign,root-7304ed2ce886098462a97102,1008,veh_001,ps-06cf0c7bb8481f37,CAM,20.0,703.2497565446142,501.6,16.162770913145508,0.0459102655202166,703.2497565446142,501.6,16.162770913145508,0.0459102655202166,nonce-7304ed2ce886098462a9,True,False,benign,False,0,"{""attack_ended_at"": 20.0, ""case_opened_at"": 20.0, ""lane_id"": ""ec_0"", ""road_id"": ""ec""}"
cam-1008-veh_002-000017,cam-1008-veh_002-000017,case-intersection-1008-veh_002-position_offset,root-75dfb36ba7abf002038b1879,1008,veh_002,ps-c10217be2cfbfbad,CAM,20.0,501.6,246.94951503908837,14.315272428573586,0.4363860580651089,566.6,263.1995150390884,14.315272428573586,0.4363860580651089,nonce-75dfb36ba7abf002038b,True,False,position_offset,True,0,"{""attack_ended_at"": 70.0, ""case_opened_at"": 18.0, ""lane_id"": ""sc_0"", ""road_id"": ""sc""}"
cam-1008-veh_003-000016,cam-1008-veh_003-000016,case-intersection-1008-veh_003-benign,root-98866644fcc7ea3c4a6b13c4,1008,veh_003,ps-b84d6e13ef43c957,CAM,20.0,498.4,737.3729270533705,16.07256897379179,-0.2457891712523974,498.4,737.3729270533705,16.07256897379179,-0.2457891712523974,nonce-98866644fcc7ea3c4a6b,True,False,benign,False,0,"{""attack_ended_at"": 20.0, ""case_opened_at"": 20.0, ""lane_id"": ""nc_0"", ""road_id"": ""nc""}"
cam-1008-veh_004-000015,cam-1008-veh_004-000015,case-intersection-1008-veh_004-speed_offset,root-be14358193492a6ffa0aac96,1008,veh_004,ps-a4ec7ac7ed69787f,CAM,20.0,234.65367438584892,498.4,15.482724122888573,0.004152728738263889,234.65367438584892,498.4,26.482724122888573,0.004152728738263889,nonce-be14358193492a6ffa0a,True,False,speed_offset,True,0,"{""attack_ended_at"": 72.0, ""case_opened_at"": 20.0, ""lane_id"": ""wc_0"", ""road_id"": ""wc""}"
cam-1008-veh_005-000014,cam-1008-veh_005-000014,case-intersection-1008-veh_005-benign,root-4d60c8646e11827d26e8c4a7,1008,veh_005,ps-969b062779822854,CAM,20.0,773.6835654885997,501.6,15.82140733664909,-0.04468961797189053,773.6835654885997,501.6,15.82140733664909,-0.04468961797189053,nonce-4d60c8646e11827d26e8,True,False,benign,False,0,"{""attack_ended_at"": 20.0, ""case_opened_at"": 20.0, ""lane_id"": ""ec_0"", ""road_id"": ""ec""}"
cam-1008-veh_006-000013,cam-1008-veh_006-000013,case-intersection-1008-veh_006-benign,root-732bbc1af557c50a78ee1969,1008,veh_006,ps-65fe799408ea4704,CAM,20.0,501.6,215.10187627093873,16.00866098470986,-0.28562780352775263,501.6,215.10187627093873,16.00866098470986,-0.28562780352775263,nonce-732bbc1af557c50a78ee,True,False,benign,False,0,"{""attack_ended_at"": 20.0, ""case_opened_at"": 20.0, ""lane_id"": ""sc_0"", ""road_id"": ""sc""}"
cam-1008-veh_007-000012,cam-1008-veh_007-000012,case-intersection-1008-veh_007-benign,root-ad5dc8b56d8b856909fa36c5,1008,veh_007,ps-30c2a00c607f04e2,CAM,20.0,498.4,799.9133891008794,16.60299055221025,0.4631468056607986,498.4,799.9133891008794,16.60299055221025,0.4631468056607986,nonce-ad5dc8b56d8b856909fa,True,False,benign,False,0,"{""attack_ended_at"": 20.0, ""case_opened_at"": 20.0, ""lane_id"": ""nc_0"", ""road_id"": ""nc""}"
cam-1008-veh_008-000011,cam-1008-veh_008-000011,case-intersection-1008-veh_008-benign,root-29755b6577ec2a9ba0281f02,1008,veh_008,ps-82218acb1d94705f,CAM,20.0,182.2329752691137,498.4,15.933857581368649,-0.4771072548022488,182.2329752691137,498.4,15.933857581368649,-0.4771072548022488,nonce-29755b6577ec2a9ba028,True,False,benign,False,0,"{""attack_ended_at"": 20.0, ""case_opened_at"": 20.0, ""lane_id"": ""wc_0"", ""road_id"": ""wc""}"
cam-1008-veh_009-000010,cam-1008-veh_009-000010,case-intersection-1008-veh_009-benign,root-6877797caf49b1e4572967d2,1008,veh_009,ps-7ceb479c74f04f24,CAM,20.0,856.7213508918921,501.6,13.63640092781099,-0.35817818341311103,856.7213508918921,501.6,13.63640092781099,-0.35817818341311103,nonce-6877797caf49b1e45729,True,False,benign,False,0,"{""attack_ended_at"": 20.0, ""case_opened_at"": 20.0, ""lane_id"": ""ec_0"", ""road_id"": ""ec""}"
cam-1008-veh_010-000009,cam-1008-veh_010-000009,case-intersection-1008-veh_010-benign,root-d830d461884395165f4a6a6b,1008,veh_010,ps-3210978143869c35,CAM,20.0,501.6,148.8069340189174,16.028961729654114,0.1158081152569519,501.6,148.8069340189174,16.028961729654114,0.1158081152569519,nonce-d830d461884395165f4a,True,False,benign,False,0,"{""attack_ended_at"": 20.0, ""case_opened_at"": 20.0, ""lane_id"": ""sc_0"", ""road_id"": ""sc""}"
cam-1008-veh_011-000008,cam-1008-veh_011-000008,case-intersection-1008-veh_011-benign,root-362775f232d2bd4e30fc885a,1008,veh_011,ps-8a5d63d2056fbe7e,CAM,20.0,498.4,874.8868212804949,15.312272745341682,0.08733870081603534,498.4,874.8868212804949,15.312272745341682,0.08733870081603534,nonce-362775f232d2bd4e30fc,True,False,benign,False,0,"{""attack_ended_at"": 20.0, ""case_opened_at"": 20.0, ""lane_id"": ""nc_0"", ""road_id"": ""nc""}"
cam-1008-veh_012-000007,cam-1008-veh_012-000007,case-intersection-1008-veh_012-benign,root-0ced668f3d82d4c668494918,1008,veh_012,ps-d55e51c88c138a2d,CAM,20.0,117.4029176367214,498.4,16.557805009912702,0.437755184783601,117.4029176367214,498.4,16.557805009912702,0.437755184783601,nonce-0ced668f3d82d4c66849,True,False,benign,False,0,"{""attack_ended_at"": 20.0, ""case_opened_at"": 20.0, ""lane_id"": ""wc_0"", ""road_id"": ""wc""}"
cam-1008-veh_013-000006,cam-1008-veh_013-000006,case-intersection-1008-veh_013-benign,root-2abeca89d212c6bd4d74ec6a,1008,veh_013,ps-c612038c409b5d43,CAM,20.0,899.3483944098426,501.6,15.882212097399714,-0.5519323361339037,899.3483944098426,501.6,15.882212097399714,-0.5519323361339037,nonce-2abeca89d212c6bd4d74,True,False,benign,False,0,"{""attack_ended_at"": 20.0, ""case_opened_at"": 20.0, ""lane_id"": ""ec_0"", ""road_id"": ""ec""}"
cam-1008-veh_014-000005,cam-1008-veh_014-000005,case-intersection-1008-veh_014-benign,root-c67db583d81bb74d4570400c,1008,veh_014,ps-1c0f8ece3ddb0b0c,CAM,20.0,501.6,78.17079483030705,14.834700368613392,0.33750738549046133,501.6,78.17079483030705,14.834700368613392,0.33750738549046133,nonce-c67db583d81bb74d4570,True,False,benign,False,0,"{""attack_ended_at"": 20.0, ""case_opened_at"": 20.0, ""lane_id"": ""sc_0"", ""road_id"": ""sc""}"
cam-1008-veh_015-000004,cam-1008-veh_015-000004,case-intersection-1008-veh_015-benign,root-3597fca2f67c8981d484c541,1008,veh_015,ps-77b1c1c85865d133,CAM,20.0,498.4,934.8169883662015,15.178280999933618,-0.045000709402374994,498.4,934.8169883662015,15.178280999933618,-0.045000709402374994,nonce-3597fca2f67c8981d484,True,False,benign,False,0,"{""attack_ended_at"": 20.0, ""case_opened_at"": 20.0, ""lane_id"": ""nc_0"", ""road_id"": ""nc""}"
cam-1008-veh_016-000003,cam-1008-veh_016-000003,case-intersection-1008-veh_016-benign,root-49d2976f6bb968e53f4328e6,1008,veh_016,ps-1e0348b1d8bfe014,CAM,20.0,51.55714382958598,498.4,16.43302490058355,0.32308089234400583,51.55714382958598,498.4,16.43302490058355,0.32308089234400583,nonce-49d2976f6bb968e53f43,True,False,benign,False,0,"{""attack_ended_at"": 20.0, ""case_opened_at"": 20.0, ""lane_id"": ""wc_0"", ""road_id"": ""wc""}"
cam-1008-veh_017-000002,cam-1008-veh_017-000002,case-intersection-1008-veh_017-benign,root-ed7df0534726dc7aebb8e6c6,1008,veh_017,ps-31646c93226ae98c,CAM,20.0,963.272261504354,501.6,16.541766707035716,1.4557949184253847,963.272261504354,501.6,16.541766707035716,1.4557949184253847,nonce-ed7df0534726dc7aebb8,True,False,benign,False,0,"{""attack_ended_at"": 20.0, ""case_opened_at"": 20.0, ""lane_id"": ""ec_0"", ""road_id"": ""ec""}"
cam-1008-veh_018-000001,cam-1008-veh_018-000001,case-intersection-1008-veh_018-benign,root-43d53a6fb031684eecefbd14,1008,veh_018,ps-55c539e5052cea58,CAM,20.0,501.6,19.465653533493168,14.365653533493168,2.365653533493168,501.6,19.465653533493168,14.365653533493168,2.365653533493168,nonce-43d53a6fb031684eecef,True,False,benign,False,0,"{""attack_ended_at"": 20.0, ""case_opened_at"": 20.0, ""lane_id"": ""sc_0"", ""road_id"": ""sc""}"
cam-1008-veh_019-000000,cam-1008-veh_019-000000,case-intersection-1008-veh_019-benign,root-9170315fd6532d8472e11c8a,1008,veh_019,ps-6e220b4f697c2cd3,CAM,20.0,498.4,994.9,13.0,0.0,498.4,994.9,13.0,0.0,nonce-9170315fd6532d8472e1,True,False,benign,False,0,"{""attack_ended_at"": 20.0, ""case_opened_at"": 20.0, ""lane_id"": ""nc_0"", ""road_id"": ""nc""}"
cam-1008-veh_000-000020,cam-1008-veh_000-000020,case-intersection-1008-veh_000-benign,root-3fa070efb4ceecfa3d32a77d,1008,veh_000,ps-c836b37964202f27,CAM,21.0,329.9539508005046,498.4,16.54342570738867,0.4944458159571532,329.9539508005046,498.4,16.54342570738867,0.4944458159571532,nonce-3fa070efb4ceecfa3d32,True,False,benign,False,0,"{""attack_ended_at"": 21.0, ""case_opened_at"": 21.0, ""lane_id"": ""wc_0"", ""road_id"": ""wc""}"
cam-1008-veh_001-000019,cam-1008-veh_001-000019,case-intersection-1008-veh_001-benign,root-8eba3749f7a829626b6a87cd,1008,veh_001,ps-06cf0c7bb8481f37,CAM,21.0,687.1350112752756,501.6,16.114745269338602,-0.04802564380690555,687.1350112752756,501.6,16.114745269338602,-0.04802564380690555,nonce-8eba3749f7a829626b6a,True,False,benign,False,0,"{""attack_ended_at"": 21.0, ""case_opened_at"": 21.0, ""lane_id"": ""ec_0"", ""road_id"": ""ec""}"
cam-1008-veh_002-000018,cam-1008-veh_002-000018,case-intersection-1008-veh_002-position_offset,root-e35f1fd6d06dabd6ed8435a3,1008,veh_002,ps-c10217be2cfbfbad,CAM,21.0,501.6,261.1535899046759,14.204074865587533,-0.1111975629860531,566.6,277.4035899046759,14.204074865587533,-0.1111975629860531,nonce-e35f1fd6d06dabd6ed84,True,False,position_offset,True,0,"{""attack_ended_at"": 70.0, ""case_opened_at"": 18.0, ""lane_id"": ""sc_0"", ""road_id"": ""sc""}"
cam-1008-veh_003-000017,cam-1008-veh_003-000017,case-intersection-1008-veh_003-benign,root-73e4d84c40c46f6845f80ac2,1008,veh_003,ps-b84d6e13ef43c957,CAM,21.0,498.4,721.3444517012779,16.02847535209265,-0.04409362169914033,498.4,721.3444517012779,16.02847535209265,-0.04409362169914033,nonce-73e4d84c40c46f6845f8,True,False,benign,False,0,"{""attack_ended_at"": 21.0, ""case_opened_at"": 21.0, ""lane_id"": ""nc_0"", ""road_id"": ""nc""}"
cam-1008-veh_004-000016,cam-1008-veh_004-000016,case-intersection-1008-veh_004-speed_offset,root-f613867c143e7eee3ae14221,1008,veh_004,ps-a4ec7ac7ed69787f,CAM,21.0,249.77574734582353,498.4,15.122072959974574,-0.36065116291399946,249.77574734582353,498.4,26.122072959974574,-0.36065116291399946,nonce-f613867c143e7eee3ae1,True,False,speed_offset,True,0,"{""attack_ended_at"": 72.0, ""case_opened_at"": 20.0, ""lane_id"": ""wc_0"", ""road_id"": ""wc""}"
cam-1008-veh_005-000015,cam-1008-veh_005-000015,case-intersection-1008-veh_005-benign,root-21ff2dfbf5c0e41645830a2c,1008,veh_005,ps-969b062779822854,CAM,21.0,757.6638444622531,501.6,16.019721026346623,0.1983136896975335,757.6638444622531,501.6,16.019721026346623,0.1983136896975335,nonce-21ff2dfbf5c0e4164583,True,False,benign,False,0,"{""attack_ended_at"": 21.0, ""case_opened_at"": 21.0, ""lane_id"": ""ec_0"", ""road_id"": ""ec""}"
cam-1008-veh_006-000014,cam-1008-veh_006-000014,case-intersection-1008-veh_006-benign,root-e6073782afc54a5381804d00,1008,veh_006,ps-65fe799408ea4704,CAM,21.0,501.6,231.44104983772158,16.339173566782847,0.3305125820729877,501.6,231.44104983772158,16.339173566782847,0.3305125820729877,nonce-e6073782afc54a538180,True,False,benign,False,0,"{""attack_ended_at"": 21.0, ""case_opened_at"": 21.0, ""lane_id"": ""sc_0"", ""road_id"": ""sc""}"
cam-1008-veh_007-000013,cam-1008-veh_007-000013,case-intersection-1008-veh_007-benign,root-2b685fe038960ef72bbeff10,1008,veh_007,ps-30c2a00c607f04e2,CAM,21.0,498.4,783.9829006397538,15.930488461125643,-0.672502091084608,498.4,783.9829006397538,15.930488461125643,-0.672502091084608,nonce-2b685fe038960ef72bbe,True,False,benign,False,0,"{""attack_ended_at"": 21.0, ""case_opened_at"": 21.0, ""lane_id"": ""nc_0"", ""road_id"": ""nc""}"
cam-1008-veh_008-000012,cam-1008-veh_008-000012,case-intersection-1008-veh_008-benign,root-6da4396ec536a84923878447,1008,veh_008,ps-82218acb1d94705f,CAM,21.0,198.6276298153354,498.4,16.39465454622172,0.46079696485307053,198.6276298153354,498.4,16.39465454622172,0.46079696485307053,nonce-6da4396ec536a8492387,True,False,benign,False,0,"{""attack_ended_at"": 21.0, ""case_opened_at"": 21.0, ""lane_id"": ""wc_0"", ""road_id"": ""wc""}"
cam-1008-veh_009-000011,cam-1008-veh_009-000011,case-intersection-1008-veh_009-benign,root-f1d706f9acd35620c44089e8,1008,veh_009,ps-7ceb479c74f04f24,CAM,21.0,843.2364969845967,501.6,13.484853907295564,-0.15154702051542657,843.2364969845967,501.6,13.484853907295564,-0.15154702051542657,nonce-f1d706f9acd35620c440,True,False,benign,False,0,"{""attack_ended_at"": 21.0, ""case_opened_at"": 21.0, ""lane_id"": ""ec_0"", ""road_id"": ""ec""}"
cam-1008-veh_010-000010,cam-1008-veh_010-000010,case-intersection-1008-veh_010-benign,root-269af08ccc437177e59c7e5a,1008,veh_010,ps-3210978143869c35,CAM,21.0,501.6,165.02470553862398,16.217771519706588,0.1888097900524741,501.6,165.02470553862398,16.217771519706588,0.1888097900524741,nonce-269af08ccc437177e59c,True,False,benign,False,0,"{""attack_ended_at"": 21.0, ""case_opened_at"": 21.0, ""lane_id"": ""sc_0"", ""road_id"": ""sc""}"
cam-1008-veh_011-000009,cam-1008-veh_011-000009,case-intersection-1008-veh_011-benign,root-0333135b9808c27159dce5a8,1008,veh_011,ps-8a5d63d2056fbe7e,CAM,21.0,498.4,860.1864243551456,14.70039692534941,-0.6118758199922727,498.4,860.1864243551456,14.70039692534941,-0.6118758199922727,nonce-0333135b9808c27159dc,True,False,benign,False,0,"{""attack_ended_at"": 21.0, ""case_opened_at"": 21.0, ""lane_id"": ""nc_0"", ""road_id"": ""nc""}"
cam-1008-veh_012-000008,cam-1008-veh_012-000008,case-intersection-1008-veh_012-benign,root-47378bbaf37aac8cca3f7061,1008,veh_012,ps-d55e51c88c138a2d,CAM,21.0,133.68291271768976,498.4,16.279995080968366,-0.2778099289443361,133.68291271768976,498.4,16.279995080968366,-0.2778099289443361,nonce-47378bbaf37aac8cca3f,True,False,benign,False,0,"{""attack_ended_at"": 21.0, ""case_opened_at"": 21.0, ""lane_id"": ""wc_0"", ""road_id"": ""wc""}"
cam-1008-veh_013-000007,cam-1008-veh_013-000007,case-intersection-1008-veh_013-benign,root-f3fc71bf92438cbed25e176f,1008,veh_013,ps-c612038c409b5d43,CAM,21.0,883.3675779440757,501.6,15.980816465766946,0.09860436836723174,883.3675779440757,501.6,15.980816465766946,0.09860436836723174,nonce-f3fc71bf92438cbed25e,True,False,benign,False,0,"{""attack_ended_at"": 21.0, ""case_opened_at"": 21.0, ""lane_id"": ""ec_0"", ""road_id"": ""ec""}"
cam-1008-veh_014-000006,cam-1008-veh_014-000006,case-intersection-1008-veh_014-benign,root-a6d9fd10742bb1d9408e224b,1008,veh_014,ps-1c0f8ece3ddb0b0c,CAM,21.0,501.6,92.77959342576291,14.608798595455863,-0.22590177315752946,501.6,92.77959342576291,14.608798595455863,-0.22590177315752946,nonce-a6d9fd10742bb1d9408e,True,False,benign,False,0,"{""attack_ended_at"": 21.0, ""case_opened_at"": 21.0, ""lane_id"": ""sc_0"", ""road_id"": ""sc""}"
cam-1008-veh_015-000005,cam-1008-veh_015-000005,case-intersection-1008-veh_015-benign,root-92aba36b03ce9ad21ec551ee,1008,veh_015,ps-77b1c1c85865d133,CAM,21.0,498.4,919.9017089825204,14.915279383681032,-0.2630016162525859,498.4,919.9017089825204,14.915279383681032,-0.2630016162525859,nonce-92aba36b03ce9ad21ec5,True,False,benign,False,0,"{""attack_ended_at"": 21.0, ""case_opened_at"": 21.0, ""lane_id"": ""nc_0"", ""road_id"": ""nc""}"
cam-1008-veh_016-000004,cam-1008-veh_016-000004,case-intersection-1008-veh_016-benign,root-10897b2f8d6fb9e703979cb7,1008,veh_016,ps-1e0348b1d8bfe014,CAM,21.0,67.90002993424889,498.4,16.342886104662906,-0.09013879592064455,67.90002993424889,498.4,16.342886104662906,-0.09013879592064455,nonce-10897b2f8d6fb9e70397,True,False,benign,False,0,"{""attack_ended_at"": 21.0, ""case_opened_at"": 21.0, ""lane_id"": ""wc_0"", ""road_id"": ""wc""}"
cam-1008-veh_017-000003,cam-1008-veh_017-000003,case-intersection-1008-veh_017-benign,root-a6384a9152c07f551b7377b2,1008,veh_017,ps-31646c93226ae98c,CAM,21.0,947.0522381285671,501.6,16.22002337578684,-0.3217433312488751,947.0522381285671,501.6,16.22002337578684,-0.3217433312488751,nonce-a6384a9152c07f551b73,True,False,benign,False,0,"{""attack_ended_at"": 21.0, ""case_opened_at"": 21.0, ""lane_id"": ""ec_0"", ""road_id"": ""ec""}"
cam-1008-veh_018-000002,cam-1008-veh_018-000002,case-intersection-1008-veh_018-benign,root-54ab0c2d433e52c2558c2f10,1008,veh_018,ps-55c539e5052cea58,CAM,21.0,501.6,33.81116942875364,14.34551589526047,-0.020137638232696986,501.6,33.81116942875364,14.34551589526047,-0.020137638232696986,nonce-54ab0c2d433e52c2558c,True,False,benign,False,0,"{""attack_ended_at"": 21.0, ""case_opened_at"": 21.0, ""lane_id"": ""sc_0"", ""road_id"": ""sc""}"
cam-1008-veh_019-000001,cam-1008-veh_019-000001,case-intersection-1008-veh_019-benign,root-21593dc734d8dc445b0aefa8,1008,veh_019,ps-6e220b4f697c2cd3,CAM,21.0,498.4,980.1269861509636,14.773013849036442,1.7730138490364418,498.4,980.1269861509636,14.773013849036442,1.7730138490364418,nonce-21593dc734d8dc445b0a,True,False,benign,False,0,"{""attack_ended_at"": 21.0, ""case_opened_at"": 21.0, ""lane_id"": ""nc_0"", ""road_id"": ""nc""}"
cam-1008-veh_020-000000,cam-1008-veh_020-000000,case-intersection-1008-veh_020-benign,root-67d2a03cdabf6702ae4ca9fe,1008,veh_020,ps-fb97d0e5da402071,CAM,21.0,5.1,498.4,12.0,0.0,5.1,498.4,12.0,0.0,nonce-67d2a03cdabf6702ae4c,True,False,benign,False,0,"{""attack_ended_at"": 21.0, ""case_opened_at"": 21.0, ""lane_id"": ""wc_0"", ""road_id"": ""wc""}"
cam-1008-veh_000-000021,cam-1008-veh_000-000021,case-intersection-1008-veh_000-benign,root-c45d5127513b5a21f8946b14,1008,veh_000,ps-c836b37964202f27,CAM,22.0,346.5936825570697,498.4,16.639731756565162,0.09630604917649066,346.5936825570697,498.4,16.639731756565162,0.09630604917649066,nonce-c45d5127513b5a21f894,True,False,benign,False,0,"{""attack_ended_at"": 22.0, ""case_opened_at"": 22.0, ""lane_id"": ""wc_0"", ""road_id"": ""wc""}"
cam-1008-veh_001-000020,cam-1008-veh_001-000020,case-intersection-1008-veh_001-benign,root-4fe9c7bb5ab0dc85f6fd668e,1008,veh_001,ps-06cf0c7bb8481f37,CAM,22.0,670.7055245244921,501.6,16.4294867507834,0.3147414814447984,670.7055245244921,501.6,16.4294867507834,0.3147414814447984,nonce-4fe9c7bb5ab0dc85f6fd,True,False,benign,False,0,"{""attack_ended_at"": 22.0, ""case_opened_at"": 22.0, ""lane_id"": ""ec_0"", ""road_id"": ""ec""}"
cam-1008-veh_002-000019,cam-1008-veh_002-000019,case-intersection-1008-veh_002-position_offset,root-0ed4b30b7f89cee410a3893d,1008,veh_002,ps-c10217be2cfbfbad,CAM,22.0,501.6,275.076863355458,13.923273450782068,-0.28080141480546494,566.6,291.326863355458,13.923273450782068,-0.28080141480546494,nonce-0ed4b30b7f89cee410a3,True,False,position_offset,True,0,"{""attack_ended_at"": 70.0, ""case_opened_at"": 18.0, ""lane_id"": ""sc_0"", ""road_id"": ""sc""}"
cam-1008-veh_003-000018,cam-1008-veh_003-000018,case-intersection-1008-veh_003-benign,root-324a3c2035fd3835d8e55c8d,1008,veh_003,ps-b84d6e13ef43c957,CAM,22.0,498.4,704.8083130185864,16.536138682691384,0.507663330598735,498.4,704.8083130185864,16.536138682691384,0.507663330598735,nonce-324a3c2035fd3835d8e5,True,False,benign,False,0,"{""attack_ended_at"": 22.0, ""case_opened_at"": 22.0, ""lane_id"": ""nc_0"", ""road_id"": ""nc""}"
cam-1008-veh_004-000017,cam-1008-veh_004-000017,case-intersection-1008-veh_004-speed_offset,root-c627af2ad4adfa42d5631acc,1008,veh_004,ps-a4ec7ac7ed69787f,CAM,22.0,265.49290034688715,498.4,15.717153001063668,0.5950800410890942,265.49290034688715,498.4,26.717153001063668,0.5950800410890942,nonce-c627af2ad4adfa42d563,True,False,speed_offset,True,0,"{""attack_ended_at"": 72.0, ""case_opened_at"": 20.0, ""lane_id"": ""wc_0"", ""road_id"": ""wc""}"
cam-1008-veh_005-000016,cam-1008-veh_005-000016,case-intersection-1008-veh_005-benign,root-dcd3a948438f027007e70be6,1008,veh_005,ps-969b062779822854,CAM,22.0,742.0970002578631,501.6,15.566844204390026,-0.45287682195659684,742.0970002578631,501.6,15.566844204390026,-0.45287682195659684,nonce-dcd3a948438f027007e7,True,False,benign,False,0,"{""attack_ended_at"": 22.0, ""case_opened_at"": 22.0, ""lane_id"": ""ec_0"", ""road_id"": ""ec""}"
replay-cam-1008-veh_006-000015,cam-1008-veh_006-000011,case-intersection-1008-veh_006-replay,root-698ab643fc75e30c21ee9766,1008,veh_006,ps-65fe799408ea4704,CAM,18.0,501.6,182.79892649799126,16.638048100941816,0.2891036247694849,501.6,182.79892649799126,16.638048100941816,0.2891036247694849,nonce-698ab643fc75e30c21ee,True,False,replay,True,1,"{""attack_ended_at"": 18.0, ""case_opened_at"": 18.0, ""lane_id"": ""sc_0"", ""road_id"": ""sc""}"
cam-1008-veh_007-000014,cam-1008-veh_007-000014,case-intersection-1008-veh_007-benign,root-51e1135f896e66959a6663b6,1008,veh_007,ps-30c2a00c607f04e2,CAM,22.0,498.4,767.9720582882547,16.010842351499015,0.08035389037337204,498.4,767.9720582882547,16.010842351499015,0.08035389037337204,nonce-51e1135f896e66959a66,True,False,benign,False,0,"{""attack_ended_at"": 22.0, ""case_opened_at"": 22.0, ""lane_id"": ""nc_0"", ""road_id"": ""nc""}"
cam-1008-veh_008-000013,cam-1008-veh_008-000013,case-intersection-1008-veh_008-benign,root-286f59108023e7845a80859b,1008,veh_008,ps-82218acb1d94705f,CAM,22.0,215.0892394125136,498.4,16.461609597178178,0.0669550509564587,215.0892394125136,498.4,16.461609597178178,0.0669550509564587,nonce-286f59108023e7845a80,True,False,benign,False,0,"{""attack_ended_at"": 22.0, ""case_opened_at"": 22.0, ""lane_id"": ""wc_0"", ""road_id"": ""wc""}"
cam-1008-veh_009-000012,cam-1008-veh_009-000012,case-intersection-1008-veh_009-benign,root-3d2ec85235e6f799ff70cf4b,1008,veh_009,ps-7ceb479c74f04f24,CAM,22.0,829.4555667017617,501.6,13.780930282834978,0.296076375539414,829.4555667017617,501.6,13.780930282834978,0.296076375539414,nonce-3d2ec85235e6f799ff70,True,False,benign,False,0,"{""attack_ended_at"": 22.0, ""case_opened_at"": 22.0, ""lane_id"": ""ec_0"", ""road_id"": ""ec""}"
cam-1008-veh_010-000011,cam-1008-veh_010-000011,case-intersection-1008-veh_010-benign,root-2df56f317b38e76123b1bcdf,1008,veh_010,ps-3210978143869c35,CAM,22.0,501.6,181.2579498300236,16.233244291399608,0.015472771693019638,501.6,181.2579498300236,16.233244291399608,0.015472771693019638,nonce-2df56f317b38e76123b1,True,False,benign,False,0,"{""attack_ended_at"": 22.0, ""case_opened_at"": 22.0, ""lane_id"": ""sc_0"", ""road_id"": ""sc""}"
cam-1008-veh_011-000010,cam-1008-veh_011-000010,case-intersection-1008-veh_011-benign,root-2df0e2af25b9b4808d625a53,1008,veh_011,ps-8a5d63d2056fbe7e,CAM,22.0,498.4,845.1177644371785,15.068659917967082,0.36826299261767304,498.4,845.1177644371785,15.068659917967082,0.36826299261767304,nonce-2df0e2af25b9b4808d62,True,False,benign,False,0,"{""attack_ended_at"": 22.0, ""case_opened_at"": 22.0, ""lane_id"": ""nc_0"", ""road_id"": ""nc""}"
cam-1008-veh_012-000009,cam-1008-veh_012-000009,case-intersection-1008-veh_012-benign,root-b316e55e14ce27413e71ac5b,1008,veh_012,ps-d55e51c88c138a2d,CAM,22.0,149.77011039050763,498.4,16.087197672817858,-0.19279740815050772,149.77011039050763,498.4,16.087197672817858,-0.19279740815050772,nonce-b316e55e14ce27413e71,True,False,benign,False,0,"{""attack_ended_at"": 22.0, ""case_opened_at"": 22.0, ""lane_id"": ""wc_0"", ""road_id"": ""wc""}"
cam-1008-veh_013-000008,cam-1008-veh_013-000008,case-intersection-1008-veh_013-benign,root-40fc28eceaebd62642b4ef03,1008,veh_013,ps-c612038c409b5d43,CAM,22.0,867.1221239967338,501.6,16.245453947341847,0.2646374815749013,867.1221239967338,501.6,16.245453947341847,0.2646374815749013,nonce-40fc28eceaebd62642b4,True,False,benign,False,0,"{""attack_ended_at"": 22.0, ""case_opened_at"": 22.0, ""lane_id"": ""ec_0"", ""road_id"": ""ec""}"
cam-1008-veh_014-000007,cam-1008-veh_014-000007,case-intersection-1008-veh_014-benign,root-87fcffe65b2dce0792726fbc,1008,veh_014,ps-1c0f8ece3ddb0b0c,CAM,22.0,501.6,107.69612196008255,14.916528534319639,0.3077299388637762,501.6,107.69612196008255,14.916528534319639,0.3077299388637762,nonce-87fcffe65b2dce079272,True,False,benign,False,0,"{""attack_ended_at"": 22.0, ""case_opened_at"": 22.0, ""lane_id"": ""sc_0"", ""road_id"": ""sc""}"
cam-1008-veh_015-000006,cam-1008-veh_015-000006,case-intersection-1008-veh_015-benign,root-682615d7456c4e00bb9294de,1008,veh_015,ps-77b1c1c85865d133,CAM,22.0,498.4,905.2694620096967,14.632246972823763,-0.2830324108572686,498.4,905.2694620096967,14.632246972823763,-0.2830324108572686,nonce-682615d7456c4e00bb92,True,False,benign,False,0,"{""attack_ended_at"": 22.0, ""case_opened_at"": 22.0, ""lane_id"": ""nc_0"", ""road_id"": ""nc""}"
cam-1008-veh_016-000005,cam-1008-veh_016-000005,case-intersection-1008-veh_016-benign,root-23c81dec042dcae2fcb2bbc9,1008,veh_016,ps-1e0348b1d8bfe014,CAM,22.0,84.47923223235179,498.4,16.579202298102903,0.23631619343999688,84.47923223235179,498.4,16.579202298102903,0.23631619343999688,nonce-23c81dec042dcae2fcb2,True,False,benign,False,0,"{""attack_ended_at"": 22.0, ""case_opened_at"": 22.0, ""lane_id"": ""wc_0"", ""road_id"": ""wc""}"
cam-1008-veh_017-000004,cam-1008-veh_017-000004,case-intersection-1008-veh_017-benign,root-adb21a8baa09f9cefdde0bcd,1008,veh_017,ps-31646c93226ae98c,CAM,22.0,930.577500216919,501.6,16.47473791164812,0.2547145358612788,930.577500216919,501.6,16.47473791164812,0.2547145358612788,nonce-adb21a8baa09f9cefdde,True,False,benign,False,0,"{""attack_ended_at"": 22.0, ""case_opened_at"": 22.0, ""lane_id"": ""ec_0"", ""road_id"": ""ec""}"
cam-1008-veh_018-000003,cam-1008-veh_018-000003,case-intersection-1008-veh_018-benign,root-183c1510866b65e91bd7f0a9,1008,veh_018,ps-55c539e5052cea58,CAM,22.0,501.6,47.82442384131806,14.013254412564422,-0.33226148269604927,501.6,47.82442384131806,14.013254412564422,-0.33226148269604927,nonce-183c1510866b65e91bd7,True,False,benign,False,0,"{""attack_ended_at"": 22.0, ""case_opened_at"": 22.0, ""lane_id"": ""sc_0"", ""road_id"": ""sc""}"
cam-1008-veh_019-000002,cam-1008-veh_019-000002,case-intersection-1008-veh_019-benign,root-c640f3f08a61a2369c3ffab8,1008,veh_019,ps-6e220b4f697c2cd3,CAM,22.0,498.4,965.2151560734368,14.911830077526766,0.13881622849032382,498.4,965.2151560734368,14.911830077526766,0.13881622849032382,nonce-c640f3f08a61a2369c3f,True,False,benign,False,0,"{""attack_ended_at"": 22.0, ""case_opened_at"": 22.0, ""lane_id"": ""nc_0"", ""road_id"": ""nc""}"
cam-1008-veh_020-000001,cam-1008-veh_020-000001,case-intersection-1008-veh_020-benign,root-c78b1a82f990f6a7374b5d3c,1008,veh_020,ps-fb97d0e5da402071,CAM,22.0,19.492057566302826,498.4,14.392057566302828,2.392057566302828,19.492057566302826,498.4,14.392057566302828,2.392057566302828,nonce-c78b1a82f990f6a7374b,True,False,benign,False,0,"{""attack_ended_at"": 22.0, ""case_opened_at"": 22.0, ""lane_id"": ""wc_0"", ""road_id"": ""wc""}"
cam-1008-veh_021-000000,cam-1008-veh_021-000000,case-intersection-1008-veh_021-benign,root-e9f2b5b55d13ad34a726c363,1008,veh_021,ps-7461357a64efe09e,CAM,22.0,994.9,501.6,13.0,0.0,994.9,501.6,13.0,0.0,nonce-e9f2b5b55d13ad34a726,True,False,benign,False,0,"{""attack_ended_at"": 22.0, ""case_opened_at"": 22.0, ""lane_id"": ""ec_0"", ""road_id"": ""ec""}"
cam-1008-veh_000-000022,cam-1008-veh_000-000022,case-intersection-1008-veh_000-benign,root-b05ff3cc39ea93b137b5396a,1008,veh_000,ps-c836b37964202f27,CAM,23.0,363.042186128879,498.4,16.448503571809272,-0.19122818475588943,363.042186128879,498.4,16.448503571809272,-0.19122818475588943,nonce-b05ff3cc39ea93b137b5,True,False,benign,False,0,"{""attack_ended_at"": 23.0, ""case_opened_at"": 23.0, ""lane_id"": ""wc_0"", ""road_id"": ""wc""}"
cam-1008-veh_001-000021,cam-1008-veh_001-000021,case-intersection-1008-veh_001-benign,root-f69ea79b71e831676e5a9e51,1008,veh_001,ps-06cf0c7bb8481f37,CAM,23.0,654.7034614329552,501.6,16.002063091536986,-0.4274236592464149,654.7034614329552,501.6,16.002063091536986,-0.4274236592464149,nonce-f69ea79b71e831676e5a,True,False,benign,False,0,"{""attack_ended_at"": 23.0, ""case_opened_at"": 23.0, ""lane_id"": ""ec_0"", ""road_id"": ""ec""}"
cam-1008-veh_002-000020,cam-1008-veh_002-000020,case-intersection-1008-veh_002-position_offset,root-9fee839c8dc9bb60cc668a66,1008,veh_002,ps-c10217be2cfbfbad,CAM,23.0,501.6,289.17704414514986,14.100180789691873,0.17690733890980503,566.6,305.42704414514986,14.100180789691873,0.17690733890980503,nonce-9fee839c8dc9bb60cc66,True,False,position_offset,True,0,"{""attack_ended_at"": 70.0, ""case_opened_at"": 18.0, ""lane_id"": ""sc_0"", ""road_id"": ""sc""}"
cam-1008-veh_003-000019,cam-1008-veh_003-000019,case-intersection-1008-veh_003-benign,root-0fa36a57b5be170600a18576,1008,veh_003,ps-b84d6e13ef43c957,CAM,23.0,498.4,688.5965931229293,16.211719895657154,-0.32441878703422944,498.4,688.5965931229293,16.211719895657154,-0.32441878703422944,nonce-0fa36a57b5be170600a1,True,False,benign,False,0,"{""attack_ended_at"": 23.0, ""case_opened_at"": 23.0, ""lane_id"": ""nc_0"", ""road_id"": ""nc""}"
cam-1008-veh_004-000018,cam-1008-veh_004-000018,case-intersection-1008-veh_004-speed_offset,root-df699feab50a7caa3cd283c0,1008,veh_004,ps-a4ec7ac7ed69787f,CAM,23.0,280.6163506793054,498.4,15.12345033241825,-0.5937026686454185,280.6163506793054,498.4,26.12345033241825,-0.5937026686454185,nonce-df699feab50a7caa3cd2,True,False,speed_offset,True,0,"{""attack_ended_at"": 72.0, ""case_opened_at"": 20.0, ""lane_id"": ""wc_0"", ""road_id"": ""wc""}"
cam-1008-veh_005-000017,cam-1008-veh_005-000017,case-intersection-1008-veh_005-benign,root-ac2c96d97500ab25ec87d0dc,1008,veh_005,ps-969b062779822854,CAM,23.0,726.7526398344298,501.6,15.3443604234332,-0.22248378095682675,726.7526398344298,501.6,15.3443604234332,-0.22248378095682675,nonce-ac2c96d97500ab25ec87,True,False,benign,False,0,"{""attack_ended_at"": 23.0, ""case_opened_at"": 23.0, ""lane_id"": ""ec_0"", ""road_id"": ""ec""}"
replay-cam-1008-veh_006-000016,cam-1008-veh_006-000012,case-intersection-1008-veh_006-replay,root-9ea8f4310ed2d98496486915,1008,veh_006,ps-65fe799408ea4704,CAM,19.0,501.6,199.09321528622888,16.294288788237612,-0.34375931270420423,501.6,199.09321528622888,16.294288788237612,-0.34375931270420423,nonce-9ea8f4310ed2d9849648,True,False,replay,True,1,"{""attack_ended_at"": 19.0, ""case_opened_at"": 19.0, ""lane_id"": ""sc_0"", ""road_id"": ""sc""}"
cam-1008-veh_007-000015,cam-1008-veh_007-000015,case-intersection-1008-veh_007-benign,root-b2a7fc9bb8c55e2cee068688,1008,veh_007,ps-30c2a00c607f04e2,CAM,23.0,498.4,751.4705754730292,16.50148281522561,0.49064046372659575,498.4,751.4705754730292,16.50148281522561,0.49064046372659575,nonce-b2a7fc9bb8c55e2cee06,True,False,benign,False,0,"{""attack_ended_at"": 23.0, ""case_opened_at"": 23.0, ""lane_id"": ""nc_0"", ""road_id"": ""nc""}"
cam-1008-veh_008-000014,cam-1008-veh_008-000014,case-intersection-1008-veh_008-benign,root-43dfed9896c1681e0ce036e7,1008,veh_008,ps-82218acb1d94705f,CAM,23.0,231.37666901448745,498.4,16.287429601973855,-0.17417999520432303,231.37666901448745,498.4,16.287429601973855,-0.17417999520432303,nonce-43dfed9896c1681e0ce0,True,False,benign,False,0,"{""attack_ended_at"": 23.0, ""case_opened_at"": 23.0, ""lane_id"": ""wc_0"", ""road_id"": ""wc""}"
cam-1008-veh_009-000013,cam-1008-veh_009-000013,case-intersection-1008-veh_009-benign,root-0e2eb000d163197a769d28fa,1008,veh_009,ps-7ceb479c74f04f24,CAM,23.0,815.71870758608,501.6,13.736859115681671,-0.044071167153306945,815.71870758608,501.6,13.736859115681671,-0.044071167153306945,nonce-0e2eb000d163197a769d,True,False,benign,False,0,"{""attack_ended_at"": 23.0, ""case_opened_at"": 23.0, ""lane_id"": ""ec_0"", ""road_id"": ""ec""}"
cam-1008-veh_010-000012,cam-1008-veh_010-000012,case-intersection-1008-veh_010-benign,root-e2064d8929cc1ae1b6315b22,1008,veh_010,ps-3210978143869c35,CAM,23.0,501.6,197.29092464101967,16.032974810996095,-0.200269480403513,501.6,197.29092464101967,16.032974810996095,-0.200269480403513,nonce-e2064d8929cc1ae1b631,True,False,benign,False,0,"{""attack_ended_at"": 23.0, ""case_opened_at"": 23.0, ""lane_id"": ""sc_0"", ""road_id"": ""sc""}"
cam-1008-veh_011-000011,cam-1008-veh_011-000011,case-intersection-1008-veh_011-benign,root-098b663ef2d23d8e7d631a17,1008,veh_011,ps-8a5d63d2056fbe7e,CAM,23.0,498.4,830.0650250667983,15.052739370380216,-0.015920547586866007,498.4,830.0650250667983,15.052739370380216,-0.015920547586866007,nonce-098b663ef2d23d8e7d63,True,False,benign,False,0,"{""attack_ended_at"": 23.0, ""case_opened_at"": 23.0, ""lane_id"": ""nc_0"", ""road_id"": ""nc""}"
cam-1008-veh_012-000010,cam-1008-veh_012-000010,case-intersection-1008-veh_012-benign,root-ee2c22dd5e4977e0385b13d5,1008,veh_012,ps-d55e51c88c138a2d,CAM,23.0,165.85436071000063,498.4,16.084250319493005,-0.0029473533248527417,165.85436071000063,498.4,16.084250319493005,-0.0029473533248527417,nonce-ee2c22dd5e4977e0385b,True,False,benign,False,0,"{""attack_ended_at"": 23.0, ""case_opened_at"": 23.0, ""lane_id"": ""wc_0"", ""road_id"": ""wc""}"
cam-1008-veh_013-000009,cam-1008-veh_013-000009,case-intersection-1008-veh_013-benign,root-1c7fc2c4c314406d5c522ecc,1008,veh_013,ps-c612038c409b5d43,CAM,23.0,850.8868416201373,501.6,16.23528237659655,-0.010171570745296066,850.8868416201373,501.6,16.23528237659655,-0.010171570745296066,nonce-1c7fc2c4c314406d5c52,True,False,benign,False,0,"{""attack_ended_at"": 23.0, ""case_opened_at"": 23.0, ""lane_id"": ""ec_0"", ""road_id"": ""ec""}"
cam-1008-veh_014-000008,cam-1008-veh_014-000008,case-intersection-1008-veh_014-benign,root-49825f1f68889a15cf26e4bc,1008,veh_014,ps-1c0f8ece3ddb0b0c,CAM,23.0,501.6,122.68966929476606,14.993547334683516,0.0770188003638772,501.6,122.68966929476606,14.993547334683516,0.0770188003638772,nonce-49825f1f68889a15cf26,True,False,benign,False,0,"{""attack_ended_at"": 23.0, ""case_opened_at"": 23.0, ""lane_id"": ""sc_0"", ""road_id"": ""sc""}"
cam-1008-veh_015-000007,cam-1008-veh_015-000007,case-intersection-1008-veh_015-benign,root-0d843114c8e33865e416dc79,1008,veh_015,ps-77b1c1c85865d133,CAM,23.0,498.4,890.0188838192607,15.250578190435903,0.6183312176121394,498.4,890.0188838192607,15.250578190435903,0.6183312176121394,nonce-0d843114c8e33865e416,True,False,benign,False,0,"{""attack_ended_at"": 23.0, ""case_opened_at"": 23.0, ""lane_id"": ""nc_0"", ""road_id"": ""nc""}"
cam-1008-veh_016-000006,cam-1008-veh_016-000006,case-intersection-1008-veh_016-benign,root-a1c1a0b3f2e8b6213608efe2,1008,veh_016,ps-1e0348b1d8bfe014,CAM,23.0,100.55862920215819,498.4,16.079396969806403,-0.4998053282964996,100.55862920215819,498.4,16.079396969806403,-0.4998053282964996,nonce-a1c1a0b3f2e8b6213608,True,False,benign,False,0,"{""attack_ended_at"": 23.0, ""case_opened_at"": 23.0, ""lane_id"": ""wc_0"", ""road_id"": ""wc""}"
cam-1008-veh_017-000005,cam-1008-veh_017-000005,case-intersection-1008-veh_017-benign,root-4c44324c7a664f5cc61e3f8a,1008,veh_017,ps-31646c93226ae98c,CAM,23.0,914.3033140306873,501.6,16.274186186231674,-0.20055172541644595,914.3033140306873,501.6,16.274186186231674,-0.20055172541644595,nonce-4c44324c7a664f5cc61e,True,False,benign,False,0,"{""attack_ended_at"": 23.0, ""case_opened_at"": 23.0, ""lane_id"": ""ec_0"", ""road_id"": ""ec""}"
cam-1008-veh_018-000004,cam-1008-veh_018-000004,case-intersection-1008-veh_018-benign,root-cbd0a1de73ad0463ecf15af1,1008,veh_018,ps-55c539e5052cea58,CAM,23.0,501.6,61.96897840525387,14.14455456393582,0.1313001513713985,501.6,61.96897840525387,14.14455456393582,0.1313001513713985,nonce-cbd0a1de73ad0463ecf1,True,False,benign,False,0,"{""attack_ended_at"": 23.0, ""case_opened_at"": 23.0, ""lane_id"": ""sc_0"", ""road_id"": ""sc""}"
cam-1008-veh_019-000003,cam-1008-veh_019-000003,case-intersection-1008-veh_019-benign,root-75f44359294655a5453f218d,1008,veh_019,ps-6e220b4f697c2cd3,CAM,23.0,498.4,950.2254756349372,14.989680438499573,0.07785036097280695,498.4,950.2254756349372,14.989680438499573,0.07785036097280695,nonce-75f44359294655a5453f,True,False,benign,False,0,"{""attack_ended_at"": 23.0, ""case_opened_at"": 23.0, ""lane_id"": ""nc_0"", ""road_id"": ""nc""}"
cam-1008-veh_020-000002,cam-1008-veh_020-000002,case-intersection-1008-veh_020-benign,root-3adca576ef9b20692e0b3e2b,1008,veh_020,ps-fb97d0e5da402071,CAM,23.0,35.74589351725764,498.4,16.25383595095482,1.8617783846519913,35.74589351725764,498.4,16.25383595095482,1.8617783846519913,nonce-3adca576ef9b20692e0b,True,False,benign,False,0,"{""attack_ended_at"": 23.0, ""case_opened_at"": 23.0, ""lane_id"": ""wc_0"", ""road_id"": ""wc""}"
cam-1008-veh_021-000001,cam-1008-veh_021-000001,case-intersection-1008-veh_021-benign,root-9f212b05e192f25ba30fe182,1008,veh_021,ps-7461357a64efe09e,CAM,23.0,979.3346209526202,501.6,15.565379047379828,2.565379047379828,979.3346209526202,501.6,15.565379047379828,2.565379047379828,nonce-9f212b05e192f25ba30f,True,False,benign,False,0,"{""attack_ended_at"": 23.0, ""case_opened_at"": 23.0, ""lane_id"": ""ec_0"", ""road_id"": ""ec""}"
cam-1008-veh_022-000000,cam-1008-veh_022-000000,case-intersection-1008-veh_022-benign,root-a547c681b2d2b904f063a09b,1008,veh_022,ps-b515230e59090b79,CAM,23.0,501.6,5.1,12.0,0.0,501.6,5.1,12.0,0.0,nonce-a547c681b2d2b904f063,True,False,benign,False,0,"{""attack_ended_at"": 23.0, ""case_opened_at"": 23.0, ""lane_id"": ""sc_0"", ""road_id"": ""sc""}"
cam-1008-veh_000-000023,cam-1008-veh_000-000023,case-intersection-1008-veh_000-benign,root-69b38610fb3a6531e1ca66fd,1008,veh_000,ps-c836b37964202f27,CAM,24.0,379.16080457409845,498.4,16.118618445219475,-0.3298851265897973,379.16080457409845,498.4,16.118618445219475,-0.3298851265897973,nonce-69b38610fb3a6531e1ca,True,False,benign,False,0,"{""attack_ended_at"": 24.0, ""case_opened_at"": 24.0, ""lane_id"": ""wc_0"", ""road_id"": ""wc""}"
cam-1008-veh_001-000022,cam-1008-veh_001-000022,case-intersection-1008-veh_001-benign,root-a97fea1177fd8ea5f8e61452,1008,veh_001,ps-06cf0c7bb8481f37,CAM,24.0,638.1133257432934,501.6,16.59013568966184,0.5880725981248531,638.1133257432934,501.6,16.59013568966184,0.5880725981248531,nonce-a97fea1177fd8ea5f8e6,True,False,benign,False,0,"{""attack_ended_at"": 24.0, ""case_opened_at"": 24.0, ""lane_id"": ""ec_0"", ""road_id"": ""ec""}"
cam-1008-veh_002-000021,cam-1008-veh_002-000021,case-intersection-1008-veh_002-position_offset,root-d0c9344db36a4e9073fe5a33,1008,veh_002,ps-c10217be2cfbfbad,CAM,24.0,501.6,303.4556165322524,14.278572387102537,0.17839159741066446,566.6,319.7056165322524,14.278572387102537,0.17839159741066446,nonce-d0c9344db36a4e9073fe,True,False,position_offset,True,0,"{""attack_ended_at"": 70.0, ""case_opened_at"": 18.0, ""lane_id"": ""sc_0"", ""road_id"": ""sc""}"
cam-1008-veh_003-000020,cam-1008-veh_003-000020,case-intersection-1008-veh_003-benign,root-82ee5313992fa1b49497093e,1008,veh_003,ps-b84d6e13ef43c957,CAM,24.0,498.4,672.6537330912985,15.942860031630845,-0.2688598640263091,498.4,672.6537330912985,15.942860031630845,-0.2688598640263091,nonce-82ee5313992fa1b49497,True,False,benign,False,0,"{""attack_ended_at"": 24.0, ""case_opened_at"": 24.0, ""lane_id"": ""nc_0"", ""road_id"": ""nc""}"
cam-1008-veh_004-000019,cam-1008-veh_004-000019,case-intersection-1008-veh_004-speed_offset,root-737026257a8c2ae105bda2d8,1008,veh_004,ps-a4ec7ac7ed69787f,CAM,24.0,295.92429709742794,498.4,15.307946418122553,0.18449608570430343,295.92429709742794,498.4,26.307946418122555,0.18449608570430343,nonce-737026257a8c2ae105bd,True,False,speed_offset,True,0,"{""attack_ended_at"": 72.0, ""case_opened_at"": 20.0, ""lane_id"": ""wc_0"", ""road_id"": ""wc""}"
cam-1008-veh_005-000018,cam-1008-veh_005-000018,case-intersection-1008-veh_005-benign,root-4a4ae7eb7618d3edf17c3b24,1008,veh_005,ps-969b062779822854,CAM,24.0,711.0201139148653,501.6,15.732525919564605,0.38816549613140516,711.0201139148653,501.6,15.732525919564605,0.38816549613140516,nonce-4a4ae7eb7618d3edf17c,True,False,benign,False,0,"{""attack_ended_at"": 24.0, ""case_opened_at"": 24.0, ""lane_id"": ""ec_0"", ""road_id"": ""ec""}"
replay-cam-1008-veh_006-000017,cam-1008-veh_006-000013,case-intersection-1008-veh_006-replay,root-732bbc1af557c50a78ee1969,1008,veh_006,ps-65fe799408ea4704,CAM,20.0,501.6,215.10187627093873,16.00866098470986,-0.28562780352775263,501.6,215.10187627093873,16.00866098470986,-0.28562780352775263,nonce-732bbc1af557c50a78ee,True,False,replay,True,1,"{""attack_ended_at"": 20.0, ""case_opened_at"": 20.0, ""lane_id"": ""sc_0"", ""road_id"": ""sc""}"
cam-1008-veh_007-000016,cam-1008-veh_007-000016,case-intersection-1008-veh_007-benign,root-66be8b5eab391feea6edf82f,1008,veh_007,ps-30c2a00c607f04e2,CAM,24.0,498.4,735.4342682038853,16.036307269143872,-0.4651755460817384,498.4,735.4342682038853,16.036307269143872,-0.4651755460817384,nonce-66be8b5eab391feea6ed,True,False,benign,False,0,"{""attack_ended_at"": 24.0, ""case_opened_at"": 24.0, ""lane_id"": ""nc_0"", ""road_id"": ""nc""}"
cam-1008-veh_008-000015,cam-1008-veh_008-000015,case-intersection-1008-veh_008-certificate_tamper,root-76cf2be66c1dc5161cdafe9d,1008,veh_008,ps-82218acb1d94705f,CAM,24.0,247.63478134918498,498.4,16.258112334697508,-0.029317267276347536,247.63478134918498,498.4,16.258112334697508,-0.029317267276347536,nonce-76cf2be66c1dc5161cda,False,False,certificate_tamper,True,0,"{""attack_ended_at"": 76.0, ""case_opened_at"": 24.0, ""lane_id"": ""wc_0"", ""road_id"": ""wc""}"
cam-1008-veh_009-000014,cam-1008-veh_009-000014,case-intersection-1008-veh_009-benign,root-3882561ca4e67f48d8627802,1008,veh_009,ps-7ceb479c74f04f24,CAM,24.0,801.5810616681977,501.6,14.137645917882272,0.40078680220060114,801.5810616681977,501.6,14.137645917882272,0.40078680220060114,nonce-3882561ca4e67f48d862,True,False,benign,False,0,"{""attack_ended_at"": 24.0, ""case_opened_at"": 24.0, ""lane_id"": ""ec_0"", ""road_id"": ""ec""}"
cam-1008-veh_010-000013,cam-1008-veh_010-000013,case-intersection-1008-veh_010-benign,root-61a50d98a4a5edb26cf82c1c,1008,veh_010,ps-3210978143869c35,CAM,24.0,501.6,213.78522590796464,16.49430126694497,0.4613264559488748,501.6,213.78522590796464,16.49430126694497,0.4613264559488748,nonce-61a50d98a4a5edb26cf8,True,False,benign,False,0,"{""attack_ended_at"": 24.0, ""case_opened_at"": 24.0, ""lane_id"": ""sc_0"", ""road_id"": ""sc""}"
cam-1008-veh_011-000012,cam-1008-veh_011-000012,case-intersection-1008-veh_011-benign,root-845138fc48d62428d5f7eb75,1008,veh_011,ps-8a5d63d2056fbe7e,CAM,24.0,498.4,814.8541902892255,15.210834777572812,0.15809540719259552,498.4,814.8541902892255,15.210834777572812,0.15809540719259552,nonce-845138fc48d62428d5f7,True,False,benign,False,0,"{""attack_ended_at"": 24.0, ""case_opened_at"": 24.0, ""lane_id"": ""nc_0"", ""road_id"": ""nc""}"
cam-1008-veh_012-000011,cam-1008-veh_012-000011,case-intersection-1008-veh_012-benign,root-89233973538b800fd9ae3bcd,1008,veh_012,ps-d55e51c88c138a2d,CAM,24.0,182.3490993476147,498.4,16.494738637614066,0.410488318121061,182.3490993476147,498.4,16.494738637614066,0.410488318121061,nonce-89233973538b800fd9ae,True,False,benign,False,0,"{""attack_ended_at"": 24.0, ""case_opened_at"": 24.0, ""lane_id"": ""wc_0"", ""road_id"": ""wc""}"
cam-1008-veh_013-000010,cam-1008-veh_013-000010,case-intersection-1008-veh_013-benign,root-d7ef3351ba6fcad520e5f65f,1008,veh_013,ps-c612038c409b5d43,CAM,24.0,834.7088760551284,501.6,16.17796556500889,-0.05731681158766122,834.7088760551284,501.6,16.17796556500889,-0.05731681158766122,nonce-d7ef3351ba6fcad520e5,True,False,benign,False,0,"{""attack_ended_at"": 24.0, ""case_opened_at"": 24.0, ""lane_id"": ""ec_0"", ""road_id"": ""ec""}"
cam-1008-veh_014-000009,cam-1008-veh_014-000009,case-intersection-1008-veh_014-benign,root-a3d939c623c263fd8cd23ca6,1008,veh_014,ps-1c0f8ece3ddb0b0c,CAM,24.0,501.6,137.47133869621652,14.78166940145047,-0.21187793323304582,501.6,137.47133869621652,14.78166940145047,-0.21187793323304582,nonce-a3d939c623c263fd8cd2,True,False,benign,False,0,"{""attack_ended_at"": 24.0, ""case_opened_at"": 24.0, ""lane_id"": ""sc_0"", ""road_id"": ""sc""}"
cam-1008-veh_015-000008,cam-1008-veh_015-000008,case-intersection-1008-veh_015-benign,root-1a95bd98dd3c995db39f9011,1008,veh_015,ps-77b1c1c85865d133,CAM,24.0,498.4,875.4542891304463,14.564594688814381,-0.6859835016215214,498.4,875.4542891304463,14.564594688814381,-0.6859835016215214,nonce-1a95bd98dd3c995db39f,True,False,benign,False,0,"{""attack_ended_at"": 24.0, ""case_opened_at"": 24.0, ""lane_id"": ""nc_0"", ""road_id"": ""nc""}"
cam-1008-veh_016-000007,cam-1008-veh_016-000007,case-intersection-1008-veh_016-benign,root-2bc01b69a909b78eb6a85d7a,1008,veh_016,ps-1e0348b1d8bfe014,CAM,24.0,116.54993284309748,498.4,15.991303640939297,-0.08809332886710664,116.54993284309748,498.4,15.991303640939297,-0.08809332886710664,nonce-2bc01b69a909b78eb6a8,True,False,benign,False,0,"{""attack_ended_at"": 24.0, ""case_opened_at"": 24.0, ""lane_id"": ""wc_0"", ""road_id"": ""wc""}"
cam-1008-veh_017-000006,cam-1008-veh_017-000006,case-intersection-1008-veh_017-benign,root-3f2d0658f903c1178eeabb0b,1008,veh_017,ps-31646c93226ae98c,CAM,24.0,898.119660942913,501.6,16.183653087774292,-0.09053309845738156,898.119660942913,501.6,16.183653087774292,-0.09053309845738156,nonce-3f2d0658f903c1178eea,True,False,benign,False,0,"{""attack_ended_at"": 24.0, ""case_opened_at"": 24.0, ""lane_id"": ""ec_0"", ""road_id"": ""ec""}"
cam-1008-veh_018-000005,cam-1008-veh_018-000005,case-intersection-1008-veh_018-benign,root-c3dd97725d8d112b822e11d0,1008,veh_018,ps-55c539e5052cea58,CAM,24.0,501.6,76.22411055094737,14.2551321456935,0.11057758175767951,501.6,76.22411055094737,14.2551321456935,0.11057758175767951,nonce-c3dd97725d8d112b822e,True,False,benign,False,0,"{""attack_ended_at"": 24.0, ""case_opened_at"": 24.0, ""lane_id"": ""sc_0"", ""road_id"": ""sc""}"
cam-1008-veh_019-000004,cam-1008-veh_019-000004,case-intersection-1008-veh_019-benign,root-71cbef9d4bf130a7d57fa8bc,1008,veh_019,ps-6e220b4f697c2cd3,CAM,24.0,498.4,935.5104347210503,14.715040913886996,-0.2746395246125761,498.4,935.5104347210503,14.715040913886996,-0.2746395246125761,nonce-71cbef9d4bf130a7d57f,True,False,benign,False,0,"{""attack_ended_at"": 24.0, ""case_opened_at"": 24.0, ""lane_id"": ""nc_0"", ""road_id"": ""nc""}"
cam-1008-veh_020-000003,cam-1008-veh_020-000003,case-intersection-1008-veh_020-benign,root-919f46ed88b3f299b7497745,1008,veh_020,ps-fb97d0e5da402071,CAM,24.0,51.989216435928824,498.4,16.243322918671186,-0.010513032283633095,51.989216435928824,498.4,16.243322918671186,-0.010513032283633095,nonce-919f46ed88b3f299b749,True,False,benign,False,0,"{""attack_ended_at"": 24.0, ""case_opened_at"": 24.0, ""lane_id"": ""wc_0"", ""road_id"": ""wc""}"
cam-1008-veh_021-000002,cam-1008-veh_021-000002,case-intersection-1008-veh_021-benign,root-ec811d81e11e532335e2253e,1008,veh_021,ps-7461357a64efe09e,CAM,24.0,962.8452095258942,501.6,16.489411426725987,0.9240323793461585,962.8452095258942,501.6,16.489411426725987,0.9240323793461585,nonce-ec811d81e11e532335e2,True,False,benign,False,0,"{""attack_ended_at"": 24.0, ""case_opened_at"": 24.0, ""lane_id"": ""ec_0"", ""road_id"": ""ec""}"
cam-1008-veh_022-000001,cam-1008-veh_022-000001,case-intersection-1008-veh_022-benign,root-839ceb75559798e36e7c1437,1008,veh_022,ps-b515230e59090b79,CAM,24.0,501.6,19.484046928915195,14.384046928915195,2.384046928915195,501.6,19.484046928915195,14.384046928915195,2.384046928915195,nonce-839ceb75559798e36e7c,True,False,benign,False,0,"{""attack_ended_at"": 24.0, ""case_opened_at"": 24.0, ""lane_id"": ""sc_0"", ""road_id"": ""sc""}"
cam-1008-veh_023-000000,cam-1008-veh_023-000000,case-intersection-1008-veh_023-benign,root-8ddbb07e70e08660418160d0,1008,veh_023,ps-92555cef08137c2d,CAM,24.0,498.4,994.9,13.0,0.0,498.4,994.9,13.0,0.0,nonce-8ddbb07e70e086604181,True,False,benign,False,0,"{""attack_ended_at"": 24.0, ""case_opened_at"": 24.0, ""lane_id"": ""nc_0"", ""road_id"": ""nc""}"
cam-1008-veh_000-000024,cam-1008-veh_000-000024,case-intersection-1008-veh_000-benign,root-0b0309509c963b7a6e354f4c,1008,veh_000,ps-c836b37964202f27,CAM,25.0,395.8128741507931,498.4,16.652069576694633,0.5334511314751573,395.8128741507931,498.4,16.652069576694633,0.5334511314751573,nonce-0b0309509c963b7a6e35,True,False,benign,False,0,"{""attack_ended_at"": 25.0, ""case_opened_at"": 25.0, ""lane_id"": ""wc_0"", ""road_id"": ""wc""}"
cam-1008-veh_001-000023,cam-1008-veh_001-000023,case-intersection-1008-veh_001-benign,root-0c59c22ce040507823c22122,1008,veh_001,ps-06cf0c7bb8481f37,CAM,25.0,622.135897505423,501.6,15.977428237870337,-0.6127074517915023,622.135897505423,501.6,15.977428237870337,-0.6127074517915023,nonce-0c59c22ce040507823c2,True,False,benign,False,0,"{""attack_ended_at"": 25.0, ""case_opened_at"": 25.0, ""lane_id"": ""ec_0"", ""road_id"": ""ec""}"
cam-1008-veh_002-000022,cam-1008-veh_002-000022,case-intersection-1008-veh_002-position_offset,root-87f1d33568f5c421b39ccb79,1008,veh_002,ps-c10217be2cfbfbad,CAM,25.0,501.6,317.43046164571194,13.974845113459521,-0.3037272736430161,566.6,333.68046164571194,13.974845113459521,-0.3037272736430161,nonce-87f1d33568f5c421b39c,True,False,position_offset,True,0,"{""attack_ended_at"": 70.0, ""case_opened_at"": 18.0, ""lane_id"": ""sc_0"", ""road_id"": ""sc""}"
cam-1008-veh_003-000021,cam-1008-veh_003-000021,case-intersection-1008-veh_003-benign,root-1e2996472a9c1afbe3ee3abc,1008,veh_003,ps-b84d6e13ef43c957,CAM,25.0,498.4,656.1034091726503,16.550323918648065,0.6074638870172198,498.4,656.1034091726503,16.550323918648065,0.6074638870172198,nonce-1e2996472a9c1afbe3ee,True,False,benign,False,0,"{""attack_ended_at"": 25.0, ""case_opened_at"": 25.0, ""lane_id"": ""nc_0"", ""road_id"": ""nc""}"
cam-1008-veh_004-000020,cam-1008-veh_004-000020,case-intersection-1008-veh_004-speed_offset,root-2445dbb003e64a91d0037fb5,1008,veh_004,ps-a4ec7ac7ed69787f,CAM,25.0,311.3107856776839,498.4,15.386488580255934,0.07854216213338105,311.3107856776839,498.4,26.386488580255936,0.07854216213338105,nonce-2445dbb003e64a91d003,True,False,speed_offset,True,0,"{""attack_ended_at"": 72.0, ""case_opened_at"": 20.0, ""lane_id"": ""wc_0"", ""road_id"": ""wc""}"
cam-1008-veh_005-000019,cam-1008-veh_005-000019,case-intersection-1008-veh_005-benign,root-e1eb18a8a1ae205bfc167ace,1008,veh_005,ps-969b062779822854,CAM,25.0,695.0385725004642,501.6,15.9815414144011,0.24901549483649532,695.0385725004642,501.6,15.9815414144011,0.24901549483649532,nonce-e1eb18a8a1ae205bfc16,True,False,benign,False,0,"{""attack_ended_at"": 25.0, ""case_opened_at"": 25.0, ""lane_id"": ""ec_0"", ""road_id"": ""ec""}"
replay-cam-1008-veh_006-000018,cam-1008-veh_006-000014,case-intersection-1008-veh_006-replay,root-e6073782afc54a5381804d00,1008,veh_006,ps-65fe799408ea4704,CAM,21.0,501.6,231.44104983772158,16.339173566782847,0.3305125820729877,501.6,231.44104983772158,16.339173566782847,0.3305125820729877,nonce-e6073782afc54a538180,True,False,replay,True,1,"{""attack_ended_at"": 21.0, ""case_opened_at"": 21.0, ""lane_id"": ""sc_0"", ""road_id"": ""sc""}"
cam-1008-veh_007-000017,cam-1008-veh_007-000017,case-intersection-1008-veh_007-benign,root-36b15d9158fe315d79febc5d,1008,veh_007,ps-30c2a00c607f04e2,CAM,25.0,498.4,719.1019082735618,16.332359930323438,0.29605266117956575,498.4,719.1019082735618,16.332359930323438,0.29605266117956575,nonce-36b15d9158fe315d79fe,True,False,benign,False,0,"{""attack_ended_at"": 25.0, ""case_opened_at"": 25.0, ""lane_id"": ""nc_0"", ""road_id"": ""nc""}"
cam-1008-veh_008-000016,cam-1008-veh_008-000016,case-intersection-1008-veh_008-certificate_tamper,root-16e094ef60095f7330a24e25,1008,veh_008,ps-82218acb1d94705f,CAM,25.0,264.06438202133404,498.4,16.4296006721491,0.1714883374515921,264.06438202133404,498.4,16.4296006721491,0.1714883374515921,nonce-16e094ef60095f7330a2,False,False,certificate_tamper,True,0,"{""attack_ended_at"": 76.0, ""case_opened_at"": 24.0, ""lane_id"": ""wc_0"", ""road_id"": ""wc""}"
cam-1008-veh_009-000015,cam-1008-veh_009-000015,case-intersection-1008-veh_009-benign,root-462f3b676c5bbb093a856ed0,1008,veh_009,ps-7ceb479c74f04f24,CAM,25.0,788.1011841030875,501.6,13.479877565110163,-0.6577683527721092,788.1011841030875,501.6,13.479877565110163,-0.6577683527721092,nonce-462f3b676c5bbb093a85,True,False,benign,False,0,"{""attack_ended_at"": 25.0, ""case_opened_at"": 25.0, ""lane_id"": ""ec_0"", ""road_id"": ""ec""}"
cam-1008-veh_010-000014,cam-1008-veh_010-000014,case-intersection-1008-veh_010-benign,root-bb451a24d3d093877d4c20aa,1008,veh_010,ps-3210978143869c35,CAM,25.0,501.6,229.71943475533743,15.934208847372794,-0.5600924195721753,501.6,229.71943475533743,15.934208847372794,-0.5600924195721753,nonce-bb451a24d3d093877d4c,True,False,benign,False,0,"{""attack_ended_at"": 25.0, ""case_opened_at"": 25.0, ""lane_id"": ""sc_0"", ""road_id"": ""sc""}"
cam-1008-veh_011-000013,cam-1008-veh_011-000013,case-intersection-1008-veh_011-benign,root-1bec0c913ab96ef11cafebea,1008,veh_011,ps-8a5d63d2056fbe7e,CAM,25.0,498.4,799.6151091676506,15.239081121574776,0.02824634400196402,498.4,799.6151091676506,15.239081121574776,0.02824634400196402,nonce-1bec0c913ab96ef11caf,True,False,benign,False,0,"{""attack_ended_at"": 25.0, ""case_opened_at"": 25.0, ""lane_id"": ""nc_0"", ""road_id"": ""nc""}"
cam-1008-veh_012-000012,cam-1008-veh_012-000012,case-intersection-1008-veh_012-benign,root-39943eb376cc55b527ec2919,1008,veh_012,ps-d55e51c88c138a2d,CAM,25.0,198.79188126785218,498.4,16.44278192023747,-0.051956717376597794,198.79188126785218,498.4,16.44278192023747,-0.051956717376597794,nonce-39943eb376cc55b527ec,True,False,benign,False,0,"{""attack_ended_at"": 25.0, ""case_opened_at"": 25.0, ""lane_id"": ""wc_0"", ""road_id"": ""wc""}"
cam-1008-veh_013-000011,cam-1008-veh_013-000011,case-intersection-1008-veh_013-benign,root-bb4f8fabe5bce4d7b02289c3,1008,veh_013,ps-c612038c409b5d43,CAM,25.0,818.3926863473389,501.6,16.316189707789416,0.1382241427805262,818.3926863473389,501.6,16.316189707789416,0.1382241427805262,nonce-bb4f8fabe5bce4d7b022,True,False,benign,False,0,"{""attack_ended_at"": 25.0, ""case_opened_at"": 25.0, ""lane_id"": ""ec_0"", ""road_id"": ""ec""}"
cam-1008-veh_014-000010,cam-1008-veh_014-000010,case-intersection-1008-veh_014-benign,root-eab675551bb9a874b871c981,1008,veh_014,ps-1c0f8ece3ddb0b0c,CAM,25.0,501.6,151.7704036408623,14.299064944645778,-0.4826044568046921,501.6,151.7704036408623,14.299064944645778,-0.4826044568046921,nonce-eab675551bb9a874b871,True,False,benign,False,0,"{""attack_ended_at"": 25.0, ""case_opened_at"": 25.0, ""lane_id"": ""sc_0"", ""road_id"": ""sc""}"
cam-1008-veh_015-000009,cam-1008-veh_015-000009,case-intersection-1008-veh_015-benign,root-4e7a07e821cb117166a22dd1,1008,veh_015,ps-77b1c1c85865d133,CAM,25.0,498.4,860.7591389894444,14.695150141001927,0.13055545218754538,498.4,860.7591389894444,14.695150141001927,0.13055545218754538,nonce-4e7a07e821cb117166a2,True,False,benign,False,0,"{""attack_ended_at"": 25.0, ""case_opened_at"": 25.0, ""lane_id"": ""nc_0"", ""road_id"": ""nc""}"
cam-1008-veh_016-000008,cam-1008-veh_016-000008,case-intersection-1008-veh_016-benign,root-4b294a2897333d7abe91a7d1,1008,veh_016,ps-1e0348b1d8bfe014,CAM,25.0,133.08859516899102,498.4,16.53866232589353,0.5473586849542329,133.08859516899102,498.4,16.53866232589353,0.5473586849542329,nonce-4b294a2897333d7abe91,True,False,benign,False,0,"{""attack_ended_at"": 25.0, ""case_opened_at"": 25.0, ""lane_id"": ""wc_0"", ""road_id"": ""wc""}"
cam-1008-veh_017-000007,cam-1008-veh_017-000007,case-intersection-1008-veh_017-benign,root-00c3175131266d0f598b4acc,1008,veh_017,ps-31646c93226ae98c,CAM,25.0,881.7421883949451,501.6,16.37747254796792,0.19381946019362672,881.7421883949451,501.6,16.37747254796792,0.19381946019362672,nonce-00c3175131266d0f598b,True,False,benign,False,0,"{""attack_ended_at"": 25.0, ""case_opened_at"": 25.0, ""lane_id"": ""ec_0"", ""road_id"": ""ec""}"
cam-1008-veh_018-000006,cam-1008-veh_018-000006,case-intersection-1008-veh_018-benign,root-5cc930aa9bb68956f6a3c6cc,1008,veh_018,ps-55c539e5052cea58,CAM,25.0,501.6,90.86938472419031,14.645274173242944,0.3901420275494445,501.6,90.86938472419031,14.645274173242944,0.3901420275494445,nonce-5cc930aa9bb68956f6a3,True,False,benign,False,0,"{""attack_ended_at"": 25.0, ""case_opened_at"": 25.0, ""lane_id"": ""sc_0"", ""road_id"": ""sc""}"
cam-1008-veh_019-000005,cam-1008-veh_019-000005,case-intersection-1008-veh_019-benign,root-fc45735d2bcb4b523bae1562,1008,veh_019,ps-6e220b4f697c2cd3,CAM,25.0,498.4,920.6460593189875,14.864375402062805,0.14933448817580874,498.4,920.6460593189875,14.864375402062805,0.14933448817580874,nonce-fc45735d2bcb4b523bae,True,False,benign,False,0,"{""attack_ended_at"": 25.0, ""case_opened_at"": 25.0, ""lane_id"": ""nc_0"", ""road_id"": ""nc""}"
cam-1008-veh_020-000004,cam-1008-veh_020-000004,case-intersection-1008-veh_020-benign,root-69b57d73e030c7c8d5bead6e,1008,veh_020,ps-fb97d0e5da402071,CAM,25.0,67.9578725030832,498.4,15.968656067154372,-0.27466685151681425,67.9578725030832,498.4,15.968656067154372,-0.27466685151681425,nonce-69b57d73e030c7c8d5be,True,False,benign,False,0,"{""attack_ended_at"": 25.0, ""case_opened_at"": 25.0, ""lane_id"": ""wc_0"", ""road_id"": ""wc""}"
cam-1008-veh_021-000003,cam-1008-veh_021-000003,case-intersection-1008-veh_021-benign,root-27d835662fbda8dbe1186946,1008,veh_021,ps-7461357a64efe09e,CAM,25.0,947.0563421637999,501.6,15.788867362094301,-0.7005440646316856,947.0563421637999,501.6,15.788867362094301,-0.7005440646316856,nonce-27d835662fbda8dbe118,True,False,benign,False,0,"{""attack_ended_at"": 25.0, ""case_opened_at"": 25.0, ""lane_id"": ""ec_0"", ""road_id"": ""ec""}"
cam-1008-veh_022-000002,cam-1008-veh_022-000002,case-intersection-1008-veh_022-benign,root-aa01c0ebfc81191df57f664c,1008,veh_022,ps-b515230e59090b79,CAM,25.0,501.6,35.21203834895786,15.727991420042667,1.3439444911274716,501.6,35.21203834895786,15.727991420042667,1.3439444911274716,nonce-aa01c0ebfc81191df57f,True,False,benign,False,0,"{""attack_ended_at"": 25.0, ""case_opened_at"": 25.0, ""lane_id"": ""sc_0"", ""road_id"": ""sc""}"
cam-1008-veh_023-000001,cam-1008-veh_023-000001,case-intersection-1008-veh_023-benign,root-58782d259a7c9f3a1fac30a4,1008,veh_023,ps-92555cef08137c2d,CAM,25.0,498.4,980.3913085105016,14.508691489498371,1.5086914894983714,498.4,980.3913085105016,14.508691489498371,1.5086914894983714,nonce-58782d259a7c9f3a1fac,True,False,benign,False,0,"{""attack_ended_at"": 25.0, ""case_opened_at"": 25.0, ""lane_id"": ""nc_0"", ""road_id"": ""nc""}"
cam-1008-veh_000-000025,cam-1008-veh_000-000025,case-intersection-1008-veh_000-benign,root-15d1e9efab136b0e9f995d21,1008,veh_000,ps-c836b37964202f27,CAM,26.0,412.1505895850063,498.4,16.33771543421317,-0.3143541424814629,412.1505895850063,498.4,16.33771543421317,-0.3143541424814629,nonce-15d1e9efab136b0e9f99,True,False,benign,False,0,"{""attack_ended_at"": 26.0, ""case_opened_at"": 26.0, ""lane_id"": ""wc_0"", ""road_id"": ""wc""}"
cam-1008-veh_001-000024,cam-1008-veh_001-000024,case-intersection-1008-veh_001-benign,root-5b9368bf605697a2349df2e5,1008,veh_001,ps-06cf0c7bb8481f37,CAM,26.0,605.769768306152,501.6,16.366129199271093,0.3887009614007564,605.769768306152,501.6,16.366129199271093,0.3887009614007564,nonce-5b9368bf605697a2349d,True,False,benign,False,0,"{""attack_ended_at"": 26.0, ""case_opened_at"": 26.0, ""lane_id"": ""ec_0"", ""road_id"": ""ec""}"
cam-1008-veh_002-000023,cam-1008-veh_002-000023,case-intersection-1008-veh_002-position_offset,root-f2fa2ca5d62b7fed573cb6e2,1008,veh_002,ps-c10217be2cfbfbad,CAM,26.0,501.6,331.4610820485626,14.030620402850689,0.055775289391167604,566.6,347.7110820485626,14.030620402850689,0.055775289391167604,nonce-f2fa2ca5d62b7fed573c,True,False,position_offset,True,0,"{""attack_ended_at"": 70.0, ""case_opened_at"": 18.0, ""lane_id"": ""sc_0"", ""road_id"": ""sc""}"
cam-1008-veh_003-000022,cam-1008-veh_003-000022,case-intersection-1008-veh_003-benign,root-ee0010492ad58a7d335e6070,1008,veh_003,ps-b84d6e13ef43c957,CAM,26.0,498.4,639.5157482235413,16.587660949109125,0.037337030461060294,498.4,639.5157482235413,16.587660949109125,0.037337030461060294,nonce-ee0010492ad58a7d335e,True,False,benign,False,0,"{""attack_ended_at"": 26.0, ""case_opened_at"": 26.0, ""lane_id"": ""nc_0"", ""road_id"": ""nc""}"
cam-1008-veh_004-000021,cam-1008-veh_004-000021,case-intersection-1008-veh_004-speed_offset,root-854ea74574866c5f5d6dc34f,1008,veh_004,ps-a4ec7ac7ed69787f,CAM,26.0,326.3636335160756,498.4,15.052847838391715,-0.3336407418642189,326.3636335160756,498.4,26.052847838391713,-0.3336407418642189,nonce-854ea74574866c5f5d6d,True,False,speed_offset,True,0,"{""attack_ended_at"": 72.0, ""case_opened_at"": 20.0, ""lane_id"": ""wc_0"", ""road_id"": ""wc""}"
cam-1008-veh_005-000020,cam-1008-veh_005-000020,case-intersection-1008-veh_005-benign,root-2c875dd743ddff5cb5ea8cc1,1008,veh_005,ps-969b062779822854,CAM,26.0,679.554958188207,501.6,15.483614312257224,-0.49792710214387625,679.554958188207,501.6,15.483614312257224,-0.49792710214387625,nonce-2c875dd743ddff5cb5ea,True,False,benign,False,0,"{""attack_ended_at"": 26.0, ""case_opened_at"": 26.0, ""lane_id"": ""ec_0"", ""road_id"": ""ec""}"
replay-cam-1008-veh_006-000019,cam-1008-veh_006-000011,case-intersection-1008-veh_006-replay,root-698ab643fc75e30c21ee9766,1008,veh_006,ps-65fe799408ea4704,CAM,18.0,501.6,182.79892649799126,16.638048100941816,0.2891036247694849,501.6,182.79892649799126,16.638048100941816,0.2891036247694849,nonce-698ab643fc75e30c21ee,True,False,replay,True,2,"{""attack_ended_at"": 18.0, ""case_opened_at"": 18.0, ""lane_id"": ""sc_0"", ""road_id"": ""sc""}"
cam-1008-veh_007-000018,cam-1008-veh_007-000018,case-intersection-1008-veh_007-benign,root-1a6820b9422d209662009f2f,1008,veh_007,ps-30c2a00c607f04e2,CAM,26.0,498.4,702.6805342336138,16.421374039947988,0.08901410962455003,498.4,702.6805342336138,16.421374039947988,0.08901410962455003,nonce-1a6820b9422d20966200,True,False,benign,False,0,"{""attack_ended_at"": 26.0, ""case_opened_at"": 26.0, ""lane_id"": ""nc_0"", ""road_id"": ""nc""}"
cam-1008-veh_008-000017,cam-1008-veh_008-000017,case-intersection-1008-veh_008-certificate_tamper,root-282d1f4aa7e221d3070e91e1,1008,veh_008,ps-82218acb1d94705f,CAM,26.0,280.12845340538775,498.4,16.06407138405368,-0.36552928809541996,280.12845340538775,498.4,16.06407138405368,-0.36552928809541996,nonce-282d1f4aa7e221d3070e,False,False,certificate_tamper,True,0,"{""attack_ended_at"": 76.0, ""case_opened_at"": 24.0, ""lane_id"": ""wc_0"", ""road_id"": ""wc""}"
cam-1008-veh_009-000016,cam-1008-veh_009-000016,case-intersection-1008-veh_009-benign,root-c2b8614554feafbdb294a8d0,1008,veh_009,ps-7ceb479c74f04f24,CAM,26.0,774.3675257562156,501.6,13.733658346871906,0.25378078176174235,774.3675257562156,501.6,13.733658346871906,0.25378078176174235,nonce-c2b8614554feafbdb294,True,False,benign,False,0,"{""attack_ended_at"": 26.0, ""case_opened_at"": 26.0, ""lane_id"": ""ec_0"", ""road_id"": ""ec""}"
cam-1008-veh_010-000015-f0,cam-1008-veh_010-000015,case-intersection-1008-veh_010-flood,root-b5ec3239105c5eccfe5abb93,1008,veh_010,ps-3210978143869c35,CAM,26.0,501.6,246.32518009638414,16.605745341046713,0.6715364936739192,501.6,246.32518009638414,16.605745341046713,0.6715364936739192,nonce-b5ec3239105c5eccfe5a,True,False,flood,True,0,"{""attack_ended_at"": 78.0, ""case_opened_at"": 26.0, ""lane_id"": ""sc_0"", ""road_id"": ""sc""}"
cam-1008-veh_010-000015-f1,cam-1008-veh_010-000015,case-intersection-1008-veh_010-flood,root-b5ec3239105c5eccfe5abb93,1008,veh_010,ps-3210978143869c35,CAM,26.0,501.6,246.32518009638414,16.605745341046713,0.6715364936739192,501.6,246.32518009638414,16.605745341046713,0.6715364936739192,nonce-b5ec3239105c5eccfe5a,True,False,flood,True,1,"{""attack_ended_at"": 78.0, ""case_opened_at"": 26.0, ""lane_id"": ""sc_0"", ""road_id"": ""sc""}"
cam-1008-veh_010-000015-f2,cam-1008-veh_010-000015,case-intersection-1008-veh_010-flood,root-b5ec3239105c5eccfe5abb93,1008,veh_010,ps-3210978143869c35,CAM,26.0,501.6,246.32518009638414,16.605745341046713,0.6715364936739192,501.6,246.32518009638414,16.605745341046713,0.6715364936739192,nonce-b5ec3239105c5eccfe5a,True,False,flood,True,2,"{""attack_ended_at"": 78.0, ""case_opened_at"": 26.0, ""lane_id"": ""sc_0"", ""road_id"": ""sc""}"
cam-1008-veh_010-000015-f3,cam-1008-veh_010-000015,case-intersection-1008-veh_010-flood,root-b5ec3239105c5eccfe5abb93,1008,veh_010,ps-3210978143869c35,CAM,26.0,501.6,246.32518009638414,16.605745341046713,0.6715364936739192,501.6,246.32518009638414,16.605745341046713,0.6715364936739192,nonce-b5ec3239105c5eccfe5a,True,False,flood,True,3,"{""attack_ended_at"": 78.0, ""case_opened_at"": 26.0, ""lane_id"": ""sc_0"", ""road_id"": ""sc""}"
cam-1008-veh_010-000015-f4,cam-1008-veh_010-000015,case-intersection-1008-veh_010-flood,root-b5ec3239105c5eccfe5abb93,1008,veh_010,ps-3210978143869c35,CAM,26.0,501.6,246.32518009638414,16.605745341046713,0.6715364936739192,501.6,246.32518009638414,16.605745341046713,0.6715364936739192,nonce-b5ec3239105c5eccfe5a,True,False,flood,True,4,"{""attack_ended_at"": 78.0, ""case_opened_at"": 26.0, ""lane_id"": ""sc_0"", ""road_id"": ""sc""}"
cam-1008-veh_011-000014,cam-1008-veh_011-000014,case-intersection-1008-veh_011-benign,root-b1d21bc63945b133ce5b6dbd,1008,veh_011,ps-8a5d63d2056fbe7e,CAM,26.0,498.4,784.9310249870445,14.684084180606218,-0.5549969409685573,498.4,784.9310249870445,14.684084180606218,-0.5549969409685573,nonce-b1d21bc63945b133ce5b,True,False,benign,False,0,"{""attack_ended_at"": 26.0, ""case_opened_at"": 26.0, ""lane_id"": ""nc_0"", ""road_id"": ""nc""}"
cam-1008-veh_012-000013,cam-1008-veh_012-000013,case-intersection-1008-veh_012-benign,root-5d96d27f4fcf1f82e44230ad,1008,veh_012,ps-d55e51c88c138a2d,CAM,26.0,214.99907246337276,498.4,16.207191195520576,-0.2355907247168929,214.99907246337276,498.4,16.207191195520576,-0.2355907247168929,nonce-5d96d27f4fcf1f82e442,True,False,benign,False,0,"{""attack_ended_at"": 26.0, ""case_opened_at"": 26.0, ""lane_id"": ""wc_0"", ""road_id"": ""wc""}"
cam-1008-veh_013-000012,cam-1008-veh_013-000012,case-intersection-1008-veh_013-benign,root-21d1b799dc1c774ca126ddad,1008,veh_013,ps-c612038c409b5d43,CAM,26.0,803.1530993653768,501.6,15.239586981962155,-1.0766027258272608,803.1530993653768,501.6,15.239586981962155,-1.0766027258272608,nonce-21d1b799dc1c774ca126,True,False,benign,False,0,"{""attack_ended_at"": 26.0, ""case_opened_at"": 26.0, ""lane_id"": ""ec_0"", ""road_id"": ""ec""}"
cam-1008-veh_014-000011,cam-1008-veh_014-000011,case-intersection-1008-veh_014-benign,root-3ed08052497a5902e3242846,1008,veh_014,ps-1c0f8ece3ddb0b0c,CAM,26.0,501.6,166.13932524729907,14.368921606436759,0.06985666179098082,501.6,166.13932524729907,14.368921606436759,0.06985666179098082,nonce-3ed08052497a5902e324,True,False,benign,False,0,"{""attack_ended_at"": 26.0, ""case_opened_at"": 26.0, ""lane_id"": ""sc_0"", ""road_id"": ""sc""}"
cam-1008-veh_015-000010,cam-1008-veh_015-000010,case-intersection-1008-veh_015-benign,root-d120afef6a4d12fcdb469b01,1008,veh_015,ps-77b1c1c85865d133,CAM,26.0,498.4,845.9449089209991,14.814230068445454,0.11907992744352747,498.4,845.9449089209991,14.814230068445454,0.11907992744352747,nonce-d120afef6a4d12fcdb46,True,False,benign,False,0,"{""attack_ended_at"": 26.0, ""case_opened_at"": 26.0, ""lane_id"": ""nc_0"", ""road_id"": ""nc""}"
cam-1008-veh_016-000009,cam-1008-veh_016-000009,case-intersection-1008-veh_016-benign,root-43368c03e8e5050b475ce128,1008,veh_016,ps-1e0348b1d8bfe014,CAM,26.0,149.34178864258342,498.4,16.253193473592404,-0.2854688523011255,149.34178864258342,498.4,16.253193473592404,-0.2854688523011255,nonce-43368c03e8e5050b475c,True,False,benign,False,0,"{""attack_ended_at"": 26.0, ""case_opened_at"": 26.0, ""lane_id"": ""wc_0"", ""road_id"": ""wc""}"
cam-1008-veh_017-000008,cam-1008-veh_017-000008,case-intersection-1008-veh_017-benign,root-490a2d0e197dc91560611f5c,1008,veh_017,ps-31646c93226ae98c,CAM,26.0,865.5932323476904,501.6,16.148956047254615,-0.22851650071330454,865.5932323476904,501.6,16.148956047254615,-0.22851650071330454,nonce-490a2d0e197dc9156061,True,False,benign,False,0,"{""attack_ended_at"": 26.0, ""case_opened_at"": 26.0, ""lane_id"": ""ec_0"", ""road_id"": ""ec""}"
cam-1008-veh_018-000007,cam-1008-veh_018-000007,case-intersection-1008-veh_018-benign,root-f6a1d298af3d8995f1e51799,1008,veh_018,ps-55c539e5052cea58,CAM,26.0,501.6,104.76068599868363,13.89130127449331,-0.7539728987496339,501.6,104.76068599868363,13.89130127449331,-0.7539728987496339,nonce-f6a1d298af3d8995f1e5,True,False,benign,False,0,"{""attack_ended_at"": 26.0, ""case_opened_at"": 26.0, ""lane_id"": ""sc_0"", ""road_id"": ""sc""}"
cam-1008-veh_019-000006,cam-1008-veh_019-000006,case-intersection-1008-veh_019-benign,root-af2a432a10b11e7713e87f8f,1008,veh_019,ps-6e220b4f697c2cd3,CAM,26.0,498.4,905.445712121227,15.200347197760502,0.33597179569769686,498.4,905.445712121227,15.200347197760502,0.33597179569769686,nonce-af2a432a10b11e7713e8,True,False,benign,False,0,"{""attack_ended_at"": 26.0, ""case_opened_at"": 26.0, ""lane_id"": ""nc_0"", ""road_id"": ""nc""}"
cam-1008-veh_020-000005,cam-1008-veh_020-000005,case-intersection-1008-veh_020-benign,root-9eadd384890e20a3ab43c96e,1008,veh_020,ps-fb97d0e5da402071,CAM,26.0,84.0281330740871,498.4,16.070260571003892,0.10160450384952036,84.0281330740871,498.4,16.070260571003892,0.10160450384952036,nonce-9eadd384890e20a3ab43,True,False,benign,False,0,"{""attack_ended_at"": 26.0, ""case_opened_at"": 26.0, ""lane_id"": ""wc_0"", ""road_id"": ""wc""}"
cam-1008-veh_021-000004,cam-1008-veh_021-000004,case-intersection-1008-veh_021-benign,root-780dd134fb4d1a6c77033622,1008,veh_021,ps-7461357a64efe09e,CAM,26.0,931.1129352801408,501.6,15.94340688365903,0.15453952156472894,931.1129352801408,501.6,15.94340688365903,0.15453952156472894,nonce-780dd134fb4d1a6c7703,True,False,benign,False,0,"{""attack_ended_at"": 26.0, ""case_opened_at"": 26.0, ""lane_id"": ""ec_0"", ""road_id"": ""ec""}"
cam-1008-veh_022-000003,cam-1008-veh_022-000003,case-intersection-1008-veh_022-benign,root-172837af2b5306659d4ea026,1008,veh_022,ps-b515230e59090b79,CAM,26.0,501.6,50.37382234022573,15.16178399126787,-0.5662074287747974,501.6,50.37382234022573,15.16178399126787,-0.5662074287747974,nonce-172837af2b5306659d4e,True,False,benign,False,0,"{""attack_ended_at"": 26.0, ""case_opened_at"": 26.0, ""lane_id"": ""sc_0"", ""road_id"": ""sc""}"
cam-1008-veh_023-000002,cam-1008-veh_023-000002,case-intersection-1008-veh_023-benign,root-3687830e251cebc6eb3dafb1,1008,veh_023,ps-92555cef08137c2d,CAM,26.0,498.4,965.341890692227,15.04941781827459,0.5407263287762181,498.4,965.341890692227,15.04941781827459,0.5407263287762181,nonce-3687830e251cebc6eb3d,True,False,benign,False,0,"{""attack_ended_at"": 26.0, ""case_opened_at"": 26.0, ""lane_id"": ""nc_0"", ""road_id"": ""nc""}"
cam-1008-veh_000-000026,cam-1008-veh_000-000026,case-intersection-1008-veh_000-benign,root-6ab13a11173ae906adb72f92,1008,veh_000,ps-c836b37964202f27,CAM,27.0,428.59321589106236,498.4,16.442626306056045,0.10491087184287551,428.59321589106236,498.4,16.442626306056045,0.10491087184287551,nonce-6ab13a11173ae906adb7,True,False,benign,False,0,"{""attack_ended_at"": 27.0, ""case_opened_at"": 27.0, ""lane_id"": ""wc_0"", ""road_id"": ""wc""}"
cam-1008-veh_001-000025,cam-1008-veh_001-000025,case-intersection-1008-veh_001-benign,root-b894280677615ee040b562a2,1008,veh_001,ps-06cf0c7bb8481f37,CAM,27.0,589.595169360605,501.6,16.174598945546897,-0.19153025372419563,589.595169360605,501.6,16.174598945546897,-0.19153025372419563,nonce-b894280677615ee040b5,True,False,benign,False,0,"{""attack_ended_at"": 27.0, ""case_opened_at"": 27.0, ""lane_id"": ""ec_0"", ""road_id"": ""ec""}"
cam-1008-veh_002-000024,cam-1008-veh_002-000024,case-intersection-1008-veh_002-position_offset,root-89940c226bfa2e5db6f6edf0,1008,veh_002,ps-c10217be2cfbfbad,CAM,27.0,501.6,345.63043998102734,14.169357932464697,0.13873752961400854,566.6,361.88043998102734,14.169357932464697,0.13873752961400854,nonce-89940c226bfa2e5db6f6,True,False,position_offset,True,0,"{""attack_ended_at"": 70.0, ""case_opened_at"": 18.0, ""lane_id"": ""sc_0"", ""road_id"": ""sc""}"
cam-1008-veh_003-000023,cam-1008-veh_003-000023,case-intersection-1008-veh_003-benign,root-5a55288cf21f1f66c2bf4de2,1008,veh_003,ps-b84d6e13ef43c957,CAM,27.0,498.4,623.5869611618574,15.928787061683835,-0.6588738874252904,498.4,623.5869611618574,15.928787061683835,-0.6588738874252904,nonce-5a55288cf21f1f66c2bf,True,False,benign,False,0,"{""attack_ended_at"": 27.0, ""case_opened_at"": 27.0, ""lane_id"": ""nc_0"", ""road_id"": ""nc""}"
cam-1008-veh_004-000022,cam-1008-veh_004-000022,case-intersection-1008-veh_004-speed_offset,root-2c6cad84ccf2dcc571fd4bab,1008,veh_004,ps-a4ec7ac7ed69787f,CAM,27.0,341.6064984086554,498.4,15.24286489257978,0.1900170541880648,341.6064984086554,498.4,26.24286489257978,0.1900170541880648,nonce-2c6cad84ccf2dcc571fd,True,False,speed_offset,True,0,"{""attack_ended_at"": 72.0, ""case_opened_at"": 20.0, ""lane_id"": ""wc_0"", ""road_id"": ""wc""}"
cam-1008-veh_005-000021,cam-1008-veh_005-000021,case-intersection-1008-veh_005-benign,root-2836cba509324bdc11906d4d,1008,veh_005,ps-969b062779822854,CAM,27.0,663.4388237985769,501.6,16.116134389630126,0.6325200773729023,663.4388237985769,501.6,16.116134389630126,0.6325200773729023,nonce-2836cba509324bdc1190,True,False,benign,False,0,"{""attack_ended_at"": 27.0, ""case_opened_at"": 27.0, ""lane_id"": ""ec_0"", ""road_id"": ""ec""}"
replay-cam-1008-veh_006-000020,cam-1008-veh_006-000012,case-intersection-1008-veh_006-replay,root-9ea8f4310ed2d98496486915,1008,veh_006,ps-65fe799408ea4704,CAM,19.0,501.6,199.09321528622888,16.294288788237612,-0.34375931270420423,501.6,199.09321528622888,16.294288788237612,-0.34375931270420423,nonce-9ea8f4310ed2d9849648,True,False,replay,True,2,"{""attack_ended_at"": 19.0, ""case_opened_at"": 19.0, ""lane_id"": ""sc_0"", ""road_id"": ""sc""}"
cam-1008-veh_007-000019,cam-1008-veh_007-000019,case-intersection-1008-veh_007-benign,root-d6edf1f51bfecce93d9e96f7,1008,veh_007,ps-30c2a00c607f04e2,CAM,27.0,498.4,686.6571787507926,16.023355482821355,-0.39801855712663325,498.4,686.6571787507926,16.023355482821355,-0.39801855712663325,nonce-d6edf1f51bfecce93d9e,True,False,benign,False,0,"{""attack_ended_at"": 27.0, ""case_opened_at"": 27.0, ""lane_id"": ""nc_0"", ""road_id"": ""nc""}"
cam-1008-veh_008-000018,cam-1008-veh_008-000018,case-intersection-1008-veh_008-certificate_tamper,root-fda1b9d94b59094d19a7fd04,1008,veh_008,ps-82218acb1d94705f,CAM,27.0,296.43085470886905,498.4,16.30240130348131,0.23832991942763115,296.43085470886905,498.4,16.30240130348131,0.23832991942763115,nonce-fda1b9d94b59094d19a7,False,False,certificate_tamper,True,0,"{""attack_ended_at"": 76.0, ""case_opened_at"": 24.0, ""lane_id"": ""wc_0"", ""road_id"": ""wc""}"
cam-1008-veh_009-000017,cam-1008-veh_009-000017,case-intersection-1008-veh_009-benign,root-542af1780af562b683402a6d,1008,veh_009,ps-7ceb479c74f04f24,CAM,27.0,760.6000883609921,501.6,13.767437395223478,0.03377904835157253,760.6000883609921,501.6,13.767437395223478,0.03377904835157253,nonce-542af1780af562b68340,True,False,benign,False,0,"{""attack_ended_at"": 27.0, ""case_opened_at"": 27.0, ""lane_id"": ""ec_0"", ""road_id"": ""ec""}"
cam-1008-veh_010-000016-f0,cam-1008-veh_010-000016,case-intersection-1008-veh_010-flood,root-729b337a8aa8fe640a37317a,1008,veh_010,ps-3210978143869c35,CAM,27.0,501.6,262.9518500730768,16.62666997669265,0.020924635645936718,501.6,262.9518500730768,16.62666997669265,0.020924635645936718,nonce-729b337a8aa8fe640a37,True,False,flood,True,0,"{""attack_ended_at"": 78.0, ""case_opened_at"": 26.0, ""lane_id"": ""sc_0"", ""road_id"": ""sc""}"
cam-1008-veh_010-000016-f1,cam-1008-veh_010-000016,case-intersection-1008-veh_010-flood,root-729b337a8aa8fe640a37317a,1008,veh_010,ps-3210978143869c35,CAM,27.0,501.6,262.9518500730768,16.62666997669265,0.020924635645936718,501.6,262.9518500730768,16.62666997669265,0.020924635645936718,nonce-729b337a8aa8fe640a37,True,False,flood,True,1,"{""attack_ended_at"": 78.0, ""case_opened_at"": 26.0, ""lane_id"": ""sc_0"", ""road_id"": ""sc""}"
cam-1008-veh_010-000016-f2,cam-1008-veh_010-000016,case-intersection-1008-veh_010-flood,root-729b337a8aa8fe640a37317a,1008,veh_010,ps-3210978143869c35,CAM,27.0,501.6,262.9518500730768,16.62666997669265,0.020924635645936718,501.6,262.9518500730768,16.62666997669265,0.020924635645936718,nonce-729b337a8aa8fe640a37,True,False,flood,True,2,"{""attack_ended_at"": 78.0, ""case_opened_at"": 26.0, ""lane_id"": ""sc_0"", ""road_id"": ""sc""}"
cam-1008-veh_010-000016-f3,cam-1008-veh_010-000016,case-intersection-1008-veh_010-flood,root-729b337a8aa8fe640a37317a,1008,veh_010,ps-3210978143869c35,CAM,27.0,501.6,262.9518500730768,16.62666997669265,0.020924635645936718,501.6,262.9518500730768,16.62666997669265,0.020924635645936718,nonce-729b337a8aa8fe640a37,True,False,flood,True,3,"{""attack_ended_at"": 78.0, ""case_opened_at"": 26.0, ""lane_id"": ""sc_0"", ""road_id"": ""sc""}"
cam-1008-veh_010-000016-f4,cam-1008-veh_010-000016,case-intersection-1008-veh_010-flood,root-729b337a8aa8fe640a37317a,1008,veh_010,ps-3210978143869c35,CAM,27.0,501.6,262.9518500730768,16.62666997669265,0.020924635645936718,501.6,262.9518500730768,16.62666997669265,0.020924635645936718,nonce-729b337a8aa8fe640a37,True,False,flood,True,4,"{""attack_ended_at"": 78.0, ""case_opened_at"": 26.0, ""lane_id"": ""sc_0"", ""road_id"": ""sc""}"
cam-1008-veh_011-000015,cam-1008-veh_011-000015,case-intersection-1008-veh_011-benign,root-ac4733f072c30ee255914875,1008,veh_011,ps-8a5d63d2056fbe7e,CAM,27.0,498.4,770.0891035679542,14.84192141909028,0.15783723848406161,498.4,770.0891035679542,14.84192141909028,0.15783723848406161,nonce-ac4733f072c30ee25591,True,False,benign,False,0,"{""attack_ended_at"": 27.0, ""case_opened_at"": 27.0, ""lane_id"": ""nc_0"", ""road_id"": ""nc""}"
cam-1008-veh_012-000014,cam-1008-veh_012-000014,case-intersection-1008-veh_012-benign,root-2f59b40ac4bdbbf657aed2fe,1008,veh_012,ps-d55e51c88c138a2d,CAM,27.0,231.04280166028536,498.4,16.04372919691261,-0.16346199860796418,231.04280166028536,498.4,16.04372919691261,-0.16346199860796418,nonce-2f59b40ac4bdbbf657ae,True,False,benign,False,0,"{""attack_ended_at"": 27.0, ""case_opened_at"": 27.0, ""lane_id"": ""wc_0"", ""road_id"": ""wc""}"
cam-1008-veh_013-000013,cam-1008-veh_013-000013,case-intersection-1008-veh_013-benign,root-ba44f747ed3746be2723f536,1008,veh_013,ps-c612038c409b5d43,CAM,27.0,788.2060714106121,501.6,14.947027954764717,-0.29255902719743787,788.2060714106121,501.6,14.947027954764717,-0.29255902719743787,nonce-ba44f747ed3746be2723,True,False,benign,False,0,"{""attack_ended_at"": 27.0, ""case_opened_at"": 27.0, ""lane_id"": ""ec_0"", ""road_id"": ""ec""}"
cam-1008-veh_014-000012,cam-1008-veh_014-000012,case-intersection-1008-veh_014-benign,root-e00e87775476a680d60bcce3,1008,veh_014,ps-1c0f8ece3ddb0b0c,CAM,27.0,501.6,180.92471178839222,14.785386541093157,0.416464934656398,501.6,180.92471178839222,14.785386541093157,0.416464934656398,nonce-e00e87775476a680d60b,True,False,benign,False,0,"{""attack_ended_at"": 27.0, ""case_opened_at"": 27.0, ""lane_id"": ""sc_0"", ""road_id"": ""sc""}"
cam-1008-veh_015-000011,cam-1008-veh_015-000011,case-intersection-1008-veh_015-benign,root-eaddf795722903fb09279a3c,1008,veh_015,ps-77b1c1c85865d133,CAM,27.0,498.4,830.9227035120493,15.022205408949652,0.2079753405041984,498.4,830.9227035120493,15.022205408949652,0.2079753405041984,nonce-eaddf795722903fb0927,True,False,benign,False,0,"{""attack_ended_at"": 27.0, ""case_opened_at"": 27.0, ""lane_id"": ""nc_0"", ""road_id"": ""nc""}"
cam-1008-veh_016-000010,cam-1008-veh_016-000010,case-intersection-1008-veh_016-benign,root-f20245b457c9fbb72c460de6,1008,veh_016,ps-1e0348b1d8bfe014,CAM,27.0,165.4867024954781,498.4,16.144913852894682,-0.10827962069772212,165.4867024954781,498.4,16.144913852894682,-0.10827962069772212,nonce-f20245b457c9fbb72c46,True,False,benign,False,0,"{""attack_ended_at"": 27.0, ""case_opened_at"": 27.0, ""lane_id"": ""wc_0"", ""road_id"": ""wc""}"
cam-1008-veh_017-000009,cam-1008-veh_017-000009,case-intersection-1008-veh_017-benign,root-d608f3a216e29af781177cc4,1008,veh_017,ps-31646c93226ae98c,CAM,27.0,849.621622371166,501.6,15.971609976524489,-0.17734607073012576,849.621622371166,501.6,15.971609976524489,-0.17734607073012576,nonce-d608f3a216e29af78117,True,False,benign,False,0,"{""attack_ended_at"": 27.0, ""case_opened_at"": 27.0, ""lane_id"": ""ec_0"", ""road_id"": ""ec""}"
cam-1008-veh_018-000008,cam-1008-veh_018-000008,case-intersection-1008-veh_018-benign,root-2f027d2f4dbe155b34d98a18,1008,veh_018,ps-55c539e5052cea58,CAM,27.0,501.6,118.69628698661066,13.93560098792703,0.044299713433719745,501.6,118.69628698661066,13.93560098792703,0.044299713433719745,nonce-2f027d2f4dbe155b34d9,True,False,benign,False,0,"{""attack_ended_at"": 27.0, ""case_opened_at"": 27.0, ""lane_id"": ""sc_0"", ""road_id"": ""sc""}"
cam-1008-veh_019-000007,cam-1008-veh_019-000007,case-intersection-1008-veh_019-benign,root-5b464fe8bad21e21ea66faf0,1008,veh_019,ps-6e220b4f697c2cd3,CAM,27.0,498.4,890.7735373005489,14.672174820677983,-0.5281723770825195,498.4,890.7735373005489,14.672174820677983,-0.5281723770825195,nonce-5b464fe8bad21e21ea66,True,False,benign,False,0,"{""attack_ended_at"": 27.0, ""case_opened_at"": 27.0, ""lane_id"": ""nc_0"", ""road_id"": ""nc""}"
cam-1008-veh_020-000006,cam-1008-veh_020-000006,case-intersection-1008-veh_020-benign,root-994f39624ddbe9fb1c119f59,1008,veh_020,ps-fb97d0e5da402071,CAM,27.0,99.97730987494346,498.4,15.94917680085637,-0.12108377014752314,99.97730987494346,498.4,15.94917680085637,-0.12108377014752314,nonce-994f39624ddbe9fb1c11,True,False,benign,False,0,"{""attack_ended_at"": 27.0, ""case_opened_at"": 27.0, ""lane_id"": ""wc_0"", ""road_id"": ""wc""}"
cam-1008-veh_021-000005,cam-1008-veh_021-000005,case-intersection-1008-veh_021-benign,root-efce534400d10e25da60d0aa,1008,veh_021,ps-7461357a64efe09e,CAM,27.0,914.645882475407,501.6,16.467052804733814,0.5236459210747846,914.645882475407,501.6,16.467052804733814,0.5236459210747846,nonce-efce534400d10e25da60,True,False,benign,False,0,"{""attack_ended_at"": 27.0, ""case_opened_at"": 27.0, ""lane_id"": ""ec_0"", ""road_id"": ""ec""}"
cam-1008-veh_022-000004,cam-1008-veh_022-000004,case-intersection-1008-veh_022-benign,root-4a1f4cab68b6d09c17f99430,1008,veh_022,ps-b515230e59090b79,CAM,27.0,501.6,65.89460144027964,15.52077910005391,0.3589951087860399,501.6,65.89460144027964,15.52077910005391,0.3589951087860399,nonce-4a1f4cab68b6d09c17f9,True,False,benign,False,0,"{""attack_ended_at"": 27.0, ""case_opened_at"": 27.0, ""lane_id"": ""sc_0"", ""road_id"": ""sc""}"
cam-1008-veh_023-000003,cam-1008-veh_023-000003,case-intersection-1008-veh_023-benign,root-1cdce23c85767a9cee31ab6a,1008,veh_023,ps-92555cef08137c2d,CAM,27.0,498.4,950.6683877003177,14.673502991909402,-0.3759148263651877,498.4,950.6683877003177,14.673502991909402,-0.3759148263651877,nonce-1cdce23c85767a9cee31,True,False,benign,False,0,"{""attack_ended_at"": 27.0, ""case_opened_at"": 27.0, ""lane_id"": ""nc_0"", ""road_id"": ""nc""}"
cam-1008-veh_000-000027,cam-1008-veh_000-000027,case-intersection-1008-veh_000-benign,root-65891f1d10666142358b9b0a,1008,veh_000,ps-c836b37964202f27,CAM,28.0,445.0640675626836,498.4,16.470851671621205,0.02822536556515942,445.0640675626836,498.4,16.470851671621205,0.02822536556515942,nonce-65891f1d10666142358b,True,False,benign,False,0,"{""attack_ended_at"": 28.0, ""case_opened_at"": 28.0, ""lane_id"": ""wc_0"", ""road_id"": ""wc""}"
cam-1008-veh_001-000026,cam-1008-veh_001-000026,case-intersection-1008-veh_001-benign,root-ebeb4f0f8f95fed613d1874d,1008,veh_001,ps-06cf0c7bb8481f37,CAM,28.0,573.6265322129987,501.6,15.968637147606351,-0.20596179794054592,573.6265322129987,501.6,15.968637147606351,-0.20596179794054592,nonce-ebeb4f0f8f95fed613d1,True,False,benign,False,0,"{""attack_ended_at"": 28.0, ""case_opened_at"": 28.0, ""lane_id"": ""ec_0"", ""road_id"": ""ec""}"
cam-1008-veh_002-000025,cam-1008-veh_002-000025,case-intersection-1008-veh_002-position_offset,root-68a7c25760ed66849f474106,1008,veh_002,ps-c10217be2cfbfbad,CAM,28.0,501.6,360.1552507675945,14.524810786567175,0.3554528541024773,566.6,376.4052507675945,14.524810786567175,0.3554528541024773,nonce-68a7c25760ed66849f47,True,False,position_offset,True,0,"{""attack_ended_at"": 70.0, ""case_opened_at"": 18.0, ""lane_id"": ""sc_0"", ""road_id"": ""sc""}"
cam-1008-veh_003-000024,cam-1008-veh_003-000024,case-intersection-1008-veh_003-benign,root-ef2294873d082febb26e19db,1008,veh_003,ps-b84d6e13ef43c957,CAM,28.0,498.4,607.1612473206874,16.425713841170076,0.4969267794862411,498.4,607.1612473206874,16.425713841170076,0.4969267794862411,nonce-ef2294873d082febb26e,True,False,benign,False,0,"{""attack_ended_at"": 28.0, ""case_opened_at"": 28.0, ""lane_id"": ""nc_0"", ""road_id"": ""nc""}"
cam-1008-veh_004-000023,cam-1008-veh_004-000023,case-intersection-1008-veh_004-speed_offset,root-9f20770a434700e8e771b5f1,1008,veh_004,ps-a4ec7ac7ed69787f,CAM,28.0,356.8902739279083,498.4,15.28377551925292,0.04091062667314027,356.8902739279083,498.4,26.28377551925292,0.04091062667314027,nonce-9f20770a434700e8e771,True,False,speed_offset,True,0,"{""attack_ended_at"": 72.0, ""case_opened_at"": 20.0, ""lane_id"": ""wc_0"", ""road_id"": ""wc""}"
cam-1008-veh_005-000022,cam-1008-veh_005-000022,case-intersection-1008-veh_005-benign,root-66bf250021facae61850ae5e,1008,veh_005,ps-969b062779822854,CAM,28.0,647.7661547331772,501.6,15.672669065399631,-0.4434653242304947,647.7661547331772,501.6,15.672669065399631,-0.4434653242304947,nonce-66bf250021facae61850,True,False,benign,False,0,"{""attack_ended_at"": 28.0, ""case_opened_at"": 28.0, ""lane_id"": ""ec_0"", ""road_id"": ""ec""}"
replay-cam-1008-veh_006-000021,cam-1008-veh_006-000013,case-intersection-1008-veh_006-replay,root-732bbc1af557c50a78ee1969,1008,veh_006,ps-65fe799408ea4704,CAM,20.0,501.6,215.10187627093873,16.00866098470986,-0.28562780352775263,501.6,215.10187627093873,16.00866098470986,-0.28562780352775263,nonce-732bbc1af557c50a78ee,True,False,replay,True,2,"{""attack_ended_at"": 20.0, ""case_opened_at"": 20.0, ""lane_id"": ""sc_0"", ""road_id"": ""sc""}"
cam-1008-veh_007-000020,cam-1008-veh_007-000020,case-intersection-1008-veh_007-benign,root-fbdd9711f8f7d2a41919400b,1008,veh_007,ps-30c2a00c607f04e2,CAM,28.0,498.4,670.4925233184174,16.16465543237515,0.14129994955379388,498.4,670.4925233184174,16.16465543237515,0.14129994955379388,nonce-fbdd9711f8f7d2a41919,True,False,benign,False,0,"{""attack_ended_at"": 28.0, ""case_opened_at"": 28.0, ""lane_id"": ""nc_0"", ""road_id"": ""nc""}"
cam-1008-veh_008-000019,cam-1008-veh_008-000019,case-intersection-1008-veh_008-certificate_tamper,root-8b4dd7f9bfa144d45de263de,1008,veh_008,ps-82218acb1d94705f,CAM,28.0,312.60138203594374,498.4,16.17052732707467,-0.13187397640664145,312.60138203594374,498.4,16.17052732707467,-0.13187397640664145,nonce-8b4dd7f9bfa144d45de2,False,False,certificate_tamper,True,0,"{""attack_ended_at"": 76.0, ""case_opened_at"": 24.0, ""lane_id"": ""wc_0"", ""road_id"": ""wc""}"
cam-1008-veh_009-000018,cam-1008-veh_009-000018,case-intersection-1008-veh_009-benign,root-596e23b535656c319b825dcd,1008,veh_009,ps-7ceb479c74f04f24,CAM,28.0,746.7502770948315,501.6,13.84981126616063,0.0823738709371522,746.7502770948315,501.6,13.84981126616063,0.0823738709371522,nonce-596e23b535656c319b82,True,False,benign,False,0,"{""attack_ended_at"": 28.0, ""case_opened_at"": 28.0, ""lane_id"": ""ec_0"", ""road_id"": ""ec""}"
cam-1008-veh_010-000017-f0,cam-1008-veh_010-000017,case-intersection-1008-veh_010-flood,root-33442735f44315653fc0eb5c,1008,veh_010,ps-3210978143869c35,CAM,28.0,501.6,278.9933395289723,16.0414894558955,-0.5851805207971488,501.6,278.9933395289723,16.0414894558955,-0.5851805207971488,nonce-33442735f44315653fc0,True,False,flood,True,0,"{""attack_ended_at"": 78.0, ""case_opened_at"": 26.0, ""lane_id"": ""sc_0"", ""road_id"": ""sc""}"
cam-1008-veh_010-000017-f1,cam-1008-veh_010-000017,case-intersection-1008-veh_010-flood,root-33442735f44315653fc0eb5c,1008,veh_010,ps-3210978143869c35,CAM,28.0,501.6,278.9933395289723,16.0414894558955,-0.5851805207971488,501.6,278.9933395289723,16.0414894558955,-0.5851805207971488,nonce-33442735f44315653fc0,True,False,flood,True,1,"{""attack_ended_at"": 78.0, ""case_opened_at"": 26.0, ""lane_id"": ""sc_0"", ""road_id"": ""sc""}"
cam-1008-veh_010-000017-f2,cam-1008-veh_010-000017,case-intersection-1008-veh_010-flood,root-33442735f44315653fc0eb5c,1008,veh_010,ps-3210978143869c35,CAM,28.0,501.6,278.9933395289723,16.0414894558955,-0.5851805207971488,501.6,278.9933395289723,16.0414894558955,-0.5851805207971488,nonce-33442735f44315653fc0,True,False,flood,True,2,"{""attack_ended_at"": 78.0, ""case_opened_at"": 26.0, ""lane_id"": ""sc_0"", ""road_id"": ""sc""}"
cam-1008-veh_010-000017-f3,cam-1008-veh_010-000017,case-intersection-1008-veh_010-flood,root-33442735f44315653fc0eb5c,1008,veh_010,ps-3210978143869c35,CAM,28.0,501.6,278.9933395289723,16.0414894558955,-0.5851805207971488,501.6,278.9933395289723,16.0414894558955,-0.5851805207971488,nonce-33442735f44315653fc0,True,False,flood,True,3,"{""attack_ended_at"": 78.0, ""case_opened_at"": 26.0, ""lane_id"": ""sc_0"", ""road_id"": ""sc""}"
cam-1008-veh_010-000017-f4,cam-1008-veh_010-000017,case-intersection-1008-veh_010-flood,root-33442735f44315653fc0eb5c,1008,veh_010,ps-3210978143869c35,CAM,28.0,501.6,278.9933395289723,16.0414894558955,-0.5851805207971488,501.6,278.9933395289723,16.0414894558955,-0.5851805207971488,nonce-33442735f44315653fc0,True,False,flood,True,4,"{""attack_ended_at"": 78.0, ""case_opened_at"": 26.0, ""lane_id"": ""sc_0"", ""road_id"": ""sc""}"
cam-1008-veh_011-000016,cam-1008-veh_011-000016,case-intersection-1008-veh_011-benign,root-63217d76cbb86627c91761aa,1008,veh_011,ps-8a5d63d2056fbe7e,CAM,28.0,498.4,755.3273537819053,14.761749786048815,-0.08017163304146457,498.4,755.3273537819053,14.761749786048815,-0.08017163304146457,nonce-63217d76cbb86627c917,True,False,benign,False,0,"{""attack_ended_at"": 28.0, ""case_opened_at"": 28.0, ""lane_id"": ""nc_0"", ""road_id"": ""nc""}"
cam-1008-veh_012-000015,cam-1008-veh_012-000015,case-intersection-1008-veh_012-false_denm,root-ff395a32afd1c767fb20d282,1008,veh_012,ps-d55e51c88c138a2d,DENM,28.0,247.53126575360082,498.4,16.488464093315418,0.4447348964028066,247.53126575360082,498.4,16.488464093315418,0.4447348964028066,nonce-ff395a32afd1c767fb20,True,True,false_denm,True,0,"{""attack_ended_at"": 80.0, ""case_opened_at"": 28.0, ""lane_id"": ""wc_0"", ""road_id"": ""wc""}"
cam-1008-veh_013-000014,cam-1008-veh_013-000014,case-intersection-1008-veh_013-benign,root-ddb4bce156ca2be5cc640726,1008,veh_013,ps-c612038c409b5d43,CAM,28.0,773.0623655689676,501.6,15.143705841644493,0.19667788687977605,773.0623655689676,501.6,15.143705841644493,0.19667788687977605,nonce-ddb4bce156ca2be5cc64,True,False,benign,False,0,"{""attack_ended_at"": 28.0, ""case_opened_at"": 28.0, ""lane_id"": ""ec_0"", ""road_id"": ""ec""}"
cam-1008-veh_014-000013,cam-1008-veh_014-000013,case-intersection-1008-veh_014-benign,root-b2045ed784bbf2ea7f6d028f,1008,veh_014,ps-1c0f8ece3ddb0b0c,CAM,28.0,501.6,195.2181546992119,14.293442910819703,-0.4919436302734539,501.6,195.2181546992119,14.293442910819703,-0.4919436302734539,nonce-b2045ed784bbf2ea7f6d,True,False,benign,False,0,"{""attack_ended_at"": 28.0, ""case_opened_at"": 28.0, ""lane_id"": ""sc_0"", ""road_id"": ""sc""}"
cam-1008-veh_015-000012,cam-1008-veh_015-000012,case-intersection-1008-veh_015-benign,root-97dbc0cafb137e43adb98a05,1008,veh_015,ps-77b1c1c85865d133,CAM,28.0,498.4,816.027217253438,14.895486258611331,-0.12671915033832093,498.4,816.027217253438,14.895486258611331,-0.12671915033832093,nonce-97dbc0cafb137e43adb9,True,False,benign,False,0,"{""attack_ended_at"": 28.0, ""case_opened_at"": 28.0, ""lane_id"": ""nc_0"", ""road_id"": ""nc""}"
cam-1008-veh_016-000011,cam-1008-veh_016-000011,case-intersection-1008-veh_016-benign,root-a606c483b13ddfc0bf1bd514,1008,veh_016,ps-1e0348b1d8bfe014,CAM,28.0,181.57104106751274,498.4,16.084338572034614,-0.06057528086006769,181.57104106751274,498.4,16.084338572034614,-0.06057528086006769,nonce-a606c483b13ddfc0bf1b,True,False,benign,False,0,"{""attack_ended_at"": 28.0, ""case_opened_at"": 28.0, ""lane_id"": ""wc_0"", ""road_id"": ""wc""}"
cam-1008-veh_017-000010,cam-1008-veh_017-000010,case-intersection-1008-veh_017-benign,root-079ec447db188bdd0e64463d,1008,veh_017,ps-31646c93226ae98c,CAM,28.0,833.4753904082999,501.6,16.146231962866153,0.17462198634166448,833.4753904082999,501.6,16.146231962866153,0.17462198634166448,nonce-079ec447db188bdd0e64,True,False,benign,False,0,"{""attack_ended_at"": 28.0, ""case_opened_at"": 28.0, ""lane_id"": ""ec_0"", ""road_id"": ""ec""}"
cam-1008-veh_018-000009,cam-1008-veh_018-000009,case-intersection-1008-veh_018-benign,root-55518b953a8a712d483cee68,1008,veh_018,ps-55c539e5052cea58,CAM,28.0,501.6,132.79714328616276,14.100856299552108,0.1652553116250779,501.6,132.79714328616276,14.100856299552108,0.1652553116250779,nonce-55518b953a8a712d483c,True,False,benign,False,0,"{""attack_ended_at"": 28.0, ""case_opened_at"": 28.0, ""lane_id"": ""sc_0"", ""road_id"": ""sc""}"
cam-1008-veh_019-000008,cam-1008-veh_019-000008,case-intersection-1008-veh_019-benign,root-dbbc4c21ac0ec48c1b8e7a9a,1008,veh_019,ps-6e220b4f697c2cd3,CAM,28.0,498.4,875.8452771401422,14.928260160406726,0.2560853397287435,498.4,875.8452771401422,14.928260160406726,0.2560853397287435,nonce-dbbc4c21ac0ec48c1b8e,True,False,benign,False,0,"{""attack_ended_at"": 28.0, ""case_opened_at"": 28.0, ""lane_id"": ""nc_0"", ""road_id"": ""nc""}"
cam-1008-veh_020-000007,cam-1008-veh_020-000007,case-intersection-1008-veh_020-benign,root-6ced0adfa09130f693fcbd8e,1008,veh_020,ps-fb97d0e5da402071,CAM,28.0,116.04325847976841,498.4,16.065948604824953,0.11677180396858411,116.04325847976841,498.4,16.065948604824953,0.11677180396858411,nonce-6ced0adfa09130f693fc,True,False,benign,False,0,"{""attack_ended_at"": 28.0, ""case_opened_at"": 28.0, ""lane_id"": ""wc_0"", ""road_id"": ""wc""}"
cam-1008-veh_021-000006,cam-1008-veh_021-000006,case-intersection-1008-veh_021-benign,root-81abc75a9191d5eaf4eaa1c3,1008,veh_021,ps-7461357a64efe09e,CAM,28.0,898.473190971151,501.6,16.172691504256058,-0.29436130047775677,898.473190971151,501.6,16.172691504256058,-0.29436130047775677,nonce-81abc75a9191d5eaf4ea,True,False,benign,False,0,"{""attack_ended_at"": 28.0, ""case_opened_at"": 28.0, ""lane_id"": ""ec_0"", ""road_id"": ""ec""}"
cam-1008-veh_022-000005,cam-1008-veh_022-000005,case-intersection-1008-veh_022-benign,root-07c70417b3c0ad980115bbf1,1008,veh_022,ps-b515230e59090b79,CAM,28.0,501.6,81.16396893172232,15.269367491442676,-0.25141160861123346,501.6,81.16396893172232,15.269367491442676,-0.25141160861123346,nonce-07c70417b3c0ad980115,True,False,benign,False,0,"{""attack_ended_at"": 28.0, ""case_opened_at"": 28.0, ""lane_id"": ""sc_0"", ""road_id"": ""sc""}"
cam-1008-veh_023-000004,cam-1008-veh_023-000004,case-intersection-1008-veh_023-benign,root-469cbd15e1c0ec9689d0a9b2,1008,veh_023,ps-92555cef08137c2d,CAM,28.0,498.4,935.9522281663827,14.716159533934908,0.04265654202550628,498.4,935.9522281663827,14.716159533934908,0.04265654202550628,nonce-469cbd15e1c0ec9689d0,True,False,benign,False,0,"{""attack_ended_at"": 28.0, ""case_opened_at"": 28.0, ""lane_id"": ""nc_0"", ""road_id"": ""nc""}"
cam-1008-veh_000-000028,cam-1008-veh_000-000028,case-intersection-1008-veh_000-benign,root-9fc46846713f9c90f359c51b,1008,veh_000,ps-c836b37964202f27,CAM,29.0,461.44304020045803,498.4,16.378972637774424,-0.09187903384678009,461.44304020045803,498.4,16.378972637774424,-0.09187903384678009,nonce-9fc46846713f9c90f359,True,False,benign,False,0,"{""attack_ended_at"": 29.0, ""case_opened_at"": 29.0, ""lane_id"": ""wc_0"", ""road_id"": ""wc""}"
cam-1008-veh_001-000027,cam-1008-veh_001-000027,case-intersection-1008-veh_001-benign,root-49eea3023da9cd456c7b946c,1008,veh_001,ps-06cf0c7bb8481f37,CAM,29.0,557.4227419819404,501.6,16.203790231058377,0.23515308345202612,557.4227419819404,501.6,16.203790231058377,0.23515308345202612,nonce-49eea3023da9cd456c7b,True,False,benign,False,0,"{""attack_ended_at"": 29.0, ""case_opened_at"": 29.0, ""lane_id"": ""ec_0"", ""road_id"": ""ec""}"
cam-1008-veh_002-000026,cam-1008-veh_002-000026,case-intersection-1008-veh_002-position_offset,root-9571309b4b9fbaa278b88ccf,1008,veh_002,ps-c10217be2cfbfbad,CAM,29.0,501.6,374.55172538667716,14.396474619082653,-0.12833616748452137,566.6,390.80172538667716,14.396474619082653,-0.12833616748452137,nonce-9571309b4b9fbaa278b8,True,False,position_offset,True,0,"{""attack_ended_at"": 70.0, ""case_opened_at"": 18.0, ""lane_id"": ""sc_0"", ""road_id"": ""sc""}"
cam-1008-veh_003-000025,cam-1008-veh_003-000025,case-intersection-1008-veh_003-benign,root-6cfb922eaae26b43a1482621,1008,veh_003,ps-b84d6e13ef43c957,CAM,29.0,498.4,590.559220031863,16.60202728882432,0.17631344765424473,498.4,590.559220031863,16.60202728882432,0.17631344765424473,nonce-6cfb922eaae26b43a148,True,False,benign,False,0,"{""attack_ended_at"": 29.0, ""case_opened_at"": 29.0, ""lane_id"": ""nc_0"", ""road_id"": ""nc""}"
cam-1008-veh_004-000024,cam-1008-veh_004-000024,case-intersection-1008-veh_004-speed_offset,root-6836d227c2add142da63208e,1008,veh_004,ps-a4ec7ac7ed69787f,CAM,29.0,372.12438496928763,498.4,15.234111041379325,-0.04966447787359485,372.12438496928763,498.4,26.234111041379325,-0.04966447787359485,nonce-6836d227c2add142da63,True,False,speed_offset,True,0,"{""attack_ended_at"": 72.0, ""case_opened_at"": 20.0, ""lane_id"": ""wc_0"", ""road_id"": ""wc""}"
cam-1008-veh_005-000023,cam-1008-veh_005-000023,case-intersection-1008-veh_005-benign,root-eb887c2de87b5dc03cd2bb40,1008,veh_005,ps-969b062779822854,CAM,29.0,632.0214539507986,501.6,15.744700782378741,0.07203171697910982,632.0214539507986,501.6,15.744700782378741,0.07203171697910982,nonce-eb887c2de87b5dc03cd2,True,False,benign,False,0,"{""attack_ended_at"": 29.0, ""case_opened_at"": 29.0, ""lane_id"": ""ec_0"", ""road_id"": ""ec""}"
replay-cam-1008-veh_006-000022,cam-1008-veh_006-000014,case-intersection-1008-veh_006-replay,root-e6073782afc54a5381804d00,1008,veh_006,ps-65fe799408ea4704,CAM,21.0,501.6,231.44104983772158,16.339173566782847,0.3305125820729877,501.6,231.44104983772158,16.339173566782847,0.3305125820729877,nonce-e6073782afc54a538180,True,False,replay,True,2,"{""attack_ended_at"": 21.0, ""case_opened_at"": 21.0, ""lane_id"": ""sc_0"", ""road_id"": ""sc""}"
cam-1008-veh_007-000021,cam-1008-veh_007-000021,case-intersection-1008-veh_007-benign,root-8a9d769797757550fd7766ba,1008,veh_007,ps-30c2a00c607f04e2,CAM,29.0,498.4,654.0036106544919,16.48891266392544,0.3242572315502912,498.4,654.0036106544919,16.48891266392544,0.3242572315502912,nonce-8a9d769797757550fd77,True,False,benign,False,0,"{""attack_ended_at"": 29.0, ""case_opened_at"": 29.0, ""lane_id"": ""nc_0"", ""road_id"": ""nc""}"
cam-1008-veh_008-000020,cam-1008-veh_008-000020,case-intersection-1008-veh_008-certificate_tamper,root-2edc873f91a595c856cf92ee,1008,veh_008,ps-82218acb1d94705f,CAM,29.0,329.14765255756686,498.4,16.546270521623086,0.3757431945484164,329.14765255756686,498.4,16.546270521623086,0.3757431945484164,nonce-2edc873f91a595c856cf,False,False,certificate_tamper,True,0,"{""attack_ended_at"": 76.0, ""case_opened_at"": 24.0, ""lane_id"": ""wc_0"", ""road_id"": ""wc""}"
cam-1008-veh_009-000019,cam-1008-veh_009-000019,case-intersection-1008-veh_009-benign,root-6977ea7c1b30027fbeefe2f2,1008,veh_009,ps-7ceb479c74f04f24,CAM,29.0,733.2199405385244,501.6,13.530336556307102,-0.31947470985352844,733.2199405385244,501.6,13.530336556307102,-0.31947470985352844,nonce-6977ea7c1b30027fbeef,True,False,benign,False,0,"{""attack_ended_at"": 29.0, ""case_opened_at"": 29.0, ""lane_id"": ""ec_0"", ""road_id"": ""ec""}"
cam-1008-veh_010-000018-f0,cam-1008-veh_010-000018,case-intersection-1008-veh_010-flood,root-ccb3fb75e0d6fcab17727e0f,1008,veh_010,ps-3210978143869c35,CAM,29.0,501.6,295.2920964616444,16.298756932672116,0.2572674767766152,501.6,295.2920964616444,16.298756932672116,0.2572674767766152,nonce-ccb3fb75e0d6fcab1772,True,False,flood,True,0,"{""attack_ended_at"": 78.0, ""case_opened_at"": 26.0, ""lane_id"": ""sc_0"", ""road_id"": ""sc""}"
cam-1008-veh_010-000018-f1,cam-1008-veh_010-000018,case-intersection-1008-veh_010-flood,root-ccb3fb75e0d6fcab17727e0f,1008,veh_010,ps-3210978143869c35,CAM,29.0,501.6,295.2920964616444,16.298756932672116,0.2572674767766152,501.6,295.2920964616444,16.298756932672116,0.2572674767766152,nonce-ccb3fb75e0d6fcab1772,True,False,flood,True,1,"{""attack_ended_at"": 78.0, ""case_opened_at"": 26.0, ""lane_id"": ""sc_0"", ""road_id"": ""sc""}"
cam-1008-veh_010-000018-f2,cam-1008-veh_010-000018,case-intersection-1008-veh_010-flood,root-ccb3fb75e0d6fcab17727e0f,1008,veh_010,ps-3210978143869c35,CAM,29.0,501.6,295.2920964616444,16.298756932672116,0.2572674767766152,501.6,295.2920964616444,16.298756932672116,0.2572674767766152,nonce-ccb3fb75e0d6fcab1772,True,False,flood,True,2,"{""attack_ended_at"": 78.0, ""case_opened_at"": 26.0, ""lane_id"": ""sc_0"", ""road_id"": ""sc""}"
cam-1008-veh_010-000018-f3,cam-1008-veh_010-000018,case-intersection-1008-veh_010-flood,root-ccb3fb75e0d6fcab17727e0f,1008,veh_010,ps-3210978143869c35,CAM,29.0,501.6,295.2920964616444,16.298756932672116,0.2572674767766152,501.6,295.2920964616444,16.298756932672116,0.2572674767766152,nonce-ccb3fb75e0d6fcab1772,True,False,flood,True,3,"{""attack_ended_at"": 78.0, ""case_opened_at"": 26.0, ""lane_id"": ""sc_0"", ""road_id"": ""sc""}"
cam-1008-veh_010-000018-f4,cam-1008-veh_010-000018,case-intersection-1008-veh_010-flood,root-ccb3fb75e0d6fcab17727e0f,1008,veh_010,ps-3210978143869c35,CAM,29.0,501.6,295.2920964616444,16.298756932672116,0.2572674767766152,501.6,295.2920964616444,16.298756932672116,0.2572674767766152,nonce-ccb3fb75e0d6fcab1772,True,False,flood,True,4,"{""attack_ended_at"": 78.0, ""case_opened_at"": 26.0, ""lane_id"": ""sc_0"", ""road_id"": ""sc""}"
cam-1008-veh_011-000017,cam-1008-veh_011-000017,case-intersection-1008-veh_011-benign,root-9d5d577c30b1bc8083aaa1bb,1008,veh_011,ps-8a5d63d2056fbe7e,CAM,29.0,498.4,740.4066489605538,14.920704821351604,0.15895503530278887,498.4,740.4066489605538,14.920704821351604,0.15895503530278887,nonce-9d5d577c30b1bc8083aa,True,False,benign,False,0,"{""attack_ended_at"": 29.0, ""case_opened_at"": 29.0, ""lane_id"": ""nc_0"", ""road_id"": ""nc""}"
cam-1008-veh_012-000016,cam-1008-veh_012-000016,case-intersection-1008-veh_012-false_denm,root-6427cf0426de50348ea6e0bb,1008,veh_012,ps-d55e51c88c138a2d,CAM,29.0,264.0225037002238,498.4,16.491237946623006,0.002773853307587615,264.0225037002238,498.4,16.491237946623006,0.002773853307587615,nonce-6427cf0426de50348ea6,True,False,false_denm,True,0,"{""attack_ended_at"": 80.0, ""case_opened_at"": 28.0, ""lane_id"": ""wc_0"", ""road_id"": ""wc""}"
cam-1008-veh_013-000015,cam-1008-veh_013-000015,case-intersection-1008-veh_013-benign,root-4ef87815ae74fb3ba4da6fec,1008,veh_013,ps-c612038c409b5d43,CAM,29.0,758.4605174446568,501.6,14.601848124310722,-0.5418577173337713,758.4605174446568,501.6,14.601848124310722,-0.5418577173337713,nonce-4ef87815ae74fb3ba4da,True,False,benign,False,0,"{""attack_ended_at"": 29.0, ""case_opened_at"": 29.0, ""lane_id"": ""ec_0"", ""road_id"": ""ec""}"
cam-1008-veh_014-000014,cam-1008-veh_014-000014,case-intersection-1008-veh_014-benign,root-ba49eba3cd94e614ada21475,1008,veh_014,ps-1c0f8ece3ddb0b0c,CAM,29.0,501.6,210.23360361635628,15.015448917144367,0.7220060063246638,501.6,210.23360361635628,15.015448917144367,0.7220060063246638,nonce-ba49eba3cd94e614ada2,True,False,benign,False,0,"{""attack_ended_at"": 29.0, ""case_opened_at"": 29.0, ""lane_id"": ""sc_0"", ""road_id"": ""sc""}"
cam-1008-veh_015-000013,cam-1008-veh_015-000013,case-intersection-1008-veh_015-benign,root-7613cc98dc6cef9a0018afe5,1008,veh_015,ps-77b1c1c85865d133,CAM,29.0,498.4,800.796479371076,15.230737882361995,0.3352516237506631,498.4,800.796479371076,15.230737882361995,0.3352516237506631,nonce-7613cc98dc6cef9a0018,True,False,benign,False,0,"{""attack_ended_at"": 29.0, ""case_opened_at"": 29.0, ""lane_id"": ""nc_0"", ""road_id"": ""nc""}"
cam-1008-veh_016-000012,cam-1008-veh_016-000012,case-intersection-1008-veh_016-benign,root-8278f6b4b4a00be7f8dd2b3d,1008,veh_016,ps-1e0348b1d8bfe014,CAM,29.0,197.51813026065477,498.4,15.947089193142022,-0.1372493788925926,197.51813026065477,498.4,15.947089193142022,-0.1372493788925926,nonce-8278f6b4b4a00be7f8dd,True,False,benign,False,0,"{""attack_ended_at"": 29.0, ""case_opened_at"": 29.0, ""lane_id"": ""wc_0"", ""road_id"": ""wc""}"
cam-1008-veh_017-000011,cam-1008-veh_017-000011,case-intersection-1008-veh_017-benign,root-762c7205fd62435dc425fda3,1008,veh_017,ps-31646c93226ae98c,CAM,29.0,817.0876993586542,501.6,16.387691049645657,0.24145908677950345,817.0876993586542,501.6,16.387691049645657,0.24145908677950345,nonce-762c7205fd62435dc425,True,False,benign,False,0,"{""attack_ended_at"": 29.0, ""case_opened_at"": 29.0, ""lane_id"": ""ec_0"", ""road_id"": ""ec""}"
cam-1008-veh_018-000010,cam-1008-veh_018-000010,case-intersection-1008-veh_018-benign,root-c5e9a550a6a8b32a7b90df98,1008,veh_018,ps-55c539e5052cea58,CAM,29.0,501.6,147.15331747532983,14.35617418916707,0.2553178896149628,501.6,147.15331747532983,14.35617418916707,0.2553178896149628,nonce-c5e9a550a6a8b32a7b90,True,False,benign,False,0,"{""attack_ended_at"": 29.0, ""case_opened_at"": 29.0, ""lane_id"": ""sc_0"", ""road_id"": ""sc""}"
cam-1008-veh_019-000009,cam-1008-veh_019-000009,case-intersection-1008-veh_019-benign,root-f719db5609e56d56b56104d8,1008,veh_019,ps-6e220b4f697c2cd3,CAM,29.0,498.4,860.7983678874375,15.046909252704728,0.11864909229800169,498.4,860.7983678874375,15.046909252704728,0.11864909229800169,nonce-f719db5609e56d56b561,True,False,benign,False,0,"{""attack_ended_at"": 29.0, ""case_opened_at"": 29.0, ""lane_id"": ""nc_0"", ""road_id"": ""nc""}"
cam-1008-veh_020-000008,cam-1008-veh_020-000008,case-intersection-1008-veh_020-benign,root-189e01dbe725d06c96699fa1,1008,veh_020,ps-fb97d0e5da402071,CAM,29.0,132.2773833292257,498.4,16.234124849457295,0.16817624463234182,132.2773833292257,498.4,16.234124849457295,0.16817624463234182,nonce-189e01dbe725d06c9669,True,False,benign,False,0,"{""attack_ended_at"": 29.0, ""case_opened_at"": 29.0, ""lane_id"": ""wc_0"", ""road_id"": ""wc""}"
cam-1008-veh_021-000007,cam-1008-veh_021-000007,case-intersection-1008-veh_021-benign,root-fdc583b44ab332f0ca3a3189,1008,veh_021,ps-7461357a64efe09e,CAM,29.0,882.1809444698875,501.6,16.29224650126342,0.11955499700736283,882.1809444698875,501.6,16.29224650126342,0.11955499700736283,nonce-fdc583b44ab332f0ca3a,True,False,benign,False,0,"{""attack_ended_at"": 29.0, ""case_opened_at"": 29.0, ""lane_id"": ""ec_0"", ""road_id"": ""ec""}"
cam-1008-veh_022-000006,cam-1008-veh_022-000006,case-intersection-1008-veh_022-benign,root-12e865a4237c643168990962,1008,veh_022,ps-b515230e59090b79,CAM,29.0,501.6,96.31134523424303,15.147376302520708,-0.12199118892196736,501.6,96.31134523424303,15.147376302520708,-0.12199118892196736,nonce-12e865a4237c64316899,True,False,benign,False,0,"{""attack_ended_at"": 29.0, ""case_opened_at"": 29.0, ""lane_id"": ""sc_0"", ""road_id"": ""sc""}"
cam-1008-veh_023-000005,cam-1008-veh_023-000005,case-intersection-1008-veh_023-benign,root-be9b8c7530736615639a9660,1008,veh_023,ps-92555cef08137c2d,CAM,29.0,498.4,921.1857209494605,14.766507216922248,0.05034768298733994,498.4,921.1857209494605,14.766507216922248,0.05034768298733994,nonce-be9b8c7530736615639a,True,False,benign,False,0,"{""attack_ended_at"": 29.0, ""case_opened_at"": 29.0, ""lane_id"": ""nc_0"", ""road_id"": ""nc""}"
cam-1008-veh_000-000029,cam-1008-veh_000-000029,case-intersection-1008-veh_000-benign,root-c45fd26535c55b88f68f3f0a,1008,veh_000,ps-c836b37964202f27,CAM,30.0,475.2280751167637,498.4,13.785034916305655,-2.5939377214687696,475.2280751167637,498.4,13.785034916305655,-2.5939377214687696,nonce-c45fd26535c55b88f68f,True,False,benign,False,0,"{""attack_ended_at"": 30.0, ""case_opened_at"": 30.0, ""lane_id"": ""wc_0"", ""road_id"": ""wc""}"
cam-1008-veh_001-000028,cam-1008-veh_001-000028,case-intersection-1008-veh_001-benign,root-dc9d1f8dd7546eab03d44b19,1008,veh_001,ps-06cf0c7bb8481f37,CAM,30.0,541.2062239328679,501.6,16.216518049072477,0.012727818014099057,541.2062239328679,501.6,16.216518049072477,0.012727818014099057,nonce-dc9d1f8dd7546eab03d4,True,False,benign,False,0,"{""attack_ended_at"": 30.0, ""case_opened_at"": 30.0, ""lane_id"": ""ec_0"", ""road_id"": ""ec""}"
cam-1008-veh_002-000027,cam-1008-veh_002-000027,case-intersection-1008-veh_002-position_offset,root-0e714d25d5a1cc76ff895c9f,1008,veh_002,ps-c10217be2cfbfbad,CAM,30.0,501.6,388.84748657942407,14.295761192746937,-0.1007134263357159,566.6,405.09748657942407,14.295761192746937,-0.1007134263357159,nonce-0e714d25d5a1cc76ff89,True,False,position_offset,True,0,"{""attack_ended_at"": 70.0, ""case_opened_at"": 18.0, ""lane_id"": ""sc_0"", ""road_id"": ""sc""}"
cam-1008-veh_003-000026,cam-1008-veh_003-000026,case-intersection-1008-veh_003-benign,root-dc800387ac7bd0c082cd472b,1008,veh_003,ps-b84d6e13ef43c957,CAM,30.0,498.4,574.3915561361936,16.167663895669396,-0.4343633931549249,498.4,574.3915561361936,16.167663895669396,-0.4343633931549249,nonce-dc800387ac7bd0c082cd,True,False,benign,False,0,"{""attack_ended_at"": 30.0, ""case_opened_at"": 30.0, ""lane_id"": ""nc_0"", ""road_id"": ""nc""}"
cam-1008-veh_004-000025,cam-1008-veh_004-000025,case-intersection-1008-veh_004-speed_offset,root-022fc022e97aa94cc5f15e8e,1008,veh_004,ps-a4ec7ac7ed69787f,CAM,30.0,387.27376570255984,498.4,15.149380733272226,-0.08473030810709936,387.27376570255984,498.4,26.149380733272224,-0.08473030810709936,nonce-022fc022e97aa94cc5f1,True,False,speed_offset,True,0,"{""attack_ended_at"": 72.0, ""case_opened_at"": 20.0, ""lane_id"": ""wc_0"", ""road_id"": ""wc""}"
cam-1008-veh_005-000024,cam-1008-veh_005-000024,case-intersection-1008-veh_005-benign,root-056c9c08cd780e2f83859da1,1008,veh_005,ps-969b062779822854,CAM,30.0,615.9233244693203,501.6,16.0981294814782,0.3534286990994584,615.9233244693203,501.6,16.0981294814782,0.3534286990994584,nonce-056c9c08cd780e2f8385,True,False,benign,False,0,"{""attack_ended_at"": 30.0, ""case_opened_at"": 30.0, ""lane_id"": ""ec_0"", ""road_id"": ""ec""}"
replay-cam-1008-veh_006-000023,cam-1008-veh_006-000011,case-intersection-1008-veh_006-replay,root-698ab643fc75e30c21ee9766,1008,veh_006,ps-65fe799408ea4704,CAM,18.0,501.6,182.79892649799126,16.638048100941816,0.2891036247694849,501.6,182.79892649799126,16.638048100941816,0.2891036247694849,nonce-698ab643fc75e30c21ee,True,False,replay,True,3,"{""attack_ended_at"": 18.0, ""case_opened_at"": 18.0, ""lane_id"": ""sc_0"", ""road_id"": ""sc""}"
cam-1008-veh_007-000022,cam-1008-veh_007-000022,case-intersection-1008-veh_007-benign,root-8319f0a0c0016596183e462b,1008,veh_007,ps-30c2a00c607f04e2,CAM,30.0,498.4,637.5815703349235,16.42204031956848,-0.06687234435695899,498.4,637.5815703349235,16.42204031956848,-0.06687234435695899,nonce-8319f0a0c0016596183e,True,False,benign,False,0,"{""attack_ended_at"": 30.0, ""case_opened_at"": 30.0, ""lane_id"": ""nc_0"", ""road_id"": ""nc""}"
cam-1008-veh_008-000021,cam-1008-veh_008-000021,case-intersection-1008-veh_008-certificate_tamper,root-960982a3df612d9ec7993fd6,1008,veh_008,ps-82218acb1d94705f,CAM,30.0,345.7356096332521,498.4,16.587957075685264,0.041686554062177805,345.7356096332521,498.4,16.587957075685264,0.041686554062177805,nonce-960982a3df612d9ec799,False,False,certificate_tamper,True,0,"{""attack_ended_at"": 76.0, ""case_opened_at"": 24.0, ""lane_id"": ""wc_0"", ""road_id"": ""wc""}"
cam-1008-veh_009-000020,cam-1008-veh_009-000020,case-intersection-1008-veh_009-benign,root-dac22a407e5227ab082f48ec,1008,veh_009,ps-7ceb479c74f04f24,CAM,30.0,719.6100773042149,501.6,13.609863234309541,0.07952667800243951,719.6100773042149,501.6,13.609863234309541,0.07952667800243951,nonce-dac22a407e5227ab082f,True,False,benign,False,0,"{""attack_ended_at"": 30.0, ""case_opened_at"": 30.0, ""lane_id"": ""ec_0"", ""road_id"": ""ec""}"
cam-1008-veh_010-000019-f0,cam-1008-veh_010-000019,case-intersection-1008-veh_010-flood,root-b721080a62bbc3d8c3886e9e,1008,veh_010,ps-3210978143869c35,CAM,30.0,501.6,311.3357477062708,16.043651244626382,-0.2551056880457345,501.6,311.3357477062708,16.043651244626382,-0.2551056880457345,nonce-b721080a62bbc3d8c388,True,False,flood,True,0,"{""attack_ended_at"": 78.0, ""case_opened_at"": 26.0, ""lane_id"": ""sc_0"", ""road_id"": ""sc""}"
cam-1008-veh_010-000019-f1,cam-1008-veh_010-000019,case-intersection-1008-veh_010-flood,root-b721080a62bbc3d8c3886e9e,1008,veh_010,ps-3210978143869c35,CAM,30.0,501.6,311.3357477062708,16.043651244626382,-0.2551056880457345,501.6,311.3357477062708,16.043651244626382,-0.2551056880457345,nonce-b721080a62bbc3d8c388,True,False,flood,True,1,"{""attack_ended_at"": 78.0, ""case_opened_at"": 26.0, ""lane_id"": ""sc_0"", ""road_id"": ""sc""}"
cam-1008-veh_010-000019-f2,cam-1008-veh_010-000019,case-intersection-1008-veh_010-flood,root-b721080a62bbc3d8c3886e9e,1008,veh_010,ps-3210978143869c35,CAM,30.0,501.6,311.3357477062708,16.043651244626382,-0.2551056880457345,501.6,311.3357477062708,16.043651244626382,-0.2551056880457345,nonce-b721080a62bbc3d8c388,True,False,flood,True,2,"{""attack_ended_at"": 78.0, ""case_opened_at"": 26.0, ""lane_id"": ""sc_0"", ""road_id"": ""sc""}"
cam-1008-veh_010-000019-f3,cam-1008-veh_010-000019,case-intersection-1008-veh_010-flood,root-b721080a62bbc3d8c3886e9e,1008,veh_010,ps-3210978143869c35,CAM,30.0,501.6,311.3357477062708,16.043651244626382,-0.2551056880457345,501.6,311.3357477062708,16.043651244626382,-0.2551056880457345,nonce-b721080a62bbc3d8c388,True,False,flood,True,3,"{""attack_ended_at"": 78.0, ""case_opened_at"": 26.0, ""lane_id"": ""sc_0"", ""road_id"": ""sc""}"
cam-1008-veh_010-000019-f4,cam-1008-veh_010-000019,case-intersection-1008-veh_010-flood,root-b721080a62bbc3d8c3886e9e,1008,veh_010,ps-3210978143869c35,CAM,30.0,501.6,311.3357477062708,16.043651244626382,-0.2551056880457345,501.6,311.3357477062708,16.043651244626382,-0.2551056880457345,nonce-b721080a62bbc3d8c388,True,False,flood,True,4,"{""attack_ended_at"": 78.0, ""case_opened_at"": 26.0, ""lane_id"": ""sc_0"", ""road_id"": ""sc""}"
cam-1008-veh_011-000018,cam-1008-veh_011-000018,case-intersection-1008-veh_011-benign,root-febd001c5f64622b057867d9,1008,veh_011,ps-8a5d63d2056fbe7e,CAM,30.0,498.4,725.4099084508782,14.996740509675504,0.07603568832390017,498.4,725.4099084508782,14.996740509675504,0.07603568832390017,nonce-febd001c5f64622b0578,True,False,benign,False,0,"{""attack_ended_at"": 30.0, ""case_opened_at"": 30.0, ""lane_id"": ""nc_0"", ""road_id"": ""nc""}"
cam-1008-veh_012-000017,cam-1008-veh_012-000017,case-intersection-1008-veh_012-false_denm,root-497a3e85bc9db2ea353b25cb,1008,veh_012,ps-d55e51c88c138a2d,CAM,30.0,280.59130211293706,498.4,16.568798412713225,0.07756046609021894,280.59130211293706,498.4,16.568798412713225,0.07756046609021894,nonce-497a3e85bc9db2ea353b,True,False,false_denm,True,0,"{""attack_ended_at"": 80.0, ""case_opened_at"": 28.0, ""lane_id"": ""wc_0"", ""road_id"": ""wc""}"
cam-1008-veh_013-000016,cam-1008-veh_013-000016,case-intersection-1008-veh_013-benign,root-ce2dc16d9ff3f1b0d230c9c2,1008,veh_013,ps-c612038c409b5d43,CAM,30.0,744.5252278583102,501.6,13.93528958634663,-0.6665585379640913,744.5252278583102,501.6,13.93528958634663,-0.6665585379640913,nonce-ce2dc16d9ff3f1b0d230,True,False,benign,False,0,"{""attack_ended_at"": 30.0, ""case_opened_at"": 30.0, ""lane_id"": ""ec_0"", ""road_id"": ""ec""}"
cam-1008-veh_014-000015-m0,cam-1008-veh_014-000015,case-intersection-1008-veh_014-mixed,root-2c23481c3e419c40242619f4,1008,veh_014,ps-1c0f8ece3ddb0b0c,DENM,30.0,501.6,225.1736687002264,14.94006508387012,-0.07538383327424647,546.6,234.1736687002264,22.94006508387012,-0.07538383327424647,nonce-2c23481c3e419c402426,True,True,mixed,True,0,"{""attack_ended_at"": 82.0, ""case_opened_at"": 30.0, ""lane_id"": ""sc_0"", ""road_id"": ""sc""}"
cam-1008-veh_014-000015-m1,cam-1008-veh_014-000015,case-intersection-1008-veh_014-mixed,root-2c23481c3e419c40242619f4,1008,veh_014,ps-1c0f8ece3ddb0b0c,DENM,30.0,501.6,225.1736687002264,14.94006508387012,-0.07538383327424647,546.6,234.1736687002264,22.94006508387012,-0.07538383327424647,nonce-2c23481c3e419c402426,True,True,mixed,True,1,"{""attack_ended_at"": 82.0, ""case_opened_at"": 30.0, ""lane_id"": ""sc_0"", ""road_id"": ""sc""}"
cam-1008-veh_014-000015-m2,cam-1008-veh_014-000015,case-intersection-1008-veh_014-mixed,root-2c23481c3e419c40242619f4,1008,veh_014,ps-1c0f8ece3ddb0b0c,DENM,30.0,501.6,225.1736687002264,14.94006508387012,-0.07538383327424647,546.6,234.1736687002264,22.94006508387012,-0.07538383327424647,nonce-2c23481c3e419c402426,True,True,mixed,True,2,"{""attack_ended_at"": 82.0, ""case_opened_at"": 30.0, ""lane_id"": ""sc_0"", ""road_id"": ""sc""}"
cam-1008-veh_014-000015-m3,cam-1008-veh_014-000015,case-intersection-1008-veh_014-mixed,root-2c23481c3e419c40242619f4,1008,veh_014,ps-1c0f8ece3ddb0b0c,DENM,30.0,501.6,225.1736687002264,14.94006508387012,-0.07538383327424647,546.6,234.1736687002264,22.94006508387012,-0.07538383327424647,nonce-2c23481c3e419c402426,True,True,mixed,True,3,"{""attack_ended_at"": 82.0, ""case_opened_at"": 30.0, ""lane_id"": ""sc_0"", ""road_id"": ""sc""}"
cam-1008-veh_015-000014,cam-1008-veh_015-000014,case-intersection-1008-veh_015-benign,root-d2d535f60ac3782fdee390af,1008,veh_015,ps-77b1c1c85865d133,CAM,30.0,498.4,785.8078650094329,14.988614361643108,-0.2421235207188861,498.4,785.8078650094329,14.988614361643108,-0.2421235207188861,nonce-d2d535f60ac3782fdee3,True,False,benign,False,0,"{""attack_ended_at"": 30.0, ""case_opened_at"": 30.0, ""lane_id"": ""nc_0"", ""road_id"": ""nc""}"
cam-1008-veh_016-000013,cam-1008-veh_016-000013,case-intersection-1008-veh_016-benign,root-a864803675227d2df4e155de,1008,veh_016,ps-1e0348b1d8bfe014,CAM,30.0,213.47529324739244,498.4,15.957162986737679,0.010073793595656966,213.47529324739244,498.4,15.957162986737679,0.010073793595656966,nonce-a864803675227d2df4e1,True,False,benign,False,0,"{""attack_ended_at"": 30.0, ""case_opened_at"": 30.0, ""lane_id"": ""wc_0"", ""road_id"": ""wc""}"
cam-1008-veh_017-000012,cam-1008-veh_017-000012,case-intersection-1008-veh_017-benign,root-1ee2ac222e5b6fcff401c853,1008,veh_017,ps-31646c93226ae98c,CAM,30.0,801.1714162216801,501.6,15.91628313697409,-0.471407912671566,801.1714162216801,501.6,15.91628313697409,-0.471407912671566,nonce-1ee2ac222e5b6fcff401,True,False,benign,False,0,"{""attack_ended_at"": 30.0, ""case_opened_at"": 30.0, ""lane_id"": ""ec_0"", ""road_id"": ""ec""}"
cam-1008-veh_018-000011,cam-1008-veh_018-000011,case-intersection-1008-veh_018-benign,root-20e09d787de41839db78392b,1008,veh_018,ps-55c539e5052cea58,CAM,30.0,501.6,161.76344107228303,14.610123596953201,0.2539494077861306,501.6,161.76344107228303,14.610123596953201,0.2539494077861306,nonce-20e09d787de41839db78,True,False,benign,False,0,"{""attack_ended_at"": 30.0, ""case_opened_at"": 30.0, ""lane_id"": ""sc_0"", ""road_id"": ""sc""}"
cam-1008-veh_019-000010,cam-1008-veh_019-000010,case-intersection-1008-veh_019-benign,root-e400d7e83d76cdb8b8bc2366,1008,veh_019,ps-6e220b4f697c2cd3,CAM,30.0,498.4,846.2796707777711,14.518697109666327,-0.5282121430384006,498.4,846.2796707777711,14.518697109666327,-0.5282121430384006,nonce-e400d7e83d76cdb8b8bc,True,False,benign,False,0,"{""attack_ended_at"": 30.0, ""case_opened_at"": 30.0, ""lane_id"": ""nc_0"", ""road_id"": ""nc""}"
cam-1008-veh_020-000009,cam-1008-veh_020-000009,case-intersection-1008-veh_020-benign,root-8f8d611f7e4ba31967049f8a,1008,veh_020,ps-fb97d0e5da402071,CAM,30.0,148.86337591373362,498.4,16.585992584507913,0.3518677350506181,148.86337591373362,498.4,16.585992584507913,0.3518677350506181,nonce-8f8d611f7e4ba3196704,True,False,benign,False,0,"{""attack_ended_at"": 30.0, ""case_opened_at"": 30.0, ""lane_id"": ""wc_0"", ""road_id"": ""wc""}"
cam-1008-veh_021-000008,cam-1008-veh_021-000008,case-intersection-1008-veh_021-benign,root-0de33a8c3740d4e815bad524,1008,veh_021,ps-7461357a64efe09e,CAM,30.0,866.3386157182796,501.6,15.842328751607987,-0.44991774965543385,866.3386157182796,501.6,15.842328751607987,-0.44991774965543385,nonce-0de33a8c3740d4e815ba,True,False,benign,False,0,"{""attack_ended_at"": 30.0, ""case_opened_at"": 30.0, ""lane_id"": ""ec_0"", ""road_id"": ""ec""}"
cam-1008-veh_022-000007,cam-1008-veh_022-000007,case-intersection-1008-veh_022-benign,root-af3092cd47cf97d275d4d8b4,1008,veh_022,ps-b515230e59090b79,CAM,30.0,501.6,112.13745594340637,15.826110709163325,0.6787344066426169,501.6,112.13745594340637,15.826110709163325,0.6787344066426169,nonce-af3092cd47cf97d275d4,True,False,benign,False,0,"{""attack_ended_at"": 30.0, ""case_opened_at"": 30.0, ""lane_id"": ""sc_0"", ""road_id"": ""sc""}"
cam-1008-veh_023-000006,cam-1008-veh_023-000006,case-intersection-1008-veh_023-benign,root-02386d013ee7b381e3d9a5bb,1008,veh_023,ps-92555cef08137c2d,CAM,30.0,498.4,906.6585939505757,14.527126998884844,-0.23938021803740384,498.4,906.6585939505757,14.527126998884844,-0.23938021803740384,nonce-02386d013ee7b381e3d9,True,False,benign,False,0,"{""attack_ended_at"": 30.0, ""case_opened_at"": 30.0, ""lane_id"": ""nc_0"", ""road_id"": ""nc""}"
cam-1008-veh_000-000030,cam-1008-veh_000-000030,case-intersection-1008-veh_000-benign,root-2286edc27bbec5b58338be3f,1008,veh_000,ps-c836b37964202f27,CAM,31.0,485.30942365485765,498.4,10.081348538093932,-3.7036863782117226,485.30942365485765,498.4,10.081348538093932,-3.7036863782117226,nonce-2286edc27bbec5b58338,True,False,benign,False,0,"{""attack_ended_at"": 31.0, ""case_opened_at"": 31.0, ""lane_id"": ""wc_0"", ""road_id"": ""wc""}"
cam-1008-veh_001-000029,cam-1008-veh_001-000029,case-intersection-1008-veh_001-benign,root-91926c340f2d4d65a58987ec,1008,veh_001,ps-06cf0c7bb8481f37,CAM,31.0,526.0399305767226,501.6,15.166293356145273,-1.0502246929272037,526.0399305767226,501.6,15.166293356145273,-1.0502246929272037,nonce-91926c340f2d4d65a589,True,False,benign,False,0,"{""attack_ended_at"": 31.0, ""case_opened_at"": 31.0, ""lane_id"": ""ec_0"", ""road_id"": ""ec""}"
cam-1008-veh_002-000028,cam-1008-veh_002-000028,case-intersection-1008-veh_002-position_offset,root-b95c9b852d80cbc4eb0060a5,1008,veh_002,ps-c10217be2cfbfbad,CAM,31.0,501.6,403.10435906890297,14.256872489478916,-0.03888870326802163,566.6,419.35435906890297,14.256872489478916,-0.03888870326802163,nonce-b95c9b852d80cbc4eb00,True,False,position_offset,True,0,"{""attack_ended_at"": 70.0, ""case_opened_at"": 18.0, ""lane_id"": ""sc_0"", ""road_id"": ""sc""}"
cam-1008-veh_003-000027,cam-1008-veh_003-000027,case-intersection-1008-veh_003-benign,root-c38fb72d38771577675e2bc9,1008,veh_003,ps-b84d6e13ef43c957,CAM,31.0,498.4,557.9812307719559,16.410325364237654,0.242661468568258,498.4,557.9812307719559,16.410325364237654,0.242661468568258,nonce-c38fb72d38771577675e,True,False,benign,False,0,"{""attack_ended_at"": 31.0, ""case_opened_at"": 31.0, ""lane_id"": ""nc_0"", ""road_id"": ""nc""}"
cam-1008-veh_004-000026,cam-1008-veh_004-000026,case-intersection-1008-veh_004-speed_offset,root-c221b2b610084bf260719ce4,1008,veh_004,ps-a4ec7ac7ed69787f,CAM,31.0,402.7672899222555,498.4,15.493524219695644,0.34414348642341785,402.7672899222555,498.4,26.493524219695644,0.34414348642341785,nonce-c221b2b610084bf26071,True,False,speed_offset,True,0,"{""attack_ended_at"": 72.0, ""case_opened_at"": 20.0, ""lane_id"": ""wc_0"", ""road_id"": ""wc""}"
cam-1008-veh_005-000025,cam-1008-veh_005-000025,case-intersection-1008-veh_005-benign,root-71b5d0b1fc8049cb3d2db4af,1008,veh_005,ps-969b062779822854,CAM,31.0,600.2402451909484,501.6,15.683079278371833,-0.4150502031063663,600.2402451909484,501.6,15.683079278371833,-0.4150502031063663,nonce-71b5d0b1fc8049cb3d2d,True,False,benign,False,0,"{""attack_ended_at"": 31.0, ""case_opened_at"": 31.0, ""lane_id"": ""ec_0"", ""road_id"": ""ec""}"
replay-cam-1008-veh_006-000024,cam-1008-veh_006-000012,case-intersection-1008-veh_006-replay,root-9ea8f4310ed2d98496486915,1008,veh_006,ps-65fe799408ea4704,CAM,19.0,501.6,199.09321528622888,16.294288788237612,-0.34375931270420423,501.6,199.09321528622888,16.294288788237612,-0.34375931270420423,nonce-9ea8f4310ed2d9849648,True,False,replay,True,3,"{""attack_ended_at"": 19.0, ""case_opened_at"": 19.0, ""lane_id"": ""sc_0"", ""road_id"": ""sc""}"
cam-1008-veh_007-000023,cam-1008-veh_007-000023,case-intersection-1008-veh_007-benign,root-569a83fbd4a80c97280f6caf,1008,veh_007,ps-30c2a00c607f04e2,CAM,31.0,498.4,621.6624223376532,15.91914799727034,-0.5028923222981412,498.4,621.6624223376532,15.91914799727034,-0.5028923222981412,nonce-569a83fbd4a80c97280f,True,False,benign,False,0,"{""attack_ended_at"": 31.0, ""case_opened_at"": 31.0, ""lane_id"": ""nc_0"", ""road_id"": ""nc""}"
cam-1008-veh_008-000022,cam-1008-veh_008-000022,case-intersection-1008-veh_008-certificate_tamper,root-31b872a227ad42556b6c03fa,1008,veh_008,ps-82218acb1d94705f,CAM,31.0,362.03413726887675,498.4,16.298527635624634,-0.2894294400606299,362.03413726887675,498.4,16.298527635624634,-0.2894294400606299,nonce-31b872a227ad42556b6c,False,False,certificate_tamper,True,0,"{""attack_ended_at"": 76.0, ""case_opened_at"": 24.0, ""lane_id"": ""wc_0"", ""road_id"": ""wc""}"
cam-1008-veh_009-000021,cam-1008-veh_009-000021,case-intersection-1008-veh_009-benign,root-565cf842c9f0c4c0ac23c6df,1008,veh_009,ps-7ceb479c74f04f24,CAM,31.0,705.7185319548432,501.6,13.89154534937168,0.28168211506213936,705.7185319548432,501.6,13.89154534937168,0.28168211506213936,nonce-565cf842c9f0c4c0ac23,True,False,benign,False,0,"{""attack_ended_at"": 31.0, ""case_opened_at"": 31.0, ""lane_id"": ""ec_0"", ""road_id"": ""ec""}"
cam-1008-veh_010-000020-f0,cam-1008-veh_010-000020,case-intersection-1008-veh_010-flood,root-3b682663e63fd22a48bb8f59,1008,veh_010,ps-3210978143869c35,CAM,31.0,501.6,327.98526325421875,16.64951554794796,0.605864303321578,501.6,327.98526325421875,16.64951554794796,0.605864303321578,nonce-3b682663e63fd22a48bb,True,False,flood,True,0,"{""attack_ended_at"": 78.0, ""case_opened_at"": 26.0, ""lane_id"": ""sc_0"", ""road_id"": ""sc""}"
cam-1008-veh_010-000020-f1,cam-1008-veh_010-000020,case-intersection-1008-veh_010-flood,root-3b682663e63fd22a48bb8f59,1008,veh_010,ps-3210978143869c35,CAM,31.0,501.6,327.98526325421875,16.64951554794796,0.605864303321578,501.6,327.98526325421875,16.64951554794796,0.605864303321578,nonce-3b682663e63fd22a48bb,True,False,flood,True,1,"{""attack_ended_at"": 78.0, ""case_opened_at"": 26.0, ""lane_id"": ""sc_0"", ""road_id"": ""sc""}"
cam-1008-veh_010-000020-f2,cam-1008-veh_010-000020,case-intersection-1008-veh_010-flood,root-3b682663e63fd22a48bb8f59,1008,veh_010,ps-3210978143869c35,CAM,31.0,501.6,327.98526325421875,16.64951554794796,0.605864303321578,501.6,327.98526325421875,16.64951554794796,0.605864303321578,nonce-3b682663e63fd22a48bb,True,False,flood,True,2,"{""attack_ended_at"": 78.0, ""case_opened_at"": 26.0, ""lane_id"": ""sc_0"", ""road_id"": ""sc""}"
cam-1008-veh_010-000020-f3,cam-1008-veh_010-000020,case-intersection-1008-veh_010-flood,root-3b682663e63fd22a48bb8f59,1008,veh_010,ps-3210978143869c35,CAM,31.0,501.6,327.98526325421875,16.64951554794796,0.605864303321578,501.6,327.98526325421875,16.64951554794796,0.605864303321578,nonce-3b682663e63fd22a48bb,True,False,flood,True,3,"{""attack_ended_at"": 78.0, ""case_opened_at"": 26.0, ""lane_id"": ""sc_0"", ""road_id"": ""sc""}"
cam-1008-veh_010-000020-f4,cam-1008-veh_010-000020,case-intersection-1008-veh_010-flood,root-3b682663e63fd22a48bb8f59,1008,veh_010,ps-3210978143869c35,CAM,31.0,501.6,327.98526325421875,16.64951554794796,0.605864303321578,501.6,327.98526325421875,16.64951554794796,0.605864303321578,nonce-3b682663e63fd22a48bb,True,False,flood,True,4,"{""attack_ended_at"": 78.0, ""case_opened_at"": 26.0, ""lane_id"": ""sc_0"", ""road_id"": ""sc""}"
cam-1008-veh_011-000019,cam-1008-veh_011-000019,case-intersection-1008-veh_011-benign,root-2c9e2af91b77fa76c47fab62,1008,veh_011,ps-8a5d63d2056fbe7e,CAM,31.0,498.4,710.1262218174015,15.283686633476677,0.28694612380117235,498.4,710.1262218174015,15.283686633476677,0.28694612380117235,nonce-2c9e2af91b77fa76c47f,True,False,benign,False,0,"{""attack_ended_at"": 31.0, ""case_opened_at"": 31.0, ""lane_id"": ""nc_0"", ""road_id"": ""nc""}"
cam-1008-veh_012-000018,cam-1008-veh_012-000018,case-intersection-1008-veh_012-false_denm,root-6b2f203470cb0533427a43ca,1008,veh_012,ps-d55e51c88c138a2d,CAM,31.0,296.8678799174215,498.4,16.276577804484408,-0.292220608228817,296.8678799174215,498.4,16.276577804484408,-0.292220608228817,nonce-6b2f203470cb0533427a,True,False,false_denm,True,0,"{""attack_ended_at"": 80.0, ""case_opened_at"": 28.0, ""lane_id"": ""wc_0"", ""road_id"": ""wc""}"
cam-1008-veh_013-000017,cam-1008-veh_013-000017,case-intersection-1008-veh_013-benign,root-6cf7e826d6ff6fc74d526ed8,1008,veh_013,ps-c612038c409b5d43,CAM,31.0,730.6613220026417,501.6,13.863905855668522,-0.0713837306781091,730.6613220026417,501.6,13.863905855668522,-0.0713837306781091,nonce-6cf7e826d6ff6fc74d52,True,False,benign,False,0,"{""attack_ended_at"": 31.0, ""case_opened_at"": 31.0, ""lane_id"": ""ec_0"", ""road_id"": ""ec""}"
cam-1008-veh_014-000016-m0,cam-1008-veh_014-000016,case-intersection-1008-veh_014-mixed,root-27b1e13da9c51bd4dac046e4,1008,veh_014,ps-1c0f8ece3ddb0b0c,DENM,31.0,501.6,239.4623649801558,14.288696279929407,-0.6513688039407128,546.6,248.4623649801558,22.288696279929407,-0.6513688039407128,nonce-27b1e13da9c51bd4dac0,True,True,mixed,True,0,"{""attack_ended_at"": 82.0, ""case_opened_at"": 30.0, ""lane_id"": ""sc_0"", ""road_id"": ""sc""}"
cam-1008-veh_014-000016-m1,cam-1008-veh_014-000016,case-intersection-1008-veh_014-mixed,root-27b1e13da9c51bd4dac046e4,1008,veh_014,ps-1c0f8ece3ddb0b0c,DENM,31.0,501.6,239.4623649801558,14.288696279929407,-0.6513688039407128,546.6,248.4623649801558,22.288696279929407,-0.6513688039407128,nonce-27b1e13da9c51bd4dac0,True,True,mixed,True,1,"{""attack_ended_at"": 82.0, ""case_opened_at"": 30.0, ""lane_id"": ""sc_0"", ""road_id"": ""sc""}"
cam-1008-veh_014-000016-m2,cam-1008-veh_014-000016,case-intersection-1008-veh_014-mixed,root-27b1e13da9c51bd4dac046e4,1008,veh_014,ps-1c0f8ece3ddb0b0c,DENM,31.0,501.6,239.4623649801558,14.288696279929407,-0.6513688039407128,546.6,248.4623649801558,22.288696279929407,-0.6513688039407128,nonce-27b1e13da9c51bd4dac0,True,True,mixed,True,2,"{""attack_ended_at"": 82.0, ""case_opened_at"": 30.0, ""lane_id"": ""sc_0"", ""road_id"": ""sc""}"
cam-1008-veh_014-000016-m3,cam-1008-veh_014-000016,case-intersection-1008-veh_014-mixed,root-27b1e13da9c51bd4dac046e4,1008,veh_014,ps-1c0f8ece3ddb0b0c,DENM,31.0,501.6,239.4623649801558,14.288696279929407,-0.6513688039407128,546.6,248.4623649801558,22.288696279929407,-0.6513688039407128,nonce-27b1e13da9c51bd4dac0,True,True,mixed,True,3,"{""attack_ended_at"": 82.0, ""case_opened_at"": 30.0, ""lane_id"": ""sc_0"", ""road_id"": ""sc""}"
cam-1008-veh_015-000015,cam-1008-veh_015-000015,case-intersection-1008-veh_015-benign,root-e243e12679cbf9d8f12289b8,1008,veh_015,ps-77b1c1c85865d133,CAM,31.0,498.4,770.5405814334295,15.267283576003523,0.2786692143604146,498.4,770.5405814334295,15.267283576003523,0.2786692143604146,nonce-e243e12679cbf9d8f122,True,False,benign,False,0,"{""attack_ended_at"": 31.0, ""case_opened_at"": 31.0, ""lane_id"": ""nc_0"", ""road_id"": ""nc""}"
cam-1008-veh_016-000014,cam-1008-veh_016-000014,case-intersection-1008-veh_016-benign,root-98435b095dc6c7e534da8e5e,1008,veh_016,ps-1e0348b1d8bfe014,CAM,31.0,229.41896662000104,498.4,15.943673372608611,-0.013489614129067462,229.41896662000104,498.4,15.943673372608611,-0.013489614129067462,nonce-98435b095dc6c7e534da,True,False,benign,False,0,"{""attack_ended_at"": 31.0, ""case_opened_at"": 31.0, ""lane_id"": ""wc_0"", ""road_id"": ""wc""}"
cam-1008-veh_017-000013,cam-1008-veh_017-000013,case-intersection-1008-veh_017-benign,root-e90b6c1154aa48ceabde011f,1008,veh_017,ps-31646c93226ae98c,CAM,31.0,785.159760286212,501.6,16.011655935468156,0.09537279849406488,785.159760286212,501.6,16.011655935468156,0.09537279849406488,nonce-e90b6c1154aa48ceabde,True,False,benign,False,0,"{""attack_ended_at"": 31.0, ""case_opened_at"": 31.0, ""lane_id"": ""ec_0"", ""road_id"": ""ec""}"
cam-1008-veh_018-000012,cam-1008-veh_018-000012,case-intersection-1008-veh_018-benign,root-bf5a56e3d56f3080e11dde28,1008,veh_018,ps-55c539e5052cea58,CAM,31.0,501.6,175.9035647773395,14.14012370505647,-0.4699998918967321,501.6,175.9035647773395,14.14012370505647,-0.4699998918967321,nonce-bf5a56e3d56f3080e11d,True,False,benign,False,0,"{""attack_ended_at"": 31.0, ""case_opened_at"": 31.0, ""lane_id"": ""sc_0"", ""road_id"": ""sc""}"
cam-1008-veh_019-000011,cam-1008-veh_019-000011,case-intersection-1008-veh_019-benign,root-b7571d3c6673f1dafa2b421f,1008,veh_019,ps-6e220b4f697c2cd3,CAM,31.0,498.4,831.0745330183504,15.205137759420696,0.6864406497543687,498.4,831.0745330183504,15.205137759420696,0.6864406497543687,nonce-b7571d3c6673f1dafa2b,True,False,benign,False,0,"{""attack_ended_at"": 31.0, ""case_opened_at"": 31.0, ""lane_id"": ""nc_0"", ""road_id"": ""nc""}"
cam-1008-veh_020-000010,cam-1008-veh_020-000010,case-intersection-1008-veh_020-benign,root-08d1cb83b1fbc5be4acd1f1d,1008,veh_020,ps-fb97d0e5da402071,CAM,31.0,165.40472597882618,498.4,16.54135006509256,-0.0446425194153548,165.40472597882618,498.4,16.54135006509256,-0.0446425194153548,nonce-08d1cb83b1fbc5be4acd,True,False,benign,False,0,"{""attack_ended_at"": 31.0, ""case_opened_at"": 31.0, ""lane_id"": ""wc_0"", ""road_id"": ""wc""}"
cam-1008-veh_021-000009,cam-1008-veh_021-000009,case-intersection-1008-veh_021-benign,root-d80575804061b71dcfc3d68a,1008,veh_021,ps-7461357a64efe09e,CAM,31.0,850.0606011714241,501.6,16.27801454685554,0.43568579524755435,850.0606011714241,501.6,16.27801454685554,0.43568579524755435,nonce-d80575804061b71dcfc3,True,False,benign,False,0,"{""attack_ended_at"": 31.0, ""case_opened_at"": 31.0, ""lane_id"": ""ec_0"", ""road_id"": ""ec""}"
cam-1008-veh_022-000008,cam-1008-veh_022-000008,case-intersection-1008-veh_022-benign,root-358667b3c4162ca3bac266c0,1008,veh_022,ps-b515230e59090b79,CAM,31.0,501.6,127.73186298892904,15.594407045522669,-0.23170366364065664,501.6,127.73186298892904,15.594407045522669,-0.23170366364065664,nonce-358667b3c4162ca3bac2,True,False,benign,False,0,"{""attack_ended_at"": 31.0, ""case_opened_at"": 31.0, ""lane_id"": ""sc_0"", ""road_id"": ""sc""}"
cam-1008-veh_023-000007,cam-1008-veh_023-000007,case-intersection-1008-veh_023-benign,root-858e3b2068df339145e5d16e,1008,veh_023,ps-92555cef08137c2d,CAM,31.0,498.4,891.5215031848654,15.137090765710228,0.6099637668253841,498.4,891.5215031848654,15.137090765710228,0.6099637668253841,nonce-858e3b2068df339145e5,True,False,benign,False,0,"{""attack_ended_at"": 31.0, ""case_opened_at"": 31.0, ""lane_id"": ""nc_0"", ""road_id"": ""nc""}"
cam-1008-veh_000-000031,cam-1008-veh_000-000031,case-intersection-1008-veh_000-benign,root-5762e0740b91e6d1a87d9154,1008,veh_000,ps-c836b37964202f27,CAM,32.0,490.8907721929516,498.4,5.581348538093932,-4.5,490.8907721929516,498.4,5.581348538093932,-4.5,nonce-5762e0740b91e6d1a87d,True,False,benign,False,0,"{""attack_ended_at"": 32.0, ""case_opened_at"": 32.0, ""lane_id"": ""wc_0"", ""road_id"": ""wc""}"
cam-1008-veh_001-000030,cam-1008-veh_001-000030,case-intersection-1008-veh_001-benign,root-c4bc52746b170fde4d2f9a99,1008,veh_001,ps-06cf0c7bb8481f37,CAM,32.0,515.3736372205774,501.6,10.666293356145273,-4.5,515.3736372205774,501.6,10.666293356145273,-4.5,nonce-c4bc52746b170fde4d2f,True,False,benign,False,0,"{""attack_ended_at"": 32.0, ""case_opened_at"": 32.0, ""lane_id"": ""ec_0"", ""road_id"": ""ec""}"
cam-1008-veh_002-000029,cam-1008-veh_002-000029,case-intersection-1008-veh_002-position_offset,root-8f6115e37eec13a162ddabb8,1008,veh_002,ps-c10217be2cfbfbad,CAM,32.0,501.6,417.3583523310845,14.253993262181536,-0.0028792272973792166,566.6,433.6083523310845,14.253993262181536,-0.0028792272973792166,nonce-8f6115e37eec13a162dd,True,False,position_offset,True,0,"{""attack_ended_at"": 70.0, ""case_opened_at"": 18.0, ""lane_id"": ""sc_0"", ""road_id"": ""sc""}"
cam-1008-veh_003-000028,cam-1008-veh_003-000028,case-intersection-1008-veh_003-benign,root-948fd3f6378e93cd9ab87bd5,1008,veh_003,ps-b84d6e13ef43c957,CAM,32.0,498.4,541.7799963472223,16.20123442473356,-0.20909093950409385,498.4,541.7799963472223,16.20123442473356,-0.20909093950409385,nonce-948fd3f6378e93cd9ab8,True,False,benign,False,0,"{""attack_ended_at"": 32.0, ""case_opened_at"": 32.0, ""lane_id"": ""nc_0"", ""road_id"": ""nc""}"
cam-1008-veh_004-000027,cam-1008-veh_004-000027,case-intersection-1008-veh_004-speed_offset,root-265e385246f2fce6a396c8f1,1008,veh_004,ps-a4ec7ac7ed69787f,CAM,32.0,417.90567826301196,498.4,15.138388340756462,-0.35513587893918164,417.90567826301196,498.4,26.138388340756464,-0.35513587893918164,nonce-265e385246f2fce6a396,True,False,speed_offset,True,0,"{""attack_ended_at"": 72.0, ""case_opened_at"": 20.0, ""lane_id"": ""wc_0"", ""road_id"": ""wc""}"
cam-1008-veh_005-000026,cam-1008-veh_005-000026,case-intersection-1008-veh_005-benign,root-d2809223532e66bed5bb390f,1008,veh_005,ps-969b062779822854,CAM,32.0,584.2868337937869,501.6,15.9534113971615,0.2703321187896659,584.2868337937869,501.6,15.9534113971615,0.2703321187896659,nonce-d2809223532e66bed5bb,True,False,benign,False,0,"{""attack_ended_at"": 32.0, ""case_opened_at"": 32.0, ""lane_id"": ""ec_0"", ""road_id"": ""ec""}"
replay-cam-1008-veh_006-000025,cam-1008-veh_006-000013,case-intersection-1008-veh_006-replay,root-732bbc1af557c50a78ee1969,1008,veh_006,ps-65fe799408ea4704,CAM,20.0,501.6,215.10187627093873,16.00866098470986,-0.28562780352775263,501.6,215.10187627093873,16.00866098470986,-0.28562780352775263,nonce-732bbc1af557c50a78ee,True,False,replay,True,3,"{""attack_ended_at"": 20.0, ""case_opened_at"": 20.0, ""lane_id"": ""sc_0"", ""road_id"": ""sc""}"
cam-1008-veh_007-000024,cam-1008-veh_007-000024,case-intersection-1008-veh_007-benign,root-7f7f3f013d8a892863fb3b98,1008,veh_007,ps-30c2a00c607f04e2,CAM,32.0,498.4,605.3253257883015,16.337096549351703,0.41794855208136283,498.4,605.3253257883015,16.337096549351703,0.41794855208136283,nonce-7f7f3f013d8a892863fb,True,False,benign,False,0,"{""attack_ended_at"": 32.0, ""case_opened_at"": 32.0, ""lane_id"": ""nc_0"", ""road_id"": ""nc""}"
cam-1008-veh_008-000023,cam-1008-veh_008-000023,case-intersection-1008-veh_008-certificate_tamper,root-a5f58e865f6cba692c5456bb,1008,veh_008,ps-82218acb1d94705f,CAM,32.0,378.6612290408184,498.4,16.627091771941632,0.32856413631699866,378.6612290408184,498.4,16.627091771941632,0.32856413631699866,nonce-a5f58e865f6cba692c54,False,False,certificate_tamper,True,0,"{""attack_ended_at"": 76.0, ""case_opened_at"": 24.0, ""lane_id"": ""wc_0"", ""road_id"": ""wc""}"
cam-1008-veh_009-000022,cam-1008-veh_009-000022,case-intersection-1008-veh_009-benign,root-36a1fbcfd32c06a44fda32eb,1008,veh_009,ps-7ceb479c74f04f24,CAM,32.0,692.100077655029,501.6,13.618454299814129,-0.2730910495575518,692.100077655029,501.6,13.618454299814129,-0.2730910495575518,nonce-36a1fbcfd32c06a44fda,True,False,benign,False,0,"{""attack_ended_at"": 32.0, ""case_opened_at"": 32.0, ""lane_id"": ""ec_0"", ""road_id"": ""ec""}"
cam-1008-veh_010-000021-f0,cam-1008-veh_010-000021,case-intersection-1008-veh_010-flood,root-270b3ffb830d74b8845bd839,1008,veh_010,ps-3210978143869c35,CAM,32.0,501.6,344.3517819446884,16.366518690469675,-0.2829968574782846,501.6,344.3517819446884,16.366518690469675,-0.2829968574782846,nonce-270b3ffb830d74b8845b,True,False,flood,True,0,"{""attack_ended_at"": 78.0, ""case_opened_at"": 26.0, ""lane_id"": ""sc_0"", ""road_id"": ""sc""}"
cam-1008-veh_010-000021-f1,cam-1008-veh_010-000021,case-intersection-1008-veh_010-flood,root-270b3ffb830d74b8845bd839,1008,veh_010,ps-3210978143869c35,CAM,32.0,501.6,344.3517819446884,16.366518690469675,-0.2829968574782846,501.6,344.3517819446884,16.366518690469675,-0.2829968574782846,nonce-270b3ffb830d74b8845b,True,False,flood,True,1,"{""attack_ended_at"": 78.0, ""case_opened_at"": 26.0, ""lane_id"": ""sc_0"", ""road_id"": ""sc""}"
cam-1008-veh_010-000021-f2,cam-1008-veh_010-000021,case-intersection-1008-veh_010-flood,root-270b3ffb830d74b8845bd839,1008,veh_010,ps-3210978143869c35,CAM,32.0,501.6,344.3517819446884,16.366518690469675,-0.2829968574782846,501.6,344.3517819446884,16.366518690469675,-0.2829968574782846,nonce-270b3ffb830d74b8845b,True,False,flood,True,2,"{""attack_ended_at"": 78.0, ""case_opened_at"": 26.0, ""lane_id"": ""sc_0"", ""road_id"": ""sc""}"
cam-1008-veh_010-000021-f3,cam-1008-veh_010-000021,case-intersection-1008-veh_010-flood,root-270b3ffb830d74b8845bd839,1008,veh_010,ps-3210978143869c35,CAM,32.0,501.6,344.3517819446884,16.366518690469675,-0.2829968574782846,501.6,344.3517819446884,16.366518690469675,-0.2829968574782846,nonce-270b3ffb830d74b8845b,True,False,flood,True,3,"{""attack_ended_at"": 78.0, ""case_opened_at"": 26.0, ""lane_id"": ""sc_0"", ""road_id"": ""sc""}"
cam-1008-veh_010-000021-f4,cam-1008-veh_010-000021,case-intersection-1008-veh_010-flood,root-270b3ffb830d74b8845bd839,1008,veh_010,ps-3210978143869c35,CAM,32.0,501.6,344.3517819446884,16.366518690469675,-0.2829968574782846,501.6,344.3517819446884,16.366518690469675,-0.2829968574782846,nonce-270b3ffb830d74b8845b,True,False,flood,True,4,"{""attack_ended_at"": 78.0, ""case_opened_at"": 26.0, ""lane_id"": ""sc_0"", ""road_id"": ""sc""}"
cam-1008-veh_011-000020,cam-1008-veh_011-000020,case-intersection-1008-veh_011-benign,root-81f69126abe2c2c205c05268,1008,veh_011,ps-8a5d63d2056fbe7e,CAM,32.0,498.4,694.8587996963333,15.26742212106815,-0.01626451240852589,498.4,694.8587996963333,15.26742212106815,-0.01626451240852589,nonce-81f69126abe2c2c205c0,True,False,benign,False,0,"{""attack_ended_at"": 32.0, ""case_opened_at"": 32.0, ""lane_id"": ""nc_0"", ""road_id"": ""nc""}"
cam-1008-veh_012-000019,cam-1008-veh_012-000019,case-intersection-1008-veh_012-false_denm,root-55f9308a94e6ff7ce35d1644,1008,veh_012,ps-d55e51c88c138a2d,CAM,32.0,312.79087252619223,498.4,15.92299260877073,-0.3535851957136771,312.79087252619223,498.4,15.92299260877073,-0.3535851957136771,nonce-55f9308a94e6ff7ce35d,True,False,false_denm,True,0,"{""attack_ended_at"": 80.0, ""case_opened_at"": 28.0, ""lane_id"": ""wc_0"", ""road_id"": ""wc""}"
cam-1008-veh_013-000018,cam-1008-veh_013-000018,case-intersection-1008-veh_013-benign,root-cde7c2cc2f5674d92808b3bb,1008,veh_013,ps-c612038c409b5d43,CAM,32.0,716.1428844316731,501.6,14.518437570968503,0.6545317152999814,716.1428844316731,501.6,14.518437570968503,0.6545317152999814,nonce-cde7c2cc2f5674d92808,True,False,benign,False,0,"{""attack_ended_at"": 32.0, ""case_opened_at"": 32.0, ""lane_id"": ""ec_0"", ""road_id"": ""ec""}"
cam-1008-veh_014-000017-m0,cam-1008-veh_014-000017,case-intersection-1008-veh_014-mixed,root-3b9ccdaa6f7272b169e96385,1008,veh_014,ps-1c0f8ece3ddb0b0c,DENM,32.0,501.6,254.23401265989952,14.771647679743745,0.482951399814338,546.6,263.2340126598995,22.771647679743744,0.482951399814338,nonce-3b9ccdaa6f7272b169e9,True,True,mixed,True,0,"{""attack_ended_at"": 82.0, ""case_opened_at"": 30.0, ""lane_id"": ""sc_0"", ""road_id"": ""sc""}"
cam-1008-veh_014-000017-m1,cam-1008-veh_014-000017,case-intersection-1008-veh_014-mixed,root-3b9ccdaa6f7272b169e96385,1008,veh_014,ps-1c0f8ece3ddb0b0c,DENM,32.0,501.6,254.23401265989952,14.771647679743745,0.482951399814338,546.6,263.2340126598995,22.771647679743744,0.482951399814338,nonce-3b9ccdaa6f7272b169e9,True,True,mixed,True,1,"{""attack_ended_at"": 82.0, ""case_opened_at"": 30.0, ""lane_id"": ""sc_0"", ""road_id"": ""sc""}"
cam-1008-veh_014-000017-m2,cam-1008-veh_014-000017,case-intersection-1008-veh_014-mixed,root-3b9ccdaa6f7272b169e96385,1008,veh_014,ps-1c0f8ece3ddb0b0c,DENM,32.0,501.6,254.23401265989952,14.771647679743745,0.482951399814338,546.6,263.2340126598995,22.771647679743744,0.482951399814338,nonce-3b9ccdaa6f7272b169e9,True,True,mixed,True,2,"{""attack_ended_at"": 82.0, ""case_opened_at"": 30.0, ""lane_id"": ""sc_0"", ""road_id"": ""sc""}"
cam-1008-veh_014-000017-m3,cam-1008-veh_014-000017,case-intersection-1008-veh_014-mixed,root-3b9ccdaa6f7272b169e96385,1008,veh_014,ps-1c0f8ece3ddb0b0c,DENM,32.0,501.6,254.23401265989952,14.771647679743745,0.482951399814338,546.6,263.2340126598995,22.771647679743744,0.482951399814338,nonce-3b9ccdaa6f7272b169e9,True,True,mixed,True,3,"{""attack_ended_at"": 82.0, ""case_opened_at"": 30.0, ""lane_id"": ""sc_0"", ""road_id"": ""sc""}"
cam-1008-veh_015-000016,cam-1008-veh_015-000016,case-intersection-1008-veh_015-benign,root-84f9fbe8f54230ce6f606d77,1008,veh_015,ps-77b1c1c85865d133,CAM,32.0,498.4,755.3120951076762,15.228486325753169,-0.03879725025035441,498.4,755.3120951076762,15.228486325753169,-0.03879725025035441,nonce-84f9fbe8f54230ce6f60,True,False,benign,False,0,"{""attack_ended_at"": 32.0, ""case_opened_at"": 32.0, ""lane_id"": ""nc_0"", ""road_id"": ""nc""}"
cam-1008-veh_016-000015,cam-1008-veh_016-000015,case-intersection-1008-veh_016-benign,root-7c0ca19f9dfb45a87b09da1b,1008,veh_016,ps-1e0348b1d8bfe014,CAM,32.0,245.33516714699104,498.4,15.916200526989998,-0.02747284561861285,245.33516714699104,498.4,15.916200526989998,-0.02747284561861285,nonce-7c0ca19f9dfb45a87b09,True,False,benign,False,0,"{""attack_ended_at"": 32.0, ""case_opened_at"": 32.0, ""lane_id"": ""wc_0"", ""road_id"": ""wc""}"
cam-1008-veh_017-000014,cam-1008-veh_017-000014,case-intersection-1008-veh_017-benign,root-c95065581f5c8885e2189950,1008,veh_017,ps-31646c93226ae98c,CAM,32.0,769.1366680338746,501.6,16.023092252337374,0.011436316869218643,769.1366680338746,501.6,16.023092252337374,0.011436316869218643,nonce-c95065581f5c8885e218,True,False,benign,False,0,"{""attack_ended_at"": 32.0, ""case_opened_at"": 32.0, ""lane_id"": ""ec_0"", ""road_id"": ""ec""}"
cam-1008-veh_018-000013,cam-1008-veh_018-000013,case-intersection-1008-veh_018-benign,root-30ccf90ac339d14762b2921e,1008,veh_018,ps-55c539e5052cea58,CAM,32.0,501.6,190.1714914815879,14.267926704248387,0.12780299919191762,501.6,190.1714914815879,14.267926704248387,0.12780299919191762,nonce-30ccf90ac339d14762b2,True,False,benign,False,0,"{""attack_ended_at"": 32.0, ""case_opened_at"": 32.0, ""lane_id"": ""sc_0"", ""road_id"": ""sc""}"
cam-1008-veh_019-000012,cam-1008-veh_019-000012,case-intersection-1008-veh_019-benign,root-6f43496a0608bf7914773017,1008,veh_019,ps-6e220b4f697c2cd3,CAM,32.0,498.4,816.0883861596698,14.986146858680668,-0.21899090074002814,498.4,816.0883861596698,14.986146858680668,-0.21899090074002814,nonce-6f43496a0608bf791477,True,False,benign,False,0,"{""attack_ended_at"": 32.0, ""case_opened_at"": 32.0, ""lane_id"": ""nc_0"", ""road_id"": ""nc""}"
cam-1008-veh_020-000011,cam-1008-veh_020-000011,case-intersection-1008-veh_020-benign,root-1dc3ec501adae6080579b65d,1008,veh_020,ps-fb97d0e5da402071,CAM,32.0,181.3911773784319,498.4,15.986451399605723,-0.5548986654868351,181.3911773784319,498.4,15.986451399605723,-0.5548986654868351,nonce-1dc3ec501adae6080579,True,False,benign,False,0,"{""attack_ended_at"": 32.0, ""case_opened_at"": 32.0, ""lane_id"": ""wc_0"", ""road_id"": ""wc""}"
cam-1008-veh_021-000010,cam-1008-veh_021-000010,case-intersection-1008-veh_021-benign,root-970bbf7f011e6a70e12a104a,1008,veh_021,ps-7461357a64efe09e,CAM,32.0,833.6598735674817,501.6,16.400727603942347,0.12271305708680558,833.6598735674817,501.6,16.400727603942347,0.12271305708680558,nonce-970bbf7f011e6a70e12a,True,False,benign,False,0,"{""attack_ended_at"": 32.0, ""case_opened_at"": 32.0, ""lane_id"": ""ec_0"", ""road_id"": ""ec""}"
cam-1008-veh_022-000009,cam-1008-veh_022-000009,case-intersection-1008-veh_022-benign,root-c2d549ad015b985db39fd9d9,1008,veh_022,ps-b515230e59090b79,CAM,32.0,501.6,143.12664903718394,15.394786048254895,-0.1996209972677736,501.6,143.12664903718394,15.394786048254895,-0.1996209972677736,nonce-c2d549ad015b985db39f,True,False,benign,False,0,"{""attack_ended_at"": 32.0, ""case_opened_at"": 32.0, ""lane_id"": ""sc_0"", ""road_id"": ""sc""}"
cam-1008-veh_023-000008,cam-1008-veh_023-000008,case-intersection-1008-veh_023-benign,root-71d512af6e6bbe3194454002,1008,veh_023,ps-92555cef08137c2d,CAM,32.0,498.4,876.8935502818804,14.627952902985045,-0.5091378627251828,498.4,876.8935502818804,14.627952902985045,-0.5091378627251828,nonce-71d512af6e6bbe319445,True,False,benign,False,0,"{""attack_ended_at"": 32.0, ""case_opened_at"": 32.0, ""lane_id"": ""nc_0"", ""road_id"": ""nc""}"
cam-1008-veh_000-000032,cam-1008-veh_000-000032,case-intersection-1008-veh_000-benign,root-7275e680e7ba89b5c73630dc,1008,veh_000,ps-c836b37964202f27,CAM,33.0,492.1807205526822,498.4,1.289948359730607,-4.291400178363325,492.1807205526822,498.4,1.289948359730607,-4.291400178363325,nonce-7275e680e7ba89b5c736,True,False,benign,False,0,"{""attack_ended_at"": 33.0, ""case_opened_at"": 33.0, ""lane_id"": ""wc_0"", ""road_id"": ""wc""}"
cam-1008-veh_001-000031,cam-1008-veh_001-000031,case-intersection-1008-veh_001-benign,root-87b73eac6942534537db9f0b,1008,veh_001,ps-06cf0c7bb8481f37,CAM,33.0,509.20734386443206,501.6,6.166293356145273,-4.5,509.20734386443206,501.6,6.166293356145273,-4.5,nonce-87b73eac6942534537db,True,False,benign,False,0,"{""attack_ended_at"": 33.0, ""case_opened_at"": 33.0, ""lane_id"": ""ec_0"", ""road_id"": ""ec""}"
cam-1008-veh_002-000030,cam-1008-veh_002-000030,case-intersection-1008-veh_002-position_offset,root-d1380caa765c26d6a681c04d,1008,veh_002,ps-c10217be2cfbfbad,CAM,33.0,501.6,431.6779444784968,14.319592147412255,0.06559888523071855,566.6,447.9279444784968,14.319592147412255,0.06559888523071855,nonce-d1380caa765c26d6a681,True,False,position_offset,True,0,"{""attack_ended_at"": 70.0, ""case_opened_at"": 18.0, ""lane_id"": ""sc_0"", ""road_id"": ""sc""}"
cam-1008-veh_003-000029,cam-1008-veh_003-000029,case-intersection-1008-veh_003-benign,root-290a0e308881c379c711846d,1008,veh_003,ps-b84d6e13ef43c957,CAM,33.0,498.4,525.7572483003371,16.022748046885248,-0.17848637784831212,498.4,525.7572483003371,16.022748046885248,-0.17848637784831212,nonce-290a0e308881c379c711,True,False,benign,False,0,"{""attack_ended_at"": 33.0, ""case_opened_at"": 33.0, ""lane_id"": ""nc_0"", ""road_id"": ""nc""}"
cam-1008-veh_004-000028,cam-1008-veh_004-000028,case-intersection-1008-veh_004-speed_offset,root-2540c35592d866e5b5eb3c22,1008,veh_004,ps-a4ec7ac7ed69787f,CAM,33.0,433.2037455190884,498.4,15.298067256076425,0.15967891531996337,433.2037455190884,498.4,26.298067256076425,0.15967891531996337,nonce-2540c35592d866e5b5eb,True,False,speed_offset,True,0,"{""attack_ended_at"": 72.0, ""case_opened_at"": 20.0, ""lane_id"": ""wc_0"", ""road_id"": ""wc""}"
cam-1008-veh_005-000027,cam-1008-veh_005-000027,case-intersection-1008-veh_005-benign,root-f94bb7b521fa5d801e893c95,1008,veh_005,ps-969b062779822854,CAM,33.0,568.2181366383611,501.6,16.068697155425863,0.11528575826436338,568.2181366383611,501.6,16.068697155425863,0.11528575826436338,nonce-f94bb7b521fa5d801e89,True,False,benign,False,0,"{""attack_ended_at"": 33.0, ""case_opened_at"": 33.0, ""lane_id"": ""ec_0"", ""road_id"": ""ec""}"
replay-cam-1008-veh_006-000026,cam-1008-veh_006-000014,case-intersection-1008-veh_006-replay,root-e6073782afc54a5381804d00,1008,veh_006,ps-65fe799408ea4704,CAM,21.0,501.6,231.44104983772158,16.339173566782847,0.3305125820729877,501.6,231.44104983772158,16.339173566782847,0.3305125820729877,nonce-e6073782afc54a538180,True,False,replay,True,3,"{""attack_ended_at"": 21.0, ""case_opened_at"": 21.0, ""lane_id"": ""sc_0"", ""road_id"": ""sc""}"
cam-1008-veh_007-000025,cam-1008-veh_007-000025,case-intersection-1008-veh_007-benign,root-e1a4a71eaccfd021aeb21c90,1008,veh_007,ps-30c2a00c607f04e2,CAM,33.0,498.4,588.9166577472679,16.40866804103367,0.07157149168196852,498.4,588.9166577472679,16.40866804103367,0.07157149168196852,nonce-e1a4a71eaccfd021aeb2,True,False,benign,False,0,"{""attack_ended_at"": 33.0, ""case_opened_at"": 33.0, ""lane_id"": ""nc_0"", ""road_id"": ""nc""}"
cam-1008-veh_008-000024,cam-1008-veh_008-000024,case-intersection-1008-veh_008-certificate_tamper,root-4bb5da882e92326708ecccf3,1008,veh_008,ps-82218acb1d94705f,CAM,33.0,395.2770370728617,498.4,16.61580803204328,-0.011283739898352962,395.2770370728617,498.4,16.61580803204328,-0.011283739898352962,nonce-4bb5da882e92326708ec,False,False,certificate_tamper,True,0,"{""attack_ended_at"": 76.0, ""case_opened_at"": 24.0, ""lane_id"": ""wc_0"", ""road_id"": ""wc""}"
cam-1008-veh_009-000023,cam-1008-veh_009-000023,case-intersection-1008-veh_009-benign,root-253829223d913073207ef4fc,1008,veh_009,ps-7ceb479c74f04f24,CAM,33.0,678.6142119556288,501.6,13.485865699400255,-0.13258860041387344,678.6142119556288,501.6,13.485865699400255,-0.13258860041387344,nonce-253829223d913073207e,True,False,benign,False,0,"{""attack_ended_at"": 33.0, ""case_opened_at"": 33.0, ""lane_id"": ""ec_0"", ""road_id"": ""ec""}"
cam-1008-veh_010-000022-f0,cam-1008-veh_010-000022,case-intersection-1008-veh_010-flood,root-cf1d2eb8e8af428f326b2b9f,1008,veh_010,ps-3210978143869c35,CAM,33.0,501.6,360.98329502075444,16.631513076066042,0.264994385596367,501.6,360.98329502075444,16.631513076066042,0.264994385596367,nonce-cf1d2eb8e8af428f326b,True,False,flood,True,0,"{""attack_ended_at"": 78.0, ""case_opened_at"": 26.0, ""lane_id"": ""sc_0"", ""road_id"": ""sc""}"
cam-1008-veh_010-000022-f1,cam-1008-veh_010-000022,case-intersection-1008-veh_010-flood,root-cf1d2eb8e8af428f326b2b9f,1008,veh_010,ps-3210978143869c35,CAM,33.0,501.6,360.98329502075444,16.631513076066042,0.264994385596367,501.6,360.98329502075444,16.631513076066042,0.264994385596367,nonce-cf1d2eb8e8af428f326b,True,False,flood,True,1,"{""attack_ended_at"": 78.0, ""case_opened_at"": 26.0, ""lane_id"": ""sc_0"", ""road_id"": ""sc""}"
cam-1008-veh_010-000022-f2,cam-1008-veh_010-000022,case-intersection-1008-veh_010-flood,root-cf1d2eb8e8af428f326b2b9f,1008,veh_010,ps-3210978143869c35,CAM,33.0,501.6,360.98329502075444,16.631513076066042,0.264994385596367,501.6,360.98329502075444,16.631513076066042,0.264994385596367,nonce-cf1d2eb8e8af428f326b,True,False,flood,True,2,"{""attack_ended_at"": 78.0, ""case_opened_at"": 26.0, ""lane_id"": ""sc_0"", ""road_id"": ""sc""}"
cam-1008-veh_010-000022-f3,cam-1008-veh_010-000022,case-intersection-1008-veh_010-flood,root-cf1d2eb8e8af428f326b2b9f,1008,veh_010,ps-3210978143869c35,CAM,33.0,501.6,360.98329502075444,16.631513076066042,0.264994385596367,501.6,360.98329502075444,16.631513076066042,0.264994385596367,nonce-cf1d2eb8e8af428f326b,True,False,flood,True,3,"{""attack_ended_at"": 78.0, ""case_opened_at"": 26.0, ""lane_id"": ""sc_0"", ""road_id"": ""sc""}"
cam-1008-veh_010-000022-f4,cam-1008-veh_010-000022,case-intersection-1008-veh_010-flood,root-cf1d2eb8e8af428f326b2b9f,1008,veh_010,ps-3210978143869c35,CAM,33.0,501.6,360.98329502075444,16.631513076066042,0.264994385596367,501.6,360.98329502075444,16.631513076066042,0.264994385596367,nonce-cf1d2eb8e8af428f326b,True,False,flood,True,4,"{""attack_ended_at"": 78.0, ""case_opened_at"": 26.0, ""lane_id"": ""sc_0"", ""road_id"": ""sc""}"
cam-1008-veh_011-000021,cam-1008-veh_011-000021,case-intersection-1008-veh_011-benign,root-a2fea60f150882f7af7b04b9,1008,veh_011,ps-8a5d63d2056fbe7e,CAM,33.0,498.4,679.8478468277426,15.010952868590751,-0.25646925247739993,498.4,679.8478468277426,15.010952868590751,-0.25646925247739993,nonce-a2fea60f150882f7af7b,True,False,benign,False,0,"{""attack_ended_at"": 33.0, ""case_opened_at"": 33.0, ""lane_id"": ""nc_0"", ""road_id"": ""nc""}"
cam-1008-veh_012-000020,cam-1008-veh_012-000020,case-intersection-1008-veh_012-false_denm,root-fe74d72ac6779452d5426294,1008,veh_012,ps-d55e51c88c138a2d,DENM,33.0,329.263231674703,498.4,16.472359148510733,0.5493665397400029,329.263231674703,498.4,16.472359148510733,0.5493665397400029,nonce-fe74d72ac6779452d542,True,True,false_denm,True,0,"{""attack_ended_at"": 80.0, ""case_opened_at"": 28.0, ""lane_id"": ""wc_0"", ""road_id"": ""wc""}"
cam-1008-veh_013-000019,cam-1008-veh_013-000019,case-intersection-1008-veh_013-benign,root-a952fd3d773b4efb15170040,1008,veh_013,ps-c612038c409b5d43,CAM,33.0,702.3536657257018,501.6,13.789218705971399,-0.7292188649971045,702.3536657257018,501.6,13.789218705971399,-0.7292188649971045,nonce-a952fd3d773b4efb1517,True,False,benign,False,0,"{""attack_ended_at"": 33.0, ""case_opened_at"": 33.0, ""lane_id"": ""ec_0"", ""road_id"": ""ec""}"
cam-1008-veh_014-000018-m0,cam-1008-veh_014-000018,case-intersection-1008-veh_014-mixed,root-f41b5bf506358bbe3548bb77,1008,veh_014,ps-1c0f8ece3ddb0b0c,DENM,33.0,501.6,268.9677752346946,14.73376257479509,-0.03788510494865527,546.6,277.9677752346946,22.73376257479509,-0.03788510494865527,nonce-f41b5bf506358bbe3548,True,True,mixed,True,0,"{""attack_ended_at"": 82.0, ""case_opened_at"": 30.0, ""lane_id"": ""sc_0"", ""road_id"": ""sc""}"
cam-1008-veh_014-000018-m1,cam-1008-veh_014-000018,case-intersection-1008-veh_014-mixed,root-f41b5bf506358bbe3548bb77,1008,veh_014,ps-1c0f8ece3ddb0b0c,DENM,33.0,501.6,268.9677752346946,14.73376257479509,-0.03788510494865527,546.6,277.9677752346946,22.73376257479509,-0.03788510494865527,nonce-f41b5bf506358bbe3548,True,True,mixed,True,1,"{""attack_ended_at"": 82.0, ""case_opened_at"": 30.0, ""lane_id"": ""sc_0"", ""road_id"": ""sc""}"
cam-1008-veh_014-000018-m2,cam-1008-veh_014-000018,case-intersection-1008-veh_014-mixed,root-f41b5bf506358bbe3548bb77,1008,veh_014,ps-1c0f8ece3ddb0b0c,DENM,33.0,501.6,268.9677752346946,14.73376257479509,-0.03788510494865527,546.6,277.9677752346946,22.73376257479509,-0.03788510494865527,nonce-f41b5bf506358bbe3548,True,True,mixed,True,2,"{""attack_ended_at"": 82.0, ""case_opened_at"": 30.0, ""lane_id"": ""sc_0"", ""road_id"": ""sc""}"
cam-1008-veh_014-000018-m3,cam-1008-veh_014-000018,case-intersection-1008-veh_014-mixed,root-f41b5bf506358bbe3548bb77,1008,veh_014,ps-1c0f8ece3ddb0b0c,DENM,33.0,501.6,268.9677752346946,14.73376257479509,-0.03788510494865527,546.6,277.9677752346946,22.73376257479509,-0.03788510494865527,nonce-f41b5bf506358bbe3548,True,True,mixed,True,3,"{""attack_ended_at"": 82.0, ""case_opened_at"": 30.0, ""lane_id"": ""sc_0"", ""road_id"": ""sc""}"
cam-1008-veh_015-000017,cam-1008-veh_015-000017,case-intersection-1008-veh_015-benign,root-2981171fd730bb873ddaab97,1008,veh_015,ps-77b1c1c85865d133,CAM,33.0,498.4,740.6514502713824,14.660644836293782,-0.5678414894593864,498.4,740.6514502713824,14.660644836293782,-0.5678414894593864,nonce-2981171fd730bb873dda,True,False,benign,False,0,"{""attack_ended_at"": 33.0, ""case_opened_at"": 33.0, ""lane_id"": ""nc_0"", ""road_id"": ""nc""}"
cam-1008-veh_016-000016,cam-1008-veh_016-000016,case-intersection-1008-veh_016-benign,root-92c24e0f82b58b4e183640b9,1008,veh_016,ps-1e0348b1d8bfe014,CAM,33.0,261.6303462521686,498.4,16.295179105177525,0.37897857818752634,261.6303462521686,498.4,16.295179105177525,0.37897857818752634,nonce-92c24e0f82b58b4e1836,True,False,benign,False,0,"{""attack_ended_at"": 33.0, ""case_opened_at"": 33.0, ""lane_id"": ""wc_0"", ""road_id"": ""wc""}"
cam-1008-veh_017-000015,cam-1008-veh_017-000015,case-intersection-1008-veh_017-benign,root-3e2b8941ca8f80bad14f4b09,1008,veh_017,ps-31646c93226ae98c,CAM,33.0,753.1834810323408,501.6,15.953187001533808,-0.06990525080356669,753.1834810323408,501.6,15.953187001533808,-0.06990525080356669,nonce-3e2b8941ca8f80bad14f,True,False,benign,False,0,"{""attack_ended_at"": 33.0, ""case_opened_at"": 33.0, ""lane_id"": ""ec_0"", ""road_id"": ""ec""}"
cam-1008-veh_018-000014,cam-1008-veh_018-000014,case-intersection-1008-veh_018-benign,root-11c6ac8af3aee94fe6c6768b,1008,veh_018,ps-55c539e5052cea58,CAM,33.0,501.6,204.72247715575958,14.550985674171683,0.28305896992329593,501.6,204.72247715575958,14.550985674171683,0.28305896992329593,nonce-11c6ac8af3aee94fe6c6,True,False,benign,False,0,"{""attack_ended_at"": 33.0, ""case_opened_at"": 33.0, ""lane_id"": ""sc_0"", ""road_id"": ""sc""}"
cam-1008-veh_019-000013,cam-1008-veh_019-000013,case-intersection-1008-veh_019-benign,root-e78d6476b9f420f699da0251,1008,veh_019,ps-6e220b4f697c2cd3,CAM,33.0,498.4,801.1545802180549,14.933805941614928,-0.052340917065739845,498.4,801.1545802180549,14.933805941614928,-0.052340917065739845,nonce-e78d6476b9f420f699da,True,False,benign,False,0,"{""attack_ended_at"": 33.0, ""case_opened_at"": 33.0, ""lane_id"": ""nc_0"", ""road_id"": ""nc""}"
cam-1008-veh_020-000012,cam-1008-veh_020-000012,case-intersection-1008-veh_020-benign,root-94fe316dbd9d8b30dbbee6b1,1008,veh_020,ps-fb97d0e5da402071,CAM,33.0,197.48729214525318,498.4,16.096114766821266,0.1096633672155427,197.48729214525318,498.4,16.096114766821266,0.1096633672155427,nonce-94fe316dbd9d8b30dbbe,True,False,benign,False,0,"{""attack_ended_at"": 33.0, ""case_opened_at"": 33.0, ""lane_id"": ""wc_0"", ""road_id"": ""wc""}"
cam-1008-veh_021-000011,cam-1008-veh_021-000011,case-intersection-1008-veh_021-benign,root-40f5db78da6594a8e6482ef8,1008,veh_021,ps-7461357a64efe09e,CAM,33.0,817.1906057467386,501.6,16.469267820743102,0.06854021680075562,817.1906057467386,501.6,16.469267820743102,0.06854021680075562,nonce-40f5db78da6594a8e648,True,False,benign,False,0,"{""attack_ended_at"": 33.0, ""case_opened_at"": 33.0, ""lane_id"": ""ec_0"", ""road_id"": ""ec""}"
cam-1008-veh_022-000010,cam-1008-veh_022-000010,case-intersection-1008-veh_022-benign,root-83f9209da594a10bd5410ddc,1008,veh_022,ps-b515230e59090b79,CAM,33.0,501.6,158.83030459481915,15.703655557635205,0.30886950938031,501.6,158.83030459481915,15.703655557635205,0.30886950938031,nonce-83f9209da594a10bd541,True,False,benign,False,0,"{""attack_ended_at"": 33.0, ""case_opened_at"": 33.0, ""lane_id"": ""sc_0"", ""road_id"": ""sc""}"
cam-1008-veh_023-000009,cam-1008-veh_023-000009,case-intersection-1008-veh_023-benign,root-c9de0509c59c5352884dd195,1008,veh_023,ps-92555cef08137c2d,CAM,33.0,498.4,861.6859279963278,15.207622285552564,0.5796693825675181,498.4,861.6859279963278,15.207622285552564,0.5796693825675181,nonce-c9de0509c59c5352884d,True,False,benign,False,0,"{""attack_ended_at"": 33.0, ""case_opened_at"": 33.0, ""lane_id"": ""nc_0"", ""road_id"": ""nc""}"
cam-1008-veh_000-000033,cam-1008-veh_000-000033,case-intersection-1008-veh_000-benign,root-f0ee7a7697d1ed04f7a36863,1008,veh_000,ps-c836b37964202f27,CAM,34.0,492.6196897434274,498.4,0.4389691907451675,-0.8509791689854395,492.6196897434274,498.4,0.4389691907451675,-0.8509791689854395,nonce-f0ee7a7697d1ed04f7a3,True,False,benign,False,0,"{""attack_ended_at"": 34.0, ""case_opened_at"": 34.0, ""lane_id"": ""wc_0"", ""road_id"": ""wc""}"
cam-1008-veh_001-000032,cam-1008-veh_001-000032,case-intersection-1008-veh_001-benign,root-45d60e64ff6b52099a4ab0f5,1008,veh_001,ps-06cf0c7bb8481f37,CAM,34.0,507.5410505082868,501.6,1.6662933561452729,-4.5,507.5410505082868,501.6,1.6662933561452729,-4.5,nonce-45d60e64ff6b52099a4a,True,False,benign,False,0,"{""attack_ended_at"": 34.0, ""case_opened_at"": 34.0, ""lane_id"": ""ec_0"", ""road_id"": ""ec""}"
cam-1008-veh_002-000031,cam-1008-veh_002-000031,case-intersection-1008-veh_002-position_offset,root-056917e38a67cb8fe497785b,1008,veh_002,ps-c10217be2cfbfbad,CAM,34.0,501.6,445.96540615525134,14.287461676754535,-0.03213047065771946,566.6,462.21540615525134,14.287461676754535,-0.03213047065771946,nonce-056917e38a67cb8fe497,True,False,position_offset,True,0,"{""attack_ended_at"": 70.0, ""case_opened_at"": 18.0, ""lane_id"": ""sc_0"", ""road_id"": ""sc""}"
cam-1008-veh_003-000030,cam-1008-veh_003-000030,case-intersection-1008-veh_003-benign,root-6d9b389cff8b5a15a69bc692,1008,veh_003,ps-b84d6e13ef43c957,CAM,34.0,498.4,509.0897758384839,16.66747246185318,0.6447244149679321,498.4,509.0897758384839,16.66747246185318,0.6447244149679321,nonce-6d9b389cff8b5a15a69b,True,False,benign,False,0,"{""attack_ended_at"": 34.0, ""case_opened_at"": 34.0, ""lane_id"": ""nc_0"", ""road_id"": ""nc""}"
cam-1008-veh_004-000029,cam-1008-veh_004-000029,case-intersection-1008-veh_004-speed_offset,root-62b4cce16a0b0fbc4102ed96,1008,veh_004,ps-a4ec7ac7ed69787f,CAM,34.0,448.51224585947296,498.4,15.308500340384596,0.010433084308170137,448.51224585947296,498.4,26.308500340384597,0.010433084308170137,nonce-62b4cce16a0b0fbc4102,True,False,speed_offset,True,0,"{""attack_ended_at"": 72.0, ""case_opened_at"": 20.0, ""lane_id"": ""wc_0"", ""road_id"": ""wc""}"
cam-1008-veh_005-000028,cam-1008-veh_005-000028,case-intersection-1008-veh_005-benign,root-f244f3a8d336be2205921f47,1008,veh_005,ps-969b062779822854,CAM,34.0,552.2506974039036,501.6,15.967439234457515,-0.10125792096834729,552.2506974039036,501.6,15.967439234457515,-0.10125792096834729,nonce-f244f3a8d336be220592,True,False,benign,False,0,"{""attack_ended_at"": 34.0, ""case_opened_at"": 34.0, ""lane_id"": ""ec_0"", ""road_id"": ""ec""}"
replay-cam-1008-veh_006-000027,cam-1008-veh_006-000011,case-intersection-1008-veh_006-replay,root-698ab643fc75e30c21ee9766,1008,veh_006,ps-65fe799408ea4704,CAM,18.0,501.6,182.79892649799126,16.638048100941816,0.2891036247694849,501.6,182.79892649799126,16.638048100941816,0.2891036247694849,nonce-698ab643fc75e30c21ee,True,False,replay,True,4,"{""attack_ended_at"": 18.0, ""case_opened_at"": 18.0, ""lane_id"": ""sc_0"", ""road_id"": ""sc""}"
cam-1008-veh_007-000026,cam-1008-veh_007-000026,case-intersection-1008-veh_007-benign,root-fa9a750903a27d452b3de0e5,1008,veh_007,ps-30c2a00c607f04e2,CAM,34.0,498.4,572.5341617353122,16.382496011955666,-0.026172029078004755,498.4,572.5341617353122,16.382496011955666,-0.026172029078004755,nonce-fa9a750903a27d452b3d,True,False,benign,False,0,"{""attack_ended_at"": 34.0, ""case_opened_at"": 34.0, ""lane_id"": ""nc_0"", ""road_id"": ""nc""}"
cam-1008-veh_008-000025,cam-1008-veh_008-000025,case-intersection-1008-veh_008-certificate_tamper,root-40f94ee334a3e1394fee327e,1008,veh_008,ps-82218acb1d94705f,CAM,34.0,411.65956632414844,498.4,16.382529251286762,-0.23327878075651753,411.65956632414844,498.4,16.382529251286762,-0.23327878075651753,nonce-40f94ee334a3e1394fee,False,False,certificate_tamper,True,0,"{""attack_ended_at"": 76.0, ""case_opened_at"": 24.0, ""lane_id"": ""wc_0"", ""road_id"": ""wc""}"
cam-1008-veh_009-000024,cam-1008-veh_009-000024,case-intersection-1008-veh_009-benign,root-e4247f1d1ea3e8fc05bc3019,1008,veh_009,ps-7ceb479c74f04f24,CAM,34.0,664.48918535757,501.6,14.125026598058701,0.6391608986584458,664.48918535757,501.6,14.125026598058701,0.6391608986584458,nonce-e4247f1d1ea3e8fc05bc,True,False,benign,False,0,"{""attack_ended_at"": 34.0, ""case_opened_at"": 34.0, ""lane_id"": ""ec_0"", ""road_id"": ""ec""}"
cam-1008-veh_010-000023-f0,cam-1008-veh_010-000023,case-intersection-1008-veh_010-flood,root-b426fe5bebd716b0d9551c24,1008,veh_010,ps-3210978143869c35,CAM,34.0,501.6,377.5164435652969,16.53314854454249,-0.09836453152355062,501.6,377.5164435652969,16.53314854454249,-0.09836453152355062,nonce-b426fe5bebd716b0d955,True,False,flood,True,0,"{""attack_ended_at"": 78.0, ""case_opened_at"": 26.0, ""lane_id"": ""sc_0"", ""road_id"": ""sc""}"
cam-1008-veh_010-000023-f1,cam-1008-veh_010-000023,case-intersection-1008-veh_010-flood,root-b426fe5bebd716b0d9551c24,1008,veh_010,ps-3210978143869c35,CAM,34.0,501.6,377.5164435652969,16.53314854454249,-0.09836453152355062,501.6,377.5164435652969,16.53314854454249,-0.09836453152355062,nonce-b426fe5bebd716b0d955,True,False,flood,True,1,"{""attack_ended_at"": 78.0, ""case_opened_at"": 26.0, ""lane_id"": ""sc_0"", ""road_id"": ""sc""}"
cam-1008-veh_010-000023-f2,cam-1008-veh_010-000023,case-intersection-1008-veh_010-flood,root-b426fe5bebd716b0d9551c24,1008,veh_010,ps-3210978143869c35,CAM,34.0,501.6,377.5164435652969,16.53314854454249,-0.09836453152355062,501.6,377.5164435652969,16.53314854454249,-0.09836453152355062,nonce-b426fe5bebd716b0d955,True,False,flood,True,2,"{""attack_ended_at"": 78.0, ""case_opened_at"": 26.0, ""lane_id"": ""sc_0"", ""road_id"": ""sc""}"
cam-1008-veh_010-000023-f3,cam-1008-veh_010-000023,case-intersection-1008-veh_010-flood,root-b426fe5bebd716b0d9551c24,1008,veh_010,ps-3210978143869c35,CAM,34.0,501.6,377.5164435652969,16.53314854454249,-0.09836453152355062,501.6,377.5164435652969,16.53314854454249,-0.09836453152355062,nonce-b426fe5bebd716b0d955,True,False,flood,True,3,"{""attack_ended_at"": 78.0, ""case_opened_at"": 26.0, ""lane_id"": ""sc_0"", ""road_id"": ""sc""}"
cam-1008-veh_010-000023-f4,cam-1008-veh_010-000023,case-intersection-1008-veh_010-flood,root-b426fe5bebd716b0d9551c24,1008,veh_010,ps-3210978143869c35,CAM,34.0,501.6,377.5164435652969,16.53314854454249,-0.09836453152355062,501.6,377.5164435652969,16.53314854454249,-0.09836453152355062,nonce-b426fe5bebd716b0d955,True,False,flood,True,4,"{""attack_ended_at"": 78.0, ""case_opened_at"": 26.0, ""lane_id"": ""sc_0"", ""road_id"": ""sc""}"
cam-1008-veh_011-000022,cam-1008-veh_011-000022,case-intersection-1008-veh_011-benign,root-02229549014b95c160301dbe,1008,veh_011,ps-8a5d63d2056fbe7e,CAM,34.0,498.4,664.7854475614329,15.062399266309725,0.051446397718974524,498.4,664.7854475614329,15.062399266309725,0.051446397718974524,nonce-02229549014b95c16030,True,False,benign,False,0,"{""attack_ended_at"": 34.0, ""case_opened_at"": 34.0, ""lane_id"": ""nc_0"", ""road_id"": ""nc""}"
cam-1008-veh_012-000021,cam-1008-veh_012-000021,case-intersection-1008-veh_012-false_denm,root-5eca69a9e77226c1feaf9801,1008,veh_012,ps-d55e51c88c138a2d,CAM,34.0,345.8067892724696,498.4,16.543557597766632,0.07119844925589902,345.8067892724696,498.4,16.543557597766632,0.07119844925589902,nonce-5eca69a9e77226c1feaf,True,False,false_denm,True,0,"{""attack_ended_at"": 80.0, ""case_opened_at"": 28.0, ""lane_id"": ""wc_0"", ""road_id"": ""wc""}"
cam-1008-veh_013-000020,cam-1008-veh_013-000020,case-intersection-1008-veh_013-benign,root-bc6b741a0c68f3c02a68712e,1008,veh_013,ps-c612038c409b5d43,CAM,34.0,688.7806655062459,501.6,13.573000219455917,-0.2162184865154817,688.7806655062459,501.6,13.573000219455917,-0.2162184865154817,nonce-bc6b741a0c68f3c02a68,True,False,benign,False,0,"{""attack_ended_at"": 34.0, ""case_opened_at"": 34.0, ""lane_id"": ""ec_0"", ""road_id"": ""ec""}"
cam-1008-veh_014-000019-m0,cam-1008-veh_014-000019,case-intersection-1008-veh_014-mixed,root-6912d874a6d35b949cd29606,1008,veh_014,ps-1c0f8ece3ddb0b0c,DENM,34.0,501.6,283.85070114402237,14.882925909327732,0.1491633345326413,546.6,292.85070114402237,22.88292590932773,0.1491633345326413,nonce-6912d874a6d35b949cd2,True,True,mixed,True,0,"{""attack_ended_at"": 82.0, ""case_opened_at"": 30.0, ""lane_id"": ""sc_0"", ""road_id"": ""sc""}"
cam-1008-veh_014-000019-m1,cam-1008-veh_014-000019,case-intersection-1008-veh_014-mixed,root-6912d874a6d35b949cd29606,1008,veh_014,ps-1c0f8ece3ddb0b0c,DENM,34.0,501.6,283.85070114402237,14.882925909327732,0.1491633345326413,546.6,292.85070114402237,22.88292590932773,0.1491633345326413,nonce-6912d874a6d35b949cd2,True,True,mixed,True,1,"{""attack_ended_at"": 82.0, ""case_opened_at"": 30.0, ""lane_id"": ""sc_0"", ""road_id"": ""sc""}"
cam-1008-veh_014-000019-m2,cam-1008-veh_014-000019,case-intersection-1008-veh_014-mixed,root-6912d874a6d35b949cd29606,1008,veh_014,ps-1c0f8ece3ddb0b0c,DENM,34.0,501.6,283.85070114402237,14.882925909327732,0.1491633345326413,546.6,292.85070114402237,22.88292590932773,0.1491633345326413,nonce-6912d874a6d35b949cd2,True,True,mixed,True,2,"{""attack_ended_at"": 82.0, ""case_opened_at"": 30.0, ""lane_id"": ""sc_0"", ""road_id"": ""sc""}"
cam-1008-veh_014-000019-m3,cam-1008-veh_014-000019,case-intersection-1008-veh_014-mixed,root-6912d874a6d35b949cd29606,1008,veh_014,ps-1c0f8ece3ddb0b0c,DENM,34.0,501.6,283.85070114402237,14.882925909327732,0.1491633345326413,546.6,292.85070114402237,22.88292590932773,0.1491633345326413,nonce-6912d874a6d35b949cd2,True,True,mixed,True,3,"{""attack_ended_at"": 82.0, ""case_opened_at"": 30.0, ""lane_id"": ""sc_0"", ""road_id"": ""sc""}"
cam-1008-veh_015-000018,cam-1008-veh_015-000018,case-intersection-1008-veh_015-benign,root-bd9e3f78a175171626439b6c,1008,veh_015,ps-77b1c1c85865d133,CAM,34.0,498.4,726.0271773248828,14.624272946499536,-0.036371889794246215,498.4,726.0271773248828,14.624272946499536,-0.036371889794246215,nonce-bd9e3f78a17517162643,True,False,benign,False,0,"{""attack_ended_at"": 34.0, ""case_opened_at"": 34.0, ""lane_id"": ""nc_0"", ""road_id"": ""nc""}"
cam-1008-veh_016-000017,cam-1008-veh_016-000017,case-intersection-1008-veh_016-benign,root-9b2108e833b98f5f7302682d,1008,veh_016,ps-1e0348b1d8bfe014,CAM,34.0,277.96152430060323,498.4,16.33117804843467,0.03599894325714459,277.96152430060323,498.4,16.33117804843467,0.03599894325714459,nonce-9b2108e833b98f5f7302,True,False,benign,False,0,"{""attack_ended_at"": 34.0, ""case_opened_at"": 34.0, ""lane_id"": ""wc_0"", ""road_id"": ""wc""}"
cam-1008-veh_017-000016,cam-1008-veh_017-000016,case-intersection-1008-veh_017-benign,root-f10934ef60e203a81b7a4abd,1008,veh_017,ps-31646c93226ae98c,CAM,34.0,737.2227482480835,501.6,15.960732784257273,0.0075457827234650665,737.2227482480835,501.6,15.960732784257273,0.0075457827234650665,nonce-f10934ef60e203a81b7a,True,False,benign,False,0,"{""attack_ended_at"": 34.0, ""case_opened_at"": 34.0, ""lane_id"": ""ec_0"", ""road_id"": ""ec""}"
cam-1008-veh_018-000015,cam-1008-veh_018-000015,case-intersection-1008-veh_018-benign,root-6baa64f1dd145b11c6a659c9,1008,veh_018,ps-55c539e5052cea58,CAM,34.0,501.6,219.38462487422544,14.66214771846586,0.11116204429417742,501.6,219.38462487422544,14.66214771846586,0.11116204429417742,nonce-6baa64f1dd145b11c6a6,True,False,benign,False,0,"{""attack_ended_at"": 34.0, ""case_opened_at"": 34.0, ""lane_id"": ""sc_0"", ""road_id"": ""sc""}"
cam-1008-veh_019-000014,cam-1008-veh_019-000014,case-intersection-1008-veh_019-benign,root-41a74df49f0c9b1a6b14c215,1008,veh_019,ps-6e220b4f697c2cd3,CAM,34.0,498.4,786.5168625244144,14.637717693640525,-0.2960882479744029,498.4,786.5168625244144,14.637717693640525,-0.2960882479744029,nonce-41a74df49f0c9b1a6b14,True,False,benign,False,0,"{""attack_ended_at"": 34.0, ""case_opened_at"": 34.0, ""lane_id"": ""nc_0"", ""road_id"": ""nc""}"
cam-1008-veh_020-000013,cam-1008-veh_020-000013,case-intersection-1008-veh_020-benign,root-bb16014189e3cc8bca54c943,1008,veh_020,ps-fb97d0e5da402071,CAM,34.0,213.5455280700559,498.4,16.058235924802723,-0.03787884201854297,213.5455280700559,498.4,16.058235924802723,-0.03787884201854297,nonce-bb16014189e3cc8bca54,True,False,benign,False,0,"{""attack_ended_at"": 34.0, ""case_opened_at"": 34.0, ""lane_id"": ""wc_0"", ""road_id"": ""wc""}"
cam-1008-veh_021-000012,cam-1008-veh_021-000012,case-intersection-1008-veh_021-benign,root-bdadb420067f45abff7f99a7,1008,veh_021,ps-7461357a64efe09e,CAM,34.0,800.9846213129011,501.6,16.205984433837425,-0.26328338690567676,800.9846213129011,501.6,16.205984433837425,-0.26328338690567676,nonce-bdadb420067f45abff7f,True,False,benign,False,0,"{""attack_ended_at"": 34.0, ""case_opened_at"": 34.0, ""lane_id"": ""ec_0"", ""road_id"": ""ec""}"
cam-1008-veh_022-000011,cam-1008-veh_022-000011,case-intersection-1008-veh_022-benign,root-21c381fe2c35346bb97ae315,1008,veh_022,ps-b515230e59090b79,CAM,34.0,501.6,174.3232031429649,15.492898548145742,-0.21075700948946263,501.6,174.3232031429649,15.492898548145742,-0.21075700948946263,nonce-21c381fe2c35346bb97a,True,False,benign,False,0,"{""attack_ended_at"": 34.0, ""case_opened_at"": 34.0, ""lane_id"": ""sc_0"", ""road_id"": ""sc""}"
cam-1008-veh_023-000010,cam-1008-veh_023-000010,case-intersection-1008-veh_023-benign,root-f18fe033b3f5cdb4d15a54a1,1008,veh_023,ps-92555cef08137c2d,CAM,34.0,498.4,846.6729037585504,15.013024237777346,-0.1945980477752176,498.4,846.6729037585504,15.013024237777346,-0.1945980477752176,nonce-f18fe033b3f5cdb4d15a,True,False,benign,False,0,"{""attack_ended_at"": 34.0, ""case_opened_at"": 34.0, ""lane_id"": ""nc_0"", ""road_id"": ""nc""}"
cam-1008-veh_000-000034,cam-1008-veh_000-000034,case-intersection-1008-veh_000-benign,root-f0321b15a14dad7ae4f2addd,1008,veh_000,ps-c836b37964202f27,CAM,35.0,492.69239270378563,498.4,0.07270296035822237,-0.3662662303869451,492.69239270378563,498.4,0.07270296035822237,-0.3662662303869451,nonce-f0321b15a14dad7ae4f2,True,False,benign,False,0,"{""attack_ended_at"": 35.0, ""case_opened_at"": 35.0, ""lane_id"": ""wc_0"", ""road_id"": ""wc""}"
cam-1008-veh_001-000033,cam-1008-veh_001-000033,case-intersection-1008-veh_001-benign,root-0f39803b4d8bbf32129557bc,1008,veh_001,ps-06cf0c7bb8481f37,CAM,35.0,507.3517414206592,501.6,0.18930908762758614,-1.4769842685176866,507.3517414206592,501.6,0.18930908762758614,-1.4769842685176866,nonce-0f39803b4d8bbf321295,True,False,benign,False,0,"{""attack_ended_at"": 35.0, ""case_opened_at"": 35.0, ""lane_id"": ""ec_0"", ""road_id"": ""ec""}"
cam-1008-veh_002-000032,cam-1008-veh_002-000032,case-intersection-1008-veh_002-position_offset,root-8870d32f05e694c2a37fb1bc,1008,veh_002,ps-c10217be2cfbfbad,CAM,35.0,501.6,459.82009925570236,13.854693100451037,-0.4327685763034985,566.6,476.07009925570236,13.854693100451037,-0.4327685763034985,nonce-8870d32f05e694c2a37f,True,False,position_offset,True,0,"{""attack_ended_at"": 70.0, ""case_opened_at"": 18.0, ""lane_id"": ""sc_0"", ""road_id"": ""sc""}"
cam-1008-veh_003-000031,cam-1008-veh_003-000031,case-intersection-1008-veh_003-benign,root-0272d64de53777fa89eff0dc,1008,veh_003,ps-b84d6e13ef43c957,CAM,35.0,498.4,492.9132115205981,16.176564317885788,-0.4909081439673919,498.4,492.9132115205981,16.176564317885788,-0.4909081439673919,nonce-0272d64de53777fa89ef,True,False,benign,False,0,"{""attack_ended_at"": 35.0, ""case_opened_at"": 35.0, ""lane_id"": "":c_1_0"", ""road_id"": "":c_1""}"
cam-1008-veh_004-000030,cam-1008-veh_004-000030,case-intersection-1008-veh_004-speed_offset,root-4068bd6941f03c8e5bb19e27,1008,veh_004,ps-a4ec7ac7ed69787f,CAM,35.0,463.9753745213301,498.4,15.463128661857152,0.1546283214725559,463.9753745213301,498.4,26.46312866185715,0.1546283214725559,nonce-4068bd6941f03c8e5bb1,True,False,speed_offset,True,0,"{""attack_ended_at"": 72.0, ""case_opened_at"": 20.0, ""lane_id"": ""wc_0"", ""road_id"": ""wc""}"
cam-1008-veh_005-000029,cam-1008-veh_005-000029,case-intersection-1008-veh_005-benign,root-0c4e974b7bced07d76d54e79,1008,veh_005,ps-969b062779822854,CAM,35.0,536.2224251895925,501.6,16.02827221431105,0.060832979853532976,536.2224251895925,501.6,16.02827221431105,0.060832979853532976,nonce-0c4e974b7bced07d76d5,True,False,benign,False,0,"{""attack_ended_at"": 35.0, ""case_opened_at"": 35.0, ""lane_id"": ""ec_0"", ""road_id"": ""ec""}"
replay-cam-1008-veh_006-000028,cam-1008-veh_006-000012,case-intersection-1008-veh_006-replay,root-9ea8f4310ed2d98496486915,1008,veh_006,ps-65fe799408ea4704,CAM,19.0,501.6,199.09321528622888,16.294288788237612,-0.34375931270420423,501.6,199.09321528622888,16.294288788237612,-0.34375931270420423,nonce-9ea8f4310ed2d9849648,True,False,replay,True,4,"{""attack_ended_at"": 19.0, ""case_opened_at"": 19.0, ""lane_id"": ""sc_0"", ""road_id"": ""sc""}"
cam-1008-veh_007-000027,cam-1008-veh_007-000027,case-intersection-1008-veh_007-benign,root-bfdb151621d04e5cfdcc0ee6,1008,veh_007,ps-30c2a00c607f04e2,CAM,35.0,498.4,556.4346964332742,16.09946530203801,-0.2830307099176572,498.4,556.4346964332742,16.09946530203801,-0.2830307099176572,nonce-bfdb151621d04e5cfdcc,True,False,benign,False,0,"{""attack_ended_at"": 35.0, ""case_opened_at"": 35.0, ""lane_id"": ""nc_0"", ""road_id"": ""nc""}"
cam-1008-veh_008-000026,cam-1008-veh_008-000026,case-intersection-1008-veh_008-certificate_tamper,root-877624b58913339c7db2e9c5,1008,veh_008,ps-82218acb1d94705f,CAM,35.0,428.0837247886184,498.4,16.424158464469947,0.04162921318318524,428.0837247886184,498.4,16.424158464469947,0.04162921318318524,nonce-877624b58913339c7db2,False,False,certificate_tamper,True,0,"{""attack_ended_at"": 76.0, ""case_opened_at"": 24.0, ""lane_id"": ""wc_0"", ""road_id"": ""wc""}"
cam-1008-veh_009-000025,cam-1008-veh_009-000025,case-intersection-1008-veh_009-benign,root-e6f6860c63b0cd1c9f6c73df,1008,veh_009,ps-7ceb479c74f04f24,CAM,35.0,650.4677844067601,501.6,14.021400950810001,-0.10362564724870005,650.4677844067601,501.6,14.021400950810001,-0.10362564724870005,nonce-e6f6860c63b0cd1c9f6c,True,False,benign,False,0,"{""attack_ended_at"": 35.0, ""case_opened_at"": 35.0, ""lane_id"": ""ec_0"", ""road_id"": ""ec""}"
cam-1008-veh_010-000024-f0,cam-1008-veh_010-000024,case-intersection-1008-veh_010-flood,root-f824fb1f7b3bc879fb870c17,1008,veh_010,ps-3210978143869c35,CAM,35.0,501.6,393.9439303519763,16.427486786679367,-0.1056617578631247,501.6,393.9439303519763,16.427486786679367,-0.1056617578631247,nonce-f824fb1f7b3bc879fb87,True,False,flood,True,0,"{""attack_ended_at"": 78.0, ""case_opened_at"": 26.0, ""lane_id"": ""sc_0"", ""road_id"": ""sc""}"
cam-1008-veh_010-000024-f1,cam-1008-veh_010-000024,case-intersection-1008-veh_010-flood,root-f824fb1f7b3bc879fb870c17,1008,veh_010,ps-3210978143869c35,CAM,35.0,501.6,393.9439303519763,16.427486786679367,-0.1056617578631247,501.6,393.9439303519763,16.427486786679367,-0.1056617578631247,nonce-f824fb1f7b3bc879fb87,True,False,flood,True,1,"{""attack_ended_at"": 78.0, ""case_opened_at"": 26.0, ""lane_id"": ""sc_0"", ""road_id"": ""sc""}"
cam-1008-veh_010-000024-f2,cam-1008-veh_010-000024,case-intersection-1008-veh_010-flood,root-f824fb1f7b3bc879fb870c17,1008,veh_010,ps-3210978143869c35,CAM,35.0,501.6,393.9439303519763,16.427486786679367,-0.1056617578631247,501.6,393.9439303519763,16.427486786679367,-0.1056617578631247,nonce-f824fb1f7b3bc879fb87,True,False,flood,True,2,"{""attack_ended_at"": 78.0, ""case_opened_at"": 26.0, ""lane_id"": ""sc_0"", ""road_id"": ""sc""}"
cam-1008-veh_010-000024-f3,cam-1008-veh_010-000024,case-intersection-1008-veh_010-flood,root-f824fb1f7b3bc879fb870c17,1008,veh_010,ps-3210978143869c35,CAM,35.0,501.6,393.9439303519763,16.427486786679367,-0.1056617578631247,501.6,393.9439303519763,16.427486786679367,-0.1056617578631247,nonce-f824fb1f7b3bc879fb87,True,False,flood,True,3,"{""attack_ended_at"": 78.0, ""case_opened_at"": 26.0, ""lane_id"": ""sc_0"", ""road_id"": ""sc""}"
cam-1008-veh_010-000024-f4,cam-1008-veh_010-000024,case-intersection-1008-veh_010-flood,root-f824fb1f7b3bc879fb870c17,1008,veh_010,ps-3210978143869c35,CAM,35.0,501.6,393.9439303519763,16.427486786679367,-0.1056617578631247,501.6,393.9439303519763,16.427486786679367,-0.1056617578631247,nonce-f824fb1f7b3bc879fb87,True,False,flood,True,4,"{""attack_ended_at"": 78.0, ""case_opened_at"": 26.0, ""lane_id"": ""sc_0"", ""road_id"": ""sc""}"
cam-1008-veh_011-000023,cam-1008-veh_011-000023,case-intersection-1008-veh_011-benign,root-62237119a6ba02d3ba8a34cb,1008,veh_011,ps-8a5d63d2056fbe7e,CAM,35.0,498.4,650.0697856794025,14.715661882030465,-0.34673738427926004,498.4,650.0697856794025,14.715661882030465,-0.34673738427926004,nonce-62237119a6ba02d3ba8a,True,False,benign,False,0,"{""attack_ended_at"": 35.0, ""case_opened_at"": 35.0, ""lane_id"": ""nc_0"", ""road_id"": ""nc""}"
cam-1008-veh_012-000022,cam-1008-veh_012-000022,case-intersection-1008-veh_012-false_denm,root-0313f7d89b732284e771d5ec,1008,veh_012,ps-d55e51c88c138a2d,CAM,35.0,361.8128859980964,498.4,16.00609672562685,-0.537460872139782,361.8128859980964,498.4,16.00609672562685,-0.537460872139782,nonce-0313f7d89b732284e771,True,False,false_denm,True,0,"{""attack_ended_at"": 80.0, ""case_opened_at"": 28.0, ""lane_id"": ""wc_0"", ""road_id"": ""wc""}"
cam-1008-veh_013-000021,cam-1008-veh_013-000021,case-intersection-1008-veh_013-benign,root-8194d53e461499015ba9bac2,1008,veh_013,ps-c612038c409b5d43,CAM,35.0,674.709857402002,501.6,14.07080810424385,0.4978078847879335,674.709857402002,501.6,14.07080810424385,0.4978078847879335,nonce-8194d53e461499015ba9,True,False,benign,False,0,"{""attack_ended_at"": 35.0, ""case_opened_at"": 35.0, ""lane_id"": ""ec_0"", ""road_id"": ""ec""}"
cam-1008-veh_014-000020-m0,cam-1008-veh_014-000020,case-intersection-1008-veh_014-mixed,root-8454c00f1739124354075cdf,1008,veh_014,ps-1c0f8ece3ddb0b0c,DENM,35.0,501.6,298.5993318664095,14.74863072238715,-0.13429518694058196,546.6,307.5993318664095,22.748630722387148,-0.13429518694058196,nonce-8454c00f173912435407,True,True,mixed,True,0,"{""attack_ended_at"": 82.0, ""case_opened_at"": 30.0, ""lane_id"": ""sc_0"", ""road_id"": ""sc""}"
cam-1008-veh_014-000020-m1,cam-1008-veh_014-000020,case-intersection-1008-veh_014-mixed,root-8454c00f1739124354075cdf,1008,veh_014,ps-1c0f8ece3ddb0b0c,DENM,35.0,501.6,298.5993318664095,14.74863072238715,-0.13429518694058196,546.6,307.5993318664095,22.748630722387148,-0.13429518694058196,nonce-8454c00f173912435407,True,True,mixed,True,1,"{""attack_ended_at"": 82.0, ""case_opened_at"": 30.0, ""lane_id"": ""sc_0"", ""road_id"": ""sc""}"
cam-1008-veh_014-000020-m2,cam-1008-veh_014-000020,case-intersection-1008-veh_014-mixed,root-8454c00f1739124354075cdf,1008,veh_014,ps-1c0f8ece3ddb0b0c,DENM,35.0,501.6,298.5993318664095,14.74863072238715,-0.13429518694058196,546.6,307.5993318664095,22.748630722387148,-0.13429518694058196,nonce-8454c00f173912435407,True,True,mixed,True,2,"{""attack_ended_at"": 82.0, ""case_opened_at"": 30.0, ""lane_id"": ""sc_0"", ""road_id"": ""sc""}"
cam-1008-veh_014-000020-m3,cam-1008-veh_014-000020,case-intersection-1008-veh_014-mixed,root-8454c00f1739124354075cdf,1008,veh_014,ps-1c0f8ece3ddb0b0c,DENM,35.0,501.6,298.5993318664095,14.74863072238715,-0.13429518694058196,546.6,307.5993318664095,22.748630722387148,-0.13429518694058196,nonce-8454c00f173912435407,True,True,mixed,True,3,"{""attack_ended_at"": 82.0, ""case_opened_at"": 30.0, ""lane_id"": ""sc_0"", ""road_id"": ""sc""}"
cam-1008-veh_015-000019,cam-1008-veh_015-000019,case-intersection-1008-veh_015-benign,root-e93d30d71ef31551c62f8fcb,1008,veh_015,ps-77b1c1c85865d133,CAM,35.0,498.4,710.7419470418831,15.285230282999823,0.660957336500287,498.4,710.7419470418831,15.285230282999823,0.660957336500287,nonce-e93d30d71ef31551c62f,True,False,benign,False,0,"{""attack_ended_at"": 35.0, ""case_opened_at"": 35.0, ""lane_id"": ""nc_0"", ""road_id"": ""nc""}"
cam-1008-veh_016-000018,cam-1008-veh_016-000018,case-intersection-1008-veh_016-benign,root-ce25dbbd3d8e1c76c1f91d3d,1008,veh_016,ps-1e0348b1d8bfe014,CAM,35.0,294.1526603658218,498.4,16.1911360652186,-0.14004198321606864,294.1526603658218,498.4,16.1911360652186,-0.14004198321606864,nonce-ce25dbbd3d8e1c76c1f9,True,False,benign,False,0,"{""attack_ended_at"": 35.0, ""case_opened_at"": 35.0, ""lane_id"": ""wc_0"", ""road_id"": ""wc""}"
cam-1008-veh_017-000017,cam-1008-veh_017-000017,case-intersection-1008-veh_017-benign,root-d15958df7a560cea5594b9ed,1008,veh_017,ps-31646c93226ae98c,CAM,35.0,721.2239135332079,501.6,15.998834714875558,0.038101930618285706,721.2239135332079,501.6,15.998834714875558,0.038101930618285706,nonce-d15958df7a560cea5594,True,False,benign,False,0,"{""attack_ended_at"": 35.0, ""case_opened_at"": 35.0, ""lane_id"": ""ec_0"", ""road_id"": ""ec""}"
cam-1008-veh_018-000016,cam-1008-veh_018-000016,case-intersection-1008-veh_018-benign,root-7918620e9208975335e517b2,1008,veh_018,ps-55c539e5052cea58,CAM,35.0,501.6,233.68811010313647,14.303485228911015,-0.35866248955484537,501.6,233.68811010313647,14.303485228911015,-0.35866248955484537,nonce-7918620e9208975335e5,True,False,benign,False,0,"{""attack_ended_at"": 35.0, ""case_opened_at"": 35.0, ""lane_id"": ""sc_0"", ""road_id"": ""sc""}"
cam-1008-veh_019-000015,cam-1008-veh_019-000015,case-intersection-1008-veh_019-benign,root-90bd0fb68d775e5e371a1a76,1008,veh_019,ps-6e220b4f697c2cd3,CAM,35.0,498.4,771.5030788979169,15.013783626497398,0.3760659328568732,498.4,771.5030788979169,15.013783626497398,0.3760659328568732,nonce-90bd0fb68d775e5e371a,True,False,benign,False,0,"{""attack_ended_at"": 35.0, ""case_opened_at"": 35.0, ""lane_id"": ""nc_0"", ""road_id"": ""nc""}"
cam-1008-veh_020-000014,cam-1008-veh_020-000014,case-intersection-1008-veh_020-benign,root-b235c033b99c183eee4ffcd5,1008,veh_020,ps-fb97d0e5da402071,CAM,35.0,229.74518385121135,498.4,16.199655781155453,0.14141985635273002,229.74518385121135,498.4,16.199655781155453,0.14141985635273002,nonce-b235c033b99c183eee4f,True,False,benign,False,0,"{""attack_ended_at"": 35.0, ""case_opened_at"": 35.0, ""lane_id"": ""wc_0"", ""road_id"": ""wc""}"
cam-1008-veh_021-000013,cam-1008-veh_021-000013,case-intersection-1008-veh_021-benign,root-7ce0e6488a18f553a1ecad7a,1008,veh_021,ps-7461357a64efe09e,CAM,35.0,784.7668544126298,501.6,16.217766900271368,0.011782466433942318,784.7668544126298,501.6,16.217766900271368,0.011782466433942318,nonce-7ce0e6488a18f553a1ec,True,False,benign,False,0,"{""attack_ended_at"": 35.0, ""case_opened_at"": 35.0, ""lane_id"": ""ec_0"", ""road_id"": ""ec""}"
cam-1008-veh_022-000012,cam-1008-veh_022-000012,case-intersection-1008-veh_022-benign,root-abf80188420342b4b9b2b699,1008,veh_022,ps-b515230e59090b79,CAM,35.0,501.6,190.0521065526713,15.728903409706394,0.2360048615606516,501.6,190.0521065526713,15.728903409706394,0.2360048615606516,nonce-abf80188420342b4b9b2,True,False,benign,False,0,"{""attack_ended_at"": 35.0, ""case_opened_at"": 35.0, ""lane_id"": ""sc_0"", ""road_id"": ""sc""}"
cam-1008-veh_023-000011,cam-1008-veh_023-000011,case-intersection-1008-veh_023-benign,root-32723138a868dee252efeea8,1008,veh_023,ps-92555cef08137c2d,CAM,35.0,498.4,832.0356054701983,14.637298288352095,-0.3757259494252505,498.4,832.0356054701983,14.637298288352095,-0.3757259494252505,nonce-32723138a868dee252ef,True,False,benign,False,0,"{""attack_ended_at"": 35.0, ""case_opened_at"": 35.0, ""lane_id"": ""nc_0"", ""road_id"": ""nc""}"
cam-1008-veh_000-000035,cam-1008-veh_000-000035,case-intersection-1008-veh_000-benign,root-b767ef6afd1cddee7a816fe5,1008,veh_000,ps-c836b37964202f27,CAM,36.0,492.6982094095789,498.4,0.005816705793253919,-0.06688625456496844,492.6982094095789,498.4,0.005816705793253919,-0.06688625456496844,nonce-b767ef6afd1cddee7a81,True,False,benign,False,0,"{""attack_ended_at"": 36.0, ""case_opened_at"": 36.0, ""lane_id"": ""wc_0"", ""road_id"": ""wc""}"
cam-1008-veh_001-000034,cam-1008-veh_001-000034,case-intersection-1008-veh_001-benign,root-dc1375298d8a561c3b728d9c,1008,veh_001,ps-06cf0c7bb8481f37,CAM,36.0,507.3044559321999,501.6,0.047285488459287095,-0.14202359916829904,507.3044559321999,501.6,0.047285488459287095,-0.14202359916829904,nonce-dc1375298d8a561c3b72,True,False,benign,False,0,"{""attack_ended_at"": 36.0, ""case_opened_at"": 36.0, ""lane_id"": ""ec_0"", ""road_id"": ""ec""}"
cam-1008-veh_002-000033,cam-1008-veh_002-000033,case-intersection-1008-veh_002-position_offset,root-f56a98479117be1ccd93625f,1008,veh_002,ps-c10217be2cfbfbad,CAM,36.0,501.6,474.3707823064387,14.55068305073633,0.6959899502852931,566.6,490.6207823064387,14.55068305073633,0.6959899502852931,nonce-f56a98479117be1ccd93,True,False,position_offset,True,0,"{""attack_ended_at"": 70.0, ""case_opened_at"": 18.0, ""lane_id"": ""sc_0"", ""road_id"": ""sc""}"
cam-1008-veh_003-000032,cam-1008-veh_003-000032,case-intersection-1008-veh_003-benign,root-a2de414eb76a7aec831edd67,1008,veh_003,ps-b84d6e13ef43c957,CAM,36.0,498.4,476.72281814071334,16.190393379884775,0.013829061998986703,498.4,476.72281814071334,16.190393379884775,0.013829061998986703,nonce-a2de414eb76a7aec831e,True,False,benign,False,0,"{""attack_ended_at"": 36.0, ""case_opened_at"": 36.0, ""lane_id"": ""cs_0"", ""road_id"": ""cs""}"
cam-1008-veh_004-000031,cam-1008-veh_004-000031,case-intersection-1008-veh_004-speed_offset,root-2076a24a86cd2e5746b18c3f,1008,veh_004,ps-a4ec7ac7ed69787f,CAM,36.0,475.50546317030063,498.4,11.530088648970544,-3.9330400128866074,475.50546317030063,498.4,22.530088648970544,-3.9330400128866074,nonce-2076a24a86cd2e5746b1,True,False,speed_offset,True,0,"{""attack_ended_at"": 72.0, ""case_opened_at"": 20.0, ""lane_id"": ""wc_0"", ""road_id"": ""wc""}"
cam-1008-veh_005-000030,cam-1008-veh_005-000030,case-intersection-1008-veh_005-benign,root-e70936ee7a16e212acf302c7,1008,veh_005,ps-969b062779822854,CAM,36.0,524.6941529752814,501.6,11.528272214311048,-4.5,524.6941529752814,501.6,11.528272214311048,-4.5,nonce-e70936ee7a16e212acf3,True,False,benign,False,0,"{""attack_ended_at"": 36.0, ""case_opened_at"": 36.0, ""lane_id"": ""ec_0"", ""road_id"": ""ec""}"
replay-cam-1008-veh_006-000029,cam-1008-veh_006-000013,case-intersection-1008-veh_006-replay,root-732bbc1af557c50a78ee1969,1008,veh_006,ps-65fe799408ea4704,CAM,20.0,501.6,215.10187627093873,16.00866098470986,-0.28562780352775263,501.6,215.10187627093873,16.00866098470986,-0.28562780352775263,nonce-732bbc1af557c50a78ee,True,False,replay,True,4,"{""attack_ended_at"": 20.0, ""case_opened_at"": 20.0, ""lane_id"": ""sc_0"", ""road_id"": ""sc""}"
cam-1008-veh_007-000028,cam-1008-veh_007-000028,case-intersection-1008-veh_007-benign,root-19ff0ecc94341f73858fc9e7,1008,veh_007,ps-30c2a00c607f04e2,CAM,36.0,498.4,540.0056829692098,16.42901346406434,0.32954816202633097,498.4,540.0056829692098,16.42901346406434,0.32954816202633097,nonce-19ff0ecc94341f73858f,True,False,benign,False,0,"{""attack_ended_at"": 36.0, ""case_opened_at"": 36.0, ""lane_id"": ""nc_0"", ""road_id"": ""nc""}"
cam-1008-veh_008-000027,cam-1008-veh_008-000027,case-intersection-1008-veh_008-certificate_tamper,root-3e8dea2654e521a53b19d7ef,1008,veh_008,ps-82218acb1d94705f,CAM,36.0,444.5216099690461,498.4,16.437885180427696,0.013726715957748326,444.5216099690461,498.4,16.437885180427696,0.013726715957748326,nonce-3e8dea2654e521a53b19,False,False,certificate_tamper,True,0,"{""attack_ended_at"": 76.0, ""case_opened_at"": 24.0, ""lane_id"": ""wc_0"", ""road_id"": ""wc""}"
cam-1008-veh_009-000026,cam-1008-veh_009-000026,case-intersection-1008-veh_009-benign,root-b8f9f4eb6b2f6b9f28af06ff,1008,veh_009,ps-7ceb479c74f04f24,CAM,36.0,636.5191226228794,501.6,13.948661783880615,-0.0727391669293862,636.5191226228794,501.6,13.948661783880615,-0.0727391669293862,nonce-b8f9f4eb6b2f6b9f28af,True,False,benign,False,0,"{""attack_ended_at"": 36.0, ""case_opened_at"": 36.0, ""lane_id"": ""ec_0"", ""road_id"": ""ec""}"
cam-1008-veh_010-000025-f0,cam-1008-veh_010-000025,case-intersection-1008-veh_010-flood,root-fc314cd51286daddb56756da,1008,veh_010,ps-3210978143869c35,CAM,36.0,501.6,410.2691622878285,16.32523193585221,-0.10225485082715835,501.6,410.2691622878285,16.32523193585221,-0.10225485082715835,nonce-fc314cd51286daddb567,True,False,flood,True,0,"{""attack_ended_at"": 78.0, ""case_opened_at"": 26.0, ""lane_id"": ""sc_0"", ""road_id"": ""sc""}"
cam-1008-veh_010-000025-f1,cam-1008-veh_010-000025,case-intersection-1008-veh_010-flood,root-fc314cd51286daddb56756da,1008,veh_010,ps-3210978143869c35,CAM,36.0,501.6,410.2691622878285,16.32523193585221,-0.10225485082715835,501.6,410.2691622878285,16.32523193585221,-0.10225485082715835,nonce-fc314cd51286daddb567,True,False,flood,True,1,"{""attack_ended_at"": 78.0, ""case_opened_at"": 26.0, ""lane_id"": ""sc_0"", ""road_id"": ""sc""}"
cam-1008-veh_010-000025-f2,cam-1008-veh_010-000025,case-intersection-1008-veh_010-flood,root-fc314cd51286daddb56756da,1008,veh_010,ps-3210978143869c35,CAM,36.0,501.6,410.2691622878285,16.32523193585221,-0.10225485082715835,501.6,410.2691622878285,16.32523193585221,-0.10225485082715835,nonce-fc314cd51286daddb567,True,False,flood,True,2,"{""attack_ended_at"": 78.0, ""case_opened_at"": 26.0, ""lane_id"": ""sc_0"", ""road_id"": ""sc""}"
cam-1008-veh_010-000025-f3,cam-1008-veh_010-000025,case-intersection-1008-veh_010-flood,root-fc314cd51286daddb56756da,1008,veh_010,ps-3210978143869c35,CAM,36.0,501.6,410.2691622878285,16.32523193585221,-0.10225485082715835,501.6,410.2691622878285,16.32523193585221,-0.10225485082715835,nonce-fc314cd51286daddb567,True,False,flood,True,3,"{""attack_ended_at"": 78.0, ""case_opened_at"": 26.0, ""lane_id"": ""sc_0"", ""road_id"": ""sc""}"
cam-1008-veh_010-000025-f4,cam-1008-veh_010-000025,case-intersection-1008-veh_010-flood,root-fc314cd51286daddb56756da,1008,veh_010,ps-3210978143869c35,CAM,36.0,501.6,410.2691622878285,16.32523193585221,-0.10225485082715835,501.6,410.2691622878285,16.32523193585221,-0.10225485082715835,nonce-fc314cd51286daddb567,True,False,flood,True,4,"{""attack_ended_at"": 78.0, ""case_opened_at"": 26.0, ""lane_id"": ""sc_0"", ""road_id"": ""sc""}"
cam-1008-veh_011-000024,cam-1008-veh_011-000024,case-intersection-1008-veh_011-benign,root-24f69066f4fc86ebeb37ab91,1008,veh_011,ps-8a5d63d2056fbe7e,CAM,36.0,498.4,634.8624751876825,15.207310491719904,0.49164860968943813,498.4,634.8624751876825,15.207310491719904,0.49164860968943813,nonce-24f69066f4fc86ebeb37,True,False,benign,False,0,"{""attack_ended_at"": 36.0, ""case_opened_at"": 36.0, ""lane_id"": ""nc_0"", ""road_id"": ""nc""}"
cam-1008-veh_012-000023,cam-1008-veh_012-000023,case-intersection-1008-veh_012-false_denm,root-35e0a2aaecddeda4dbc30847,1008,veh_012,ps-d55e51c88c138a2d,CAM,36.0,378.4339798897599,498.4,16.621093891663477,0.6149971660366269,378.4339798897599,498.4,16.621093891663477,0.6149971660366269,nonce-35e0a2aaecddeda4dbc3,True,False,false_denm,True,0,"{""attack_ended_at"": 80.0, ""case_opened_at"": 28.0, ""lane_id"": ""wc_0"", ""road_id"": ""wc""}"
cam-1008-veh_013-000022,cam-1008-veh_013-000022,case-intersection-1008-veh_013-benign,root-1281cc22f89718265513e558,1008,veh_013,ps-c612038c409b5d43,CAM,36.0,660.0453011250215,501.6,14.664556276980415,0.5937481727365643,660.0453011250215,501.6,14.664556276980415,0.5937481727365643,nonce-1281cc22f89718265513,True,False,benign,False,0,"{""attack_ended_at"": 36.0, ""case_opened_at"": 36.0, ""lane_id"": ""ec_0"", ""road_id"": ""ec""}"
cam-1008-veh_014-000021-m0,cam-1008-veh_014-000021,case-intersection-1008-veh_014-mixed,root-f1c18f8f33f6e80f228b1200,1008,veh_014,ps-1c0f8ece3ddb0b0c,DENM,36.0,501.6,313.6256570089406,15.026325142531112,0.2776944201439626,546.6,322.6256570089406,23.026325142531114,0.2776944201439626,nonce-f1c18f8f33f6e80f228b,True,True,mixed,True,0,"{""attack_ended_at"": 82.0, ""case_opened_at"": 30.0, ""lane_id"": ""sc_0"", ""road_id"": ""sc""}"
cam-1008-veh_014-000021-m1,cam-1008-veh_014-000021,case-intersection-1008-veh_014-mixed,root-f1c18f8f33f6e80f228b1200,1008,veh_014,ps-1c0f8ece3ddb0b0c,DENM,36.0,501.6,313.6256570089406,15.026325142531112,0.2776944201439626,546.6,322.6256570089406,23.026325142531114,0.2776944201439626,nonce-f1c18f8f33f6e80f228b,True,True,mixed,True,1,"{""attack_ended_at"": 82.0, ""case_opened_at"": 30.0, ""lane_id"": ""sc_0"", ""road_id"": ""sc""}"
cam-1008-veh_014-000021-m2,cam-1008-veh_014-000021,case-intersection-1008-veh_014-mixed,root-f1c18f8f33f6e80f228b1200,1008,veh_014,ps-1c0f8ece3ddb0b0c,DENM,36.0,501.6,313.6256570089406,15.026325142531112,0.2776944201439626,546.6,322.6256570089406,23.026325142531114,0.2776944201439626,nonce-f1c18f8f33f6e80f228b,True,True,mixed,True,2,"{""attack_ended_at"": 82.0, ""case_opened_at"": 30.0, ""lane_id"": ""sc_0"", ""road_id"": ""sc""}"
cam-1008-veh_014-000021-m3,cam-1008-veh_014-000021,case-intersection-1008-veh_014-mixed,root-f1c18f8f33f6e80f228b1200,1008,veh_014,ps-1c0f8ece3ddb0b0c,DENM,36.0,501.6,313.6256570089406,15.026325142531112,0.2776944201439626,546.6,322.6256570089406,23.026325142531114,0.2776944201439626,nonce-f1c18f8f33f6e80f228b,True,True,mixed,True,3,"{""attack_ended_at"": 82.0, ""case_opened_at"": 30.0, ""lane_id"": ""sc_0"", ""road_id"": ""sc""}"
cam-1008-veh_015-000020,cam-1008-veh_015-000020,case-intersection-1008-veh_015-benign,root-b4319ebcda92f309e525492c,1008,veh_015,ps-77b1c1c85865d133,CAM,36.0,498.4,696.0055940774453,14.736352964437815,-0.5488773185620079,498.4,696.0055940774453,14.736352964437815,-0.5488773185620079,nonce-b4319ebcda92f309e525,True,False,benign,False,0,"{""attack_ended_at"": 36.0, ""case_opened_at"": 36.0, ""lane_id"": ""nc_0"", ""road_id"": ""nc""}"
cam-1008-veh_016-000019,cam-1008-veh_016-000019,case-intersection-1008-veh_016-benign,root-b86833e1d1da73d237208754,1008,veh_016,ps-1e0348b1d8bfe014,CAM,36.0,310.2968216059683,498.4,16.1441612401465,-0.04697482507210182,310.2968216059683,498.4,16.1441612401465,-0.04697482507210182,nonce-b86833e1d1da73d23720,True,False,benign,False,0,"{""attack_ended_at"": 36.0, ""case_opened_at"": 36.0, ""lane_id"": ""wc_0"", ""road_id"": ""wc""}"
cam-1008-veh_017-000018,cam-1008-veh_017-000018,case-intersection-1008-veh_017-benign,root-2f9c3716bd76dcf40e0c83ce,1008,veh_017,ps-31646c93226ae98c,CAM,36.0,704.7498001010342,501.6,16.47411343217362,0.47527871729806215,704.7498001010342,501.6,16.47411343217362,0.47527871729806215,nonce-2f9c3716bd76dcf40e0c,True,False,benign,False,0,"{""attack_ended_at"": 36.0, ""case_opened_at"": 36.0, ""lane_id"": ""ec_0"", ""road_id"": ""ec""}"
cam-1008-veh_018-000017,cam-1008-veh_018-000017,case-intersection-1008-veh_018-benign,root-7f9548e988ea5f303e89ae60,1008,veh_018,ps-55c539e5052cea58,CAM,36.0,501.6,248.35002673626184,14.661916633125369,0.35843140421435393,501.6,248.35002673626184,14.661916633125369,0.35843140421435393,nonce-7f9548e988ea5f303e89,True,False,benign,False,0,"{""attack_ended_at"": 36.0, ""case_opened_at"": 36.0, ""lane_id"": ""sc_0"", ""road_id"": ""sc""}"
cam-1008-veh_019-000016,cam-1008-veh_019-000016,case-intersection-1008-veh_019-benign,root-50f2e71f4ea7553dc9d61a55,1008,veh_019,ps-6e220b4f697c2cd3,CAM,36.0,498.4,757.0412529175203,14.461825980396615,-0.5519576461007834,498.4,757.0412529175203,14.461825980396615,-0.5519576461007834,nonce-50f2e71f4ea7553dc9d6,True,False,benign,False,0,"{""attack_ended_at"": 36.0, ""case_opened_at"": 36.0, ""lane_id"": ""nc_0"", ""road_id"": ""nc""}"
cam-1008-veh_020-000015,cam-1008-veh_020-000015,case-intersection-1008-veh_020-benign,root-419db3ae5017d865c79703a5,1008,veh_020,ps-fb97d0e5da402071,CAM,36.0,246.32499220176138,498.4,16.579808350550014,0.38015256939456066,246.32499220176138,498.4,16.579808350550014,0.38015256939456066,nonce-419db3ae5017d865c797,True,False,benign,False,0,"{""attack_ended_at"": 36.0, ""case_opened_at"": 36.0, ""lane_id"": ""wc_0"", ""road_id"": ""wc""}"
cam-1008-veh_021-000014,cam-1008-veh_021-000014,case-intersection-1008-veh_021-benign,root-943003cba929a74c1233fc07,1008,veh_021,ps-7461357a64efe09e,CAM,36.0,768.4081164706968,501.6,16.358737941933054,0.14097104166168606,768.4081164706968,501.6,16.358737941933054,0.14097104166168606,nonce-943003cba929a74c1233,True,False,benign,False,0,"{""attack_ended_at"": 36.0, ""case_opened_at"": 36.0, ""lane_id"": ""ec_0"", ""road_id"": ""ec""}"
cam-1008-veh_022-000013,cam-1008-veh_022-000013,case-intersection-1008-veh_022-benign,root-90a32d7b37eb0863330e9d77,1008,veh_022,ps-b515230e59090b79,CAM,36.0,501.6,205.28165797625724,15.229551423585939,-0.4993519861204554,501.6,205.28165797625724,15.229551423585939,-0.4993519861204554,nonce-90a32d7b37eb0863330e,True,False,benign,False,0,"{""attack_ended_at"": 36.0, ""case_opened_at"": 36.0, ""lane_id"": ""sc_0"", ""road_id"": ""sc""}"
cam-1008-veh_023-000012,cam-1008-veh_023-000012,case-intersection-1008-veh_023-benign,root-c495c2c7cfc0119fe33f6ee9,1008,veh_023,ps-92555cef08137c2d,CAM,36.0,498.4,817.1037824693069,14.931823000891374,0.29452471253927826,498.4,817.1037824693069,14.931823000891374,0.29452471253927826,nonce-c495c2c7cfc0119fe33f,True,False,benign,False,0,"{""attack_ended_at"": 36.0, ""case_opened_at"": 36.0, ""lane_id"": ""nc_0"", ""road_id"": ""nc""}"
cam-1008-veh_000-000036,cam-1008-veh_000-000036,case-intersection-1008-veh_000-benign,root-e8f0482260f920aa8334228a,1008,veh_000,ps-c836b37964202f27,CAM,37.0,492.6988724891456,498.4,0.0006630795666531545,-0.005153626226600765,492.6988724891456,498.4,0.0006630795666531545,-0.005153626226600765,nonce-e8f0482260f920aa8334,True,False,benign,False,0,"{""attack_ended_at"": 37.0, ""case_opened_at"": 37.0, ""lane_id"": ""wc_0"", ""road_id"": ""wc""}"
cam-1008-veh_001-000035,cam-1008-veh_001-000035,case-intersection-1008-veh_001-benign,root-bfe24c088835e873daf66949,1008,veh_001,ps-06cf0c7bb8481f37,CAM,37.0,507.30113905292643,501.6,0.0033168792734851234,-0.04396860918580197,507.30113905292643,501.6,0.0033168792734851234,-0.04396860918580197,nonce-bfe24c088835e873daf6,True,False,benign,False,0,"{""attack_ended_at"": 37.0, ""case_opened_at"": 37.0, ""lane_id"": ""ec_0"", ""road_id"": ""ec""}"
cam-1008-veh_002-000034,cam-1008-veh_002-000034,case-intersection-1008-veh_002-position_offset,root-8db342eac973d38979b3ac9c,1008,veh_002,ps-c10217be2cfbfbad,CAM,37.0,501.6,488.8836169215859,14.512834615147218,-0.03784843558911177,566.6,505.1336169215859,14.512834615147218,-0.03784843558911177,nonce-8db342eac973d38979b3,True,False,position_offset,True,0,"{""attack_ended_at"": 70.0, ""case_opened_at"": 18.0, ""lane_id"": ""sc_0"", ""road_id"": ""sc""}"
cam-1008-veh_003-000033,cam-1008-veh_003-000033,case-intersection-1008-veh_003-benign,root-d0eb820c400d6d51a3f7abd0,1008,veh_003,ps-b84d6e13ef43c957,CAM,37.0,498.4,460.55801730306337,16.164800837649967,-0.02559254223480778,498.4,460.55801730306337,16.164800837649967,-0.02559254223480778,nonce-d0eb820c400d6d51a3f7,True,False,benign,False,0,"{""attack_ended_at"": 37.0, ""case_opened_at"": 37.0, ""lane_id"": ""cs_0"", ""road_id"": ""cs""}"
cam-1008-veh_004-000032,cam-1008-veh_004-000032,case-intersection-1008-veh_004-speed_offset,root-f5c02bda11fce83cfe555fd4,1008,veh_004,ps-a4ec7ac7ed69787f,CAM,37.0,482.5355518192712,498.4,7.030088648970544,-4.5,482.5355518192712,498.4,18.030088648970544,-4.5,nonce-f5c02bda11fce83cfe55,True,False,speed_offset,True,0,"{""attack_ended_at"": 72.0, ""case_opened_at"": 20.0, ""lane_id"": ""wc_0"", ""road_id"": ""wc""}"
cam-1008-veh_005-000031,cam-1008-veh_005-000031,case-intersection-1008-veh_005-benign,root-693f316d5916a9d9d0ade298,1008,veh_005,ps-969b062779822854,CAM,37.0,517.6658807609704,501.6,7.028272214311048,-4.5,517.6658807609704,501.6,7.028272214311048,-4.5,nonce-693f316d5916a9d9d0ad,True,False,benign,False,0,"{""attack_ended_at"": 37.0, ""case_opened_at"": 37.0, ""lane_id"": ""ec_0"", ""road_id"": ""ec""}"
replay-cam-1008-veh_006-000030,cam-1008-veh_006-000014,case-intersection-1008-veh_006-replay,root-e6073782afc54a5381804d00,1008,veh_006,ps-65fe799408ea4704,CAM,21.0,501.6,231.44104983772158,16.339173566782847,0.3305125820729877,501.6,231.44104983772158,16.339173566782847,0.3305125820729877,nonce-e6073782afc54a538180,True,False,replay,True,4,"{""attack_ended_at"": 21.0, ""case_opened_at"": 21.0, ""lane_id"": ""sc_0"", ""road_id"": ""sc""}"
cam-1008-veh_007-000029,cam-1008-veh_007-000029,case-intersection-1008-veh_007-benign,root-3c8e4fac87a466962f6ca160,1008,veh_007,ps-30c2a00c607f04e2,CAM,37.0,498.4,523.8325513139927,16.17313165521715,-0.2558818088471888,498.4,523.8325513139927,16.17313165521715,-0.2558818088471888,nonce-3c8e4fac87a466962f6c,True,False,benign,False,0,"{""attack_ended_at"": 37.0, ""case_opened_at"": 37.0, ""lane_id"": ""nc_0"", ""road_id"": ""nc""}"
cam-1008-veh_008-000028,cam-1008-veh_008-000028,case-intersection-1008-veh_008-certificate_tamper,root-f021469dcce9ae95d2331c7e,1008,veh_008,ps-82218acb1d94705f,CAM,37.0,458.7913357017176,498.4,14.269725732671548,-2.168159447756148,458.7913357017176,498.4,14.269725732671548,-2.168159447756148,nonce-f021469dcce9ae95d233,False,False,certificate_tamper,True,0,"{""attack_ended_at"": 76.0, ""case_opened_at"": 24.0, ""lane_id"": ""wc_0"", ""road_id"": ""wc""}"
cam-1008-veh_009-000027,cam-1008-veh_009-000027,case-intersection-1008-veh_009-benign,root-a6a7a977753d2ccf01fd8c0c,1008,veh_009,ps-7ceb479c74f04f24,CAM,37.0,622.5417491632488,501.6,13.977373459630707,0.028711675750091814,622.5417491632488,501.6,13.977373459630707,0.028711675750091814,nonce-a6a7a977753d2ccf01fd,True,False,benign,False,0,"{""attack_ended_at"": 37.0, ""case_opened_at"": 37.0, ""lane_id"": ""ec_0"", ""road_id"": ""ec""}"
cam-1008-veh_010-000026-f0,cam-1008-veh_010-000026,case-intersection-1008-veh_010-flood,root-023c98458b639c2e82a4457a,1008,veh_010,ps-3210978143869c35,CAM,37.0,501.6,426.8200937328534,16.550931445024908,0.2256995091726992,501.6,426.8200937328534,16.550931445024908,0.2256995091726992,nonce-023c98458b639c2e82a4,True,False,flood,True,0,"{""attack_ended_at"": 78.0, ""case_opened_at"": 26.0, ""lane_id"": ""sc_0"", ""road_id"": ""sc""}"
cam-1008-veh_010-000026-f1,cam-1008-veh_010-000026,case-intersection-1008-veh_010-flood,root-023c98458b639c2e82a4457a,1008,veh_010,ps-3210978143869c35,CAM,37.0,501.6,426.8200937328534,16.550931445024908,0.2256995091726992,501.6,426.8200937328534,16.550931445024908,0.2256995091726992,nonce-023c98458b639c2e82a4,True,False,flood,True,1,"{""attack_ended_at"": 78.0, ""case_opened_at"": 26.0, ""lane_id"": ""sc_0"", ""road_id"": ""sc""}"
cam-1008-veh_010-000026-f2,cam-1008-veh_010-000026,case-intersection-1008-veh_010-flood,root-023c98458b639c2e82a4457a,1008,veh_010,ps-3210978143869c35,CAM,37.0,501.6,426.8200937328534,16.550931445024908,0.2256995091726992,501.6,426.8200937328534,16.550931445024908,0.2256995091726992,nonce-023c98458b639c2e82a4,True,False,flood,True,2,"{""attack_ended_at"": 78.0, ""case_opened_at"": 26.0, ""lane_id"": ""sc_0"", ""road_id"": ""sc""}"
cam-1008-veh_010-000026-f3,cam-1008-veh_010-000026,case-intersection-1008-veh_010-flood,root-023c98458b639c2e82a4457a,1008,veh_010,ps-3210978143869c35,CAM,37.0,501.6,426.8200937328534,16.550931445024908,0.2256995091726992,501.6,426.8200937328534,16.550931445024908,0.2256995091726992,nonce-023c98458b639c2e82a4,True,False,flood,True,3,"{""attack_ended_at"": 78.0, ""case_opened_at"": 26.0, ""lane_id"": ""sc_0"", ""road_id"": ""sc""}"
cam-1008-veh_010-000026-f4,cam-1008-veh_010-000026,case-intersection-1008-veh_010-flood,root-023c98458b639c2e82a4457a,1008,veh_010,ps-3210978143869c35,CAM,37.0,501.6,426.8200937328534,16.550931445024908,0.2256995091726992,501.6,426.8200937328534,16.550931445024908,0.2256995091726992,nonce-023c98458b639c2e82a4,True,False,flood,True,4,"{""attack_ended_at"": 78.0, ""case_opened_at"": 26.0, ""lane_id"": ""sc_0"", ""road_id"": ""sc""}"
cam-1008-veh_011-000025,cam-1008-veh_011-000025,case-intersection-1008-veh_011-benign,root-0fdc901870d6ca2870100ce2,1008,veh_011,ps-8a5d63d2056fbe7e,CAM,37.0,498.4,620.0024309713051,14.86004421637735,-0.3472662753425535,498.4,620.0024309713051,14.86004421637735,-0.3472662753425535,nonce-0fdc901870d6ca287010,True,False,benign,False,0,"{""attack_ended_at"": 37.0, ""case_opened_at"": 37.0, ""lane_id"": ""nc_0"", ""road_id"": ""nc""}"
cam-1008-veh_012-000024,cam-1008-veh_012-000024,case-intersection-1008-veh_012-false_denm,root-fa278143a2a3f654a351ebe0,1008,veh_012,ps-d55e51c88c138a2d,CAM,37.0,394.4162244503713,498.4,15.982244560611436,-0.6388493310520413,394.4162244503713,498.4,15.982244560611436,-0.6388493310520413,nonce-fa278143a2a3f654a351,True,False,false_denm,True,0,"{""attack_ended_at"": 80.0, ""case_opened_at"": 28.0, ""lane_id"": ""wc_0"", ""road_id"": ""wc""}"
cam-1008-veh_013-000023,cam-1008-veh_013-000023,case-intersection-1008-veh_013-benign,root-f77f2cdc468ead733e524e93,1008,veh_013,ps-c612038c409b5d43,CAM,37.0,646.0165382962568,501.6,14.0287628287647,-0.6357934482157148,646.0165382962568,501.6,14.0287628287647,-0.6357934482157148,nonce-f77f2cdc468ead733e52,True,False,benign,False,0,"{""attack_ended_at"": 37.0, ""case_opened_at"": 37.0, ""lane_id"": ""ec_0"", ""road_id"": ""ec""}"
cam-1008-veh_014-000022-m0,cam-1008-veh_014-000022,case-intersection-1008-veh_014-mixed,root-8ef7984dc8c988e9240ca36a,1008,veh_014,ps-1c0f8ece3ddb0b0c,DENM,37.0,501.6,328.339220231936,14.713563222995417,-0.31276191953569565,546.6,337.339220231936,22.71356322299542,-0.31276191953569565,nonce-8ef7984dc8c988e9240c,True,True,mixed,True,0,"{""attack_ended_at"": 82.0, ""case_opened_at"": 30.0, ""lane_id"": ""sc_0"", ""road_id"": ""sc""}"
cam-1008-veh_014-000022-m1,cam-1008-veh_014-000022,case-intersection-1008-veh_014-mixed,root-8ef7984dc8c988e9240ca36a,1008,veh_014,ps-1c0f8ece3ddb0b0c,DENM,37.0,501.6,328.339220231936,14.713563222995417,-0.31276191953569565,546.6,337.339220231936,22.71356322299542,-0.31276191953569565,nonce-8ef7984dc8c988e9240c,True,True,mixed,True,1,"{""attack_ended_at"": 82.0, ""case_opened_at"": 30.0, ""lane_id"": ""sc_0"", ""road_id"": ""sc""}"
cam-1008-veh_014-000022-m2,cam-1008-veh_014-000022,case-intersection-1008-veh_014-mixed,root-8ef7984dc8c988e9240ca36a,1008,veh_014,ps-1c0f8ece3ddb0b0c,DENM,37.0,501.6,328.339220231936,14.713563222995417,-0.31276191953569565,546.6,337.339220231936,22.71356322299542,-0.31276191953569565,nonce-8ef7984dc8c988e9240c,True,True,mixed,True,2,"{""attack_ended_at"": 82.0, ""case_opened_at"": 30.0, ""lane_id"": ""sc_0"", ""road_id"": ""sc""}"
cam-1008-veh_014-000022-m3,cam-1008-veh_014-000022,case-intersection-1008-veh_014-mixed,root-8ef7984dc8c988e9240ca36a,1008,veh_014,ps-1c0f8ece3ddb0b0c,DENM,37.0,501.6,328.339220231936,14.713563222995417,-0.31276191953569565,546.6,337.339220231936,22.71356322299542,-0.31276191953569565,nonce-8ef7984dc8c988e9240c,True,True,mixed,True,3,"{""attack_ended_at"": 82.0, ""case_opened_at"": 30.0, ""lane_id"": ""sc_0"", ""road_id"": ""sc""}"
cam-1008-veh_015-000021,cam-1008-veh_015-000021,case-intersection-1008-veh_015-benign,root-9e061aa61dc9c44569e89329,1008,veh_015,ps-77b1c1c85865d133,CAM,37.0,498.4,681.3133863380472,14.692207739398132,-0.04414522503968321,498.4,681.3133863380472,14.692207739398132,-0.04414522503968321,nonce-9e061aa61dc9c44569e8,True,False,benign,False,0,"{""attack_ended_at"": 37.0, ""case_opened_at"": 37.0, ""lane_id"": ""nc_0"", ""road_id"": ""nc""}"
cam-1008-veh_016-000020,cam-1008-veh_016-000020,case-intersection-1008-veh_016-benign,root-b35cb89ae31e6192f3e80552,1008,veh_016,ps-1e0348b1d8bfe014,CAM,37.0,326.6012350481842,498.4,16.304413442215886,0.16025220206938684,326.6012350481842,498.4,16.304413442215886,0.16025220206938684,nonce-b35cb89ae31e6192f3e8,True,False,benign,False,0,"{""attack_ended_at"": 37.0, ""case_opened_at"": 37.0, ""lane_id"": ""wc_0"", ""road_id"": ""wc""}"
cam-1008-veh_017-000019,cam-1008-veh_017-000019,case-intersection-1008-veh_017-benign,root-5e0b95c64e8ec56500431b11,1008,veh_017,ps-31646c93226ae98c,CAM,37.0,688.1088979191333,501.6,16.64090218190104,0.16678874972742008,688.1088979191333,501.6,16.64090218190104,0.16678874972742008,nonce-5e0b95c64e8ec5650043,True,False,benign,False,0,"{""attack_ended_at"": 37.0, ""case_opened_at"": 37.0, ""lane_id"": ""ec_0"", ""road_id"": ""ec""}"
cam-1008-veh_018-000018,cam-1008-veh_018-000018,case-intersection-1008-veh_018-benign,root-a560f30927df2f97a81ae64c,1008,veh_018,ps-55c539e5052cea58,CAM,37.0,501.6,262.80813565836803,14.458108922106188,-0.20380771101918072,501.6,262.80813565836803,14.458108922106188,-0.20380771101918072,nonce-a560f30927df2f97a81a,True,False,benign,False,0,"{""attack_ended_at"": 37.0, ""case_opened_at"": 37.0, ""lane_id"": ""sc_0"", ""road_id"": ""sc""}"
cam-1008-veh_019-000017,cam-1008-veh_019-000017,case-intersection-1008-veh_019-benign,root-40ecb256ead7449d4df90377,1008,veh_019,ps-6e220b4f697c2cd3,CAM,37.0,498.4,742.579942502344,14.46131041517635,-0.0005155652202653016,498.4,742.579942502344,14.46131041517635,-0.0005155652202653016,nonce-40ecb256ead7449d4df9,True,False,benign,False,0,"{""attack_ended_at"": 37.0, ""case_opened_at"": 37.0, ""lane_id"": ""nc_0"", ""road_id"": ""nc""}"
cam-1008-veh_020-000016,cam-1008-veh_020-000016,case-intersection-1008-veh_020-benign,root-a207ca38dee1d9db3579bb16,1008,veh_020,ps-fb97d0e5da402071,CAM,37.0,262.59949210456574,498.4,16.274499902804383,-0.30530844774563093,262.59949210456574,498.4,16.274499902804383,-0.30530844774563093,nonce-a207ca38dee1d9db3579,True,False,benign,False,0,"{""attack_ended_at"": 37.0, ""case_opened_at"": 37.0, ""lane_id"": ""wc_0"", ""road_id"": ""wc""}"
cam-1008-veh_021-000015,cam-1008-veh_021-000015,case-intersection-1008-veh_021-benign,root-77beca483e30b8a4adc850fa,1008,veh_021,ps-7461357a64efe09e,CAM,37.0,752.0088402651215,501.6,16.399276205575283,0.040538263642229566,752.0088402651215,501.6,16.399276205575283,0.040538263642229566,nonce-77beca483e30b8a4adc8,True,False,benign,False,0,"{""attack_ended_at"": 37.0, ""case_opened_at"": 37.0, ""lane_id"": ""ec_0"", ""road_id"": ""ec""}"
cam-1008-veh_022-000014,cam-1008-veh_022-000014,case-intersection-1008-veh_022-benign,root-c1e3f46eaaf598f8537680a1,1008,veh_022,ps-b515230e59090b79,CAM,37.0,501.6,220.6555836522752,15.373925676017965,0.1443742524320264,501.6,220.6555836522752,15.373925676017965,0.1443742524320264,nonce-c1e3f46eaaf598f85376,True,False,benign,False,0,"{""attack_ended_at"": 37.0, ""case_opened_at"": 37.0, ""lane_id"": ""sc_0"", ""road_id"": ""sc""}"
cam-1008-veh_023-000013,cam-1008-veh_023-000013,case-intersection-1008-veh_023-benign,root-d923ec39e339b333a4b5cf76,1008,veh_023,ps-92555cef08137c2d,CAM,37.0,498.4,802.5172516070219,14.586530862285064,-0.34529213860630925,498.4,802.5172516070219,14.586530862285064,-0.34529213860630925,nonce-d923ec39e339b333a4b5,True,False,benign,False,0,"{""attack_ended_at"": 37.0, ""case_opened_at"": 37.0, ""lane_id"": ""nc_0"", ""road_id"": ""nc""}"
cam-1008-veh_000-000037,cam-1008-veh_000-000037,case-intersection-1008-veh_000-benign,root-eb6e4fd4e013a412df2bccb6,1008,veh_000,ps-c836b37964202f27,CAM,38.0,492.6989902911777,498.4,0.00011780203217131091,-0.0005452775344818436,492.6989902911777,498.4,0.00011780203217131091,-0.0005452775344818436,nonce-eb6e4fd4e013a412df2b,True,False,benign,False,0,"{""attack_ended_at"": 38.0, ""case_opened_at"": 38.0, ""lane_id"": ""wc_0"", ""road_id"": ""wc""}"
cam-1008-veh_001-000036,cam-1008-veh_001-000036,case-intersection-1008-veh_001-benign,root-d339f537002c02768c862573,1008,veh_001,ps-06cf0c7bb8481f37,CAM,38.0,507.3010226260759,501.6,0.00011642685053728864,-0.0032004524229478346,507.3010226260759,501.6,0.00011642685053728864,-0.0032004524229478346,nonce-d339f537002c02768c86,True,False,benign,False,0,"{""attack_ended_at"": 38.0, ""case_opened_at"": 38.0, ""lane_id"": ""ec_0"", ""road_id"": ""ec""}"
cam-1008-veh_002-000035,cam-1008-veh_002-000035,case-intersection-1008-veh_002-position_offset,root-73ec1d5459d576ac9277fdb2,1008,veh_002,ps-c10217be2cfbfbad,CAM,38.0,501.6,503.4273750381865,14.54375811660058,0.03092350145336198,566.6,519.6773750381865,14.54375811660058,0.03092350145336198,nonce-73ec1d5459d576ac9277,True,False,position_offset,True,0,"{""attack_ended_at"": 70.0, ""case_opened_at"": 18.0, ""lane_id"": "":c_7_0"", ""road_id"": "":c_7""}"
cam-1008-veh_003-000034,cam-1008-veh_003-000034,case-intersection-1008-veh_003-benign,root-52d1a4e326fe5300290dc46a,1008,veh_003,ps-b84d6e13ef43c957,CAM,38.0,498.4,444.2194975332635,16.3385197697999,0.1737189321499315,498.4,444.2194975332635,16.3385197697999,0.1737189321499315,nonce-52d1a4e326fe5300290d,True,False,benign,False,0,"{""attack_ended_at"": 38.0, ""case_opened_at"": 38.0, ""lane_id"": ""cs_0"", ""road_id"": ""cs""}"
cam-1008-veh_004-000033,cam-1008-veh_004-000033,case-intersection-1008-veh_004-speed_offset,root-7a1077ca1ee2fa26d22c1298,1008,veh_004,ps-a4ec7ac7ed69787f,CAM,38.0,485.0656404682417,498.4,2.530088648970544,-4.5,485.0656404682417,498.4,13.530088648970544,-4.5,nonce-7a1077ca1ee2fa26d22c,True,False,speed_offset,True,0,"{""attack_ended_at"": 72.0, ""case_opened_at"": 20.0, ""lane_id"": ""wc_0"", ""road_id"": ""wc""}"
cam-1008-veh_005-000032,cam-1008-veh_005-000032,case-intersection-1008-veh_005-benign,root-c9e988cc8534f79502b175ba,1008,veh_005,ps-969b062779822854,CAM,38.0,515.1376085466593,501.6,2.5282722143110483,-4.5,515.1376085466593,501.6,2.5282722143110483,-4.5,nonce-c9e988cc8534f79502b1,True,False,benign,False,0,"{""attack_ended_at"": 38.0, ""case_opened_at"": 38.0, ""lane_id"": ""ec_0"", ""road_id"": ""ec""}"
replay-cam-1008-veh_006-000031,cam-1008-veh_006-000011,case-intersection-1008-veh_006-replay,root-698ab643fc75e30c21ee9766,1008,veh_006,ps-65fe799408ea4704,CAM,18.0,501.6,182.79892649799126,16.638048100941816,0.2891036247694849,501.6,182.79892649799126,16.638048100941816,0.2891036247694849,nonce-698ab643fc75e30c21ee,True,False,replay,True,5,"{""attack_ended_at"": 18.0, ""case_opened_at"": 18.0, ""lane_id"": ""sc_0"", ""road_id"": ""sc""}"
cam-1008-veh_007-000030,cam-1008-veh_007-000030,case-intersection-1008-veh_007-benign,root-9c9491066f558a8ea1e80155,1008,veh_007,ps-30c2a00c607f04e2,CAM,38.0,498.4,507.8359759554221,15.996575358570555,-0.17655629664659678,498.4,507.8359759554221,15.996575358570555,-0.17655629664659678,nonce-9c9491066f558a8ea1e8,True,False,benign,False,0,"{""attack_ended_at"": 38.0, ""case_opened_at"": 38.0, ""lane_id"": ""nc_0"", ""road_id"": ""nc""}"
cam-1008-veh_008-000029,cam-1008-veh_008-000029,case-intersection-1008-veh_008-certificate_tamper,root-30a5790f35dbdb3b74e28c71,1008,veh_008,ps-82218acb1d94705f,CAM,38.0,469.3976847977537,498.4,10.606349096036043,-3.6633766366355047,469.3976847977537,498.4,10.606349096036043,-3.6633766366355047,nonce-30a5790f35dbdb3b74e2,False,False,certificate_tamper,True,0,"{""attack_ended_at"": 76.0, ""case_opened_at"": 24.0, ""lane_id"": ""wc_0"", ""road_id"": ""wc""}"
cam-1008-veh_009-000028,cam-1008-veh_009-000028,case-intersection-1008-veh_009-benign,root-d47dd8773d6f21f6ca212c9a,1008,veh_009,ps-7ceb479c74f04f24,CAM,38.0,608.719874758524,501.6,13.821874404724749,-0.15549905490595783,608.719874758524,501.6,13.821874404724749,-0.15549905490595783,nonce-d47dd8773d6f21f6ca21,True,False,benign,False,0,"{""attack_ended_at"": 38.0, ""case_opened_at"": 38.0, ""lane_id"": ""ec_0"", ""road_id"": ""ec""}"
cam-1008-veh_010-000027-f0,cam-1008-veh_010-000027,case-intersection-1008-veh_010-flood,root-355ee3bf0e11d0cf4973dd27,1008,veh_010,ps-3210978143869c35,CAM,38.0,501.6,443.2230154392589,16.40292170640547,-0.14800973861943945,501.6,443.2230154392589,16.40292170640547,-0.14800973861943945,nonce-355ee3bf0e11d0cf4973,True,False,flood,True,0,"{""attack_ended_at"": 78.0, ""case_opened_at"": 26.0, ""lane_id"": ""sc_0"", ""road_id"": ""sc""}"
cam-1008-veh_010-000027-f1,cam-1008-veh_010-000027,case-intersection-1008-veh_010-flood,root-355ee3bf0e11d0cf4973dd27,1008,veh_010,ps-3210978143869c35,CAM,38.0,501.6,443.2230154392589,16.40292170640547,-0.14800973861943945,501.6,443.2230154392589,16.40292170640547,-0.14800973861943945,nonce-355ee3bf0e11d0cf4973,True,False,flood,True,1,"{""attack_ended_at"": 78.0, ""case_opened_at"": 26.0, ""lane_id"": ""sc_0"", ""road_id"": ""sc""}"
cam-1008-veh_010-000027-f2,cam-1008-veh_010-000027,case-intersection-1008-veh_010-flood,root-355ee3bf0e11d0cf4973dd27,1008,veh_010,ps-3210978143869c35,CAM,38.0,501.6,443.2230154392589,16.40292170640547,-0.14800973861943945,501.6,443.2230154392589,16.40292170640547,-0.14800973861943945,nonce-355ee3bf0e11d0cf4973,True,False,flood,True,2,"{""attack_ended_at"": 78.0, ""case_opened_at"": 26.0, ""lane_id"": ""sc_0"", ""road_id"": ""sc""}"
cam-1008-veh_010-000027-f3,cam-1008-veh_010-000027,case-intersection-1008-veh_010-flood,root-355ee3bf0e11d0cf4973dd27,1008,veh_010,ps-3210978143869c35,CAM,38.0,501.6,443.2230154392589,16.40292170640547,-0.14800973861943945,501.6,443.2230154392589,16.40292170640547,-0.14800973861943945,nonce-355ee3bf0e11d0cf4973,True,False,flood,True,3,"{""attack_ended_at"": 78.0, ""case_opened_at"": 26.0, ""lane_id"": ""sc_0"", ""road_id"": ""sc""}"
cam-1008-veh_010-000027-f4,cam-1008-veh_010-000027,case-intersection-1008-veh_010-flood,root-355ee3bf0e11d0cf4973dd27,1008,veh_010,ps-3210978143869c35,CAM,38.0,501.6,443.2230154392589,16.40292170640547,-0.14800973861943945,501.6,443.2230154392589,16.40292170640547,-0.14800973861943945,nonce-355ee3bf0e11d0cf4973,True,False,flood,True,4,"{""attack_ended_at"": 78.0, ""case_opened_at"": 26.0, ""lane_id"": ""sc_0"", ""road_id"": ""sc""}"
cam-1008-veh_011-000026,cam-1008-veh_011-000026,case-intersection-1008-veh_011-benign,root-279f6e7e0011d9706481e80a,1008,veh_011,ps-8a5d63d2056fbe7e,CAM,38.0,498.4,605.2028246475938,14.799606323711263,-0.06043789266608712,498.4,605.2028246475938,14.799606323711263,-0.06043789266608712,nonce-279f6e7e0011d9706481,True,False,benign,False,0,"{""attack_ended_at"": 38.0, ""case_opened_at"": 38.0, ""lane_id"": ""nc_0"", ""road_id"": ""nc""}"
cam-1008-veh_012-000025,cam-1008-veh_012-000025,case-intersection-1008-veh_012-false_denm,root-a71e3146c305a6d646647c41,1008,veh_012,ps-d55e51c88c138a2d,DENM,38.0,410.974859069516,498.4,16.558634619144726,0.5763900585332902,410.974859069516,498.4,16.558634619144726,0.5763900585332902,nonce-a71e3146c305a6d64664,True,True,false_denm,True,0,"{""attack_ended_at"": 80.0, ""case_opened_at"": 28.0, ""lane_id"": ""wc_0"", ""road_id"": ""wc""}"
cam-1008-veh_013-000024,cam-1008-veh_013-000024,case-intersection-1008-veh_013-benign,root-82e808a7038d8832287afe3b,1008,veh_013,ps-c612038c409b5d43,CAM,38.0,632.2902835840705,501.6,13.726254712186456,-0.3025081165782435,632.2902835840705,501.6,13.726254712186456,-0.3025081165782435,nonce-82e808a7038d8832287a,True,False,benign,False,0,"{""attack_ended_at"": 38.0, ""case_opened_at"": 38.0, ""lane_id"": ""ec_0"", ""road_id"": ""ec""}"
cam-1008-veh_014-000023-m0,cam-1008-veh_014-000023,case-intersection-1008-veh_014-mixed,root-7ace5daed4665c8eeffa35a7,1008,veh_014,ps-1c0f8ece3ddb0b0c,DENM,38.0,501.6,343.13090129982686,14.791681067890876,0.07811784489545914,546.6,352.13090129982686,22.791681067890877,0.07811784489545914,nonce-7ace5daed4665c8eeffa,True,True,mixed,True,0,"{""attack_ended_at"": 82.0, ""case_opened_at"": 30.0, ""lane_id"": ""sc_0"", ""road_id"": ""sc""}"
cam-1008-veh_014-000023-m1,cam-1008-veh_014-000023,case-intersection-1008-veh_014-mixed,root-7ace5daed4665c8eeffa35a7,1008,veh_014,ps-1c0f8ece3ddb0b0c,DENM,38.0,501.6,343.13090129982686,14.791681067890876,0.07811784489545914,546.6,352.13090129982686,22.791681067890877,0.07811784489545914,nonce-7ace5daed4665c8eeffa,True,True,mixed,True,1,"{""attack_ended_at"": 82.0, ""case_opened_at"": 30.0, ""lane_id"": ""sc_0"", ""road_id"": ""sc""}"
cam-1008-veh_014-000023-m2,cam-1008-veh_014-000023,case-intersection-1008-veh_014-mixed,root-7ace5daed4665c8eeffa35a7,1008,veh_014,ps-1c0f8ece3ddb0b0c,DENM,38.0,501.6,343.13090129982686,14.791681067890876,0.07811784489545914,546.6,352.13090129982686,22.791681067890877,0.07811784489545914,nonce-7ace5daed4665c8eeffa,True,True,mixed,True,2,"{""attack_ended_at"": 82.0, ""case_opened_at"": 30.0, ""lane_id"": ""sc_0"", ""road_id"": ""sc""}"
cam-1008-veh_014-000023-m3,cam-1008-veh_014-000023,case-intersection-1008-veh_014-mixed,root-7ace5daed4665c8eeffa35a7,1008,veh_014,ps-1c0f8ece3ddb0b0c,DENM,38.0,501.6,343.13090129982686,14.791681067890876,0.07811784489545914,546.6,352.13090129982686,22.791681067890877,0.07811784489545914,nonce-7ace5daed4665c8eeffa,True,True,mixed,True,3,"{""attack_ended_at"": 82.0, ""case_opened_at"": 30.0, ""lane_id"": ""sc_0"", ""road_id"": ""sc""}"
cam-1008-veh_015-000022,cam-1008-veh_015-000022,case-intersection-1008-veh_015-benign,root-40b4be5b2319bdb0ad429d2b,1008,veh_015,ps-77b1c1c85865d133,CAM,38.0,498.4,666.5125072784006,14.800879059646526,0.10867132024839421,498.4,666.5125072784006,14.800879059646526,0.10867132024839421,nonce-40b4be5b2319bdb0ad42,True,False,benign,False,0,"{""attack_ended_at"": 38.0, ""case_opened_at"": 38.0, ""lane_id"": ""nc_0"", ""road_id"": ""nc""}"
cam-1008-veh_016-000021,cam-1008-veh_016-000021,case-intersection-1008-veh_016-benign,root-a8402b51b1feb6ab61090aa4,1008,veh_016,ps-1e0348b1d8bfe014,CAM,38.0,342.5667712345068,498.4,15.965536186322572,-0.33887725589331374,342.5667712345068,498.4,15.965536186322572,-0.33887725589331374,nonce-a8402b51b1feb6ab6109,True,False,benign,False,0,"{""attack_ended_at"": 38.0, ""case_opened_at"": 38.0, ""lane_id"": ""wc_0"", ""road_id"": ""wc""}"
cam-1008-veh_017-000020,cam-1008-veh_017-000020,case-intersection-1008-veh_017-benign,root-ffb7fb656035daca2fc85eb1,1008,veh_017,ps-31646c93226ae98c,CAM,38.0,671.9378364472602,501.6,16.171061471872964,-0.4698407100280768,671.9378364472602,501.6,16.171061471872964,-0.4698407100280768,nonce-ffb7fb656035daca2fc8,True,False,benign,False,0,"{""attack_ended_at"": 38.0, ""case_opened_at"": 38.0, ""lane_id"": ""ec_0"", ""road_id"": ""ec""}"
cam-1008-veh_018-000019,cam-1008-veh_018-000019,case-intersection-1008-veh_018-benign,root-5fda59f8053107734dda4eb0,1008,veh_018,ps-55c539e5052cea58,CAM,38.0,501.6,277.4372757133129,14.629140054944877,0.17103113283868865,501.6,277.4372757133129,14.629140054944877,0.17103113283868865,nonce-5fda59f8053107734dda,True,False,benign,False,0,"{""attack_ended_at"": 38.0, ""case_opened_at"": 38.0, ""lane_id"": ""sc_0"", ""road_id"": ""sc""}"
cam-1008-veh_019-000018,cam-1008-veh_019-000018,case-intersection-1008-veh_019-benign,root-81beebd8d5cf4de0b3706117,1008,veh_019,ps-6e220b4f697c2cd3,CAM,38.0,498.4,727.7197694924243,14.860173009919608,0.39886259474325847,498.4,727.7197694924243,14.860173009919608,0.39886259474325847,nonce-81beebd8d5cf4de0b370,True,False,benign,False,0,"{""attack_ended_at"": 38.0, ""case_opened_at"": 38.0, ""lane_id"": ""nc_0"", ""road_id"": ""nc""}"
cam-1008-veh_020-000017,cam-1008-veh_020-000017,case-intersection-1008-veh_020-benign,root-f181f0d7949203c0a9922d32,1008,veh_020,ps-fb97d0e5da402071,CAM,38.0,278.98384059793784,498.4,16.38434849337209,0.10984859056770802,278.98384059793784,498.4,16.38434849337209,0.10984859056770802,nonce-f181f0d7949203c0a992,True,False,benign,False,0,"{""attack_ended_at"": 38.0, ""case_opened_at"": 38.0, ""lane_id"": ""wc_0"", ""road_id"": ""wc""}"
cam-1008-veh_021-000016,cam-1008-veh_021-000016,case-intersection-1008-veh_021-benign,root-b8ed52006df61ec82f65037b,1008,veh_021,ps-7461357a64efe09e,CAM,38.0,735.8720816237264,501.6,16.136758641394977,-0.2625175641803068,735.8720816237264,501.6,16.136758641394977,-0.2625175641803068,nonce-b8ed52006df61ec82f65,True,False,benign,False,0,"{""attack_ended_at"": 38.0, ""case_opened_at"": 38.0, ""lane_id"": ""ec_0"", ""road_id"": ""ec""}"
cam-1008-veh_022-000015,cam-1008-veh_022-000015,case-intersection-1008-veh_022-benign,root-0d313e1303bae6c79697ff68,1008,veh_022,ps-b515230e59090b79,CAM,38.0,501.6,236.44028895293502,15.784705300659837,0.41077962464187223,501.6,236.44028895293502,15.784705300659837,0.41077962464187223,nonce-0d313e1303bae6c79697,True,False,benign,False,0,"{""attack_ended_at"": 38.0, ""case_opened_at"": 38.0, ""lane_id"": ""sc_0"", ""road_id"": ""sc""}"
cam-1008-veh_023-000014,cam-1008-veh_023-000014,case-intersection-1008-veh_023-benign,root-efc736b446914889f980e8fc,1008,veh_023,ps-92555cef08137c2d,CAM,38.0,498.4,787.7167518217054,14.800499785316417,0.21396892303135218,498.4,787.7167518217054,14.800499785316417,0.21396892303135218,nonce-efc736b446914889f980,True,False,benign,False,0,"{""attack_ended_at"": 38.0, ""case_opened_at"": 38.0, ""lane_id"": ""nc_0"", ""road_id"": ""nc""}"
cam-1008-veh_000-000038,cam-1008-veh_000-000038,case-intersection-1008-veh_000-benign,root-13e94df83ee1da92c12e6528,1008,veh_000,ps-c836b37964202f27,CAM,39.0,492.6989902911777,498.4,0.0,-0.00011780203217131091,492.6989902911777,498.4,0.0,-0.00011780203217131091,nonce-13e94df83ee1da92c12e,True,False,benign,False,0,"{""attack_ended_at"": 39.0, ""case_opened_at"": 39.0, ""lane_id"": ""wc_0"", ""road_id"": ""wc""}"
cam-1008-veh_001-000037,cam-1008-veh_001-000037,case-intersection-1008-veh_001-benign,root-9291b53dfb3715890047e97e,1008,veh_001,ps-06cf0c7bb8481f37,CAM,39.0,507.3010226260759,501.6,0.0,-0.00011642685053728864,507.3010226260759,501.6,0.0,-0.00011642685053728864,nonce-9291b53dfb3715890047,True,False,benign,False,0,"{""attack_ended_at"": 39.0, ""case_opened_at"": 39.0, ""lane_id"": ""ec_0"", ""road_id"": ""ec""}"
cam-1008-veh_002-000036,cam-1008-veh_002-000036,case-intersection-1008-veh_002-position_offset,root-77c8840be2ff0a242c578de1,1008,veh_002,ps-c10217be2cfbfbad,CAM,39.0,501.6,517.3828269402524,13.955451902065903,-0.5883062145346774,566.6,533.6328269402524,13.955451902065903,-0.5883062145346774,nonce-77c8840be2ff0a242c57,True,False,position_offset,True,0,"{""attack_ended_at"": 70.0, ""case_opened_at"": 18.0, ""lane_id"": ""cn_0"", ""road_id"": ""cn""}"
cam-1008-veh_003-000035,cam-1008-veh_003-000035,case-intersection-1008-veh_003-benign,root-593f3c90769216fd846ad1e7,1008,veh_003,ps-b84d6e13ef43c957,CAM,39.0,498.4,428.3270901216612,15.892407411602328,-0.44611235819757056,498.4,428.3270901216612,15.892407411602328,-0.44611235819757056,nonce-593f3c90769216fd846a,True,False,benign,False,0,"{""attack_ended_at"": 39.0, ""case_opened_at"": 39.0, ""lane_id"": ""cs_0"", ""road_id"": ""cs""}"
cam-1008-veh_004-000034,cam-1008-veh_004-000034,case-intersection-1008-veh_004-speed_offset,root-d228a77f90e351a1cbef92ba,1008,veh_004,ps-a4ec7ac7ed69787f,CAM,39.0,485.1744507400389,498.4,0.10881027179716146,-2.421278377173383,485.1744507400389,498.4,11.10881027179716,-2.421278377173383,nonce-d228a77f90e351a1cbef,True,False,speed_offset,True,0,"{""attack_ended_at"": 72.0, ""case_opened_at"": 20.0, ""lane_id"": ""wc_0"", ""road_id"": ""wc""}"
cam-1008-veh_005-000033,cam-1008-veh_005-000033,case-intersection-1008-veh_005-benign,root-20d0894a578b5ca80bcbf0a1,1008,veh_005,ps-969b062779822854,CAM,39.0,514.8236255008601,501.6,0.31398304579921316,-2.214289168511835,514.8236255008601,501.6,0.31398304579921316,-2.214289168511835,nonce-20d0894a578b5ca80bcb,True,False,benign,False,0,"{""attack_ended_at"": 39.0, ""case_opened_at"": 39.0, ""lane_id"": ""ec_0"", ""road_id"": ""ec""}"
replay-cam-1008-veh_006-000032,cam-1008-veh_006-000012,case-intersection-1008-veh_006-replay,root-9ea8f4310ed2d98496486915,1008,veh_006,ps-65fe799408ea4704,CAM,19.0,501.6,199.09321528622888,16.294288788237612,-0.34375931270420423,501.6,199.09321528622888,16.294288788237612,-0.34375931270420423,nonce-9ea8f4310ed2d9849648,True,False,replay,True,5,"{""attack_ended_at"": 19.0, ""case_opened_at"": 19.0, ""lane_id"": ""sc_0"", ""road_id"": ""sc""}"
cam-1008-veh_007-000031,cam-1008-veh_007-000031,case-intersection-1008-veh_007-benign,root-80d8efc874b72f63b4dce279,1008,veh_007,ps-30c2a00c607f04e2,CAM,39.0,498.4,491.90165843624163,15.934317519180478,-0.06225783939007634,498.4,491.90165843624163,15.934317519180478,-0.06225783939007634,nonce-80d8efc874b72f63b4dc,True,False,benign,False,0,"{""attack_ended_at"": 39.0, ""case_opened_at"": 39.0, ""lane_id"": ""cs_0"", ""road_id"": ""cs""}"
cam-1008-veh_008-000030,cam-1008-veh_008-000030,case-intersection-1008-veh_008-certificate_tamper,root-0ca69f6234eacb9ff3ad8bb5,1008,veh_008,ps-82218acb1d94705f,CAM,39.0,475.50403389378977,498.4,6.106349096036043,-4.5,475.50403389378977,498.4,6.106349096036043,-4.5,nonce-0ca69f6234eacb9ff3ad,False,False,certificate_tamper,True,0,"{""attack_ended_at"": 76.0, ""case_opened_at"": 24.0, ""lane_id"": ""wc_0"", ""road_id"": ""wc""}"
cam-1008-veh_009-000029,cam-1008-veh_009-000029,case-intersection-1008-veh_009-benign,root-2b0d8701800156845a13d9db,1008,veh_009,ps-7ceb479c74f04f24,CAM,39.0,594.5081807685374,501.6,14.211693989986616,0.38981958526186666,594.5081807685374,501.6,14.211693989986616,0.38981958526186666,nonce-2b0d8701800156845a13,True,False,benign,False,0,"{""attack_ended_at"": 39.0, ""case_opened_at"": 39.0, ""lane_id"": ""ec_0"", ""road_id"": ""ec""}"
cam-1008-veh_010-000028-f0,cam-1008-veh_010-000028,case-intersection-1008-veh_010-flood,root-8ee9adf886a8d4b29db4fafe,1008,veh_010,ps-3210978143869c35,CAM,39.0,501.6,459.23647043926644,16.013455000007525,-0.38946670639794334,501.6,459.23647043926644,16.013455000007525,-0.38946670639794334,nonce-8ee9adf886a8d4b29db4,True,False,flood,True,0,"{""attack_ended_at"": 78.0, ""case_opened_at"": 26.0, ""lane_id"": ""sc_0"", ""road_id"": ""sc""}"
cam-1008-veh_010-000028-f1,cam-1008-veh_010-000028,case-intersection-1008-veh_010-flood,root-8ee9adf886a8d4b29db4fafe,1008,veh_010,ps-3210978143869c35,CAM,39.0,501.6,459.23647043926644,16.013455000007525,-0.38946670639794334,501.6,459.23647043926644,16.013455000007525,-0.38946670639794334,nonce-8ee9adf886a8d4b29db4,True,False,flood,True,1,"{""attack_ended_at"": 78.0, ""case_opened_at"": 26.0, ""lane_id"": ""sc_0"", ""road_id"": ""sc""}"
cam-1008-veh_010-000028-f2,cam-1008-veh_010-000028,case-intersection-1008-veh_010-flood,root-8ee9adf886a8d4b29db4fafe,1008,veh_010,ps-3210978143869c35,CAM,39.0,501.6,459.23647043926644,16.013455000007525,-0.38946670639794334,501.6,459.23647043926644,16.013455000007525,-0.38946670639794334,nonce-8ee9adf886a8d4b29db4,True,False,flood,True,2,"{""attack_ended_at"": 78.0, ""case_opened_at"": 26.0, ""lane_id"": ""sc_0"", ""road_id"": ""sc""}"
cam-1008-veh_010-000028-f3,cam-1008-veh_010-000028,case-intersection-1008-veh_010-flood,root-8ee9adf886a8d4b29db4fafe,1008,veh_010,ps-3210978143869c35,CAM,39.0,501.6,459.23647043926644,16.013455000007525,-0.38946670639794334,501.6,459.23647043926644,16.013455000007525,-0.38946670639794334,nonce-8ee9adf886a8d4b29db4,True,False,flood,True,3,"{""attack_ended_at"": 78.0, ""case_opened_at"": 26.0, ""lane_id"": ""sc_0"", ""road_id"": ""sc""}"
cam-1008-veh_010-000028-f4,cam-1008-veh_010-000028,case-intersection-1008-veh_010-flood,root-8ee9adf886a8d4b29db4fafe,1008,veh_010,ps-3210978143869c35,CAM,39.0,501.6,459.23647043926644,16.013455000007525,-0.38946670639794334,501.6,459.23647043926644,16.013455000007525,-0.38946670639794334,nonce-8ee9adf886a8d4b29db4,True,False,flood,True,4,"{""attack_ended_at"": 78.0, ""case_opened_at"": 26.0, ""lane_id"": ""sc_0"", ""road_id"": ""sc""}"
cam-1008-veh_011-000027,cam-1008-veh_011-000027,case-intersection-1008-veh_011-benign,root-3f90baa3e1148b18b6d0cd90,1008,veh_011,ps-8a5d63d2056fbe7e,CAM,39.0,498.4,590.0592638978231,15.143560749770762,0.3439544260594989,498.4,590.0592638978231,15.143560749770762,0.3439544260594989,nonce-3f90baa3e1148b18b6d0,True,False,benign,False,0,"{""attack_ended_at"": 39.0, ""case_opened_at"": 39.0, ""lane_id"": ""nc_0"", ""road_id"": ""nc""}"
cam-1008-veh_012-000026,cam-1008-veh_012-000026,case-intersection-1008-veh_012-false_denm,root-d1a888b9419d3e1c98949985,1008,veh_012,ps-d55e51c88c138a2d,CAM,39.0,427.3969372056612,498.4,16.42207813614514,-0.13655648299958756,427.3969372056612,498.4,16.42207813614514,-0.13655648299958756,nonce-d1a888b9419d3e1c9894,True,False,false_denm,True,0,"{""attack_ended_at"": 80.0, ""case_opened_at"": 28.0, ""lane_id"": ""wc_0"", ""road_id"": ""wc""}"
cam-1008-veh_013-000025,cam-1008-veh_013-000025,case-intersection-1008-veh_013-benign,root-18147ab6e50843bb1e5f8e06,1008,veh_013,ps-c612038c409b5d43,CAM,39.0,618.6386390746758,501.6,13.65164450939467,-0.07461020279178676,618.6386390746758,501.6,13.65164450939467,-0.07461020279178676,nonce-18147ab6e50843bb1e5f,True,False,benign,False,0,"{""attack_ended_at"": 39.0, ""case_opened_at"": 39.0, ""lane_id"": ""ec_0"", ""road_id"": ""ec""}"
cam-1008-veh_014-000024-m0,cam-1008-veh_014-000024,case-intersection-1008-veh_014-mixed,root-c5a211db1625368041136638,1008,veh_014,ps-1c0f8ece3ddb0b0c,DENM,39.0,501.6,357.41534925025746,14.284447950430602,-0.5072331174602738,546.6,366.41534925025746,22.284447950430604,-0.5072331174602738,nonce-c5a211db162536804113,True,True,mixed,True,0,"{""attack_ended_at"": 82.0, ""case_opened_at"": 30.0, ""lane_id"": ""sc_0"", ""road_id"": ""sc""}"
cam-1008-veh_014-000024-m1,cam-1008-veh_014-000024,case-intersection-1008-veh_014-mixed,root-c5a211db1625368041136638,1008,veh_014,ps-1c0f8ece3ddb0b0c,DENM,39.0,501.6,357.41534925025746,14.284447950430602,-0.5072331174602738,546.6,366.41534925025746,22.284447950430604,-0.5072331174602738,nonce-c5a211db162536804113,True,True,mixed,True,1,"{""attack_ended_at"": 82.0, ""case_opened_at"": 30.0, ""lane_id"": ""sc_0"", ""road_id"": ""sc""}"
cam-1008-veh_014-000024-m2,cam-1008-veh_014-000024,case-intersection-1008-veh_014-mixed,root-c5a211db1625368041136638,1008,veh_014,ps-1c0f8ece3ddb0b0c,DENM,39.0,501.6,357.41534925025746,14.284447950430602,-0.5072331174602738,546.6,366.41534925025746,22.284447950430604,-0.5072331174602738,nonce-c5a211db162536804113,True,True,mixed,True,2,"{""attack_ended_at"": 82.0, ""case_opened_at"": 30.0, ""lane_id"": ""sc_0"", ""road_id"": ""sc""}"
cam-1008-veh_014-000024-m3,cam-1008-veh_014-000024,case-intersection-1008-veh_014-mixed,root-c5a211db1625368041136638,1008,veh_014,ps-1c0f8ece3ddb0b0c,DENM,39.0,501.6,357.41534925025746,14.284447950430602,-0.5072331174602738,546.6,366.41534925025746,22.284447950430604,-0.5072331174602738,nonce-c5a211db162536804113,True,True,mixed,True,3,"{""attack_ended_at"": 82.0, ""case_opened_at"": 30.0, ""lane_id"": ""sc_0"", ""road_id"": ""sc""}"
cam-1008-veh_015-000023,cam-1008-veh_015-000023,case-intersection-1008-veh_015-benign,root-e360e1bbd0a96c032e14cdf7,1008,veh_015,ps-77b1c1c85865d133,CAM,39.0,498.4,651.2312602723434,15.281247006057079,0.4803679464105528,498.4,651.2312602723434,15.281247006057079,0.4803679464105528,nonce-e360e1bbd0a96c032e14,True,False,benign,False,0,"{""attack_ended_at"": 39.0, ""case_opened_at"": 39.0, ""lane_id"": ""nc_0"", ""road_id"": ""nc""}"
cam-1008-veh_016-000022,cam-1008-veh_016-000022,case-intersection-1008-veh_016-benign,root-6c2ca5a4abaed96f84dbeb8c,1008,veh_016,ps-1e0348b1d8bfe014,CAM,39.0,358.85418444891,498.4,16.287413214403205,0.32187702808063356,358.85418444891,498.4,16.287413214403205,0.32187702808063356,nonce-6c2ca5a4abaed96f84db,True,False,benign,False,0,"{""attack_ended_at"": 39.0, ""case_opened_at"": 39.0, ""lane_id"": ""wc_0"", ""road_id"": ""wc""}"
cam-1008-veh_017-000021,cam-1008-veh_017-000021,case-intersection-1008-veh_017-benign,root-682eadd5dfd2e2bece920fd8,1008,veh_017,ps-31646c93226ae98c,CAM,39.0,655.6072148510673,501.6,16.33062159619294,0.15956012431997735,655.6072148510673,501.6,16.33062159619294,0.15956012431997735,nonce-682eadd5dfd2e2bece92,True,False,benign,False,0,"{""attack_ended_at"": 39.0, ""case_opened_at"": 39.0, ""lane_id"": ""ec_0"", ""road_id"": ""ec""}"
cam-1008-veh_018-000020,cam-1008-veh_018-000020,case-intersection-1008-veh_018-benign,root-1b9bd921551cf672b2df71e2,1008,veh_018,ps-55c539e5052cea58,CAM,39.0,501.6,291.4092428119075,13.971967098594616,-0.6571729563502604,501.6,291.4092428119075,13.971967098594616,-0.6571729563502604,nonce-1b9bd921551cf672b2df,True,False,benign,False,0,"{""attack_ended_at"": 39.0, ""case_opened_at"": 39.0, ""lane_id"": ""sc_0"", ""road_id"": ""sc""}"
cam-1008-veh_019-000019,cam-1008-veh_019-000019,case-intersection-1008-veh_019-benign,root-704481ada042660434bc0624,1008,veh_019,ps-6e220b4f697c2cd3,CAM,39.0,498.4,713.0842446760635,14.635524816360931,-0.22464819355867682,498.4,713.0842446760635,14.635524816360931,-0.22464819355867682,nonce-704481ada042660434bc,True,False,benign,False,0,"{""attack_ended_at"": 39.0, ""case_opened_at"": 39.0, ""lane_id"": ""nc_0"", ""road_id"": ""nc""}"
cam-1008-veh_020-000018,cam-1008-veh_020-000018,case-intersection-1008-veh_020-benign,root-79802079191927e9857cba63,1008,veh_020,ps-fb97d0e5da402071,CAM,39.0,295.60579589438163,498.4,16.621955296443776,0.23760680307168514,295.60579589438163,498.4,16.621955296443776,0.23760680307168514,nonce-79802079191927e9857c,True,False,benign,False,0,"{""attack_ended_at"": 39.0, ""case_opened_at"": 39.0, ""lane_id"": ""wc_0"", ""road_id"": ""wc""}"
cam-1008-veh_021-000017,cam-1008-veh_021-000017,case-intersection-1008-veh_021-benign,root-87abd11571d34e468faa5466,1008,veh_021,ps-7461357a64efe09e,CAM,39.0,719.4198135308295,501.6,16.45226809289698,0.3155094515020025,719.4198135308295,501.6,16.45226809289698,0.3155094515020025,nonce-87abd11571d34e468faa,True,False,benign,False,0,"{""attack_ended_at"": 39.0, ""case_opened_at"": 39.0, ""lane_id"": ""ec_0"", ""road_id"": ""ec""}"
cam-1008-veh_022-000016,cam-1008-veh_022-000016,case-intersection-1008-veh_022-benign,root-7af09ff30d46b84722b26bcc,1008,veh_022,ps-b515230e59090b79,CAM,39.0,501.6,251.98324363255824,15.542954679623211,-0.24175062103662626,501.6,251.98324363255824,15.542954679623211,-0.24175062103662626,nonce-7af09ff30d46b84722b2,True,False,benign,False,0,"{""attack_ended_at"": 39.0, ""case_opened_at"": 39.0, ""lane_id"": ""sc_0"", ""road_id"": ""sc""}"
cam-1008-veh_023-000015,cam-1008-veh_023-000015,case-intersection-1008-veh_023-benign,root-d1f5c9adecd724aab75e19e0,1008,veh_023,ps-92555cef08137c2d,CAM,39.0,498.4,772.5656420789855,15.15110974271992,0.35060995740350265,498.4,772.5656420789855,15.15110974271992,0.35060995740350265,nonce-d1f5c9adecd724aab75e,True,False,benign,False,0,"{""attack_ended_at"": 39.0, ""case_opened_at"": 39.0, ""lane_id"": ""nc_0"", ""road_id"": ""nc""}"
cam-1008-veh_000-000039,cam-1008-veh_000-000039,case-intersection-1008-veh_000-benign,root-4f8ccdfb2157b5f86e8c107c,1008,veh_000,ps-c836b37964202f27,CAM,40.0,492.6989902911777,498.4,0.0,0.0,492.6989902911777,498.4,0.0,0.0,nonce-4f8ccdfb2157b5f86e8c,True,False,benign,False,0,"{""attack_ended_at"": 40.0, ""case_opened_at"": 40.0, ""lane_id"": ""wc_0"", ""road_id"": ""wc""}"
cam-1008-veh_001-000038,cam-1008-veh_001-000038,case-intersection-1008-veh_001-benign,root-f837357f2e592ecf739f776e,1008,veh_001,ps-06cf0c7bb8481f37,CAM,40.0,507.3010226260759,501.6,0.0,0.0,507.3010226260759,501.6,0.0,0.0,nonce-f837357f2e592ecf739f,True,False,benign,False,0,"{""attack_ended_at"": 40.0, ""case_opened_at"": 40.0, ""lane_id"": ""ec_0"", ""road_id"": ""ec""}"
cam-1008-veh_002-000037,cam-1008-veh_002-000037,case-intersection-1008-veh_002-position_offset,root-fc8eb5168de1b5a38d4e876b,1008,veh_002,ps-c10217be2cfbfbad,CAM,40.0,501.6,531.2794405053802,13.896613565127842,-0.058838336938061175,566.6,547.5294405053802,13.896613565127842,-0.058838336938061175,nonce-fc8eb5168de1b5a38d4e,True,False,position_offset,True,0,"{""attack_ended_at"": 70.0, ""case_opened_at"": 18.0, ""lane_id"": ""cn_0"", ""road_id"": ""cn""}"
cam-1008-veh_003-000036,cam-1008-veh_003-000036,case-intersection-1008-veh_003-benign,root-ceb7c01cd5527294bb855da3,1008,veh_003,ps-b84d6e13ef43c957,CAM,40.0,498.4,412.2053078986191,16.121782223042104,0.22937481143977578,498.4,412.2053078986191,16.121782223042104,0.22937481143977578,nonce-ceb7c01cd5527294bb85,True,False,benign,False,0,"{""attack_ended_at"": 40.0, ""case_opened_at"": 40.0, ""lane_id"": ""cs_0"", ""road_id"": ""cs""}"
cam-1008-veh_004-000035,cam-1008-veh_004-000035,case-intersection-1008-veh_004-speed_offset,root-89ed63e1d30b4d60242ff63f,1008,veh_004,ps-a4ec7ac7ed69787f,CAM,40.0,485.19296636456596,498.4,0.0185156245271054,-0.09029464727005607,485.19296636456596,498.4,11.018515624527105,-0.09029464727005607,nonce-89ed63e1d30b4d60242f,True,False,speed_offset,True,0,"{""attack_ended_at"": 72.0, ""case_opened_at"": 20.0, ""lane_id"": ""wc_0"", ""road_id"": ""wc""}"
cam-1008-veh_005-000034,cam-1008-veh_005-000034,case-intersection-1008-veh_005-benign,root-25c8f3c397925ba41445564d,1008,veh_005,ps-969b062779822854,CAM,40.0,514.8022871416129,501.6,0.021338359247229318,-0.29264468655198383,514.8022871416129,501.6,0.021338359247229318,-0.29264468655198383,nonce-25c8f3c397925ba41445,True,False,benign,False,0,"{""attack_ended_at"": 40.0, ""case_opened_at"": 40.0, ""lane_id"": ""ec_0"", ""road_id"": ""ec""}"
replay-cam-1008-veh_006-000033,cam-1008-veh_006-000013,case-intersection-1008-veh_006-replay,root-732bbc1af557c50a78ee1969,1008,veh_006,ps-65fe799408ea4704,CAM,20.0,501.6,215.10187627093873,16.00866098470986,-0.28562780352775263,501.6,215.10187627093873,16.00866098470986,-0.28562780352775263,nonce-732bbc1af557c50a78ee,True,False,replay,True,5,"{""attack_ended_at"": 20.0, ""case_opened_at"": 20.0, ""lane_id"": ""sc_0"", ""road_id"": ""sc""}"
cam-1008-veh_007-000032,cam-1008-veh_007-000032,case-intersection-1008-veh_007-benign,root-0e9894f100629df384a1e607,1008,veh_007,ps-30c2a00c607f04e2,CAM,40.0,498.4,475.63632498090163,16.265333455340006,0.3310159361595275,498.4,475.63632498090163,16.265333455340006,0.3310159361595275,nonce-0e9894f100629df384a1,True,False,benign,False,0,"{""attack_ended_at"": 40.0, ""case_opened_at"": 40.0, ""lane_id"": ""cs_0"", ""road_id"": ""cs""}"
cam-1008-veh_008-000031,cam-1008-veh_008-000031,case-intersection-1008-veh_008-certificate_tamper,root-c587ea2e9c97f12dcb7badc2,1008,veh_008,ps-82218acb1d94705f,CAM,40.0,477.4734542050033,498.4,1.9694203112135331,-4.13692878482251,477.4734542050033,498.4,1.9694203112135331,-4.13692878482251,nonce-c587ea2e9c97f12dcb7b,False,False,certificate_tamper,True,0,"{""attack_ended_at"": 76.0, ""case_opened_at"": 24.0, ""lane_id"": ""wc_0"", ""road_id"": ""wc""}"
cam-1008-veh_009-000030,cam-1008-veh_009-000030,case-intersection-1008-veh_009-benign,root-bbe269902361cdb0e31c1bea,1008,veh_009,ps-7ceb479c74f04f24,CAM,40.0,580.8188089523633,501.6,13.689371816174187,-0.5223221738124284,580.8188089523633,501.6,13.689371816174187,-0.5223221738124284,nonce-bbe269902361cdb0e31c,True,False,benign,False,0,"{""attack_ended_at"": 40.0, ""case_opened_at"": 40.0, ""lane_id"": ""ec_0"", ""road_id"": ""ec""}"
cam-1008-veh_010-000029-f0,cam-1008-veh_010-000029,case-intersection-1008-veh_010-flood,root-d037050fbe67dde5fba101c0,1008,veh_010,ps-3210978143869c35,CAM,40.0,501.6,475.8157534744311,16.5792830351647,0.5658280351571747,501.6,475.8157534744311,16.5792830351647,0.5658280351571747,nonce-d037050fbe67dde5fba1,True,False,flood,True,0,"{""attack_ended_at"": 78.0, ""case_opened_at"": 26.0, ""lane_id"": ""sc_0"", ""road_id"": ""sc""}"
cam-1008-veh_010-000029-f1,cam-1008-veh_010-000029,case-intersection-1008-veh_010-flood,root-d037050fbe67dde5fba101c0,1008,veh_010,ps-3210978143869c35,CAM,40.0,501.6,475.8157534744311,16.5792830351647,0.5658280351571747,501.6,475.8157534744311,16.5792830351647,0.5658280351571747,nonce-d037050fbe67dde5fba1,True,False,flood,True,1,"{""attack_ended_at"": 78.0, ""case_opened_at"": 26.0, ""lane_id"": ""sc_0"", ""road_id"": ""sc""}"
cam-1008-veh_010-000029-f2,cam-1008-veh_010-000029,case-intersection-1008-veh_010-flood,root-d037050fbe67dde5fba101c0,1008,veh_010,ps-3210978143869c35,CAM,40.0,501.6,475.8157534744311,16.5792830351647,0.5658280351571747,501.6,475.8157534744311,16.5792830351647,0.5658280351571747,nonce-d037050fbe67dde5fba1,True,False,flood,True,2,"{""attack_ended_at"": 78.0, ""case_opened_at"": 26.0, ""lane_id"": ""sc_0"", ""road_id"": ""sc""}"
cam-1008-veh_010-000029-f3,cam-1008-veh_010-000029,case-intersection-1008-veh_010-flood,root-d037050fbe67dde5fba101c0,1008,veh_010,ps-3210978143869c35,CAM,40.0,501.6,475.8157534744311,16.5792830351647,0.5658280351571747,501.6,475.8157534744311,16.5792830351647,0.5658280351571747,nonce-d037050fbe67dde5fba1,True,False,flood,True,3,"{""attack_ended_at"": 78.0, ""case_opened_at"": 26.0, ""lane_id"": ""sc_0"", ""road_id"": ""sc""}"
cam-1008-veh_010-000029-f4,cam-1008-veh_010-000029,case-intersection-1008-veh_010-flood,root-d037050fbe67dde5fba101c0,1008,veh_010,ps-3210978143869c35,CAM,40.0,501.6,475.8157534744311,16.5792830351647,0.5658280351571747,501.6,475.8157534744311,16.5792830351647,0.5658280351571747,nonce-d037050fbe67dde5fba1,True,False,flood,True,4,"{""attack_ended_at"": 78.0, ""case_opened_at"": 26.0, ""lane_id"": ""sc_0"", ""road_id"": ""sc""}"
cam-1008-veh_011-000028,cam-1008-veh_011-000028,case-intersection-1008-veh_011-benign,root-da9abf17d8778b1c4dedd41e,1008,veh_011,ps-8a5d63d2056fbe7e,CAM,40.0,498.4,574.9705450514632,15.08871884635991,-0.0548419034108516,498.4,574.9705450514632,15.08871884635991,-0.0548419034108516,nonce-da9abf17d8778b1c4ded,True,False,benign,False,0,"{""attack_ended_at"": 40.0, ""case_opened_at"": 40.0, ""lane_id"": ""nc_0"", ""road_id"": ""nc""}"
cam-1008-veh_012-000027,cam-1008-veh_012-000027,case-intersection-1008-veh_012-false_denm,root-1d9b33829de4c9930fa1eb24,1008,veh_012,ps-d55e51c88c138a2d,CAM,40.0,444.0345461198549,498.4,16.6376089141937,0.21553077804856002,444.0345461198549,498.4,16.6376089141937,0.21553077804856002,nonce-1d9b33829de4c9930fa1,True,False,false_denm,True,0,"{""attack_ended_at"": 80.0, ""case_opened_at"": 28.0, ""lane_id"": ""wc_0"", ""road_id"": ""wc""}"
cam-1008-veh_013-000026,cam-1008-veh_013-000026,case-intersection-1008-veh_013-benign,root-fbe9451942706d8f3ea48c44,1008,veh_013,ps-c612038c409b5d43,CAM,40.0,604.2223380800851,501.6,14.416300994590655,0.7646564851959852,604.2223380800851,501.6,14.416300994590655,0.7646564851959852,nonce-fbe9451942706d8f3ea4,True,False,benign,False,0,"{""attack_ended_at"": 40.0, ""case_opened_at"": 40.0, ""lane_id"": ""ec_0"", ""road_id"": ""ec""}"
cam-1008-veh_014-000025-m0,cam-1008-veh_014-000025,case-intersection-1008-veh_014-mixed,root-6425b7cd913a70a43d1c2502,1008,veh_014,ps-1c0f8ece3ddb0b0c,DENM,40.0,501.6,371.91489421171315,14.499544961455666,0.21509701102506362,546.6,380.91489421171315,22.499544961455666,0.21509701102506362,nonce-6425b7cd913a70a43d1c,True,True,mixed,True,0,"{""attack_ended_at"": 82.0, ""case_opened_at"": 30.0, ""lane_id"": ""sc_0"", ""road_id"": ""sc""}"
cam-1008-veh_014-000025-m1,cam-1008-veh_014-000025,case-intersection-1008-veh_014-mixed,root-6425b7cd913a70a43d1c2502,1008,veh_014,ps-1c0f8ece3ddb0b0c,DENM,40.0,501.6,371.91489421171315,14.499544961455666,0.21509701102506362,546.6,380.91489421171315,22.499544961455666,0.21509701102506362,nonce-6425b7cd913a70a43d1c,True,True,mixed,True,1,"{""attack_ended_at"": 82.0, ""case_opened_at"": 30.0, ""lane_id"": ""sc_0"", ""road_id"": ""sc""}"
cam-1008-veh_014-000025-m2,cam-1008-veh_014-000025,case-intersection-1008-veh_014-mixed,root-6425b7cd913a70a43d1c2502,1008,veh_014,ps-1c0f8ece3ddb0b0c,DENM,40.0,501.6,371.91489421171315,14.499544961455666,0.21509701102506362,546.6,380.91489421171315,22.499544961455666,0.21509701102506362,nonce-6425b7cd913a70a43d1c,True,True,mixed,True,2,"{""attack_ended_at"": 82.0, ""case_opened_at"": 30.0, ""lane_id"": ""sc_0"", ""road_id"": ""sc""}"
cam-1008-veh_014-000025-m3,cam-1008-veh_014-000025,case-intersection-1008-veh_014-mixed,root-6425b7cd913a70a43d1c2502,1008,veh_014,ps-1c0f8ece3ddb0b0c,DENM,40.0,501.6,371.91489421171315,14.499544961455666,0.21509701102506362,546.6,380.91489421171315,22.499544961455666,0.21509701102506362,nonce-6425b7cd913a70a43d1c,True,True,mixed,True,3,"{""attack_ended_at"": 82.0, ""case_opened_at"": 30.0, ""lane_id"": ""sc_0"", ""road_id"": ""sc""}"
cam-1008-veh_015-000024,cam-1008-veh_015-000024,case-intersection-1008-veh_015-benign,root-ef4189fdbd70f1a4d870e469,1008,veh_015,ps-77b1c1c85865d133,CAM,40.0,498.4,636.6100551787359,14.621205093607555,-0.6600419124495236,498.4,636.6100551787359,14.621205093607555,-0.6600419124495236,nonce-ef4189fdbd70f1a4d870,True,False,benign,False,0,"{""attack_ended_at"": 40.0, ""case_opened_at"": 40.0, ""lane_id"": ""nc_0"", ""road_id"": ""nc""}"
cam-1008-veh_016-000023,cam-1008-veh_016-000023,case-intersection-1008-veh_016-benign,root-f941091d7621abc266a3adf7,1008,veh_016,ps-1e0348b1d8bfe014,CAM,40.0,375.44887501785075,498.4,16.594690568940717,0.30727735453751137,375.44887501785075,498.4,16.594690568940717,0.30727735453751137,nonce-f941091d7621abc266a3,True,False,benign,False,0,"{""attack_ended_at"": 40.0, ""case_opened_at"": 40.0, ""lane_id"": ""wc_0"", ""road_id"": ""wc""}"
cam-1008-veh_017-000022,cam-1008-veh_017-000022,case-intersection-1008-veh_017-benign,root-24ff2aa35aa5fe3069c325ca,1008,veh_017,ps-31646c93226ae98c,CAM,40.0,639.1388972967025,501.6,16.468317554364916,0.13769595817197455,639.1388972967025,501.6,16.468317554364916,0.13769595817197455,nonce-24ff2aa35aa5fe3069c3,True,False,benign,False,0,"{""attack_ended_at"": 40.0, ""case_opened_at"": 40.0, ""lane_id"": ""ec_0"", ""road_id"": ""ec""}"
cam-1008-veh_018-000021,cam-1008-veh_018-000021,case-intersection-1008-veh_018-benign,root-b3e16843f46f003a66578937,1008,veh_018,ps-55c539e5052cea58,CAM,40.0,501.6,305.5067515061232,14.097508694215652,0.12554159562103528,501.6,305.5067515061232,14.097508694215652,0.12554159562103528,nonce-b3e16843f46f003a6657,True,False,benign,False,0,"{""attack_ended_at"": 40.0, ""case_opened_at"": 40.0, ""lane_id"": ""sc_0"", ""road_id"": ""sc""}"
cam-1008-veh_019-000020,cam-1008-veh_019-000020,case-intersection-1008-veh_019-benign,root-6d1da2617383427e243918b2,1008,veh_019,ps-6e220b4f697c2cd3,CAM,40.0,498.4,698.0436494570245,15.040595219039032,0.4050704026781009,498.4,698.0436494570245,15.040595219039032,0.4050704026781009,nonce-6d1da2617383427e2439,True,False,benign,False,0,"{""attack_ended_at"": 40.0, ""case_opened_at"": 40.0, ""lane_id"": ""nc_0"", ""road_id"": ""nc""}"
cam-1008-veh_020-000019,cam-1008-veh_020-000019,case-intersection-1008-veh_020-benign,root-c9da2e70bd76e575c9e73577,1008,veh_020,ps-fb97d0e5da402071,CAM,40.0,312.1351437828923,498.4,16.529347888510674,-0.09260740793310163,312.1351437828923,498.4,16.529347888510674,-0.09260740793310163,nonce-c9da2e70bd76e575c9e7,True,False,benign,False,0,"{""attack_ended_at"": 40.0, ""case_opened_at"": 40.0, ""lane_id"": ""wc_0"", ""road_id"": ""wc""}"
cam-1008-veh_021-000018,cam-1008-veh_021-000018,case-intersection-1008-veh_021-benign,root-9e1a20b6508f97d7d7f0fc89,1008,veh_021,ps-7461357a64efe09e,CAM,40.0,703.0284357770845,501.6,16.391377753745022,-0.06089033915195685,703.0284357770845,501.6,16.391377753745022,-0.06089033915195685,nonce-9e1a20b6508f97d7d7f0,True,False,benign,False,0,"{""attack_ended_at"": 40.0, ""case_opened_at"": 40.0, ""lane_id"": ""ec_0"", ""road_id"": ""ec""}"
cam-1008-veh_022-000017,cam-1008-veh_022-000017,case-intersection-1008-veh_022-benign,root-4b7f25e150df3e66f618f32f,1008,veh_022,ps-b515230e59090b79,CAM,40.0,501.6,267.46470492964374,15.481461297085474,-0.06149338253773706,501.6,267.46470492964374,15.481461297085474,-0.06149338253773706,nonce-4b7f25e150df3e66f618,True,False,benign,False,0,"{""attack_ended_at"": 40.0, ""case_opened_at"": 40.0, ""lane_id"": ""sc_0"", ""road_id"": ""sc""}"
cam-1008-veh_023-000016,cam-1008-veh_023-000016,case-intersection-1008-veh_023-benign,root-07f2efb09517f0876b5c7539,1008,veh_023,ps-92555cef08137c2d,CAM,40.0,498.4,757.641364638348,14.92427744063759,-0.22683230208232885,498.4,757.641364638348,14.92427744063759,-0.22683230208232885,nonce-07f2efb09517f0876b5c,True,False,benign,False,0,"{""attack_ended_at"": 40.0, ""case_opened_at"": 40.0, ""lane_id"": ""nc_0"", ""road_id"": ""nc""}"
cam-1008-veh_000-000040,cam-1008-veh_000-000040,case-intersection-1008-veh_000-benign,root-c450bc3c211abf051889b793,1008,veh_000,ps-c836b37964202f27,CAM,41.0,492.6989902911777,498.4,0.0,0.0,492.6989902911777,498.4,0.0,0.0,nonce-c450bc3c211abf051889,True,False,benign,False,0,"{""attack_ended_at"": 41.0, ""case_opened_at"": 41.0, ""lane_id"": ""wc_0"", ""road_id"": ""wc""}"
cam-1008-veh_001-000039,cam-1008-veh_001-000039,case-intersection-1008-veh_001-benign,root-b266c9b9bb279ec5a56011dc,1008,veh_001,ps-06cf0c7bb8481f37,CAM,41.0,507.3010226260759,501.6,0.0,0.0,507.3010226260759,501.6,0.0,0.0,nonce-b266c9b9bb279ec5a560,True,False,benign,False,0,"{""attack_ended_at"": 41.0, ""case_opened_at"": 41.0, ""lane_id"": ""ec_0"", ""road_id"": ""ec""}"
cam-1008-veh_002-000038,cam-1008-veh_002-000038,case-intersection-1008-veh_002-position_offset,root-a3253a2283d7bb6f71b7c171,1008,veh_002,ps-c10217be2cfbfbad,CAM,41.0,501.6,545.2173773192335,13.937936813853227,0.0413232487253854,566.6,561.4673773192335,13.937936813853227,0.0413232487253854,nonce-a3253a2283d7bb6f71b7,True,False,position_offset,True,0,"{""attack_ended_at"": 70.0, ""case_opened_at"": 18.0, ""lane_id"": ""cn_0"", ""road_id"": ""cn""}"
cam-1008-veh_003-000037,cam-1008-veh_003-000037,case-intersection-1008-veh_003-benign,root-5da824e5c3ea1779d45cb684,1008,veh_003,ps-b84d6e13ef43c957,CAM,41.0,498.4,395.8727256103045,16.33258228831459,0.21080006527248685,498.4,395.8727256103045,16.33258228831459,0.21080006527248685,nonce-5da824e5c3ea1779d45c,True,False,benign,False,0,"{""attack_ended_at"": 41.0, ""case_opened_at"": 41.0, ""lane_id"": ""cs_0"", ""road_id"": ""cs""}"
cam-1008-veh_004-000036,cam-1008-veh_004-000036,case-intersection-1008-veh_004-speed_offset,root-abcd7bf52a14e5ef2b2c844b,1008,veh_004,ps-a4ec7ac7ed69787f,CAM,41.0,485.19769636753233,498.4,0.004730002966354298,-0.0137856215607511,485.19769636753233,498.4,11.004730002966355,-0.0137856215607511,nonce-abcd7bf52a14e5ef2b2c,True,False,speed_offset,True,0,"{""attack_ended_at"": 72.0, ""case_opened_at"": 20.0, ""lane_id"": ""wc_0"", ""road_id"": ""wc""}"
cam-1008-veh_005-000035,cam-1008-veh_005-000035,case-intersection-1008-veh_005-benign,root-5cb3016948451a8b40da58ad,1008,veh_005,ps-969b062779822854,CAM,41.0,514.8020644976245,501.6,0.00022264398831689877,-0.02111571525891242,514.8020644976245,501.6,0.00022264398831689877,-0.02111571525891242,nonce-5cb3016948451a8b40da,True,False,benign,False,0,"{""attack_ended_at"": 41.0, ""case_opened_at"": 41.0, ""lane_id"": ""ec_0"", ""road_id"": ""ec""}"
replay-cam-1008-veh_006-000034,cam-1008-veh_006-000014,case-intersection-1008-veh_006-replay,root-e6073782afc54a5381804d00,1008,veh_006,ps-65fe799408ea4704,CAM,21.0,501.6,231.44104983772158,16.339173566782847,0.3305125820729877,501.6,231.44104983772158,16.339173566782847,0.3305125820729877,nonce-e6073782afc54a538180,True,False,replay,True,5,"{""attack_ended_at"": 21.0, ""case_opened_at"": 21.0, ""lane_id"": ""sc_0"", ""road_id"": ""sc""}"
cam-1008-veh_007-000033,cam-1008-veh_007-000033,case-intersection-1008-veh_007-benign,root-538f9ccd9b944c2393b5ea21,1008,veh_007,ps-30c2a00c607f04e2,CAM,41.0,498.4,459.4796529082256,16.156672072676013,-0.10866138266399261,498.4,459.4796529082256,16.156672072676013,-0.10866138266399261,nonce-538f9ccd9b944c2393b5,True,False,benign,False,0,"{""attack_ended_at"": 41.0, ""case_opened_at"": 41.0, ""lane_id"": ""cs_0"", ""road_id"": ""cs""}"
cam-1008-veh_008-000032,cam-1008-veh_008-000032,case-intersection-1008-veh_008-certificate_tamper,root-261e43931785c969768b639f,1008,veh_008,ps-82218acb1d94705f,CAM,41.0,477.6710542797214,498.4,0.19760007471806784,-1.7718202364954654,477.6710542797214,498.4,0.19760007471806784,-1.7718202364954654,nonce-261e43931785c969768b,False,False,certificate_tamper,True,0,"{""attack_ended_at"": 76.0, ""case_opened_at"": 24.0, ""lane_id"": ""wc_0"", ""road_id"": ""wc""}"
cam-1008-veh_009-000031,cam-1008-veh_009-000031,case-intersection-1008-veh_009-benign,root-60adf7443f4af03f39411798,1008,veh_009,ps-7ceb479c74f04f24,CAM,41.0,566.6612290979083,501.6,14.157579854454907,0.46820803828071966,566.6612290979083,501.6,14.157579854454907,0.46820803828071966,nonce-60adf7443f4af03f3941,True,False,benign,False,0,"{""attack_ended_at"": 41.0, ""case_opened_at"": 41.0, ""lane_id"": ""ec_0"", ""road_id"": ""ec""}"
cam-1008-veh_010-000030-f0,cam-1008-veh_010-000030,case-intersection-1008-veh_010-flood,root-b34098f2513a0293c9dac9be,1008,veh_010,ps-3210978143869c35,CAM,41.0,501.6,492.2147004248412,16.398946950410128,-0.18033608475457186,501.6,492.2147004248412,16.398946950410128,-0.18033608475457186,nonce-b34098f2513a0293c9da,True,False,flood,True,0,"{""attack_ended_at"": 78.0, ""case_opened_at"": 26.0, ""lane_id"": ""sc_0"", ""road_id"": ""sc""}"
cam-1008-veh_010-000030-f1,cam-1008-veh_010-000030,case-intersection-1008-veh_010-flood,root-b34098f2513a0293c9dac9be,1008,veh_010,ps-3210978143869c35,CAM,41.0,501.6,492.2147004248412,16.398946950410128,-0.18033608475457186,501.6,492.2147004248412,16.398946950410128,-0.18033608475457186,nonce-b34098f2513a0293c9da,True,False,flood,True,1,"{""attack_ended_at"": 78.0, ""case_opened_at"": 26.0, ""lane_id"": ""sc_0"", ""road_id"": ""sc""}"
cam-1008-veh_010-000030-f2,cam-1008-veh_010-000030,case-intersection-1008-veh_010-flood,root-b34098f2513a0293c9dac9be,1008,veh_010,ps-3210978143869c35,CAM,41.0,501.6,492.2147004248412,16.398946950410128,-0.18033608475457186,501.6,492.2147004248412,16.398946950410128,-0.18033608475457186,nonce-b34098f2513a0293c9da,True,False,flood,True,2,"{""attack_ended_at"": 78.0, ""case_opened_at"": 26.0, ""lane_id"": ""sc_0"", ""road_id"": ""sc""}"
cam-1008-veh_010-000030-f3,cam-1008-veh_010-000030,case-intersection-1008-veh_010-flood,root-b34098f2513a0293c9dac9be,1008,veh_010,ps-3210978143869c35,CAM,41.0,501.6,492.2147004248412,16.398946950410128,-0.18033608475457186,501.6,492.2147004248412,16.398946950410128,-0.18033608475457186,nonce-b34098f2513a0293c9da,True,False,flood,True,3,"{""attack_ended_at"": 78.0, ""case_opened_at"": 26.0, ""lane_id"": ""sc_0"", ""road_id"": ""sc""}"
cam-1008-veh_010-000030-f4,cam-1008-veh_010-000030,case-intersection-1008-veh_010-flood,root-b34098f2513a0293c9dac9be,1008,veh_010,ps-3210978143869c35,CAM,41.0,501.6,492.2147004248412,16.398946950410128,-0.18033608475457186,501.6,492.2147004248412,16.398946950410128,-0.18033608475457186,nonce-b34098f2513a0293c9da,True,False,flood,True,4,"{""attack_ended_at"": 78.0, ""case_opened_at"": 26.0, ""lane_id"": ""sc_0"", ""road_id"": ""sc""}"
cam-1008-veh_011-000029,cam-1008-veh_011-000029,case-intersection-1008-veh_011-benign,root-bd35009c0e67e9bd18121637,1008,veh_011,ps-8a5d63d2056fbe7e,CAM,41.0,498.4,560.1532283832586,14.817316668204652,-0.2714021781552578,498.4,560.1532283832586,14.817316668204652,-0.2714021781552578,nonce-bd35009c0e67e9bd1812,True,False,benign,False,0,"{""attack_ended_at"": 41.0, ""case_opened_at"": 41.0, ""lane_id"": ""nc_0"", ""road_id"": ""nc""}"
cam-1008-veh_012-000028,cam-1008-veh_012-000028,case-intersection-1008-veh_012-false_denm,root-03963e66ef9a13dd39be0a61,1008,veh_012,ps-d55e51c88c138a2d,CAM,41.0,456.86854115682405,498.4,12.833995036969144,-3.8036138772245547,456.86854115682405,498.4,12.833995036969144,-3.8036138772245547,nonce-03963e66ef9a13dd39be,True,False,false_denm,True,0,"{""attack_ended_at"": 80.0, ""case_opened_at"": 28.0, ""lane_id"": ""wc_0"", ""road_id"": ""wc""}"
cam-1008-veh_013-000027,cam-1008-veh_013-000027,case-intersection-1008-veh_013-benign,root-a173550fe6e0e78055ed6e06,1008,veh_013,ps-c612038c409b5d43,CAM,41.0,590.1912499096359,501.6,14.031088170449342,-0.38521282414131264,590.1912499096359,501.6,14.031088170449342,-0.38521282414131264,nonce-a173550fe6e0e78055ed,True,False,benign,False,0,"{""attack_ended_at"": 41.0, ""case_opened_at"": 41.0, ""lane_id"": ""ec_0"", ""road_id"": ""ec""}"
cam-1008-veh_014-000026-m0,cam-1008-veh_014-000026,case-intersection-1008-veh_014-mixed,root-9c8d92e2060beade04807430,1008,veh_014,ps-1c0f8ece3ddb0b0c,DENM,41.0,501.6,386.70218027012453,14.78728605841139,0.2877410969557239,546.6,395.70218027012453,22.78728605841139,0.2877410969557239,nonce-9c8d92e2060beade0480,True,True,mixed,True,0,"{""attack_ended_at"": 82.0, ""case_opened_at"": 30.0, ""lane_id"": ""sc_0"", ""road_id"": ""sc""}"
cam-1008-veh_014-000026-m1,cam-1008-veh_014-000026,case-intersection-1008-veh_014-mixed,root-9c8d92e2060beade04807430,1008,veh_014,ps-1c0f8ece3ddb0b0c,DENM,41.0,501.6,386.70218027012453,14.78728605841139,0.2877410969557239,546.6,395.70218027012453,22.78728605841139,0.2877410969557239,nonce-9c8d92e2060beade0480,True,True,mixed,True,1,"{""attack_ended_at"": 82.0, ""case_opened_at"": 30.0, ""lane_id"": ""sc_0"", ""road_id"": ""sc""}"
cam-1008-veh_014-000026-m2,cam-1008-veh_014-000026,case-intersection-1008-veh_014-mixed,root-9c8d92e2060beade04807430,1008,veh_014,ps-1c0f8ece3ddb0b0c,DENM,41.0,501.6,386.70218027012453,14.78728605841139,0.2877410969557239,546.6,395.70218027012453,22.78728605841139,0.2877410969557239,nonce-9c8d92e2060beade0480,True,True,mixed,True,2,"{""attack_ended_at"": 82.0, ""case_opened_at"": 30.0, ""lane_id"": ""sc_0"", ""road_id"": ""sc""}"
cam-1008-veh_014-000026-m3,cam-1008-veh_014-000026,case-intersection-1008-veh_014-mixed,root-9c8d92e2060beade04807430,1008,veh_014,ps-1c0f8ece3ddb0b0c,DENM,41.0,501.6,386.70218027012453,14.78728605841139,0.2877410969557239,546.6,395.70218027012453,22.78728605841139,0.2877410969557239,nonce-9c8d92e2060beade0480,True,True,mixed,True,3,"{""attack_ended_at"": 82.0, ""case_opened_at"": 30.0, ""lane_id"": ""sc_0"", ""road_id"": ""sc""}"
cam-1008-veh_015-000025,cam-1008-veh_015-000025,case-intersection-1008-veh_015-benign,root-06007992e9344b3a1ada52b8,1008,veh_015,ps-77b1c1c85865d133,CAM,41.0,498.4,621.9647916273384,14.645263551397496,0.0240584577899412,498.4,621.9647916273384,14.645263551397496,0.0240584577899412,nonce-06007992e9344b3a1ada,True,False,benign,False,0,"{""attack_ended_at"": 41.0, ""case_opened_at"": 41.0, ""lane_id"": ""nc_0"", ""road_id"": ""nc""}"
cam-1008-veh_016-000024,cam-1008-veh_016-000024,case-intersection-1008-veh_016-benign,root-9aa8bc385a5fed0003a9b340,1008,veh_016,ps-1e0348b1d8bfe014,CAM,41.0,391.56725218916324,498.4,16.11837717131246,-0.47631339762825675,391.56725218916324,498.4,16.11837717131246,-0.47631339762825675,nonce-9aa8bc385a5fed0003a9,True,False,benign,False,0,"{""attack_ended_at"": 41.0, ""case_opened_at"": 41.0, ""lane_id"": ""wc_0"", ""road_id"": ""wc""}"
cam-1008-veh_017-000023,cam-1008-veh_017-000023,case-intersection-1008-veh_017-benign,root-bfc8006f4e963452467c5fa5,1008,veh_017,ps-31646c93226ae98c,CAM,41.0,623.1385696795163,501.6,16.000327617186123,-0.46798993717879256,623.1385696795163,501.6,16.000327617186123,-0.46798993717879256,nonce-bfc8006f4e963452467c,True,False,benign,False,0,"{""attack_ended_at"": 41.0, ""case_opened_at"": 41.0, ""lane_id"": ""ec_0"", ""road_id"": ""ec""}"
cam-1008-veh_018-000022,cam-1008-veh_018-000022,case-intersection-1008-veh_018-benign,root-f96fceedf4044e908667d370,1008,veh_018,ps-55c539e5052cea58,CAM,41.0,501.6,319.49806366168656,13.991312155563358,-0.10619653865229317,501.6,319.49806366168656,13.991312155563358,-0.10619653865229317,nonce-f96fceedf4044e908667,True,False,benign,False,0,"{""attack_ended_at"": 41.0, ""case_opened_at"": 41.0, ""lane_id"": ""sc_0"", ""road_id"": ""sc""}"
cam-1008-veh_019-000021,cam-1008-veh_019-000021,case-intersection-1008-veh_019-benign,root-05377d2e96dc1ddb30c0fc67,1008,veh_019,ps-6e220b4f697c2cd3,CAM,41.0,498.4,682.84043009833,15.203219358694414,0.16262413965538158,498.4,682.84043009833,15.203219358694414,0.16262413965538158,nonce-05377d2e96dc1ddb30c0,True,False,benign,False,0,"{""attack_ended_at"": 41.0, ""case_opened_at"": 41.0, ""lane_id"": ""nc_0"", ""road_id"": ""nc""}"
cam-1008-veh_020-000020,cam-1008-veh_020-000020,case-intersection-1008-veh_020-benign,root-4321194ef41875c312c7813c,1008,veh_020,ps-fb97d0e5da402071,CAM,41.0,328.6521794105881,498.4,16.517035627695734,-0.012312260814940856,328.6521794105881,498.4,16.517035627695734,-0.012312260814940856,nonce-4321194ef41875c312c7,True,False,benign,False,0,"{""attack_ended_at"": 41.0, ""case_opened_at"": 41.0, ""lane_id"": ""wc_0"", ""road_id"": ""wc""}"
cam-1008-veh_021-000019,cam-1008-veh_021-000019,case-intersection-1008-veh_021-benign,root-0ef64b0ebb8befcb65d3fbc1,1008,veh_021,ps-7461357a64efe09e,CAM,41.0,686.6527538632922,501.6,16.375681913792345,-0.015695839952677204,686.6527538632922,501.6,16.375681913792345,-0.015695839952677204,nonce-0ef64b0ebb8befcb65d3,True,False,benign,False,0,"{""attack_ended_at"": 41.0, ""case_opened_at"": 41.0, ""lane_id"": ""ec_0"", ""road_id"": ""ec""}"
cam-1008-veh_022-000018,cam-1008-veh_022-000018,case-intersection-1008-veh_022-benign,root-8d83fd1a7ced3897af4d0693,1008,veh_022,ps-b515230e59090b79,CAM,41.0,501.6,283.017993139937,15.553288210293243,0.07182691320776868,501.6,283.017993139937,15.553288210293243,0.07182691320776868,nonce-8d83fd1a7ced3897af4d,True,False,benign,False,0,"{""attack_ended_at"": 41.0, ""case_opened_at"": 41.0, ""lane_id"": ""sc_0"", ""road_id"": ""sc""}"
cam-1008-veh_023-000017,cam-1008-veh_023-000017,case-intersection-1008-veh_023-benign,root-df6b12b0438654a5f76c750d,1008,veh_023,ps-92555cef08137c2d,CAM,41.0,498.4,742.4594866865469,15.181877951801063,0.2576005111634725,498.4,742.4594866865469,15.181877951801063,0.2576005111634725,nonce-df6b12b0438654a5f76c,True,False,benign,False,0,"{""attack_ended_at"": 41.0, ""case_opened_at"": 41.0, ""lane_id"": ""nc_0"", ""road_id"": ""nc""}"
cam-1008-veh_000-000041,cam-1008-veh_000-000041,case-intersection-1008-veh_000-benign,root-ef4e4babb76c07290341e666,1008,veh_000,ps-c836b37964202f27,CAM,42.0,492.6989902911777,498.4,0.0,0.0,492.6989902911777,498.4,0.0,0.0,nonce-ef4e4babb76c07290341,True,False,benign,False,0,"{""attack_ended_at"": 42.0, ""case_opened_at"": 42.0, ""lane_id"": ""wc_0"", ""road_id"": ""wc""}"
cam-1008-veh_001-000040,cam-1008-veh_001-000040,case-intersection-1008-veh_001-benign,root-1a4f5a97a4cefaa01511ce6f,1008,veh_001,ps-06cf0c7bb8481f37,CAM,42.0,507.3010226260759,501.6,0.0,0.0,507.3010226260759,501.6,0.0,0.0,nonce-1a4f5a97a4cefaa01511,True,False,benign,False,0,"{""attack_ended_at"": 42.0, ""case_opened_at"": 42.0, ""lane_id"": ""ec_0"", ""road_id"": ""ec""}"
cam-1008-veh_002-000039,cam-1008-veh_002-000039,case-intersection-1008-veh_002-position_offset,root-15bb0d05b7bb2baab9e3430c,1008,veh_002,ps-c10217be2cfbfbad,CAM,42.0,501.6,559.0823920877264,13.865014768492907,-0.0729220453603201,566.6,575.3323920877264,13.865014768492907,-0.0729220453603201,nonce-15bb0d05b7bb2baab9e3,True,False,position_offset,True,0,"{""attack_ended_at"": 70.0, ""case_opened_at"": 18.0, ""lane_id"": ""cn_0"", ""road_id"": ""cn""}"
cam-1008-veh_003-000038,cam-1008-veh_003-000038,case-intersection-1008-veh_003-benign,root-b70a39abb73dbd798913c0fe,1008,veh_003,ps-b84d6e13ef43c957,CAM,42.0,498.4,379.6551728240585,16.217552786245943,-0.11502950206864782,498.4,379.6551728240585,16.217552786245943,-0.11502950206864782,nonce-b70a39abb73dbd798913,True,False,benign,False,0,"{""attack_ended_at"": 42.0, ""case_opened_at"": 42.0, ""lane_id"": ""cs_0"", ""road_id"": ""cs""}"
cam-1008-veh_004-000037,cam-1008-veh_004-000037,case-intersection-1008-veh_004-speed_offset,root-2568bfbee07c5ffd62f9e2ae,1008,veh_004,ps-a4ec7ac7ed69787f,CAM,42.0,485.19798051999544,498.4,0.00028415246309387995,-0.004445850503260418,485.19798051999544,498.4,11.000284152463093,-0.004445850503260418,nonce-2568bfbee07c5ffd62f9,True,False,speed_offset,True,0,"{""attack_ended_at"": 72.0, ""case_opened_at"": 20.0, ""lane_id"": ""wc_0"", ""road_id"": ""wc""}"
cam-1008-veh_005-000036,cam-1008-veh_005-000036,case-intersection-1008-veh_005-benign,root-d9fb764b89873799fa983b96,1008,veh_005,ps-969b062779822854,CAM,42.0,514.8020644976245,501.6,0.0,-0.00022264398831689877,514.8020644976245,501.6,0.0,-0.00022264398831689877,nonce-d9fb764b89873799fa98,True,False,benign,False,0,"{""attack_ended_at"": 42.0, ""case_opened_at"": 42.0, ""lane_id"": ""ec_0"", ""road_id"": ""ec""}"
replay-cam-1008-veh_006-000035,cam-1008-veh_006-000011,case-intersection-1008-veh_006-replay,root-698ab643fc75e30c21ee9766,1008,veh_006,ps-65fe799408ea4704,CAM,18.0,501.6,182.79892649799126,16.638048100941816,0.2891036247694849,501.6,182.79892649799126,16.638048100941816,0.2891036247694849,nonce-698ab643fc75e30c21ee,True,False,replay,True,6,"{""attack_ended_at"": 18.0, ""case_opened_at"": 18.0, ""lane_id"": ""sc_0"", ""road_id"": ""sc""}"
cam-1008-veh_007-000034,cam-1008-veh_007-000034,case-intersection-1008-veh_007-benign,root-0fa23eee7710fdce3bfe1c57,1008,veh_007,ps-30c2a00c607f04e2,CAM,42.0,498.4,443.27692241793505,16.202730490290563,0.04605841761454954,498.4,443.27692241793505,16.202730490290563,0.04605841761454954,nonce-0fa23eee7710fdce3bfe,True,False,benign,False,0,"{""attack_ended_at"": 42.0, ""case_opened_at"": 42.0, ""lane_id"": ""cs_0"", ""road_id"": ""cs""}"
cam-1008-veh_008-000033,cam-1008-veh_008-000033,case-intersection-1008-veh_008-certificate_tamper,root-4c666c39d28dd55ed2042686,1008,veh_008,ps-82218acb1d94705f,CAM,42.0,477.69388675705386,498.4,0.022832477332497252,-0.1747675973855706,477.69388675705386,498.4,0.022832477332497252,-0.1747675973855706,nonce-4c666c39d28dd55ed204,False,False,certificate_tamper,True,0,"{""attack_ended_at"": 76.0, ""case_opened_at"": 24.0, ""lane_id"": ""wc_0"", ""road_id"": ""wc""}"
cam-1008-veh_009-000032,cam-1008-veh_009-000032,case-intersection-1008-veh_009-benign,root-3eeded7f663e97039579b24d,1008,veh_009,ps-7ceb479c74f04f24,CAM,42.0,552.4990812689736,501.6,14.162147828934776,0.004567974479869008,552.4990812689736,501.6,14.162147828934776,0.004567974479869008,nonce-3eeded7f663e97039579,True,False,benign,False,0,"{""attack_ended_at"": 42.0, ""case_opened_at"": 42.0, ""lane_id"": ""ec_0"", ""road_id"": ""ec""}"
cam-1008-veh_010-000031-f0,cam-1008-veh_010-000031,case-intersection-1008-veh_010-flood,root-0b6c3049177e38349519b34c,1008,veh_010,ps-3210978143869c35,CAM,42.0,501.6,507.41768735031985,15.202986925478639,-1.1959600249314892,501.6,507.41768735031985,15.202986925478639,-1.1959600249314892,nonce-0b6c3049177e38349519,True,False,flood,True,0,"{""attack_ended_at"": 78.0, ""case_opened_at"": 26.0, ""lane_id"": ""cn_0"", ""road_id"": ""cn""}"
cam-1008-veh_010-000031-f1,cam-1008-veh_010-000031,case-intersection-1008-veh_010-flood,root-0b6c3049177e38349519b34c,1008,veh_010,ps-3210978143869c35,CAM,42.0,501.6,507.41768735031985,15.202986925478639,-1.1959600249314892,501.6,507.41768735031985,15.202986925478639,-1.1959600249314892,nonce-0b6c3049177e38349519,True,False,flood,True,1,"{""attack_ended_at"": 78.0, ""case_opened_at"": 26.0, ""lane_id"": ""cn_0"", ""road_id"": ""cn""}"
cam-1008-veh_010-000031-f2,cam-1008-veh_010-000031,case-intersection-1008-veh_010-flood,root-0b6c3049177e38349519b34c,1008,veh_010,ps-3210978143869c35,CAM,42.0,501.6,507.41768735031985,15.202986925478639,-1.1959600249314892,501.6,507.41768735031985,15.202986925478639,-1.1959600249314892,nonce-0b6c3049177e38349519,True,False,flood,True,2,"{""attack_ended_at"": 78.0, ""case_opened_at"": 26.0, ""lane_id"": ""cn_0"", ""road_id"": ""cn""}"
cam-1008-veh_010-000031-f3,cam-1008-veh_010-000031,case-intersection-1008-veh_010-flood,root-0b6c3049177e38349519b34c,1008,veh_010,ps-3210978143869c35,CAM,42.0,501.6,507.41768735031985,15.202986925478639,-1.1959600249314892,501.6,507.41768735031985,15.202986925478639,-1.1959600249314892,nonce-0b6c3049177e38349519,True,False,flood,True,3,"{""attack_ended_at"": 78.0, ""case_opened_at"": 26.0, ""lane_id"": ""cn_0"", ""road_id"": ""cn""}"
cam-1008-veh_010-000031-f4,cam-1008-veh_010-000031,case-intersection-1008-veh_010-flood,root-0b6c3049177e38349519b34c,1008,veh_010,ps-3210978143869c35,CAM,42.0,501.6,507.41768735031985,15.202986925478639,-1.1959600249314892,501.6,507.41768735031985,15.202986925478639,-1.1959600249314892,nonce-0b6c3049177e38349519,True,False,flood,True,4,"{""attack_ended_at"": 78.0, ""case_opened_at"": 26.0, ""lane_id"": ""cn_0"", ""road_id"": ""cn""}"
cam-1008-veh_011-000030,cam-1008-veh_011-000030,case-intersection-1008-veh_011-benign,root-1050f64413f961abf212c0df,1008,veh_011,ps-8a5d63d2056fbe7e,CAM,42.0,498.4,545.4035628013592,14.749665581899384,-0.0676510863052684,498.4,545.4035628013592,14.749665581899384,-0.0676510863052684,nonce-1050f64413f961abf212,True,False,benign,False,0,"{""attack_ended_at"": 42.0, ""case_opened_at"": 42.0, ""lane_id"": ""nc_0"", ""road_id"": ""nc""}"
cam-1008-veh_012-000029,cam-1008-veh_012-000029,case-intersection-1008-veh_012-false_denm,root-846337e3d836338e57cbc6d7,1008,veh_012,ps-d55e51c88c138a2d,CAM,42.0,465.6418314092347,498.4,8.773290252410671,-4.060704784558473,465.6418314092347,498.4,8.773290252410671,-4.060704784558473,nonce-846337e3d836338e57cb,True,False,false_denm,True,0,"{""attack_ended_at"": 80.0, ""case_opened_at"": 28.0, ""lane_id"": ""wc_0"", ""road_id"": ""wc""}"
cam-1008-veh_013-000028,cam-1008-veh_013-000028,case-intersection-1008-veh_013-benign,root-c7090a321b0bd612d24875d4,1008,veh_013,ps-c612038c409b5d43,CAM,42.0,576.1797561796909,501.6,14.011493729944902,-0.019594440504439703,576.1797561796909,501.6,14.011493729944902,-0.019594440504439703,nonce-c7090a321b0bd612d248,True,False,benign,False,0,"{""attack_ended_at"": 42.0, ""case_opened_at"": 42.0, ""lane_id"": ""ec_0"", ""road_id"": ""ec""}"
cam-1008-veh_014-000027-m0,cam-1008-veh_014-000027,case-intersection-1008-veh_014-mixed,root-0df17107466525b1b03e3ecc,1008,veh_014,ps-1c0f8ece3ddb0b0c,DENM,42.0,501.6,401.4642249504232,14.762044680298693,-0.02524137811269611,546.6,410.4642249504232,22.762044680298693,-0.02524137811269611,nonce-0df17107466525b1b03e,True,True,mixed,True,0,"{""attack_ended_at"": 82.0, ""case_opened_at"": 30.0, ""lane_id"": ""sc_0"", ""road_id"": ""sc""}"
cam-1008-veh_014-000027-m1,cam-1008-veh_014-000027,case-intersection-1008-veh_014-mixed,root-0df17107466525b1b03e3ecc,1008,veh_014,ps-1c0f8ece3ddb0b0c,DENM,42.0,501.6,401.4642249504232,14.762044680298693,-0.02524137811269611,546.6,410.4642249504232,22.762044680298693,-0.02524137811269611,nonce-0df17107466525b1b03e,True,True,mixed,True,1,"{""attack_ended_at"": 82.0, ""case_opened_at"": 30.0, ""lane_id"": ""sc_0"", ""road_id"": ""sc""}"
cam-1008-veh_014-000027-m2,cam-1008-veh_014-000027,case-intersection-1008-veh_014-mixed,root-0df17107466525b1b03e3ecc,1008,veh_014,ps-1c0f8ece3ddb0b0c,DENM,42.0,501.6,401.4642249504232,14.762044680298693,-0.02524137811269611,546.6,410.4642249504232,22.762044680298693,-0.02524137811269611,nonce-0df17107466525b1b03e,True,True,mixed,True,2,"{""attack_ended_at"": 82.0, ""case_opened_at"": 30.0, ""lane_id"": ""sc_0"", ""road_id"": ""sc""}"
cam-1008-veh_014-000027-m3,cam-1008-veh_014-000027,case-intersection-1008-veh_014-mixed,root-0df17107466525b1b03e3ecc,1008,veh_014,ps-1c0f8ece3ddb0b0c,DENM,42.0,501.6,401.4642249504232,14.762044680298693,-0.02524137811269611,546.6,410.4642249504232,22.762044680298693,-0.02524137811269611,nonce-0df17107466525b1b03e,True,True,mixed,True,3,"{""attack_ended_at"": 82.0, ""case_opened_at"": 30.0, ""lane_id"": ""sc_0"", ""road_id"": ""sc""}"
cam-1008-veh_015-000026,cam-1008-veh_015-000026,case-intersection-1008-veh_015-benign,root-e2a5ed74adcea41af18b978f,1008,veh_015,ps-77b1c1c85865d133,CAM,42.0,498.4,607.1247192596645,14.840072367673988,0.19480881627649183,498.4,607.1247192596645,14.840072367673988,0.19480881627649183,nonce-e2a5ed74adcea41af18b,True,False,benign,False,0,"{""attack_ended_at"": 42.0, ""case_opened_at"": 42.0, ""lane_id"": ""nc_0"", ""road_id"": ""nc""}"
cam-1008-veh_016-000025,cam-1008-veh_016-000025,case-intersection-1008-veh_016-benign,root-706fbfbd714003c82e415bb7,1008,veh_016,ps-1e0348b1d8bfe014,CAM,42.0,408.02978598132745,498.4,16.46253379216418,0.34415662085172016,408.02978598132745,498.4,16.46253379216418,0.34415662085172016,nonce-706fbfbd714003c82e41,True,False,benign,False,0,"{""attack_ended_at"": 42.0, ""case_opened_at"": 42.0, ""lane_id"": ""wc_0"", ""road_id"": ""wc""}"
cam-1008-veh_017-000024,cam-1008-veh_017-000024,case-intersection-1008-veh_017-benign,root-b02075dadbf2998da637008f,1008,veh_017,ps-31646c93226ae98c,CAM,42.0,607.2015527947806,501.6,15.937016884735787,-0.06331073245033636,607.2015527947806,501.6,15.937016884735787,-0.06331073245033636,nonce-b02075dadbf2998da637,True,False,benign,False,0,"{""attack_ended_at"": 42.0, ""case_opened_at"": 42.0, ""lane_id"": ""ec_0"", ""road_id"": ""ec""}"
cam-1008-veh_018-000023,cam-1008-veh_018-000023,case-intersection-1008-veh_018-benign,root-3550c9f7de84adea1d67c197,1008,veh_018,ps-55c539e5052cea58,CAM,42.0,501.6,333.614574778872,14.11651111718544,0.12519896162208077,501.6,333.614574778872,14.11651111718544,0.12519896162208077,nonce-3550c9f7de84adea1d67,True,False,benign,False,0,"{""attack_ended_at"": 42.0, ""case_opened_at"": 42.0, ""lane_id"": ""sc_0"", ""road_id"": ""sc""}"
cam-1008-veh_019-000022,cam-1008-veh_019-000022,case-intersection-1008-veh_019-benign,root-54e1f43c7c79abecd8bfa8c0,1008,veh_019,ps-6e220b4f697c2cd3,CAM,42.0,498.4,668.099832950168,14.740597148161987,-0.4626222105324267,498.4,668.099832950168,14.740597148161987,-0.4626222105324267,nonce-54e1f43c7c79abecd8bf,True,False,benign,False,0,"{""attack_ended_at"": 42.0, ""case_opened_at"": 42.0, ""lane_id"": ""nc_0"", ""road_id"": ""nc""}"
cam-1008-veh_020-000021,cam-1008-veh_020-000021,case-intersection-1008-veh_020-benign,root-d0a6869704fd4b970e9473db,1008,veh_020,ps-fb97d0e5da402071,CAM,42.0,345.02714708979715,498.4,16.374967679209078,-0.14206794848665538,345.02714708979715,498.4,16.374967679209078,-0.14206794848665538,nonce-d0a6869704fd4b970e94,True,False,benign,False,0,"{""attack_ended_at"": 42.0, ""case_opened_at"": 42.0, ""lane_id"": ""wc_0"", ""road_id"": ""wc""}"
cam-1008-veh_021-000020,cam-1008-veh_021-000020,case-intersection-1008-veh_021-benign,root-30efe46ec9ea732dae70b9f5,1008,veh_021,ps-7461357a64efe09e,CAM,42.0,670.5073965822535,501.6,16.145357281038727,-0.23032463275361792,670.5073965822535,501.6,16.145357281038727,-0.23032463275361792,nonce-30efe46ec9ea732dae70,True,False,benign,False,0,"{""attack_ended_at"": 42.0, ""case_opened_at"": 42.0, ""lane_id"": ""ec_0"", ""road_id"": ""ec""}"
cam-1008-veh_022-000019,cam-1008-veh_022-000019,case-intersection-1008-veh_022-benign,root-97593656e1025decfe9e3e82,1008,veh_022,ps-b515230e59090b79,CAM,42.0,501.6,298.3072567920558,15.28926365211882,-0.26402455817442316,501.6,298.3072567920558,15.28926365211882,-0.26402455817442316,nonce-97593656e1025decfe9e,True,False,benign,False,0,"{""attack_ended_at"": 42.0, ""case_opened_at"": 42.0, ""lane_id"": ""sc_0"", ""road_id"": ""sc""}"
cam-1008-veh_023-000018,cam-1008-veh_023-000018,case-intersection-1008-veh_023-benign,root-c66d67693a4c5b9d6a533b66,1008,veh_023,ps-92555cef08137c2d,CAM,42.0,498.4,727.564484285353,14.895002401193844,-0.2868755506072187,498.4,727.564484285353,14.895002401193844,-0.2868755506072187,nonce-c66d67693a4c5b9d6a53,True,False,benign,False,0,"{""attack_ended_at"": 42.0, ""case_opened_at"": 42.0, ""lane_id"": ""nc_0"", ""road_id"": ""nc""}"
cam-1008-veh_000-000042,cam-1008-veh_000-000042,case-intersection-1008-veh_000-benign,root-f5e9c881bcc076ac97740733,1008,veh_000,ps-c836b37964202f27,CAM,43.0,492.6989902911777,498.4,0.0,0.0,492.6989902911777,498.4,0.0,0.0,nonce-f5e9c881bcc076ac9774,True,False,benign,False,0,"{""attack_ended_at"": 43.0, ""case_opened_at"": 43.0, ""lane_id"": ""wc_0"", ""road_id"": ""wc""}"
cam-1008-veh_001-000041,cam-1008-veh_001-000041,case-intersection-1008-veh_001-benign,root-c8680f0dd8286463aaccf757,1008,veh_001,ps-06cf0c7bb8481f37,CAM,43.0,507.3010226260759,501.6,0.0,0.0,507.3010226260759,501.6,0.0,0.0,nonce-c8680f0dd8286463aacc,True,False,benign,False,0,"{""attack_ended_at"": 43.0, ""case_opened_at"": 43.0, ""lane_id"": ""ec_0"", ""road_id"": ""ec""}"
cam-1008-veh_002-000040,cam-1008-veh_002-000040,case-intersection-1008-veh_002-position_offset,root-331142d144e783d57e375d02,1008,veh_002,ps-c10217be2cfbfbad,CAM,43.0,501.6,573.1827553127258,14.100363224999525,0.2353484565066175,566.6,589.4327553127258,14.100363224999525,0.2353484565066175,nonce-331142d144e783d57e37,True,False,position_offset,True,0,"{""attack_ended_at"": 70.0, ""case_opened_at"": 18.0, ""lane_id"": ""cn_0"", ""road_id"": ""cn""}"
cam-1008-veh_003-000039,cam-1008-veh_003-000039,case-intersection-1008-veh_003-benign,root-01c7384db3b12ee664183d7f,1008,veh_003,ps-b84d6e13ef43c957,CAM,43.0,498.4,363.08303183818225,16.572140985876324,0.35458819963038124,498.4,363.08303183818225,16.572140985876324,0.35458819963038124,nonce-01c7384db3b12ee66418,True,False,benign,False,0,"{""attack_ended_at"": 43.0, ""case_opened_at"": 43.0, ""lane_id"": ""cs_0"", ""road_id"": ""cs""}"
cam-1008-veh_004-000038,cam-1008-veh_004-000038,case-intersection-1008-veh_004-speed_offset,root-2d0bb9bd8b75935ed34c7ad1,1008,veh_004,ps-a4ec7ac7ed69787f,CAM,43.0,485.19798051999544,498.4,0.0,-0.00028415246309387995,485.19798051999544,498.4,11.0,-0.00028415246309387995,nonce-2d0bb9bd8b75935ed34c,True,False,speed_offset,True,0,"{""attack_ended_at"": 72.0, ""case_opened_at"": 20.0, ""lane_id"": ""wc_0"", ""road_id"": ""wc""}"
cam-1008-veh_005-000037,cam-1008-veh_005-000037,case-intersection-1008-veh_005-benign,root-4338958ff5b505f1cc1b6ed3,1008,veh_005,ps-969b062779822854,CAM,43.0,514.8020644976245,501.6,0.0,0.0,514.8020644976245,501.6,0.0,0.0,nonce-4338958ff5b505f1cc1b,True,False,benign,False,0,"{""attack_ended_at"": 43.0, ""case_opened_at"": 43.0, ""lane_id"": ""ec_0"", ""road_id"": ""ec""}"
replay-cam-1008-veh_006-000036,cam-1008-veh_006-000012,case-intersection-1008-veh_006-replay,root-9ea8f4310ed2d98496486915,1008,veh_006,ps-65fe799408ea4704,CAM,19.0,501.6,199.09321528622888,16.294288788237612,-0.34375931270420423,501.6,199.09321528622888,16.294288788237612,-0.34375931270420423,nonce-9ea8f4310ed2d9849648,True,False,replay,True,6,"{""attack_ended_at"": 19.0, ""case_opened_at"": 19.0, ""lane_id"": ""sc_0"", ""road_id"": ""sc""}"
cam-1008-veh_007-000035,cam-1008-veh_007-000035,case-intersection-1008-veh_007-benign,root-48436d45dd78e9e8e7bb7f10,1008,veh_007,ps-30c2a00c607f04e2,CAM,43.0,498.4,427.19431493551014,16.08260748242494,-0.12012300786562236,498.4,427.19431493551014,16.08260748242494,-0.12012300786562236,nonce-48436d45dd78e9e8e7bb,True,False,benign,False,0,"{""attack_ended_at"": 43.0, ""case_opened_at"": 43.0, ""lane_id"": ""cs_0"", ""road_id"": ""cs""}"
cam-1008-veh_008-000034,cam-1008-veh_008-000034,case-intersection-1008-veh_008-certificate_tamper,root-ac79ba05b7baad688cce27eb,1008,veh_008,ps-82218acb1d94705f,CAM,43.0,477.69656867280946,498.4,0.0026819157556113,-0.020150561576885953,477.69656867280946,498.4,0.0026819157556113,-0.020150561576885953,nonce-ac79ba05b7baad688cce,False,False,certificate_tamper,True,0,"{""attack_ended_at"": 76.0, ""case_opened_at"": 24.0, ""lane_id"": ""wc_0"", ""road_id"": ""wc""}"
cam-1008-veh_009-000033,cam-1008-veh_009-000033,case-intersection-1008-veh_009-benign,root-4aa623d51f5f3a786553b73b,1008,veh_009,ps-7ceb479c74f04f24,CAM,43.0,539.0235790795309,501.6,13.475502189442576,-0.6866456394922,539.0235790795309,501.6,13.475502189442576,-0.6866456394922,nonce-4aa623d51f5f3a786553,True,False,benign,False,0,"{""attack_ended_at"": 43.0, ""case_opened_at"": 43.0, ""lane_id"": ""ec_0"", ""road_id"": ""ec""}"
cam-1008-veh_010-000032-f0,cam-1008-veh_010-000032,case-intersection-1008-veh_010-flood,root-2aa5a04a812a39d1cd33778b,1008,veh_010,ps-3210978143869c35,CAM,43.0,501.6,522.6214545519591,15.203767201639325,0.0007802761606860997,501.6,522.6214545519591,15.203767201639325,0.0007802761606860997,nonce-2aa5a04a812a39d1cd33,True,False,flood,True,0,"{""attack_ended_at"": 78.0, ""case_opened_at"": 26.0, ""lane_id"": ""cn_0"", ""road_id"": ""cn""}"
cam-1008-veh_010-000032-f1,cam-1008-veh_010-000032,case-intersection-1008-veh_010-flood,root-2aa5a04a812a39d1cd33778b,1008,veh_010,ps-3210978143869c35,CAM,43.0,501.6,522.6214545519591,15.203767201639325,0.0007802761606860997,501.6,522.6214545519591,15.203767201639325,0.0007802761606860997,nonce-2aa5a04a812a39d1cd33,True,False,flood,True,1,"{""attack_ended_at"": 78.0, ""case_opened_at"": 26.0, ""lane_id"": ""cn_0"", ""road_id"": ""cn""}"
cam-1008-veh_010-000032-f2,cam-1008-veh_010-000032,case-intersection-1008-veh_010-flood,root-2aa5a04a812a39d1cd33778b,1008,veh_010,ps-3210978143869c35,CAM,43.0,501.6,522.6214545519591,15.203767201639325,0.0007802761606860997,501.6,522.6214545519591,15.203767201639325,0.0007802761606860997,nonce-2aa5a04a812a39d1cd33,True,False,flood,True,2,"{""attack_ended_at"": 78.0, ""case_opened_at"": 26.0, ""lane_id"": ""cn_0"", ""road_id"": ""cn""}"
cam-1008-veh_010-000032-f3,cam-1008-veh_010-000032,case-intersection-1008-veh_010-flood,root-2aa5a04a812a39d1cd33778b,1008,veh_010,ps-3210978143869c35,CAM,43.0,501.6,522.6214545519591,15.203767201639325,0.0007802761606860997,501.6,522.6214545519591,15.203767201639325,0.0007802761606860997,nonce-2aa5a04a812a39d1cd33,True,False,flood,True,3,"{""attack_ended_at"": 78.0, ""case_opened_at"": 26.0, ""lane_id"": ""cn_0"", ""road_id"": ""cn""}"
cam-1008-veh_010-000032-f4,cam-1008-veh_010-000032,case-intersection-1008-veh_010-flood,root-2aa5a04a812a39d1cd33778b,1008,veh_010,ps-3210978143869c35,CAM,43.0,501.6,522.6214545519591,15.203767201639325,0.0007802761606860997,501.6,522.6214545519591,15.203767201639325,0.0007802761606860997,nonce-2aa5a04a812a39d1cd33,True,False,flood,True,4,"{""attack_ended_at"": 78.0, ""case_opened_at"": 26.0, ""lane_id"": ""cn_0"", ""road_id"": ""cn""}"
cam-1008-veh_011-000031,cam-1008-veh_011-000031,case-intersection-1008-veh_011-benign,root-677645ed2a6570b7db5f7049,1008,veh_011,ps-8a5d63d2056fbe7e,CAM,43.0,498.4,530.7839561781625,14.619606623196663,-0.13005895870272077,498.4,530.7839561781625,14.619606623196663,-0.13005895870272077,nonce-677645ed2a6570b7db5f,True,False,benign,False,0,"{""attack_ended_at"": 43.0, ""case_opened_at"": 43.0, ""lane_id"": ""nc_0"", ""road_id"": ""nc""}"
cam-1008-veh_012-000030,cam-1008-veh_012-000030,case-intersection-1008-veh_012-false_denm,root-37c1f9bda24b70d5b692dab2,1008,veh_012,ps-d55e51c88c138a2d,DENM,43.0,470.0805370121341,498.4,4.4387056028993195,-4.334584649511352,470.0805370121341,498.4,4.4387056028993195,-4.334584649511352,nonce-37c1f9bda24b70d5b692,True,True,false_denm,True,0,"{""attack_ended_at"": 80.0, ""case_opened_at"": 28.0, ""lane_id"": ""wc_0"", ""road_id"": ""wc""}"
cam-1008-veh_013-000029,cam-1008-veh_013-000029,case-intersection-1008-veh_013-benign,root-717d0be2bac2a2ac37f37861,1008,veh_013,ps-c612038c409b5d43,CAM,43.0,561.7695685456254,501.6,14.410187634065489,0.39869390412058614,561.7695685456254,501.6,14.410187634065489,0.39869390412058614,nonce-717d0be2bac2a2ac37f3,True,False,benign,False,0,"{""attack_ended_at"": 43.0, ""case_opened_at"": 43.0, ""lane_id"": ""ec_0"", ""road_id"": ""ec""}"
cam-1008-veh_014-000028-m0,cam-1008-veh_014-000028,case-intersection-1008-veh_014-mixed,root-8baa27862263ed61b9f3b0e4,1008,veh_014,ps-1c0f8ece3ddb0b0c,DENM,43.0,501.6,416.059522822613,14.59529787218982,-0.16674680810887388,546.6,425.059522822613,22.595297872189818,-0.16674680810887388,nonce-8baa27862263ed61b9f3,True,True,mixed,True,0,"{""attack_ended_at"": 82.0, ""case_opened_at"": 30.0, ""lane_id"": ""sc_0"", ""road_id"": ""sc""}"
cam-1008-veh_014-000028-m1,cam-1008-veh_014-000028,case-intersection-1008-veh_014-mixed,root-8baa27862263ed61b9f3b0e4,1008,veh_014,ps-1c0f8ece3ddb0b0c,DENM,43.0,501.6,416.059522822613,14.59529787218982,-0.16674680810887388,546.6,425.059522822613,22.595297872189818,-0.16674680810887388,nonce-8baa27862263ed61b9f3,True,True,mixed,True,1,"{""attack_ended_at"": 82.0, ""case_opened_at"": 30.0, ""lane_id"": ""sc_0"", ""road_id"": ""sc""}"
cam-1008-veh_014-000028-m2,cam-1008-veh_014-000028,case-intersection-1008-veh_014-mixed,root-8baa27862263ed61b9f3b0e4,1008,veh_014,ps-1c0f8ece3ddb0b0c,DENM,43.0,501.6,416.059522822613,14.59529787218982,-0.16674680810887388,546.6,425.059522822613,22.595297872189818,-0.16674680810887388,nonce-8baa27862263ed61b9f3,True,True,mixed,True,2,"{""attack_ended_at"": 82.0, ""case_opened_at"": 30.0, ""lane_id"": ""sc_0"", ""road_id"": ""sc""}"
cam-1008-veh_014-000028-m3,cam-1008-veh_014-000028,case-intersection-1008-veh_014-mixed,root-8baa27862263ed61b9f3b0e4,1008,veh_014,ps-1c0f8ece3ddb0b0c,DENM,43.0,501.6,416.059522822613,14.59529787218982,-0.16674680810887388,546.6,425.059522822613,22.595297872189818,-0.16674680810887388,nonce-8baa27862263ed61b9f3,True,True,mixed,True,3,"{""attack_ended_at"": 82.0, ""case_opened_at"": 30.0, ""lane_id"": ""sc_0"", ""road_id"": ""sc""}"
cam-1008-veh_015-000027,cam-1008-veh_015-000027,case-intersection-1008-veh_015-benign,root-16d9ed9d2c1b6c3ff0f15ede,1008,veh_015,ps-77b1c1c85865d133,CAM,43.0,498.4,591.8173453637182,15.307373895946206,0.46730152827221794,498.4,591.8173453637182,15.307373895946206,0.46730152827221794,nonce-16d9ed9d2c1b6c3ff0f1,True,False,benign,False,0,"{""attack_ended_at"": 43.0, ""case_opened_at"": 43.0, ""lane_id"": ""nc_0"", ""road_id"": ""nc""}"
cam-1008-veh_016-000026,cam-1008-veh_016-000026,case-intersection-1008-veh_016-benign,root-4d3c65d860de6da61b18fa8b,1008,veh_016,ps-1e0348b1d8bfe014,CAM,43.0,424.11506415705213,498.4,16.08527817572467,-0.3772556164395091,424.11506415705213,498.4,16.08527817572467,-0.3772556164395091,nonce-4d3c65d860de6da61b18,True,False,benign,False,0,"{""attack_ended_at"": 43.0, ""case_opened_at"": 43.0, ""lane_id"": ""wc_0"", ""road_id"": ""wc""}"
cam-1008-veh_017-000025,cam-1008-veh_017-000025,case-intersection-1008-veh_017-benign,root-99693e1bf99c87c61c99bdc7,1008,veh_017,ps-31646c93226ae98c,CAM,43.0,591.1963780044377,501.6,16.00517479034284,0.06815790560705182,591.1963780044377,501.6,16.00517479034284,0.06815790560705182,nonce-99693e1bf99c87c61c99,True,False,benign,False,0,"{""attack_ended_at"": 43.0, ""case_opened_at"": 43.0, ""lane_id"": ""ec_0"", ""road_id"": ""ec""}"
cam-1008-veh_018-000024,cam-1008-veh_018-000024,case-intersection-1008-veh_018-benign,root-5cc531bfc1a33851965ea110,1008,veh_018,ps-55c539e5052cea58,CAM,43.0,501.6,348.1054216691371,14.490846890265095,0.3743357730796557,501.6,348.1054216691371,14.490846890265095,0.3743357730796557,nonce-5cc531bfc1a33851965e,True,False,benign,False,0,"{""attack_ended_at"": 43.0, ""case_opened_at"": 43.0, ""lane_id"": ""sc_0"", ""road_id"": ""sc""}"
cam-1008-veh_019-000023,cam-1008-veh_019-000023,case-intersection-1008-veh_019-benign,root-bfd5bed2b8bbaeacced1231b,1008,veh_019,ps-6e220b4f697c2cd3,CAM,43.0,498.4,653.3658075930383,14.734025357129658,-0.006571791032328633,498.4,653.3658075930383,14.734025357129658,-0.006571791032328633,nonce-bfd5bed2b8bbaeacced1,True,False,benign,False,0,"{""attack_ended_at"": 43.0, ""case_opened_at"": 43.0, ""lane_id"": ""nc_0"", ""road_id"": ""nc""}"
cam-1008-veh_020-000022,cam-1008-veh_020-000022,case-intersection-1008-veh_020-benign,root-308a2b659933d5ae1123fbf4,1008,veh_020,ps-fb97d0e5da402071,CAM,43.0,361.63720175517267,498.4,16.610054665375504,0.23508698616642576,361.63720175517267,498.4,16.610054665375504,0.23508698616642576,nonce-308a2b659933d5ae1123,True,False,benign,False,0,"{""attack_ended_at"": 43.0, ""case_opened_at"": 43.0, ""lane_id"": ""wc_0"", ""road_id"": ""wc""}"
cam-1008-veh_021-000021,cam-1008-veh_021-000021,case-intersection-1008-veh_021-benign,root-73b5e8e0aadb8fe88b4b73e6,1008,veh_021,ps-7461357a64efe09e,CAM,43.0,654.6508015516176,501.6,15.856595030635784,-0.288762250402943,654.6508015516176,501.6,15.856595030635784,-0.288762250402943,nonce-73b5e8e0aadb8fe88b4b,True,False,benign,False,0,"{""attack_ended_at"": 43.0, ""case_opened_at"": 43.0, ""lane_id"": ""ec_0"", ""road_id"": ""ec""}"
cam-1008-veh_022-000020,cam-1008-veh_022-000020,case-intersection-1008-veh_022-benign,root-79a1f658bce6ce0a47ee1d1a,1008,veh_022,ps-b515230e59090b79,CAM,43.0,501.6,313.72483888872557,15.417582096669788,0.12831844455096864,501.6,313.72483888872557,15.417582096669788,0.12831844455096864,nonce-79a1f658bce6ce0a47ee,True,False,benign,False,0,"{""attack_ended_at"": 43.0, ""case_opened_at"": 43.0, ""lane_id"": ""sc_0"", ""road_id"": ""sc""}"
cam-1008-veh_023-000019,cam-1008-veh_023-000019,case-intersection-1008-veh_023-benign,root-ca5fdad2d2bba3a57cba512d,1008,veh_023,ps-92555cef08137c2d,CAM,43.0,498.4,712.5112150565415,15.053269228811615,0.158266827617771,498.4,712.5112150565415,15.053269228811615,0.158266827617771,nonce-ca5fdad2d2bba3a57cba,True,False,benign,False,0,"{""attack_ended_at"": 43.0, ""case_opened_at"": 43.0, ""lane_id"": ""nc_0"", ""road_id"": ""nc""}"
cam-1008-veh_000-000043,cam-1008-veh_000-000043,case-intersection-1008-veh_000-benign,root-066d4f7ab07f75f3f276a71e,1008,veh_000,ps-c836b37964202f27,CAM,44.0,492.6989902911777,498.4,0.0,0.0,492.6989902911777,498.4,0.0,0.0,nonce-066d4f7ab07f75f3f276,True,False,benign,False,0,"{""attack_ended_at"": 44.0, ""case_opened_at"": 44.0, ""lane_id"": ""wc_0"", ""road_id"": ""wc""}"
cam-1008-veh_001-000042,cam-1008-veh_001-000042,case-intersection-1008-veh_001-benign,root-07ca639ee6b2a1a8ab5b3256,1008,veh_001,ps-06cf0c7bb8481f37,CAM,44.0,507.3010226260759,501.6,0.0,0.0,507.3010226260759,501.6,0.0,0.0,nonce-07ca639ee6b2a1a8ab5b,True,False,benign,False,0,"{""attack_ended_at"": 44.0, ""case_opened_at"": 44.0, ""lane_id"": ""ec_0"", ""road_id"": ""ec""}"
cam-1008-veh_002-000041,cam-1008-veh_002-000041,case-intersection-1008-veh_002-position_offset,root-38011015844aff3b70df23fc,1008,veh_002,ps-c10217be2cfbfbad,CAM,44.0,501.6,587.7611521715303,14.578396858804405,0.4780336338048805,566.6,604.0111521715303,14.578396858804405,0.4780336338048805,nonce-38011015844aff3b70df,True,False,position_offset,True,0,"{""attack_ended_at"": 70.0, ""case_opened_at"": 18.0, ""lane_id"": ""cn_0"", ""road_id"": ""cn""}"
cam-1008-veh_003-000040,cam-1008-veh_003-000040,case-intersection-1008-veh_003-benign,root-9853f603fe96ee9a73c8ec58,1008,veh_003,ps-b84d6e13ef43c957,CAM,44.0,498.4,346.8701324395182,16.212899398664014,-0.3592415872123098,498.4,346.8701324395182,16.212899398664014,-0.3592415872123098,nonce-9853f603fe96ee9a73c8,True,False,benign,False,0,"{""attack_ended_at"": 44.0, ""case_opened_at"": 44.0, ""lane_id"": ""cs_0"", ""road_id"": ""cs""}"
cam-1008-veh_004-000039,cam-1008-veh_004-000039,case-intersection-1008-veh_004-speed_offset,root-acfa337787a2113d9e157506,1008,veh_004,ps-a4ec7ac7ed69787f,CAM,44.0,485.19798051999544,498.4,0.0,0.0,485.19798051999544,498.4,11.0,0.0,nonce-acfa337787a2113d9e15,True,False,speed_offset,True,0,"{""attack_ended_at"": 72.0, ""case_opened_at"": 20.0, ""lane_id"": ""wc_0"", ""road_id"": ""wc""}"
cam-1008-veh_005-000038,cam-1008-veh_005-000038,case-intersection-1008-veh_005-benign,root-ecee854305324453228471ad,1008,veh_005,ps-969b062779822854,CAM,44.0,514.8020644976245,501.6,0.0,0.0,514.8020644976245,501.6,0.0,0.0,nonce-ecee8543053244532284,True,False,benign,False,0,"{""attack_ended_at"": 44.0, ""case_opened_at"": 44.0, ""lane_id"": ""ec_0"", ""road_id"": ""ec""}"
replay-cam-1008-veh_006-000037,cam-1008-veh_006-000013,case-intersection-1008-veh_006-replay,root-732bbc1af557c50a78ee1969,1008,veh_006,ps-65fe799408ea4704,CAM,20.0,501.6,215.10187627093873,16.00866098470986,-0.28562780352775263,501.6,215.10187627093873,16.00866098470986,-0.28562780352775263,nonce-732bbc1af557c50a78ee,True,False,replay,True,6,"{""attack_ended_at"": 20.0, ""case_opened_at"": 20.0, ""lane_id"": ""sc_0"", ""road_id"": ""sc""}"
cam-1008-veh_007-000036,cam-1008-veh_007-000036,case-intersection-1008-veh_007-benign,root-a41c63dd457320ddff2a3e0a,1008,veh_007,ps-30c2a00c607f04e2,CAM,44.0,498.4,410.6305876897323,16.563727245777848,0.4811197633529076,498.4,410.6305876897323,16.563727245777848,0.4811197633529076,nonce-a41c63dd457320ddff2a,True,False,benign,False,0,"{""attack_ended_at"": 44.0, ""case_opened_at"": 44.0, ""lane_id"": ""cs_0"", ""road_id"": ""cs""}"
cam-1008-veh_008-000035,cam-1008-veh_008-000035,case-intersection-1008-veh_008-certificate_tamper,root-53bbaf2846a3cfb626792a73,1008,veh_008,ps-82218acb1d94705f,CAM,44.0,477.69695934626907,498.4,0.0003906734596078742,-0.002291242296003426,477.69695934626907,498.4,0.0003906734596078742,-0.002291242296003426,nonce-53bbaf2846a3cfb62679,False,False,certificate_tamper,True,0,"{""attack_ended_at"": 76.0, ""case_opened_at"": 24.0, ""lane_id"": ""wc_0"", ""road_id"": ""wc""}"
cam-1008-veh_009-000034,cam-1008-veh_009-000034,case-intersection-1008-veh_009-benign,root-eb2fa47dcae07b4f6c5e2de0,1008,veh_009,ps-7ceb479c74f04f24,CAM,44.0,529.6388903252521,501.6,9.384688754278816,-4.09081343516376,529.6388903252521,501.6,9.384688754278816,-4.09081343516376,nonce-eb2fa47dcae07b4f6c5e,True,False,benign,False,0,"{""attack_ended_at"": 44.0, ""case_opened_at"": 44.0, ""lane_id"": ""ec_0"", ""road_id"": ""ec""}"
cam-1008-veh_010-000033-f0,cam-1008-veh_010-000033,case-intersection-1008-veh_010-flood,root-f056a0d168af01689d916ac5,1008,veh_010,ps-3210978143869c35,CAM,44.0,501.6,537.7716911178914,15.150236565932229,-0.05353063570709615,501.6,537.7716911178914,15.150236565932229,-0.05353063570709615,nonce-f056a0d168af01689d91,True,False,flood,True,0,"{""attack_ended_at"": 78.0, ""case_opened_at"": 26.0, ""lane_id"": ""cn_0"", ""road_id"": ""cn""}"
cam-1008-veh_010-000033-f1,cam-1008-veh_010-000033,case-intersection-1008-veh_010-flood,root-f056a0d168af01689d916ac5,1008,veh_010,ps-3210978143869c35,CAM,44.0,501.6,537.7716911178914,15.150236565932229,-0.05353063570709615,501.6,537.7716911178914,15.150236565932229,-0.05353063570709615,nonce-f056a0d168af01689d91,True,False,flood,True,1,"{""attack_ended_at"": 78.0, ""case_opened_at"": 26.0, ""lane_id"": ""cn_0"", ""road_id"": ""cn""}"
cam-1008-veh_010-000033-f2,cam-1008-veh_010-000033,case-intersection-1008-veh_010-flood,root-f056a0d168af01689d916ac5,1008,veh_010,ps-3210978143869c35,CAM,44.0,501.6,537.7716911178914,15.150236565932229,-0.05353063570709615,501.6,537.7716911178914,15.150236565932229,-0.05353063570709615,nonce-f056a0d168af01689d91,True,False,flood,True,2,"{""attack_ended_at"": 78.0, ""case_opened_at"": 26.0, ""lane_id"": ""cn_0"", ""road_id"": ""cn""}"
cam-1008-veh_010-000033-f3,cam-1008-veh_010-000033,case-intersection-1008-veh_010-flood,root-f056a0d168af01689d916ac5,1008,veh_010,ps-3210978143869c35,CAM,44.0,501.6,537.7716911178914,15.150236565932229,-0.05353063570709615,501.6,537.7716911178914,15.150236565932229,-0.05353063570709615,nonce-f056a0d168af01689d91,True,False,flood,True,3,"{""attack_ended_at"": 78.0, ""case_opened_at"": 26.0, ""lane_id"": ""cn_0"", ""road_id"": ""cn""}"
cam-1008-veh_010-000033-f4,cam-1008-veh_010-000033,case-intersection-1008-veh_010-flood,root-f056a0d168af01689d916ac5,1008,veh_010,ps-3210978143869c35,CAM,44.0,501.6,537.7716911178914,15.150236565932229,-0.05353063570709615,501.6,537.7716911178914,15.150236565932229,-0.05353063570709615,nonce-f056a0d168af01689d91,True,False,flood,True,4,"{""attack_ended_at"": 78.0, ""case_opened_at"": 26.0, ""lane_id"": ""cn_0"", ""road_id"": ""cn""}"
cam-1008-veh_011-000032,cam-1008-veh_011-000032,case-intersection-1008-veh_011-benign,root-94e1368d9a5b927782217019,1008,veh_011,ps-8a5d63d2056fbe7e,CAM,44.0,498.4,516.0263382275893,14.757617950573252,0.1380113273765886,498.4,516.0263382275893,14.757617950573252,0.1380113273765886,nonce-94e1368d9a5b92778221,True,False,benign,False,0,"{""attack_ended_at"": 44.0, ""case_opened_at"": 44.0, ""lane_id"": ""nc_0"", ""road_id"": ""nc""}"
cam-1008-veh_012-000031,cam-1008-veh_012-000031,case-intersection-1008-veh_012-false_denm,root-f375bd2a657f50a12156839d,1008,veh_012,ps-d55e51c88c138a2d,CAM,44.0,470.16773406679636,498.4,0.08719705466226739,-4.351508548237052,470.16773406679636,498.4,0.08719705466226739,-4.351508548237052,nonce-f375bd2a657f50a12156,True,False,false_denm,True,0,"{""attack_ended_at"": 80.0, ""case_opened_at"": 28.0, ""lane_id"": ""wc_0"", ""road_id"": ""wc""}"
cam-1008-veh_013-000030,cam-1008-veh_013-000030,case-intersection-1008-veh_013-benign,root-964dcfae18e2208fc58742fe,1008,veh_013,ps-c612038c409b5d43,CAM,44.0,548.2858034304833,501.6,13.48376511514214,-0.9264225189233493,548.2858034304833,501.6,13.48376511514214,-0.9264225189233493,nonce-964dcfae18e2208fc587,True,False,benign,False,0,"{""attack_ended_at"": 44.0, ""case_opened_at"": 44.0, ""lane_id"": ""ec_0"", ""road_id"": ""ec""}"
cam-1008-veh_014-000029-m0,cam-1008-veh_014-000029,case-intersection-1008-veh_014-mixed,root-81e657650151c6327aec289a,1008,veh_014,ps-1c0f8ece3ddb0b0c,DENM,44.0,501.6,430.90251953216784,14.842996709554845,0.24769883736502507,546.6,439.90251953216784,22.842996709554846,0.24769883736502507,nonce-81e657650151c6327aec,True,True,mixed,True,0,"{""attack_ended_at"": 82.0, ""case_opened_at"": 30.0, ""lane_id"": ""sc_0"", ""road_id"": ""sc""}"
cam-1008-veh_014-000029-m1,cam-1008-veh_014-000029,case-intersection-1008-veh_014-mixed,root-81e657650151c6327aec289a,1008,veh_014,ps-1c0f8ece3ddb0b0c,DENM,44.0,501.6,430.90251953216784,14.842996709554845,0.24769883736502507,546.6,439.90251953216784,22.842996709554846,0.24769883736502507,nonce-81e657650151c6327aec,True,True,mixed,True,1,"{""attack_ended_at"": 82.0, ""case_opened_at"": 30.0, ""lane_id"": ""sc_0"", ""road_id"": ""sc""}"
cam-1008-veh_014-000029-m2,cam-1008-veh_014-000029,case-intersection-1008-veh_014-mixed,root-81e657650151c6327aec289a,1008,veh_014,ps-1c0f8ece3ddb0b0c,DENM,44.0,501.6,430.90251953216784,14.842996709554845,0.24769883736502507,546.6,439.90251953216784,22.842996709554846,0.24769883736502507,nonce-81e657650151c6327aec,True,True,mixed,True,2,"{""attack_ended_at"": 82.0, ""case_opened_at"": 30.0, ""lane_id"": ""sc_0"", ""road_id"": ""sc""}"
cam-1008-veh_014-000029-m3,cam-1008-veh_014-000029,case-intersection-1008-veh_014-mixed,root-81e657650151c6327aec289a,1008,veh_014,ps-1c0f8ece3ddb0b0c,DENM,44.0,501.6,430.90251953216784,14.842996709554845,0.24769883736502507,546.6,439.90251953216784,22.842996709554846,0.24769883736502507,nonce-81e657650151c6327aec,True,True,mixed,True,3,"{""attack_ended_at"": 82.0, ""case_opened_at"": 30.0, ""lane_id"": ""sc_0"", ""road_id"": ""sc""}"
cam-1008-veh_015-000028,cam-1008-veh_015-000028,case-intersection-1008-veh_015-benign,root-ead48930775041ae1fde08c0,1008,veh_015,ps-77b1c1c85865d133,CAM,44.0,498.4,577.2805172110102,14.536828152708026,-0.7705457432381806,498.4,577.2805172110102,14.536828152708026,-0.7705457432381806,nonce-ead48930775041ae1fde,True,False,benign,False,0,"{""attack_ended_at"": 44.0, ""case_opened_at"": 44.0, ""lane_id"": ""nc_0"", ""road_id"": ""nc""}"
cam-1008-veh_016-000027,cam-1008-veh_016-000027,case-intersection-1008-veh_016-benign,root-a2bd2e6f608fe5a195f7096f,1008,veh_016,ps-1e0348b1d8bfe014,CAM,44.0,440.3736351844191,498.4,16.258571027366948,0.1732928516422767,440.3736351844191,498.4,16.258571027366948,0.1732928516422767,nonce-a2bd2e6f608fe5a195f7,True,False,benign,False,0,"{""attack_ended_at"": 44.0, ""case_opened_at"": 44.0, ""lane_id"": ""wc_0"", ""road_id"": ""wc""}"
cam-1008-veh_017-000026,cam-1008-veh_017-000026,case-intersection-1008-veh_017-benign,root-87cb532c0ee72179484460ed,1008,veh_017,ps-31646c93226ae98c,CAM,44.0,575.0818908472967,501.6,16.114487157141028,0.10931236679818923,575.0818908472967,501.6,16.114487157141028,0.10931236679818923,nonce-87cb532c0ee721794844,True,False,benign,False,0,"{""attack_ended_at"": 44.0, ""case_opened_at"": 44.0, ""lane_id"": ""ec_0"", ""road_id"": ""ec""}"
cam-1008-veh_018-000025,cam-1008-veh_018-000025,case-intersection-1008-veh_018-benign,root-36cd6dc40f14a55349ca64b5,1008,veh_018,ps-55c539e5052cea58,CAM,44.0,501.6,362.7586588679872,14.653237198850114,0.16239030858501913,501.6,362.7586588679872,14.653237198850114,0.16239030858501913,nonce-36cd6dc40f14a55349ca,True,False,benign,False,0,"{""attack_ended_at"": 44.0, ""case_opened_at"": 44.0, ""lane_id"": ""sc_0"", ""road_id"": ""sc""}"
cam-1008-veh_019-000024,cam-1008-veh_019-000024,case-intersection-1008-veh_019-benign,root-4a55d3405cf3e1c20461385e,1008,veh_019,ps-6e220b4f697c2cd3,CAM,44.0,498.4,638.2333167773302,15.132490815708088,0.3984654585784302,498.4,638.2333167773302,15.132490815708088,0.3984654585784302,nonce-4a55d3405cf3e1c20461,True,False,benign,False,0,"{""attack_ended_at"": 44.0, ""case_opened_at"": 44.0, ""lane_id"": ""nc_0"", ""road_id"": ""nc""}"
cam-1008-veh_020-000023,cam-1008-veh_020-000023,case-intersection-1008-veh_020-benign,root-8a5ec56cb3b6e89c8ff41b3f,1008,veh_020,ps-fb97d0e5da402071,CAM,44.0,377.5470224488667,498.4,15.909820693694057,-0.7002339716814472,377.5470224488667,498.4,15.909820693694057,-0.7002339716814472,nonce-8a5ec56cb3b6e89c8ff4,True,False,benign,False,0,"{""attack_ended_at"": 44.0, ""case_opened_at"": 44.0, ""lane_id"": ""wc_0"", ""road_id"": ""wc""}"
cam-1008-veh_021-000022,cam-1008-veh_021-000022,case-intersection-1008-veh_021-benign,root-257bb4a2de52bb3b1127cce0,1008,veh_021,ps-7461357a64efe09e,CAM,44.0,638.3620806922734,501.6,16.288720859344306,0.43212582870852145,638.3620806922734,501.6,16.288720859344306,0.43212582870852145,nonce-257bb4a2de52bb3b1127,True,False,benign,False,0,"{""attack_ended_at"": 44.0, ""case_opened_at"": 44.0, ""lane_id"": ""ec_0"", ""road_id"": ""ec""}"
cam-1008-veh_022-000021,cam-1008-veh_022-000021,case-intersection-1008-veh_022-benign,root-0167e9987844e69f0ba0ddaf,1008,veh_022,ps-b515230e59090b79,CAM,44.0,501.6,328.89590021124974,15.171061322524178,-0.24652077414561013,501.6,328.89590021124974,15.171061322524178,-0.24652077414561013,nonce-0167e9987844e69f0ba0,True,False,benign,False,0,"{""attack_ended_at"": 44.0, ""case_opened_at"": 44.0, ""lane_id"": ""sc_0"", ""road_id"": ""sc""}"
cam-1008-veh_023-000020,cam-1008-veh_023-000020,case-intersection-1008-veh_023-benign,root-774118ed741b339b64c01877,1008,veh_023,ps-92555cef08137c2d,CAM,44.0,498.4,697.7661109092969,14.745104147244485,-0.3081650815671306,498.4,697.7661109092969,14.745104147244485,-0.3081650815671306,nonce-774118ed741b339b64c0,True,False,benign,False,0,"{""attack_ended_at"": 44.0, ""case_opened_at"": 44.0, ""lane_id"": ""nc_0"", ""road_id"": ""nc""}"
cam-1008-veh_000-000044,cam-1008-veh_000-000044,case-intersection-1008-veh_000-benign,root-30d9a8e3b8235ca09f4715f4,1008,veh_000,ps-c836b37964202f27,CAM,45.0,492.6989902911777,498.4,0.0,0.0,492.6989902911777,498.4,0.0,0.0,nonce-30d9a8e3b8235ca09f47,True,False,benign,False,0,"{""attack_ended_at"": 45.0, ""case_opened_at"": 45.0, ""lane_id"": ""wc_0"", ""road_id"": ""wc""}"
cam-1008-veh_001-000043,cam-1008-veh_001-000043,case-intersection-1008-veh_001-benign,root-7b3dacca0d7d654c8569ba20,1008,veh_001,ps-06cf0c7bb8481f37,CAM,45.0,507.3010226260759,501.6,0.0,0.0,507.3010226260759,501.6,0.0,0.0,nonce-7b3dacca0d7d654c8569,True,False,benign,False,0,"{""attack_ended_at"": 45.0, ""case_opened_at"": 45.0, ""lane_id"": ""ec_0"", ""road_id"": ""ec""}"
cam-1008-veh_002-000042,cam-1008-veh_002-000042,case-intersection-1008-veh_002-position_offset,root-3908982db0a8eb1889259d77,1008,veh_002,ps-c10217be2cfbfbad,CAM,45.0,501.6,601.7407346093831,13.979582437852875,-0.5988144209515305,566.6,617.9907346093831,13.979582437852875,-0.5988144209515305,nonce-3908982db0a8eb188925,True,False,position_offset,True,0,"{""attack_ended_at"": 70.0, ""case_opened_at"": 18.0, ""lane_id"": ""cn_0"", ""road_id"": ""cn""}"
cam-1008-veh_003-000041,cam-1008-veh_003-000041,case-intersection-1008-veh_003-benign,root-2d3e291d6be8408557716f08,1008,veh_003,ps-b84d6e13ef43c957,CAM,45.0,498.4,330.9225961778451,15.947536261673086,-0.26536313699092773,498.4,330.9225961778451,15.947536261673086,-0.26536313699092773,nonce-2d3e291d6be840855771,True,False,benign,False,0,"{""attack_ended_at"": 45.0, ""case_opened_at"": 45.0, ""lane_id"": ""cs_0"", ""road_id"": ""cs""}"
cam-1008-veh_004-000040,cam-1008-veh_004-000040,case-intersection-1008-veh_004-speed_offset,root-2674befe0371f226373d9d32,1008,veh_004,ps-a4ec7ac7ed69787f,CAM,45.0,485.19798051999544,498.4,0.0,0.0,485.19798051999544,498.4,11.0,0.0,nonce-2674befe0371f226373d,True,False,speed_offset,True,0,"{""attack_ended_at"": 72.0, ""case_opened_at"": 20.0, ""lane_id"": ""wc_0"", ""road_id"": ""wc""}"
cam-1008-veh_005-000039,cam-1008-veh_005-000039,case-intersection-1008-veh_005-benign,root-02eaf2b55981f3f18e983abe,1008,veh_005,ps-969b062779822854,CAM,45.0,514.8020644976245,501.6,0.0,0.0,514.8020644976245,501.6,0.0,0.0,nonce-02eaf2b55981f3f18e98,True,False,benign,False,0,"{""attack_ended_at"": 45.0, ""case_opened_at"": 45.0, ""lane_id"": ""ec_0"", ""road_id"": ""ec""}"
replay-cam-1008-veh_006-000038,cam-1008-veh_006-000014,case-intersection-1008-veh_006-replay,root-e6073782afc54a5381804d00,1008,veh_006,ps-65fe799408ea4704,CAM,21.0,501.6,231.44104983772158,16.339173566782847,0.3305125820729877,501.6,231.44104983772158,16.339173566782847,0.3305125820729877,nonce-e6073782afc54a538180,True,False,replay,True,6,"{""attack_ended_at"": 21.0, ""case_opened_at"": 21.0, ""lane_id"": ""sc_0"", ""road_id"": ""sc""}"
cam-1008-veh_007-000037,cam-1008-veh_007-000037,case-intersection-1008-veh_007-benign,root-3c9df81146704c5a670da7b0,1008,veh_007,ps-30c2a00c607f04e2,CAM,45.0,498.4,393.9637990448299,16.66678864490241,0.10306139912456302,498.4,393.9637990448299,16.66678864490241,0.10306139912456302,nonce-3c9df81146704c5a670d,True,False,benign,False,0,"{""attack_ended_at"": 45.0, ""case_opened_at"": 45.0, ""lane_id"": ""cs_0"", ""road_id"": ""cs""}"
cam-1008-veh_008-000036,cam-1008-veh_008-000036,case-intersection-1008-veh_008-certificate_tamper,root-c0c7095bb0c13ead28a0ea78,1008,veh_008,ps-82218acb1d94705f,CAM,45.0,477.69695934626907,498.4,0.0,-0.0003906734596078742,477.69695934626907,498.4,0.0,-0.0003906734596078742,nonce-c0c7095bb0c13ead28a0,False,False,certificate_tamper,True,0,"{""attack_ended_at"": 76.0, ""case_opened_at"": 24.0, ""lane_id"": ""wc_0"", ""road_id"": ""wc""}"
cam-1008-veh_009-000035,cam-1008-veh_009-000035,case-intersection-1008-veh_009-benign,root-571826270be2f2579879a2ca,1008,veh_009,ps-7ceb479c74f04f24,CAM,45.0,524.0877102100155,501.6,5.551180115236538,-3.833508639042278,524.0877102100155,501.6,5.551180115236538,-3.833508639042278,nonce-571826270be2f2579879,True,False,benign,False,0,"{""attack_ended_at"": 45.0, ""case_opened_at"": 45.0, ""lane_id"": ""ec_0"", ""road_id"": ""ec""}"
cam-1008-veh_010-000034-f0,cam-1008-veh_010-000034,case-intersection-1008-veh_010-flood,root-f2df95a8398dd535419729ac,1008,veh_010,ps-3210978143869c35,CAM,45.0,501.6,552.9932476392929,15.221556521401556,0.07131995546932757,501.6,552.9932476392929,15.221556521401556,0.07131995546932757,nonce-f2df95a8398dd5354197,True,False,flood,True,0,"{""attack_ended_at"": 78.0, ""case_opened_at"": 26.0, ""lane_id"": ""cn_0"", ""road_id"": ""cn""}"
cam-1008-veh_010-000034-f1,cam-1008-veh_010-000034,case-intersection-1008-veh_010-flood,root-f2df95a8398dd535419729ac,1008,veh_010,ps-3210978143869c35,CAM,45.0,501.6,552.9932476392929,15.221556521401556,0.07131995546932757,501.6,552.9932476392929,15.221556521401556,0.07131995546932757,nonce-f2df95a8398dd5354197,True,False,flood,True,1,"{""attack_ended_at"": 78.0, ""case_opened_at"": 26.0, ""lane_id"": ""cn_0"", ""road_id"": ""cn""}"
cam-1008-veh_010-000034-f2,cam-1008-veh_010-000034,case-intersection-1008-veh_010-flood,root-f2df95a8398dd535419729ac,1008,veh_010,ps-3210978143869c35,CAM,45.0,501.6,552.9932476392929,15.221556521401556,0.07131995546932757,501.6,552.9932476392929,15.221556521401556,0.07131995546932757,nonce-f2df95a8398dd5354197,True,False,flood,True,2,"{""attack_ended_at"": 78.0, ""case_opened_at"": 26.0, ""lane_id"": ""cn_0"", ""road_id"": ""cn""}"
cam-1008-veh_010-000034-f3,cam-1008-veh_010-000034,case-intersection-1008-veh_010-flood,root-f2df95a8398dd535419729ac,1008,veh_010,ps-3210978143869c35,CAM,45.0,501.6,552.9932476392929,15.221556521401556,0.07131995546932757,501.6,552.9932476392929,15.221556521401556,0.07131995546932757,nonce-f2df95a8398dd5354197,True,False,flood,True,3,"{""attack_ended_at"": 78.0, ""case_opened_at"": 26.0, ""lane_id"": ""cn_0"", ""road_id"": ""cn""}"
cam-1008-veh_010-000034-f4,cam-1008-veh_010-000034,case-intersection-1008-veh_010-flood,root-f2df95a8398dd535419729ac,1008,veh_010,ps-3210978143869c35,CAM,45.0,501.6,552.9932476392929,15.221556521401556,0.07131995546932757,501.6,552.9932476392929,15.221556521401556,0.07131995546932757,nonce-f2df95a8398dd5354197,True,False,flood,True,4,"{""attack_ended_at"": 78.0, ""case_opened_at"": 26.0, ""lane_id"": ""cn_0"", ""road_id"": ""cn""}"
cam-1008-veh_011-000033,cam-1008-veh_011-000033,case-intersection-1008-veh_011-benign,root-b86d8d91a7b4b0e3857f2e1c,1008,veh_011,ps-8a5d63d2056fbe7e,CAM,45.0,498.4,501.3363932859376,14.689944941651696,-0.06767300892155603,498.4,501.3363932859376,14.689944941651696,-0.06767300892155603,nonce-b86d8d91a7b4b0e3857f,True,False,benign,False,0,"{""attack_ended_at"": 45.0, ""case_opened_at"": 45.0, ""lane_id"": "":c_1_0"", ""road_id"": "":c_1""}"
cam-1008-veh_012-000032,cam-1008-veh_012-000032,case-intersection-1008-veh_012-false_denm,root-61a62bbcecc3bd6024b52876,1008,veh_012,ps-d55e51c88c138a2d,CAM,45.0,470.1941527962063,498.4,0.026418729409944542,-0.06077832525232285,470.1941527962063,498.4,0.026418729409944542,-0.06077832525232285,nonce-61a62bbcecc3bd6024b5,True,False,false_denm,True,0,"{""attack_ended_at"": 80.0, ""case_opened_at"": 28.0, ""lane_id"": ""wc_0"", ""road_id"": ""wc""}"
cam-1008-veh_013-000031,cam-1008-veh_013-000031,case-intersection-1008-veh_013-benign,root-835f7125a0cd75533680c574,1008,veh_013,ps-c612038c409b5d43,CAM,45.0,538.7666547040682,501.6,9.519148726415084,-3.9646163887270554,538.7666547040682,501.6,9.519148726415084,-3.9646163887270554,nonce-835f7125a0cd75533680,True,False,benign,False,0,"{""attack_ended_at"": 45.0, ""case_opened_at"": 45.0, ""lane_id"": ""ec_0"", ""road_id"": ""ec""}"
cam-1008-veh_014-000030-m0,cam-1008-veh_014-000030,case-intersection-1008-veh_014-mixed,root-d1bf68b698e2e985fd7f1f25,1008,veh_014,ps-1c0f8ece3ddb0b0c,DENM,45.0,501.6,445.509066743724,14.606547211556151,-0.2364494979986933,546.6,454.509066743724,22.60654721155615,-0.2364494979986933,nonce-d1bf68b698e2e985fd7f,True,True,mixed,True,0,"{""attack_ended_at"": 82.0, ""case_opened_at"": 30.0, ""lane_id"": ""sc_0"", ""road_id"": ""sc""}"
cam-1008-veh_014-000030-m1,cam-1008-veh_014-000030,case-intersection-1008-veh_014-mixed,root-d1bf68b698e2e985fd7f1f25,1008,veh_014,ps-1c0f8ece3ddb0b0c,DENM,45.0,501.6,445.509066743724,14.606547211556151,-0.2364494979986933,546.6,454.509066743724,22.60654721155615,-0.2364494979986933,nonce-d1bf68b698e2e985fd7f,True,True,mixed,True,1,"{""attack_ended_at"": 82.0, ""case_opened_at"": 30.0, ""lane_id"": ""sc_0"", ""road_id"": ""sc""}"
cam-1008-veh_014-000030-m2,cam-1008-veh_014-000030,case-intersection-1008-veh_014-mixed,root-d1bf68b698e2e985fd7f1f25,1008,veh_014,ps-1c0f8ece3ddb0b0c,DENM,45.0,501.6,445.509066743724,14.606547211556151,-0.2364494979986933,546.6,454.509066743724,22.60654721155615,-0.2364494979986933,nonce-d1bf68b698e2e985fd7f,True,True,mixed,True,2,"{""attack_ended_at"": 82.0, ""case_opened_at"": 30.0, ""lane_id"": ""sc_0"", ""road_id"": ""sc""}"
cam-1008-veh_014-000030-m3,cam-1008-veh_014-000030,case-intersection-1008-veh_014-mixed,root-d1bf68b698e2e985fd7f1f25,1008,veh_014,ps-1c0f8ece3ddb0b0c,DENM,45.0,501.6,445.509066743724,14.606547211556151,-0.2364494979986933,546.6,454.509066743724,22.60654721155615,-0.2364494979986933,nonce-d1bf68b698e2e985fd7f,True,True,mixed,True,3,"{""attack_ended_at"": 82.0, ""case_opened_at"": 30.0, ""lane_id"": ""sc_0"", ""road_id"": ""sc""}"
cam-1008-veh_015-000029,cam-1008-veh_015-000029,case-intersection-1008-veh_015-benign,root-e442eedc80c1451b45e21924,1008,veh_015,ps-77b1c1c85865d133,CAM,45.0,498.4,562.0871696721066,15.193347538903604,0.656519386195578,498.4,562.0871696721066,15.193347538903604,0.656519386195578,nonce-e442eedc80c1451b45e2,True,False,benign,False,0,"{""attack_ended_at"": 45.0, ""case_opened_at"": 45.0, ""lane_id"": ""nc_0"", ""road_id"": ""nc""}"
cam-1008-veh_016-000028,cam-1008-veh_016-000028,case-intersection-1008-veh_016-benign,root-b9d6845a641c8f29e5d1b823,1008,veh_016,ps-1e0348b1d8bfe014,CAM,45.0,452.132206211786,498.4,11.758571027366948,-4.5,452.132206211786,498.4,11.758571027366948,-4.5,nonce-b9d6845a641c8f29e5d1,True,False,benign,False,0,"{""attack_ended_at"": 45.0, ""case_opened_at"": 45.0, ""lane_id"": ""wc_0"", ""road_id"": ""wc""}"
cam-1008-veh_017-000027,cam-1008-veh_017-000027,case-intersection-1008-veh_017-benign,root-f119860034dea1407e3fea2a,1008,veh_017,ps-31646c93226ae98c,CAM,45.0,560.8913246816796,501.6,14.19056616561703,-1.9239209915239979,560.8913246816796,501.6,14.19056616561703,-1.9239209915239979,nonce-f119860034dea1407e3f,True,False,benign,False,0,"{""attack_ended_at"": 45.0, ""case_opened_at"": 45.0, ""lane_id"": ""ec_0"", ""road_id"": ""ec""}"
cam-1008-veh_018-000026,cam-1008-veh_018-000026,case-intersection-1008-veh_018-benign,root-665cfd7ef3e2b2782c06f6c2,1008,veh_018,ps-55c539e5052cea58,CAM,45.0,501.6,376.923031775066,14.164372907078798,-0.48886429177131596,501.6,376.923031775066,14.164372907078798,-0.48886429177131596,nonce-665cfd7ef3e2b2782c06,True,False,benign,False,0,"{""attack_ended_at"": 45.0, ""case_opened_at"": 45.0, ""lane_id"": ""sc_0"", ""road_id"": ""sc""}"
cam-1008-veh_019-000025,cam-1008-veh_019-000025,case-intersection-1008-veh_019-benign,root-44fbf6a36e993a3a3b466b75,1008,veh_019,ps-6e220b4f697c2cd3,CAM,45.0,498.4,623.3028192653215,14.93049751200867,-0.20199330369941926,498.4,623.3028192653215,14.93049751200867,-0.20199330369941926,nonce-44fbf6a36e993a3a3b46,True,False,benign,False,0,"{""attack_ended_at"": 45.0, ""case_opened_at"": 45.0, ""lane_id"": ""nc_0"", ""road_id"": ""nc""}"
cam-1008-veh_020-000024,cam-1008-veh_020-000024,case-intersection-1008-veh_020-benign,root-d12eb6cfce8455b87f2f4f47,1008,veh_020,ps-fb97d0e5da402071,CAM,45.0,393.7725985047827,498.4,16.22557605591603,0.31575536222197265,393.7725985047827,498.4,16.22557605591603,0.31575536222197265,nonce-d12eb6cfce8455b87f2f,True,False,benign,False,0,"{""attack_ended_at"": 45.0, ""case_opened_at"": 45.0, ""lane_id"": ""wc_0"", ""road_id"": ""wc""}"
cam-1008-veh_021-000023,cam-1008-veh_021-000023,case-intersection-1008-veh_021-benign,root-56381c6b34851480fa088c4d,1008,veh_021,ps-7461357a64efe09e,CAM,45.0,622.2964336516034,501.6,16.065647040669994,-0.22307381867431175,622.2964336516034,501.6,16.065647040669994,-0.22307381867431175,nonce-56381c6b34851480fa08,True,False,benign,False,0,"{""attack_ended_at"": 45.0, ""case_opened_at"": 45.0, ""lane_id"": ""ec_0"", ""road_id"": ""ec""}"
cam-1008-veh_022-000022,cam-1008-veh_022-000022,case-intersection-1008-veh_022-benign,root-24a0c6602245e9f0fab26f0e,1008,veh_022,ps-b515230e59090b79,CAM,45.0,501.6,344.4247008974685,15.52880068621874,0.35773936369456294,501.6,344.4247008974685,15.52880068621874,0.35773936369456294,nonce-24a0c6602245e9f0fab2,True,False,benign,False,0,"{""attack_ended_at"": 45.0, ""case_opened_at"": 45.0, ""lane_id"": ""sc_0"", ""road_id"": ""sc""}"
cam-1008-veh_023-000021,cam-1008-veh_023-000021,case-intersection-1008-veh_023-benign,root-a68e2613408bf8206385629d,1008,veh_023,ps-92555cef08137c2d,CAM,45.0,498.4,682.7170083855862,15.049102523710818,0.30399837646633365,498.4,682.7170083855862,15.049102523710818,0.30399837646633365,nonce-a68e2613408bf8206385,True,False,benign,False,0,"{""attack_ended_at"": 45.0, ""case_opened_at"": 45.0, ""lane_id"": ""nc_0"", ""road_id"": ""nc""}"
cam-1008-veh_000-000045,cam-1008-veh_000-000045,case-intersection-1008-veh_000-benign,root-ae2b0bc0954c55d8416e37be,1008,veh_000,ps-c836b37964202f27,CAM,46.0,492.6989902911777,498.4,0.0,0.0,492.6989902911777,498.4,0.0,0.0,nonce-ae2b0bc0954c55d8416e,True,False,benign,False,0,"{""attack_ended_at"": 46.0, ""case_opened_at"": 46.0, ""lane_id"": ""wc_0"", ""road_id"": ""wc""}"
cam-1008-veh_001-000044,cam-1008-veh_001-000044,case-intersection-1008-veh_001-benign,root-cdb4aa49da4f7c84303382d5,1008,veh_001,ps-06cf0c7bb8481f37,CAM,46.0,507.3010226260759,501.6,0.0,0.0,507.3010226260759,501.6,0.0,0.0,nonce-cdb4aa49da4f7c843033,True,False,benign,False,0,"{""attack_ended_at"": 46.0, ""case_opened_at"": 46.0, ""lane_id"": ""ec_0"", ""road_id"": ""ec""}"
cam-1008-veh_002-000043,cam-1008-veh_002-000043,case-intersection-1008-veh_002-position_offset,root-0db68baf3ac23c8a1f34a761,1008,veh_002,ps-c10217be2cfbfbad,CAM,46.0,501.6,615.6897810162301,13.949046406846971,-0.030536031005903297,566.6,631.9397810162301,13.949046406846971,-0.030536031005903297,nonce-0db68baf3ac23c8a1f34,True,False,position_offset,True,0,"{""attack_ended_at"": 70.0, ""case_opened_at"": 18.0, ""lane_id"": ""cn_0"", ""road_id"": ""cn""}"
cam-1008-veh_003-000042,cam-1008-veh_003-000042,case-intersection-1008-veh_003-benign,root-4b53179d93594f8d1404362a,1008,veh_003,ps-b84d6e13ef43c957,CAM,46.0,498.4,314.26035975202905,16.662236425816083,0.7147001641429966,498.4,314.26035975202905,16.662236425816083,0.7147001641429966,nonce-4b53179d93594f8d1404,True,False,benign,False,0,"{""attack_ended_at"": 46.0, ""case_opened_at"": 46.0, ""lane_id"": ""cs_0"", ""road_id"": ""cs""}"
cam-1008-veh_004-000041,cam-1008-veh_004-000041,case-intersection-1008-veh_004-speed_offset,root-e2e4c1d2e7fd277a8abf6403,1008,veh_004,ps-a4ec7ac7ed69787f,CAM,46.0,485.19798051999544,498.4,0.0,0.0,485.19798051999544,498.4,11.0,0.0,nonce-e2e4c1d2e7fd277a8abf,True,False,speed_offset,True,0,"{""attack_ended_at"": 72.0, ""case_opened_at"": 20.0, ""lane_id"": ""wc_0"", ""road_id"": ""wc""}"
cam-1008-veh_005-000040,cam-1008-veh_005-000040,case-intersection-1008-veh_005-benign,root-e02cfcebaba71d123c4f2a8a,1008,veh_005,ps-969b062779822854,CAM,46.0,514.8020644976245,501.6,0.0,0.0,514.8020644976245,501.6,0.0,0.0,nonce-e02cfcebaba71d123c4f,True,False,benign,False,0,"{""attack_ended_at"": 46.0, ""case_opened_at"": 46.0, ""lane_id"": ""ec_0"", ""road_id"": ""ec""}"
replay-cam-1008-veh_006-000039,cam-1008-veh_006-000011,case-intersection-1008-veh_006-replay,root-698ab643fc75e30c21ee9766,1008,veh_006,ps-65fe799408ea4704,CAM,18.0,501.6,182.79892649799126,16.638048100941816,0.2891036247694849,501.6,182.79892649799126,16.638048100941816,0.2891036247694849,nonce-698ab643fc75e30c21ee,True,False,replay,True,7,"{""attack_ended_at"": 18.0, ""case_opened_at"": 18.0, ""lane_id"": ""sc_0"", ""road_id"": ""sc""}"
cam-1008-veh_007-000038,cam-1008-veh_007-000038,case-intersection-1008-veh_007-benign,root-818f75628b880b2e944831ee,1008,veh_007,ps-30c2a00c607f04e2,CAM,46.0,498.4,377.41041597176354,16.553383073066364,-0.11340557183604716,498.4,377.41041597176354,16.553383073066364,-0.11340557183604716,nonce-818f75628b880b2e9448,True,False,benign,False,0,"{""attack_ended_at"": 46.0, ""case_opened_at"": 46.0, ""lane_id"": ""cs_0"", ""road_id"": ""cs""}"
cam-1008-veh_008-000037,cam-1008-veh_008-000037,case-intersection-1008-veh_008-certificate_tamper,root-4798516c6ad4875d71ffc5f0,1008,veh_008,ps-82218acb1d94705f,CAM,46.0,477.69695934626907,498.4,0.0,0.0,477.69695934626907,498.4,0.0,0.0,nonce-4798516c6ad4875d71ff,False,False,certificate_tamper,True,0,"{""attack_ended_at"": 76.0, ""case_opened_at"": 24.0, ""lane_id"": ""wc_0"", ""road_id"": ""wc""}"
cam-1008-veh_009-000036,cam-1008-veh_009-000036,case-intersection-1008-veh_009-benign,root-bbbf81bffa9f171665b0ed09,1008,veh_009,ps-7ceb479c74f04f24,CAM,46.0,522.3693239467345,501.6,1.7183862632811215,-3.8327938519554166,522.3693239467345,501.6,1.7183862632811215,-3.8327938519554166,nonce-bbbf81bffa9f171665b0,True,False,benign,False,0,"{""attack_ended_at"": 46.0, ""case_opened_at"": 46.0, ""lane_id"": ""ec_0"", ""road_id"": ""ec""}"
cam-1008-veh_010-000035-f0,cam-1008-veh_010-000035,case-intersection-1008-veh_010-flood,root-799e8cb29f87a23c0e94a317,1008,veh_010,ps-3210978143869c35,CAM,46.0,501.6,568.2338702553446,15.24062261605168,0.019066094650122878,501.6,568.2338702553446,15.24062261605168,0.019066094650122878,nonce-799e8cb29f87a23c0e94,True,False,flood,True,0,"{""attack_ended_at"": 78.0, ""case_opened_at"": 26.0, ""lane_id"": ""cn_0"", ""road_id"": ""cn""}"
cam-1008-veh_010-000035-f1,cam-1008-veh_010-000035,case-intersection-1008-veh_010-flood,root-799e8cb29f87a23c0e94a317,1008,veh_010,ps-3210978143869c35,CAM,46.0,501.6,568.2338702553446,15.24062261605168,0.019066094650122878,501.6,568.2338702553446,15.24062261605168,0.019066094650122878,nonce-799e8cb29f87a23c0e94,True,False,flood,True,1,"{""attack_ended_at"": 78.0, ""case_opened_at"": 26.0, ""lane_id"": ""cn_0"", ""road_id"": ""cn""}"
cam-1008-veh_010-000035-f2,cam-1008-veh_010-000035,case-intersection-1008-veh_010-flood,root-799e8cb29f87a23c0e94a317,1008,veh_010,ps-3210978143869c35,CAM,46.0,501.6,568.2338702553446,15.24062261605168,0.019066094650122878,501.6,568.2338702553446,15.24062261605168,0.019066094650122878,nonce-799e8cb29f87a23c0e94,True,False,flood,True,2,"{""attack_ended_at"": 78.0, ""case_opened_at"": 26.0, ""lane_id"": ""cn_0"", ""road_id"": ""cn""}"
cam-1008-veh_010-000035-f3,cam-1008-veh_010-000035,case-intersection-1008-veh_010-flood,root-799e8cb29f87a23c0e94a317,1008,veh_010,ps-3210978143869c35,CAM,46.0,501.6,568.2338702553446,15.24062261605168,0.019066094650122878,501.6,568.2338702553446,15.24062261605168,0.019066094650122878,nonce-799e8cb29f87a23c0e94,True,False,flood,True,3,"{""attack_ended_at"": 78.0, ""case_opened_at"": 26.0, ""lane_id"": ""cn_0"", ""road_id"": ""cn""}"
cam-1008-veh_010-000035-f4,cam-1008-veh_010-000035,case-intersection-1008-veh_010-flood,root-799e8cb29f87a23c0e94a317,1008,veh_010,ps-3210978143869c35,CAM,46.0,501.6,568.2338702553446,15.24062261605168,0.019066094650122878,501.6,568.2338702553446,15.24062261605168,0.019066094650122878,nonce-799e8cb29f87a23c0e94,True,False,flood,True,4,"{""attack_ended_at"": 78.0, ""case_opened_at"": 26.0, ""lane_id"": ""cn_0"", ""road_id"": ""cn""}"
cam-1008-veh_011-000034,cam-1008-veh_011-000034,case-intersection-1008-veh_011-benign,root-d82661ca73440f02e50ce07a,1008,veh_011,ps-8a5d63d2056fbe7e,CAM,46.0,498.4,486.0347888679759,15.30160441796171,0.6116594763100149,498.4,486.0347888679759,15.30160441796171,0.6116594763100149,nonce-d82661ca73440f02e50c,True,False,benign,False,0,"{""attack_ended_at"": 46.0, ""case_opened_at"": 46.0, ""lane_id"": ""cs_0"", ""road_id"": ""cs""}"
cam-1008-veh_012-000033,cam-1008-veh_012-000033,case-intersection-1008-veh_012-false_denm,root-7757dff3c7fd12e5c27adc22,1008,veh_012,ps-d55e51c88c138a2d,CAM,46.0,470.19579053895364,498.4,0.00163774274735283,-0.024780986662591712,470.19579053895364,498.4,0.00163774274735283,-0.024780986662591712,nonce-7757dff3c7fd12e5c27a,True,False,false_denm,True,0,"{""attack_ended_at"": 80.0, ""case_opened_at"": 28.0, ""lane_id"": ""wc_0"", ""road_id"": ""wc""}"
cam-1008-veh_013-000032,cam-1008-veh_013-000032,case-intersection-1008-veh_013-benign,root-c8e857febdf9b64cbe4a8c73,1008,veh_013,ps-c612038c409b5d43,CAM,46.0,532.4163393041572,501.6,6.350315399910971,-3.168833326504113,532.4163393041572,501.6,6.350315399910971,-3.168833326504113,nonce-c8e857febdf9b64cbe4a,True,False,benign,False,0,"{""attack_ended_at"": 46.0, ""case_opened_at"": 46.0, ""lane_id"": ""ec_0"", ""road_id"": ""ec""}"
cam-1008-veh_014-000031-m0,cam-1008-veh_014-000031,case-intersection-1008-veh_014-mixed,root-180d37f141d09786a70c1d48,1008,veh_014,ps-1c0f8ece3ddb0b0c,DENM,46.0,501.6,460.27894780753866,14.769881063814664,0.16333385225851238,546.6,469.27894780753866,22.769881063814665,0.16333385225851238,nonce-180d37f141d09786a70c,True,True,mixed,True,0,"{""attack_ended_at"": 82.0, ""case_opened_at"": 30.0, ""lane_id"": ""sc_0"", ""road_id"": ""sc""}"
cam-1008-veh_014-000031-m1,cam-1008-veh_014-000031,case-intersection-1008-veh_014-mixed,root-180d37f141d09786a70c1d48,1008,veh_014,ps-1c0f8ece3ddb0b0c,DENM,46.0,501.6,460.27894780753866,14.769881063814664,0.16333385225851238,546.6,469.27894780753866,22.769881063814665,0.16333385225851238,nonce-180d37f141d09786a70c,True,True,mixed,True,1,"{""attack_ended_at"": 82.0, ""case_opened_at"": 30.0, ""lane_id"": ""sc_0"", ""road_id"": ""sc""}"
cam-1008-veh_014-000031-m2,cam-1008-veh_014-000031,case-intersection-1008-veh_014-mixed,root-180d37f141d09786a70c1d48,1008,veh_014,ps-1c0f8ece3ddb0b0c,DENM,46.0,501.6,460.27894780753866,14.769881063814664,0.16333385225851238,546.6,469.27894780753866,22.769881063814665,0.16333385225851238,nonce-180d37f141d09786a70c,True,True,mixed,True,2,"{""attack_ended_at"": 82.0, ""case_opened_at"": 30.0, ""lane_id"": ""sc_0"", ""road_id"": ""sc""}"
cam-1008-veh_014-000031-m3,cam-1008-veh_014-000031,case-intersection-1008-veh_014-mixed,root-180d37f141d09786a70c1d48,1008,veh_014,ps-1c0f8ece3ddb0b0c,DENM,46.0,501.6,460.27894780753866,14.769881063814664,0.16333385225851238,546.6,469.27894780753866,22.769881063814665,0.16333385225851238,nonce-180d37f141d09786a70c,True,True,mixed,True,3,"{""attack_ended_at"": 82.0, ""case_opened_at"": 30.0, ""lane_id"": ""sc_0"", ""road_id"": ""sc""}"
cam-1008-veh_015-000030,cam-1008-veh_015-000030,case-intersection-1008-veh_015-benign,root-cb2eef93b4631e2b7586097e,1008,veh_015,ps-77b1c1c85865d133,CAM,46.0,498.4,546.7914179520094,15.295751720097163,0.10240418119355965,498.4,546.7914179520094,15.295751720097163,0.10240418119355965,nonce-cb2eef93b4631e2b7586,True,False,benign,False,0,"{""attack_ended_at"": 46.0, ""case_opened_at"": 46.0, ""lane_id"": ""nc_0"", ""road_id"": ""nc""}"
cam-1008-veh_016-000029,cam-1008-veh_016-000029,case-intersection-1008-veh_016-benign,root-bbc5df58ab52ca2bf16c6046,1008,veh_016,ps-1e0348b1d8bfe014,CAM,46.0,459.39077723915295,498.4,7.258571027366948,-4.5,459.39077723915295,498.4,7.258571027366948,-4.5,nonce-bbc5df58ab52ca2bf16c,True,False,benign,False,0,"{""attack_ended_at"": 46.0, ""case_opened_at"": 46.0, ""lane_id"": ""wc_0"", ""road_id"": ""wc""}"
cam-1008-veh_017-000028,cam-1008-veh_017-000028,case-intersection-1008-veh_017-benign,root-37be62c7e10ff58375d25e2d,1008,veh_017,ps-31646c93226ae98c,CAM,46.0,550.4322399615955,501.6,10.459084720084128,-3.7314814455329017,550.4322399615955,501.6,10.459084720084128,-3.7314814455329017,nonce-37be62c7e10ff58375d2,True,False,benign,False,0,"{""attack_ended_at"": 46.0, ""case_opened_at"": 46.0, ""lane_id"": ""ec_0"", ""road_id"": ""ec""}"
cam-1008-veh_018-000027,cam-1008-veh_018-000027,case-intersection-1008-veh_018-benign,root-81357af2b69cb61f0595fd18,1008,veh_018,ps-55c539e5052cea58,CAM,46.0,501.6,391.5769376418622,14.653905866796125,0.4895329597173266,501.6,391.5769376418622,14.653905866796125,0.4895329597173266,nonce-81357af2b69cb61f0595,True,False,benign,False,0,"{""attack_ended_at"": 46.0, ""case_opened_at"": 46.0, ""lane_id"": ""sc_0"", ""road_id"": ""sc""}"
cam-1008-veh_019-000026,cam-1008-veh_019-000026,case-intersection-1008-veh_019-benign,root-a82f43d329d6847807751dd0,1008,veh_019,ps-6e220b4f697c2cd3,CAM,46.0,498.4,608.2989444178502,15.003874847471389,0.07337733546271963,498.4,608.2989444178502,15.003874847471389,0.07337733546271963,nonce-a82f43d329d684780775,True,False,benign,False,0,"{""attack_ended_at"": 46.0, ""case_opened_at"": 46.0, ""lane_id"": ""nc_0"", ""road_id"": ""nc""}"
cam-1008-veh_020-000025,cam-1008-veh_020-000025,case-intersection-1008-veh_020-benign,root-f55a3c92349475a6ecc32a11,1008,veh_020,ps-fb97d0e5da402071,CAM,46.0,410.08690694906755,498.4,16.314308444284837,0.08873238836880759,410.08690694906755,498.4,16.314308444284837,0.08873238836880759,nonce-f55a3c92349475a6ecc3,True,False,benign,False,0,"{""attack_ended_at"": 46.0, ""case_opened_at"": 46.0, ""lane_id"": ""wc_0"", ""road_id"": ""wc""}"
cam-1008-veh_021-000024,cam-1008-veh_021-000024,case-intersection-1008-veh_021-benign,root-14d83fbcb001d96996eeecc7,1008,veh_021,ps-7461357a64efe09e,CAM,46.0,606.4588919923997,501.6,15.837541659203547,-0.2281053814664471,606.4588919923997,501.6,15.837541659203547,-0.2281053814664471,nonce-14d83fbcb001d96996ee,True,False,benign,False,0,"{""attack_ended_at"": 46.0, ""case_opened_at"": 46.0, ""lane_id"": ""ec_0"", ""road_id"": ""ec""}"
cam-1008-veh_022-000023,cam-1008-veh_022-000023,case-intersection-1008-veh_022-benign,root-66781e562b0dcbe1e0c8a3da,1008,veh_022,ps-b515230e59090b79,CAM,46.0,501.6,359.64786093604306,15.223160038574564,-0.30564064764417687,501.6,359.64786093604306,15.223160038574564,-0.30564064764417687,nonce-66781e562b0dcbe1e0c8,True,False,benign,False,0,"{""attack_ended_at"": 46.0, ""case_opened_at"": 46.0, ""lane_id"": ""sc_0"", ""road_id"": ""sc""}"
cam-1008-veh_023-000022,cam-1008-veh_023-000022,case-intersection-1008-veh_023-benign,root-4f71cb87fb6f23ebfe41fb57,1008,veh_023,ps-92555cef08137c2d,CAM,46.0,498.4,667.924236293454,14.792772092132138,-0.2563304315786805,498.4,667.924236293454,14.792772092132138,-0.2563304315786805,nonce-4f71cb87fb6f23ebfe41,True,False,benign,False,0,"{""attack_ended_at"": 46.0, ""case_opened_at"": 46.0, ""lane_id"": ""nc_0"", ""road_id"": ""nc""}"
cam-1008-veh_000-000046,cam-1008-veh_000-000046,case-intersection-1008-veh_000-benign,root-5f46af1a6b280e9370c3ef42,1008,veh_000,ps-c836b37964202f27,CAM,47.0,492.6989902911777,498.4,0.0,0.0,492.6989902911777,498.4,0.0,0.0,nonce-5f46af1a6b280e9370c3,True,False,benign,False,0,"{""attack_ended_at"": 47.0, ""case_opened_at"": 47.0, ""lane_id"": ""wc_0"", ""road_id"": ""wc""}"
cam-1008-veh_001-000045,cam-1008-veh_001-000045,case-intersection-1008-veh_001-benign,root-0f8067a42bf96c475b2adb99,1008,veh_001,ps-06cf0c7bb8481f37,CAM,47.0,507.3010226260759,501.6,0.0,0.0,507.3010226260759,501.6,0.0,0.0,nonce-0f8067a42bf96c475b2a,True,False,benign,False,0,"{""attack_ended_at"": 47.0, ""case_opened_at"": 47.0, ""lane_id"": ""ec_0"", ""road_id"": ""ec""}"
cam-1008-veh_002-000044,cam-1008-veh_002-000044,case-intersection-1008-veh_002-position_offset,root-fc7ba5bfa55a90960d20ba4a,1008,veh_002,ps-c10217be2cfbfbad,CAM,47.0,501.6,629.8687209284781,14.178939912247948,0.22989350540097675,566.6,646.1187209284781,14.178939912247948,0.22989350540097675,nonce-fc7ba5bfa55a90960d20,True,False,position_offset,True,0,"{""attack_ended_at"": 70.0, ""case_opened_at"": 18.0, ""lane_id"": ""cn_0"", ""road_id"": ""cn""}"
cam-1008-veh_003-000043,cam-1008-veh_003-000043,case-intersection-1008-veh_003-benign,root-c16f6b13ed567cb69d64bdc9,1008,veh_003,ps-b84d6e13ef43c957,CAM,47.0,498.4,297.7113322117877,16.54902754024137,-0.1132088855747142,498.4,297.7113322117877,16.54902754024137,-0.1132088855747142,nonce-c16f6b13ed567cb69d64,True,False,benign,False,0,"{""attack_ended_at"": 47.0, ""case_opened_at"": 47.0, ""lane_id"": ""cs_0"", ""road_id"": ""cs""}"
cam-1008-veh_004-000042,cam-1008-veh_004-000042,case-intersection-1008-veh_004-speed_offset,root-54b72a91cfe5466f57dc9d35,1008,veh_004,ps-a4ec7ac7ed69787f,CAM,47.0,485.19798051999544,498.4,0.0,0.0,485.19798051999544,498.4,11.0,0.0,nonce-54b72a91cfe5466f57dc,True,False,speed_offset,True,0,"{""attack_ended_at"": 72.0, ""case_opened_at"": 20.0, ""lane_id"": ""wc_0"", ""road_id"": ""wc""}"
cam-1008-veh_005-000041,cam-1008-veh_005-000041,case-intersection-1008-veh_005-benign,root-418dd87d01170ab66789ae34,1008,veh_005,ps-969b062779822854,CAM,47.0,514.8020644976245,501.6,0.0,0.0,514.8020644976245,501.6,0.0,0.0,nonce-418dd87d01170ab66789,True,False,benign,False,0,"{""attack_ended_at"": 47.0, ""case_opened_at"": 47.0, ""lane_id"": ""ec_0"", ""road_id"": ""ec""}"
replay-cam-1008-veh_006-000040,cam-1008-veh_006-000012,case-intersection-1008-veh_006-replay,root-9ea8f4310ed2d98496486915,1008,veh_006,ps-65fe799408ea4704,CAM,19.0,501.6,199.09321528622888,16.294288788237612,-0.34375931270420423,501.6,199.09321528622888,16.294288788237612,-0.34375931270420423,nonce-9ea8f4310ed2d9849648,True,False,replay,True,7,"{""attack_ended_at"": 19.0, ""case_opened_at"": 19.0, ""lane_id"": ""sc_0"", ""road_id"": ""sc""}"
cam-1008-veh_007-000039,cam-1008-veh_007-000039,case-intersection-1008-veh_007-benign,root-2213ed1d3026bd796884f545,1008,veh_007,ps-30c2a00c607f04e2,CAM,47.0,498.4,361.2851983917179,16.125217580045575,-0.42816549302078855,498.4,361.2851983917179,16.125217580045575,-0.42816549302078855,nonce-2213ed1d3026bd796884,True,False,benign,False,0,"{""attack_ended_at"": 47.0, ""case_opened_at"": 47.0, ""lane_id"": ""cs_0"", ""road_id"": ""cs""}"
cam-1008-veh_008-000038,cam-1008-veh_008-000038,case-intersection-1008-veh_008-certificate_tamper,root-72404e8ca013254916407580,1008,veh_008,ps-82218acb1d94705f,CAM,47.0,477.69695934626907,498.4,0.0,0.0,477.69695934626907,498.4,0.0,0.0,nonce-72404e8ca01325491640,False,False,certificate_tamper,True,0,"{""attack_ended_at"": 76.0, ""case_opened_at"": 24.0, ""lane_id"": ""wc_0"", ""road_id"": ""wc""}"
cam-1008-veh_009-000037,cam-1008-veh_009-000037,case-intersection-1008-veh_009-benign,root-fbdbf6b9ca9f4d511bb9b1e8,1008,veh_009,ps-7ceb479c74f04f24,CAM,47.0,522.3099045663164,501.6,0.05941938041801505,-1.6589668828631066,522.3099045663164,501.6,0.05941938041801505,-1.6589668828631066,nonce-fbdbf6b9ca9f4d511bb9,True,False,benign,False,0,"{""attack_ended_at"": 47.0, ""case_opened_at"": 47.0, ""lane_id"": ""ec_0"", ""road_id"": ""ec""}"
cam-1008-veh_010-000036-f0,cam-1008-veh_010-000036,case-intersection-1008-veh_010-flood,root-d5ef55c6eb2e9263fbe56325,1008,veh_010,ps-3210978143869c35,CAM,47.0,501.6,582.3887923592575,14.154922103912902,-1.0857005121387768,501.6,582.3887923592575,14.154922103912902,-1.0857005121387768,nonce-d5ef55c6eb2e9263fbe5,True,False,flood,True,0,"{""attack_ended_at"": 78.0, ""case_opened_at"": 26.0, ""lane_id"": ""cn_0"", ""road_id"": ""cn""}"
cam-1008-veh_010-000036-f1,cam-1008-veh_010-000036,case-intersection-1008-veh_010-flood,root-d5ef55c6eb2e9263fbe56325,1008,veh_010,ps-3210978143869c35,CAM,47.0,501.6,582.3887923592575,14.154922103912902,-1.0857005121387768,501.6,582.3887923592575,14.154922103912902,-1.0857005121387768,nonce-d5ef55c6eb2e9263fbe5,True,False,flood,True,1,"{""attack_ended_at"": 78.0, ""case_opened_at"": 26.0, ""lane_id"": ""cn_0"", ""road_id"": ""cn""}"
cam-1008-veh_010-000036-f2,cam-1008-veh_010-000036,case-intersection-1008-veh_010-flood,root-d5ef55c6eb2e9263fbe56325,1008,veh_010,ps-3210978143869c35,CAM,47.0,501.6,582.3887923592575,14.154922103912902,-1.0857005121387768,501.6,582.3887923592575,14.154922103912902,-1.0857005121387768,nonce-d5ef55c6eb2e9263fbe5,True,False,flood,True,2,"{""attack_ended_at"": 78.0, ""case_opened_at"": 26.0, ""lane_id"": ""cn_0"", ""road_id"": ""cn""}"
cam-1008-veh_010-000036-f3,cam-1008-veh_010-000036,case-intersection-1008-veh_010-flood,root-d5ef55c6eb2e9263fbe56325,1008,veh_010,ps-3210978143869c35,CAM,47.0,501.6,582.3887923592575,14.154922103912902,-1.0857005121387768,501.6,582.3887923592575,14.154922103912902,-1.0857005121387768,nonce-d5ef55c6eb2e9263fbe5,True,False,flood,True,3,"{""attack_ended_at"": 78.0, ""case_opened_at"": 26.0, ""lane_id"": ""cn_0"", ""road_id"": ""cn""}"
cam-1008-veh_010-000036-f4,cam-1008-veh_010-000036,case-intersection-1008-veh_010-flood,root-d5ef55c6eb2e9263fbe56325,1008,veh_010,ps-3210978143869c35,CAM,47.0,501.6,582.3887923592575,14.154922103912902,-1.0857005121387768,501.6,582.3887923592575,14.154922103912902,-1.0857005121387768,nonce-d5ef55c6eb2e9263fbe5,True,False,flood,True,4,"{""attack_ended_at"": 78.0, ""case_opened_at"": 26.0, ""lane_id"": ""cn_0"", ""road_id"": ""cn""}"
cam-1008-veh_011-000035,cam-1008-veh_011-000035,case-intersection-1008-veh_011-benign,root-ff066af69b0415dfa1c23208,1008,veh_011,ps-8a5d63d2056fbe7e,CAM,47.0,498.4,471.3616362141787,14.673152653797219,-0.6284517641644918,498.4,471.3616362141787,14.673152653797219,-0.6284517641644918,nonce-ff066af69b0415dfa1c2,True,False,benign,False,0,"{""attack_ended_at"": 47.0, ""case_opened_at"": 47.0, ""lane_id"": ""cs_0"", ""road_id"": ""cs""}"
cam-1008-veh_012-000034,cam-1008-veh_012-000034,case-intersection-1008-veh_012-false_denm,root-ddf905be6a29a148a9bc83cd,1008,veh_012,ps-d55e51c88c138a2d,CAM,47.0,470.195933634723,498.4,0.00014309576939325742,-0.0014946469779595726,470.195933634723,498.4,0.00014309576939325742,-0.0014946469779595726,nonce-ddf905be6a29a148a9bc,True,False,false_denm,True,0,"{""attack_ended_at"": 80.0, ""case_opened_at"": 28.0, ""lane_id"": ""wc_0"", ""road_id"": ""wc""}"
cam-1008-veh_013-000033,cam-1008-veh_013-000033,case-intersection-1008-veh_013-benign,root-45b90282531010c9ea027aac,1008,veh_013,ps-c612038c409b5d43,CAM,47.0,530.5075875042442,501.6,1.9087517999130283,-4.441563599997943,530.5075875042442,501.6,1.9087517999130283,-4.441563599997943,nonce-45b90282531010c9ea02,True,False,benign,False,0,"{""attack_ended_at"": 47.0, ""case_opened_at"": 47.0, ""lane_id"": ""ec_0"", ""road_id"": ""ec""}"
cam-1008-veh_014-000032-m0,cam-1008-veh_014-000032,case-intersection-1008-veh_014-mixed,root-1dea7b122d313a71dd022757,1008,veh_014,ps-1c0f8ece3ddb0b0c,DENM,47.0,501.6,475.19484717308615,14.915899365547501,0.14601830173283759,546.6,484.19484717308615,22.915899365547503,0.14601830173283759,nonce-1dea7b122d313a71dd02,True,True,mixed,True,0,"{""attack_ended_at"": 82.0, ""case_opened_at"": 30.0, ""lane_id"": ""sc_0"", ""road_id"": ""sc""}"
cam-1008-veh_014-000032-m1,cam-1008-veh_014-000032,case-intersection-1008-veh_014-mixed,root-1dea7b122d313a71dd022757,1008,veh_014,ps-1c0f8ece3ddb0b0c,DENM,47.0,501.6,475.19484717308615,14.915899365547501,0.14601830173283759,546.6,484.19484717308615,22.915899365547503,0.14601830173283759,nonce-1dea7b122d313a71dd02,True,True,mixed,True,1,"{""attack_ended_at"": 82.0, ""case_opened_at"": 30.0, ""lane_id"": ""sc_0"", ""road_id"": ""sc""}"
cam-1008-veh_014-000032-m2,cam-1008-veh_014-000032,case-intersection-1008-veh_014-mixed,root-1dea7b122d313a71dd022757,1008,veh_014,ps-1c0f8ece3ddb0b0c,DENM,47.0,501.6,475.19484717308615,14.915899365547501,0.14601830173283759,546.6,484.19484717308615,22.915899365547503,0.14601830173283759,nonce-1dea7b122d313a71dd02,True,True,mixed,True,2,"{""attack_ended_at"": 82.0, ""case_opened_at"": 30.0, ""lane_id"": ""sc_0"", ""road_id"": ""sc""}"
cam-1008-veh_014-000032-m3,cam-1008-veh_014-000032,case-intersection-1008-veh_014-mixed,root-1dea7b122d313a71dd022757,1008,veh_014,ps-1c0f8ece3ddb0b0c,DENM,47.0,501.6,475.19484717308615,14.915899365547501,0.14601830173283759,546.6,484.19484717308615,22.915899365547503,0.14601830173283759,nonce-1dea7b122d313a71dd02,True,True,mixed,True,3,"{""attack_ended_at"": 82.0, ""case_opened_at"": 30.0, ""lane_id"": ""sc_0"", ""road_id"": ""sc""}"
cam-1008-veh_015-000031,cam-1008-veh_015-000031,case-intersection-1008-veh_015-benign,root-7655decb65a1ffc97363a29e,1008,veh_015,ps-77b1c1c85865d133,CAM,47.0,498.4,532.012723545063,14.778694406946437,-0.5170573131507261,498.4,532.012723545063,14.778694406946437,-0.5170573131507261,nonce-7655decb65a1ffc97363,True,False,benign,False,0,"{""attack_ended_at"": 47.0, ""case_opened_at"": 47.0, ""lane_id"": ""nc_0"", ""road_id"": ""nc""}"
cam-1008-veh_016-000030,cam-1008-veh_016-000030,case-intersection-1008-veh_016-benign,root-0d64a8f208c50bae8435fabd,1008,veh_016,ps-1e0348b1d8bfe014,CAM,47.0,462.1493482665199,498.4,2.7585710273669477,-4.5,462.1493482665199,498.4,2.7585710273669477,-4.5,nonce-0d64a8f208c50bae8435,True,False,benign,False,0,"{""attack_ended_at"": 47.0, ""case_opened_at"": 47.0, ""lane_id"": ""wc_0"", ""road_id"": ""wc""}"
cam-1008-veh_017-000029,cam-1008-veh_017-000029,case-intersection-1008-veh_017-benign,root-a8e746cd4a6a33b27b0ef122,1008,veh_017,ps-31646c93226ae98c,CAM,47.0,542.0696801707084,501.6,8.362559790887072,-2.096524929197056,542.0696801707084,501.6,8.362559790887072,-2.096524929197056,nonce-a8e746cd4a6a33b27b0e,True,False,benign,False,0,"{""attack_ended_at"": 47.0, ""case_opened_at"": 47.0, ""lane_id"": ""ec_0"", ""road_id"": ""ec""}"
cam-1008-veh_018-000028,cam-1008-veh_018-000028,case-intersection-1008-veh_018-benign,root-921a5f7e9007078ba0c07fc3,1008,veh_018,ps-55c539e5052cea58,CAM,47.0,501.6,406.00296710951284,14.426029467650663,-0.22787639914546176,501.6,406.00296710951284,14.426029467650663,-0.22787639914546176,nonce-921a5f7e9007078ba0c0,True,False,benign,False,0,"{""attack_ended_at"": 47.0, ""case_opened_at"": 47.0, ""lane_id"": ""sc_0"", ""road_id"": ""sc""}"
cam-1008-veh_019-000027,cam-1008-veh_019-000027,case-intersection-1008-veh_019-benign,root-ca4eab0db69ac0a32484a0b0,1008,veh_019,ps-6e220b4f697c2cd3,CAM,47.0,498.4,593.5114952171878,14.787449200662458,-0.21642564680893095,498.4,593.5114952171878,14.787449200662458,-0.21642564680893095,nonce-ca4eab0db69ac0a32484,True,False,benign,False,0,"{""attack_ended_at"": 47.0, ""case_opened_at"": 47.0, ""lane_id"": ""nc_0"", ""road_id"": ""nc""}"
cam-1008-veh_020-000026,cam-1008-veh_020-000026,case-intersection-1008-veh_020-benign,root-f62910bd61005e2eea628f0a,1008,veh_020,ps-fb97d0e5da402071,CAM,47.0,426.5060635906738,498.4,16.419156641606243,0.10484819732140593,426.5060635906738,498.4,16.419156641606243,0.10484819732140593,nonce-f62910bd61005e2eea62,True,False,benign,False,0,"{""attack_ended_at"": 47.0, ""case_opened_at"": 47.0, ""lane_id"": ""wc_0"", ""road_id"": ""wc""}"
cam-1008-veh_021-000025,cam-1008-veh_021-000025,case-intersection-1008-veh_021-benign,root-96f6788d408cce7a08558a67,1008,veh_021,ps-7461357a64efe09e,CAM,47.0,590.2550291932412,501.6,16.203862799158507,0.36632113995496063,590.2550291932412,501.6,16.203862799158507,0.36632113995496063,nonce-96f6788d408cce7a0855,True,False,benign,False,0,"{""attack_ended_at"": 47.0, ""case_opened_at"": 47.0, ""lane_id"": ""ec_0"", ""road_id"": ""ec""}"
cam-1008-veh_022-000024,cam-1008-veh_022-000024,case-intersection-1008-veh_022-benign,root-dd1860c782075de719bfb605,1008,veh_022,ps-b515230e59090b79,CAM,47.0,501.6,374.9594209981879,15.311560062144848,0.08840002357028354,501.6,374.9594209981879,15.311560062144848,0.08840002357028354,nonce-dd1860c782075de719bf,True,False,benign,False,0,"{""attack_ended_at"": 47.0, ""case_opened_at"": 47.0, ""lane_id"": ""sc_0"", ""road_id"": ""sc""}"
cam-1008-veh_023-000023,cam-1008-veh_023-000023,case-intersection-1008-veh_023-benign,root-2b7fbf60d9b8a6e04a9a9324,1008,veh_023,ps-92555cef08137c2d,CAM,47.0,498.4,653.0065168223978,14.917719471056254,0.12494737892411578,498.4,653.0065168223978,14.917719471056254,0.12494737892411578,nonce-2b7fbf60d9b8a6e04a9a,True,False,benign,False,0,"{""attack_ended_at"": 47.0, ""case_opened_at"": 47.0, ""lane_id"": ""nc_0"", ""road_id"": ""nc""}"
cam-1008-veh_000-000047,cam-1008-veh_000-000047,case-intersection-1008-veh_000-benign,root-2c26c0fd5405d80114458e8a,1008,veh_000,ps-c836b37964202f27,CAM,48.0,492.6989902911777,498.4,0.0,0.0,492.6989902911777,498.4,0.0,0.0,nonce-2c26c0fd5405d8011445,True,False,benign,False,0,"{""attack_ended_at"": 48.0, ""case_opened_at"": 48.0, ""lane_id"": ""wc_0"", ""road_id"": ""wc""}"
cam-1008-veh_001-000046,cam-1008-veh_001-000046,case-intersection-1008-veh_001-benign,root-31ff9c7da215c843d3efdc3a,1008,veh_001,ps-06cf0c7bb8481f37,CAM,48.0,507.3010226260759,501.6,0.0,0.0,507.3010226260759,501.6,0.0,0.0,nonce-31ff9c7da215c843d3ef,True,False,benign,False,0,"{""attack_ended_at"": 48.0, ""case_opened_at"": 48.0, ""lane_id"": ""ec_0"", ""road_id"": ""ec""}"
cam-1008-veh_002-000045,cam-1008-veh_002-000045,case-intersection-1008-veh_002-position_offset,root-ccfcf5e8e720b12e06c1ed7a,1008,veh_002,ps-c10217be2cfbfbad,CAM,48.0,501.6,643.9726326654614,14.103911736983353,-0.07502817526459538,566.6,660.2226326654614,14.103911736983353,-0.07502817526459538,nonce-ccfcf5e8e720b12e06c1,True,False,position_offset,True,0,"{""attack_ended_at"": 70.0, ""case_opened_at"": 18.0, ""lane_id"": ""cn_0"", ""road_id"": ""cn""}"
cam-1008-veh_003-000044,cam-1008-veh_003-000044,case-intersection-1008-veh_003-benign,root-5a877120c3c12235848cd9b8,1008,veh_003,ps-b84d6e13ef43c957,CAM,48.0,498.4,281.50414720891496,16.207185002872723,-0.34184253736864534,498.4,281.50414720891496,16.207185002872723,-0.34184253736864534,nonce-5a877120c3c12235848c,True,False,benign,False,0,"{""attack_ended_at"": 48.0, ""case_opened_at"": 48.0, ""lane_id"": ""cs_0"", ""road_id"": ""cs""}"
cam-1008-veh_004-000043,cam-1008-veh_004-000043,case-intersection-1008-veh_004-speed_offset,root-b86973fc8a865770c85acdfa,1008,veh_004,ps-a4ec7ac7ed69787f,CAM,48.0,485.19798051999544,498.4,0.0,0.0,485.19798051999544,498.4,11.0,0.0,nonce-b86973fc8a865770c85a,True,False,speed_offset,True,0,"{""attack_ended_at"": 72.0, ""case_opened_at"": 20.0, ""lane_id"": ""wc_0"", ""road_id"": ""wc""}"
cam-1008-veh_005-000042,cam-1008-veh_005-000042,case-intersection-1008-veh_005-benign,root-7309da90618ef2b65e166b08,1008,veh_005,ps-969b062779822854,CAM,48.0,514.8020644976245,501.6,0.0,0.0,514.8020644976245,501.6,0.0,0.0,nonce-7309da90618ef2b65e16,True,False,benign,False,0,"{""attack_ended_at"": 48.0, ""case_opened_at"": 48.0, ""lane_id"": ""ec_0"", ""road_id"": ""ec""}"
replay-cam-1008-veh_006-000041,cam-1008-veh_006-000013,case-intersection-1008-veh_006-replay,root-732bbc1af557c50a78ee1969,1008,veh_006,ps-65fe799408ea4704,CAM,20.0,501.6,215.10187627093873,16.00866098470986,-0.28562780352775263,501.6,215.10187627093873,16.00866098470986,-0.28562780352775263,nonce-732bbc1af557c50a78ee,True,False,replay,True,7,"{""attack_ended_at"": 20.0, ""case_opened_at"": 20.0, ""lane_id"": ""sc_0"", ""road_id"": ""sc""}"
cam-1008-veh_007-000040,cam-1008-veh_007-000040,case-intersection-1008-veh_007-benign,root-0d5fb2911775f3c47a60aeae,1008,veh_007,ps-30c2a00c607f04e2,CAM,48.0,498.4,345.1798980517593,16.10530033995863,-0.01991724008694362,498.4,345.1798980517593,16.10530033995863,-0.01991724008694362,nonce-0d5fb2911775f3c47a60,True,False,benign,False,0,"{""attack_ended_at"": 48.0, ""case_opened_at"": 48.0, ""lane_id"": ""cs_0"", ""road_id"": ""cs""}"
cam-1008-veh_008-000039,cam-1008-veh_008-000039,case-intersection-1008-veh_008-certificate_tamper,root-f6a323fc24a05636178461c4,1008,veh_008,ps-82218acb1d94705f,CAM,48.0,477.69695934626907,498.4,0.0,0.0,477.69695934626907,498.4,0.0,0.0,nonce-f6a323fc24a056361784,False,False,certificate_tamper,True,0,"{""attack_ended_at"": 76.0, ""case_opened_at"": 24.0, ""lane_id"": ""wc_0"", ""road_id"": ""wc""}"
cam-1008-veh_009-000038,cam-1008-veh_009-000038,case-intersection-1008-veh_009-benign,root-baa4606600f68691b25ed038,1008,veh_009,ps-7ceb479c74f04f24,CAM,48.0,522.3032075039455,501.6,0.006697062370994399,-0.05272231804702065,522.3032075039455,501.6,0.006697062370994399,-0.05272231804702065,nonce-baa4606600f68691b25e,True,False,benign,False,0,"{""attack_ended_at"": 48.0, ""case_opened_at"": 48.0, ""lane_id"": ""ec_0"", ""road_id"": ""ec""}"
cam-1008-veh_010-000037-f0,cam-1008-veh_010-000037,case-intersection-1008-veh_010-flood,root-3b57ffa33ca9ad88390792b6,1008,veh_010,ps-3210978143869c35,CAM,48.0,501.6,596.1806410627356,13.791848703478133,-0.36307340043476977,501.6,596.1806410627356,13.791848703478133,-0.36307340043476977,nonce-3b57ffa33ca9ad883907,True,False,flood,True,0,"{""attack_ended_at"": 78.0, ""case_opened_at"": 26.0, ""lane_id"": ""cn_0"", ""road_id"": ""cn""}"
cam-1008-veh_010-000037-f1,cam-1008-veh_010-000037,case-intersection-1008-veh_010-flood,root-3b57ffa33ca9ad88390792b6,1008,veh_010,ps-3210978143869c35,CAM,48.0,501.6,596.1806410627356,13.791848703478133,-0.36307340043476977,501.6,596.1806410627356,13.791848703478133,-0.36307340043476977,nonce-3b57ffa33ca9ad883907,True,False,flood,True,1,"{""attack_ended_at"": 78.0, ""case_opened_at"": 26.0, ""lane_id"": ""cn_0"", ""road_id"": ""cn""}"
cam-1008-veh_010-000037-f2,cam-1008-veh_010-000037,case-intersection-1008-veh_010-flood,root-3b57ffa33ca9ad88390792b6,1008,veh_010,ps-3210978143869c35,CAM,48.0,501.6,596.1806410627356,13.791848703478133,-0.36307340043476977,501.6,596.1806410627356,13.791848703478133,-0.36307340043476977,nonce-3b57ffa33ca9ad883907,True,False,flood,True,2,"{""attack_ended_at"": 78.0, ""case_opened_at"": 26.0, ""lane_id"": ""cn_0"", ""road_id"": ""cn""}"
cam-1008-veh_010-000037-f3,cam-1008-veh_010-000037,case-intersection-1008-veh_010-flood,root-3b57ffa33ca9ad88390792b6,1008,veh_010,ps-3210978143869c35,CAM,48.0,501.6,596.1806410627356,13.791848703478133,-0.36307340043476977,501.6,596.1806410627356,13.791848703478133,-0.36307340043476977,nonce-3b57ffa33ca9ad883907,True,False,flood,True,3,"{""attack_ended_at"": 78.0, ""case_opened_at"": 26.0, ""lane_id"": ""cn_0"", ""road_id"": ""cn""}"
cam-1008-veh_010-000037-f4,cam-1008-veh_010-000037,case-intersection-1008-veh_010-flood,root-3b57ffa33ca9ad88390792b6,1008,veh_010,ps-3210978143869c35,CAM,48.0,501.6,596.1806410627356,13.791848703478133,-0.36307340043476977,501.6,596.1806410627356,13.791848703478133,-0.36307340043476977,nonce-3b57ffa33ca9ad883907,True,False,flood,True,4,"{""attack_ended_at"": 78.0, ""case_opened_at"": 26.0, ""lane_id"": ""cn_0"", ""road_id"": ""cn""}"
cam-1008-veh_011-000036,cam-1008-veh_011-000036,case-intersection-1008-veh_011-benign,root-ee8efa37466b3c823117805c,1008,veh_011,ps-8a5d63d2056fbe7e,CAM,48.0,498.4,456.6721591881924,14.689477025986339,0.01632437218911953,498.4,456.6721591881924,14.689477025986339,0.01632437218911953,nonce-ee8efa37466b3c823117,True,False,benign,False,0,"{""attack_ended_at"": 48.0, ""case_opened_at"": 48.0, ""lane_id"": ""cs_0"", ""road_id"": ""cs""}"
cam-1008-veh_012-000035,cam-1008-veh_012-000035,case-intersection-1008-veh_012-false_denm,root-559baebaf3376d4337eccab6,1008,veh_012,ps-d55e51c88c138a2d,DENM,48.0,470.195933634723,498.4,0.0,-0.00014309576939325742,470.195933634723,498.4,0.0,-0.00014309576939325742,nonce-559baebaf3376d4337ec,True,True,false_denm,True,0,"{""attack_ended_at"": 80.0, ""case_opened_at"": 28.0, ""lane_id"": ""wc_0"", ""road_id"": ""wc""}"
cam-1008-veh_013-000034,cam-1008-veh_013-000034,case-intersection-1008-veh_013-benign,root-6fdd2cabee2a2a4575366c1d,1008,veh_013,ps-c612038c409b5d43,CAM,48.0,529.982444728283,501.6,0.5251427759611843,-1.383609023951844,529.982444728283,501.6,0.5251427759611843,-1.383609023951844,nonce-6fdd2cabee2a2a457536,True,False,benign,False,0,"{""attack_ended_at"": 48.0, ""case_opened_at"": 48.0, ""lane_id"": ""ec_0"", ""road_id"": ""ec""}"
cam-1008-veh_014-000033-m0,cam-1008-veh_014-000033,case-intersection-1008-veh_014-mixed,root-a7a339d2478a7e7c6b0b6c64,1008,veh_014,ps-1c0f8ece3ddb0b0c,DENM,48.0,501.6,489.8640282664394,14.669181093353235,-0.24671827219426667,546.6,498.8640282664394,22.669181093353235,-0.24671827219426667,nonce-a7a339d2478a7e7c6b0b,True,True,mixed,True,0,"{""attack_ended_at"": 82.0, ""case_opened_at"": 30.0, ""lane_id"": ""sc_0"", ""road_id"": ""sc""}"
cam-1008-veh_014-000033-m1,cam-1008-veh_014-000033,case-intersection-1008-veh_014-mixed,root-a7a339d2478a7e7c6b0b6c64,1008,veh_014,ps-1c0f8ece3ddb0b0c,DENM,48.0,501.6,489.8640282664394,14.669181093353235,-0.24671827219426667,546.6,498.8640282664394,22.669181093353235,-0.24671827219426667,nonce-a7a339d2478a7e7c6b0b,True,True,mixed,True,1,"{""attack_ended_at"": 82.0, ""case_opened_at"": 30.0, ""lane_id"": ""sc_0"", ""road_id"": ""sc""}"
cam-1008-veh_014-000033-m2,cam-1008-veh_014-000033,case-intersection-1008-veh_014-mixed,root-a7a339d2478a7e7c6b0b6c64,1008,veh_014,ps-1c0f8ece3ddb0b0c,DENM,48.0,501.6,489.8640282664394,14.669181093353235,-0.24671827219426667,546.6,498.8640282664394,22.669181093353235,-0.24671827219426667,nonce-a7a339d2478a7e7c6b0b,True,True,mixed,True,2,"{""attack_ended_at"": 82.0, ""case_opened_at"": 30.0, ""lane_id"": ""sc_0"", ""road_id"": ""sc""}"
cam-1008-veh_014-000033-m3,cam-1008-veh_014-000033,case-intersection-1008-veh_014-mixed,root-a7a339d2478a7e7c6b0b6c64,1008,veh_014,ps-1c0f8ece3ddb0b0c,DENM,48.0,501.6,489.8640282664394,14.669181093353235,-0.24671827219426667,546.6,498.8640282664394,22.669181093353235,-0.24671827219426667,nonce-a7a339d2478a7e7c6b0b,True,True,mixed,True,3,"{""attack_ended_at"": 82.0, ""case_opened_at"": 30.0, ""lane_id"": ""sc_0"", ""road_id"": ""sc""}"
cam-1008-veh_015-000032,cam-1008-veh_015-000032,case-intersection-1008-veh_015-benign,root-8ece0f91a598f9dbae3db34f,1008,veh_015,ps-77b1c1c85865d133,CAM,48.0,498.4,517.2606544944788,14.752069050584236,-0.026625356362201202,498.4,517.2606544944788,14.752069050584236,-0.026625356362201202,nonce-8ece0f91a598f9dbae3d,True,False,benign,False,0,"{""attack_ended_at"": 48.0, ""case_opened_at"": 48.0, ""lane_id"": ""nc_0"", ""road_id"": ""nc""}"
cam-1008-veh_016-000031,cam-1008-veh_016-000031,case-intersection-1008-veh_016-benign,root-76380ad92a29a62058dbca24,1008,veh_016,ps-1e0348b1d8bfe014,CAM,48.0,462.623603321327,498.4,0.47425505480709595,-2.2843159725598516,462.623603321327,498.4,0.47425505480709595,-2.2843159725598516,nonce-76380ad92a29a62058db,True,False,benign,False,0,"{""attack_ended_at"": 48.0, ""case_opened_at"": 48.0, ""lane_id"": ""wc_0"", ""road_id"": ""wc""}"
cam-1008-veh_017-000030,cam-1008-veh_017-000030,case-intersection-1008-veh_017-benign,root-e599535ffb8884dc4bb32f69,1008,veh_017,ps-31646c93226ae98c,CAM,48.0,538.2071203798214,501.6,3.8625597908870724,-4.5,538.2071203798214,501.6,3.8625597908870724,-4.5,nonce-e599535ffb8884dc4bb3,True,False,benign,False,0,"{""attack_ended_at"": 48.0, ""case_opened_at"": 48.0, ""lane_id"": ""ec_0"", ""road_id"": ""ec""}"
cam-1008-veh_018-000029,cam-1008-veh_018-000029,case-intersection-1008-veh_018-benign,root-8135037c58ee8c2bd1bcd4ec,1008,veh_018,ps-55c539e5052cea58,CAM,48.0,501.6,420.2993691682334,14.296402058720561,-0.1296274089301015,501.6,420.2993691682334,14.296402058720561,-0.1296274089301015,nonce-8135037c58ee8c2bd1bc,True,False,benign,False,0,"{""attack_ended_at"": 48.0, ""case_opened_at"": 48.0, ""lane_id"": ""sc_0"", ""road_id"": ""sc""}"
cam-1008-veh_019-000028,cam-1008-veh_019-000028,case-intersection-1008-veh_019-benign,root-39628ec6a4beb0f3d9811450,1008,veh_019,ps-6e220b4f697c2cd3,CAM,48.0,498.4,578.85954241461,14.65195280257766,-0.13549639808479697,498.4,578.85954241461,14.65195280257766,-0.13549639808479697,nonce-39628ec6a4beb0f3d981,True,False,benign,False,0,"{""attack_ended_at"": 48.0, ""case_opened_at"": 48.0, ""lane_id"": ""nc_0"", ""road_id"": ""nc""}"
cam-1008-veh_020-000027,cam-1008-veh_020-000027,case-intersection-1008-veh_020-benign,root-a451befcff16834127033c95,1008,veh_020,ps-fb97d0e5da402071,CAM,48.0,439.9424068792282,498.4,13.436343288554394,-2.9828133530518492,439.9424068792282,498.4,13.436343288554394,-2.9828133530518492,nonce-a451befcff1683412703,True,False,benign,False,0,"{""attack_ended_at"": 48.0, ""case_opened_at"": 48.0, ""lane_id"": ""wc_0"", ""road_id"": ""wc""}"
cam-1008-veh_021-000026,cam-1008-veh_021-000026,case-intersection-1008-veh_021-benign,root-8ab6252a92317ae025e0ec03,1008,veh_021,ps-7461357a64efe09e,CAM,48.0,574.4554344232658,501.6,15.799594769975359,-0.4042680291831484,574.4554344232658,501.6,15.799594769975359,-0.4042680291831484,nonce-8ab6252a92317ae025e0,True,False,benign,False,0,"{""attack_ended_at"": 48.0, ""case_opened_at"": 48.0, ""lane_id"": ""ec_0"", ""road_id"": ""ec""}"
cam-1008-veh_022-000025,cam-1008-veh_022-000025,case-intersection-1008-veh_022-benign,root-6448477a8d78f3d9399bd7af,1008,veh_022,ps-b515230e59090b79,CAM,48.0,501.6,390.0381517013825,15.07873070319459,-0.2328293589502568,501.6,390.0381517013825,15.07873070319459,-0.2328293589502568,nonce-6448477a8d78f3d9399b,True,False,benign,False,0,"{""attack_ended_at"": 48.0, ""case_opened_at"": 48.0, ""lane_id"": ""sc_0"", ""road_id"": ""sc""}"
cam-1008-veh_023-000024,cam-1008-veh_023-000024,case-intersection-1008-veh_023-benign,root-0b3432bfa1be78419ba1c3e2,1008,veh_023,ps-92555cef08137c2d,CAM,48.0,498.4,637.996029190813,15.010487631584757,0.09276816052850378,498.4,637.996029190813,15.010487631584757,0.09276816052850378,nonce-0b3432bfa1be78419ba1,True,False,benign,False,0,"{""attack_ended_at"": 48.0, ""case_opened_at"": 48.0, ""lane_id"": ""nc_0"", ""road_id"": ""nc""}"
cam-1008-veh_000-000048,cam-1008-veh_000-000048,case-intersection-1008-veh_000-benign,root-e36fbfc08205adeba8b9ca20,1008,veh_000,ps-c836b37964202f27,CAM,49.0,492.6989902911777,498.4,0.0,0.0,492.6989902911777,498.4,0.0,0.0,nonce-e36fbfc08205adeba8b9,True,False,benign,False,0,"{""attack_ended_at"": 49.0, ""case_opened_at"": 49.0, ""lane_id"": ""wc_0"", ""road_id"": ""wc""}"
cam-1008-veh_001-000047,cam-1008-veh_001-000047,case-intersection-1008-veh_001-benign,root-ee3e591289c0f3b0515aa59f,1008,veh_001,ps-06cf0c7bb8481f37,CAM,49.0,507.3010226260759,501.6,0.0,0.0,507.3010226260759,501.6,0.0,0.0,nonce-ee3e591289c0f3b0515a,True,False,benign,False,0,"{""attack_ended_at"": 49.0, ""case_opened_at"": 49.0, ""lane_id"": ""ec_0"", ""road_id"": ""ec""}"
cam-1008-veh_002-000046,cam-1008-veh_002-000046,case-intersection-1008-veh_002-position_offset,root-101182a32565222f77edc2f8,1008,veh_002,ps-c10217be2cfbfbad,CAM,49.0,501.6,658.2749041264765,14.302271461015113,0.19835972403176072,566.6,674.5249041264765,14.302271461015113,0.19835972403176072,nonce-101182a32565222f77ed,True,False,position_offset,True,0,"{""attack_ended_at"": 70.0, ""case_opened_at"": 18.0, ""lane_id"": ""cn_0"", ""road_id"": ""cn""}"
cam-1008-veh_003-000045,cam-1008-veh_003-000045,case-intersection-1008-veh_003-benign,root-dd3d69f45e1ba8365866595a,1008,veh_003,ps-b84d6e13ef43c957,CAM,49.0,498.4,265.2874802953004,16.21666691361461,0.009481910741886423,498.4,265.2874802953004,16.21666691361461,0.009481910741886423,nonce-dd3d69f45e1ba8365866,True,False,benign,False,0,"{""attack_ended_at"": 49.0, ""case_opened_at"": 49.0, ""lane_id"": ""cs_0"", ""road_id"": ""cs""}"
cam-1008-veh_004-000044,cam-1008-veh_004-000044,case-intersection-1008-veh_004-speed_offset,root-8daede626da4c9ff27f6d4c8,1008,veh_004,ps-a4ec7ac7ed69787f,CAM,49.0,485.19798051999544,498.4,0.0,0.0,485.19798051999544,498.4,11.0,0.0,nonce-8daede626da4c9ff27f6,True,False,speed_offset,True,0,"{""attack_ended_at"": 72.0, ""case_opened_at"": 20.0, ""lane_id"": ""wc_0"", ""road_id"": ""wc""}"
cam-1008-veh_005-000043,cam-1008-veh_005-000043,case-intersection-1008-veh_005-benign,root-21f080e78eef60a7f591d9b5,1008,veh_005,ps-969b062779822854,CAM,49.0,514.8020644976245,501.6,0.0,0.0,514.8020644976245,501.6,0.0,0.0,nonce-21f080e78eef60a7f591,True,False,benign,False,0,"{""attack_ended_at"": 49.0, ""case_opened_at"": 49.0, ""lane_id"": ""ec_0"", ""road_id"": ""ec""}"
replay-cam-1008-veh_006-000042,cam-1008-veh_006-000014,case-intersection-1008-veh_006-replay,root-e6073782afc54a5381804d00,1008,veh_006,ps-65fe799408ea4704,CAM,21.0,501.6,231.44104983772158,16.339173566782847,0.3305125820729877,501.6,231.44104983772158,16.339173566782847,0.3305125820729877,nonce-e6073782afc54a538180,True,False,replay,True,7,"{""attack_ended_at"": 21.0, ""case_opened_at"": 21.0, ""lane_id"": ""sc_0"", ""road_id"": ""sc""}"
cam-1008-veh_007-000041,cam-1008-veh_007-000041,case-intersection-1008-veh_007-benign,root-a757f1b740be0bf1bf300791,1008,veh_007,ps-30c2a00c607f04e2,CAM,49.0,498.4,328.85657481840815,16.323323233351115,0.21802289339248304,498.4,328.85657481840815,16.323323233351115,0.21802289339248304,nonce-a757f1b740be0bf1bf30,True,False,benign,False,0,"{""attack_ended_at"": 49.0, ""case_opened_at"": 49.0, ""lane_id"": ""cs_0"", ""road_id"": ""cs""}"
cam-1008-veh_008-000040,cam-1008-veh_008-000040,case-intersection-1008-veh_008-certificate_tamper,root-af937d2a5316de38215c32a5,1008,veh_008,ps-82218acb1d94705f,CAM,49.0,477.69695934626907,498.4,0.0,0.0,477.69695934626907,498.4,0.0,0.0,nonce-af937d2a5316de38215c,False,False,certificate_tamper,True,0,"{""attack_ended_at"": 76.0, ""case_opened_at"": 24.0, ""lane_id"": ""wc_0"", ""road_id"": ""wc""}"
cam-1008-veh_009-000039,cam-1008-veh_009-000039,case-intersection-1008-veh_009-benign,root-7430a9cbbf22489c348c57bf,1008,veh_009,ps-7ceb479c74f04f24,CAM,49.0,522.3030844488896,501.6,0.000123055055796563,-0.006574007315197836,522.3030844488896,501.6,0.000123055055796563,-0.006574007315197836,nonce-7430a9cbbf22489c348c,True,False,benign,False,0,"{""attack_ended_at"": 49.0, ""case_opened_at"": 49.0, ""lane_id"": ""ec_0"", ""road_id"": ""ec""}"
cam-1008-veh_010-000038-f0,cam-1008-veh_010-000038,case-intersection-1008-veh_010-flood,root-cf436d980cbdcd3e55376c8a,1008,veh_010,ps-3210978143869c35,CAM,49.0,501.6,610.8530242567851,14.672383194049464,0.8805344905713319,501.6,610.8530242567851,14.672383194049464,0.8805344905713319,nonce-cf436d980cbdcd3e5537,True,False,flood,True,0,"{""attack_ended_at"": 78.0, ""case_opened_at"": 26.0, ""lane_id"": ""cn_0"", ""road_id"": ""cn""}"
cam-1008-veh_010-000038-f1,cam-1008-veh_010-000038,case-intersection-1008-veh_010-flood,root-cf436d980cbdcd3e55376c8a,1008,veh_010,ps-3210978143869c35,CAM,49.0,501.6,610.8530242567851,14.672383194049464,0.8805344905713319,501.6,610.8530242567851,14.672383194049464,0.8805344905713319,nonce-cf436d980cbdcd3e5537,True,False,flood,True,1,"{""attack_ended_at"": 78.0, ""case_opened_at"": 26.0, ""lane_id"": ""cn_0"", ""road_id"": ""cn""}"
cam-1008-veh_010-000038-f2,cam-1008-veh_010-000038,case-intersection-1008-veh_010-flood,root-cf436d980cbdcd3e55376c8a,1008,veh_010,ps-3210978143869c35,CAM,49.0,501.6,610.8530242567851,14.672383194049464,0.8805344905713319,501.6,610.8530242567851,14.672383194049464,0.8805344905713319,nonce-cf436d980cbdcd3e5537,True,False,flood,True,2,"{""attack_ended_at"": 78.0, ""case_opened_at"": 26.0, ""lane_id"": ""cn_0"", ""road_id"": ""cn""}"
cam-1008-veh_010-000038-f3,cam-1008-veh_010-000038,case-intersection-1008-veh_010-flood,root-cf436d980cbdcd3e55376c8a,1008,veh_010,ps-3210978143869c35,CAM,49.0,501.6,610.8530242567851,14.672383194049464,0.8805344905713319,501.6,610.8530242567851,14.672383194049464,0.8805344905713319,nonce-cf436d980cbdcd3e5537,True,False,flood,True,3,"{""attack_ended_at"": 78.0, ""case_opened_at"": 26.0, ""lane_id"": ""cn_0"", ""road_id"": ""cn""}"
cam-1008-veh_010-000038-f4,cam-1008-veh_010-000038,case-intersection-1008-veh_010-flood,root-cf436d980cbdcd3e55376c8a,1008,veh_010,ps-3210978143869c35,CAM,49.0,501.6,610.8530242567851,14.672383194049464,0.8805344905713319,501.6,610.8530242567851,14.672383194049464,0.8805344905713319,nonce-cf436d980cbdcd3e5537,True,False,flood,True,4,"{""attack_ended_at"": 78.0, ""case_opened_at"": 26.0, ""lane_id"": ""cn_0"", ""road_id"": ""cn""}"
cam-1008-veh_011-000037,cam-1008-veh_011-000037,case-intersection-1008-veh_011-benign,root-b80aeb04dbfeba00e955d9b8,1008,veh_011,ps-8a5d63d2056fbe7e,CAM,49.0,498.4,441.5337246899394,15.138434498252966,0.44895747226662763,498.4,441.5337246899394,15.138434498252966,0.44895747226662763,nonce-b80aeb04dbfeba00e955,True,False,benign,False,0,"{""attack_ended_at"": 49.0, ""case_opened_at"": 49.0, ""lane_id"": ""cs_0"", ""road_id"": ""cs""}"
cam-1008-veh_012-000036,cam-1008-veh_012-000036,case-intersection-1008-veh_012-false_denm,root-0786a790ebc299141d7460f0,1008,veh_012,ps-d55e51c88c138a2d,CAM,49.0,470.195933634723,498.4,0.0,0.0,470.195933634723,498.4,0.0,0.0,nonce-0786a790ebc299141d74,True,False,false_denm,True,0,"{""attack_ended_at"": 80.0, ""case_opened_at"": 28.0, ""lane_id"": ""wc_0"", ""road_id"": ""wc""}"
cam-1008-veh_013-000035,cam-1008-veh_013-000035,case-intersection-1008-veh_013-benign,root-151171626f8860b7aa154760,1008,veh_013,ps-c612038c409b5d43,CAM,49.0,529.832213891217,501.6,0.15023083706603424,-0.37491193889515007,529.832213891217,501.6,0.15023083706603424,-0.37491193889515007,nonce-151171626f8860b7aa15,True,False,benign,False,0,"{""attack_ended_at"": 49.0, ""case_opened_at"": 49.0, ""lane_id"": ""ec_0"", ""road_id"": ""ec""}"
cam-1008-veh_014-000034-m0,cam-1008-veh_014-000034,case-intersection-1008-veh_014-mixed,root-eb8671385a2856a5305ef44c,1008,veh_014,ps-1c0f8ece3ddb0b0c,DENM,49.0,501.6,504.6840609992925,14.820032732853122,0.1508516394998871,546.6,513.6840609992926,22.82003273285312,0.1508516394998871,nonce-eb8671385a2856a5305e,True,True,mixed,True,0,"{""attack_ended_at"": 82.0, ""case_opened_at"": 30.0, ""lane_id"": "":c_7_0"", ""road_id"": "":c_7""}"
cam-1008-veh_014-000034-m1,cam-1008-veh_014-000034,case-intersection-1008-veh_014-mixed,root-eb8671385a2856a5305ef44c,1008,veh_014,ps-1c0f8ece3ddb0b0c,DENM,49.0,501.6,504.6840609992925,14.820032732853122,0.1508516394998871,546.6,513.6840609992926,22.82003273285312,0.1508516394998871,nonce-eb8671385a2856a5305e,True,True,mixed,True,1,"{""attack_ended_at"": 82.0, ""case_opened_at"": 30.0, ""lane_id"": "":c_7_0"", ""road_id"": "":c_7""}"
cam-1008-veh_014-000034-m2,cam-1008-veh_014-000034,case-intersection-1008-veh_014-mixed,root-eb8671385a2856a5305ef44c,1008,veh_014,ps-1c0f8ece3ddb0b0c,DENM,49.0,501.6,504.6840609992925,14.820032732853122,0.1508516394998871,546.6,513.6840609992926,22.82003273285312,0.1508516394998871,nonce-eb8671385a2856a5305e,True,True,mixed,True,2,"{""attack_ended_at"": 82.0, ""case_opened_at"": 30.0, ""lane_id"": "":c_7_0"", ""road_id"": "":c_7""}"
cam-1008-veh_014-000034-m3,cam-1008-veh_014-000034,case-intersection-1008-veh_014-mixed,root-eb8671385a2856a5305ef44c,1008,veh_014,ps-1c0f8ece3ddb0b0c,DENM,49.0,501.6,504.6840609992925,14.820032732853122,0.1508516394998871,546.6,513.6840609992926,22.82003273285312,0.1508516394998871,nonce-eb8671385a2856a5305e,True,True,mixed,True,3,"{""attack_ended_at"": 82.0, ""case_opened_at"": 30.0, ""lane_id"": "":c_7_0"", ""road_id"": "":c_7""}"
cam-1008-veh_015-000033,cam-1008-veh_015-000033,case-intersection-1008-veh_015-benign,root-9f0c87efe05529395aad374a,1008,veh_015,ps-77b1c1c85865d133,CAM,49.0,498.4,502.31002855579106,14.950625938687722,0.19855688810348582,498.4,502.31002855579106,14.950625938687722,0.19855688810348582,nonce-9f0c87efe05529395aad,True,False,benign,False,0,"{""attack_ended_at"": 49.0, ""case_opened_at"": 49.0, ""lane_id"": "":c_1_0"", ""road_id"": "":c_1""}"
cam-1008-veh_016-000032,cam-1008-veh_016-000032,case-intersection-1008-veh_016-benign,root-bb03f8d12eb1fa18dc49226e,1008,veh_016,ps-1e0348b1d8bfe014,CAM,49.0,462.68467540301054,498.4,0.06107208168355069,-0.41318297312354524,462.68467540301054,498.4,0.06107208168355069,-0.41318297312354524,nonce-bb03f8d12eb1fa18dc49,True,False,benign,False,0,"{""attack_ended_at"": 49.0, ""case_opened_at"": 49.0, ""lane_id"": ""wc_0"", ""road_id"": ""wc""}"
cam-1008-veh_017-000031,cam-1008-veh_017-000031,case-intersection-1008-veh_017-benign,root-7ab53d037330f6ee90580a07,1008,veh_017,ps-31646c93226ae98c,CAM,49.0,537.629414226182,501.6,0.5777061536393611,-3.2848536372477115,537.629414226182,501.6,0.5777061536393611,-3.2848536372477115,nonce-7ab53d037330f6ee9058,True,False,benign,False,0,"{""attack_ended_at"": 49.0, ""case_opened_at"": 49.0, ""lane_id"": ""ec_0"", ""road_id"": ""ec""}"
cam-1008-veh_018-000030,cam-1008-veh_018-000030,case-intersection-1008-veh_018-benign,root-42e8fdd1d2c7e0571a0b6234,1008,veh_018,ps-55c539e5052cea58,CAM,49.0,501.6,434.453158635461,14.153789467227618,-0.14261259149294325,501.6,434.453158635461,14.153789467227618,-0.14261259149294325,nonce-42e8fdd1d2c7e0571a0b,True,False,benign,False,0,"{""attack_ended_at"": 49.0, ""case_opened_at"": 49.0, ""lane_id"": ""sc_0"", ""road_id"": ""sc""}"
cam-1008-veh_019-000029,cam-1008-veh_019-000029,case-intersection-1008-veh_019-benign,root-a7b2b0e06efa7570d40be86e,1008,veh_019,ps-6e220b4f697c2cd3,CAM,49.0,498.4,563.9125753201843,14.946967094425718,0.29501429184805694,498.4,563.9125753201843,14.946967094425718,0.29501429184805694,nonce-a7b2b0e06efa7570d40b,True,False,benign,False,0,"{""attack_ended_at"": 49.0, ""case_opened_at"": 49.0, ""lane_id"": ""nc_0"", ""road_id"": ""nc""}"
cam-1008-veh_020-000028,cam-1008-veh_020-000028,case-intersection-1008-veh_020-benign,root-5cc5914c9c781d1a84ecfa82,1008,veh_020,ps-fb97d0e5da402071,CAM,49.0,448.95145768616203,498.4,9.009050806933844,-4.427292481620549,448.95145768616203,498.4,9.009050806933844,-4.427292481620549,nonce-5cc5914c9c781d1a84ec,True,False,benign,False,0,"{""attack_ended_at"": 49.0, ""case_opened_at"": 49.0, ""lane_id"": ""wc_0"", ""road_id"": ""wc""}"
cam-1008-veh_021-000027,cam-1008-veh_021-000027,case-intersection-1008-veh_021-benign,root-772bd37bd9686bbae1466af5,1008,veh_021,ps-7461357a64efe09e,CAM,49.0,560.7276990551759,501.6,13.727735368089965,-2.071859401885394,560.7276990551759,501.6,13.727735368089965,-2.071859401885394,nonce-772bd37bd9686bbae146,True,False,benign,False,0,"{""attack_ended_at"": 49.0, ""case_opened_at"": 49.0, ""lane_id"": ""ec_0"", ""road_id"": ""ec""}"
cam-1008-veh_022-000026,cam-1008-veh_022-000026,case-intersection-1008-veh_022-benign,root-ca8ea1c07a3a47770170e059,1008,veh_022,ps-b515230e59090b79,CAM,49.0,501.6,405.1275740725679,15.08942237118535,0.010691667990759157,501.6,405.1275740725679,15.08942237118535,0.010691667990759157,nonce-ca8ea1c07a3a47770170,True,False,benign,False,0,"{""attack_ended_at"": 49.0, ""case_opened_at"": 49.0, ""lane_id"": ""sc_0"", ""road_id"": ""sc""}"
cam-1008-veh_023-000025,cam-1008-veh_023-000025,case-intersection-1008-veh_023-benign,root-87941eaef54222a3e40d1ca5,1008,veh_023,ps-92555cef08137c2d,CAM,49.0,498.4,623.4645531259789,14.531476064834052,-0.4790115667507049,498.4,623.4645531259789,14.531476064834052,-0.4790115667507049,nonce-87941eaef54222a3e40d,True,False,benign,False,0,"{""attack_ended_at"": 49.0, ""case_opened_at"": 49.0, ""lane_id"": ""nc_0"", ""road_id"": ""nc""}"
cam-1008-veh_000-000049,cam-1008-veh_000-000049,case-intersection-1008-veh_000-benign,root-1afd58fcf52e95e96bc14018,1008,veh_000,ps-c836b37964202f27,CAM,50.0,492.6989902911777,498.4,0.0,0.0,492.6989902911777,498.4,0.0,0.0,nonce-1afd58fcf52e95e96bc1,True,False,benign,False,0,"{""attack_ended_at"": 50.0, ""case_opened_at"": 50.0, ""lane_id"": ""wc_0"", ""road_id"": ""wc""}"
cam-1008-veh_001-000048,cam-1008-veh_001-000048,case-intersection-1008-veh_001-benign,root-1a4eee5c5f5f19b7da061b99,1008,veh_001,ps-06cf0c7bb8481f37,CAM,50.0,507.3010226260759,501.6,0.0,0.0,507.3010226260759,501.6,0.0,0.0,nonce-1a4eee5c5f5f19b7da06,True,False,benign,False,0,"{""attack_ended_at"": 50.0, ""case_opened_at"": 50.0, ""lane_id"": ""ec_0"", ""road_id"": ""ec""}"
cam-1008-veh_002-000047,cam-1008-veh_002-000047,case-intersection-1008-veh_002-position_offset,root-ee2e0d00c53d629fde2e04cb,1008,veh_002,ps-c10217be2cfbfbad,CAM,50.0,501.6,672.5494462984395,14.274542171963036,-0.027729289052077277,566.6,688.7994462984395,14.274542171963036,-0.027729289052077277,nonce-ee2e0d00c53d629fde2e,True,False,position_offset,True,0,"{""attack_ended_at"": 70.0, ""case_opened_at"": 18.0, ""lane_id"": ""cn_0"", ""road_id"": ""cn""}"
cam-1008-veh_003-000046,cam-1008-veh_003-000046,case-intersection-1008-veh_003-benign,root-d1b13edf7201b3f95814f0be,1008,veh_003,ps-b84d6e13ef43c957,CAM,50.0,498.4,248.86457259060336,16.422907704696993,0.2062407910823829,498.4,248.86457259060336,16.422907704696993,0.2062407910823829,nonce-d1b13edf7201b3f95814,True,False,benign,False,0,"{""attack_ended_at"": 50.0, ""case_opened_at"": 50.0, ""lane_id"": ""cs_0"", ""road_id"": ""cs""}"
cam-1008-veh_004-000045,cam-1008-veh_004-000045,case-intersection-1008-veh_004-speed_offset,root-df5409182527df9716b79902,1008,veh_004,ps-a4ec7ac7ed69787f,CAM,50.0,485.19798051999544,498.4,0.0,0.0,485.19798051999544,498.4,11.0,0.0,nonce-df5409182527df9716b7,True,False,speed_offset,True,0,"{""attack_ended_at"": 72.0, ""case_opened_at"": 20.0, ""lane_id"": ""wc_0"", ""road_id"": ""wc""}"
cam-1008-veh_005-000044,cam-1008-veh_005-000044,case-intersection-1008-veh_005-benign,root-f7911839189b8eebca0766ae,1008,veh_005,ps-969b062779822854,CAM,50.0,514.8020644976245,501.6,0.0,0.0,514.8020644976245,501.6,0.0,0.0,nonce-f7911839189b8eebca07,True,False,benign,False,0,"{""attack_ended_at"": 50.0, ""case_opened_at"": 50.0, ""lane_id"": ""ec_0"", ""road_id"": ""ec""}"
replay-cam-1008-veh_006-000043,cam-1008-veh_006-000011,case-intersection-1008-veh_006-replay,root-698ab643fc75e30c21ee9766,1008,veh_006,ps-65fe799408ea4704,CAM,18.0,501.6,182.79892649799126,16.638048100941816,0.2891036247694849,501.6,182.79892649799126,16.638048100941816,0.2891036247694849,nonce-698ab643fc75e30c21ee,True,False,replay,True,8,"{""attack_ended_at"": 18.0, ""case_opened_at"": 18.0, ""lane_id"": ""sc_0"", ""road_id"": ""sc""}"
cam-1008-veh_007-000042,cam-1008-veh_007-000042,case-intersection-1008-veh_007-benign,root-d9c799067f7a4befcd2f5494,1008,veh_007,ps-30c2a00c607f04e2,CAM,50.0,498.4,312.5186337084091,16.337941109999086,0.014617876647971428,498.4,312.5186337084091,16.337941109999086,0.014617876647971428,nonce-d9c799067f7a4befcd2f,True,False,benign,False,0,"{""attack_ended_at"": 50.0, ""case_opened_at"": 50.0, ""lane_id"": ""cs_0"", ""road_id"": ""cs""}"
cam-1008-veh_008-000041,cam-1008-veh_008-000041,case-intersection-1008-veh_008-certificate_tamper,root-972c6d9495172d8f07d058a5,1008,veh_008,ps-82218acb1d94705f,CAM,50.0,477.69695934626907,498.4,0.0,0.0,477.69695934626907,498.4,0.0,0.0,nonce-972c6d9495172d8f07d0,False,False,certificate_tamper,True,0,"{""attack_ended_at"": 76.0, ""case_opened_at"": 24.0, ""lane_id"": ""wc_0"", ""road_id"": ""wc""}"
cam-1008-veh_009-000040,cam-1008-veh_009-000040,case-intersection-1008-veh_009-benign,root-d2b9f77ba8a1e89b84171a5f,1008,veh_009,ps-7ceb479c74f04f24,CAM,50.0,522.3030844488896,501.6,0.0,-0.000123055055796563,522.3030844488896,501.6,0.0,-0.000123055055796563,nonce-d2b9f77ba8a1e89b8417,True,False,benign,False,0,"{""attack_ended_at"": 50.0, ""case_opened_at"": 50.0, ""lane_id"": ""ec_0"", ""road_id"": ""ec""}"
cam-1008-veh_010-000039-f0,cam-1008-veh_010-000039,case-intersection-1008-veh_010-flood,root-f350a5fcd786c9567e1401a3,1008,veh_010,ps-3210978143869c35,CAM,50.0,501.6,625.8410411552543,14.98801689846915,0.3156337044196853,501.6,625.8410411552543,14.98801689846915,0.3156337044196853,nonce-f350a5fcd786c9567e14,True,False,flood,True,0,"{""attack_ended_at"": 78.0, ""case_opened_at"": 26.0, ""lane_id"": ""cn_0"", ""road_id"": ""cn""}"
cam-1008-veh_010-000039-f1,cam-1008-veh_010-000039,case-intersection-1008-veh_010-flood,root-f350a5fcd786c9567e1401a3,1008,veh_010,ps-3210978143869c35,CAM,50.0,501.6,625.8410411552543,14.98801689846915,0.3156337044196853,501.6,625.8410411552543,14.98801689846915,0.3156337044196853,nonce-f350a5fcd786c9567e14,True,False,flood,True,1,"{""attack_ended_at"": 78.0, ""case_opened_at"": 26.0, ""lane_id"": ""cn_0"", ""road_id"": ""cn""}"
cam-1008-veh_010-000039-f2,cam-1008-veh_010-000039,case-intersection-1008-veh_010-flood,root-f350a5fcd786c9567e1401a3,1008,veh_010,ps-3210978143869c35,CAM,50.0,501.6,625.8410411552543,14.98801689846915,0.3156337044196853,501.6,625.8410411552543,14.98801689846915,0.3156337044196853,nonce-f350a5fcd786c9567e14,True,False,flood,True,2,"{""attack_ended_at"": 78.0, ""case_opened_at"": 26.0, ""lane_id"": ""cn_0"", ""road_id"": ""cn""}"
cam-1008-veh_010-000039-f3,cam-1008-veh_010-000039,case-intersection-1008-veh_010-flood,root-f350a5fcd786c9567e1401a3,1008,veh_010,ps-3210978143869c35,CAM,50.0,501.6,625.8410411552543,14.98801689846915,0.3156337044196853,501.6,625.8410411552543,14.98801689846915,0.3156337044196853,nonce-f350a5fcd786c9567e14,True,False,flood,True,3,"{""attack_ended_at"": 78.0, ""case_opened_at"": 26.0, ""lane_id"": ""cn_0"", ""road_id"": ""cn""}"
cam-1008-veh_010-000039-f4,cam-1008-veh_010-000039,case-intersection-1008-veh_010-flood,root-f350a5fcd786c9567e1401a3,1008,veh_010,ps-3210978143869c35,CAM,50.0,501.6,625.8410411552543,14.98801689846915,0.3156337044196853,501.6,625.8410411552543,14.98801689846915,0.3156337044196853,nonce-f350a5fcd786c9567e14,True,False,flood,True,4,"{""attack_ended_at"": 78.0, ""case_opened_at"": 26.0, ""lane_id"": ""cn_0"", ""road_id"": ""cn""}"
cam-1008-veh_011-000038,cam-1008-veh_011-000038,case-intersection-1008-veh_011-benign,root-36d3b8882e59527092d15bd0,1008,veh_011,ps-8a5d63d2056fbe7e,CAM,50.0,498.4,426.8623174627877,14.671407227151716,-0.46702727110124975,498.4,426.8623174627877,14.671407227151716,-0.46702727110124975,nonce-36d3b8882e59527092d1,True,False,benign,False,0,"{""attack_ended_at"": 50.0, ""case_opened_at"": 50.0, ""lane_id"": ""cs_0"", ""road_id"": ""cs""}"
cam-1008-veh_012-000037,cam-1008-veh_012-000037,case-intersection-1008-veh_012-false_denm,root-3cc3833b4cbf19486642b216,1008,veh_012,ps-d55e51c88c138a2d,CAM,50.0,470.195933634723,498.4,0.0,0.0,470.195933634723,498.4,0.0,0.0,nonce-3cc3833b4cbf19486642,True,False,false_denm,True,0,"{""attack_ended_at"": 80.0, ""case_opened_at"": 28.0, ""lane_id"": ""wc_0"", ""road_id"": ""wc""}"
cam-1008-veh_013-000036,cam-1008-veh_013-000036,case-intersection-1008-veh_013-benign,root-6b18074e1fb2a80cbf2cd7ac,1008,veh_013,ps-c612038c409b5d43,CAM,50.0,529.8042120913028,501.6,0.028001799914201816,-0.12222903715183242,529.8042120913028,501.6,0.028001799914201816,-0.12222903715183242,nonce-6b18074e1fb2a80cbf2c,True,False,benign,False,0,"{""attack_ended_at"": 50.0, ""case_opened_at"": 50.0, ""lane_id"": ""ec_0"", ""road_id"": ""ec""}"
cam-1008-veh_014-000035-m0,cam-1008-veh_014-000035,case-intersection-1008-veh_014-mixed,root-a193bc517c3baedbde9de79a,1008,veh_014,ps-1c0f8ece3ddb0b0c,DENM,50.0,501.6,519.1804620359381,14.496401036645674,-0.3236316962074479,546.6,528.1804620359381,22.496401036645672,-0.3236316962074479,nonce-a193bc517c3baedbde9d,True,True,mixed,True,0,"{""attack_ended_at"": 82.0, ""case_opened_at"": 30.0, ""lane_id"": ""cn_0"", ""road_id"": ""cn""}"
cam-1008-veh_014-000035-m1,cam-1008-veh_014-000035,case-intersection-1008-veh_014-mixed,root-a193bc517c3baedbde9de79a,1008,veh_014,ps-1c0f8ece3ddb0b0c,DENM,50.0,501.6,519.1804620359381,14.496401036645674,-0.3236316962074479,546.6,528.1804620359381,22.496401036645672,-0.3236316962074479,nonce-a193bc517c3baedbde9d,True,True,mixed,True,1,"{""attack_ended_at"": 82.0, ""case_opened_at"": 30.0, ""lane_id"": ""cn_0"", ""road_id"": ""cn""}"
cam-1008-veh_014-000035-m2,cam-1008-veh_014-000035,case-intersection-1008-veh_014-mixed,root-a193bc517c3baedbde9de79a,1008,veh_014,ps-1c0f8ece3ddb0b0c,DENM,50.0,501.6,519.1804620359381,14.496401036645674,-0.3236316962074479,546.6,528.1804620359381,22.496401036645672,-0.3236316962074479,nonce-a193bc517c3baedbde9d,True,True,mixed,True,2,"{""attack_ended_at"": 82.0, ""case_opened_at"": 30.0, ""lane_id"": ""cn_0"", ""road_id"": ""cn""}"
cam-1008-veh_014-000035-m3,cam-1008-veh_014-000035,case-intersection-1008-veh_014-mixed,root-a193bc517c3baedbde9de79a,1008,veh_014,ps-1c0f8ece3ddb0b0c,DENM,50.0,501.6,519.1804620359381,14.496401036645674,-0.3236316962074479,546.6,528.1804620359381,22.496401036645672,-0.3236316962074479,nonce-a193bc517c3baedbde9d,True,True,mixed,True,3,"{""attack_ended_at"": 82.0, ""case_opened_at"": 30.0, ""lane_id"": ""cn_0"", ""road_id"": ""cn""}"
cam-1008-veh_015-000034,cam-1008-veh_015-000034,case-intersection-1008-veh_015-benign,root-8b9e93f42afc32bd85f8fb43,1008,veh_015,ps-77b1c1c85865d133,CAM,50.0,498.4,487.13033576326814,15.17969279252297,0.22906685383524739,498.4,487.13033576326814,15.17969279252297,0.22906685383524739,nonce-8b9e93f42afc32bd85f8,True,False,benign,False,0,"{""attack_ended_at"": 50.0, ""case_opened_at"": 50.0, ""lane_id"": ""cs_0"", ""road_id"": ""cs""}"
cam-1008-veh_016-000033,cam-1008-veh_016-000033,case-intersection-1008-veh_016-benign,root-622b898d62a9ad09e76840e6,1008,veh_016,ps-1e0348b1d8bfe014,CAM,50.0,462.69314376801066,498.4,0.00846836500012232,-0.052603716683428364,462.69314376801066,498.4,0.00846836500012232,-0.052603716683428364,nonce-622b898d62a9ad09e768,True,False,benign,False,0,"{""attack_ended_at"": 50.0, ""case_opened_at"": 50.0, ""lane_id"": ""wc_0"", ""road_id"": ""wc""}"
cam-1008-veh_017-000032,cam-1008-veh_017-000032,case-intersection-1008-veh_017-benign,root-e0e646acebd15903c93eaff9,1008,veh_017,ps-31646c93226ae98c,CAM,50.0,537.353153052205,501.6,0.2762611739769693,-0.30144497966239175,537.353153052205,501.6,0.2762611739769693,-0.30144497966239175,nonce-e0e646acebd15903c93e,True,False,benign,False,0,"{""attack_ended_at"": 50.0, ""case_opened_at"": 50.0, ""lane_id"": ""ec_0"", ""road_id"": ""ec""}"
cam-1008-veh_018-000031,cam-1008-veh_018-000031,case-intersection-1008-veh_018-benign,root-f1b1308ebf62eedd658c0050,1008,veh_018,ps-55c539e5052cea58,CAM,50.0,501.6,448.6081295750516,14.15497093959057,0.0011814723629512969,501.6,448.6081295750516,14.15497093959057,0.0011814723629512969,nonce-f1b1308ebf62eedd658c,True,False,benign,False,0,"{""attack_ended_at"": 50.0, ""case_opened_at"": 50.0, ""lane_id"": ""sc_0"", ""road_id"": ""sc""}"
cam-1008-veh_019-000030,cam-1008-veh_019-000030,case-intersection-1008-veh_019-benign,root-9562ecb8d689f7b232af879f,1008,veh_019,ps-6e220b4f697c2cd3,CAM,50.0,498.4,548.771168143624,15.141407176560397,0.19444008213467967,498.4,548.771168143624,15.141407176560397,0.19444008213467967,nonce-9562ecb8d689f7b232af,True,False,benign,False,0,"{""attack_ended_at"": 50.0, ""case_opened_at"": 50.0, ""lane_id"": ""nc_0"", ""road_id"": ""nc""}"
cam-1008-veh_020-000029,cam-1008-veh_020-000029,case-intersection-1008-veh_020-benign,root-3d7206dbdb798938f3ecea26,1008,veh_020,ps-fb97d0e5da402071,CAM,50.0,454.2742847381769,498.4,5.3228270520148975,-3.686223754918947,454.2742847381769,498.4,5.3228270520148975,-3.686223754918947,nonce-3d7206dbdb798938f3ec,True,False,benign,False,0,"{""attack_ended_at"": 50.0, ""case_opened_at"": 50.0, ""lane_id"": ""wc_0"", ""road_id"": ""wc""}"
cam-1008-veh_021-000028,cam-1008-veh_021-000028,case-intersection-1008-veh_021-benign,root-e0fff7801ba735bbeea5ee1d,1008,veh_021,ps-7461357a64efe09e,CAM,50.0,551.2805742540759,501.6,9.447124801100072,-4.280610566989893,551.2805742540759,501.6,9.447124801100072,-4.280610566989893,nonce-e0fff7801ba735bbeea5,True,False,benign,False,0,"{""attack_ended_at"": 50.0, ""case_opened_at"": 50.0, ""lane_id"": ""ec_0"", ""road_id"": ""ec""}"
cam-1008-veh_022-000027,cam-1008-veh_022-000027,case-intersection-1008-veh_022-benign,root-27c5f7c19e260329ecf28b93,1008,veh_022,ps-b515230e59090b79,CAM,50.0,501.6,420.641277550419,15.51370347785108,0.42428110666572927,501.6,420.641277550419,15.51370347785108,0.42428110666572927,nonce-27c5f7c19e260329ecf2,True,False,benign,False,0,"{""attack_ended_at"": 50.0, ""case_opened_at"": 50.0, ""lane_id"": ""sc_0"", ""road_id"": ""sc""}"
cam-1008-veh_023-000026,cam-1008-veh_023-000026,case-intersection-1008-veh_023-benign,root-62f8cc5e5c8f9d1ffbdd36c0,1008,veh_023,ps-92555cef08137c2d,CAM,50.0,498.4,608.5416173378717,14.922935788107345,0.39145972327329304,498.4,608.5416173378717,14.922935788107345,0.39145972327329304,nonce-62f8cc5e5c8f9d1ffbdd,True,False,benign,False,0,"{""attack_ended_at"": 50.0, ""case_opened_at"": 50.0, ""lane_id"": ""nc_0"", ""road_id"": ""nc""}"
cam-1008-veh_000-000050,cam-1008-veh_000-000050,case-intersection-1008-veh_000-benign,root-1bec9216be31a683d64c9498,1008,veh_000,ps-c836b37964202f27,CAM,51.0,492.6989902911777,498.4,0.0,0.0,492.6989902911777,498.4,0.0,0.0,nonce-1bec9216be31a683d64c,True,False,benign,False,0,"{""attack_ended_at"": 51.0, ""case_opened_at"": 51.0, ""lane_id"": ""wc_0"", ""road_id"": ""wc""}"
cam-1008-veh_001-000049,cam-1008-veh_001-000049,case-intersection-1008-veh_001-benign,root-ecb97f42c6bf9ddbfd2c0979,1008,veh_001,ps-06cf0c7bb8481f37,CAM,51.0,507.3010226260759,501.6,0.0,0.0,507.3010226260759,501.6,0.0,0.0,nonce-ecb97f42c6bf9ddbfd2c,True,False,benign,False,0,"{""attack_ended_at"": 51.0, ""case_opened_at"": 51.0, ""lane_id"": ""ec_0"", ""road_id"": ""ec""}"
cam-1008-veh_002-000048,cam-1008-veh_002-000048,case-intersection-1008-veh_002-position_offset,root-d9a2a6a06c672a98ca575601,1008,veh_002,ps-c10217be2cfbfbad,CAM,51.0,501.6,686.6505419829768,14.10109568453721,-0.17344648742582613,566.6,702.9005419829768,14.10109568453721,-0.17344648742582613,nonce-d9a2a6a06c672a98ca57,True,False,position_offset,True,0,"{""attack_ended_at"": 70.0, ""case_opened_at"": 18.0, ""lane_id"": ""cn_0"", ""road_id"": ""cn""}"
cam-1008-veh_003-000047,cam-1008-veh_003-000047,case-intersection-1008-veh_003-benign,root-81a9f7cf3cc97976a5896097,1008,veh_003,ps-b84d6e13ef43c957,CAM,51.0,498.4,232.57226831236375,16.29230427823961,-0.13060342645738388,498.4,232.57226831236375,16.29230427823961,-0.13060342645738388,nonce-81a9f7cf3cc97976a589,True,False,benign,False,0,"{""attack_ended_at"": 51.0, ""case_opened_at"": 51.0, ""lane_id"": ""cs_0"", ""road_id"": ""cs""}"
cam-1008-veh_004-000046,cam-1008-veh_004-000046,case-intersection-1008-veh_004-speed_offset,root-cef75abef4275fbce7364530,1008,veh_004,ps-a4ec7ac7ed69787f,CAM,51.0,485.19798051999544,498.4,0.0,0.0,485.19798051999544,498.4,11.0,0.0,nonce-cef75abef4275fbce736,True,False,speed_offset,True,0,"{""attack_ended_at"": 72.0, ""case_opened_at"": 20.0, ""lane_id"": ""wc_0"", ""road_id"": ""wc""}"
cam-1008-veh_005-000045,cam-1008-veh_005-000045,case-intersection-1008-veh_005-benign,root-84bdb3bc62fdc5e0aef70c5b,1008,veh_005,ps-969b062779822854,CAM,51.0,514.8020644976245,501.6,0.0,0.0,514.8020644976245,501.6,0.0,0.0,nonce-84bdb3bc62fdc5e0aef7,True,False,benign,False,0,"{""attack_ended_at"": 51.0, ""case_opened_at"": 51.0, ""lane_id"": ""ec_0"", ""road_id"": ""ec""}"
replay-cam-1008-veh_006-000044,cam-1008-veh_006-000012,case-intersection-1008-veh_006-replay,root-9ea8f4310ed2d98496486915,1008,veh_006,ps-65fe799408ea4704,CAM,19.0,501.6,199.09321528622888,16.294288788237612,-0.34375931270420423,501.6,199.09321528622888,16.294288788237612,-0.34375931270420423,nonce-9ea8f4310ed2d9849648,True,False,replay,True,8,"{""attack_ended_at"": 19.0, ""case_opened_at"": 19.0, ""lane_id"": ""sc_0"", ""road_id"": ""sc""}"
cam-1008-veh_007-000043,cam-1008-veh_007-000043,case-intersection-1008-veh_007-benign,root-8285d1a58a71574d9ac77a45,1008,veh_007,ps-30c2a00c607f04e2,CAM,51.0,498.4,296.21200595918117,16.30662774922792,-0.031313360771164866,498.4,296.21200595918117,16.30662774922792,-0.031313360771164866,nonce-8285d1a58a71574d9ac7,True,False,benign,False,0,"{""attack_ended_at"": 51.0, ""case_opened_at"": 51.0, ""lane_id"": ""cs_0"", ""road_id"": ""cs""}"
cam-1008-veh_008-000042,cam-1008-veh_008-000042,case-intersection-1008-veh_008-certificate_tamper,root-5c71e6e66984c6b2e7c568ff,1008,veh_008,ps-82218acb1d94705f,CAM,51.0,477.69695934626907,498.4,0.0,0.0,477.69695934626907,498.4,0.0,0.0,nonce-5c71e6e66984c6b2e7c5,False,False,certificate_tamper,True,0,"{""attack_ended_at"": 76.0, ""case_opened_at"": 24.0, ""lane_id"": ""wc_0"", ""road_id"": ""wc""}"
cam-1008-veh_009-000041,cam-1008-veh_009-000041,case-intersection-1008-veh_009-benign,root-39e366d1f9d91710431b9c2a,1008,veh_009,ps-7ceb479c74f04f24,CAM,51.0,522.3030844488896,501.6,0.0,0.0,522.3030844488896,501.6,0.0,0.0,nonce-39e366d1f9d91710431b,True,False,benign,False,0,"{""attack_ended_at"": 51.0, ""case_opened_at"": 51.0, ""lane_id"": ""ec_0"", ""road_id"": ""ec""}"
cam-1008-veh_010-000040-f0,cam-1008-veh_010-000040,case-intersection-1008-veh_010-flood,root-50aa6892e60e2789e07cb6b8,1008,veh_010,ps-3210978143869c35,CAM,51.0,501.6,640.2995545070632,14.458513351808952,-0.529503546660198,501.6,640.2995545070632,14.458513351808952,-0.529503546660198,nonce-50aa6892e60e2789e07c,True,False,flood,True,0,"{""attack_ended_at"": 78.0, ""case_opened_at"": 26.0, ""lane_id"": ""cn_0"", ""road_id"": ""cn""}"
cam-1008-veh_010-000040-f1,cam-1008-veh_010-000040,case-intersection-1008-veh_010-flood,root-50aa6892e60e2789e07cb6b8,1008,veh_010,ps-3210978143869c35,CAM,51.0,501.6,640.2995545070632,14.458513351808952,-0.529503546660198,501.6,640.2995545070632,14.458513351808952,-0.529503546660198,nonce-50aa6892e60e2789e07c,True,False,flood,True,1,"{""attack_ended_at"": 78.0, ""case_opened_at"": 26.0, ""lane_id"": ""cn_0"", ""road_id"": ""cn""}"
cam-1008-veh_010-000040-f2,cam-1008-veh_010-000040,case-intersection-1008-veh_010-flood,root-50aa6892e60e2789e07cb6b8,1008,veh_010,ps-3210978143869c35,CAM,51.0,501.6,640.2995545070632,14.458513351808952,-0.529503546660198,501.6,640.2995545070632,14.458513351808952,-0.529503546660198,nonce-50aa6892e60e2789e07c,True,False,flood,True,2,"{""attack_ended_at"": 78.0, ""case_opened_at"": 26.0, ""lane_id"": ""cn_0"", ""road_id"": ""cn""}"
cam-1008-veh_010-000040-f3,cam-1008-veh_010-000040,case-intersection-1008-veh_010-flood,root-50aa6892e60e2789e07cb6b8,1008,veh_010,ps-3210978143869c35,CAM,51.0,501.6,640.2995545070632,14.458513351808952,-0.529503546660198,501.6,640.2995545070632,14.458513351808952,-0.529503546660198,nonce-50aa6892e60e2789e07c,True,False,flood,True,3,"{""attack_ended_at"": 78.0, ""case_opened_at"": 26.0, ""lane_id"": ""cn_0"", ""road_id"": ""cn""}"
cam-1008-veh_010-000040-f4,cam-1008-veh_010-000040,case-intersection-1008-veh_010-flood,root-50aa6892e60e2789e07cb6b8,1008,veh_010,ps-3210978143869c35,CAM,51.0,501.6,640.2995545070632,14.458513351808952,-0.529503546660198,501.6,640.2995545070632,14.458513351808952,-0.529503546660198,nonce-50aa6892e60e2789e07c,True,False,flood,True,4,"{""attack_ended_at"": 78.0, ""case_opened_at"": 26.0, ""lane_id"": ""cn_0"", ""road_id"": ""cn""}"
cam-1008-veh_011-000039,cam-1008-veh_011-000039,case-intersection-1008-veh_011-benign,root-d3b9f595baf1640388688cef,1008,veh_011,ps-8a5d63d2056fbe7e,CAM,51.0,498.4,411.79810814102837,15.06420932175933,0.39280209460761384,498.4,411.79810814102837,15.06420932175933,0.39280209460761384,nonce-d3b9f595baf164038868,True,False,benign,False,0,"{""attack_ended_at"": 51.0, ""case_opened_at"": 51.0, ""lane_id"": ""cs_0"", ""road_id"": ""cs""}"
cam-1008-veh_012-000038,cam-1008-veh_012-000038,case-intersection-1008-veh_012-false_denm,root-ac5c068ca782320deba68028,1008,veh_012,ps-d55e51c88c138a2d,CAM,51.0,470.195933634723,498.4,0.0,0.0,470.195933634723,498.4,0.0,0.0,nonce-ac5c068ca782320deba6,True,False,false_denm,True,0,"{""attack_ended_at"": 80.0, ""case_opened_at"": 28.0, ""lane_id"": ""wc_0"", ""road_id"": ""wc""}"
cam-1008-veh_013-000037,cam-1008-veh_013-000037,case-intersection-1008-veh_013-benign,root-9ef3da0a1b127af4ddb1dd51,1008,veh_013,ps-c612038c409b5d43,CAM,51.0,529.8042120913028,501.6,0.0,-0.028001799914201816,529.8042120913028,501.6,0.0,-0.028001799914201816,nonce-9ef3da0a1b127af4ddb1,True,False,benign,False,0,"{""attack_ended_at"": 51.0, ""case_opened_at"": 51.0, ""lane_id"": ""ec_0"", ""road_id"": ""ec""}"
cam-1008-veh_014-000036-m0,cam-1008-veh_014-000036,case-intersection-1008-veh_014-mixed,root-1fc8690fac9d2ede3f86bda1,1008,veh_014,ps-1c0f8ece3ddb0b0c,DENM,51.0,501.6,533.9969771130797,14.816515077141501,0.32011404049582737,546.6,542.9969771130797,22.816515077141503,0.32011404049582737,nonce-1fc8690fac9d2ede3f86,True,True,mixed,True,0,"{""attack_ended_at"": 82.0, ""case_opened_at"": 30.0, ""lane_id"": ""cn_0"", ""road_id"": ""cn""}"
cam-1008-veh_014-000036-m1,cam-1008-veh_014-000036,case-intersection-1008-veh_014-mixed,root-1fc8690fac9d2ede3f86bda1,1008,veh_014,ps-1c0f8ece3ddb0b0c,DENM,51.0,501.6,533.9969771130797,14.816515077141501,0.32011404049582737,546.6,542.9969771130797,22.816515077141503,0.32011404049582737,nonce-1fc8690fac9d2ede3f86,True,True,mixed,True,1,"{""attack_ended_at"": 82.0, ""case_opened_at"": 30.0, ""lane_id"": ""cn_0"", ""road_id"": ""cn""}"
cam-1008-veh_014-000036-m2,cam-1008-veh_014-000036,case-intersection-1008-veh_014-mixed,root-1fc8690fac9d2ede3f86bda1,1008,veh_014,ps-1c0f8ece3ddb0b0c,DENM,51.0,501.6,533.9969771130797,14.816515077141501,0.32011404049582737,546.6,542.9969771130797,22.816515077141503,0.32011404049582737,nonce-1fc8690fac9d2ede3f86,True,True,mixed,True,2,"{""attack_ended_at"": 82.0, ""case_opened_at"": 30.0, ""lane_id"": ""cn_0"", ""road_id"": ""cn""}"
cam-1008-veh_014-000036-m3,cam-1008-veh_014-000036,case-intersection-1008-veh_014-mixed,root-1fc8690fac9d2ede3f86bda1,1008,veh_014,ps-1c0f8ece3ddb0b0c,DENM,51.0,501.6,533.9969771130797,14.816515077141501,0.32011404049582737,546.6,542.9969771130797,22.816515077141503,0.32011404049582737,nonce-1fc8690fac9d2ede3f86,True,True,mixed,True,3,"{""attack_ended_at"": 82.0, ""case_opened_at"": 30.0, ""lane_id"": ""cn_0"", ""road_id"": ""cn""}"
cam-1008-veh_015-000035,cam-1008-veh_015-000035,case-intersection-1008-veh_015-benign,root-95cb8ad3ff239979df798549,1008,veh_015,ps-77b1c1c85865d133,CAM,51.0,498.4,472.44499913360056,14.685336629667567,-0.49435616285540185,498.4,472.44499913360056,14.685336629667567,-0.49435616285540185,nonce-95cb8ad3ff239979df79,True,False,benign,False,0,"{""attack_ended_at"": 51.0, ""case_opened_at"": 51.0, ""lane_id"": ""cs_0"", ""road_id"": ""cs""}"
cam-1008-veh_016-000034,cam-1008-veh_016-000034,case-intersection-1008-veh_016-benign,root-3183d29176ef2e48ec8a1f67,1008,veh_016,ps-1e0348b1d8bfe014,CAM,51.0,462.69486927435423,498.4,0.0017255063435747775,-0.006742858656547543,462.69486927435423,498.4,0.0017255063435747775,-0.006742858656547543,nonce-3183d29176ef2e48ec8a,True,False,benign,False,0,"{""attack_ended_at"": 51.0, ""case_opened_at"": 51.0, ""lane_id"": ""wc_0"", ""road_id"": ""wc""}"
cam-1008-veh_017-000033,cam-1008-veh_017-000033,case-intersection-1008-veh_017-benign,root-4d6d8cb42fd3e3f47fa5609d,1008,veh_017,ps-31646c93226ae98c,CAM,51.0,537.3156559387406,501.6,0.03749711346432946,-0.23876406051263985,537.3156559387406,501.6,0.03749711346432946,-0.23876406051263985,nonce-4d6d8cb42fd3e3f47fa5,True,False,benign,False,0,"{""attack_ended_at"": 51.0, ""case_opened_at"": 51.0, ""lane_id"": ""ec_0"", ""road_id"": ""ec""}"
cam-1008-veh_018-000032,cam-1008-veh_018-000032,case-intersection-1008-veh_018-benign,root-91827c718534bda463050d58,1008,veh_018,ps-55c539e5052cea58,CAM,51.0,501.6,462.7690327095214,14.160903134469848,0.005932194879278541,501.6,462.7690327095214,14.160903134469848,0.005932194879278541,nonce-91827c718534bda46305,True,False,benign,False,0,"{""attack_ended_at"": 51.0, ""case_opened_at"": 51.0, ""lane_id"": ""sc_0"", ""road_id"": ""sc""}"
cam-1008-veh_019-000031,cam-1008-veh_019-000031,case-intersection-1008-veh_019-benign,root-32d8495adb6bbc425b79db5c,1008,veh_019,ps-6e220b4f697c2cd3,CAM,51.0,498.4,534.3176422402065,14.453525903417404,-0.6878812731429935,498.4,534.3176422402065,14.453525903417404,-0.6878812731429935,nonce-32d8495adb6bbc425b79,True,False,benign,False,0,"{""attack_ended_at"": 51.0, ""case_opened_at"": 51.0, ""lane_id"": ""nc_0"", ""road_id"": ""nc""}"
cam-1008-veh_020-000030,cam-1008-veh_020-000030,case-intersection-1008-veh_020-benign,root-42de3dc95fd86047ec68f626,1008,veh_020,ps-fb97d0e5da402071,CAM,51.0,455.0971117901918,498.4,0.8228270520148975,-4.5,455.0971117901918,498.4,0.8228270520148975,-4.5,nonce-42de3dc95fd86047ec68,True,False,benign,False,0,"{""attack_ended_at"": 51.0, ""case_opened_at"": 51.0, ""lane_id"": ""wc_0"", ""road_id"": ""wc""}"
cam-1008-veh_021-000029,cam-1008-veh_021-000029,case-intersection-1008-veh_021-benign,root-677399a39c5b143ac5ca051b,1008,veh_021,ps-7461357a64efe09e,CAM,51.0,546.3334494529757,501.6,4.947124801100072,-4.5,546.3334494529757,501.6,4.947124801100072,-4.5,nonce-677399a39c5b143ac5ca,True,False,benign,False,0,"{""attack_ended_at"": 51.0, ""case_opened_at"": 51.0, ""lane_id"": ""ec_0"", ""road_id"": ""ec""}"
cam-1008-veh_022-000028,cam-1008-veh_022-000028,case-intersection-1008-veh_022-benign,root-0ab5a28649acb5a82ddf48b6,1008,veh_022,ps-b515230e59090b79,CAM,51.0,501.6,435.7684503808665,15.12717283044756,-0.3865306474035197,501.6,435.7684503808665,15.12717283044756,-0.3865306474035197,nonce-0ab5a28649acb5a82ddf,True,False,benign,False,0,"{""attack_ended_at"": 51.0, ""case_opened_at"": 51.0, ""lane_id"": ""sc_0"", ""road_id"": ""sc""}"
cam-1008-veh_023-000027,cam-1008-veh_023-000027,case-intersection-1008-veh_023-benign,root-c508ea4132f481b8c8120dc6,1008,veh_023,ps-92555cef08137c2d,CAM,51.0,498.4,593.3462749206406,15.19534241723107,0.27240662912372393,498.4,593.3462749206406,15.19534241723107,0.27240662912372393,nonce-c508ea4132f481b8c812,True,False,benign,False,0,"{""attack_ended_at"": 51.0, ""case_opened_at"": 51.0, ""lane_id"": ""nc_0"", ""road_id"": ""nc""}"
cam-1008-veh_000-000051,cam-1008-veh_000-000051,case-intersection-1008-veh_000-benign,root-d9eedc54d82bac0cc169f3d8,1008,veh_000,ps-c836b37964202f27,CAM,52.0,492.6989902911777,498.4,0.0,0.0,492.6989902911777,498.4,0.0,0.0,nonce-d9eedc54d82bac0cc169,True,False,benign,False,0,"{""attack_ended_at"": 52.0, ""case_opened_at"": 52.0, ""lane_id"": ""wc_0"", ""road_id"": ""wc""}"
cam-1008-veh_001-000050,cam-1008-veh_001-000050,case-intersection-1008-veh_001-benign,root-5ef92060c57e280281441fb7,1008,veh_001,ps-06cf0c7bb8481f37,CAM,52.0,507.3010226260759,501.6,0.0,0.0,507.3010226260759,501.6,0.0,0.0,nonce-5ef92060c57e28028144,True,False,benign,False,0,"{""attack_ended_at"": 52.0, ""case_opened_at"": 52.0, ""lane_id"": ""ec_0"", ""road_id"": ""ec""}"
cam-1008-veh_002-000049,cam-1008-veh_002-000049,case-intersection-1008-veh_002-position_offset,root-1efd91d7d5697cfdbd1cd68e,1008,veh_002,ps-c10217be2cfbfbad,CAM,52.0,501.6,700.9203515997516,14.269809616774797,0.16871393223758702,566.6,717.1703515997516,14.269809616774797,0.16871393223758702,nonce-1efd91d7d5697cfdbd1c,True,False,position_offset,True,0,"{""attack_ended_at"": 70.0, ""case_opened_at"": 18.0, ""lane_id"": ""cn_0"", ""road_id"": ""cn""}"
cam-1008-veh_003-000048,cam-1008-veh_003-000048,case-intersection-1008-veh_003-benign,root-7fdb7c5d5bc8eca457b60393,1008,veh_003,ps-b84d6e13ef43c957,CAM,52.0,498.4,216.41353553845533,16.158732773908415,-0.13357150433119358,498.4,216.41353553845533,16.158732773908415,-0.13357150433119358,nonce-7fdb7c5d5bc8eca457b6,True,False,benign,False,0,"{""attack_ended_at"": 52.0, ""case_opened_at"": 52.0, ""lane_id"": ""cs_0"", ""road_id"": ""cs""}"
cam-1008-veh_004-000047,cam-1008-veh_004-000047,case-intersection-1008-veh_004-speed_offset,root-aab65ee6ce152379896352d4,1008,veh_004,ps-a4ec7ac7ed69787f,CAM,52.0,485.19798051999544,498.4,0.0,0.0,485.19798051999544,498.4,11.0,0.0,nonce-aab65ee6ce1523798963,True,False,speed_offset,True,0,"{""attack_ended_at"": 72.0, ""case_opened_at"": 20.0, ""lane_id"": ""wc_0"", ""road_id"": ""wc""}"
cam-1008-veh_005-000046,cam-1008-veh_005-000046,case-intersection-1008-veh_005-benign,root-a0770035e7eacd30e7092200,1008,veh_005,ps-969b062779822854,CAM,52.0,514.8020644976245,501.6,0.0,0.0,514.8020644976245,501.6,0.0,0.0,nonce-a0770035e7eacd30e709,True,False,benign,False,0,"{""attack_ended_at"": 52.0, ""case_opened_at"": 52.0, ""lane_id"": ""ec_0"", ""road_id"": ""ec""}"
replay-cam-1008-veh_006-000045,cam-1008-veh_006-000013,case-intersection-1008-veh_006-replay,root-732bbc1af557c50a78ee1969,1008,veh_006,ps-65fe799408ea4704,CAM,20.0,501.6,215.10187627093873,16.00866098470986,-0.28562780352775263,501.6,215.10187627093873,16.00866098470986,-0.28562780352775263,nonce-732bbc1af557c50a78ee,True,False,replay,True,8,"{""attack_ended_at"": 20.0, ""case_opened_at"": 20.0, ""lane_id"": ""sc_0"", ""road_id"": ""sc""}"
cam-1008-veh_007-000044,cam-1008-veh_007-000044,case-intersection-1008-veh_007-benign,root-e9697909940bc15cc3c83f3d,1008,veh_007,ps-30c2a00c607f04e2,CAM,52.0,498.4,279.6973497536779,16.51465620550327,0.2080284562753505,498.4,279.6973497536779,16.51465620550327,0.2080284562753505,nonce-e9697909940bc15cc3c8,True,False,benign,False,0,"{""attack_ended_at"": 52.0, ""case_opened_at"": 52.0, ""lane_id"": ""cs_0"", ""road_id"": ""cs""}"
cam-1008-veh_008-000043,cam-1008-veh_008-000043,case-intersection-1008-veh_008-certificate_tamper,root-49bfb714e3662c9fdd792c5d,1008,veh_008,ps-82218acb1d94705f,CAM,52.0,477.69695934626907,498.4,0.0,0.0,477.69695934626907,498.4,0.0,0.0,nonce-49bfb714e3662c9fdd79,False,False,certificate_tamper,True,0,"{""attack_ended_at"": 76.0, ""case_opened_at"": 24.0, ""lane_id"": ""wc_0"", ""road_id"": ""wc""}"
cam-1008-veh_009-000042,cam-1008-veh_009-000042,case-intersection-1008-veh_009-benign,root-ddf689cda06c8080c48bf913,1008,veh_009,ps-7ceb479c74f04f24,CAM,52.0,522.3030844488896,501.6,0.0,0.0,522.3030844488896,501.6,0.0,0.0,nonce-ddf689cda06c8080c48b,True,False,benign,False,0,"{""attack_ended_at"": 52.0, ""case_opened_at"": 52.0, ""lane_id"": ""ec_0"", ""road_id"": ""ec""}"
cam-1008-veh_010-000041-f0,cam-1008-veh_010-000041,case-intersection-1008-veh_010-flood,root-28c3d8d8eac8dde042610df1,1008,veh_010,ps-3210978143869c35,CAM,52.0,501.6,654.6223019058533,14.322747398790115,-0.13576595301883643,501.6,654.6223019058533,14.322747398790115,-0.13576595301883643,nonce-28c3d8d8eac8dde04261,True,False,flood,True,0,"{""attack_ended_at"": 78.0, ""case_opened_at"": 26.0, ""lane_id"": ""cn_0"", ""road_id"": ""cn""}"
cam-1008-veh_010-000041-f1,cam-1008-veh_010-000041,case-intersection-1008-veh_010-flood,root-28c3d8d8eac8dde042610df1,1008,veh_010,ps-3210978143869c35,CAM,52.0,501.6,654.6223019058533,14.322747398790115,-0.13576595301883643,501.6,654.6223019058533,14.322747398790115,-0.13576595301883643,nonce-28c3d8d8eac8dde04261,True,False,flood,True,1,"{""attack_ended_at"": 78.0, ""case_opened_at"": 26.0, ""lane_id"": ""cn_0"", ""road_id"": ""cn""}"
cam-1008-veh_010-000041-f2,cam-1008-veh_010-000041,case-intersection-1008-veh_010-flood,root-28c3d8d8eac8dde042610df1,1008,veh_010,ps-3210978143869c35,CAM,52.0,501.6,654.6223019058533,14.322747398790115,-0.13576595301883643,501.6,654.6223019058533,14.322747398790115,-0.13576595301883643,nonce-28c3d8d8eac8dde04261,True,False,flood,True,2,"{""attack_ended_at"": 78.0, ""case_opened_at"": 26.0, ""lane_id"": ""cn_0"", ""road_id"": ""cn""}"
cam-1008-veh_010-000041-f3,cam-1008-veh_010-000041,case-intersection-1008-veh_010-flood,root-28c3d8d8eac8dde042610df1,1008,veh_010,ps-3210978143869c35,CAM,52.0,501.6,654.6223019058533,14.322747398790115,-0.13576595301883643,501.6,654.6223019058533,14.322747398790115,-0.13576595301883643,nonce-28c3d8d8eac8dde04261,True,False,flood,True,3,"{""attack_ended_at"": 78.0, ""case_opened_at"": 26.0, ""lane_id"": ""cn_0"", ""road_id"": ""cn""}"
cam-1008-veh_010-000041-f4,cam-1008-veh_010-000041,case-intersection-1008-veh_010-flood,root-28c3d8d8eac8dde042610df1,1008,veh_010,ps-3210978143869c35,CAM,52.0,501.6,654.6223019058533,14.322747398790115,-0.13576595301883643,501.6,654.6223019058533,14.322747398790115,-0.13576595301883643,nonce-28c3d8d8eac8dde04261,True,False,flood,True,4,"{""attack_ended_at"": 78.0, ""case_opened_at"": 26.0, ""lane_id"": ""cn_0"", ""road_id"": ""cn""}"
cam-1008-veh_011-000040,cam-1008-veh_011-000040,case-intersection-1008-veh_011-benign,root-b721df41426f86e59dc542ba,1008,veh_011,ps-8a5d63d2056fbe7e,CAM,52.0,498.4,396.5685175660144,15.22959057501393,0.16538125325459951,498.4,396.5685175660144,15.22959057501393,0.16538125325459951,nonce-b721df41426f86e59dc5,True,False,benign,False,0,"{""attack_ended_at"": 52.0, ""case_opened_at"": 52.0, ""lane_id"": ""cs_0"", ""road_id"": ""cs""}"
cam-1008-veh_012-000039,cam-1008-veh_012-000039,case-intersection-1008-veh_012-false_denm,root-416394b9f6ecdb3596d72f4a,1008,veh_012,ps-d55e51c88c138a2d,CAM,52.0,470.195933634723,498.4,0.0,0.0,470.195933634723,498.4,0.0,0.0,nonce-416394b9f6ecdb3596d7,True,False,false_denm,True,0,"{""attack_ended_at"": 80.0, ""case_opened_at"": 28.0, ""lane_id"": ""wc_0"", ""road_id"": ""wc""}"
cam-1008-veh_013-000038,cam-1008-veh_013-000038,case-intersection-1008-veh_013-benign,root-e3303e22e994640c097a190b,1008,veh_013,ps-c612038c409b5d43,CAM,52.0,529.8041051214391,501.6,0.00010696986375203376,0.00010696986375203376,529.8041051214391,501.6,0.00010696986375203376,0.00010696986375203376,nonce-e3303e22e994640c097a,True,False,benign,False,0,"{""attack_ended_at"": 52.0, ""case_opened_at"": 52.0, ""lane_id"": ""ec_0"", ""road_id"": ""ec""}"
cam-1008-veh_014-000037-m0,cam-1008-veh_014-000037,case-intersection-1008-veh_014-mixed,root-836ad0a03892cf02b73c487d,1008,veh_014,ps-1c0f8ece3ddb0b0c,DENM,52.0,501.6,548.4339673169403,14.436990203860603,-0.37952487328089823,546.6,557.4339673169403,22.436990203860603,-0.37952487328089823,nonce-836ad0a03892cf02b73c,True,True,mixed,True,0,"{""attack_ended_at"": 82.0, ""case_opened_at"": 30.0, ""lane_id"": ""cn_0"", ""road_id"": ""cn""}"
cam-1008-veh_014-000037-m1,cam-1008-veh_014-000037,case-intersection-1008-veh_014-mixed,root-836ad0a03892cf02b73c487d,1008,veh_014,ps-1c0f8ece3ddb0b0c,DENM,52.0,501.6,548.4339673169403,14.436990203860603,-0.37952487328089823,546.6,557.4339673169403,22.436990203860603,-0.37952487328089823,nonce-836ad0a03892cf02b73c,True,True,mixed,True,1,"{""attack_ended_at"": 82.0, ""case_opened_at"": 30.0, ""lane_id"": ""cn_0"", ""road_id"": ""cn""}"
cam-1008-veh_014-000037-m2,cam-1008-veh_014-000037,case-intersection-1008-veh_014-mixed,root-836ad0a03892cf02b73c487d,1008,veh_014,ps-1c0f8ece3ddb0b0c,DENM,52.0,501.6,548.4339673169403,14.436990203860603,-0.37952487328089823,546.6,557.4339673169403,22.436990203860603,-0.37952487328089823,nonce-836ad0a03892cf02b73c,True,True,mixed,True,2,"{""attack_ended_at"": 82.0, ""case_opened_at"": 30.0, ""lane_id"": ""cn_0"", ""road_id"": ""cn""}"
cam-1008-veh_014-000037-m3,cam-1008-veh_014-000037,case-intersection-1008-veh_014-mixed,root-836ad0a03892cf02b73c487d,1008,veh_014,ps-1c0f8ece3ddb0b0c,DENM,52.0,501.6,548.4339673169403,14.436990203860603,-0.37952487328089823,546.6,557.4339673169403,22.436990203860603,-0.37952487328089823,nonce-836ad0a03892cf02b73c,True,True,mixed,True,3,"{""attack_ended_at"": 82.0, ""case_opened_at"": 30.0, ""lane_id"": ""cn_0"", ""road_id"": ""cn""}"
cam-1008-veh_015-000036,cam-1008-veh_015-000036,case-intersection-1008-veh_015-benign,root-5b9feed20b31b4f952355e9a,1008,veh_015,ps-77b1c1c85865d133,CAM,52.0,498.4,457.7722629581461,14.67273617545447,-0.012600454213098189,498.4,457.7722629581461,14.67273617545447,-0.012600454213098189,nonce-5b9feed20b31b4f95235,True,False,benign,False,0,"{""attack_ended_at"": 52.0, ""case_opened_at"": 52.0, ""lane_id"": ""cs_0"", ""road_id"": ""cs""}"
cam-1008-veh_016-000035,cam-1008-veh_016-000035,case-intersection-1008-veh_016-benign,root-f6d16503dd660939a5bf3f9e,1008,veh_016,ps-1e0348b1d8bfe014,CAM,52.0,462.69486927435423,498.4,0.0,-0.0017255063435747775,462.69486927435423,498.4,0.0,-0.0017255063435747775,nonce-f6d16503dd660939a5bf,True,False,benign,False,0,"{""attack_ended_at"": 52.0, ""case_opened_at"": 52.0, ""lane_id"": ""wc_0"", ""road_id"": ""wc""}"
cam-1008-veh_017-000034,cam-1008-veh_017-000034,case-intersection-1008-veh_017-benign,root-3f057f2ea28277986c3de77f,1008,veh_017,ps-31646c93226ae98c,CAM,52.0,537.3071842812062,501.6,0.008471657534368576,-0.029025455929960885,537.3071842812062,501.6,0.008471657534368576,-0.029025455929960885,nonce-3f057f2ea28277986c3d,True,False,benign,False,0,"{""attack_ended_at"": 52.0, ""case_opened_at"": 52.0, ""lane_id"": ""ec_0"", ""road_id"": ""ec""}"
cam-1008-veh_018-000033,cam-1008-veh_018-000033,case-intersection-1008-veh_018-benign,root-0dec4126ea81ac4199eac7eb,1008,veh_018,ps-55c539e5052cea58,CAM,52.0,501.6,476.86257908307493,14.093546373553547,-0.06735676091630083,501.6,476.86257908307493,14.093546373553547,-0.06735676091630083,nonce-0dec4126ea81ac4199ea,True,False,benign,False,0,"{""attack_ended_at"": 52.0, ""case_opened_at"": 52.0, ""lane_id"": ""sc_0"", ""road_id"": ""sc""}"
cam-1008-veh_019-000032,cam-1008-veh_019-000032,case-intersection-1008-veh_019-benign,root-86adde8798e05c4b5a9c7fac,1008,veh_019,ps-6e220b4f697c2cd3,CAM,52.0,498.4,519.8465376839947,14.471104556211875,0.01757865279447124,498.4,519.8465376839947,14.471104556211875,0.01757865279447124,nonce-86adde8798e05c4b5a9c,True,False,benign,False,0,"{""attack_ended_at"": 52.0, ""case_opened_at"": 52.0, ""lane_id"": ""nc_0"", ""road_id"": ""nc""}"
cam-1008-veh_020-000031,cam-1008-veh_020-000031,case-intersection-1008-veh_020-benign,root-86a7c551ff86c9d1653f3df4,1008,veh_020,ps-fb97d0e5da402071,CAM,52.0,455.1795287328129,498.4,0.08241694262114532,-0.7404101093937522,455.1795287328129,498.4,0.08241694262114532,-0.7404101093937522,nonce-86a7c551ff86c9d1653f,True,False,benign,False,0,"{""attack_ended_at"": 52.0, ""case_opened_at"": 52.0, ""lane_id"": ""wc_0"", ""road_id"": ""wc""}"
cam-1008-veh_021-000030,cam-1008-veh_021-000030,case-intersection-1008-veh_021-benign,root-437468561fbefc5308c28ca8,1008,veh_021,ps-7461357a64efe09e,CAM,52.0,544.9061690171411,501.6,1.427280435834683,-3.5198443652653895,544.9061690171411,501.6,1.427280435834683,-3.5198443652653895,nonce-437468561fbefc5308c2,True,False,benign,False,0,"{""attack_ended_at"": 52.0, ""case_opened_at"": 52.0, ""lane_id"": ""ec_0"", ""road_id"": ""ec""}"
cam-1008-veh_022-000029,cam-1008-veh_022-000029,case-intersection-1008-veh_022-benign,root-a0195770c0d48f4d7311d26a,1008,veh_022,ps-b515230e59090b79,CAM,52.0,501.6,450.64364617465236,14.875195793785853,-0.2519770366617067,501.6,450.64364617465236,14.875195793785853,-0.2519770366617067,nonce-a0195770c0d48f4d7311,True,False,benign,False,0,"{""attack_ended_at"": 52.0, ""case_opened_at"": 52.0, ""lane_id"": ""sc_0"", ""road_id"": ""sc""}"
cam-1008-veh_023-000028,cam-1008-veh_023-000028,case-intersection-1008-veh_023-benign,root-2b8c3fe1f8011a72255082d1,1008,veh_023,ps-92555cef08137c2d,CAM,52.0,498.4,578.7216905291489,14.624584391491728,-0.570758025739341,498.4,578.7216905291489,14.624584391491728,-0.570758025739341,nonce-2b8c3fe1f8011a722550,True,False,benign,False,0,"{""attack_ended_at"": 52.0, ""case_opened_at"": 52.0, ""lane_id"": ""nc_0"", ""road_id"": ""nc""}"
cam-1008-veh_000-000052,cam-1008-veh_000-000052,case-intersection-1008-veh_000-benign,root-9a50e25478f1213641b42210,1008,veh_000,ps-c836b37964202f27,CAM,53.0,492.6989902911777,498.4,0.0,0.0,492.6989902911777,498.4,0.0,0.0,nonce-9a50e25478f1213641b4,True,False,benign,False,0,"{""attack_ended_at"": 53.0, ""case_opened_at"": 53.0, ""lane_id"": ""wc_0"", ""road_id"": ""wc""}"
cam-1008-veh_001-000051,cam-1008-veh_001-000051,case-intersection-1008-veh_001-benign,root-ba934f90130b903e79e3b247,1008,veh_001,ps-06cf0c7bb8481f37,CAM,53.0,507.3010226260759,501.6,0.0,0.0,507.3010226260759,501.6,0.0,0.0,nonce-ba934f90130b903e79e3,True,False,benign,False,0,"{""attack_ended_at"": 53.0, ""case_opened_at"": 53.0, ""lane_id"": ""ec_0"", ""road_id"": ""ec""}"
cam-1008-veh_002-000050,cam-1008-veh_002-000050,case-intersection-1008-veh_002-position_offset,root-440524b591b8a9b2f65255fc,1008,veh_002,ps-c10217be2cfbfbad,CAM,53.0,501.6,715.1478479766354,14.227496376883716,-0.04231323989108127,566.6,731.3978479766354,14.227496376883716,-0.04231323989108127,nonce-440524b591b8a9b2f652,True,False,position_offset,True,0,"{""attack_ended_at"": 70.0, ""case_opened_at"": 18.0, ""lane_id"": ""cn_0"", ""road_id"": ""cn""}"
cam-1008-veh_003-000049,cam-1008-veh_003-000049,case-intersection-1008-veh_003-benign,root-f9f01c8184d158c67a5f80dd,1008,veh_003,ps-b84d6e13ef43c957,CAM,53.0,498.4,200.0430510322795,16.370484506175856,0.21175173226744093,498.4,200.0430510322795,16.370484506175856,0.21175173226744093,nonce-f9f01c8184d158c67a5f,True,False,benign,False,0,"{""attack_ended_at"": 53.0, ""case_opened_at"": 53.0, ""lane_id"": ""cs_0"", ""road_id"": ""cs""}"
cam-1008-veh_004-000048,cam-1008-veh_004-000048,case-intersection-1008-veh_004-speed_offset,root-dcfa2691be84872f902ddae1,1008,veh_004,ps-a4ec7ac7ed69787f,CAM,53.0,485.19798051999544,498.4,0.0,0.0,485.19798051999544,498.4,11.0,0.0,nonce-dcfa2691be84872f902d,True,False,speed_offset,True,0,"{""attack_ended_at"": 72.0, ""case_opened_at"": 20.0, ""lane_id"": ""wc_0"", ""road_id"": ""wc""}"
cam-1008-veh_005-000047,cam-1008-veh_005-000047,case-intersection-1008-veh_005-benign,root-72ee7d99d31f8477797176ac,1008,veh_005,ps-969b062779822854,CAM,53.0,514.8020644976245,501.6,0.0,0.0,514.8020644976245,501.6,0.0,0.0,nonce-72ee7d99d31f84777971,True,False,benign,False,0,"{""attack_ended_at"": 53.0, ""case_opened_at"": 53.0, ""lane_id"": ""ec_0"", ""road_id"": ""ec""}"
replay-cam-1008-veh_006-000046,cam-1008-veh_006-000014,case-intersection-1008-veh_006-replay,root-e6073782afc54a5381804d00,1008,veh_006,ps-65fe799408ea4704,CAM,21.0,501.6,231.44104983772158,16.339173566782847,0.3305125820729877,501.6,231.44104983772158,16.339173566782847,0.3305125820729877,nonce-e6073782afc54a538180,True,False,replay,True,8,"{""attack_ended_at"": 21.0, ""case_opened_at"": 21.0, ""lane_id"": ""sc_0"", ""road_id"": ""sc""}"
cam-1008-veh_007-000045,cam-1008-veh_007-000045,case-intersection-1008-veh_007-benign,root-1cf1a513a4a8f045e7e17c49,1008,veh_007,ps-30c2a00c607f04e2,CAM,53.0,498.4,263.1392599126557,16.55808984102216,0.04343363551888757,498.4,263.1392599126557,16.55808984102216,0.04343363551888757,nonce-1cf1a513a4a8f045e7e1,True,False,benign,False,0,"{""attack_ended_at"": 53.0, ""case_opened_at"": 53.0, ""lane_id"": ""cs_0"", ""road_id"": ""cs""}"
cam-1008-veh_008-000044,cam-1008-veh_008-000044,case-intersection-1008-veh_008-certificate_tamper,root-31d0c57ed77ced138ace70ac,1008,veh_008,ps-82218acb1d94705f,CAM,53.0,477.69695934626907,498.4,0.0,0.0,477.69695934626907,498.4,0.0,0.0,nonce-31d0c57ed77ced138ace,False,False,certificate_tamper,True,0,"{""attack_ended_at"": 76.0, ""case_opened_at"": 24.0, ""lane_id"": ""wc_0"", ""road_id"": ""wc""}"
cam-1008-veh_009-000043,cam-1008-veh_009-000043,case-intersection-1008-veh_009-benign,root-6edd9c3aab017ccf50ddee7d,1008,veh_009,ps-7ceb479c74f04f24,CAM,53.0,522.3030844488896,501.6,0.0,0.0,522.3030844488896,501.6,0.0,0.0,nonce-6edd9c3aab017ccf50dd,True,False,benign,False,0,"{""attack_ended_at"": 53.0, ""case_opened_at"": 53.0, ""lane_id"": ""ec_0"", ""road_id"": ""ec""}"
cam-1008-veh_010-000042-f0,cam-1008-veh_010-000042,case-intersection-1008-veh_010-flood,root-36448ad84b1e6ab7e33f2347,1008,veh_010,ps-3210978143869c35,CAM,53.0,501.6,668.7220347730376,14.099732867184322,-0.2230145316057932,501.6,668.7220347730376,14.099732867184322,-0.2230145316057932,nonce-36448ad84b1e6ab7e33f,True,False,flood,True,0,"{""attack_ended_at"": 78.0, ""case_opened_at"": 26.0, ""lane_id"": ""cn_0"", ""road_id"": ""cn""}"
cam-1008-veh_010-000042-f1,cam-1008-veh_010-000042,case-intersection-1008-veh_010-flood,root-36448ad84b1e6ab7e33f2347,1008,veh_010,ps-3210978143869c35,CAM,53.0,501.6,668.7220347730376,14.099732867184322,-0.2230145316057932,501.6,668.7220347730376,14.099732867184322,-0.2230145316057932,nonce-36448ad84b1e6ab7e33f,True,False,flood,True,1,"{""attack_ended_at"": 78.0, ""case_opened_at"": 26.0, ""lane_id"": ""cn_0"", ""road_id"": ""cn""}"
cam-1008-veh_010-000042-f2,cam-1008-veh_010-000042,case-intersection-1008-veh_010-flood,root-36448ad84b1e6ab7e33f2347,1008,veh_010,ps-3210978143869c35,CAM,53.0,501.6,668.7220347730376,14.099732867184322,-0.2230145316057932,501.6,668.7220347730376,14.099732867184322,-0.2230145316057932,nonce-36448ad84b1e6ab7e33f,True,False,flood,True,2,"{""attack_ended_at"": 78.0, ""case_opened_at"": 26.0, ""lane_id"": ""cn_0"", ""road_id"": ""cn""}"
cam-1008-veh_010-000042-f3,cam-1008-veh_010-000042,case-intersection-1008-veh_010-flood,root-36448ad84b1e6ab7e33f2347,1008,veh_010,ps-3210978143869c35,CAM,53.0,501.6,668.7220347730376,14.099732867184322,-0.2230145316057932,501.6,668.7220347730376,14.099732867184322,-0.2230145316057932,nonce-36448ad84b1e6ab7e33f,True,False,flood,True,3,"{""attack_ended_at"": 78.0, ""case_opened_at"": 26.0, ""lane_id"": ""cn_0"", ""road_id"": ""cn""}"
cam-1008-veh_010-000042-f4,cam-1008-veh_010-000042,case-intersection-1008-veh_010-flood,root-36448ad84b1e6ab7e33f2347,1008,veh_010,ps-3210978143869c35,CAM,53.0,501.6,668.7220347730376,14.099732867184322,-0.2230145316057932,501.6,668.7220347730376,14.099732867184322,-0.2230145316057932,nonce-36448ad84b1e6ab7e33f,True,False,flood,True,4,"{""attack_ended_at"": 78.0, ""case_opened_at"": 26.0, ""lane_id"": ""cn_0"", ""road_id"": ""cn""}"
cam-1008-veh_011-000041,cam-1008-veh_011-000041,case-intersection-1008-veh_011-benign,root-1febde5c55430ff0ef4808ec,1008,veh_011,ps-8a5d63d2056fbe7e,CAM,53.0,498.4,381.18715611495514,15.381361451059268,0.15177087604533845,498.4,381.18715611495514,15.381361451059268,0.15177087604533845,nonce-1febde5c55430ff0ef48,True,False,benign,False,0,"{""attack_ended_at"": 53.0, ""case_opened_at"": 53.0, ""lane_id"": ""cs_0"", ""road_id"": ""cs""}"
cam-1008-veh_012-000040,cam-1008-veh_012-000040,case-intersection-1008-veh_012-false_denm,root-2ac431db9e55c6babdb87cf7,1008,veh_012,ps-d55e51c88c138a2d,DENM,53.0,470.195933634723,498.4,0.0,0.0,470.195933634723,498.4,0.0,0.0,nonce-2ac431db9e55c6babdb8,True,True,false_denm,True,0,"{""attack_ended_at"": 80.0, ""case_opened_at"": 28.0, ""lane_id"": ""wc_0"", ""road_id"": ""wc""}"
cam-1008-veh_013-000039,cam-1008-veh_013-000039,case-intersection-1008-veh_013-benign,root-68c02ca4af42b50ed3f0f42d,1008,veh_013,ps-c612038c409b5d43,CAM,53.0,529.8041051214391,501.6,0.0,-0.00010696986375203376,529.8041051214391,501.6,0.0,-0.00010696986375203376,nonce-68c02ca4af42b50ed3f0,True,False,benign,False,0,"{""attack_ended_at"": 53.0, ""case_opened_at"": 53.0, ""lane_id"": ""ec_0"", ""road_id"": ""ec""}"
cam-1008-veh_014-000038-m0,cam-1008-veh_014-000038,case-intersection-1008-veh_014-mixed,root-3633b880d89d41124a50ed9f,1008,veh_014,ps-1c0f8ece3ddb0b0c,DENM,53.0,501.6,563.1638495942822,14.729882277341947,0.29289207348134383,546.6,572.1638495942822,22.729882277341947,0.29289207348134383,nonce-3633b880d89d41124a50,True,True,mixed,True,0,"{""attack_ended_at"": 82.0, ""case_opened_at"": 30.0, ""lane_id"": ""cn_0"", ""road_id"": ""cn""}"
cam-1008-veh_014-000038-m1,cam-1008-veh_014-000038,case-intersection-1008-veh_014-mixed,root-3633b880d89d41124a50ed9f,1008,veh_014,ps-1c0f8ece3ddb0b0c,DENM,53.0,501.6,563.1638495942822,14.729882277341947,0.29289207348134383,546.6,572.1638495942822,22.729882277341947,0.29289207348134383,nonce-3633b880d89d41124a50,True,True,mixed,True,1,"{""attack_ended_at"": 82.0, ""case_opened_at"": 30.0, ""lane_id"": ""cn_0"", ""road_id"": ""cn""}"
cam-1008-veh_014-000038-m2,cam-1008-veh_014-000038,case-intersection-1008-veh_014-mixed,root-3633b880d89d41124a50ed9f,1008,veh_014,ps-1c0f8ece3ddb0b0c,DENM,53.0,501.6,563.1638495942822,14.729882277341947,0.29289207348134383,546.6,572.1638495942822,22.729882277341947,0.29289207348134383,nonce-3633b880d89d41124a50,True,True,mixed,True,2,"{""attack_ended_at"": 82.0, ""case_opened_at"": 30.0, ""lane_id"": ""cn_0"", ""road_id"": ""cn""}"
cam-1008-veh_014-000038-m3,cam-1008-veh_014-000038,case-intersection-1008-veh_014-mixed,root-3633b880d89d41124a50ed9f,1008,veh_014,ps-1c0f8ece3ddb0b0c,DENM,53.0,501.6,563.1638495942822,14.729882277341947,0.29289207348134383,546.6,572.1638495942822,22.729882277341947,0.29289207348134383,nonce-3633b880d89d41124a50,True,True,mixed,True,3,"{""attack_ended_at"": 82.0, ""case_opened_at"": 30.0, ""lane_id"": ""cn_0"", ""road_id"": ""cn""}"
cam-1008-veh_015-000037,cam-1008-veh_015-000037,case-intersection-1008-veh_015-benign,root-c493d96b24d8a5997b5d256b,1008,veh_015,ps-77b1c1c85865d133,CAM,53.0,498.4,442.99732035579547,14.774942602350624,0.10220642689615467,498.4,442.99732035579547,14.774942602350624,0.10220642689615467,nonce-c493d96b24d8a5997b5d,True,False,benign,False,0,"{""attack_ended_at"": 53.0, ""case_opened_at"": 53.0, ""lane_id"": ""cs_0"", ""road_id"": ""cs""}"
cam-1008-veh_016-000036,cam-1008-veh_016-000036,case-intersection-1008-veh_016-benign,root-1f5198fa188e9ae214a95549,1008,veh_016,ps-1e0348b1d8bfe014,CAM,53.0,462.69486927435423,498.4,0.0,0.0,462.69486927435423,498.4,0.0,0.0,nonce-1f5198fa188e9ae214a9,True,False,benign,False,0,"{""attack_ended_at"": 53.0, ""case_opened_at"": 53.0, ""lane_id"": ""wc_0"", ""road_id"": ""wc""}"
cam-1008-veh_017-000035,cam-1008-veh_017-000035,case-intersection-1008-veh_017-benign,root-86fd37d2fcab89e089b5f874,1008,veh_017,ps-31646c93226ae98c,CAM,53.0,537.305135917561,501.6,0.0020483636453253544,-0.006423293889043221,537.305135917561,501.6,0.0020483636453253544,-0.006423293889043221,nonce-86fd37d2fcab89e089b5,True,False,benign,False,0,"{""attack_ended_at"": 53.0, ""case_opened_at"": 53.0, ""lane_id"": ""ec_0"", ""road_id"": ""ec""}"
cam-1008-veh_018-000034,cam-1008-veh_018-000034,case-intersection-1008-veh_018-benign,root-9dc73dc7598a984b575ed12f,1008,veh_018,ps-55c539e5052cea58,CAM,53.0,501.6,490.88128377379206,14.018704690717135,-0.07484168283641246,501.6,490.88128377379206,14.018704690717135,-0.07484168283641246,nonce-9dc73dc7598a984b575e,True,False,benign,False,0,"{""attack_ended_at"": 53.0, ""case_opened_at"": 53.0, ""lane_id"": ""sc_0"", ""road_id"": ""sc""}"
cam-1008-veh_019-000033,cam-1008-veh_019-000033,case-intersection-1008-veh_019-benign,root-189c6f2b553352d934b3662a,1008,veh_019,ps-6e220b4f697c2cd3,CAM,53.0,498.4,504.8438450095295,15.002692674465152,0.5315881182532767,498.4,504.8438450095295,15.002692674465152,0.5315881182532767,nonce-189c6f2b553352d934b3,True,False,benign,False,0,"{""attack_ended_at"": 53.0, ""case_opened_at"": 53.0, ""lane_id"": "":c_1_0"", ""road_id"": "":c_1""}"
cam-1008-veh_020-000032,cam-1008-veh_020-000032,case-intersection-1008-veh_020-benign,root-d167759a8ccb4356d942a877,1008,veh_020,ps-fb97d0e5da402071,CAM,53.0,455.19160921312306,498.4,0.012080480310146802,-0.07033646231099852,455.19160921312306,498.4,0.012080480310146802,-0.07033646231099852,nonce-d167759a8ccb4356d942,True,False,benign,False,0,"{""attack_ended_at"": 53.0, ""case_opened_at"": 53.0, ""lane_id"": ""wc_0"", ""road_id"": ""wc""}"
cam-1008-veh_021-000031,cam-1008-veh_021-000031,case-intersection-1008-veh_021-benign,root-e34426424bf04feec63960d0,1008,veh_021,ps-7461357a64efe09e,CAM,53.0,544.8296824229681,501.6,0.07648659417302636,-1.3507938416616565,544.8296824229681,501.6,0.07648659417302636,-1.3507938416616565,nonce-e34426424bf04feec639,True,False,benign,False,0,"{""attack_ended_at"": 53.0, ""case_opened_at"": 53.0, ""lane_id"": ""ec_0"", ""road_id"": ""ec""}"
cam-1008-veh_022-000030,cam-1008-veh_022-000030,case-intersection-1008-veh_022-benign,root-9e4a0df122aca89c34e9b939,1008,veh_022,ps-b515230e59090b79,CAM,53.0,501.6,465.28513690615785,14.641490731505488,-0.23370506228036447,501.6,465.28513690615785,14.641490731505488,-0.23370506228036447,nonce-9e4a0df122aca89c34e9,True,False,benign,False,0,"{""attack_ended_at"": 53.0, ""case_opened_at"": 53.0, ""lane_id"": ""sc_0"", ""road_id"": ""sc""}"
cam-1008-veh_023-000029,cam-1008-veh_023-000029,case-intersection-1008-veh_023-benign,root-821f1674c05231868b5d2bec,1008,veh_023,ps-92555cef08137c2d,CAM,53.0,498.4,563.9253006102001,14.796389918948764,0.17180552745703537,498.4,563.9253006102001,14.796389918948764,0.17180552745703537,nonce-821f1674c05231868b5d,True,False,benign,False,0,"{""attack_ended_at"": 53.0, ""case_opened_at"": 53.0, ""lane_id"": ""nc_0"", ""road_id"": ""nc""}"
cam-1008-veh_000-000053,cam-1008-veh_000-000053,case-intersection-1008-veh_000-benign,root-ff5e85cb7517720165963e66,1008,veh_000,ps-c836b37964202f27,CAM,54.0,492.6989902911777,498.4,0.0,0.0,492.6989902911777,498.4,0.0,0.0,nonce-ff5e85cb751772016596,True,False,benign,False,0,"{""attack_ended_at"": 54.0, ""case_opened_at"": 54.0, ""lane_id"": ""wc_0"", ""road_id"": ""wc""}"
cam-1008-veh_001-000052,cam-1008-veh_001-000052,case-intersection-1008-veh_001-benign,root-94a524a23cde8bc1d4f1b3fe,1008,veh_001,ps-06cf0c7bb8481f37,CAM,54.0,507.3010226260759,501.6,0.0,0.0,507.3010226260759,501.6,0.0,0.0,nonce-94a524a23cde8bc1d4f1,True,False,benign,False,0,"{""attack_ended_at"": 54.0, ""case_opened_at"": 54.0, ""lane_id"": ""ec_0"", ""road_id"": ""ec""}"
cam-1008-veh_002-000051,cam-1008-veh_002-000051,case-intersection-1008-veh_002-position_offset,root-7dae8eea7a3716decccb9746,1008,veh_002,ps-c10217be2cfbfbad,CAM,54.0,501.6,729.1933306936506,14.045482717015327,-0.1820136598683888,566.6,745.4433306936506,14.045482717015327,-0.1820136598683888,nonce-7dae8eea7a3716decccb,True,False,position_offset,True,0,"{""attack_ended_at"": 70.0, ""case_opened_at"": 18.0, ""lane_id"": ""cn_0"", ""road_id"": ""cn""}"
cam-1008-veh_003-000050,cam-1008-veh_003-000050,case-intersection-1008-veh_003-benign,root-1ba854e09eb8ac5a3a847823,1008,veh_003,ps-b84d6e13ef43c957,CAM,54.0,498.4,183.81367198085866,16.22937905142084,-0.14110545475501723,498.4,183.81367198085866,16.22937905142084,-0.14110545475501723,nonce-1ba854e09eb8ac5a3a84,True,False,benign,False,0,"{""attack_ended_at"": 54.0, ""case_opened_at"": 54.0, ""lane_id"": ""cs_0"", ""road_id"": ""cs""}"
cam-1008-veh_004-000049,cam-1008-veh_004-000049,case-intersection-1008-veh_004-speed_offset,root-9071da2f8afdfacfda684753,1008,veh_004,ps-a4ec7ac7ed69787f,CAM,54.0,485.19798051999544,498.4,0.0,0.0,485.19798051999544,498.4,11.0,0.0,nonce-9071da2f8afdfacfda68,True,False,speed_offset,True,0,"{""attack_ended_at"": 72.0, ""case_opened_at"": 20.0, ""lane_id"": ""wc_0"", ""road_id"": ""wc""}"
cam-1008-veh_005-000048,cam-1008-veh_005-000048,case-intersection-1008-veh_005-benign,root-a04351a7a243f23b7c0cc92c,1008,veh_005,ps-969b062779822854,CAM,54.0,514.8020644976245,501.6,0.0,0.0,514.8020644976245,501.6,0.0,0.0,nonce-a04351a7a243f23b7c0c,True,False,benign,False,0,"{""attack_ended_at"": 54.0, ""case_opened_at"": 54.0, ""lane_id"": ""ec_0"", ""road_id"": ""ec""}"
replay-cam-1008-veh_006-000047,cam-1008-veh_006-000011,case-intersection-1008-veh_006-replay,root-698ab643fc75e30c21ee9766,1008,veh_006,ps-65fe799408ea4704,CAM,18.0,501.6,182.79892649799126,16.638048100941816,0.2891036247694849,501.6,182.79892649799126,16.638048100941816,0.2891036247694849,nonce-698ab643fc75e30c21ee,True,False,replay,True,9,"{""attack_ended_at"": 18.0, ""case_opened_at"": 18.0, ""lane_id"": ""sc_0"", ""road_id"": ""sc""}"
cam-1008-veh_007-000046,cam-1008-veh_007-000046,case-intersection-1008-veh_007-benign,root-5164142323bce7763dba7896,1008,veh_007,ps-30c2a00c607f04e2,CAM,54.0,498.4,246.51342025401073,16.625839658644985,0.0677498176228255,498.4,246.51342025401073,16.625839658644985,0.0677498176228255,nonce-5164142323bce7763dba,True,False,benign,False,0,"{""attack_ended_at"": 54.0, ""case_opened_at"": 54.0, ""lane_id"": ""cs_0"", ""road_id"": ""cs""}"
cam-1008-veh_008-000045,cam-1008-veh_008-000045,case-intersection-1008-veh_008-certificate_tamper,root-5b10f17a874e1abe8dc0fc0d,1008,veh_008,ps-82218acb1d94705f,CAM,54.0,477.69695934626907,498.4,0.0,0.0,477.69695934626907,498.4,0.0,0.0,nonce-5b10f17a874e1abe8dc0,False,False,certificate_tamper,True,0,"{""attack_ended_at"": 76.0, ""case_opened_at"": 24.0, ""lane_id"": ""wc_0"", ""road_id"": ""wc""}"
cam-1008-veh_009-000044,cam-1008-veh_009-000044,case-intersection-1008-veh_009-benign,root-db6bba76cf6f8af195c24041,1008,veh_009,ps-7ceb479c74f04f24,CAM,54.0,522.3030844488896,501.6,0.0,0.0,522.3030844488896,501.6,0.0,0.0,nonce-db6bba76cf6f8af195c2,True,False,benign,False,0,"{""attack_ended_at"": 54.0, ""case_opened_at"": 54.0, ""lane_id"": ""ec_0"", ""road_id"": ""ec""}"
cam-1008-veh_010-000043-f0,cam-1008-veh_010-000043,case-intersection-1008-veh_010-flood,root-6a8fdbb1911b7a7a283d550e,1008,veh_010,ps-3210978143869c35,CAM,54.0,501.6,682.4962693194427,13.774234546405095,-0.3254983207792268,501.6,682.4962693194427,13.774234546405095,-0.3254983207792268,nonce-6a8fdbb1911b7a7a283d,True,False,flood,True,0,"{""attack_ended_at"": 78.0, ""case_opened_at"": 26.0, ""lane_id"": ""cn_0"", ""road_id"": ""cn""}"
cam-1008-veh_010-000043-f1,cam-1008-veh_010-000043,case-intersection-1008-veh_010-flood,root-6a8fdbb1911b7a7a283d550e,1008,veh_010,ps-3210978143869c35,CAM,54.0,501.6,682.4962693194427,13.774234546405095,-0.3254983207792268,501.6,682.4962693194427,13.774234546405095,-0.3254983207792268,nonce-6a8fdbb1911b7a7a283d,True,False,flood,True,1,"{""attack_ended_at"": 78.0, ""case_opened_at"": 26.0, ""lane_id"": ""cn_0"", ""road_id"": ""cn""}"
cam-1008-veh_010-000043-f2,cam-1008-veh_010-000043,case-intersection-1008-veh_010-flood,root-6a8fdbb1911b7a7a283d550e,1008,veh_010,ps-3210978143869c35,CAM,54.0,501.6,682.4962693194427,13.774234546405095,-0.3254983207792268,501.6,682.4962693194427,13.774234546405095,-0.3254983207792268,nonce-6a8fdbb1911b7a7a283d,True,False,flood,True,2,"{""attack_ended_at"": 78.0, ""case_opened_at"": 26.0, ""lane_id"": ""cn_0"", ""road_id"": ""cn""}"
cam-1008-veh_010-000043-f3,cam-1008-veh_010-000043,case-intersection-1008-veh_010-flood,root-6a8fdbb1911b7a7a283d550e,1008,veh_010,ps-3210978143869c35,CAM,54.0,501.6,682.4962693194427,13.774234546405095,-0.3254983207792268,501.6,682.4962693194427,13.774234546405095,-0.3254983207792268,nonce-6a8fdbb1911b7a7a283d,True,False,flood,True,3,"{""attack_ended_at"": 78.0, ""case_opened_at"": 26.0, ""lane_id"": ""cn_0"", ""road_id"": ""cn""}"
cam-1008-veh_010-000043-f4,cam-1008-veh_010-000043,case-intersection-1008-veh_010-flood,root-6a8fdbb1911b7a7a283d550e,1008,veh_010,ps-3210978143869c35,CAM,54.0,501.6,682.4962693194427,13.774234546405095,-0.3254983207792268,501.6,682.4962693194427,13.774234546405095,-0.3254983207792268,nonce-6a8fdbb1911b7a7a283d,True,False,flood,True,4,"{""attack_ended_at"": 78.0, ""case_opened_at"": 26.0, ""lane_id"": ""cn_0"", ""road_id"": ""cn""}"
cam-1008-veh_011-000042,cam-1008-veh_011-000042,case-intersection-1008-veh_011-benign,root-383922370cb2a67a4be4b2a3,1008,veh_011,ps-8a5d63d2056fbe7e,CAM,54.0,498.4,366.45695659791215,14.730199517042996,-0.6511619340162724,498.4,366.45695659791215,14.730199517042996,-0.6511619340162724,nonce-383922370cb2a67a4be4,True,False,benign,False,0,"{""attack_ended_at"": 54.0, ""case_opened_at"": 54.0, ""lane_id"": ""cs_0"", ""road_id"": ""cs""}"
cam-1008-veh_012-000041,cam-1008-veh_012-000041,case-intersection-1008-veh_012-false_denm,root-d2a369602ebee049c2419b96,1008,veh_012,ps-d55e51c88c138a2d,CAM,54.0,470.195933634723,498.4,0.0,0.0,470.195933634723,498.4,0.0,0.0,nonce-d2a369602ebee049c241,True,False,false_denm,True,0,"{""attack_ended_at"": 80.0, ""case_opened_at"": 28.0, ""lane_id"": ""wc_0"", ""road_id"": ""wc""}"
cam-1008-veh_013-000040,cam-1008-veh_013-000040,case-intersection-1008-veh_013-benign,root-8c6b2511ed0eb5e96d5a8bfd,1008,veh_013,ps-c612038c409b5d43,CAM,54.0,529.8041051214391,501.6,0.0,0.0,529.8041051214391,501.6,0.0,0.0,nonce-8c6b2511ed0eb5e96d5a,True,False,benign,False,0,"{""attack_ended_at"": 54.0, ""case_opened_at"": 54.0, ""lane_id"": ""ec_0"", ""road_id"": ""ec""}"
cam-1008-veh_014-000039-m0,cam-1008-veh_014-000039,case-intersection-1008-veh_014-mixed,root-a0d81d062d5bbb8dfe4257d9,1008,veh_014,ps-1c0f8ece3ddb0b0c,DENM,54.0,501.6,577.6990399699748,14.535190375692599,-0.1946919016493478,546.6,586.6990399699748,22.5351903756926,-0.1946919016493478,nonce-a0d81d062d5bbb8dfe42,True,True,mixed,True,0,"{""attack_ended_at"": 82.0, ""case_opened_at"": 30.0, ""lane_id"": ""cn_0"", ""road_id"": ""cn""}"
cam-1008-veh_014-000039-m1,cam-1008-veh_014-000039,case-intersection-1008-veh_014-mixed,root-a0d81d062d5bbb8dfe4257d9,1008,veh_014,ps-1c0f8ece3ddb0b0c,DENM,54.0,501.6,577.6990399699748,14.535190375692599,-0.1946919016493478,546.6,586.6990399699748,22.5351903756926,-0.1946919016493478,nonce-a0d81d062d5bbb8dfe42,True,True,mixed,True,1,"{""attack_ended_at"": 82.0, ""case_opened_at"": 30.0, ""lane_id"": ""cn_0"", ""road_id"": ""cn""}"
cam-1008-veh_014-000039-m2,cam-1008-veh_014-000039,case-intersection-1008-veh_014-mixed,root-a0d81d062d5bbb8dfe4257d9,1008,veh_014,ps-1c0f8ece3ddb0b0c,DENM,54.0,501.6,577.6990399699748,14.535190375692599,-0.1946919016493478,546.6,586.6990399699748,22.5351903756926,-0.1946919016493478,nonce-a0d81d062d5bbb8dfe42,True,True,mixed,True,2,"{""attack_ended_at"": 82.0, ""case_opened_at"": 30.0, ""lane_id"": ""cn_0"", ""road_id"": ""cn""}"
cam-1008-veh_014-000039-m3,cam-1008-veh_014-000039,case-intersection-1008-veh_014-mixed,root-a0d81d062d5bbb8dfe4257d9,1008,veh_014,ps-1c0f8ece3ddb0b0c,DENM,54.0,501.6,577.6990399699748,14.535190375692599,-0.1946919016493478,546.6,586.6990399699748,22.5351903756926,-0.1946919016493478,nonce-a0d81d062d5bbb8dfe42,True,True,mixed,True,3,"{""attack_ended_at"": 82.0, ""case_opened_at"": 30.0, ""lane_id"": ""cn_0"", ""road_id"": ""cn""}"
cam-1008-veh_015-000038,cam-1008-veh_015-000038,case-intersection-1008-veh_015-benign,root-6e164dadec951ba8c7aa428e,1008,veh_015,ps-77b1c1c85865d133,CAM,54.0,498.4,428.3005260794106,14.696794276384885,-0.07814832596573851,498.4,428.3005260794106,14.696794276384885,-0.07814832596573851,nonce-6e164dadec951ba8c7aa,True,False,benign,False,0,"{""attack_ended_at"": 54.0, ""case_opened_at"": 54.0, ""lane_id"": ""cs_0"", ""road_id"": ""cs""}"
cam-1008-veh_016-000037,cam-1008-veh_016-000037,case-intersection-1008-veh_016-benign,root-ae490a3b3826333a1dccf4c7,1008,veh_016,ps-1e0348b1d8bfe014,CAM,54.0,462.69486927435423,498.4,0.0,0.0,462.69486927435423,498.4,0.0,0.0,nonce-ae490a3b3826333a1dcc,True,False,benign,False,0,"{""attack_ended_at"": 54.0, ""case_opened_at"": 54.0, ""lane_id"": ""wc_0"", ""road_id"": ""wc""}"
cam-1008-veh_017-000036,cam-1008-veh_017-000036,case-intersection-1008-veh_017-benign,root-4a9ffddfb178ade02b0f3cd5,1008,veh_017,ps-31646c93226ae98c,CAM,54.0,537.305135917561,501.6,0.0,-0.0020483636453253544,537.305135917561,501.6,0.0,-0.0020483636453253544,nonce-4a9ffddfb178ade02b0f,True,False,benign,False,0,"{""attack_ended_at"": 54.0, ""case_opened_at"": 54.0, ""lane_id"": ""ec_0"", ""road_id"": ""ec""}"
cam-1008-veh_018-000035,cam-1008-veh_018-000035,case-intersection-1008-veh_018-benign,root-6fb60106444bb593943bf940,1008,veh_018,ps-55c539e5052cea58,CAM,54.0,501.6,504.9617229705826,14.080439196790541,0.06173450607340669,501.6,504.9617229705826,14.080439196790541,0.06173450607340669,nonce-6fb60106444bb593943b,True,False,benign,False,0,"{""attack_ended_at"": 54.0, ""case_opened_at"": 54.0, ""lane_id"": "":c_7_0"", ""road_id"": "":c_7""}"
cam-1008-veh_019-000034,cam-1008-veh_019-000034,case-intersection-1008-veh_019-benign,root-23401b62082aead14f6506e2,1008,veh_019,ps-6e220b4f697c2cd3,CAM,54.0,498.4,489.8460328518403,14.997812157689268,-0.004880516775884303,498.4,489.8460328518403,14.997812157689268,-0.004880516775884303,nonce-23401b62082aead14f65,True,False,benign,False,0,"{""attack_ended_at"": 54.0, ""case_opened_at"": 54.0, ""lane_id"": ""cs_0"", ""road_id"": ""cs""}"
cam-1008-veh_020-000033,cam-1008-veh_020-000033,case-intersection-1008-veh_020-benign,root-c8f6d8bb198f055be018832d,1008,veh_020,ps-fb97d0e5da402071,CAM,54.0,455.1933477436033,498.4,0.001738530480234794,-0.010341949829912007,455.1933477436033,498.4,0.001738530480234794,-0.010341949829912007,nonce-c8f6d8bb198f055be018,True,False,benign,False,0,"{""attack_ended_at"": 54.0, ""case_opened_at"": 54.0, ""lane_id"": ""wc_0"", ""road_id"": ""wc""}"
cam-1008-veh_021-000032,cam-1008-veh_021-000032,case-intersection-1008-veh_021-benign,root-a3b03fc5c125c75a9e86e399,1008,veh_021,ps-7461357a64efe09e,CAM,54.0,544.8111136267223,501.6,0.018568796245656702,-0.05791779792736966,544.8111136267223,501.6,0.018568796245656702,-0.05791779792736966,nonce-a3b03fc5c125c75a9e86,True,False,benign,False,0,"{""attack_ended_at"": 54.0, ""case_opened_at"": 54.0, ""lane_id"": ""ec_0"", ""road_id"": ""ec""}"
cam-1008-veh_022-000031,cam-1008-veh_022-000031,case-intersection-1008-veh_022-benign,root-620918d020ad0586239f9382,1008,veh_022,ps-b515230e59090b79,CAM,54.0,501.6,480.1288573003132,14.84372039415533,0.20222966264984166,501.6,480.1288573003132,14.84372039415533,0.20222966264984166,nonce-620918d020ad0586239f,True,False,benign,False,0,"{""attack_ended_at"": 54.0, ""case_opened_at"": 54.0, ""lane_id"": ""sc_0"", ""road_id"": ""sc""}"
cam-1008-veh_023-000030,cam-1008-veh_023-000030,case-intersection-1008-veh_023-benign,root-c0838b4137115afb4db31c67,1008,veh_023,ps-92555cef08137c2d,CAM,54.0,498.4,549.4727205499748,14.45258006022522,-0.3438098587235441,498.4,549.4727205499748,14.45258006022522,-0.3438098587235441,nonce-c0838b4137115afb4db3,True,False,benign,False,0,"{""attack_ended_at"": 54.0, ""case_opened_at"": 54.0, ""lane_id"": ""nc_0"", ""road_id"": ""nc""}"
cam-1008-veh_000-000054,cam-1008-veh_000-000054,case-intersection-1008-veh_000-benign,root-b036eb03c4dd76885dd1f75a,1008,veh_000,ps-c836b37964202f27,CAM,55.0,492.6989902911777,498.4,0.0,0.0,492.6989902911777,498.4,0.0,0.0,nonce-b036eb03c4dd76885dd1,True,False,benign,False,0,"{""attack_ended_at"": 55.0, ""case_opened_at"": 55.0, ""lane_id"": ""wc_0"", ""road_id"": ""wc""}"
cam-1008-veh_001-000053,cam-1008-veh_001-000053,case-intersection-1008-veh_001-benign,root-a771da4b1c28df6e27120f54,1008,veh_001,ps-06cf0c7bb8481f37,CAM,55.0,507.3010226260759,501.6,0.0,0.0,507.3010226260759,501.6,0.0,0.0,nonce-a771da4b1c28df6e2712,True,False,benign,False,0,"{""attack_ended_at"": 55.0, ""case_opened_at"": 55.0, ""lane_id"": ""ec_0"", ""road_id"": ""ec""}"
cam-1008-veh_002-000052,cam-1008-veh_002-000052,case-intersection-1008-veh_002-position_offset,root-55140553008b63c2faed7b07,1008,veh_002,ps-c10217be2cfbfbad,CAM,55.0,501.6,743.4817236764302,14.288392982779548,0.24291026576422148,566.6,759.7317236764302,14.288392982779548,0.24291026576422148,nonce-55140553008b63c2faed,True,False,position_offset,True,0,"{""attack_ended_at"": 70.0, ""case_opened_at"": 18.0, ""lane_id"": ""cn_0"", ""road_id"": ""cn""}"
cam-1008-veh_003-000051,cam-1008-veh_003-000051,case-intersection-1008-veh_003-benign,root-f0a97b51c27af0d3a8135cda,1008,veh_003,ps-b84d6e13ef43c957,CAM,55.0,498.4,167.68924272621035,16.124429254648277,-0.10494979677256211,498.4,167.68924272621035,16.124429254648277,-0.10494979677256211,nonce-f0a97b51c27af0d3a813,True,False,benign,False,0,"{""attack_ended_at"": 55.0, ""case_opened_at"": 55.0, ""lane_id"": ""cs_0"", ""road_id"": ""cs""}"
cam-1008-veh_004-000050,cam-1008-veh_004-000050,case-intersection-1008-veh_004-speed_offset,root-67be806ab4fdc0524eda6c07,1008,veh_004,ps-a4ec7ac7ed69787f,CAM,55.0,485.19798051999544,498.4,0.0,0.0,485.19798051999544,498.4,11.0,0.0,nonce-67be806ab4fdc0524eda,True,False,speed_offset,True,0,"{""attack_ended_at"": 72.0, ""case_opened_at"": 20.0, ""lane_id"": ""wc_0"", ""road_id"": ""wc""}"
cam-1008-veh_005-000049,cam-1008-veh_005-000049,case-intersection-1008-veh_005-benign,root-c668ee0acde8fbe607379fd4,1008,veh_005,ps-969b062779822854,CAM,55.0,514.8020644976245,501.6,0.0,0.0,514.8020644976245,501.6,0.0,0.0,nonce-c668ee0acde8fbe60737,True,False,benign,False,0,"{""attack_ended_at"": 55.0, ""case_opened_at"": 55.0, ""lane_id"": ""ec_0"", ""road_id"": ""ec""}"
replay-cam-1008-veh_006-000048,cam-1008-veh_006-000012,case-intersection-1008-veh_006-replay,root-9ea8f4310ed2d98496486915,1008,veh_006,ps-65fe799408ea4704,CAM,19.0,501.6,199.09321528622888,16.294288788237612,-0.34375931270420423,501.6,199.09321528622888,16.294288788237612,-0.34375931270420423,nonce-9ea8f4310ed2d9849648,True,False,replay,True,9,"{""attack_ended_at"": 19.0, ""case_opened_at"": 19.0, ""lane_id"": ""sc_0"", ""road_id"": ""sc""}"
cam-1008-veh_007-000047,cam-1008-veh_007-000047,case-intersection-1008-veh_007-benign,root-dfbf79cedb5287e7f3d0420d,1008,veh_007,ps-30c2a00c607f04e2,CAM,55.0,498.4,230.41794244421646,16.09547780979425,-0.5303618488507347,498.4,230.41794244421646,16.09547780979425,-0.5303618488507347,nonce-dfbf79cedb5287e7f3d0,True,False,benign,False,0,"{""attack_ended_at"": 55.0, ""case_opened_at"": 55.0, ""lane_id"": ""cs_0"", ""road_id"": ""cs""}"
cam-1008-veh_008-000046,cam-1008-veh_008-000046,case-intersection-1008-veh_008-certificate_tamper,root-6a60348e1021e94165596a67,1008,veh_008,ps-82218acb1d94705f,CAM,55.0,477.69695934626907,498.4,0.0,0.0,477.69695934626907,498.4,0.0,0.0,nonce-6a60348e1021e9416559,False,False,certificate_tamper,True,0,"{""attack_ended_at"": 76.0, ""case_opened_at"": 24.0, ""lane_id"": ""wc_0"", ""road_id"": ""wc""}"
cam-1008-veh_009-000045,cam-1008-veh_009-000045,case-intersection-1008-veh_009-benign,root-9eebcfa7c3044564cd285797,1008,veh_009,ps-7ceb479c74f04f24,CAM,55.0,522.3030844488896,501.6,0.0,0.0,522.3030844488896,501.6,0.0,0.0,nonce-9eebcfa7c3044564cd28,True,False,benign,False,0,"{""attack_ended_at"": 55.0, ""case_opened_at"": 55.0, ""lane_id"": ""ec_0"", ""road_id"": ""ec""}"
cam-1008-veh_010-000044-f0,cam-1008-veh_010-000044,case-intersection-1008-veh_010-flood,root-3650b639dcdff05b8fd23f0c,1008,veh_010,ps-3210978143869c35,CAM,55.0,501.6,696.0921598308081,13.595890511365361,-0.17834403503973384,501.6,696.0921598308081,13.595890511365361,-0.17834403503973384,nonce-3650b639dcdff05b8fd2,True,False,flood,True,0,"{""attack_ended_at"": 78.0, ""case_opened_at"": 26.0, ""lane_id"": ""cn_0"", ""road_id"": ""cn""}"
cam-1008-veh_010-000044-f1,cam-1008-veh_010-000044,case-intersection-1008-veh_010-flood,root-3650b639dcdff05b8fd23f0c,1008,veh_010,ps-3210978143869c35,CAM,55.0,501.6,696.0921598308081,13.595890511365361,-0.17834403503973384,501.6,696.0921598308081,13.595890511365361,-0.17834403503973384,nonce-3650b639dcdff05b8fd2,True,False,flood,True,1,"{""attack_ended_at"": 78.0, ""case_opened_at"": 26.0, ""lane_id"": ""cn_0"", ""road_id"": ""cn""}"
cam-1008-veh_010-000044-f2,cam-1008-veh_010-000044,case-intersection-1008-veh_010-flood,root-3650b639dcdff05b8fd23f0c,1008,veh_010,ps-3210978143869c35,CAM,55.0,501.6,696.0921598308081,13.595890511365361,-0.17834403503973384,501.6,696.0921598308081,13.595890511365361,-0.17834403503973384,nonce-3650b639dcdff05b8fd2,True,False,flood,True,2,"{""attack_ended_at"": 78.0, ""case_opened_at"": 26.0, ""lane_id"": ""cn_0"", ""road_id"": ""cn""}"
cam-1008-veh_010-000044-f3,cam-1008-veh_010-000044,case-intersection-1008-veh_010-flood,root-3650b639dcdff05b8fd23f0c,1008,veh_010,ps-3210978143869c35,CAM,55.0,501.6,696.0921598308081,13.595890511365361,-0.17834403503973384,501.6,696.0921598308081,13.595890511365361,-0.17834403503973384,nonce-3650b639dcdff05b8fd2,True,False,flood,True,3,"{""attack_ended_at"": 78.0, ""case_opened_at"": 26.0, ""lane_id"": ""cn_0"", ""road_id"": ""cn""}"
cam-1008-veh_010-000044-f4,cam-1008-veh_010-000044,case-intersection-1008-veh_010-flood,root-3650b639dcdff05b8fd23f0c,1008,veh_010,ps-3210978143869c35,CAM,55.0,501.6,696.0921598308081,13.595890511365361,-0.17834403503973384,501.6,696.0921598308081,13.595890511365361,-0.17834403503973384,nonce-3650b639dcdff05b8fd2,True,False,flood,True,4,"{""attack_ended_at"": 78.0, ""case_opened_at"": 26.0, ""lane_id"": ""cn_0"", ""road_id"": ""cn""}"
cam-1008-veh_011-000043,cam-1008-veh_011-000043,case-intersection-1008-veh_011-benign,root-1ae0fb43d2907583c4c17a87,1008,veh_011,ps-8a5d63d2056fbe7e,CAM,55.0,498.4,351.7648723622108,14.6920842357014,-0.038115281341596585,498.4,351.7648723622108,14.6920842357014,-0.038115281341596585,nonce-1ae0fb43d2907583c4c1,True,False,benign,False,0,"{""attack_ended_at"": 55.0, ""case_opened_at"": 55.0, ""lane_id"": ""cs_0"", ""road_id"": ""cs""}"
cam-1008-veh_012-000042,cam-1008-veh_012-000042,case-intersection-1008-veh_012-false_denm,root-531da585f1afba6b303a45c6,1008,veh_012,ps-d55e51c88c138a2d,CAM,55.0,470.195933634723,498.4,0.0,0.0,470.195933634723,498.4,0.0,0.0,nonce-531da585f1afba6b303a,True,False,false_denm,True,0,"{""attack_ended_at"": 80.0, ""case_opened_at"": 28.0, ""lane_id"": ""wc_0"", ""road_id"": ""wc""}"
cam-1008-veh_013-000041,cam-1008-veh_013-000041,case-intersection-1008-veh_013-benign,root-9ee1b31f2019c7600c09782c,1008,veh_013,ps-c612038c409b5d43,CAM,55.0,529.8041051214391,501.6,0.0,0.0,529.8041051214391,501.6,0.0,0.0,nonce-9ee1b31f2019c7600c09,True,False,benign,False,0,"{""attack_ended_at"": 55.0, ""case_opened_at"": 55.0, ""lane_id"": ""ec_0"", ""road_id"": ""ec""}"
cam-1008-veh_014-000040-m0,cam-1008-veh_014-000040,case-intersection-1008-veh_014-mixed,root-2c9844854a559d5dca843ff1,1008,veh_014,ps-1c0f8ece3ddb0b0c,DENM,55.0,501.6,591.9711040584958,14.272064088520981,-0.2631262871716178,546.6,600.9711040584958,22.27206408852098,-0.2631262871716178,nonce-2c9844854a559d5dca84,True,True,mixed,True,0,"{""attack_ended_at"": 82.0, ""case_opened_at"": 30.0, ""lane_id"": ""cn_0"", ""road_id"": ""cn""}"
cam-1008-veh_014-000040-m1,cam-1008-veh_014-000040,case-intersection-1008-veh_014-mixed,root-2c9844854a559d5dca843ff1,1008,veh_014,ps-1c0f8ece3ddb0b0c,DENM,55.0,501.6,591.9711040584958,14.272064088520981,-0.2631262871716178,546.6,600.9711040584958,22.27206408852098,-0.2631262871716178,nonce-2c9844854a559d5dca84,True,True,mixed,True,1,"{""attack_ended_at"": 82.0, ""case_opened_at"": 30.0, ""lane_id"": ""cn_0"", ""road_id"": ""cn""}"
cam-1008-veh_014-000040-m2,cam-1008-veh_014-000040,case-intersection-1008-veh_014-mixed,root-2c9844854a559d5dca843ff1,1008,veh_014,ps-1c0f8ece3ddb0b0c,DENM,55.0,501.6,591.9711040584958,14.272064088520981,-0.2631262871716178,546.6,600.9711040584958,22.27206408852098,-0.2631262871716178,nonce-2c9844854a559d5dca84,True,True,mixed,True,2,"{""attack_ended_at"": 82.0, ""case_opened_at"": 30.0, ""lane_id"": ""cn_0"", ""road_id"": ""cn""}"
cam-1008-veh_014-000040-m3,cam-1008-veh_014-000040,case-intersection-1008-veh_014-mixed,root-2c9844854a559d5dca843ff1,1008,veh_014,ps-1c0f8ece3ddb0b0c,DENM,55.0,501.6,591.9711040584958,14.272064088520981,-0.2631262871716178,546.6,600.9711040584958,22.27206408852098,-0.2631262871716178,nonce-2c9844854a559d5dca84,True,True,mixed,True,3,"{""attack_ended_at"": 82.0, ""case_opened_at"": 30.0, ""lane_id"": ""cn_0"", ""road_id"": ""cn""}"
cam-1008-veh_015-000039,cam-1008-veh_015-000039,case-intersection-1008-veh_015-benign,root-1bc094fff93cf631471840f0,1008,veh_015,ps-77b1c1c85865d133,CAM,55.0,498.4,413.59341167592686,14.707114403483706,0.010320127098820464,498.4,413.59341167592686,14.707114403483706,0.010320127098820464,nonce-1bc094fff93cf6314718,True,False,benign,False,0,"{""attack_ended_at"": 55.0, ""case_opened_at"": 55.0, ""lane_id"": ""cs_0"", ""road_id"": ""cs""}"
cam-1008-veh_016-000038,cam-1008-veh_016-000038,case-intersection-1008-veh_016-benign,root-57aa29f7ec4da6b8e5b63635,1008,veh_016,ps-1e0348b1d8bfe014,CAM,55.0,462.69486927435423,498.4,0.0,0.0,462.69486927435423,498.4,0.0,0.0,nonce-57aa29f7ec4da6b8e5b6,True,False,benign,False,0,"{""attack_ended_at"": 55.0, ""case_opened_at"": 55.0, ""lane_id"": ""wc_0"", ""road_id"": ""wc""}"
cam-1008-veh_017-000037,cam-1008-veh_017-000037,case-intersection-1008-veh_017-benign,root-8dc5226a9c82d4413cfc25b5,1008,veh_017,ps-31646c93226ae98c,CAM,55.0,537.305135917561,501.6,0.0,0.0,537.305135917561,501.6,0.0,0.0,nonce-8dc5226a9c82d4413cfc,True,False,benign,False,0,"{""attack_ended_at"": 55.0, ""case_opened_at"": 55.0, ""lane_id"": ""ec_0"", ""road_id"": ""ec""}"
cam-1008-veh_018-000036,cam-1008-veh_018-000036,case-intersection-1008-veh_018-benign,root-b5ac5b1bf4cd0e4a2359c5a2,1008,veh_018,ps-55c539e5052cea58,CAM,55.0,501.6,519.125945727517,14.164222756934326,0.08378356014378419,501.6,519.125945727517,14.164222756934326,0.08378356014378419,nonce-b5ac5b1bf4cd0e4a2359,True,False,benign,False,0,"{""attack_ended_at"": 55.0, ""case_opened_at"": 55.0, ""lane_id"": ""cn_0"", ""road_id"": ""cn""}"
cam-1008-veh_019-000035,cam-1008-veh_019-000035,case-intersection-1008-veh_019-benign,root-967b61eef8278231caa600b3,1008,veh_019,ps-6e220b4f697c2cd3,CAM,55.0,498.4,475.128846674815,14.717186177025223,-0.28062598066404476,498.4,475.128846674815,14.717186177025223,-0.28062598066404476,nonce-967b61eef8278231caa6,True,False,benign,False,0,"{""attack_ended_at"": 55.0, ""case_opened_at"": 55.0, ""lane_id"": ""cs_0"", ""road_id"": ""cs""}"
cam-1008-veh_020-000034,cam-1008-veh_020-000034,case-intersection-1008-veh_020-benign,root-31a7a80ce7ed043472ab745d,1008,veh_020,ps-fb97d0e5da402071,CAM,55.0,455.1937800810603,498.4,0.00043233745704085376,-0.0013061930231939402,455.1937800810603,498.4,0.00043233745704085376,-0.0013061930231939402,nonce-31a7a80ce7ed043472ab,True,False,benign,False,0,"{""attack_ended_at"": 55.0, ""case_opened_at"": 55.0, ""lane_id"": ""wc_0"", ""road_id"": ""wc""}"
cam-1008-veh_021-000033,cam-1008-veh_021-000033,case-intersection-1008-veh_021-benign,root-e2281bcec553907a7c91f74a,1008,veh_021,ps-7461357a64efe09e,CAM,55.0,544.80672934533,501.6,0.00438428139231827,-0.014184514853338432,544.80672934533,501.6,0.00438428139231827,-0.014184514853338432,nonce-e2281bcec553907a7c91,True,False,benign,False,0,"{""attack_ended_at"": 55.0, ""case_opened_at"": 55.0, ""lane_id"": ""ec_0"", ""road_id"": ""ec""}"
cam-1008-veh_022-000032,cam-1008-veh_022-000032,case-intersection-1008-veh_022-benign,root-6c73150a193979837c9e97a2,1008,veh_022,ps-b515230e59090b79,CAM,55.0,501.6,494.46895492794994,14.340097627636741,-0.5036227665185891,501.6,494.46895492794994,14.340097627636741,-0.5036227665185891,nonce-6c73150a193979837c9e,True,False,benign,False,0,"{""attack_ended_at"": 55.0, ""case_opened_at"": 55.0, ""lane_id"": "":c_7_0"", ""road_id"": "":c_7""}"
cam-1008-veh_023-000031,cam-1008-veh_023-000031,case-intersection-1008-veh_023-benign,root-9e7a745a64c22baf53dbb195,1008,veh_023,ps-92555cef08137c2d,CAM,55.0,498.4,534.6603898256226,14.812330724352279,0.35975066412705914,498.4,534.6603898256226,14.812330724352279,0.35975066412705914,nonce-9e7a745a64c22baf53db,True,False,benign,False,0,"{""attack_ended_at"": 55.0, ""case_opened_at"": 55.0, ""lane_id"": ""nc_0"", ""road_id"": ""nc""}"
cam-1008-veh_000-000055,cam-1008-veh_000-000055,case-intersection-1008-veh_000-benign,root-94f077ea6a31127d22d324ae,1008,veh_000,ps-c836b37964202f27,CAM,56.0,492.6989902911777,498.4,0.0,0.0,492.6989902911777,498.4,0.0,0.0,nonce-94f077ea6a31127d22d3,True,False,benign,False,0,"{""attack_ended_at"": 56.0, ""case_opened_at"": 56.0, ""lane_id"": ""wc_0"", ""road_id"": ""wc""}"
cam-1008-veh_001-000054,cam-1008-veh_001-000054,case-intersection-1008-veh_001-benign,root-eda5e03c1b956fd81742b1d1,1008,veh_001,ps-06cf0c7bb8481f37,CAM,56.0,507.3010226260759,501.6,0.0,0.0,507.3010226260759,501.6,0.0,0.0,nonce-eda5e03c1b956fd81742,True,False,benign,False,0,"{""attack_ended_at"": 56.0, ""case_opened_at"": 56.0, ""lane_id"": ""ec_0"", ""road_id"": ""ec""}"
cam-1008-veh_002-000053,cam-1008-veh_002-000053,case-intersection-1008-veh_002-position_offset,root-385df16974206d960419096b,1008,veh_002,ps-c10217be2cfbfbad,CAM,56.0,501.6,757.7269884949017,14.245264818471401,-0.04312816430814692,566.6,773.9769884949017,14.245264818471401,-0.04312816430814692,nonce-385df16974206d960419,True,False,position_offset,True,0,"{""attack_ended_at"": 70.0, ""case_opened_at"": 18.0, ""lane_id"": ""cn_0"", ""road_id"": ""cn""}"
cam-1008-veh_003-000052,cam-1008-veh_003-000052,case-intersection-1008-veh_003-benign,root-f5288090276a4edc4a5231c8,1008,veh_003,ps-b84d6e13ef43c957,CAM,56.0,498.4,151.16484977739384,16.524392948816534,0.3999636941682567,498.4,151.16484977739384,16.524392948816534,0.3999636941682567,nonce-f5288090276a4edc4a52,True,False,benign,False,0,"{""attack_ended_at"": 56.0, ""case_opened_at"": 56.0, ""lane_id"": ""cs_0"", ""road_id"": ""cs""}"
cam-1008-veh_004-000051,cam-1008-veh_004-000051,case-intersection-1008-veh_004-speed_offset,root-b626736331fc3611243b1154,1008,veh_004,ps-a4ec7ac7ed69787f,CAM,56.0,485.19798051999544,498.4,0.0,0.0,485.19798051999544,498.4,11.0,0.0,nonce-b626736331fc3611243b,True,False,speed_offset,True,0,"{""attack_ended_at"": 72.0, ""case_opened_at"": 20.0, ""lane_id"": ""wc_0"", ""road_id"": ""wc""}"
cam-1008-veh_005-000050,cam-1008-veh_005-000050,case-intersection-1008-veh_005-benign,root-b5b46880082271bf0a518156,1008,veh_005,ps-969b062779822854,CAM,56.0,514.8020644976245,501.6,0.0,0.0,514.8020644976245,501.6,0.0,0.0,nonce-b5b46880082271bf0a51,True,False,benign,False,0,"{""attack_ended_at"": 56.0, ""case_opened_at"": 56.0, ""lane_id"": ""ec_0"", ""road_id"": ""ec""}"
replay-cam-1008-veh_006-000049,cam-1008-veh_006-000013,case-intersection-1008-veh_006-replay,root-732bbc1af557c50a78ee1969,1008,veh_006,ps-65fe799408ea4704,CAM,20.0,501.6,215.10187627093873,16.00866098470986,-0.28562780352775263,501.6,215.10187627093873,16.00866098470986,-0.28562780352775263,nonce-732bbc1af557c50a78ee,True,False,replay,True,9,"{""attack_ended_at"": 20.0, ""case_opened_at"": 20.0, ""lane_id"": ""sc_0"", ""road_id"": ""sc""}"
cam-1008-veh_007-000048,cam-1008-veh_007-000048,case-intersection-1008-veh_007-benign,root-31d5f7e6aacf26c5686e2709,1008,veh_007,ps-30c2a00c607f04e2,CAM,56.0,498.4,214.15734018436632,16.26060225985013,0.16512445005588106,498.4,214.15734018436632,16.26060225985013,0.16512445005588106,nonce-31d5f7e6aacf26c5686e,True,False,benign,False,0,"{""attack_ended_at"": 56.0, ""case_opened_at"": 56.0, ""lane_id"": ""cs_0"", ""road_id"": ""cs""}"
cam-1008-veh_008-000047,cam-1008-veh_008-000047,case-intersection-1008-veh_008-certificate_tamper,root-3891ad31b8883323ec53a83b,1008,veh_008,ps-82218acb1d94705f,CAM,56.0,477.69695934626907,498.4,0.0,0.0,477.69695934626907,498.4,0.0,0.0,nonce-3891ad31b8883323ec53,False,False,certificate_tamper,True,0,"{""attack_ended_at"": 76.0, ""case_opened_at"": 24.0, ""lane_id"": ""wc_0"", ""road_id"": ""wc""}"
cam-1008-veh_009-000046,cam-1008-veh_009-000046,case-intersection-1008-veh_009-benign,root-b3b34bf34179ed95f308d53c,1008,veh_009,ps-7ceb479c74f04f24,CAM,56.0,522.3030844488896,501.6,0.0,0.0,522.3030844488896,501.6,0.0,0.0,nonce-b3b34bf34179ed95f308,True,False,benign,False,0,"{""attack_ended_at"": 56.0, ""case_opened_at"": 56.0, ""lane_id"": ""ec_0"", ""road_id"": ""ec""}"
cam-1008-veh_010-000045-f0,cam-1008-veh_010-000045,case-intersection-1008-veh_010-flood,root-6bb833c3bc6ac596648c0498,1008,veh_010,ps-3210978143869c35,CAM,56.0,501.6,710.2219617090159,14.129801878207768,0.5339113668424069,501.6,710.2219617090159,14.129801878207768,0.5339113668424069,nonce-6bb833c3bc6ac596648c,True,False,flood,True,0,"{""attack_ended_at"": 78.0, ""case_opened_at"": 26.0, ""lane_id"": ""cn_0"", ""road_id"": ""cn""}"
cam-1008-veh_010-000045-f1,cam-1008-veh_010-000045,case-intersection-1008-veh_010-flood,root-6bb833c3bc6ac596648c0498,1008,veh_010,ps-3210978143869c35,CAM,56.0,501.6,710.2219617090159,14.129801878207768,0.5339113668424069,501.6,710.2219617090159,14.129801878207768,0.5339113668424069,nonce-6bb833c3bc6ac596648c,True,False,flood,True,1,"{""attack_ended_at"": 78.0, ""case_opened_at"": 26.0, ""lane_id"": ""cn_0"", ""road_id"": ""cn""}"
cam-1008-veh_010-000045-f2,cam-1008-veh_010-000045,case-intersection-1008-veh_010-flood,root-6bb833c3bc6ac596648c0498,1008,veh_010,ps-3210978143869c35,CAM,56.0,501.6,710.2219617090159,14.129801878207768,0.5339113668424069,501.6,710.2219617090159,14.129801878207768,0.5339113668424069,nonce-6bb833c3bc6ac596648c,True,False,flood,True,2,"{""attack_ended_at"": 78.0, ""case_opened_at"": 26.0, ""lane_id"": ""cn_0"", ""road_id"": ""cn""}"
cam-1008-veh_010-000045-f3,cam-1008-veh_010-000045,case-intersection-1008-veh_010-flood,root-6bb833c3bc6ac596648c0498,1008,veh_010,ps-3210978143869c35,CAM,56.0,501.6,710.2219617090159,14.129801878207768,0.5339113668424069,501.6,710.2219617090159,14.129801878207768,0.5339113668424069,nonce-6bb833c3bc6ac596648c,True,False,flood,True,3,"{""attack_ended_at"": 78.0, ""case_opened_at"": 26.0, ""lane_id"": ""cn_0"", ""road_id"": ""cn""}"
cam-1008-veh_010-000045-f4,cam-1008-veh_010-000045,case-intersection-1008-veh_010-flood,root-6bb833c3bc6ac596648c0498,1008,veh_010,ps-3210978143869c35,CAM,56.0,501.6,710.2219617090159,14.129801878207768,0.5339113668424069,501.6,710.2219617090159,14.129801878207768,0.5339113668424069,nonce-6bb833c3bc6ac596648c,True,False,flood,True,4,"{""attack_ended_at"": 78.0, ""case_opened_at"": 26.0, ""lane_id"": ""cn_0"", ""road_id"": ""cn""}"
cam-1008-veh_011-000044,cam-1008-veh_011-000044,case-intersection-1008-veh_011-benign,root-baa47fea05b3b744adaebd04,1008,veh_011,ps-8a5d63d2056fbe7e,CAM,56.0,498.4,336.4124421494023,15.35243021280846,0.6603459771070614,498.4,336.4124421494023,15.35243021280846,0.6603459771070614,nonce-baa47fea05b3b744adae,True,False,benign,False,0,"{""attack_ended_at"": 56.0, ""case_opened_at"": 56.0, ""lane_id"": ""cs_0"", ""road_id"": ""cs""}"
cam-1008-veh_012-000043,cam-1008-veh_012-000043,case-intersection-1008-veh_012-false_denm,root-cd6f002a2ee92efb392375f5,1008,veh_012,ps-d55e51c88c138a2d,CAM,56.0,470.195933634723,498.4,0.0,0.0,470.195933634723,498.4,0.0,0.0,nonce-cd6f002a2ee92efb3923,True,False,false_denm,True,0,"{""attack_ended_at"": 80.0, ""case_opened_at"": 28.0, ""lane_id"": ""wc_0"", ""road_id"": ""wc""}"
cam-1008-veh_013-000042,cam-1008-veh_013-000042,case-intersection-1008-veh_013-benign,root-0ed121dd59fb30568e231cac,1008,veh_013,ps-c612038c409b5d43,CAM,56.0,529.8041051214391,501.6,0.0,0.0,529.8041051214391,501.6,0.0,0.0,nonce-0ed121dd59fb30568e23,True,False,benign,False,0,"{""attack_ended_at"": 56.0, ""case_opened_at"": 56.0, ""lane_id"": ""ec_0"", ""road_id"": ""ec""}"
cam-1008-veh_014-000041-m0,cam-1008-veh_014-000041,case-intersection-1008-veh_014-mixed,root-fd2985ef6ccc2f7dfa2d9a46,1008,veh_014,ps-1c0f8ece3ddb0b0c,DENM,56.0,501.6,606.3345590197309,14.363454961235092,0.09139087271411128,546.6,615.3345590197309,22.363454961235092,0.09139087271411128,nonce-fd2985ef6ccc2f7dfa2d,True,True,mixed,True,0,"{""attack_ended_at"": 82.0, ""case_opened_at"": 30.0, ""lane_id"": ""cn_0"", ""road_id"": ""cn""}"
cam-1008-veh_014-000041-m1,cam-1008-veh_014-000041,case-intersection-1008-veh_014-mixed,root-fd2985ef6ccc2f7dfa2d9a46,1008,veh_014,ps-1c0f8ece3ddb0b0c,DENM,56.0,501.6,606.3345590197309,14.363454961235092,0.09139087271411128,546.6,615.3345590197309,22.363454961235092,0.09139087271411128,nonce-fd2985ef6ccc2f7dfa2d,True,True,mixed,True,1,"{""attack_ended_at"": 82.0, ""case_opened_at"": 30.0, ""lane_id"": ""cn_0"", ""road_id"": ""cn""}"
cam-1008-veh_014-000041-m2,cam-1008-veh_014-000041,case-intersection-1008-veh_014-mixed,root-fd2985ef6ccc2f7dfa2d9a46,1008,veh_014,ps-1c0f8ece3ddb0b0c,DENM,56.0,501.6,606.3345590197309,14.363454961235092,0.09139087271411128,546.6,615.3345590197309,22.363454961235092,0.09139087271411128,nonce-fd2985ef6ccc2f7dfa2d,True,True,mixed,True,2,"{""attack_ended_at"": 82.0, ""case_opened_at"": 30.0, ""lane_id"": ""cn_0"", ""road_id"": ""cn""}"
cam-1008-veh_014-000041-m3,cam-1008-veh_014-000041,case-intersection-1008-veh_014-mixed,root-fd2985ef6ccc2f7dfa2d9a46,1008,veh_014,ps-1c0f8ece3ddb0b0c,DENM,56.0,501.6,606.3345590197309,14.363454961235092,0.09139087271411128,546.6,615.3345590197309,22.363454961235092,0.09139087271411128,nonce-fd2985ef6ccc2f7dfa2d,True,True,mixed,True,3,"{""attack_ended_at"": 82.0, ""case_opened_at"": 30.0, ""lane_id"": ""cn_0"", ""road_id"": ""cn""}"
cam-1008-veh_015-000040,cam-1008-veh_015-000040,case-intersection-1008-veh_015-benign,root-d9f3cd02bdb626da6ecc17bb,1008,veh_015,ps-77b1c1c85865d133,CAM,56.0,498.4,398.83661879804856,14.756792877878311,0.04967847439460549,498.4,398.83661879804856,14.756792877878311,0.04967847439460549,nonce-d9f3cd02bdb626da6ecc,True,False,benign,False,0,"{""attack_ended_at"": 56.0, ""case_opened_at"": 56.0, ""lane_id"": ""cs_0"", ""road_id"": ""cs""}"
cam-1008-veh_016-000039,cam-1008-veh_016-000039,case-intersection-1008-veh_016-benign,root-6cede65cbeaf7dae6e8156c1,1008,veh_016,ps-1e0348b1d8bfe014,CAM,56.0,462.69486927435423,498.4,0.0,0.0,462.69486927435423,498.4,0.0,0.0,nonce-6cede65cbeaf7dae6e81,True,False,benign,False,0,"{""attack_ended_at"": 56.0, ""case_opened_at"": 56.0, ""lane_id"": ""wc_0"", ""road_id"": ""wc""}"
cam-1008-veh_017-000038,cam-1008-veh_017-000038,case-intersection-1008-veh_017-benign,root-fa18ed4f1f1ee88be9dd8ee9,1008,veh_017,ps-31646c93226ae98c,CAM,56.0,537.305135917561,501.6,0.0,0.0,537.305135917561,501.6,0.0,0.0,nonce-fa18ed4f1f1ee88be9dd,True,False,benign,False,0,"{""attack_ended_at"": 56.0, ""case_opened_at"": 56.0, ""lane_id"": ""ec_0"", ""road_id"": ""ec""}"
cam-1008-veh_018-000037,cam-1008-veh_018-000037,case-intersection-1008-veh_018-benign,root-37a381d3cb6e2dd0db0a951b,1008,veh_018,ps-55c539e5052cea58,CAM,56.0,501.6,533.6534993006541,14.527553573137123,0.3633308162027973,501.6,533.6534993006541,14.527553573137123,0.3633308162027973,nonce-37a381d3cb6e2dd0db0a,True,False,benign,False,0,"{""attack_ended_at"": 56.0, ""case_opened_at"": 56.0, ""lane_id"": ""cn_0"", ""road_id"": ""cn""}"
cam-1008-veh_019-000036,cam-1008-veh_019-000036,case-intersection-1008-veh_019-benign,root-f7d3e85bc0299ca6170a5f01,1008,veh_019,ps-6e220b4f697c2cd3,CAM,56.0,498.4,460.6016549637686,14.527191711046408,-0.18999446597881509,498.4,460.6016549637686,14.527191711046408,-0.18999446597881509,nonce-f7d3e85bc0299ca6170a,True,False,benign,False,0,"{""attack_ended_at"": 56.0, ""case_opened_at"": 56.0, ""lane_id"": ""cs_0"", ""road_id"": ""cs""}"
cam-1008-veh_020-000035,cam-1008-veh_020-000035,case-intersection-1008-veh_020-benign,root-00ac4e8324134f99d5a01918,1008,veh_020,ps-fb97d0e5da402071,CAM,56.0,455.1937800810603,498.4,0.0,-0.00043233745704085376,455.1937800810603,498.4,0.0,-0.00043233745704085376,nonce-00ac4e8324134f99d5a0,True,False,benign,False,0,"{""attack_ended_at"": 56.0, ""case_opened_at"": 56.0, ""lane_id"": ""wc_0"", ""road_id"": ""wc""}"
cam-1008-veh_021-000034,cam-1008-veh_021-000034,case-intersection-1008-veh_021-benign,root-7d6ece3b2498e3221afa9b59,1008,veh_021,ps-7461357a64efe09e,CAM,56.0,544.8061398599684,501.6,0.0005894853615726885,-0.003794796030745582,544.8061398599684,501.6,0.0005894853615726885,-0.003794796030745582,nonce-7d6ece3b2498e3221afa,True,False,benign,False,0,"{""attack_ended_at"": 56.0, ""case_opened_at"": 56.0, ""lane_id"": ""ec_0"", ""road_id"": ""ec""}"
cam-1008-veh_022-000033,cam-1008-veh_022-000033,case-intersection-1008-veh_022-benign,root-29838f64cee0b9e2f056d395,1008,veh_022,ps-b515230e59090b79,CAM,56.0,501.6,508.77052688234863,14.301571954398707,-0.03852567323803413,501.6,508.77052688234863,14.301571954398707,-0.03852567323803413,nonce-29838f64cee0b9e2f056,True,False,benign,False,0,"{""attack_ended_at"": 56.0, ""case_opened_at"": 56.0, ""lane_id"": ""cn_0"", ""road_id"": ""cn""}"
cam-1008-veh_023-000032,cam-1008-veh_023-000032,case-intersection-1008-veh_023-benign,root-0807dce27ace942b49d7aac1,1008,veh_023,ps-92555cef08137c2d,CAM,56.0,498.4,519.7588188013647,14.90157102425793,0.08924029990565074,498.4,519.7588188013647,14.90157102425793,0.08924029990565074,nonce-0807dce27ace942b49d7,True,False,benign,False,0,"{""attack_ended_at"": 56.0, ""case_opened_at"": 56.0, ""lane_id"": ""nc_0"", ""road_id"": ""nc""}"
cam-1008-veh_000-000056,cam-1008-veh_000-000056,case-intersection-1008-veh_000-benign,root-a02123353b7333fe99279a02,1008,veh_000,ps-c836b37964202f27,CAM,57.0,492.6989902911777,498.4,0.0,0.0,492.6989902911777,498.4,0.0,0.0,nonce-a02123353b7333fe9927,True,False,benign,False,0,"{""attack_ended_at"": 57.0, ""case_opened_at"": 57.0, ""lane_id"": ""wc_0"", ""road_id"": ""wc""}"
cam-1008-veh_001-000055,cam-1008-veh_001-000055,case-intersection-1008-veh_001-benign,root-7713d5ac65e1d9df3be078e6,1008,veh_001,ps-06cf0c7bb8481f37,CAM,57.0,507.3010226260759,501.6,0.0,0.0,507.3010226260759,501.6,0.0,0.0,nonce-7713d5ac65e1d9df3be0,True,False,benign,False,0,"{""attack_ended_at"": 57.0, ""case_opened_at"": 57.0, ""lane_id"": ""ec_0"", ""road_id"": ""ec""}"
cam-1008-veh_002-000054,cam-1008-veh_002-000054,case-intersection-1008-veh_002-position_offset,root-37a41c983e15874cb099dd03,1008,veh_002,ps-c10217be2cfbfbad,CAM,57.0,501.6,771.6873760310152,13.960387536113627,-0.2848772823577743,566.6,787.9373760310152,13.960387536113627,-0.2848772823577743,nonce-37a41c983e15874cb099,True,False,position_offset,True,0,"{""attack_ended_at"": 70.0, ""case_opened_at"": 18.0, ""lane_id"": ""cn_0"", ""road_id"": ""cn""}"
cam-1008-veh_003-000053,cam-1008-veh_003-000053,case-intersection-1008-veh_003-benign,root-846ef5ef522a838f03340b18,1008,veh_003,ps-b84d6e13ef43c957,CAM,57.0,498.4,134.94152527572572,16.223324501668106,-0.3010684471484275,498.4,134.94152527572572,16.223324501668106,-0.3010684471484275,nonce-846ef5ef522a838f0334,True,False,benign,False,0,"{""attack_ended_at"": 57.0, ""case_opened_at"": 57.0, ""lane_id"": ""cs_0"", ""road_id"": ""cs""}"
cam-1008-veh_004-000052,cam-1008-veh_004-000052,case-intersection-1008-veh_004-speed_offset,root-6aa3fe4201d53e9c34742446,1008,veh_004,ps-a4ec7ac7ed69787f,CAM,57.0,485.19798051999544,498.4,0.0,0.0,485.19798051999544,498.4,11.0,0.0,nonce-6aa3fe4201d53e9c3474,True,False,speed_offset,True,0,"{""attack_ended_at"": 72.0, ""case_opened_at"": 20.0, ""lane_id"": ""wc_0"", ""road_id"": ""wc""}"
cam-1008-veh_005-000051,cam-1008-veh_005-000051,case-intersection-1008-veh_005-benign,root-d977c99ce9f5e4d286ac8885,1008,veh_005,ps-969b062779822854,CAM,57.0,514.8020644976245,501.6,0.0,0.0,514.8020644976245,501.6,0.0,0.0,nonce-d977c99ce9f5e4d286ac,True,False,benign,False,0,"{""attack_ended_at"": 57.0, ""case_opened_at"": 57.0, ""lane_id"": ""ec_0"", ""road_id"": ""ec""}"
replay-cam-1008-veh_006-000050,cam-1008-veh_006-000014,case-intersection-1008-veh_006-replay,root-e6073782afc54a5381804d00,1008,veh_006,ps-65fe799408ea4704,CAM,21.0,501.6,231.44104983772158,16.339173566782847,0.3305125820729877,501.6,231.44104983772158,16.339173566782847,0.3305125820729877,nonce-e6073782afc54a538180,True,False,replay,True,9,"{""attack_ended_at"": 21.0, ""case_opened_at"": 21.0, ""lane_id"": ""sc_0"", ""road_id"": ""sc""}"
cam-1008-veh_007-000049,cam-1008-veh_007-000049,case-intersection-1008-veh_007-benign,root-94aa38d114cf44e92dc516ae,1008,veh_007,ps-30c2a00c607f04e2,CAM,57.0,498.4,197.62280505096072,16.53453513340559,0.27393287355545937,498.4,197.62280505096072,16.53453513340559,0.27393287355545937,nonce-94aa38d114cf44e92dc5,True,False,benign,False,0,"{""attack_ended_at"": 57.0, ""case_opened_at"": 57.0, ""lane_id"": ""cs_0"", ""road_id"": ""cs""}"
cam-1008-veh_008-000048,cam-1008-veh_008-000048,case-intersection-1008-veh_008-certificate_tamper,root-88c1e81be46e69f44acbce99,1008,veh_008,ps-82218acb1d94705f,CAM,57.0,477.69695934626907,498.4,0.0,0.0,477.69695934626907,498.4,0.0,0.0,nonce-88c1e81be46e69f44acb,False,False,certificate_tamper,True,0,"{""attack_ended_at"": 76.0, ""case_opened_at"": 24.0, ""lane_id"": ""wc_0"", ""road_id"": ""wc""}"
cam-1008-veh_009-000047,cam-1008-veh_009-000047,case-intersection-1008-veh_009-benign,root-397df0b23965b9238b8669e6,1008,veh_009,ps-7ceb479c74f04f24,CAM,57.0,522.3030844488896,501.6,0.0,0.0,522.3030844488896,501.6,0.0,0.0,nonce-397df0b23965b9238b86,True,False,benign,False,0,"{""attack_ended_at"": 57.0, ""case_opened_at"": 57.0, ""lane_id"": ""ec_0"", ""road_id"": ""ec""}"
cam-1008-veh_010-000046-f0,cam-1008-veh_010-000046,case-intersection-1008-veh_010-flood,root-8fbe5ffef4a0fe647b6575b4,1008,veh_010,ps-3210978143869c35,CAM,57.0,501.6,724.7384940902359,14.516532381219989,0.38673050301222034,501.6,724.7384940902359,14.516532381219989,0.38673050301222034,nonce-8fbe5ffef4a0fe647b65,True,False,flood,True,0,"{""attack_ended_at"": 78.0, ""case_opened_at"": 26.0, ""lane_id"": ""cn_0"", ""road_id"": ""cn""}"
cam-1008-veh_010-000046-f1,cam-1008-veh_010-000046,case-intersection-1008-veh_010-flood,root-8fbe5ffef4a0fe647b6575b4,1008,veh_010,ps-3210978143869c35,CAM,57.0,501.6,724.7384940902359,14.516532381219989,0.38673050301222034,501.6,724.7384940902359,14.516532381219989,0.38673050301222034,nonce-8fbe5ffef4a0fe647b65,True,False,flood,True,1,"{""attack_ended_at"": 78.0, ""case_opened_at"": 26.0, ""lane_id"": ""cn_0"", ""road_id"": ""cn""}"
cam-1008-veh_010-000046-f2,cam-1008-veh_010-000046,case-intersection-1008-veh_010-flood,root-8fbe5ffef4a0fe647b6575b4,1008,veh_010,ps-3210978143869c35,CAM,57.0,501.6,724.7384940902359,14.516532381219989,0.38673050301222034,501.6,724.7384940902359,14.516532381219989,0.38673050301222034,nonce-8fbe5ffef4a0fe647b65,True,False,flood,True,2,"{""attack_ended_at"": 78.0, ""case_opened_at"": 26.0, ""lane_id"": ""cn_0"", ""road_id"": ""cn""}"
cam-1008-veh_010-000046-f3,cam-1008-veh_010-000046,case-intersection-1008-veh_010-flood,root-8fbe5ffef4a0fe647b6575b4,1008,veh_010,ps-3210978143869c35,CAM,57.0,501.6,724.7384940902359,14.516532381219989,0.38673050301222034,501.6,724.7384940902359,14.516532381219989,0.38673050301222034,nonce-8fbe5ffef4a0fe647b65,True,False,flood,True,3,"{""attack_ended_at"": 78.0, ""case_opened_at"": 26.0, ""lane_id"": ""cn_0"", ""road_id"": ""cn""}"
cam-1008-veh_010-000046-f4,cam-1008-veh_010-000046,case-intersection-1008-veh_010-flood,root-8fbe5ffef4a0fe647b6575b4,1008,veh_010,ps-3210978143869c35,CAM,57.0,501.6,724.7384940902359,14.516532381219989,0.38673050301222034,501.6,724.7384940902359,14.516532381219989,0.38673050301222034,nonce-8fbe5ffef4a0fe647b65,True,False,flood,True,4,"{""attack_ended_at"": 78.0, ""case_opened_at"": 26.0, ""lane_id"": ""cn_0"", ""road_id"": ""cn""}"
cam-1008-veh_011-000045,cam-1008-veh_011-000045,case-intersection-1008-veh_011-benign,root-698ed4d8b76d86a7cda5e4ac,1008,veh_011,ps-8a5d63d2056fbe7e,CAM,57.0,498.4,321.69341369363485,14.71902845576747,-0.6334017570409909,498.4,321.69341369363485,14.71902845576747,-0.6334017570409909,nonce-698ed4d8b76d86a7cda5,True,False,benign,False,0,"{""attack_ended_at"": 57.0, ""case_opened_at"": 57.0, ""lane_id"": ""cs_0"", ""road_id"": ""cs""}"
cam-1008-veh_012-000044,cam-1008-veh_012-000044,case-intersection-1008-veh_012-false_denm,root-8b2cf2eddae0d915c3336636,1008,veh_012,ps-d55e51c88c138a2d,CAM,57.0,470.195933634723,498.4,0.0,0.0,470.195933634723,498.4,0.0,0.0,nonce-8b2cf2eddae0d915c333,True,False,false_denm,True,0,"{""attack_ended_at"": 80.0, ""case_opened_at"": 28.0, ""lane_id"": ""wc_0"", ""road_id"": ""wc""}"
cam-1008-veh_013-000043,cam-1008-veh_013-000043,case-intersection-1008-veh_013-benign,root-f90befe2c128a7a9fbddbe84,1008,veh_013,ps-c612038c409b5d43,CAM,57.0,529.8041051214391,501.6,0.0,0.0,529.8041051214391,501.6,0.0,0.0,nonce-f90befe2c128a7a9fbdd,True,False,benign,False,0,"{""attack_ended_at"": 57.0, ""case_opened_at"": 57.0, ""lane_id"": ""ec_0"", ""road_id"": ""ec""}"
cam-1008-veh_014-000042-m0,cam-1008-veh_014-000042,case-intersection-1008-veh_014-mixed,root-b1bba6f7d9f62111e1a58a68,1008,veh_014,ps-1c0f8ece3ddb0b0c,DENM,57.0,501.6,621.0127881620032,14.6782291422723,0.3147741810372082,546.6,630.0127881620032,22.6782291422723,0.3147741810372082,nonce-b1bba6f7d9f62111e1a5,True,True,mixed,True,0,"{""attack_ended_at"": 82.0, ""case_opened_at"": 30.0, ""lane_id"": ""cn_0"", ""road_id"": ""cn""}"
cam-1008-veh_014-000042-m1,cam-1008-veh_014-000042,case-intersection-1008-veh_014-mixed,root-b1bba6f7d9f62111e1a58a68,1008,veh_014,ps-1c0f8ece3ddb0b0c,DENM,57.0,501.6,621.0127881620032,14.6782291422723,0.3147741810372082,546.6,630.0127881620032,22.6782291422723,0.3147741810372082,nonce-b1bba6f7d9f62111e1a5,True,True,mixed,True,1,"{""attack_ended_at"": 82.0, ""case_opened_at"": 30.0, ""lane_id"": ""cn_0"", ""road_id"": ""cn""}"
cam-1008-veh_014-000042-m2,cam-1008-veh_014-000042,case-intersection-1008-veh_014-mixed,root-b1bba6f7d9f62111e1a58a68,1008,veh_014,ps-1c0f8ece3ddb0b0c,DENM,57.0,501.6,621.0127881620032,14.6782291422723,0.3147741810372082,546.6,630.0127881620032,22.6782291422723,0.3147741810372082,nonce-b1bba6f7d9f62111e1a5,True,True,mixed,True,2,"{""attack_ended_at"": 82.0, ""case_opened_at"": 30.0, ""lane_id"": ""cn_0"", ""road_id"": ""cn""}"
cam-1008-veh_014-000042-m3,cam-1008-veh_014-000042,case-intersection-1008-veh_014-mixed,root-b1bba6f7d9f62111e1a58a68,1008,veh_014,ps-1c0f8ece3ddb0b0c,DENM,57.0,501.6,621.0127881620032,14.6782291422723,0.3147741810372082,546.6,630.0127881620032,22.6782291422723,0.3147741810372082,nonce-b1bba6f7d9f62111e1a5,True,True,mixed,True,3,"{""attack_ended_at"": 82.0, ""case_opened_at"": 30.0, ""lane_id"": ""cn_0"", ""road_id"": ""cn""}"
cam-1008-veh_015-000041,cam-1008-veh_015-000041,case-intersection-1008-veh_015-benign,root-3964bb3924c2b77cd49b824c,1008,veh_015,ps-77b1c1c85865d133,CAM,57.0,498.4,384.1316376933745,14.704981104674065,-0.051811773204246236,498.4,384.1316376933745,14.704981104674065,-0.051811773204246236,nonce-3964bb3924c2b77cd49b,True,False,benign,False,0,"{""attack_ended_at"": 57.0, ""case_opened_at"": 57.0, ""lane_id"": ""cs_0"", ""road_id"": ""cs""}"
cam-1008-veh_016-000040,cam-1008-veh_016-000040,case-intersection-1008-veh_016-benign,root-2ffa251c064644de0e176e73,1008,veh_016,ps-1e0348b1d8bfe014,CAM,57.0,462.69486927435423,498.4,0.0,0.0,462.69486927435423,498.4,0.0,0.0,nonce-2ffa251c064644de0e17,True,False,benign,False,0,"{""attack_ended_at"": 57.0, ""case_opened_at"": 57.0, ""lane_id"": ""wc_0"", ""road_id"": ""wc""}"
cam-1008-veh_017-000039,cam-1008-veh_017-000039,case-intersection-1008-veh_017-benign,root-1de8ba8efac3bd930733896b,1008,veh_017,ps-31646c93226ae98c,CAM,57.0,537.305135917561,501.6,0.0,0.0,537.305135917561,501.6,0.0,0.0,nonce-1de8ba8efac3bd930733,True,False,benign,False,0,"{""attack_ended_at"": 57.0, ""case_opened_at"": 57.0, ""lane_id"": ""ec_0"", ""road_id"": ""ec""}"
cam-1008-veh_018-000038,cam-1008-veh_018-000038,case-intersection-1008-veh_018-benign,root-2ee674348934cfbfd6ac983f,1008,veh_018,ps-55c539e5052cea58,CAM,57.0,501.6,548.0144439498474,14.36094464919341,-0.16660892394371274,501.6,548.0144439498474,14.36094464919341,-0.16660892394371274,nonce-2ee674348934cfbfd6ac,True,False,benign,False,0,"{""attack_ended_at"": 57.0, ""case_opened_at"": 57.0, ""lane_id"": ""cn_0"", ""road_id"": ""cn""}"
cam-1008-veh_019-000037,cam-1008-veh_019-000037,case-intersection-1008-veh_019-benign,root-4c3d66aa55d4a9c6daf39d9f,1008,veh_019,ps-6e220b4f697c2cd3,CAM,57.0,498.4,445.8044630487067,14.79719191506193,0.27000020401552227,498.4,445.8044630487067,14.79719191506193,0.27000020401552227,nonce-4c3d66aa55d4a9c6daf3,True,False,benign,False,0,"{""attack_ended_at"": 57.0, ""case_opened_at"": 57.0, ""lane_id"": ""cs_0"", ""road_id"": ""cs""}"
cam-1008-veh_020-000036,cam-1008-veh_020-000036,case-intersection-1008-veh_020-benign,root-04ff0dc96d8219bd8131e827,1008,veh_020,ps-fb97d0e5da402071,CAM,57.0,455.1937800810603,498.4,0.0,0.0,455.1937800810603,498.4,0.0,0.0,nonce-04ff0dc96d8219bd8131,True,False,benign,False,0,"{""attack_ended_at"": 57.0, ""case_opened_at"": 57.0, ""lane_id"": ""wc_0"", ""road_id"": ""wc""}"
cam-1008-veh_021-000035,cam-1008-veh_021-000035,case-intersection-1008-veh_021-benign,root-6dd2bdb47f97f73ecb3edcdf,1008,veh_021,ps-7461357a64efe09e,CAM,57.0,544.8061398599684,501.6,0.0,-0.0005894853615726885,544.8061398599684,501.6,0.0,-0.0005894853615726885,nonce-6dd2bdb47f97f73ecb3e,True,False,benign,False,0,"{""attack_ended_at"": 57.0, ""case_opened_at"": 57.0, ""lane_id"": ""ec_0"", ""road_id"": ""ec""}"
cam-1008-veh_022-000034,cam-1008-veh_022-000034,case-intersection-1008-veh_022-benign,root-13210215834dbe217f9b5c94,1008,veh_022,ps-b515230e59090b79,CAM,57.0,501.6,523.2426729342851,14.472146051936523,0.17057409753781627,501.6,523.2426729342851,14.472146051936523,0.17057409753781627,nonce-13210215834dbe217f9b,True,False,benign,False,0,"{""attack_ended_at"": 57.0, ""case_opened_at"": 57.0, ""lane_id"": ""cn_0"", ""road_id"": ""cn""}"
cam-1008-veh_023-000033,cam-1008-veh_023-000033,case-intersection-1008-veh_023-benign,root-304cfa52ce245fbf1ddc7d9e,1008,veh_023,ps-92555cef08137c2d,CAM,57.0,498.4,505.1224692000035,14.636349601361209,-0.2652214228967207,498.4,505.1224692000035,14.636349601361209,-0.2652214228967207,nonce-304cfa52ce245fbf1ddc,True,False,benign,False,0,"{""attack_ended_at"": 57.0, ""case_opened_at"": 57.0, ""lane_id"": "":c_1_0"", ""road_id"": "":c_1""}"
cam-1008-veh_000-000057,cam-1008-veh_000-000057,case-intersection-1008-veh_000-benign,root-a6940fa300a0986d45b18071,1008,veh_000,ps-c836b37964202f27,CAM,58.0,494.1718596553808,498.4,1.4728693642030803,1.4728693642030803,494.1718596553808,498.4,1.4728693642030803,1.4728693642030803,nonce-a6940fa300a0986d45b1,True,False,benign,False,0,"{""attack_ended_at"": 58.0, ""case_opened_at"": 58.0, ""lane_id"": "":c_10_0"", ""road_id"": "":c_10""}"
cam-1008-veh_001-000056,cam-1008-veh_001-000056,case-intersection-1008-veh_001-benign,root-55664b0c93480f41241bb53a,1008,veh_001,ps-06cf0c7bb8481f37,CAM,58.0,504.88169786930365,501.6,2.4193247567722573,2.4193247567722573,504.88169786930365,501.6,2.4193247567722573,2.4193247567722573,nonce-55664b0c93480f41241b,True,False,benign,False,0,"{""attack_ended_at"": 58.0, ""case_opened_at"": 58.0, ""lane_id"": "":c_4_0"", ""road_id"": "":c_4""}"
cam-1008-veh_002-000055,cam-1008-veh_002-000055,case-intersection-1008-veh_002-position_offset,root-eb5c187e6ecaa5f936d85151,1008,veh_002,ps-c10217be2cfbfbad,CAM,58.0,501.6,785.5371632387998,13.849787207784608,-0.1106003283290189,566.6,801.7871632387998,13.849787207784608,-0.1106003283290189,nonce-eb5c187e6ecaa5f936d8,True,False,position_offset,True,0,"{""attack_ended_at"": 70.0, ""case_opened_at"": 18.0, ""lane_id"": ""cn_0"", ""road_id"": ""cn""}"
cam-1008-veh_003-000054,cam-1008-veh_003-000054,case-intersection-1008-veh_003-benign,root-48c56533d8b5a931fabd0901,1008,veh_003,ps-b84d6e13ef43c957,CAM,58.0,498.4,118.49260810136315,16.448917174362577,0.22559267269447147,498.4,118.49260810136315,16.448917174362577,0.22559267269447147,nonce-48c56533d8b5a931fabd,True,False,benign,False,0,"{""attack_ended_at"": 58.0, ""case_opened_at"": 58.0, ""lane_id"": ""cs_0"", ""road_id"": ""cs""}"
cam-1008-veh_004-000053,cam-1008-veh_004-000053,case-intersection-1008-veh_004-speed_offset,root-51b08b8c3b9a6c3abdce0dc0,1008,veh_004,ps-a4ec7ac7ed69787f,CAM,58.0,485.19798051999544,498.4,0.0,0.0,485.19798051999544,498.4,11.0,0.0,nonce-51b08b8c3b9a6c3abdce,True,False,speed_offset,True,0,"{""attack_ended_at"": 72.0, ""case_opened_at"": 20.0, ""lane_id"": ""wc_0"", ""road_id"": ""wc""}"
cam-1008-veh_005-000052,cam-1008-veh_005-000052,case-intersection-1008-veh_005-benign,root-d1d4a4f96d178ec26abfa4eb,1008,veh_005,ps-969b062779822854,CAM,58.0,514.8020644976245,501.6,0.0,0.0,514.8020644976245,501.6,0.0,0.0,nonce-d1d4a4f96d178ec26abf,True,False,benign,False,0,"{""attack_ended_at"": 58.0, ""case_opened_at"": 58.0, ""lane_id"": ""ec_0"", ""road_id"": ""ec""}"
replay-cam-1008-veh_006-000051,cam-1008-veh_006-000011,case-intersection-1008-veh_006-replay,root-698ab643fc75e30c21ee9766,1008,veh_006,ps-65fe799408ea4704,CAM,18.0,501.6,182.79892649799126,16.638048100941816,0.2891036247694849,501.6,182.79892649799126,16.638048100941816,0.2891036247694849,nonce-698ab643fc75e30c21ee,True,False,replay,True,10,"{""attack_ended_at"": 18.0, ""case_opened_at"": 18.0, ""lane_id"": ""sc_0"", ""road_id"": ""sc""}"
cam-1008-veh_007-000050,cam-1008-veh_007-000050,case-intersection-1008-veh_007-benign,root-b918419eeb886e667a2f8ee1,1008,veh_007,ps-30c2a00c607f04e2,CAM,58.0,498.4,181.02013494680165,16.602670104159046,0.06813497075345509,498.4,181.02013494680165,16.602670104159046,0.06813497075345509,nonce-b918419eeb886e667a2f,True,False,benign,False,0,"{""attack_ended_at"": 58.0, ""case_opened_at"": 58.0, ""lane_id"": ""cs_0"", ""road_id"": ""cs""}"
cam-1008-veh_008-000049,cam-1008-veh_008-000049,case-intersection-1008-veh_008-certificate_tamper,root-7b4e73a86b44ab517f4310ff,1008,veh_008,ps-82218acb1d94705f,CAM,58.0,477.69695934626907,498.4,0.0,0.0,477.69695934626907,498.4,0.0,0.0,nonce-7b4e73a86b44ab517f43,False,False,certificate_tamper,True,0,"{""attack_ended_at"": 76.0, ""case_opened_at"": 24.0, ""lane_id"": ""wc_0"", ""road_id"": ""wc""}"
cam-1008-veh_009-000048,cam-1008-veh_009-000048,case-intersection-1008-veh_009-benign,root-eb484bd33bcc4387050b7f13,1008,veh_009,ps-7ceb479c74f04f24,CAM,58.0,522.3030844488896,501.6,0.0,0.0,522.3030844488896,501.6,0.0,0.0,nonce-eb484bd33bcc4387050b,True,False,benign,False,0,"{""attack_ended_at"": 58.0, ""case_opened_at"": 58.0, ""lane_id"": ""ec_0"", ""road_id"": ""ec""}"
cam-1008-veh_010-000047-f0,cam-1008-veh_010-000047,case-intersection-1008-veh_010-flood,root-3e65b874293667dff71ad059,1008,veh_010,ps-3210978143869c35,CAM,58.0,501.6,738.7937030424572,14.055208952221346,-0.461323428998643,501.6,738.7937030424572,14.055208952221346,-0.461323428998643,nonce-3e65b874293667dff71a,True,False,flood,True,0,"{""attack_ended_at"": 78.0, ""case_opened_at"": 26.0, ""lane_id"": ""cn_0"", ""road_id"": ""cn""}"
cam-1008-veh_010-000047-f1,cam-1008-veh_010-000047,case-intersection-1008-veh_010-flood,root-3e65b874293667dff71ad059,1008,veh_010,ps-3210978143869c35,CAM,58.0,501.6,738.7937030424572,14.055208952221346,-0.461323428998643,501.6,738.7937030424572,14.055208952221346,-0.461323428998643,nonce-3e65b874293667dff71a,True,False,flood,True,1,"{""attack_ended_at"": 78.0, ""case_opened_at"": 26.0, ""lane_id"": ""cn_0"", ""road_id"": ""cn""}"
cam-1008-veh_010-000047-f2,cam-1008-veh_010-000047,case-intersection-1008-veh_010-flood,root-3e65b874293667dff71ad059,1008,veh_010,ps-3210978143869c35,CAM,58.0,501.6,738.7937030424572,14.055208952221346,-0.461323428998643,501.6,738.7937030424572,14.055208952221346,-0.461323428998643,nonce-3e65b874293667dff71a,True,False,flood,True,2,"{""attack_ended_at"": 78.0, ""case_opened_at"": 26.0, ""lane_id"": ""cn_0"", ""road_id"": ""cn""}"
cam-1008-veh_010-000047-f3,cam-1008-veh_010-000047,case-intersection-1008-veh_010-flood,root-3e65b874293667dff71ad059,1008,veh_010,ps-3210978143869c35,CAM,58.0,501.6,738.7937030424572,14.055208952221346,-0.461323428998643,501.6,738.7937030424572,14.055208952221346,-0.461323428998643,nonce-3e65b874293667dff71a,True,False,flood,True,3,"{""attack_ended_at"": 78.0, ""case_opened_at"": 26.0, ""lane_id"": ""cn_0"", ""road_id"": ""cn""}"
cam-1008-veh_010-000047-f4,cam-1008-veh_010-000047,case-intersection-1008-veh_010-flood,root-3e65b874293667dff71ad059,1008,veh_010,ps-3210978143869c35,CAM,58.0,501.6,738.7937030424572,14.055208952221346,-0.461323428998643,501.6,738.7937030424572,14.055208952221346,-0.461323428998643,nonce-3e65b874293667dff71a,True,False,flood,True,4,"{""attack_ended_at"": 78.0, ""case_opened_at"": 26.0, ""lane_id"": ""cn_0"", ""road_id"": ""cn""}"
cam-1008-veh_011-000046,cam-1008-veh_011-000046,case-intersection-1008-veh_011-benign,root-f76f901caf35b93680221837,1008,veh_011,ps-8a5d63d2056fbe7e,CAM,58.0,498.4,306.8136568233756,14.87975687025922,0.16072841449175002,498.4,306.8136568233756,14.87975687025922,0.16072841449175002,nonce-f76f901caf35b9368022,True,False,benign,False,0,"{""attack_ended_at"": 58.0, ""case_opened_at"": 58.0, ""lane_id"": ""cs_0"", ""road_id"": ""cs""}"
cam-1008-veh_012-000045,cam-1008-veh_012-000045,case-intersection-1008-veh_012-false_denm,root-6535c8bd1001ee162d4b7b90,1008,veh_012,ps-d55e51c88c138a2d,DENM,58.0,470.195933634723,498.4,0.0,0.0,470.195933634723,498.4,0.0,0.0,nonce-6535c8bd1001ee162d4b,True,True,false_denm,True,0,"{""attack_ended_at"": 80.0, ""case_opened_at"": 28.0, ""lane_id"": ""wc_0"", ""road_id"": ""wc""}"
cam-1008-veh_013-000044,cam-1008-veh_013-000044,case-intersection-1008-veh_013-benign,root-dab5ba843dd23655abcd589d,1008,veh_013,ps-c612038c409b5d43,CAM,58.0,529.8041051214391,501.6,0.0,0.0,529.8041051214391,501.6,0.0,0.0,nonce-dab5ba843dd23655abcd,True,False,benign,False,0,"{""attack_ended_at"": 58.0, ""case_opened_at"": 58.0, ""lane_id"": ""ec_0"", ""road_id"": ""ec""}"
cam-1008-veh_014-000043-m0,cam-1008-veh_014-000043,case-intersection-1008-veh_014-mixed,root-531c1229b13ca2c364f95c69,1008,veh_014,ps-1c0f8ece3ddb0b0c,DENM,58.0,501.6,635.6820229304799,14.669234768476725,-0.008994373795575328,546.6,644.6820229304799,22.669234768476727,-0.008994373795575328,nonce-531c1229b13ca2c364f9,True,True,mixed,True,0,"{""attack_ended_at"": 82.0, ""case_opened_at"": 30.0, ""lane_id"": ""cn_0"", ""road_id"": ""cn""}"
cam-1008-veh_014-000043-m1,cam-1008-veh_014-000043,case-intersection-1008-veh_014-mixed,root-531c1229b13ca2c364f95c69,1008,veh_014,ps-1c0f8ece3ddb0b0c,DENM,58.0,501.6,635.6820229304799,14.669234768476725,-0.008994373795575328,546.6,644.6820229304799,22.669234768476727,-0.008994373795575328,nonce-531c1229b13ca2c364f9,True,True,mixed,True,1,"{""attack_ended_at"": 82.0, ""case_opened_at"": 30.0, ""lane_id"": ""cn_0"", ""road_id"": ""cn""}"
cam-1008-veh_014-000043-m2,cam-1008-veh_014-000043,case-intersection-1008-veh_014-mixed,root-531c1229b13ca2c364f95c69,1008,veh_014,ps-1c0f8ece3ddb0b0c,DENM,58.0,501.6,635.6820229304799,14.669234768476725,-0.008994373795575328,546.6,644.6820229304799,22.669234768476727,-0.008994373795575328,nonce-531c1229b13ca2c364f9,True,True,mixed,True,2,"{""attack_ended_at"": 82.0, ""case_opened_at"": 30.0, ""lane_id"": ""cn_0"", ""road_id"": ""cn""}"
cam-1008-veh_014-000043-m3,cam-1008-veh_014-000043,case-intersection-1008-veh_014-mixed,root-531c1229b13ca2c364f95c69,1008,veh_014,ps-1c0f8ece3ddb0b0c,DENM,58.0,501.6,635.6820229304799,14.669234768476725,-0.008994373795575328,546.6,644.6820229304799,22.669234768476727,-0.008994373795575328,nonce-531c1229b13ca2c364f9,True,True,mixed,True,3,"{""attack_ended_at"": 82.0, ""case_opened_at"": 30.0, ""lane_id"": ""cn_0"", ""road_id"": ""cn""}"
cam-1008-veh_015-000042,cam-1008-veh_015-000042,case-intersection-1008-veh_015-benign,root-9ed3a9cf43677220393484f3,1008,veh_015,ps-77b1c1c85865d133,CAM,58.0,498.4,369.35506160712595,14.77657608624852,0.07159498157445476,498.4,369.35506160712595,14.77657608624852,0.07159498157445476,nonce-9ed3a9cf436772203934,True,False,benign,False,0,"{""attack_ended_at"": 58.0, ""case_opened_at"": 58.0, ""lane_id"": ""cs_0"", ""road_id"": ""cs""}"
cam-1008-veh_016-000041,cam-1008-veh_016-000041,case-intersection-1008-veh_016-benign,root-2b0b304232c21dd378539fe6,1008,veh_016,ps-1e0348b1d8bfe014,CAM,58.0,462.69486927435423,498.4,0.0,0.0,462.69486927435423,498.4,0.0,0.0,nonce-2b0b304232c21dd37853,True,False,benign,False,0,"{""attack_ended_at"": 58.0, ""case_opened_at"": 58.0, ""lane_id"": ""wc_0"", ""road_id"": ""wc""}"
cam-1008-veh_017-000040,cam-1008-veh_017-000040,case-intersection-1008-veh_017-benign,root-04c272e750859bbf0d05912d,1008,veh_017,ps-31646c93226ae98c,CAM,58.0,537.305135917561,501.6,0.0,0.0,537.305135917561,501.6,0.0,0.0,nonce-04c272e750859bbf0d05,True,False,benign,False,0,"{""attack_ended_at"": 58.0, ""case_opened_at"": 58.0, ""lane_id"": ""ec_0"", ""road_id"": ""ec""}"
cam-1008-veh_018-000039,cam-1008-veh_018-000039,case-intersection-1008-veh_018-benign,root-a9fc2455787ccccd550cd994,1008,veh_018,ps-55c539e5052cea58,CAM,58.0,501.6,562.5818457904671,14.567401840619716,0.20645719142630625,501.6,562.5818457904671,14.567401840619716,0.20645719142630625,nonce-a9fc2455787ccccd550c,True,False,benign,False,0,"{""attack_ended_at"": 58.0, ""case_opened_at"": 58.0, ""lane_id"": ""cn_0"", ""road_id"": ""cn""}"
cam-1008-veh_019-000038,cam-1008-veh_019-000038,case-intersection-1008-veh_019-benign,root-5d16be16915a1014c90e4223,1008,veh_019,ps-6e220b4f697c2cd3,CAM,58.0,498.4,431.3546352344447,14.449827814262035,-0.3473641007998953,498.4,431.3546352344447,14.449827814262035,-0.3473641007998953,nonce-5d16be16915a1014c90e,True,False,benign,False,0,"{""attack_ended_at"": 58.0, ""case_opened_at"": 58.0, ""lane_id"": ""cs_0"", ""road_id"": ""cs""}"
cam-1008-veh_020-000037,cam-1008-veh_020-000037,case-intersection-1008-veh_020-benign,root-0f25c5f6d5cefbac494c1ebb,1008,veh_020,ps-fb97d0e5da402071,CAM,58.0,455.1937800810603,498.4,0.0,0.0,455.1937800810603,498.4,0.0,0.0,nonce-0f25c5f6d5cefbac494c,True,False,benign,False,0,"{""attack_ended_at"": 58.0, ""case_opened_at"": 58.0, ""lane_id"": ""wc_0"", ""road_id"": ""wc""}"
cam-1008-veh_021-000036,cam-1008-veh_021-000036,case-intersection-1008-veh_021-benign,root-ad69448e6ae133cb2f286207,1008,veh_021,ps-7461357a64efe09e,CAM,58.0,544.8061398599684,501.6,0.0,0.0,544.8061398599684,501.6,0.0,0.0,nonce-ad69448e6ae133cb2f28,True,False,benign,False,0,"{""attack_ended_at"": 58.0, ""case_opened_at"": 58.0, ""lane_id"": ""ec_0"", ""road_id"": ""ec""}"
cam-1008-veh_022-000035,cam-1008-veh_022-000035,case-intersection-1008-veh_022-benign,root-6312a3b480e68ebdf02fee8d,1008,veh_022,ps-b515230e59090b79,CAM,58.0,501.6,538.203569186637,14.960896252351843,0.48875020041531947,501.6,538.203569186637,14.960896252351843,0.48875020041531947,nonce-6312a3b480e68ebdf02f,True,False,benign,False,0,"{""attack_ended_at"": 58.0, ""case_opened_at"": 58.0, ""lane_id"": ""cn_0"", ""road_id"": ""cn""}"
cam-1008-veh_023-000034,cam-1008-veh_023-000034,case-intersection-1008-veh_023-benign,root-4de4452db36af1f20168e8a4,1008,veh_023,ps-92555cef08137c2d,CAM,58.0,498.4,490.1341984065793,14.988270793424228,0.35192119206301875,498.4,490.1341984065793,14.988270793424228,0.35192119206301875,nonce-4de4452db36af1f20168,True,False,benign,False,0,"{""attack_ended_at"": 58.0, ""case_opened_at"": 58.0, ""lane_id"": ""cs_0"", ""road_id"": ""cs""}"
cam-1008-veh_000-000058,cam-1008-veh_000-000058,case-intersection-1008-veh_000-benign,root-68f218d7e6eafdf45e0bff8a,1008,veh_000,ps-c836b37964202f27,CAM,59.0,497.6527456409379,498.4,3.480885985557117,2.0080166213540367,497.6527456409379,498.4,3.480885985557117,2.0080166213540367,nonce-68f218d7e6eafdf45e0b,True,False,benign,False,0,"{""attack_ended_at"": 59.0, ""case_opened_at"": 59.0, ""lane_id"": "":c_10_0"", ""road_id"": "":c_10""}"
cam-1008-veh_001-000057,cam-1008-veh_001-000057,case-intersection-1008-veh_001-benign,root-f96df4b3bdf890dcad2c8e11,1008,veh_001,ps-06cf0c7bb8481f37,CAM,59.0,500.2968632144276,501.6,4.584834654876031,2.1655098981037733,500.2968632144276,501.6,4.584834654876031,2.1655098981037733,nonce-f96df4b3bdf890dcad2c,True,False,benign,False,0,"{""attack_ended_at"": 59.0, ""case_opened_at"": 59.0, ""lane_id"": "":c_4_0"", ""road_id"": "":c_4""}"
cam-1008-veh_002-000056,cam-1008-veh_002-000056,case-intersection-1008-veh_002-position_offset,root-773b7a1db116ee3c36a394cd,1008,veh_002,ps-c10217be2cfbfbad,CAM,59.0,501.6,799.7331218118809,14.195958573081077,0.34617136529646864,566.6,815.9831218118809,14.195958573081077,0.34617136529646864,nonce-773b7a1db116ee3c36a3,True,False,position_offset,True,0,"{""attack_ended_at"": 70.0, ""case_opened_at"": 18.0, ""lane_id"": ""cn_0"", ""road_id"": ""cn""}"
cam-1008-veh_003-000055,cam-1008-veh_003-000055,case-intersection-1008-veh_003-benign,root-bbfa2be3177e38c903ac2193,1008,veh_003,ps-b84d6e13ef43c957,CAM,59.0,498.4,101.9704057566401,16.52220234472305,0.07328517036047089,498.4,101.9704057566401,16.52220234472305,0.07328517036047089,nonce-bbfa2be3177e38c903ac,True,False,benign,False,0,"{""attack_ended_at"": 59.0, ""case_opened_at"": 59.0, ""lane_id"": ""cs_0"", ""road_id"": ""cs""}"
cam-1008-veh_004-000054,cam-1008-veh_004-000054,case-intersection-1008-veh_004-speed_offset,root-75071656b63a1407c60b49b6,1008,veh_004,ps-a4ec7ac7ed69787f,CAM,59.0,486.2605653319031,498.4,1.0625848119076484,1.0625848119076484,486.2605653319031,498.4,12.062584811907648,1.0625848119076484,nonce-75071656b63a1407c60b,True,False,speed_offset,True,0,"{""attack_ended_at"": 72.0, ""case_opened_at"": 20.0, ""lane_id"": ""wc_0"", ""road_id"": ""wc""}"
cam-1008-veh_005-000053,cam-1008-veh_005-000053,case-intersection-1008-veh_005-benign,root-157889616dbccaf0aa644357,1008,veh_005,ps-969b062779822854,CAM,59.0,512.6374733548012,501.6,2.1645911428232507,2.1645911428232507,512.6374733548012,501.6,2.1645911428232507,2.1645911428232507,nonce-157889616dbccaf0aa64,True,False,benign,False,0,"{""attack_ended_at"": 59.0, ""case_opened_at"": 59.0, ""lane_id"": ""ec_0"", ""road_id"": ""ec""}"
replay-cam-1008-veh_006-000052,cam-1008-veh_006-000012,case-intersection-1008-veh_006-replay,root-9ea8f4310ed2d98496486915,1008,veh_006,ps-65fe799408ea4704,CAM,19.0,501.6,199.09321528622888,16.294288788237612,-0.34375931270420423,501.6,199.09321528622888,16.294288788237612,-0.34375931270420423,nonce-9ea8f4310ed2d9849648,True,False,replay,True,10,"{""attack_ended_at"": 19.0, ""case_opened_at"": 19.0, ""lane_id"": ""sc_0"", ""road_id"": ""sc""}"
cam-1008-veh_007-000051,cam-1008-veh_007-000051,case-intersection-1008-veh_007-benign,root-c8344ae2f29db6a1f6e037ea,1008,veh_007,ps-30c2a00c607f04e2,CAM,59.0,498.4,164.5636905930843,16.45644435371738,-0.14622575044166553,498.4,164.5636905930843,16.45644435371738,-0.14622575044166553,nonce-c8344ae2f29db6a1f6e0,True,False,benign,False,0,"{""attack_ended_at"": 59.0, ""case_opened_at"": 59.0, ""lane_id"": ""cs_0"", ""road_id"": ""cs""}"
cam-1008-veh_008-000050,cam-1008-veh_008-000050,case-intersection-1008-veh_008-certificate_tamper,root-4062898aa01273bca1d624d7,1008,veh_008,ps-82218acb1d94705f,CAM,59.0,477.69695934626907,498.4,0.0,0.0,477.69695934626907,498.4,0.0,0.0,nonce-4062898aa01273bca1d6,False,False,certificate_tamper,True,0,"{""attack_ended_at"": 76.0, ""case_opened_at"": 24.0, ""lane_id"": ""wc_0"", ""road_id"": ""wc""}"
cam-1008-veh_009-000049,cam-1008-veh_009-000049,case-intersection-1008-veh_009-benign,root-aac2d84d3c2badf60577b1de,1008,veh_009,ps-7ceb479c74f04f24,CAM,59.0,522.3030844488896,501.6,0.0,0.0,522.3030844488896,501.6,0.0,0.0,nonce-aac2d84d3c2badf60577,True,False,benign,False,0,"{""attack_ended_at"": 59.0, ""case_opened_at"": 59.0, ""lane_id"": ""ec_0"", ""road_id"": ""ec""}"
cam-1008-veh_010-000048-f0,cam-1008-veh_010-000048,case-intersection-1008-veh_010-flood,root-a849813bfae753b07068e27f,1008,veh_010,ps-3210978143869c35,CAM,59.0,501.6,752.2332199987386,13.439516956281466,-0.6156919959398799,501.6,752.2332199987386,13.439516956281466,-0.6156919959398799,nonce-a849813bfae753b07068,True,False,flood,True,0,"{""attack_ended_at"": 78.0, ""case_opened_at"": 26.0, ""lane_id"": ""cn_0"", ""road_id"": ""cn""}"
cam-1008-veh_010-000048-f1,cam-1008-veh_010-000048,case-intersection-1008-veh_010-flood,root-a849813bfae753b07068e27f,1008,veh_010,ps-3210978143869c35,CAM,59.0,501.6,752.2332199987386,13.439516956281466,-0.6156919959398799,501.6,752.2332199987386,13.439516956281466,-0.6156919959398799,nonce-a849813bfae753b07068,True,False,flood,True,1,"{""attack_ended_at"": 78.0, ""case_opened_at"": 26.0, ""lane_id"": ""cn_0"", ""road_id"": ""cn""}"
cam-1008-veh_010-000048-f2,cam-1008-veh_010-000048,case-intersection-1008-veh_010-flood,root-a849813bfae753b07068e27f,1008,veh_010,ps-3210978143869c35,CAM,59.0,501.6,752.2332199987386,13.439516956281466,-0.6156919959398799,501.6,752.2332199987386,13.439516956281466,-0.6156919959398799,nonce-a849813bfae753b07068,True,False,flood,True,2,"{""attack_ended_at"": 78.0, ""case_opened_at"": 26.0, ""lane_id"": ""cn_0"", ""road_id"": ""cn""}"
cam-1008-veh_010-000048-f3,cam-1008-veh_010-000048,case-intersection-1008-veh_010-flood,root-a849813bfae753b07068e27f,1008,veh_010,ps-3210978143869c35,CAM,59.0,501.6,752.2332199987386,13.439516956281466,-0.6156919959398799,501.6,752.2332199987386,13.439516956281466,-0.6156919959398799,nonce-a849813bfae753b07068,True,False,flood,True,3,"{""attack_ended_at"": 78.0, ""case_opened_at"": 26.0, ""lane_id"": ""cn_0"", ""road_id"": ""cn""}"
cam-1008-veh_010-000048-f4,cam-1008-veh_010-000048,case-intersection-1008-veh_010-flood,root-a849813bfae753b07068e27f,1008,veh_010,ps-3210978143869c35,CAM,59.0,501.6,752.2332199987386,13.439516956281466,-0.6156919959398799,501.6,752.2332199987386,13.439516956281466,-0.6156919959398799,nonce-a849813bfae753b07068,True,False,flood,True,4,"{""attack_ended_at"": 78.0, ""case_opened_at"": 26.0, ""lane_id"": ""cn_0"", ""road_id"": ""cn""}"
cam-1008-veh_011-000047,cam-1008-veh_011-000047,case-intersection-1008-veh_011-benign,root-6a1ff718a6229ee96460e821,1008,veh_011,ps-8a5d63d2056fbe7e,CAM,59.0,498.4,291.7690537038471,15.04460311952854,0.16484624926932057,498.4,291.7690537038471,15.04460311952854,0.16484624926932057,nonce-6a1ff718a6229ee96460,True,False,benign,False,0,"{""attack_ended_at"": 59.0, ""case_opened_at"": 59.0, ""lane_id"": ""cs_0"", ""road_id"": ""cs""}"
cam-1008-veh_012-000046,cam-1008-veh_012-000046,case-intersection-1008-veh_012-false_denm,root-ef2c22f0baad03f240f8dffd,1008,veh_012,ps-d55e51c88c138a2d,CAM,59.0,470.195933634723,498.4,0.0,0.0,470.195933634723,498.4,0.0,0.0,nonce-ef2c22f0baad03f240f8,True,False,false_denm,True,0,"{""attack_ended_at"": 80.0, ""case_opened_at"": 28.0, ""lane_id"": ""wc_0"", ""road_id"": ""wc""}"
cam-1008-veh_013-000045,cam-1008-veh_013-000045,case-intersection-1008-veh_013-benign,root-6f927a1d1a91f6c3e01f9a1f,1008,veh_013,ps-c612038c409b5d43,CAM,59.0,529.8041051214391,501.6,0.0,0.0,529.8041051214391,501.6,0.0,0.0,nonce-6f927a1d1a91f6c3e01f,True,False,benign,False,0,"{""attack_ended_at"": 59.0, ""case_opened_at"": 59.0, ""lane_id"": ""ec_0"", ""road_id"": ""ec""}"
cam-1008-veh_014-000044-m0,cam-1008-veh_014-000044,case-intersection-1008-veh_014-mixed,root-0ffe4bc34ce52def8bd0ad70,1008,veh_014,ps-1c0f8ece3ddb0b0c,DENM,59.0,501.6,650.2270285936321,14.54500566315224,-0.12422910532448483,546.6,659.2270285936321,22.54500566315224,-0.12422910532448483,nonce-0ffe4bc34ce52def8bd0,True,True,mixed,True,0,"{""attack_ended_at"": 82.0, ""case_opened_at"": 30.0, ""lane_id"": ""cn_0"", ""road_id"": ""cn""}"
cam-1008-veh_014-000044-m1,cam-1008-veh_014-000044,case-intersection-1008-veh_014-mixed,root-0ffe4bc34ce52def8bd0ad70,1008,veh_014,ps-1c0f8ece3ddb0b0c,DENM,59.0,501.6,650.2270285936321,14.54500566315224,-0.12422910532448483,546.6,659.2270285936321,22.54500566315224,-0.12422910532448483,nonce-0ffe4bc34ce52def8bd0,True,True,mixed,True,1,"{""attack_ended_at"": 82.0, ""case_opened_at"": 30.0, ""lane_id"": ""cn_0"", ""road_id"": ""cn""}"
cam-1008-veh_014-000044-m2,cam-1008-veh_014-000044,case-intersection-1008-veh_014-mixed,root-0ffe4bc34ce52def8bd0ad70,1008,veh_014,ps-1c0f8ece3ddb0b0c,DENM,59.0,501.6,650.2270285936321,14.54500566315224,-0.12422910532448483,546.6,659.2270285936321,22.54500566315224,-0.12422910532448483,nonce-0ffe4bc34ce52def8bd0,True,True,mixed,True,2,"{""attack_ended_at"": 82.0, ""case_opened_at"": 30.0, ""lane_id"": ""cn_0"", ""road_id"": ""cn""}"
cam-1008-veh_014-000044-m3,cam-1008-veh_014-000044,case-intersection-1008-veh_014-mixed,root-0ffe4bc34ce52def8bd0ad70,1008,veh_014,ps-1c0f8ece3ddb0b0c,DENM,59.0,501.6,650.2270285936321,14.54500566315224,-0.12422910532448483,546.6,659.2270285936321,22.54500566315224,-0.12422910532448483,nonce-0ffe4bc34ce52def8bd0,True,True,mixed,True,3,"{""attack_ended_at"": 82.0, ""case_opened_at"": 30.0, ""lane_id"": ""cn_0"", ""road_id"": ""cn""}"
cam-1008-veh_015-000043,cam-1008-veh_015-000043,case-intersection-1008-veh_015-benign,root-2d0da8ee37ad947b3f0b9efb,1008,veh_015,ps-77b1c1c85865d133,CAM,59.0,498.4,354.3732561881044,14.981805419021534,0.2052293327730137,498.4,354.3732561881044,14.981805419021534,0.2052293327730137,nonce-2d0da8ee37ad947b3f0b,True,False,benign,False,0,"{""attack_ended_at"": 59.0, ""case_opened_at"": 59.0, ""lane_id"": ""cs_0"", ""road_id"": ""cs""}"
cam-1008-veh_016-000042,cam-1008-veh_016-000042,case-intersection-1008-veh_016-benign,root-8be2787e3cbb029a7cc4e593,1008,veh_016,ps-1e0348b1d8bfe014,CAM,59.0,462.69486927435423,498.4,0.0,0.0,462.69486927435423,498.4,0.0,0.0,nonce-8be2787e3cbb029a7cc4,True,False,benign,False,0,"{""attack_ended_at"": 59.0, ""case_opened_at"": 59.0, ""lane_id"": ""wc_0"", ""road_id"": ""wc""}"
cam-1008-veh_017-000041,cam-1008-veh_017-000041,case-intersection-1008-veh_017-benign,root-42dc492acec0ca2d173b69de,1008,veh_017,ps-31646c93226ae98c,CAM,59.0,537.305135917561,501.6,0.0,0.0,537.305135917561,501.6,0.0,0.0,nonce-42dc492acec0ca2d173b,True,False,benign,False,0,"{""attack_ended_at"": 59.0, ""case_opened_at"": 59.0, ""lane_id"": ""ec_0"", ""road_id"": ""ec""}"
cam-1008-veh_018-000040,cam-1008-veh_018-000040,case-intersection-1008-veh_018-benign,root-80af12c5aab3fe9273e45c16,1008,veh_018,ps-55c539e5052cea58,CAM,59.0,501.6,576.9803962741521,14.39855048368496,-0.16885135693475561,501.6,576.9803962741521,14.39855048368496,-0.16885135693475561,nonce-80af12c5aab3fe9273e4,True,False,benign,False,0,"{""attack_ended_at"": 59.0, ""case_opened_at"": 59.0, ""lane_id"": ""cn_0"", ""road_id"": ""cn""}"
cam-1008-veh_019-000039,cam-1008-veh_019-000039,case-intersection-1008-veh_019-benign,root-6851927814604f4625004a3d,1008,veh_019,ps-6e220b4f697c2cd3,CAM,59.0,498.4,416.2322914649692,15.122343769475492,0.6725159552134574,498.4,416.2322914649692,15.122343769475492,0.6725159552134574,nonce-6851927814604f462500,True,False,benign,False,0,"{""attack_ended_at"": 59.0, ""case_opened_at"": 59.0, ""lane_id"": ""cs_0"", ""road_id"": ""cs""}"
cam-1008-veh_020-000038,cam-1008-veh_020-000038,case-intersection-1008-veh_020-benign,root-9bf1de8fd8c69b9016f5233c,1008,veh_020,ps-fb97d0e5da402071,CAM,59.0,455.1937800810603,498.4,0.0,0.0,455.1937800810603,498.4,0.0,0.0,nonce-9bf1de8fd8c69b9016f5,True,False,benign,False,0,"{""attack_ended_at"": 59.0, ""case_opened_at"": 59.0, ""lane_id"": ""wc_0"", ""road_id"": ""wc""}"
cam-1008-veh_021-000037,cam-1008-veh_021-000037,case-intersection-1008-veh_021-benign,root-98ee79dfb1989c9d991cc4b2,1008,veh_021,ps-7461357a64efe09e,CAM,59.0,544.8061398599684,501.6,0.0,0.0,544.8061398599684,501.6,0.0,0.0,nonce-98ee79dfb1989c9d991c,True,False,benign,False,0,"{""attack_ended_at"": 59.0, ""case_opened_at"": 59.0, ""lane_id"": ""ec_0"", ""road_id"": ""ec""}"
cam-1008-veh_022-000036,cam-1008-veh_022-000036,case-intersection-1008-veh_022-benign,root-715b5afa67034a1ecace356c,1008,veh_022,ps-b515230e59090b79,CAM,59.0,501.6,552.6174115893413,14.413842402704308,-0.5470538496475346,501.6,552.6174115893413,14.413842402704308,-0.5470538496475346,nonce-715b5afa67034a1ecace,True,False,benign,False,0,"{""attack_ended_at"": 59.0, ""case_opened_at"": 59.0, ""lane_id"": ""cn_0"", ""road_id"": ""cn""}"
cam-1008-veh_023-000035,cam-1008-veh_023-000035,case-intersection-1008-veh_023-benign,root-50756ac76e27af3a95fc57b2,1008,veh_023,ps-92555cef08137c2d,CAM,59.0,498.4,475.51540586428814,14.618792542291114,-0.3694782511331134,498.4,475.51540586428814,14.618792542291114,-0.3694782511331134,nonce-50756ac76e27af3a95fc,True,False,benign,False,0,"{""attack_ended_at"": 59.0, ""case_opened_at"": 59.0, ""lane_id"": ""cs_0"", ""road_id"": ""cs""}"
cam-1008-veh_000-000059,cam-1008-veh_000-000059,case-intersection-1008-veh_000-benign,root-624f982359f98239f7e0b160,1008,veh_000,ps-c836b37964202f27,CAM,60.0,503.2868112083262,498.4,5.634065567388326,2.153179581831209,503.2868112083262,498.4,5.634065567388326,2.153179581831209,nonce-624f982359f98239f7e0,True,False,benign,False,0,"{""attack_ended_at"": 60.0, ""case_opened_at"": 60.0, ""lane_id"": "":c_10_0"", ""road_id"": "":c_10""}"
cam-1008-veh_001-000058,cam-1008-veh_001-000058,case-intersection-1008-veh_001-benign,root-642e86e6d7e2f838a9461136,1008,veh_001,ps-06cf0c7bb8481f37,CAM,60.0,493.31563266904374,501.6,6.9812305453838785,2.396395890507848,493.31563266904374,501.6,6.9812305453838785,2.396395890507848,nonce-642e86e6d7e2f838a946,True,False,benign,False,0,"{""attack_ended_at"": 60.0, ""case_opened_at"": 60.0, ""lane_id"": "":c_4_0"", ""road_id"": "":c_4""}"
cam-1008-veh_002-000057,cam-1008-veh_002-000057,case-intersection-1008-veh_002-position_offset,root-b033551fd1cac79c861eb821,1008,veh_002,ps-c10217be2cfbfbad,CAM,60.0,501.6,813.7716959983127,14.03857418643172,-0.1573843866493565,566.6,830.0216959983127,14.03857418643172,-0.1573843866493565,nonce-b033551fd1cac79c861e,True,False,position_offset,True,0,"{""attack_ended_at"": 70.0, ""case_opened_at"": 18.0, ""lane_id"": ""cn_0"", ""road_id"": ""cn""}"
cam-1008-veh_003-000056,cam-1008-veh_003-000056,case-intersection-1008-veh_003-benign,root-d55f721d025b2a2a017435c3,1008,veh_003,ps-b84d6e13ef43c957,CAM,60.0,498.4,85.89033580515519,16.080069951484912,-0.44213239323813625,498.4,85.89033580515519,16.080069951484912,-0.44213239323813625,nonce-d55f721d025b2a2a0174,True,False,benign,False,0,"{""attack_ended_at"": 60.0, ""case_opened_at"": 60.0, ""lane_id"": ""cs_0"", ""road_id"": ""cs""}"
cam-1008-veh_004-000055,cam-1008-veh_004-000055,case-intersection-1008-veh_004-speed_offset,root-33a03cf7a46f09749c165a2c,1008,veh_004,ps-a4ec7ac7ed69787f,CAM,60.0,489.2016137649875,498.4,2.9410484330844278,1.8784636211767793,489.2016137649875,498.4,13.941048433084427,1.8784636211767793,nonce-33a03cf7a46f09749c16,True,False,speed_offset,True,0,"{""attack_ended_at"": 72.0, ""case_opened_at"": 20.0, ""lane_id"": ""wc_0"", ""road_id"": ""wc""}"
cam-1008-veh_005-000054,cam-1008-veh_005-000054,case-intersection-1008-veh_005-benign,root-b28d7018cda59f32c628d1ed,1008,veh_005,ps-969b062779822854,CAM,60.0,508.1610802759941,501.6,4.476393078807107,2.3118019359838566,508.1610802759941,501.6,4.476393078807107,2.3118019359838566,nonce-b28d7018cda59f32c628,True,False,benign,False,0,"{""attack_ended_at"": 60.0, ""case_opened_at"": 60.0, ""lane_id"": ""ec_0"", ""road_id"": ""ec""}"
replay-cam-1008-veh_006-000053,cam-1008-veh_006-000013,case-intersection-1008-veh_006-replay,root-732bbc1af557c50a78ee1969,1008,veh_006,ps-65fe799408ea4704,CAM,20.0,501.6,215.10187627093873,16.00866098470986,-0.28562780352775263,501.6,215.10187627093873,16.00866098470986,-0.28562780352775263,nonce-732bbc1af557c50a78ee,True,False,replay,True,10,"{""attack_ended_at"": 20.0, ""case_opened_at"": 20.0, ""lane_id"": ""sc_0"", ""road_id"": ""sc""}"
cam-1008-veh_007-000052,cam-1008-veh_007-000052,case-intersection-1008-veh_007-benign,root-285a13bf775fffac849c4add,1008,veh_007,ps-30c2a00c607f04e2,CAM,60.0,498.4,148.094503883277,16.469186709807257,0.01274235608987695,498.4,148.094503883277,16.469186709807257,0.01274235608987695,nonce-285a13bf775fffac849c,True,False,benign,False,0,"{""attack_ended_at"": 60.0, ""case_opened_at"": 60.0, ""lane_id"": ""cs_0"", ""road_id"": ""cs""}"
cam-1008-veh_008-000051,cam-1008-veh_008-000051,case-intersection-1008-veh_008-certificate_tamper,root-42e703b992f4169b712566d7,1008,veh_008,ps-82218acb1d94705f,CAM,60.0,478.71621553889753,498.4,1.0192561926284434,1.0192561926284434,478.71621553889753,498.4,1.0192561926284434,1.0192561926284434,nonce-42e703b992f4169b7125,False,False,certificate_tamper,True,0,"{""attack_ended_at"": 76.0, ""case_opened_at"": 24.0, ""lane_id"": ""wc_0"", ""road_id"": ""wc""}"
cam-1008-veh_009-000050,cam-1008-veh_009-000050,case-intersection-1008-veh_009-benign,root-99c89d2a13afc52fb1dc2162,1008,veh_009,ps-7ceb479c74f04f24,CAM,60.0,520.6794959539711,501.6,1.62358849491853,1.62358849491853,520.6794959539711,501.6,1.62358849491853,1.62358849491853,nonce-99c89d2a13afc52fb1dc,True,False,benign,False,0,"{""attack_ended_at"": 60.0, ""case_opened_at"": 60.0, ""lane_id"": ""ec_0"", ""road_id"": ""ec""}"
cam-1008-veh_010-000049-f0,cam-1008-veh_010-000049,case-intersection-1008-veh_010-flood,root-1cf64901d3365bd0265fc0ca,1008,veh_010,ps-3210978143869c35,CAM,60.0,501.6,766.2163667372192,13.98314673848061,0.5436297821991438,501.6,766.2163667372192,13.98314673848061,0.5436297821991438,nonce-1cf64901d3365bd0265f,True,False,flood,True,0,"{""attack_ended_at"": 78.0, ""case_opened_at"": 26.0, ""lane_id"": ""cn_0"", ""road_id"": ""cn""}"
cam-1008-veh_010-000049-f1,cam-1008-veh_010-000049,case-intersection-1008-veh_010-flood,root-1cf64901d3365bd0265fc0ca,1008,veh_010,ps-3210978143869c35,CAM,60.0,501.6,766.2163667372192,13.98314673848061,0.5436297821991438,501.6,766.2163667372192,13.98314673848061,0.5436297821991438,nonce-1cf64901d3365bd0265f,True,False,flood,True,1,"{""attack_ended_at"": 78.0, ""case_opened_at"": 26.0, ""lane_id"": ""cn_0"", ""road_id"": ""cn""}"
cam-1008-veh_010-000049-f2,cam-1008-veh_010-000049,case-intersection-1008-veh_010-flood,root-1cf64901d3365bd0265fc0ca,1008,veh_010,ps-3210978143869c35,CAM,60.0,501.6,766.2163667372192,13.98314673848061,0.5436297821991438,501.6,766.2163667372192,13.98314673848061,0.5436297821991438,nonce-1cf64901d3365bd0265f,True,False,flood,True,2,"{""attack_ended_at"": 78.0, ""case_opened_at"": 26.0, ""lane_id"": ""cn_0"", ""road_id"": ""cn""}"
cam-1008-veh_010-000049-f3,cam-1008-veh_010-000049,case-intersection-1008-veh_010-flood,root-1cf64901d3365bd0265fc0ca,1008,veh_010,ps-3210978143869c35,CAM,60.0,501.6,766.2163667372192,13.98314673848061,0.5436297821991438,501.6,766.2163667372192,13.98314673848061,0.5436297821991438,nonce-1cf64901d3365bd0265f,True,False,flood,True,3,"{""attack_ended_at"": 78.0, ""case_opened_at"": 26.0, ""lane_id"": ""cn_0"", ""road_id"": ""cn""}"
cam-1008-veh_010-000049-f4,cam-1008-veh_010-000049,case-intersection-1008-veh_010-flood,root-1cf64901d3365bd0265fc0ca,1008,veh_010,ps-3210978143869c35,CAM,60.0,501.6,766.2163667372192,13.98314673848061,0.5436297821991438,501.6,766.2163667372192,13.98314673848061,0.5436297821991438,nonce-1cf64901d3365bd0265f,True,False,flood,True,4,"{""attack_ended_at"": 78.0, ""case_opened_at"": 26.0, ""lane_id"": ""cn_0"", ""road_id"": ""cn""}"
cam-1008-veh_011-000048,cam-1008-veh_011-000048,case-intersection-1008-veh_011-benign,root-d3a68d35c215a1456a1f0418,1008,veh_011,ps-8a5d63d2056fbe7e,CAM,60.0,498.4,276.77446214994325,14.994591553903804,-0.050011565624735965,498.4,276.77446214994325,14.994591553903804,-0.050011565624735965,nonce-d3a68d35c215a1456a1f,True,False,benign,False,0,"{""attack_ended_at"": 60.0, ""case_opened_at"": 60.0, ""lane_id"": ""cs_0"", ""road_id"": ""cs""}"
cam-1008-veh_012-000047,cam-1008-veh_012-000047,case-intersection-1008-veh_012-false_denm,root-59176003055ac36bbcf55f10,1008,veh_012,ps-d55e51c88c138a2d,CAM,60.0,470.195933634723,498.4,0.0,0.0,470.195933634723,498.4,0.0,0.0,nonce-59176003055ac36bbcf5,True,False,false_denm,True,0,"{""attack_ended_at"": 80.0, ""case_opened_at"": 28.0, ""lane_id"": ""wc_0"", ""road_id"": ""wc""}"
cam-1008-veh_013-000046,cam-1008-veh_013-000046,case-intersection-1008-veh_013-benign,root-48840a3cc1a94233feb274e2,1008,veh_013,ps-c612038c409b5d43,CAM,60.0,529.8041051214391,501.6,0.0,0.0,529.8041051214391,501.6,0.0,0.0,nonce-48840a3cc1a94233feb2,True,False,benign,False,0,"{""attack_ended_at"": 60.0, ""case_opened_at"": 60.0, ""lane_id"": ""ec_0"", ""road_id"": ""ec""}"
cam-1008-veh_014-000045-m0,cam-1008-veh_014-000045,case-intersection-1008-veh_014-mixed,root-9d9c2b39110296dd944dda74,1008,veh_014,ps-1c0f8ece3ddb0b0c,DENM,60.0,501.6,664.7903951320426,14.563366538410463,0.01836087525822272,546.6,673.7903951320426,22.563366538410463,0.01836087525822272,nonce-9d9c2b39110296dd944d,True,True,mixed,True,0,"{""attack_ended_at"": 82.0, ""case_opened_at"": 30.0, ""lane_id"": ""cn_0"", ""road_id"": ""cn""}"
cam-1008-veh_014-000045-m1,cam-1008-veh_014-000045,case-intersection-1008-veh_014-mixed,root-9d9c2b39110296dd944dda74,1008,veh_014,ps-1c0f8ece3ddb0b0c,DENM,60.0,501.6,664.7903951320426,14.563366538410463,0.01836087525822272,546.6,673.7903951320426,22.563366538410463,0.01836087525822272,nonce-9d9c2b39110296dd944d,True,True,mixed,True,1,"{""attack_ended_at"": 82.0, ""case_opened_at"": 30.0, ""lane_id"": ""cn_0"", ""road_id"": ""cn""}"
cam-1008-veh_014-000045-m2,cam-1008-veh_014-000045,case-intersection-1008-veh_014-mixed,root-9d9c2b39110296dd944dda74,1008,veh_014,ps-1c0f8ece3ddb0b0c,DENM,60.0,501.6,664.7903951320426,14.563366538410463,0.01836087525822272,546.6,673.7903951320426,22.563366538410463,0.01836087525822272,nonce-9d9c2b39110296dd944d,True,True,mixed,True,2,"{""attack_ended_at"": 82.0, ""case_opened_at"": 30.0, ""lane_id"": ""cn_0"", ""road_id"": ""cn""}"
cam-1008-veh_014-000045-m3,cam-1008-veh_014-000045,case-intersection-1008-veh_014-mixed,root-9d9c2b39110296dd944dda74,1008,veh_014,ps-1c0f8ece3ddb0b0c,DENM,60.0,501.6,664.7903951320426,14.563366538410463,0.01836087525822272,546.6,673.7903951320426,22.563366538410463,0.01836087525822272,nonce-9d9c2b39110296dd944d,True,True,mixed,True,3,"{""attack_ended_at"": 82.0, ""case_opened_at"": 30.0, ""lane_id"": ""cn_0"", ""road_id"": ""cn""}"
cam-1008-veh_015-000044,cam-1008-veh_015-000044,case-intersection-1008-veh_015-benign,root-e15c0928782f6e54acfa73cd,1008,veh_015,ps-77b1c1c85865d133,CAM,60.0,498.4,339.1075021548953,15.265754033209072,0.2839486141875387,498.4,339.1075021548953,15.265754033209072,0.2839486141875387,nonce-e15c0928782f6e54acfa,True,False,benign,False,0,"{""attack_ended_at"": 60.0, ""case_opened_at"": 60.0, ""lane_id"": ""cs_0"", ""road_id"": ""cs""}"
cam-1008-veh_016-000043,cam-1008-veh_016-000043,case-intersection-1008-veh_016-benign,root-fd966c879de0cd93d4cc5980,1008,veh_016,ps-1e0348b1d8bfe014,CAM,60.0,462.69486927435423,498.4,0.0,0.0,462.69486927435423,498.4,0.0,0.0,nonce-fd966c879de0cd93d4cc,True,False,benign,False,0,"{""attack_ended_at"": 60.0, ""case_opened_at"": 60.0, ""lane_id"": ""wc_0"", ""road_id"": ""wc""}"
cam-1008-veh_017-000042,cam-1008-veh_017-000042,case-intersection-1008-veh_017-benign,root-b0b7c50ef6d41d08ca6d8193,1008,veh_017,ps-31646c93226ae98c,CAM,60.0,537.305135917561,501.6,0.0,0.0,537.305135917561,501.6,0.0,0.0,nonce-b0b7c50ef6d41d08ca6d,True,False,benign,False,0,"{""attack_ended_at"": 60.0, ""case_opened_at"": 60.0, ""lane_id"": ""ec_0"", ""road_id"": ""ec""}"
cam-1008-veh_018-000041,cam-1008-veh_018-000041,case-intersection-1008-veh_018-benign,root-e1f2d59d45b5c67112e9eaee,1008,veh_018,ps-55c539e5052cea58,CAM,60.0,501.6,591.2207350507601,14.24033877660797,-0.1582117070769904,501.6,591.2207350507601,14.24033877660797,-0.1582117070769904,nonce-e1f2d59d45b5c67112e9,True,False,benign,False,0,"{""attack_ended_at"": 60.0, ""case_opened_at"": 60.0, ""lane_id"": ""cn_0"", ""road_id"": ""cn""}"
cam-1008-veh_019-000040,cam-1008-veh_019-000040,case-intersection-1008-veh_019-benign,root-99ffffd4c8a88d578f7a2974,1008,veh_019,ps-6e220b4f697c2cd3,CAM,60.0,498.4,401.6051362926736,14.627155172295543,-0.4951885971799488,498.4,401.6051362926736,14.627155172295543,-0.4951885971799488,nonce-99ffffd4c8a88d578f7a,True,False,benign,False,0,"{""attack_ended_at"": 60.0, ""case_opened_at"": 60.0, ""lane_id"": ""cs_0"", ""road_id"": ""cs""}"
cam-1008-veh_020-000039,cam-1008-veh_020-000039,case-intersection-1008-veh_020-benign,root-3fb96c2fbf4a9273248c2e4e,1008,veh_020,ps-fb97d0e5da402071,CAM,60.0,455.1937800810603,498.4,0.0,0.0,455.1937800810603,498.4,0.0,0.0,nonce-3fb96c2fbf4a9273248c,True,False,benign,False,0,"{""attack_ended_at"": 60.0, ""case_opened_at"": 60.0, ""lane_id"": ""wc_0"", ""road_id"": ""wc""}"
cam-1008-veh_021-000038,cam-1008-veh_021-000038,case-intersection-1008-veh_021-benign,root-c793542338c59d53d94dfc7d,1008,veh_021,ps-7461357a64efe09e,CAM,60.0,544.8061398599684,501.6,0.0,0.0,544.8061398599684,501.6,0.0,0.0,nonce-c793542338c59d53d94d,True,False,benign,False,0,"{""attack_ended_at"": 60.0, ""case_opened_at"": 60.0, ""lane_id"": ""ec_0"", ""road_id"": ""ec""}"
cam-1008-veh_022-000037,cam-1008-veh_022-000037,case-intersection-1008-veh_022-benign,root-50c89d038de80752ee6cdcac,1008,veh_022,ps-b515230e59090b79,CAM,60.0,501.6,567.1129197849159,14.495508195574576,0.0816657928702682,501.6,567.1129197849159,14.495508195574576,0.0816657928702682,nonce-50c89d038de80752ee6c,True,False,benign,False,0,"{""attack_ended_at"": 60.0, ""case_opened_at"": 60.0, ""lane_id"": ""cn_0"", ""road_id"": ""cn""}"
cam-1008-veh_023-000036,cam-1008-veh_023-000036,case-intersection-1008-veh_023-benign,root-86bb3a0c018d8a3b40135c70,1008,veh_023,ps-92555cef08137c2d,CAM,60.0,498.4,460.9668391020306,14.548566762257607,-0.07022578003350688,498.4,460.9668391020306,14.548566762257607,-0.07022578003350688,nonce-86bb3a0c018d8a3b4013,True,False,benign,False,0,"{""attack_ended_at"": 60.0, ""case_opened_at"": 60.0, ""lane_id"": ""cs_0"", ""road_id"": ""cs""}"
cam-1008-veh_000-000060,cam-1008-veh_000-000060,case-intersection-1008-veh_000-benign,root-e5cee8f31f095c5a2fed4969,1008,veh_000,ps-c836b37964202f27,CAM,61.0,511.390826347135,498.4,8.104015138808764,2.469949571420438,511.390826347135,498.4,8.104015138808764,2.469949571420438,nonce-e5cee8f31f095c5a2fed,True,False,benign,False,0,"{""attack_ended_at"": 61.0, ""case_opened_at"": 61.0, ""lane_id"": ""ce_0"", ""road_id"": ""ce""}"
cam-1008-veh_001-000059,cam-1008-veh_001-000059,case-intersection-1008-veh_001-benign,root-889c7fcf66fae2e5e72634e1,1008,veh_001,ps-06cf0c7bb8481f37,CAM,61.0,483.7774353956599,501.6,9.53819727338385,2.5569667279999706,483.7774353956599,501.6,9.53819727338385,2.5569667279999706,nonce-889c7fcf66fae2e5e726,True,False,benign,False,0,"{""attack_ended_at"": 61.0, ""case_opened_at"": 61.0, ""lane_id"": ""cw_0"", ""road_id"": ""cw""}"
cam-1008-veh_002-000058,cam-1008-veh_002-000058,case-intersection-1008-veh_002-position_offset,root-971f8dd470f94e1ac54563c7,1008,veh_002,ps-c10217be2cfbfbad,CAM,61.0,501.6,828.2255412415836,14.453845243270987,0.41527105683926635,566.6,844.4755412415836,14.453845243270987,0.41527105683926635,nonce-971f8dd470f94e1ac545,True,False,position_offset,True,0,"{""attack_ended_at"": 70.0, ""case_opened_at"": 18.0, ""lane_id"": ""cn_0"", ""road_id"": ""cn""}"
cam-1008-veh_003-000057,cam-1008-veh_003-000057,case-intersection-1008-veh_003-benign,root-116f27bda5df3ea07a463fce,1008,veh_003,ps-b84d6e13ef43c957,CAM,61.0,498.4,69.44552771424861,16.44480809090659,0.36473813942167865,498.4,69.44552771424861,16.44480809090659,0.36473813942167865,nonce-116f27bda5df3ea07a46,True,False,benign,False,0,"{""attack_ended_at"": 61.0, ""case_opened_at"": 61.0, ""lane_id"": ""cs_0"", ""road_id"": ""cs""}"
cam-1008-veh_004-000056,cam-1008-veh_004-000056,case-intersection-1008-veh_004-speed_offset,root-994dabafed599e232b8d2fe4,1008,veh_004,ps-a4ec7ac7ed69787f,CAM,61.0,494.4458444273412,498.4,5.244230662353724,2.303182229269296,494.4458444273412,498.4,16.244230662353722,2.303182229269296,nonce-994dabafed599e232b8d,True,False,speed_offset,True,0,"{""attack_ended_at"": 72.0, ""case_opened_at"": 20.0, ""lane_id"": "":c_10_0"", ""road_id"": "":c_10""}"
cam-1008-veh_005-000055,cam-1008-veh_005-000055,case-intersection-1008-veh_005-benign,root-428818cde68bdc08ec2e3055,1008,veh_005,ps-969b062779822854,CAM,61.0,501.7839875644138,501.6,6.377092711580284,1.9006996327731764,501.7839875644138,501.6,6.377092711580284,1.9006996327731764,nonce-428818cde68bdc08ec2e,True,False,benign,False,0,"{""attack_ended_at"": 61.0, ""case_opened_at"": 61.0, ""lane_id"": "":c_4_0"", ""road_id"": "":c_4""}"
replay-cam-1008-veh_006-000054,cam-1008-veh_006-000014,case-intersection-1008-veh_006-replay,root-e6073782afc54a5381804d00,1008,veh_006,ps-65fe799408ea4704,CAM,21.0,501.6,231.44104983772158,16.339173566782847,0.3305125820729877,501.6,231.44104983772158,16.339173566782847,0.3305125820729877,nonce-e6073782afc54a538180,True,False,replay,True,10,"{""attack_ended_at"": 21.0, ""case_opened_at"": 21.0, ""lane_id"": ""sc_0"", ""road_id"": ""sc""}"
cam-1008-veh_007-000053,cam-1008-veh_007-000053,case-intersection-1008-veh_007-benign,root-1fc83a33318694961c845adc,1008,veh_007,ps-30c2a00c607f04e2,CAM,61.0,498.4,131.62492723860305,16.469576644673946,0.00038993486668914557,498.4,131.62492723860305,16.469576644673946,0.00038993486668914557,nonce-1fc83a33318694961c84,True,False,benign,False,0,"{""attack_ended_at"": 61.0, ""case_opened_at"": 61.0, ""lane_id"": ""cs_0"", ""road_id"": ""cs""}"
cam-1008-veh_008-000052,cam-1008-veh_008-000052,case-intersection-1008-veh_008-certificate_tamper,root-e126f842fe45ab3570195cda,1008,veh_008,ps-82218acb1d94705f,CAM,61.0,481.02287218604437,498.4,2.3066566471468595,1.2874004545184161,481.02287218604437,498.4,2.3066566471468595,1.2874004545184161,nonce-e126f842fe45ab357019,False,False,certificate_tamper,True,0,"{""attack_ended_at"": 76.0, ""case_opened_at"": 24.0, ""lane_id"": ""wc_0"", ""road_id"": ""wc""}"
cam-1008-veh_009-000051,cam-1008-veh_009-000051,case-intersection-1008-veh_009-benign,root-d9ce7bf66c4ac0e90052465d,1008,veh_009,ps-7ceb479c74f04f24,CAM,61.0,516.648882650806,501.6,4.030613303165173,2.4070248082466428,516.648882650806,501.6,4.030613303165173,2.4070248082466428,nonce-d9ce7bf66c4ac0e90052,True,False,benign,False,0,"{""attack_ended_at"": 61.0, ""case_opened_at"": 61.0, ""lane_id"": ""ec_0"", ""road_id"": ""ec""}"
cam-1008-veh_010-000050-f0,cam-1008-veh_010-000050,case-intersection-1008-veh_010-flood,root-fe9a1a0b00da6419c1dd476e,1008,veh_010,ps-3210978143869c35,CAM,61.0,501.6,780.5622756648447,14.345908927625512,0.36276218914490244,501.6,780.5622756648447,14.345908927625512,0.36276218914490244,nonce-fe9a1a0b00da6419c1dd,True,False,flood,True,0,"{""attack_ended_at"": 78.0, ""case_opened_at"": 26.0, ""lane_id"": ""cn_0"", ""road_id"": ""cn""}"
cam-1008-veh_010-000050-f1,cam-1008-veh_010-000050,case-intersection-1008-veh_010-flood,root-fe9a1a0b00da6419c1dd476e,1008,veh_010,ps-3210978143869c35,CAM,61.0,501.6,780.5622756648447,14.345908927625512,0.36276218914490244,501.6,780.5622756648447,14.345908927625512,0.36276218914490244,nonce-fe9a1a0b00da6419c1dd,True,False,flood,True,1,"{""attack_ended_at"": 78.0, ""case_opened_at"": 26.0, ""lane_id"": ""cn_0"", ""road_id"": ""cn""}"
cam-1008-veh_010-000050-f2,cam-1008-veh_010-000050,case-intersection-1008-veh_010-flood,root-fe9a1a0b00da6419c1dd476e,1008,veh_010,ps-3210978143869c35,CAM,61.0,501.6,780.5622756648447,14.345908927625512,0.36276218914490244,501.6,780.5622756648447,14.345908927625512,0.36276218914490244,nonce-fe9a1a0b00da6419c1dd,True,False,flood,True,2,"{""attack_ended_at"": 78.0, ""case_opened_at"": 26.0, ""lane_id"": ""cn_0"", ""road_id"": ""cn""}"
cam-1008-veh_010-000050-f3,cam-1008-veh_010-000050,case-intersection-1008-veh_010-flood,root-fe9a1a0b00da6419c1dd476e,1008,veh_010,ps-3210978143869c35,CAM,61.0,501.6,780.5622756648447,14.345908927625512,0.36276218914490244,501.6,780.5622756648447,14.345908927625512,0.36276218914490244,nonce-fe9a1a0b00da6419c1dd,True,False,flood,True,3,"{""attack_ended_at"": 78.0, ""case_opened_at"": 26.0, ""lane_id"": ""cn_0"", ""road_id"": ""cn""}"
cam-1008-veh_010-000050-f4,cam-1008-veh_010-000050,case-intersection-1008-veh_010-flood,root-fe9a1a0b00da6419c1dd476e,1008,veh_010,ps-3210978143869c35,CAM,61.0,501.6,780.5622756648447,14.345908927625512,0.36276218914490244,501.6,780.5622756648447,14.345908927625512,0.36276218914490244,nonce-fe9a1a0b00da6419c1dd,True,False,flood,True,4,"{""attack_ended_at"": 78.0, ""case_opened_at"": 26.0, ""lane_id"": ""cn_0"", ""road_id"": ""cn""}"
cam-1008-veh_011-000049,cam-1008-veh_011-000049,case-intersection-1008-veh_011-benign,root-8c99dca13d12c6b2197950fc,1008,veh_011,ps-8a5d63d2056fbe7e,CAM,61.0,498.4,261.4384496103836,15.336012539559665,0.3414209856558603,498.4,261.4384496103836,15.336012539559665,0.3414209856558603,nonce-8c99dca13d12c6b21979,True,False,benign,False,0,"{""attack_ended_at"": 61.0, ""case_opened_at"": 61.0, ""lane_id"": ""cs_0"", ""road_id"": ""cs""}"
cam-1008-veh_012-000048,cam-1008-veh_012-000048,case-intersection-1008-veh_012-false_denm,root-e83a2c0b8006b4b286fc761e,1008,veh_012,ps-d55e51c88c138a2d,CAM,61.0,471.1931538450879,498.4,0.9972202103649117,0.9972202103649117,471.1931538450879,498.4,0.9972202103649117,0.9972202103649117,nonce-e83a2c0b8006b4b286fc,True,False,false_denm,True,0,"{""attack_ended_at"": 80.0, ""case_opened_at"": 28.0, ""lane_id"": ""wc_0"", ""road_id"": ""wc""}"
cam-1008-veh_013-000047,cam-1008-veh_013-000047,case-intersection-1008-veh_013-benign,root-dc7af0754bb009ffd7cfd4eb,1008,veh_013,ps-c612038c409b5d43,CAM,61.0,528.6358049941197,501.6,1.1683001273193332,1.1683001273193332,528.6358049941197,501.6,1.1683001273193332,1.1683001273193332,nonce-dc7af0754bb009ffd7cf,True,False,benign,False,0,"{""attack_ended_at"": 61.0, ""case_opened_at"": 61.0, ""lane_id"": ""ec_0"", ""road_id"": ""ec""}"
cam-1008-veh_014-000046-m0,cam-1008-veh_014-000046,case-intersection-1008-veh_014-mixed,root-43f848dfddd8f2786fef0fc1,1008,veh_014,ps-1c0f8ece3ddb0b0c,DENM,61.0,501.6,679.5448510132437,14.75445588120112,0.19108934279065615,546.6,688.5448510132437,22.754455881201118,0.19108934279065615,nonce-43f848dfddd8f2786fef,True,True,mixed,True,0,"{""attack_ended_at"": 82.0, ""case_opened_at"": 30.0, ""lane_id"": ""cn_0"", ""road_id"": ""cn""}"
cam-1008-veh_014-000046-m1,cam-1008-veh_014-000046,case-intersection-1008-veh_014-mixed,root-43f848dfddd8f2786fef0fc1,1008,veh_014,ps-1c0f8ece3ddb0b0c,DENM,61.0,501.6,679.5448510132437,14.75445588120112,0.19108934279065615,546.6,688.5448510132437,22.754455881201118,0.19108934279065615,nonce-43f848dfddd8f2786fef,True,True,mixed,True,1,"{""attack_ended_at"": 82.0, ""case_opened_at"": 30.0, ""lane_id"": ""cn_0"", ""road_id"": ""cn""}"
cam-1008-veh_014-000046-m2,cam-1008-veh_014-000046,case-intersection-1008-veh_014-mixed,root-43f848dfddd8f2786fef0fc1,1008,veh_014,ps-1c0f8ece3ddb0b0c,DENM,61.0,501.6,679.5448510132437,14.75445588120112,0.19108934279065615,546.6,688.5448510132437,22.754455881201118,0.19108934279065615,nonce-43f848dfddd8f2786fef,True,True,mixed,True,2,"{""attack_ended_at"": 82.0, ""case_opened_at"": 30.0, ""lane_id"": ""cn_0"", ""road_id"": ""cn""}"
cam-1008-veh_014-000046-m3,cam-1008-veh_014-000046,case-intersection-1008-veh_014-mixed,root-43f848dfddd8f2786fef0fc1,1008,veh_014,ps-1c0f8ece3ddb0b0c,DENM,61.0,501.6,679.5448510132437,14.75445588120112,0.19108934279065615,546.6,688.5448510132437,22.754455881201118,0.19108934279065615,nonce-43f848dfddd8f2786fef,True,True,mixed,True,3,"{""attack_ended_at"": 82.0, ""case_opened_at"": 30.0, ""lane_id"": ""cn_0"", ""road_id"": ""cn""}"
cam-1008-veh_015-000045,cam-1008-veh_015-000045,case-intersection-1008-veh_015-benign,root-e3b4551bbc86ba489e735fbd,1008,veh_015,ps-77b1c1c85865d133,CAM,61.0,498.4,324.113210565879,14.994291589016342,-0.27146244419273025,498.4,324.113210565879,14.994291589016342,-0.27146244419273025,nonce-e3b4551bbc86ba489e73,True,False,benign,False,0,"{""attack_ended_at"": 61.0, ""case_opened_at"": 61.0, ""lane_id"": ""cs_0"", ""road_id"": ""cs""}"
cam-1008-veh_016-000044,cam-1008-veh_016-000044,case-intersection-1008-veh_016-benign,root-32b3d79e75e31b2937a29abd,1008,veh_016,ps-1e0348b1d8bfe014,CAM,61.0,462.69486927435423,498.4,0.0,0.0,462.69486927435423,498.4,0.0,0.0,nonce-32b3d79e75e31b2937a2,True,False,benign,False,0,"{""attack_ended_at"": 61.0, ""case_opened_at"": 61.0, ""lane_id"": ""wc_0"", ""road_id"": ""wc""}"
cam-1008-veh_017-000043,cam-1008-veh_017-000043,case-intersection-1008-veh_017-benign,root-f38236f67a26c1f1fe77c6ff,1008,veh_017,ps-31646c93226ae98c,CAM,61.0,537.305135917561,501.6,0.0,0.0,537.305135917561,501.6,0.0,0.0,nonce-f38236f67a26c1f1fe77,True,False,benign,False,0,"{""attack_ended_at"": 61.0, ""case_opened_at"": 61.0, ""lane_id"": ""ec_0"", ""road_id"": ""ec""}"
cam-1008-veh_018-000042,cam-1008-veh_018-000042,case-intersection-1008-veh_018-benign,root-30982b49533a5efdea592fcb,1008,veh_018,ps-55c539e5052cea58,CAM,61.0,501.6,605.323457462673,14.10272241191284,-0.1376163646951305,501.6,605.323457462673,14.10272241191284,-0.1376163646951305,nonce-30982b49533a5efdea59,True,False,benign,False,0,"{""attack_ended_at"": 61.0, ""case_opened_at"": 61.0, ""lane_id"": ""cn_0"", ""road_id"": ""cn""}"
cam-1008-veh_019-000041,cam-1008-veh_019-000041,case-intersection-1008-veh_019-benign,root-73851a12236c3aef612833c6,1008,veh_019,ps-6e220b4f697c2cd3,CAM,61.0,498.4,386.63117905807894,14.973957234594645,0.34680206229910127,498.4,386.63117905807894,14.973957234594645,0.34680206229910127,nonce-73851a12236c3aef6128,True,False,benign,False,0,"{""attack_ended_at"": 61.0, ""case_opened_at"": 61.0, ""lane_id"": ""cs_0"", ""road_id"": ""cs""}"
cam-1008-veh_020-000040,cam-1008-veh_020-000040,case-intersection-1008-veh_020-benign,root-a33159b676b1d420105fd2d2,1008,veh_020,ps-fb97d0e5da402071,CAM,61.0,455.1937800810603,498.4,0.0,0.0,455.1937800810603,498.4,0.0,0.0,nonce-a33159b676b1d420105f,True,False,benign,False,0,"{""attack_ended_at"": 61.0, ""case_opened_at"": 61.0, ""lane_id"": ""wc_0"", ""road_id"": ""wc""}"
cam-1008-veh_021-000039,cam-1008-veh_021-000039,case-intersection-1008-veh_021-benign,root-9c1799497ca33fb54943a4a6,1008,veh_021,ps-7461357a64efe09e,CAM,61.0,544.8061398599684,501.6,0.0,0.0,544.8061398599684,501.6,0.0,0.0,nonce-9c1799497ca33fb54943,True,False,benign,False,0,"{""attack_ended_at"": 61.0, ""case_opened_at"": 61.0, ""lane_id"": ""ec_0"", ""road_id"": ""ec""}"
cam-1008-veh_022-000038,cam-1008-veh_022-000038,case-intersection-1008-veh_022-benign,root-e55d492b17bad3205fb81600,1008,veh_022,ps-b515230e59090b79,CAM,61.0,501.6,581.5668875745737,14.453967789657774,-0.04154040591680186,501.6,581.5668875745737,14.453967789657774,-0.04154040591680186,nonce-e55d492b17bad3205fb8,True,False,benign,False,0,"{""attack_ended_at"": 61.0, ""case_opened_at"": 61.0, ""lane_id"": ""cn_0"", ""road_id"": ""cn""}"
cam-1008-veh_023-000037,cam-1008-veh_023-000037,case-intersection-1008-veh_023-benign,root-f72a5b1cb4ec1c7ec771f310,1008,veh_023,ps-92555cef08137c2d,CAM,61.0,498.4,445.98413761312287,14.982701488907688,0.4341347266500808,498.4,445.98413761312287,14.982701488907688,0.4341347266500808,nonce-f72a5b1cb4ec1c7ec771,True,False,benign,False,0,"{""attack_ended_at"": 61.0, ""case_opened_at"": 61.0, ""lane_id"": ""cs_0"", ""road_id"": ""cs""}"
cam-1008-veh_000-000061,cam-1008-veh_000-000061,case-intersection-1008-veh_000-benign,root-99c9b6157d0dcfcf6ffe51a5,1008,veh_000,ps-c836b37964202f27,CAM,62.0,521.9881347709224,498.4,10.597308423787482,2.4932932849787175,521.9881347709224,498.4,10.597308423787482,2.4932932849787175,nonce-99c9b6157d0dcfcf6ffe,True,False,benign,False,0,"{""attack_ended_at"": 62.0, ""case_opened_at"": 62.0, ""lane_id"": ""ce_0"", ""road_id"": ""ce""}"
cam-1008-veh_001-000060,cam-1008-veh_001-000060,case-intersection-1008-veh_001-benign,root-83e7c59a919b6b4a2ce87f40,1008,veh_001,ps-06cf0c7bb8481f37,CAM,62.0,472.10899202318217,501.6,11.668443372477778,2.130246099093929,472.10899202318217,501.6,11.668443372477778,2.130246099093929,nonce-83e7c59a919b6b4a2ce8,True,False,benign,False,0,"{""attack_ended_at"": 62.0, ""case_opened_at"": 62.0, ""lane_id"": ""cw_0"", ""road_id"": ""cw""}"
cam-1008-veh_002-000059,cam-1008-veh_002-000059,case-intersection-1008-veh_002-position_offset,root-2063ca721d62616654be1ef9,1008,veh_002,ps-c10217be2cfbfbad,CAM,62.0,501.6,842.635246581108,14.409705339524441,-0.04413990374654553,566.6,858.885246581108,14.409705339524441,-0.04413990374654553,nonce-2063ca721d62616654be,True,False,position_offset,True,0,"{""attack_ended_at"": 70.0, ""case_opened_at"": 18.0, ""lane_id"": ""cn_0"", ""road_id"": ""cn""}"
cam-1008-veh_003-000058,cam-1008-veh_003-000058,case-intersection-1008-veh_003-benign,root-dae4e483248cc69d2bba8da6,1008,veh_003,ps-b84d6e13ef43c957,CAM,62.0,498.4,52.809780578343066,16.63574713590555,0.19093904499895942,498.4,52.809780578343066,16.63574713590555,0.19093904499895942,nonce-dae4e483248cc69d2bba,True,False,benign,False,0,"{""attack_ended_at"": 62.0, ""case_opened_at"": 62.0, ""lane_id"": ""cs_0"", ""road_id"": ""cs""}"
cam-1008-veh_004-000057,cam-1008-veh_004-000057,case-intersection-1008-veh_004-speed_offset,root-c3304a020a6ea483fa188b56,1008,veh_004,ps-a4ec7ac7ed69787f,CAM,62.0,501.792932655002,498.4,7.347088227660782,2.1028575653070583,501.792932655002,498.4,18.347088227660784,2.1028575653070583,nonce-c3304a020a6ea483fa18,True,False,speed_offset,True,0,"{""attack_ended_at"": 72.0, ""case_opened_at"": 20.0, ""lane_id"": "":c_10_0"", ""road_id"": "":c_10""}"
cam-1008-veh_005-000056,cam-1008-veh_005-000056,case-intersection-1008-veh_005-benign,root-b4c8edc0fe260b0080570221,1008,veh_005,ps-969b062779822854,CAM,62.0,493.54106655967206,501.6,8.242921004741751,1.8658282931614671,493.54106655967206,501.6,8.242921004741751,1.8658282931614671,nonce-b4c8edc0fe260b008057,True,False,benign,False,0,"{""attack_ended_at"": 62.0, ""case_opened_at"": 62.0, ""lane_id"": "":c_4_0"", ""road_id"": "":c_4""}"
replay-cam-1008-veh_006-000055,cam-1008-veh_006-000011,case-intersection-1008-veh_006-replay,root-698ab643fc75e30c21ee9766,1008,veh_006,ps-65fe799408ea4704,CAM,18.0,501.6,182.79892649799126,16.638048100941816,0.2891036247694849,501.6,182.79892649799126,16.638048100941816,0.2891036247694849,nonce-698ab643fc75e30c21ee,True,False,replay,True,11,"{""attack_ended_at"": 18.0, ""case_opened_at"": 18.0, ""lane_id"": ""sc_0"", ""road_id"": ""sc""}"
cam-1008-veh_007-000054,cam-1008-veh_007-000054,case-intersection-1008-veh_007-benign,root-f79f3b5df43c5fa185bb6b67,1008,veh_007,ps-30c2a00c607f04e2,CAM,62.0,498.4,115.7127067802706,15.91222045833245,-0.5573561863414955,498.4,115.7127067802706,15.91222045833245,-0.5573561863414955,nonce-f79f3b5df43c5fa185bb,True,False,benign,False,0,"{""attack_ended_at"": 62.0, ""case_opened_at"": 62.0, ""lane_id"": ""cs_0"", ""road_id"": ""cs""}"
cam-1008-veh_008-000053,cam-1008-veh_008-000053,case-intersection-1008-veh_008-certificate_tamper,root-6c6daae726fdb8cb890b4a0d,1008,veh_008,ps-82218acb1d94705f,CAM,62.0,485.87900444753126,498.4,4.856132261486904,2.5494756143400443,485.87900444753126,498.4,4.856132261486904,2.5494756143400443,nonce-6c6daae726fdb8cb890b,False,False,certificate_tamper,True,0,"{""attack_ended_at"": 76.0, ""case_opened_at"": 24.0, ""lane_id"": ""wc_0"", ""road_id"": ""wc""}"
cam-1008-veh_009-000052,cam-1008-veh_009-000052,case-intersection-1008-veh_009-benign,root-6acaaa6cda4b1fc5bde5cfb2,1008,veh_009,ps-7ceb479c74f04f24,CAM,62.0,510.08434834677644,501.6,6.56453430402953,2.533921000864357,510.08434834677644,501.6,6.56453430402953,2.533921000864357,nonce-6acaaa6cda4b1fc5bde5,True,False,benign,False,0,"{""attack_ended_at"": 62.0, ""case_opened_at"": 62.0, ""lane_id"": ""ec_0"", ""road_id"": ""ec""}"
cam-1008-veh_010-000051-f0,cam-1008-veh_010-000051,case-intersection-1008-veh_010-flood,root-98a1c54f8cc08d5cb0960b62,1008,veh_010,ps-3210978143869c35,CAM,62.0,501.6,795.4040454069834,14.841769742138698,0.4958608145131862,501.6,795.4040454069834,14.841769742138698,0.4958608145131862,nonce-98a1c54f8cc08d5cb096,True,False,flood,True,0,"{""attack_ended_at"": 78.0, ""case_opened_at"": 26.0, ""lane_id"": ""cn_0"", ""road_id"": ""cn""}"
cam-1008-veh_010-000051-f1,cam-1008-veh_010-000051,case-intersection-1008-veh_010-flood,root-98a1c54f8cc08d5cb0960b62,1008,veh_010,ps-3210978143869c35,CAM,62.0,501.6,795.4040454069834,14.841769742138698,0.4958608145131862,501.6,795.4040454069834,14.841769742138698,0.4958608145131862,nonce-98a1c54f8cc08d5cb096,True,False,flood,True,1,"{""attack_ended_at"": 78.0, ""case_opened_at"": 26.0, ""lane_id"": ""cn_0"", ""road_id"": ""cn""}"
cam-1008-veh_010-000051-f2,cam-1008-veh_010-000051,case-intersection-1008-veh_010-flood,root-98a1c54f8cc08d5cb0960b62,1008,veh_010,ps-3210978143869c35,CAM,62.0,501.6,795.4040454069834,14.841769742138698,0.4958608145131862,501.6,795.4040454069834,14.841769742138698,0.4958608145131862,nonce-98a1c54f8cc08d5cb096,True,False,flood,True,2,"{""attack_ended_at"": 78.0, ""case_opened_at"": 26.0, ""lane_id"": ""cn_0"", ""road_id"": ""cn""}"
cam-1008-veh_010-000051-f3,cam-1008-veh_010-000051,case-intersection-1008-veh_010-flood,root-98a1c54f8cc08d5cb0960b62,1008,veh_010,ps-3210978143869c35,CAM,62.0,501.6,795.4040454069834,14.841769742138698,0.4958608145131862,501.6,795.4040454069834,14.841769742138698,0.4958608145131862,nonce-98a1c54f8cc08d5cb096,True,False,flood,True,3,"{""attack_ended_at"": 78.0, ""case_opened_at"": 26.0, ""lane_id"": ""cn_0"", ""road_id"": ""cn""}"
cam-1008-veh_010-000051-f4,cam-1008-veh_010-000051,case-intersection-1008-veh_010-flood,root-98a1c54f8cc08d5cb0960b62,1008,veh_010,ps-3210978143869c35,CAM,62.0,501.6,795.4040454069834,14.841769742138698,0.4958608145131862,501.6,795.4040454069834,14.841769742138698,0.4958608145131862,nonce-98a1c54f8cc08d5cb096,True,False,flood,True,4,"{""attack_ended_at"": 78.0, ""case_opened_at"": 26.0, ""lane_id"": ""cn_0"", ""road_id"": ""cn""}"
cam-1008-veh_011-000050,cam-1008-veh_011-000050,case-intersection-1008-veh_011-benign,root-8fcba1002368431a8fdb26c0,1008,veh_011,ps-8a5d63d2056fbe7e,CAM,62.0,498.4,246.24428909641384,15.194160513969758,-0.14185202558990717,498.4,246.24428909641384,15.194160513969758,-0.14185202558990717,nonce-8fcba1002368431a8fdb,True,False,benign,False,0,"{""attack_ended_at"": 62.0, ""case_opened_at"": 62.0, ""lane_id"": ""cs_0"", ""road_id"": ""cs""}"
cam-1008-veh_012-000049,cam-1008-veh_012-000049,case-intersection-1008-veh_012-false_denm,root-4f6bd9bb35b64f05e49fba75,1008,veh_012,ps-d55e51c88c138a2d,CAM,62.0,473.2916612271082,498.4,2.0985073820202538,1.101287171655342,473.2916612271082,498.4,2.0985073820202538,1.101287171655342,nonce-4f6bd9bb35b64f05e49f,True,False,false_denm,True,0,"{""attack_ended_at"": 80.0, ""case_opened_at"": 28.0, ""lane_id"": ""wc_0"", ""road_id"": ""wc""}"
cam-1008-veh_013-000048,cam-1008-veh_013-000048,case-intersection-1008-veh_013-benign,root-55dfc61b2e9421d7e840dc3a,1008,veh_013,ps-c612038c409b5d43,CAM,62.0,525.5338979437408,501.6,3.1019070503788937,1.9336069230595605,525.5338979437408,501.6,3.1019070503788937,1.9336069230595605,nonce-55dfc61b2e9421d7e840,True,False,benign,False,0,"{""attack_ended_at"": 62.0, ""case_opened_at"": 62.0, ""lane_id"": ""ec_0"", ""road_id"": ""ec""}"
cam-1008-veh_014-000047-m0,cam-1008-veh_014-000047,case-intersection-1008-veh_014-mixed,root-5eb4be02eb761b3201df3516,1008,veh_014,ps-1c0f8ece3ddb0b0c,DENM,62.0,501.6,694.0782550845313,14.53340407128764,-0.2210518099134795,546.6,703.0782550845313,22.53340407128764,-0.2210518099134795,nonce-5eb4be02eb761b3201df,True,True,mixed,True,0,"{""attack_ended_at"": 82.0, ""case_opened_at"": 30.0, ""lane_id"": ""cn_0"", ""road_id"": ""cn""}"
cam-1008-veh_014-000047-m1,cam-1008-veh_014-000047,case-intersection-1008-veh_014-mixed,root-5eb4be02eb761b3201df3516,1008,veh_014,ps-1c0f8ece3ddb0b0c,DENM,62.0,501.6,694.0782550845313,14.53340407128764,-0.2210518099134795,546.6,703.0782550845313,22.53340407128764,-0.2210518099134795,nonce-5eb4be02eb761b3201df,True,True,mixed,True,1,"{""attack_ended_at"": 82.0, ""case_opened_at"": 30.0, ""lane_id"": ""cn_0"", ""road_id"": ""cn""}"
cam-1008-veh_014-000047-m2,cam-1008-veh_014-000047,case-intersection-1008-veh_014-mixed,root-5eb4be02eb761b3201df3516,1008,veh_014,ps-1c0f8ece3ddb0b0c,DENM,62.0,501.6,694.0782550845313,14.53340407128764,-0.2210518099134795,546.6,703.0782550845313,22.53340407128764,-0.2210518099134795,nonce-5eb4be02eb761b3201df,True,True,mixed,True,2,"{""attack_ended_at"": 82.0, ""case_opened_at"": 30.0, ""lane_id"": ""cn_0"", ""road_id"": ""cn""}"
cam-1008-veh_014-000047-m3,cam-1008-veh_014-000047,case-intersection-1008-veh_014-mixed,root-5eb4be02eb761b3201df3516,1008,veh_014,ps-1c0f8ece3ddb0b0c,DENM,62.0,501.6,694.0782550845313,14.53340407128764,-0.2210518099134795,546.6,703.0782550845313,22.53340407128764,-0.2210518099134795,nonce-5eb4be02eb761b3201df,True,True,mixed,True,3,"{""attack_ended_at"": 82.0, ""case_opened_at"": 30.0, ""lane_id"": ""cn_0"", ""road_id"": ""cn""}"
cam-1008-veh_015-000046,cam-1008-veh_015-000046,case-intersection-1008-veh_015-benign,root-1abe594ce4e436a47a1eb1d1,1008,veh_015,ps-77b1c1c85865d133,CAM,62.0,498.4,309.25471391636387,14.858496649515132,-0.1357949395012099,498.4,309.25471391636387,14.858496649515132,-0.1357949395012099,nonce-1abe594ce4e436a47a1e,True,False,benign,False,0,"{""attack_ended_at"": 62.0, ""case_opened_at"": 62.0, ""lane_id"": ""cs_0"", ""road_id"": ""cs""}"
cam-1008-veh_016-000045,cam-1008-veh_016-000045,case-intersection-1008-veh_016-benign,root-b568745aae85cd48f148fb31,1008,veh_016,ps-1e0348b1d8bfe014,CAM,62.0,463.4365153035937,498.4,0.7416460292394347,0.7416460292394347,463.4365153035937,498.4,0.7416460292394347,0.7416460292394347,nonce-b568745aae85cd48f148,True,False,benign,False,0,"{""attack_ended_at"": 62.0, ""case_opened_at"": 62.0, ""lane_id"": ""wc_0"", ""road_id"": ""wc""}"
cam-1008-veh_017-000044,cam-1008-veh_017-000044,case-intersection-1008-veh_017-benign,root-c750507d82f1509627354452,1008,veh_017,ps-31646c93226ae98c,CAM,62.0,536.3667800141171,501.6,0.9383559034438316,0.9383559034438316,536.3667800141171,501.6,0.9383559034438316,0.9383559034438316,nonce-c750507d82f150962735,True,False,benign,False,0,"{""attack_ended_at"": 62.0, ""case_opened_at"": 62.0, ""lane_id"": ""ec_0"", ""road_id"": ""ec""}"
cam-1008-veh_018-000043,cam-1008-veh_018-000043,case-intersection-1008-veh_018-benign,root-36a3456a7edee9a58b84b7f1,1008,veh_018,ps-55c539e5052cea58,CAM,62.0,501.6,619.701135629406,14.377678166733096,0.27495575482025636,501.6,619.701135629406,14.377678166733096,0.27495575482025636,nonce-36a3456a7edee9a58b84,True,False,benign,False,0,"{""attack_ended_at"": 62.0, ""case_opened_at"": 62.0, ""lane_id"": ""cn_0"", ""road_id"": ""cn""}"
cam-1008-veh_019-000042,cam-1008-veh_019-000042,case-intersection-1008-veh_019-benign,root-f7fe31e4c94caccbdd773902,1008,veh_019,ps-6e220b4f697c2cd3,CAM,62.0,498.4,372.13719760669926,14.49398145137974,-0.4799757832149041,498.4,372.13719760669926,14.49398145137974,-0.4799757832149041,nonce-f7fe31e4c94caccbdd77,True,False,benign,False,0,"{""attack_ended_at"": 62.0, ""case_opened_at"": 62.0, ""lane_id"": ""cs_0"", ""road_id"": ""cs""}"
cam-1008-veh_020-000041,cam-1008-veh_020-000041,case-intersection-1008-veh_020-benign,root-2466c658fe2e95c2d616077d,1008,veh_020,ps-fb97d0e5da402071,CAM,62.0,455.1937800810603,498.4,0.0,0.0,455.1937800810603,498.4,0.0,0.0,nonce-2466c658fe2e95c2d616,True,False,benign,False,0,"{""attack_ended_at"": 62.0, ""case_opened_at"": 62.0, ""lane_id"": ""wc_0"", ""road_id"": ""wc""}"
cam-1008-veh_021-000040,cam-1008-veh_021-000040,case-intersection-1008-veh_021-benign,root-8dc929e63c93c8a67ee31320,1008,veh_021,ps-7461357a64efe09e,CAM,62.0,544.8061398599684,501.6,0.0,0.0,544.8061398599684,501.6,0.0,0.0,nonce-8dc929e63c93c8a67ee3,True,False,benign,False,0,"{""attack_ended_at"": 62.0, ""case_opened_at"": 62.0, ""lane_id"": ""ec_0"", ""road_id"": ""ec""}"
cam-1008-veh_022-000039,cam-1008-veh_022-000039,case-intersection-1008-veh_022-benign,root-6c81a9383f66d7c9e4b2dfbf,1008,veh_022,ps-b515230e59090b79,CAM,62.0,501.6,595.6838032548849,14.116915680311184,-0.33705210934659036,501.6,595.6838032548849,14.116915680311184,-0.33705210934659036,nonce-6c81a9383f66d7c9e4b2,True,False,benign,False,0,"{""attack_ended_at"": 62.0, ""case_opened_at"": 62.0, ""lane_id"": ""cn_0"", ""road_id"": ""cn""}"
cam-1008-veh_023-000038,cam-1008-veh_023-000038,case-intersection-1008-veh_023-benign,root-6064e5eeec30ab3113cf758f,1008,veh_023,ps-92555cef08137c2d,CAM,62.0,498.4,430.97113206951815,15.013005543604732,0.030304054697044336,498.4,430.97113206951815,15.013005543604732,0.030304054697044336,nonce-6064e5eeec30ab3113cf,True,False,benign,False,0,"{""attack_ended_at"": 62.0, ""case_opened_at"": 62.0, ""lane_id"": ""cs_0"", ""road_id"": ""cs""}"
cam-1008-veh_000-000062,cam-1008-veh_000-000062,case-intersection-1008-veh_000-benign,root-a41114007905c89c9dc8445a,1008,veh_000,ps-c836b37964202f27,CAM,63.0,534.5477762934577,498.4,12.559641522535248,1.9623330987477665,534.5477762934577,498.4,12.559641522535248,1.9623330987477665,nonce-a41114007905c89c9dc8,True,False,benign,False,0,"{""attack_ended_at"": 63.0, ""case_opened_at"": 63.0, ""lane_id"": ""ce_0"", ""road_id"": ""ce""}"
cam-1008-veh_001-000061,cam-1008-veh_001-000061,case-intersection-1008-veh_001-benign,root-d44a17506c9bfac727c8577d,1008,veh_001,ps-06cf0c7bb8481f37,CAM,63.0,457.9627179034502,501.6,14.14627411973197,2.477830747254192,457.9627179034502,501.6,14.14627411973197,2.477830747254192,nonce-d44a17506c9bfac727c8,True,False,benign,False,0,"{""attack_ended_at"": 63.0, ""case_opened_at"": 63.0, ""lane_id"": ""cw_0"", ""road_id"": ""cw""}"
cam-1008-veh_002-000060,cam-1008-veh_002-000060,case-intersection-1008-veh_002-position_offset,root-749cbe71c5ef60ca094bbf1c,1008,veh_002,ps-c10217be2cfbfbad,CAM,63.0,501.6,857.0306798661102,14.395433285002143,-0.01427205452229785,566.6,873.2806798661102,14.395433285002143,-0.01427205452229785,nonce-749cbe71c5ef60ca094b,True,False,position_offset,True,0,"{""attack_ended_at"": 70.0, ""case_opened_at"": 18.0, ""lane_id"": ""cn_0"", ""road_id"": ""cn""}"
cam-1008-veh_003-000059,cam-1008-veh_003-000059,case-intersection-1008-veh_003-benign,root-b3ed62537bcc2307917ee8a9,1008,veh_003,ps-b84d6e13ef43c957,CAM,63.0,498.4,36.73068700287945,16.07909357546363,-0.5566535604419194,498.4,36.73068700287945,16.07909357546363,-0.5566535604419194,nonce-b3ed62537bcc2307917e,True,False,benign,False,0,"{""attack_ended_at"": 63.0, ""case_opened_at"": 63.0, ""lane_id"": ""cs_0"", ""road_id"": ""cs""}"
cam-1008-veh_004-000058,cam-1008-veh_004-000058,case-intersection-1008-veh_004-speed_offset,root-1fa8428634f38e64d0735563,1008,veh_004,ps-a4ec7ac7ed69787f,CAM,63.0,511.2023416885859,498.4,9.409409033583863,2.062320805923081,511.2023416885859,498.4,20.409409033583863,2.062320805923081,nonce-1fa8428634f38e64d073,True,False,speed_offset,True,0,"{""attack_ended_at"": 72.0, ""case_opened_at"": 20.0, ""lane_id"": ""ce_0"", ""road_id"": ""ce""}"
cam-1008-veh_005-000057,cam-1008-veh_005-000057,case-intersection-1008-veh_005-benign,root-61e13c79d078c8ee048966a4,1008,veh_005,ps-969b062779822854,CAM,63.0,482.90405566526425,501.6,10.637010894407815,2.3940898896660645,482.90405566526425,501.6,10.637010894407815,2.3940898896660645,nonce-61e13c79d078c8ee0489,True,False,benign,False,0,"{""attack_ended_at"": 63.0, ""case_opened_at"": 63.0, ""lane_id"": ""cw_0"", ""road_id"": ""cw""}"
replay-cam-1008-veh_006-000056,cam-1008-veh_006-000012,case-intersection-1008-veh_006-replay,root-9ea8f4310ed2d98496486915,1008,veh_006,ps-65fe799408ea4704,CAM,19.0,501.6,199.09321528622888,16.294288788237612,-0.34375931270420423,501.6,199.09321528622888,16.294288788237612,-0.34375931270420423,nonce-9ea8f4310ed2d9849648,True,False,replay,True,11,"{""attack_ended_at"": 19.0, ""case_opened_at"": 19.0, ""lane_id"": ""sc_0"", ""road_id"": ""sc""}"
cam-1008-veh_007-000055,cam-1008-veh_007-000055,case-intersection-1008-veh_007-benign,root-4f41b01fd2dc0d2cf849f139,1008,veh_007,ps-30c2a00c607f04e2,CAM,63.0,498.4,99.72291478938882,15.989791990881788,0.07757153254933691,498.4,99.72291478938882,15.989791990881788,0.07757153254933691,nonce-4f41b01fd2dc0d2cf849,True,False,benign,False,0,"{""attack_ended_at"": 63.0, ""case_opened_at"": 63.0, ""lane_id"": ""cs_0"", ""road_id"": ""cs""}"
cam-1008-veh_008-000054,cam-1008-veh_008-000054,case-intersection-1008-veh_008-certificate_tamper,root-82d4307b2c3db9a120d6078c,1008,veh_008,ps-82218acb1d94705f,CAM,63.0,491.2617824554873,498.4,5.382778007956076,0.5266457464691721,491.2617824554873,498.4,5.382778007956076,0.5266457464691721,nonce-82d4307b2c3db9a120d6,False,False,certificate_tamper,True,0,"{""attack_ended_at"": 76.0, ""case_opened_at"": 24.0, ""lane_id"": ""wc_0"", ""road_id"": ""wc""}"
cam-1008-veh_009-000053,cam-1008-veh_009-000053,case-intersection-1008-veh_009-benign,root-9368d6ff60ab7bb178a8761d,1008,veh_009,ps-7ceb479c74f04f24,CAM,63.0,501.50746606777955,501.6,8.57688227899688,2.0123479749673505,501.50746606777955,501.6,8.57688227899688,2.0123479749673505,nonce-9368d6ff60ab7bb178a8,True,False,benign,False,0,"{""attack_ended_at"": 63.0, ""case_opened_at"": 63.0, ""lane_id"": "":c_4_0"", ""road_id"": "":c_4""}"
cam-1008-veh_010-000052-f0,cam-1008-veh_010-000052,case-intersection-1008-veh_010-flood,root-4590a91cdc9b0cac44e5f0ab,1008,veh_010,ps-3210978143869c35,CAM,63.0,501.6,809.6528878460936,14.248842439110057,-0.5929273030286417,501.6,809.6528878460936,14.248842439110057,-0.5929273030286417,nonce-4590a91cdc9b0cac44e5,True,False,flood,True,0,"{""attack_ended_at"": 78.0, ""case_opened_at"": 26.0, ""lane_id"": ""cn_0"", ""road_id"": ""cn""}"
cam-1008-veh_010-000052-f1,cam-1008-veh_010-000052,case-intersection-1008-veh_010-flood,root-4590a91cdc9b0cac44e5f0ab,1008,veh_010,ps-3210978143869c35,CAM,63.0,501.6,809.6528878460936,14.248842439110057,-0.5929273030286417,501.6,809.6528878460936,14.248842439110057,-0.5929273030286417,nonce-4590a91cdc9b0cac44e5,True,False,flood,True,1,"{""attack_ended_at"": 78.0, ""case_opened_at"": 26.0, ""lane_id"": ""cn_0"", ""road_id"": ""cn""}"
cam-1008-veh_010-000052-f2,cam-1008-veh_010-000052,case-intersection-1008-veh_010-flood,root-4590a91cdc9b0cac44e5f0ab,1008,veh_010,ps-3210978143869c35,CAM,63.0,501.6,809.6528878460936,14.248842439110057,-0.5929273030286417,501.6,809.6528878460936,14.248842439110057,-0.5929273030286417,nonce-4590a91cdc9b0cac44e5,True,False,flood,True,2,"{""attack_ended_at"": 78.0, ""case_opened_at"": 26.0, ""lane_id"": ""cn_0"", ""road_id"": ""cn""}"
cam-1008-veh_010-000052-f3,cam-1008-veh_010-000052,case-intersection-1008-veh_010-flood,root-4590a91cdc9b0cac44e5f0ab,1008,veh_010,ps-3210978143869c35,CAM,63.0,501.6,809.6528878460936,14.248842439110057,-0.5929273030286417,501.6,809.6528878460936,14.248842439110057,-0.5929273030286417,nonce-4590a91cdc9b0cac44e5,True,False,flood,True,3,"{""attack_ended_at"": 78.0, ""case_opened_at"": 26.0, ""lane_id"": ""cn_0"", ""road_id"": ""cn""}"
cam-1008-veh_010-000052-f4,cam-1008-veh_010-000052,case-intersection-1008-veh_010-flood,root-4590a91cdc9b0cac44e5f0ab,1008,veh_010,ps-3210978143869c35,CAM,63.0,501.6,809.6528878460936,14.248842439110057,-0.5929273030286417,501.6,809.6528878460936,14.248842439110057,-0.5929273030286417,nonce-4590a91cdc9b0cac44e5,True,False,flood,True,4,"{""attack_ended_at"": 78.0, ""case_opened_at"": 26.0, ""lane_id"": ""cn_0"", ""road_id"": ""cn""}"
cam-1008-veh_011-000051,cam-1008-veh_011-000051,case-intersection-1008-veh_011-benign,root-0a4a63f7d2903e2d615456f7,1008,veh_011,ps-8a5d63d2056fbe7e,CAM,63.0,498.4,231.163483314056,15.080805782357851,-0.11335473161190635,498.4,231.163483314056,15.080805782357851,-0.11335473161190635,nonce-0a4a63f7d2903e2d6154,True,False,benign,False,0,"{""attack_ended_at"": 63.0, ""case_opened_at"": 63.0, ""lane_id"": ""cs_0"", ""road_id"": ""cs""}"
cam-1008-veh_012-000050,cam-1008-veh_012-000050,case-intersection-1008-veh_012-false_denm,root-cd755ead13bac0042dcafe6a,1008,veh_012,ps-d55e51c88c138a2d,DENM,63.0,477.7172076351411,498.4,4.425546408032898,2.327039026012644,477.7172076351411,498.4,4.425546408032898,2.327039026012644,nonce-cd755ead13bac0042dca,True,True,false_denm,True,0,"{""attack_ended_at"": 80.0, ""case_opened_at"": 28.0, ""lane_id"": ""wc_0"", ""road_id"": ""wc""}"
cam-1008-veh_013-000049,cam-1008-veh_013-000049,case-intersection-1008-veh_013-benign,root-a6d54004a7dae08a66d4cd6d,1008,veh_013,ps-c612038c409b5d43,CAM,63.0,520.4854531408052,501.6,5.048444802935509,1.9465377525566154,520.4854531408052,501.6,5.048444802935509,1.9465377525566154,nonce-a6d54004a7dae08a66d4,True,False,benign,False,0,"{""attack_ended_at"": 63.0, ""case_opened_at"": 63.0, ""lane_id"": ""ec_0"", ""road_id"": ""ec""}"
cam-1008-veh_014-000048-m0,cam-1008-veh_014-000048,case-intersection-1008-veh_014-mixed,root-686bc5e00e654861a989b0c6,1008,veh_014,ps-1c0f8ece3ddb0b0c,DENM,63.0,501.6,708.4598713809768,14.381616296445408,-0.15178777484223183,546.6,717.4598713809768,22.381616296445408,-0.15178777484223183,nonce-686bc5e00e654861a989,True,True,mixed,True,0,"{""attack_ended_at"": 82.0, ""case_opened_at"": 30.0, ""lane_id"": ""cn_0"", ""road_id"": ""cn""}"
cam-1008-veh_014-000048-m1,cam-1008-veh_014-000048,case-intersection-1008-veh_014-mixed,root-686bc5e00e654861a989b0c6,1008,veh_014,ps-1c0f8ece3ddb0b0c,DENM,63.0,501.6,708.4598713809768,14.381616296445408,-0.15178777484223183,546.6,717.4598713809768,22.381616296445408,-0.15178777484223183,nonce-686bc5e00e654861a989,True,True,mixed,True,1,"{""attack_ended_at"": 82.0, ""case_opened_at"": 30.0, ""lane_id"": ""cn_0"", ""road_id"": ""cn""}"
cam-1008-veh_014-000048-m2,cam-1008-veh_014-000048,case-intersection-1008-veh_014-mixed,root-686bc5e00e654861a989b0c6,1008,veh_014,ps-1c0f8ece3ddb0b0c,DENM,63.0,501.6,708.4598713809768,14.381616296445408,-0.15178777484223183,546.6,717.4598713809768,22.381616296445408,-0.15178777484223183,nonce-686bc5e00e654861a989,True,True,mixed,True,2,"{""attack_ended_at"": 82.0, ""case_opened_at"": 30.0, ""lane_id"": ""cn_0"", ""road_id"": ""cn""}"
cam-1008-veh_014-000048-m3,cam-1008-veh_014-000048,case-intersection-1008-veh_014-mixed,root-686bc5e00e654861a989b0c6,1008,veh_014,ps-1c0f8ece3ddb0b0c,DENM,63.0,501.6,708.4598713809768,14.381616296445408,-0.15178777484223183,546.6,717.4598713809768,22.381616296445408,-0.15178777484223183,nonce-686bc5e00e654861a989,True,True,mixed,True,3,"{""attack_ended_at"": 82.0, ""case_opened_at"": 30.0, ""lane_id"": ""cn_0"", ""road_id"": ""cn""}"
cam-1008-veh_015-000047,cam-1008-veh_015-000047,case-intersection-1008-veh_015-benign,root-121dca7e50cfcf147efd3834,1008,veh_015,ps-77b1c1c85865d133,CAM,63.0,498.4,294.0075206749341,15.247193241429763,0.3886965919146306,498.4,294.0075206749341,15.247193241429763,0.3886965919146306,nonce-121dca7e50cfcf147efd,True,False,benign,False,0,"{""attack_ended_at"": 63.0, ""case_opened_at"": 63.0, ""lane_id"": ""cs_0"", ""road_id"": ""cs""}"
cam-1008-veh_016-000046,cam-1008-veh_016-000046,case-intersection-1008-veh_016-benign,root-f8c785e5c3ef8634707b108f,1008,veh_016,ps-1e0348b1d8bfe014,CAM,63.0,465.29379132365784,498.4,1.8572760200641396,1.115629990824705,465.29379132365784,498.4,1.8572760200641396,1.115629990824705,nonce-f8c785e5c3ef8634707b,True,False,benign,False,0,"{""attack_ended_at"": 63.0, ""case_opened_at"": 63.0, ""lane_id"": ""wc_0"", ""road_id"": ""wc""}"
cam-1008-veh_017-000045,cam-1008-veh_017-000045,case-intersection-1008-veh_017-benign,root-a39951b4bb49c41646454beb,1008,veh_017,ps-31646c93226ae98c,CAM,63.0,533.4486496145707,501.6,2.918130399546391,1.9797744961025596,533.4486496145707,501.6,2.918130399546391,1.9797744961025596,nonce-a39951b4bb49c4164645,True,False,benign,False,0,"{""attack_ended_at"": 63.0, ""case_opened_at"": 63.0, ""lane_id"": ""ec_0"", ""road_id"": ""ec""}"
cam-1008-veh_018-000044,cam-1008-veh_018-000044,case-intersection-1008-veh_018-benign,root-5ff3e447926d944e14491d8a,1008,veh_018,ps-55c539e5052cea58,CAM,63.0,501.6,634.2541123541844,14.552976724778276,0.17529855804517958,501.6,634.2541123541844,14.552976724778276,0.17529855804517958,nonce-5ff3e447926d944e1449,True,False,benign,False,0,"{""attack_ended_at"": 63.0, ""case_opened_at"": 63.0, ""lane_id"": ""cn_0"", ""road_id"": ""cn""}"
cam-1008-veh_019-000043,cam-1008-veh_019-000043,case-intersection-1008-veh_019-benign,root-de366bb239dec73af337284c,1008,veh_019,ps-6e220b4f697c2cd3,CAM,63.0,498.4,357.64843838025723,14.488759226441989,-0.005222224937751818,498.4,357.64843838025723,14.488759226441989,-0.005222224937751818,nonce-de366bb239dec73af337,True,False,benign,False,0,"{""attack_ended_at"": 63.0, ""case_opened_at"": 63.0, ""lane_id"": ""cs_0"", ""road_id"": ""cs""}"
cam-1008-veh_020-000042,cam-1008-veh_020-000042,case-intersection-1008-veh_020-benign,root-afb5a694fdc07dd05ad027e9,1008,veh_020,ps-fb97d0e5da402071,CAM,63.0,455.71751818982295,498.4,0.5237381087626454,0.5237381087626454,455.71751818982295,498.4,0.5237381087626454,0.5237381087626454,nonce-afb5a694fdc07dd05ad0,True,False,benign,False,0,"{""attack_ended_at"": 63.0, ""case_opened_at"": 63.0, ""lane_id"": ""wc_0"", ""road_id"": ""wc""}"
cam-1008-veh_021-000041,cam-1008-veh_021-000041,case-intersection-1008-veh_021-benign,root-651ef5d4b7e0cdf0141cf7da,1008,veh_021,ps-7461357a64efe09e,CAM,63.0,544.1478767357976,501.6,0.6582631241708259,0.6582631241708259,544.1478767357976,501.6,0.6582631241708259,0.6582631241708259,nonce-651ef5d4b7e0cdf0141c,True,False,benign,False,0,"{""attack_ended_at"": 63.0, ""case_opened_at"": 63.0, ""lane_id"": ""ec_0"", ""road_id"": ""ec""}"
cam-1008-veh_022-000040,cam-1008-veh_022-000040,case-intersection-1008-veh_022-benign,root-65679a4bba31f59aab6eb41f,1008,veh_022,ps-b515230e59090b79,CAM,63.0,501.6,610.0924243505198,14.408621095634894,0.29170541532370997,501.6,610.0924243505198,14.408621095634894,0.29170541532370997,nonce-65679a4bba31f59aab6e,True,False,benign,False,0,"{""attack_ended_at"": 63.0, ""case_opened_at"": 63.0, ""lane_id"": ""cn_0"", ""road_id"": ""cn""}"
cam-1008-veh_023-000039,cam-1008-veh_023-000039,case-intersection-1008-veh_023-benign,root-47967c8861e6ed933efd98d1,1008,veh_023,ps-92555cef08137c2d,CAM,63.0,498.4,416.3470025724052,14.624129497112946,-0.3888760464917862,498.4,416.3470025724052,14.624129497112946,-0.3888760464917862,nonce-47967c8861e6ed933efd,True,False,benign,False,0,"{""attack_ended_at"": 63.0, ""case_opened_at"": 63.0, ""lane_id"": ""cs_0"", ""road_id"": ""cs""}"
cam-1008-veh_000-000063,cam-1008-veh_000-000063,case-intersection-1008-veh_000-benign,root-5fc987febc23ef683ab5f98e,1008,veh_000,ps-c836b37964202f27,CAM,64.0,548.9424700377224,498.4,14.394693744264668,1.8350522217294198,548.9424700377224,498.4,14.394693744264668,1.8350522217294198,nonce-5fc987febc23ef683ab5,True,False,benign,False,0,"{""attack_ended_at"": 64.0, ""case_opened_at"": 64.0, ""lane_id"": ""ce_0"", ""road_id"": ""ce""}"
cam-1008-veh_001-000062,cam-1008-veh_001-000062,case-intersection-1008-veh_001-benign,root-32a415d0283bb846307c536e,1008,veh_001,ps-06cf0c7bb8481f37,CAM,64.0,441.772781031712,501.6,16.189936871738176,2.043662752006206,441.772781031712,501.6,16.189936871738176,2.043662752006206,nonce-32a415d0283bb846307c,True,False,benign,False,0,"{""attack_ended_at"": 64.0, ""case_opened_at"": 64.0, ""lane_id"": ""cw_0"", ""road_id"": ""cw""}"
cam-1008-veh_002-000061,cam-1008-veh_002-000061,case-intersection-1008-veh_002-position_offset,root-f64a919f8a76dd8a90177930,1008,veh_002,ps-c10217be2cfbfbad,CAM,64.0,501.6,871.5085986458937,14.477918779783428,0.08248549478128453,566.6,887.7585986458937,14.477918779783428,0.08248549478128453,nonce-f64a919f8a76dd8a9017,True,False,position_offset,True,0,"{""attack_ended_at"": 70.0, ""case_opened_at"": 18.0, ""lane_id"": ""cn_0"", ""road_id"": ""cn""}"
cam-1008-veh_003-000060,cam-1008-veh_003-000060,case-intersection-1008-veh_003-benign,root-c4091cfd32ab22a2004b7c8e,1008,veh_003,ps-b84d6e13ef43c957,CAM,64.0,498.4,20.180484168939188,16.550202833940276,0.47110925847664475,498.4,20.180484168939188,16.550202833940276,0.47110925847664475,nonce-c4091cfd32ab22a2004b,True,False,benign,False,0,"{""attack_ended_at"": 64.0, ""case_opened_at"": 64.0, ""lane_id"": ""cs_0"", ""road_id"": ""cs""}"
cam-1008-veh_004-000059,cam-1008-veh_004-000059,case-intersection-1008-veh_004-speed_offset,root-77d02f26ae8f9a638b77ab4a,1008,veh_004,ps-a4ec7ac7ed69787f,CAM,64.0,522.6637572747384,498.4,11.4614155861525,2.0520065525686366,522.6637572747384,498.4,22.461415586152498,2.0520065525686366,nonce-77d02f26ae8f9a638b77,True,False,speed_offset,True,0,"{""attack_ended_at"": 72.0, ""case_opened_at"": 20.0, ""lane_id"": ""ce_0"", ""road_id"": ""ce""}"
cam-1008-veh_005-000058,cam-1008-veh_005-000058,case-intersection-1008-veh_005-benign,root-dea6eb95b30378e088c70708,1008,veh_005,ps-969b062779822854,CAM,64.0,470.37944813423235,501.6,12.52460753103189,1.8875966366240746,470.37944813423235,501.6,12.52460753103189,1.8875966366240746,nonce-dea6eb95b30378e088c7,True,False,benign,False,0,"{""attack_ended_at"": 64.0, ""case_opened_at"": 64.0, ""lane_id"": ""cw_0"", ""road_id"": ""cw""}"
replay-cam-1008-veh_006-000057,cam-1008-veh_006-000013,case-intersection-1008-veh_006-replay,root-732bbc1af557c50a78ee1969,1008,veh_006,ps-65fe799408ea4704,CAM,20.0,501.6,215.10187627093873,16.00866098470986,-0.28562780352775263,501.6,215.10187627093873,16.00866098470986,-0.28562780352775263,nonce-732bbc1af557c50a78ee,True,False,replay,True,11,"{""attack_ended_at"": 20.0, ""case_opened_at"": 20.0, ""lane_id"": ""sc_0"", ""road_id"": ""sc""}"
cam-1008-veh_007-000056,cam-1008-veh_007-000056,case-intersection-1008-veh_007-benign,root-1716bc7fb718999785eb36e4,1008,veh_007,ps-30c2a00c607f04e2,CAM,64.0,498.4,83.55342016057568,16.16949462881312,0.17970263793133157,498.4,83.55342016057568,16.16949462881312,0.17970263793133157,nonce-1716bc7fb718999785eb,True,False,benign,False,0,"{""attack_ended_at"": 64.0, ""case_opened_at"": 64.0, ""lane_id"": ""cs_0"", ""road_id"": ""cs""}"
cam-1008-veh_008-000055,cam-1008-veh_008-000055,case-intersection-1008-veh_008-certificate_tamper,root-fba394d2065855592f5dac15,1008,veh_008,ps-82218acb1d94705f,CAM,64.0,498.772572510751,498.4,7.510790055263643,2.1280120473075668,498.772572510751,498.4,7.510790055263643,2.1280120473075668,nonce-fba394d2065855592f5d,False,False,certificate_tamper,True,0,"{""attack_ended_at"": 76.0, ""case_opened_at"": 24.0, ""lane_id"": "":c_10_0"", ""road_id"": "":c_10""}"
cam-1008-veh_009-000054,cam-1008-veh_009-000054,case-intersection-1008-veh_009-benign,root-56af4fcdf51811d2f4791d24,1008,veh_009,ps-7ceb479c74f04f24,CAM,64.0,491.3618846828491,501.6,10.145581384930445,1.5686991059335647,491.3618846828491,501.6,10.145581384930445,1.5686991059335647,nonce-56af4fcdf51811d2f479,True,False,benign,False,0,"{""attack_ended_at"": 64.0, ""case_opened_at"": 64.0, ""lane_id"": ""cw_0"", ""road_id"": ""cw""}"
cam-1008-veh_010-000053-f0,cam-1008-veh_010-000053,case-intersection-1008-veh_010-flood,root-fc31c5560ddc05b4b8f65774,1008,veh_010,ps-3210978143869c35,CAM,64.0,501.6,824.1242418830439,14.471354036950377,0.22251159784032026,501.6,824.1242418830439,14.471354036950377,0.22251159784032026,nonce-fc31c5560ddc05b4b8f6,True,False,flood,True,0,"{""attack_ended_at"": 78.0, ""case_opened_at"": 26.0, ""lane_id"": ""cn_0"", ""road_id"": ""cn""}"
cam-1008-veh_010-000053-f1,cam-1008-veh_010-000053,case-intersection-1008-veh_010-flood,root-fc31c5560ddc05b4b8f65774,1008,veh_010,ps-3210978143869c35,CAM,64.0,501.6,824.1242418830439,14.471354036950377,0.22251159784032026,501.6,824.1242418830439,14.471354036950377,0.22251159784032026,nonce-fc31c5560ddc05b4b8f6,True,False,flood,True,1,"{""attack_ended_at"": 78.0, ""case_opened_at"": 26.0, ""lane_id"": ""cn_0"", ""road_id"": ""cn""}"
cam-1008-veh_010-000053-f2,cam-1008-veh_010-000053,case-intersection-1008-veh_010-flood,root-fc31c5560ddc05b4b8f65774,1008,veh_010,ps-3210978143869c35,CAM,64.0,501.6,824.1242418830439,14.471354036950377,0.22251159784032026,501.6,824.1242418830439,14.471354036950377,0.22251159784032026,nonce-fc31c5560ddc05b4b8f6,True,False,flood,True,2,"{""attack_ended_at"": 78.0, ""case_opened_at"": 26.0, ""lane_id"": ""cn_0"", ""road_id"": ""cn""}"
cam-1008-veh_010-000053-f3,cam-1008-veh_010-000053,case-intersection-1008-veh_010-flood,root-fc31c5560ddc05b4b8f65774,1008,veh_010,ps-3210978143869c35,CAM,64.0,501.6,824.1242418830439,14.471354036950377,0.22251159784032026,501.6,824.1242418830439,14.471354036950377,0.22251159784032026,nonce-fc31c5560ddc05b4b8f6,True,False,flood,True,3,"{""attack_ended_at"": 78.0, ""case_opened_at"": 26.0, ""lane_id"": ""cn_0"", ""road_id"": ""cn""}"
cam-1008-veh_010-000053-f4,cam-1008-veh_010-000053,case-intersection-1008-veh_010-flood,root-fc31c5560ddc05b4b8f65774,1008,veh_010,ps-3210978143869c35,CAM,64.0,501.6,824.1242418830439,14.471354036950377,0.22251159784032026,501.6,824.1242418830439,14.471354036950377,0.22251159784032026,nonce-fc31c5560ddc05b4b8f6,True,False,flood,True,4,"{""attack_ended_at"": 78.0, ""case_opened_at"": 26.0, ""lane_id"": ""cn_0"", ""road_id"": ""cn""}"
cam-1008-veh_011-000052,cam-1008-veh_011-000052,case-intersection-1008-veh_011-benign,root-0215e2c192f7629cf4b36b48,1008,veh_011,ps-8a5d63d2056fbe7e,CAM,64.0,498.4,215.95252633143627,15.210956982619749,0.13015120026189742,498.4,215.95252633143627,15.210956982619749,0.13015120026189742,nonce-0215e2c192f7629cf4b3,True,False,benign,False,0,"{""attack_ended_at"": 64.0, ""case_opened_at"": 64.0, ""lane_id"": ""cs_0"", ""road_id"": ""cs""}"
cam-1008-veh_012-000051,cam-1008-veh_012-000051,case-intersection-1008-veh_012-false_denm,root-ce325677c963760d8b39d213,1008,veh_012,ps-d55e51c88c138a2d,CAM,64.0,483.15620118574014,498.4,5.438993550599021,1.0134471425661227,483.15620118574014,498.4,5.438993550599021,1.0134471425661227,nonce-ce325677c963760d8b39,True,False,false_denm,True,0,"{""attack_ended_at"": 80.0, ""case_opened_at"": 28.0, ""lane_id"": ""wc_0"", ""road_id"": ""wc""}"
cam-1008-veh_013-000050,cam-1008-veh_013-000050,case-intersection-1008-veh_013-benign,root-3e4ac6936c33c98223dcb1d9,1008,veh_013,ps-c612038c409b5d43,CAM,64.0,513.4635090491151,501.6,7.021944091690047,1.973499288754538,513.4635090491151,501.6,7.021944091690047,1.973499288754538,nonce-3e4ac6936c33c98223dc,True,False,benign,False,0,"{""attack_ended_at"": 64.0, ""case_opened_at"": 64.0, ""lane_id"": ""ec_0"", ""road_id"": ""ec""}"
cam-1008-veh_014-000049-m0,cam-1008-veh_014-000049,case-intersection-1008-veh_014-mixed,root-55e0de581bf734cdc8a19cc0,1008,veh_014,ps-1c0f8ece3ddb0b0c,DENM,64.0,501.6,722.8571343366837,14.397262955706955,0.015646659261546958,546.6,731.8571343366837,22.397262955706957,0.015646659261546958,nonce-55e0de581bf734cdc8a1,True,True,mixed,True,0,"{""attack_ended_at"": 82.0, ""case_opened_at"": 30.0, ""lane_id"": ""cn_0"", ""road_id"": ""cn""}"
cam-1008-veh_014-000049-m1,cam-1008-veh_014-000049,case-intersection-1008-veh_014-mixed,root-55e0de581bf734cdc8a19cc0,1008,veh_014,ps-1c0f8ece3ddb0b0c,DENM,64.0,501.6,722.8571343366837,14.397262955706955,0.015646659261546958,546.6,731.8571343366837,22.397262955706957,0.015646659261546958,nonce-55e0de581bf734cdc8a1,True,True,mixed,True,1,"{""attack_ended_at"": 82.0, ""case_opened_at"": 30.0, ""lane_id"": ""cn_0"", ""road_id"": ""cn""}"
cam-1008-veh_014-000049-m2,cam-1008-veh_014-000049,case-intersection-1008-veh_014-mixed,root-55e0de581bf734cdc8a19cc0,1008,veh_014,ps-1c0f8ece3ddb0b0c,DENM,64.0,501.6,722.8571343366837,14.397262955706955,0.015646659261546958,546.6,731.8571343366837,22.397262955706957,0.015646659261546958,nonce-55e0de581bf734cdc8a1,True,True,mixed,True,2,"{""attack_ended_at"": 82.0, ""case_opened_at"": 30.0, ""lane_id"": ""cn_0"", ""road_id"": ""cn""}"
cam-1008-veh_014-000049-m3,cam-1008-veh_014-000049,case-intersection-1008-veh_014-mixed,root-55e0de581bf734cdc8a19cc0,1008,veh_014,ps-1c0f8ece3ddb0b0c,DENM,64.0,501.6,722.8571343366837,14.397262955706955,0.015646659261546958,546.6,731.8571343366837,22.397262955706957,0.015646659261546958,nonce-55e0de581bf734cdc8a1,True,True,mixed,True,3,"{""attack_ended_at"": 82.0, ""case_opened_at"": 30.0, ""lane_id"": ""cn_0"", ""road_id"": ""cn""}"
cam-1008-veh_015-000048,cam-1008-veh_015-000048,case-intersection-1008-veh_015-benign,root-d59a9981ad7fd268eb443e78,1008,veh_015,ps-77b1c1c85865d133,CAM,64.0,498.4,278.8508717351716,15.156648939762512,-0.09054430166725069,498.4,278.8508717351716,15.156648939762512,-0.09054430166725069,nonce-d59a9981ad7fd268eb44,True,False,benign,False,0,"{""attack_ended_at"": 64.0, ""case_opened_at"": 64.0, ""lane_id"": ""cs_0"", ""road_id"": ""cs""}"
cam-1008-veh_016-000047,cam-1008-veh_016-000047,case-intersection-1008-veh_016-benign,root-10939d50c25a9d6b01572211,1008,veh_016,ps-1e0348b1d8bfe014,CAM,64.0,469.2361862168134,498.4,3.9423948931555546,2.0851188730914147,469.2361862168134,498.4,3.9423948931555546,2.0851188730914147,nonce-10939d50c25a9d6b0157,True,False,benign,False,0,"{""attack_ended_at"": 64.0, ""case_opened_at"": 64.0, ""lane_id"": ""wc_0"", ""road_id"": ""wc""}"
cam-1008-veh_017-000046,cam-1008-veh_017-000046,case-intersection-1008-veh_017-benign,root-4cbf7aba36bdb9a39cd5976f,1008,veh_017,ps-31646c93226ae98c,CAM,64.0,528.1987300435349,501.6,5.249919571035831,2.33178917148944,528.1987300435349,501.6,5.249919571035831,2.33178917148944,nonce-4cbf7aba36bdb9a39cd5,True,False,benign,False,0,"{""attack_ended_at"": 64.0, ""case_opened_at"": 64.0, ""lane_id"": ""ec_0"", ""road_id"": ""ec""}"
cam-1008-veh_018-000045,cam-1008-veh_018-000045,case-intersection-1008-veh_018-benign,root-0f3d5a2e18ad489de2191d00,1008,veh_018,ps-55c539e5052cea58,CAM,64.0,501.6,648.2185270439095,13.964414689725238,-0.5885620350530374,501.6,648.2185270439095,13.964414689725238,-0.5885620350530374,nonce-0f3d5a2e18ad489de219,True,False,benign,False,0,"{""attack_ended_at"": 64.0, ""case_opened_at"": 64.0, ""lane_id"": ""cn_0"", ""road_id"": ""cn""}"
cam-1008-veh_019-000044,cam-1008-veh_019-000044,case-intersection-1008-veh_019-benign,root-61d6143053ae57b9f60dd51a,1008,veh_019,ps-6e220b4f697c2cd3,CAM,64.0,498.4,342.4602413653418,15.188197014915431,0.6994377884734426,498.4,342.4602413653418,15.188197014915431,0.6994377884734426,nonce-61d6143053ae57b9f60d,True,False,benign,False,0,"{""attack_ended_at"": 64.0, ""case_opened_at"": 64.0, ""lane_id"": ""cs_0"", ""road_id"": ""cs""}"
cam-1008-veh_020-000043,cam-1008-veh_020-000043,case-intersection-1008-veh_020-benign,root-fc13544559ecf73fa94b6fcc,1008,veh_020,ps-fb97d0e5da402071,CAM,64.0,457.1944953718784,498.4,1.4769771820554798,0.9532390732928344,457.1944953718784,498.4,1.4769771820554798,0.9532390732928344,nonce-fc13544559ecf73fa94b,True,False,benign,False,0,"{""attack_ended_at"": 64.0, ""case_opened_at"": 64.0, ""lane_id"": ""wc_0"", ""road_id"": ""wc""}"
cam-1008-veh_021-000042,cam-1008-veh_021-000042,case-intersection-1008-veh_021-benign,root-3e19225d65aea5171c65ea96,1008,veh_021,ps-7461357a64efe09e,CAM,64.0,541.3412810813497,501.6,2.806595654447971,2.148332530277145,541.3412810813497,501.6,2.806595654447971,2.148332530277145,nonce-3e19225d65aea5171c65,True,False,benign,False,0,"{""attack_ended_at"": 64.0, ""case_opened_at"": 64.0, ""lane_id"": ""ec_0"", ""road_id"": ""ec""}"
cam-1008-veh_022-000041,cam-1008-veh_022-000041,case-intersection-1008-veh_022-benign,root-67c2d0f058a6c83cd149ecf9,1008,veh_022,ps-b515230e59090b79,CAM,64.0,501.6,624.4727267092618,14.380302358742021,-0.028318736892872565,501.6,624.4727267092618,14.380302358742021,-0.028318736892872565,nonce-67c2d0f058a6c83cd149,True,False,benign,False,0,"{""attack_ended_at"": 64.0, ""case_opened_at"": 64.0, ""lane_id"": ""cn_0"", ""road_id"": ""cn""}"
cam-1008-veh_023-000040,cam-1008-veh_023-000040,case-intersection-1008-veh_023-benign,root-7d5260b9cf79f5cd5c6c4294,1008,veh_023,ps-92555cef08137c2d,CAM,64.0,498.4,401.7049611741768,14.642041398228386,0.017911901115439832,498.4,401.7049611741768,14.642041398228386,0.017911901115439832,nonce-7d5260b9cf79f5cd5c6c,True,False,benign,False,0,"{""attack_ended_at"": 64.0, ""case_opened_at"": 64.0, ""lane_id"": ""cs_0"", ""road_id"": ""cs""}"
cam-1008-veh_000-000064,cam-1008-veh_000-000064,case-intersection-1008-veh_000-benign,root-dbe8533c50657e007f9783c4,1008,veh_000,ps-c836b37964202f27,CAM,65.0,565.3600038594467,498.4,16.41753382172436,2.0228400774596906,565.3600038594467,498.4,16.41753382172436,2.0228400774596906,nonce-dbe8533c50657e007f97,True,False,benign,False,0,"{""attack_ended_at"": 65.0, ""case_opened_at"": 65.0, ""lane_id"": ""ce_0"", ""road_id"": ""ce""}"
cam-1008-veh_001-000063,cam-1008-veh_001-000063,case-intersection-1008-veh_001-benign,root-18eb2b3adc2681088ba3aef4,1008,veh_001,ps-06cf0c7bb8481f37,CAM,65.0,425.36685693153,501.6,16.40592410018202,0.21598722844384355,425.36685693153,501.6,16.40592410018202,0.21598722844384355,nonce-18eb2b3adc2681088ba3,True,False,benign,False,0,"{""attack_ended_at"": 65.0, ""case_opened_at"": 65.0, ""lane_id"": ""cw_0"", ""road_id"": ""cw""}"
cam-1008-veh_002-000062,cam-1008-veh_002-000062,case-intersection-1008-veh_002-position_offset,root-0111cd15fcc1a1ae916cfdcb,1008,veh_002,ps-c10217be2cfbfbad,CAM,65.0,501.6,886.0972907805715,14.58869213467791,0.11077335489448181,566.6,902.3472907805715,14.58869213467791,0.11077335489448181,nonce-0111cd15fcc1a1ae916c,True,False,position_offset,True,0,"{""attack_ended_at"": 70.0, ""case_opened_at"": 18.0, ""lane_id"": ""cn_0"", ""road_id"": ""cn""}"
cam-1008-veh_003-000061,cam-1008-veh_003-000061,case-intersection-1008-veh_003-benign,root-87170adc394495c19b3064c4,1008,veh_003,ps-b84d6e13ef43c957,CAM,65.0,498.4,4.213775140987593,15.966709027951586,-0.5834938059886898,498.4,4.213775140987593,15.966709027951586,-0.5834938059886898,nonce-87170adc394495c19b30,True,False,benign,False,0,"{""attack_ended_at"": 65.0, ""case_opened_at"": 65.0, ""lane_id"": ""cs_0"", ""road_id"": ""cs""}"
cam-1008-veh_004-000060,cam-1008-veh_004-000060,case-intersection-1008-veh_004-speed_offset,root-b856f2681b60b19f3f990700,1008,veh_004,ps-a4ec7ac7ed69787f,CAM,65.0,536.0448960510718,498.4,13.381138776333456,1.9197231901809566,536.0448960510718,498.4,24.381138776333458,1.9197231901809566,nonce-b856f2681b60b19f3f99,True,False,speed_offset,True,0,"{""attack_ended_at"": 72.0, ""case_opened_at"": 20.0, ""lane_id"": ""ce_0"", ""road_id"": ""ce""}"
cam-1008-veh_005-000059,cam-1008-veh_005-000059,case-intersection-1008-veh_005-benign,root-9e52ca1cd5fd73bda3647b2f,1008,veh_005,ps-969b062779822854,CAM,65.0,455.3059545963488,501.6,15.07349353788357,2.5488860068516797,455.3059545963488,501.6,15.07349353788357,2.5488860068516797,nonce-9e52ca1cd5fd73bda364,True,False,benign,False,0,"{""attack_ended_at"": 65.0, ""case_opened_at"": 65.0, ""lane_id"": ""cw_0"", ""road_id"": ""cw""}"
replay-cam-1008-veh_006-000058,cam-1008-veh_006-000014,case-intersection-1008-veh_006-replay,root-e6073782afc54a5381804d00,1008,veh_006,ps-65fe799408ea4704,CAM,21.0,501.6,231.44104983772158,16.339173566782847,0.3305125820729877,501.6,231.44104983772158,16.339173566782847,0.3305125820729877,nonce-e6073782afc54a538180,True,False,replay,True,11,"{""attack_ended_at"": 21.0, ""case_opened_at"": 21.0, ""lane_id"": ""sc_0"", ""road_id"": ""sc""}"
cam-1008-veh_007-000057,cam-1008-veh_007-000057,case-intersection-1008-veh_007-benign,root-c9537a1ca2d72c06c961f4f1,1008,veh_007,ps-30c2a00c607f04e2,CAM,65.0,498.4,67.62934885335147,15.924071307224223,-0.24542332158889657,498.4,67.62934885335147,15.924071307224223,-0.24542332158889657,nonce-c9537a1ca2d72c06c961,True,False,benign,False,0,"{""attack_ended_at"": 65.0, ""case_opened_at"": 65.0, ""lane_id"": ""cs_0"", ""road_id"": ""cs""}"
cam-1008-veh_008-000056,cam-1008-veh_008-000056,case-intersection-1008-veh_008-certificate_tamper,root-0e52a804797770554c84bc1e,1008,veh_008,ps-82218acb1d94705f,CAM,65.0,508.47062316963996,498.4,9.69805065888897,2.1872606036253277,508.47062316963996,498.4,9.69805065888897,2.1872606036253277,nonce-0e52a804797770554c84,False,False,certificate_tamper,True,0,"{""attack_ended_at"": 76.0, ""case_opened_at"": 24.0, ""lane_id"": ""ce_0"", ""road_id"": ""ce""}"
cam-1008-veh_009-000055,cam-1008-veh_009-000055,case-intersection-1008-veh_009-benign,root-e99438d27b83423023af5f9f,1008,veh_009,ps-7ceb479c74f04f24,CAM,65.0,478.9855090836244,501.6,12.376375599224737,2.230794214294292,478.9855090836244,501.6,12.376375599224737,2.230794214294292,nonce-e99438d27b83423023af,True,False,benign,False,0,"{""attack_ended_at"": 65.0, ""case_opened_at"": 65.0, ""lane_id"": ""cw_0"", ""road_id"": ""cw""}"
cam-1008-veh_010-000054-f0,cam-1008-veh_010-000054,case-intersection-1008-veh_010-flood,root-f6c098b287f7cd71b08a173e,1008,veh_010,ps-3210978143869c35,CAM,65.0,501.6,838.4436965818296,14.319454698785696,-0.1518993381646805,501.6,838.4436965818296,14.319454698785696,-0.1518993381646805,nonce-f6c098b287f7cd71b08a,True,False,flood,True,0,"{""attack_ended_at"": 78.0, ""case_opened_at"": 26.0, ""lane_id"": ""cn_0"", ""road_id"": ""cn""}"
cam-1008-veh_010-000054-f1,cam-1008-veh_010-000054,case-intersection-1008-veh_010-flood,root-f6c098b287f7cd71b08a173e,1008,veh_010,ps-3210978143869c35,CAM,65.0,501.6,838.4436965818296,14.319454698785696,-0.1518993381646805,501.6,838.4436965818296,14.319454698785696,-0.1518993381646805,nonce-f6c098b287f7cd71b08a,True,False,flood,True,1,"{""attack_ended_at"": 78.0, ""case_opened_at"": 26.0, ""lane_id"": ""cn_0"", ""road_id"": ""cn""}"
cam-1008-veh_010-000054-f2,cam-1008-veh_010-000054,case-intersection-1008-veh_010-flood,root-f6c098b287f7cd71b08a173e,1008,veh_010,ps-3210978143869c35,CAM,65.0,501.6,838.4436965818296,14.319454698785696,-0.1518993381646805,501.6,838.4436965818296,14.319454698785696,-0.1518993381646805,nonce-f6c098b287f7cd71b08a,True,False,flood,True,2,"{""attack_ended_at"": 78.0, ""case_opened_at"": 26.0, ""lane_id"": ""cn_0"", ""road_id"": ""cn""}"
cam-1008-veh_010-000054-f3,cam-1008-veh_010-000054,case-intersection-1008-veh_010-flood,root-f6c098b287f7cd71b08a173e,1008,veh_010,ps-3210978143869c35,CAM,65.0,501.6,838.4436965818296,14.319454698785696,-0.1518993381646805,501.6,838.4436965818296,14.319454698785696,-0.1518993381646805,nonce-f6c098b287f7cd71b08a,True,False,flood,True,3,"{""attack_ended_at"": 78.0, ""case_opened_at"": 26.0, ""lane_id"": ""cn_0"", ""road_id"": ""cn""}"
cam-1008-veh_010-000054-f4,cam-1008-veh_010-000054,case-intersection-1008-veh_010-flood,root-f6c098b287f7cd71b08a173e,1008,veh_010,ps-3210978143869c35,CAM,65.0,501.6,838.4436965818296,14.319454698785696,-0.1518993381646805,501.6,838.4436965818296,14.319454698785696,-0.1518993381646805,nonce-f6c098b287f7cd71b08a,True,False,flood,True,4,"{""attack_ended_at"": 78.0, ""case_opened_at"": 26.0, ""lane_id"": ""cn_0"", ""road_id"": ""cn""}"
cam-1008-veh_011-000053,cam-1008-veh_011-000053,case-intersection-1008-veh_011-benign,root-5636d466d18542edde62770a,1008,veh_011,ps-8a5d63d2056fbe7e,CAM,65.0,498.4,200.81779727273693,15.13472905869937,-0.0762279239203778,498.4,200.81779727273693,15.13472905869937,-0.0762279239203778,nonce-5636d466d18542edde62,True,False,benign,False,0,"{""attack_ended_at"": 65.0, ""case_opened_at"": 65.0, ""lane_id"": ""cs_0"", ""road_id"": ""cs""}"
cam-1008-veh_012-000052,cam-1008-veh_012-000052,case-intersection-1008-veh_012-false_denm,root-8f81680b0e858eeea1812b14,1008,veh_012,ps-d55e51c88c138a2d,CAM,65.0,489.68359370886515,498.4,6.527392523125013,1.0883989725259928,489.68359370886515,498.4,6.527392523125013,1.0883989725259928,nonce-8f81680b0e858eeea181,True,False,false_denm,True,0,"{""attack_ended_at"": 80.0, ""case_opened_at"": 28.0, ""lane_id"": ""wc_0"", ""road_id"": ""wc""}"
cam-1008-veh_013-000051,cam-1008-veh_013-000051,case-intersection-1008-veh_013-benign,root-a4a038c576b1097e16a69501,1008,veh_013,ps-c612038c409b5d43,CAM,65.0,508.1658534759849,501.6,5.297655573130341,-1.7242885185597059,508.1658534759849,501.6,5.297655573130341,-1.7242885185597059,nonce-a4a038c576b1097e16a6,True,False,benign,False,0,"{""attack_ended_at"": 65.0, ""case_opened_at"": 65.0, ""lane_id"": ""ec_0"", ""road_id"": ""ec""}"
cam-1008-veh_014-000050-m0,cam-1008-veh_014-000050,case-intersection-1008-veh_014-mixed,root-46e691c9cafa678d71444b78,1008,veh_014,ps-1c0f8ece3ddb0b0c,DENM,65.0,501.6,737.7982867097876,14.941152373103813,0.5438894173968585,546.6,746.7982867097876,22.94115237310381,0.5438894173968585,nonce-46e691c9cafa678d7144,True,True,mixed,True,0,"{""attack_ended_at"": 82.0, ""case_opened_at"": 30.0, ""lane_id"": ""cn_0"", ""road_id"": ""cn""}"
cam-1008-veh_014-000050-m1,cam-1008-veh_014-000050,case-intersection-1008-veh_014-mixed,root-46e691c9cafa678d71444b78,1008,veh_014,ps-1c0f8ece3ddb0b0c,DENM,65.0,501.6,737.7982867097876,14.941152373103813,0.5438894173968585,546.6,746.7982867097876,22.94115237310381,0.5438894173968585,nonce-46e691c9cafa678d7144,True,True,mixed,True,1,"{""attack_ended_at"": 82.0, ""case_opened_at"": 30.0, ""lane_id"": ""cn_0"", ""road_id"": ""cn""}"
cam-1008-veh_014-000050-m2,cam-1008-veh_014-000050,case-intersection-1008-veh_014-mixed,root-46e691c9cafa678d71444b78,1008,veh_014,ps-1c0f8ece3ddb0b0c,DENM,65.0,501.6,737.7982867097876,14.941152373103813,0.5438894173968585,546.6,746.7982867097876,22.94115237310381,0.5438894173968585,nonce-46e691c9cafa678d7144,True,True,mixed,True,2,"{""attack_ended_at"": 82.0, ""case_opened_at"": 30.0, ""lane_id"": ""cn_0"", ""road_id"": ""cn""}"
cam-1008-veh_014-000050-m3,cam-1008-veh_014-000050,case-intersection-1008-veh_014-mixed,root-46e691c9cafa678d71444b78,1008,veh_014,ps-1c0f8ece3ddb0b0c,DENM,65.0,501.6,737.7982867097876,14.941152373103813,0.5438894173968585,546.6,746.7982867097876,22.94115237310381,0.5438894173968585,nonce-46e691c9cafa678d7144,True,True,mixed,True,3,"{""attack_ended_at"": 82.0, ""case_opened_at"": 30.0, ""lane_id"": ""cn_0"", ""road_id"": ""cn""}"
cam-1008-veh_015-000049,cam-1008-veh_015-000049,case-intersection-1008-veh_015-benign,root-bbd4ce8d381cc1b12a9d66de,1008,veh_015,ps-77b1c1c85865d133,CAM,65.0,498.4,264.1297554270923,14.721116308079349,-0.4355326316831629,498.4,264.1297554270923,14.721116308079349,-0.4355326316831629,nonce-bbd4ce8d381cc1b12a9d,True,False,benign,False,0,"{""attack_ended_at"": 65.0, ""case_opened_at"": 65.0, ""lane_id"": ""cs_0"", ""road_id"": ""cs""}"
cam-1008-veh_016-000048,cam-1008-veh_016-000048,case-intersection-1008-veh_016-benign,root-54af92e11803e5419ea201c6,1008,veh_016,ps-1e0348b1d8bfe014,CAM,65.0,475.0490005132709,498.4,5.812814296457517,1.870419403301962,475.0490005132709,498.4,5.812814296457517,1.870419403301962,nonce-54af92e11803e5419ea2,True,False,benign,False,0,"{""attack_ended_at"": 65.0, ""case_opened_at"": 65.0, ""lane_id"": ""wc_0"", ""road_id"": ""wc""}"
cam-1008-veh_017-000047,cam-1008-veh_017-000047,case-intersection-1008-veh_017-benign,root-2b4dfee32aad13addf0ea6a3,1008,veh_017,ps-31646c93226ae98c,CAM,65.0,521.3636273559569,501.6,6.835102687577998,1.5851831165421668,521.3636273559569,501.6,6.835102687577998,1.5851831165421668,nonce-2b4dfee32aad13addf0e,True,False,benign,False,0,"{""attack_ended_at"": 65.0, ""case_opened_at"": 65.0, ""lane_id"": ""ec_0"", ""road_id"": ""ec""}"
cam-1008-veh_018-000046,cam-1008-veh_018-000046,case-intersection-1008-veh_018-benign,root-48cda04cbbb07ff5222d33f9,1008,veh_018,ps-55c539e5052cea58,CAM,65.0,501.6,662.2082829461515,13.989755902241889,0.025341212516650558,501.6,662.2082829461515,13.989755902241889,0.025341212516650558,nonce-48cda04cbbb07ff5222d,True,False,benign,False,0,"{""attack_ended_at"": 65.0, ""case_opened_at"": 65.0, ""lane_id"": ""cn_0"", ""road_id"": ""cn""}"
cam-1008-veh_019-000045,cam-1008-veh_019-000045,case-intersection-1008-veh_019-benign,root-bfa24f16e87596b7178625de,1008,veh_019,ps-6e220b4f697c2cd3,CAM,65.0,498.4,327.6849024046825,14.775338960659365,-0.41285805425606625,498.4,327.6849024046825,14.775338960659365,-0.41285805425606625,nonce-bfa24f16e87596b71786,True,False,benign,False,0,"{""attack_ended_at"": 65.0, ""case_opened_at"": 65.0, ""lane_id"": ""cs_0"", ""road_id"": ""cs""}"
cam-1008-veh_020-000044,cam-1008-veh_020-000044,case-intersection-1008-veh_020-benign,root-1815d8ebe137bc7b203f530c,1008,veh_020,ps-fb97d0e5da402071,CAM,65.0,461.03543847711006,498.4,3.8409431052316263,2.3639659231761465,461.03543847711006,498.4,3.8409431052316263,2.3639659231761465,nonce-1815d8ebe137bc7b203f,True,False,benign,False,0,"{""attack_ended_at"": 65.0, ""case_opened_at"": 65.0, ""lane_id"": ""wc_0"", ""road_id"": ""wc""}"
cam-1008-veh_021-000043,cam-1008-veh_021-000043,case-intersection-1008-veh_021-benign,root-77ef9ba61c4bbd731a83c53f,1008,veh_021,ps-7461357a64efe09e,CAM,65.0,536.5897507990317,501.6,4.751530282318068,1.9449346278700972,536.5897507990317,501.6,4.751530282318068,1.9449346278700972,nonce-77ef9ba61c4bbd731a83,True,False,benign,False,0,"{""attack_ended_at"": 65.0, ""case_opened_at"": 65.0, ""lane_id"": ""ec_0"", ""road_id"": ""ec""}"
cam-1008-veh_022-000042,cam-1008-veh_022-000042,case-intersection-1008-veh_022-benign,root-9275982f9712a82d7c291bd3,1008,veh_022,ps-b515230e59090b79,CAM,65.0,501.6,638.5386500060231,14.065923296761335,-0.3143790619806861,501.6,638.5386500060231,14.065923296761335,-0.3143790619806861,nonce-9275982f9712a82d7c29,True,False,benign,False,0,"{""attack_ended_at"": 65.0, ""case_opened_at"": 65.0, ""lane_id"": ""cn_0"", ""road_id"": ""cn""}"
cam-1008-veh_023-000041,cam-1008-veh_023-000041,case-intersection-1008-veh_023-benign,root-11e5c271c927a8b6cf87b14b,1008,veh_023,ps-92555cef08137c2d,CAM,65.0,498.4,387.0045374101424,14.700423764034415,0.05838236580602896,498.4,387.0045374101424,14.700423764034415,0.05838236580602896,nonce-11e5c271c927a8b6cf87,True,False,benign,False,0,"{""attack_ended_at"": 65.0, ""case_opened_at"": 65.0, ""lane_id"": ""cs_0"", ""road_id"": ""cs""}"
cam-1008-veh_000-000065,cam-1008-veh_000-000065,case-intersection-1008-veh_000-benign,root-3d777fc83d1fe395f9456d4b,1008,veh_000,ps-c836b37964202f27,CAM,66.0,581.8805681428447,498.4,16.52056428339798,0.1030304616736224,581.8805681428447,498.4,16.52056428339798,0.1030304616736224,nonce-3d777fc83d1fe395f945,True,False,benign,False,0,"{""attack_ended_at"": 66.0, ""case_opened_at"": 66.0, ""lane_id"": ""ce_0"", ""road_id"": ""ce""}"
cam-1008-veh_001-000064,cam-1008-veh_001-000064,case-intersection-1008-veh_001-benign,root-9e307d761969623ce657742b,1008,veh_001,ps-06cf0c7bb8481f37,CAM,66.0,408.82771268182717,501.6,16.539144249702805,0.13322014952078476,408.82771268182717,501.6,16.539144249702805,0.13322014952078476,nonce-9e307d761969623ce657,True,False,benign,False,0,"{""attack_ended_at"": 66.0, ""case_opened_at"": 66.0, ""lane_id"": ""cw_0"", ""road_id"": ""cw""}"
cam-1008-veh_002-000063,cam-1008-veh_002-000063,case-intersection-1008-veh_002-position_offset,root-fffd64ecd0499a4fcd1d505c,1008,veh_002,ps-c10217be2cfbfbad,CAM,66.0,501.6,900.5910016385119,14.493710857940384,-0.09498127673752599,566.6,916.8410016385119,14.493710857940384,-0.09498127673752599,nonce-fffd64ecd0499a4fcd1d,True,False,position_offset,True,0,"{""attack_ended_at"": 70.0, ""case_opened_at"": 18.0, ""lane_id"": ""cn_0"", ""road_id"": ""cn""}"
cam-1008-veh_004-000061,cam-1008-veh_004-000061,case-intersection-1008-veh_004-speed_offset,root-9c3bd6ba7fcb88754e8afad8,1008,veh_004,ps-a4ec7ac7ed69787f,CAM,66.0,551.6145234235212,498.4,15.569627372449428,2.188488596115972,551.6145234235212,498.4,26.56962737244943,2.188488596115972,nonce-9c3bd6ba7fcb88754e8a,True,False,speed_offset,True,0,"{""attack_ended_at"": 72.0, ""case_opened_at"": 20.0, ""lane_id"": ""ce_0"", ""road_id"": ""ce""}"
cam-1008-veh_005-000060,cam-1008-veh_005-000060,case-intersection-1008-veh_005-benign,root-e67cd243836fde107ea71fb0,1008,veh_005,ps-969b062779822854,CAM,66.0,439.38403942422394,501.6,15.921915172124818,0.8484216342412481,439.38403942422394,501.6,15.921915172124818,0.8484216342412481,nonce-e67cd243836fde107ea7,True,False,benign,False,0,"{""attack_ended_at"": 66.0, ""case_opened_at"": 66.0, ""lane_id"": ""cw_0"", ""road_id"": ""cw""}"
replay-cam-1008-veh_006-000059,cam-1008-veh_006-000011,case-intersection-1008-veh_006-replay,root-698ab643fc75e30c21ee9766,1008,veh_006,ps-65fe799408ea4704,CAM,18.0,501.6,182.79892649799126,16.638048100941816,0.2891036247694849,501.6,182.79892649799126,16.638048100941816,0.2891036247694849,nonce-698ab643fc75e30c21ee,True,False,replay,True,12,"{""attack_ended_at"": 18.0, ""case_opened_at"": 18.0, ""lane_id"": ""sc_0"", ""road_id"": ""sc""}"
cam-1008-veh_007-000058,cam-1008-veh_007-000058,case-intersection-1008-veh_007-benign,root-d7d3572c7c0d36beb0786074,1008,veh_007,ps-30c2a00c607f04e2,CAM,66.0,498.4,51.42301767875898,16.20633117459249,0.2822598673682659,498.4,51.42301767875898,16.20633117459249,0.2822598673682659,nonce-d7d3572c7c0d36beb078,True,False,benign,False,0,"{""attack_ended_at"": 66.0, ""case_opened_at"": 66.0, ""lane_id"": ""cs_0"", ""road_id"": ""cs""}"
cam-1008-veh_008-000057,cam-1008-veh_008-000057,case-intersection-1008-veh_008-certificate_tamper,root-8ef9082fece048e177de61c0,1008,veh_008,ps-82218acb1d94705f,CAM,66.0,520.7522881306202,498.4,12.28166496098027,2.5836143020913003,520.7522881306202,498.4,12.28166496098027,2.5836143020913003,nonce-8ef9082fece048e177de,False,False,certificate_tamper,True,0,"{""attack_ended_at"": 76.0, ""case_opened_at"": 24.0, ""lane_id"": ""ce_0"", ""road_id"": ""ce""}"
cam-1008-veh_009-000056,cam-1008-veh_009-000056,case-intersection-1008-veh_009-benign,root-d979396f8102fabda0b6f440,1008,veh_009,ps-7ceb479c74f04f24,CAM,66.0,465.31790093650704,501.6,13.66760814711737,1.2912325478926334,465.31790093650704,501.6,13.66760814711737,1.2912325478926334,nonce-d979396f8102fabda0b6,True,False,benign,False,0,"{""attack_ended_at"": 66.0, ""case_opened_at"": 66.0, ""lane_id"": ""cw_0"", ""road_id"": ""cw""}"
cam-1008-veh_010-000055-f0,cam-1008-veh_010-000055,case-intersection-1008-veh_010-flood,root-c17a431f95a20991cbec48af,1008,veh_010,ps-3210978143869c35,CAM,66.0,501.6,852.6851314807758,14.241434898946197,-0.07801979983949892,501.6,852.6851314807758,14.241434898946197,-0.07801979983949892,nonce-c17a431f95a20991cbec,True,False,flood,True,0,"{""attack_ended_at"": 78.0, ""case_opened_at"": 26.0, ""lane_id"": ""cn_0"", ""road_id"": ""cn""}"
cam-1008-veh_010-000055-f1,cam-1008-veh_010-000055,case-intersection-1008-veh_010-flood,root-c17a431f95a20991cbec48af,1008,veh_010,ps-3210978143869c35,CAM,66.0,501.6,852.6851314807758,14.241434898946197,-0.07801979983949892,501.6,852.6851314807758,14.241434898946197,-0.07801979983949892,nonce-c17a431f95a20991cbec,True,False,flood,True,1,"{""attack_ended_at"": 78.0, ""case_opened_at"": 26.0, ""lane_id"": ""cn_0"", ""road_id"": ""cn""}"
cam-1008-veh_010-000055-f2,cam-1008-veh_010-000055,case-intersection-1008-veh_010-flood,root-c17a431f95a20991cbec48af,1008,veh_010,ps-3210978143869c35,CAM,66.0,501.6,852.6851314807758,14.241434898946197,-0.07801979983949892,501.6,852.6851314807758,14.241434898946197,-0.07801979983949892,nonce-c17a431f95a20991cbec,True,False,flood,True,2,"{""attack_ended_at"": 78.0, ""case_opened_at"": 26.0, ""lane_id"": ""cn_0"", ""road_id"": ""cn""}"
cam-1008-veh_010-000055-f3,cam-1008-veh_010-000055,case-intersection-1008-veh_010-flood,root-c17a431f95a20991cbec48af,1008,veh_010,ps-3210978143869c35,CAM,66.0,501.6,852.6851314807758,14.241434898946197,-0.07801979983949892,501.6,852.6851314807758,14.241434898946197,-0.07801979983949892,nonce-c17a431f95a20991cbec,True,False,flood,True,3,"{""attack_ended_at"": 78.0, ""case_opened_at"": 26.0, ""lane_id"": ""cn_0"", ""road_id"": ""cn""}"
cam-1008-veh_010-000055-f4,cam-1008-veh_010-000055,case-intersection-1008-veh_010-flood,root-c17a431f95a20991cbec48af,1008,veh_010,ps-3210978143869c35,CAM,66.0,501.6,852.6851314807758,14.241434898946197,-0.07801979983949892,501.6,852.6851314807758,14.241434898946197,-0.07801979983949892,nonce-c17a431f95a20991cbec,True,False,flood,True,4,"{""attack_ended_at"": 78.0, ""case_opened_at"": 26.0, ""lane_id"": ""cn_0"", ""road_id"": ""cn""}"
cam-1008-veh_011-000054,cam-1008-veh_011-000054,case-intersection-1008-veh_011-benign,root-229352adfb08ca5accaa2c30,1008,veh_011,ps-8a5d63d2056fbe7e,CAM,66.0,498.4,185.4789079815588,15.338889291178123,0.2041602324787526,498.4,185.4789079815588,15.338889291178123,0.2041602324787526,nonce-229352adfb08ca5accaa,True,False,benign,False,0,"{""attack_ended_at"": 66.0, ""case_opened_at"": 66.0, ""lane_id"": ""cs_0"", ""road_id"": ""cs""}"
cam-1008-veh_012-000053,cam-1008-veh_012-000053,case-intersection-1008-veh_012-false_denm,root-180d9ac156168a681fa71cb2,1008,veh_012,ps-d55e51c88c138a2d,CAM,66.0,498.65907211688904,498.4,8.975478408023914,2.4480858848989007,498.65907211688904,498.4,8.975478408023914,2.4480858848989007,nonce-180d9ac156168a681fa7,True,False,false_denm,True,0,"{""attack_ended_at"": 80.0, ""case_opened_at"": 28.0, ""lane_id"": "":c_10_0"", ""road_id"": "":c_10""}"
cam-1008-veh_013-000052,cam-1008-veh_013-000052,case-intersection-1008-veh_013-benign,root-5136bb469cf35eaccab010c3,1008,veh_013,ps-c612038c409b5d43,CAM,66.0,500.5198268692466,501.6,7.646026606738324,2.3483710336079824,500.5198268692466,501.6,7.646026606738324,2.3483710336079824,nonce-5136bb469cf35eaccab0,True,False,benign,False,0,"{""attack_ended_at"": 66.0, ""case_opened_at"": 66.0, ""lane_id"": "":c_4_0"", ""road_id"": "":c_4""}"
cam-1008-veh_014-000051-m0,cam-1008-veh_014-000051,case-intersection-1008-veh_014-mixed,root-05d0c66899c65fe632c5b436,1008,veh_014,ps-1c0f8ece3ddb0b0c,DENM,66.0,501.6,752.5464093401196,14.748122630332054,-0.19302974277175977,546.6,761.5464093401196,22.748122630332055,-0.19302974277175977,nonce-05d0c66899c65fe632c5,True,True,mixed,True,0,"{""attack_ended_at"": 82.0, ""case_opened_at"": 30.0, ""lane_id"": ""cn_0"", ""road_id"": ""cn""}"
cam-1008-veh_014-000051-m1,cam-1008-veh_014-000051,case-intersection-1008-veh_014-mixed,root-05d0c66899c65fe632c5b436,1008,veh_014,ps-1c0f8ece3ddb0b0c,DENM,66.0,501.6,752.5464093401196,14.748122630332054,-0.19302974277175977,546.6,761.5464093401196,22.748122630332055,-0.19302974277175977,nonce-05d0c66899c65fe632c5,True,True,mixed,True,1,"{""attack_ended_at"": 82.0, ""case_opened_at"": 30.0, ""lane_id"": ""cn_0"", ""road_id"": ""cn""}"
cam-1008-veh_014-000051-m2,cam-1008-veh_014-000051,case-intersection-1008-veh_014-mixed,root-05d0c66899c65fe632c5b436,1008,veh_014,ps-1c0f8ece3ddb0b0c,DENM,66.0,501.6,752.5464093401196,14.748122630332054,-0.19302974277175977,546.6,761.5464093401196,22.748122630332055,-0.19302974277175977,nonce-05d0c66899c65fe632c5,True,True,mixed,True,2,"{""attack_ended_at"": 82.0, ""case_opened_at"": 30.0, ""lane_id"": ""cn_0"", ""road_id"": ""cn""}"
cam-1008-veh_014-000051-m3,cam-1008-veh_014-000051,case-intersection-1008-veh_014-mixed,root-05d0c66899c65fe632c5b436,1008,veh_014,ps-1c0f8ece3ddb0b0c,DENM,66.0,501.6,752.5464093401196,14.748122630332054,-0.19302974277175977,546.6,761.5464093401196,22.748122630332055,-0.19302974277175977,nonce-05d0c66899c65fe632c5,True,True,mixed,True,3,"{""attack_ended_at"": 82.0, ""case_opened_at"": 30.0, ""lane_id"": ""cn_0"", ""road_id"": ""cn""}"
cam-1008-veh_015-000050,cam-1008-veh_015-000050,case-intersection-1008-veh_015-benign,root-64efadfdab1d34fd673c15e4,1008,veh_015,ps-77b1c1c85865d133,CAM,66.0,498.4,248.9697759357017,15.159979491390535,0.43886318331118623,498.4,248.9697759357017,15.159979491390535,0.43886318331118623,nonce-64efadfdab1d34fd673c,True,False,benign,False,0,"{""attack_ended_at"": 66.0, ""case_opened_at"": 66.0, ""lane_id"": ""cs_0"", ""road_id"": ""cs""}"
cam-1008-veh_016-000049,cam-1008-veh_016-000049,case-intersection-1008-veh_016-benign,root-b1af02db9a024acb02e38c89,1008,veh_016,ps-1e0348b1d8bfe014,CAM,66.0,481.6928735771954,498.4,6.6438730639245085,0.8310587674669918,481.6928735771954,498.4,6.6438730639245085,0.8310587674669918,nonce-b1af02db9a024acb02e3,True,False,benign,False,0,"{""attack_ended_at"": 66.0, ""case_opened_at"": 66.0, ""lane_id"": ""wc_0"", ""road_id"": ""wc""}"
cam-1008-veh_017-000048,cam-1008-veh_017-000048,case-intersection-1008-veh_017-benign,root-0bbd63db0d82ea83113db591,1008,veh_017,ps-31646c93226ae98c,CAM,66.0,516.5650603574,501.6,4.798566998556939,-2.0365356890210595,516.5650603574,501.6,4.798566998556939,-2.0365356890210595,nonce-0bbd63db0d82ea83113d,True,False,benign,False,0,"{""attack_ended_at"": 66.0, ""case_opened_at"": 66.0, ""lane_id"": ""ec_0"", ""road_id"": ""ec""}"
cam-1008-veh_018-000047,cam-1008-veh_018-000047,case-intersection-1008-veh_018-benign,root-3095aba494f0746827c1ee15,1008,veh_018,ps-55c539e5052cea58,CAM,66.0,501.6,676.3604838160534,14.15220086990201,0.16244496766012162,501.6,676.3604838160534,14.15220086990201,0.16244496766012162,nonce-3095aba494f0746827c1,True,False,benign,False,0,"{""attack_ended_at"": 66.0, ""case_opened_at"": 66.0, ""lane_id"": ""cn_0"", ""road_id"": ""cn""}"
cam-1008-veh_019-000046,cam-1008-veh_019-000046,case-intersection-1008-veh_019-benign,root-51abc3531a23f47c120e0959,1008,veh_019,ps-6e220b4f697c2cd3,CAM,66.0,498.4,313.2129983409299,14.471904063752527,-0.3034348969068379,498.4,313.2129983409299,14.471904063752527,-0.3034348969068379,nonce-51abc3531a23f47c120e,True,False,benign,False,0,"{""attack_ended_at"": 66.0, ""case_opened_at"": 66.0, ""lane_id"": ""cs_0"", ""road_id"": ""cs""}"
cam-1008-veh_020-000045,cam-1008-veh_020-000045,case-intersection-1008-veh_020-benign,root-2ca0995245218d1130f5c852,1008,veh_020,ps-fb97d0e5da402071,CAM,66.0,466.9102775150053,498.4,5.874839037895244,2.0338959326636177,466.9102775150053,498.4,5.874839037895244,2.0338959326636177,nonce-2ca0995245218d1130f5,True,False,benign,False,0,"{""attack_ended_at"": 66.0, ""case_opened_at"": 66.0, ""lane_id"": ""wc_0"", ""road_id"": ""wc""}"
cam-1008-veh_021-000044,cam-1008-veh_021-000044,case-intersection-1008-veh_021-benign,root-d9449a9149e630755c40df2b,1008,veh_021,ps-7461357a64efe09e,CAM,66.0,529.4961052983142,501.6,7.093645500717447,2.3421152183993783,529.4961052983142,501.6,7.093645500717447,2.3421152183993783,nonce-d9449a9149e630755c40,True,False,benign,False,0,"{""attack_ended_at"": 66.0, ""case_opened_at"": 66.0, ""lane_id"": ""ec_0"", ""road_id"": ""ec""}"
cam-1008-veh_022-000043,cam-1008-veh_022-000043,case-intersection-1008-veh_022-benign,root-881ae1c13a2d7d07cddfafee,1008,veh_022,ps-b515230e59090b79,CAM,66.0,501.6,653.0109774904287,14.472327484405554,0.4064041876442186,501.6,653.0109774904287,14.472327484405554,0.4064041876442186,nonce-881ae1c13a2d7d07cddf,True,False,benign,False,0,"{""attack_ended_at"": 66.0, ""case_opened_at"": 66.0, ""lane_id"": ""cn_0"", ""road_id"": ""cn""}"
cam-1008-veh_023-000042,cam-1008-veh_023-000042,case-intersection-1008-veh_023-benign,root-55b7eb407fa2aceb2a3fedb1,1008,veh_023,ps-92555cef08137c2d,CAM,66.0,498.4,372.1146816196202,14.889855790522189,0.1894320264877738,498.4,372.1146816196202,14.889855790522189,0.1894320264877738,nonce-55b7eb407fa2aceb2a3f,True,False,benign,False,0,"{""attack_ended_at"": 66.0, ""case_opened_at"": 66.0, ""lane_id"": ""cs_0"", ""road_id"": ""cs""}"
cam-1008-veh_000-000066,cam-1008-veh_000-000066,case-intersection-1008-veh_000-benign,root-7bd173375410070f2419d958,1008,veh_000,ps-c836b37964202f27,CAM,67.0,598.2764463533036,498.4,16.395878210458907,-0.12468607293907397,598.2764463533036,498.4,16.395878210458907,-0.12468607293907397,nonce-7bd173375410070f2419,True,False,benign,False,0,"{""attack_ended_at"": 67.0, ""case_opened_at"": 67.0, ""lane_id"": ""ce_0"", ""road_id"": ""ce""}"
cam-1008-veh_001-000065,cam-1008-veh_001-000065,case-intersection-1008-veh_001-benign,root-cb55ea09081ea3645e135427,1008,veh_001,ps-06cf0c7bb8481f37,CAM,67.0,392.66131046456104,501.6,16.166402217266153,-0.37274203243665127,392.66131046456104,501.6,16.166402217266153,-0.37274203243665127,nonce-cb55ea09081ea3645e13,True,False,benign,False,0,"{""attack_ended_at"": 67.0, ""case_opened_at"": 67.0, ""lane_id"": ""cw_0"", ""road_id"": ""cw""}"
cam-1008-veh_002-000064,cam-1008-veh_002-000064,case-intersection-1008-veh_002-position_offset,root-bafde4f58b3f69eea6c31ead,1008,veh_002,ps-c10217be2cfbfbad,CAM,67.0,501.6,914.7444165359728,14.153414897460967,-0.34029596047941624,566.6,930.9944165359728,14.153414897460967,-0.34029596047941624,nonce-bafde4f58b3f69eea6c3,True,False,position_offset,True,0,"{""attack_ended_at"": 70.0, ""case_opened_at"": 18.0, ""lane_id"": ""cn_0"", ""road_id"": ""cn""}"
cam-1008-veh_004-000062,cam-1008-veh_004-000062,case-intersection-1008-veh_004-speed_offset,root-dbd09c8efe4f1f55289c2700,1008,veh_004,ps-a4ec7ac7ed69787f,CAM,67.0,566.76810459193,498.4,15.153581168408671,-0.4160462040407573,566.76810459193,498.4,26.15358116840867,-0.4160462040407573,nonce-dbd09c8efe4f1f55289c,True,False,speed_offset,True,0,"{""attack_ended_at"": 72.0, ""case_opened_at"": 20.0, ""lane_id"": ""ce_0"", ""road_id"": ""ce""}"
cam-1008-veh_005-000061,cam-1008-veh_005-000061,case-intersection-1008-veh_005-benign,root-2861f40dec3310aa5e117bc8,1008,veh_005,ps-969b062779822854,CAM,67.0,423.7729025148308,501.6,15.611136909393199,-0.3107782627316187,423.7729025148308,501.6,15.611136909393199,-0.3107782627316187,nonce-2861f40dec3310aa5e11,True,False,benign,False,0,"{""attack_ended_at"": 67.0, ""case_opened_at"": 67.0, ""lane_id"": ""cw_0"", ""road_id"": ""cw""}"
replay-cam-1008-veh_006-000060,cam-1008-veh_006-000012,case-intersection-1008-veh_006-replay,root-9ea8f4310ed2d98496486915,1008,veh_006,ps-65fe799408ea4704,CAM,19.0,501.6,199.09321528622888,16.294288788237612,-0.34375931270420423,501.6,199.09321528622888,16.294288788237612,-0.34375931270420423,nonce-9ea8f4310ed2d9849648,True,False,replay,True,12,"{""attack_ended_at"": 19.0, ""case_opened_at"": 19.0, ""lane_id"": ""sc_0"", ""road_id"": ""sc""}"
cam-1008-veh_007-000059,cam-1008-veh_007-000059,case-intersection-1008-veh_007-benign,root-9592d8d04910c1d50155438c,1008,veh_007,ps-30c2a00c607f04e2,CAM,67.0,498.4,34.98764969390811,16.435367984850892,0.22903681025840328,498.4,34.98764969390811,16.435367984850892,0.22903681025840328,nonce-9592d8d04910c1d50155,True,False,benign,False,0,"{""attack_ended_at"": 67.0, ""case_opened_at"": 67.0, ""lane_id"": ""cs_0"", ""road_id"": ""cs""}"
cam-1008-veh_008-000058,cam-1008-veh_008-000058,case-intersection-1008-veh_008-certificate_tamper,root-b211d0ed529fd2b149045b17,1008,veh_008,ps-82218acb1d94705f,CAM,67.0,534.9256412667228,498.4,14.173353136102524,1.891688175122253,534.9256412667228,498.4,14.173353136102524,1.891688175122253,nonce-b211d0ed529fd2b14904,False,False,certificate_tamper,True,0,"{""attack_ended_at"": 76.0, ""case_opened_at"": 24.0, ""lane_id"": ""ce_0"", ""road_id"": ""ce""}"
cam-1008-veh_009-000057,cam-1008-veh_009-000057,case-intersection-1008-veh_009-benign,root-3a9e6327ebb2b88b3e59633d,1008,veh_009,ps-7ceb479c74f04f24,CAM,67.0,451.1652338411317,501.6,14.152667095375309,0.4850589482579384,451.1652338411317,501.6,14.152667095375309,0.4850589482579384,nonce-3a9e6327ebb2b88b3e59,True,False,benign,False,0,"{""attack_ended_at"": 67.0, ""case_opened_at"": 67.0, ""lane_id"": ""cw_0"", ""road_id"": ""cw""}"
cam-1008-veh_010-000056-f0,cam-1008-veh_010-000056,case-intersection-1008-veh_010-flood,root-e1daa0feab6675cc48f7bbc2,1008,veh_010,ps-3210978143869c35,CAM,67.0,501.6,867.5431687305859,14.858037249810009,0.6166023508638112,501.6,867.5431687305859,14.858037249810009,0.6166023508638112,nonce-e1daa0feab6675cc48f7,True,False,flood,True,0,"{""attack_ended_at"": 78.0, ""case_opened_at"": 26.0, ""lane_id"": ""cn_0"", ""road_id"": ""cn""}"
cam-1008-veh_010-000056-f1,cam-1008-veh_010-000056,case-intersection-1008-veh_010-flood,root-e1daa0feab6675cc48f7bbc2,1008,veh_010,ps-3210978143869c35,CAM,67.0,501.6,867.5431687305859,14.858037249810009,0.6166023508638112,501.6,867.5431687305859,14.858037249810009,0.6166023508638112,nonce-e1daa0feab6675cc48f7,True,False,flood,True,1,"{""attack_ended_at"": 78.0, ""case_opened_at"": 26.0, ""lane_id"": ""cn_0"", ""road_id"": ""cn""}"
cam-1008-veh_010-000056-f2,cam-1008-veh_010-000056,case-intersection-1008-veh_010-flood,root-e1daa0feab6675cc48f7bbc2,1008,veh_010,ps-3210978143869c35,CAM,67.0,501.6,867.5431687305859,14.858037249810009,0.6166023508638112,501.6,867.5431687305859,14.858037249810009,0.6166023508638112,nonce-e1daa0feab6675cc48f7,True,False,flood,True,2,"{""attack_ended_at"": 78.0, ""case_opened_at"": 26.0, ""lane_id"": ""cn_0"", ""road_id"": ""cn""}"
cam-1008-veh_010-000056-f3,cam-1008-veh_010-000056,case-intersection-1008-veh_010-flood,root-e1daa0feab6675cc48f7bbc2,1008,veh_010,ps-3210978143869c35,CAM,67.0,501.6,867.5431687305859,14.858037249810009,0.6166023508638112,501.6,867.5431687305859,14.858037249810009,0.6166023508638112,nonce-e1daa0feab6675cc48f7,True,False,flood,True,3,"{""attack_ended_at"": 78.0, ""case_opened_at"": 26.0, ""lane_id"": ""cn_0"", ""road_id"": ""cn""}"
cam-1008-veh_010-000056-f4,cam-1008-veh_010-000056,case-intersection-1008-veh_010-flood,root-e1daa0feab6675cc48f7bbc2,1008,veh_010,ps-3210978143869c35,CAM,67.0,501.6,867.5431687305859,14.858037249810009,0.6166023508638112,501.6,867.5431687305859,14.858037249810009,0.6166023508638112,nonce-e1daa0feab6675cc48f7,True,False,flood,True,4,"{""attack_ended_at"": 78.0, ""case_opened_at"": 26.0, ""lane_id"": ""cn_0"", ""road_id"": ""cn""}"
cam-1008-veh_011-000055,cam-1008-veh_011-000055,case-intersection-1008-veh_011-benign,root-b7ae38c2bcb2e12edbc922dd,1008,veh_011,ps-8a5d63d2056fbe7e,CAM,67.0,498.4,170.7211848743804,14.757723107178384,-0.5811661839997395,498.4,170.7211848743804,14.757723107178384,-0.5811661839997395,nonce-b7ae38c2bcb2e12edbc9,True,False,benign,False,0,"{""attack_ended_at"": 67.0, ""case_opened_at"": 67.0, ""lane_id"": ""cs_0"", ""road_id"": ""cs""}"
cam-1008-veh_012-000054,cam-1008-veh_012-000054,case-intersection-1008-veh_012-false_denm,root-694937ba903c33fed72ac5b8,1008,veh_012,ps-d55e51c88c138a2d,CAM,67.0,509.99277487013507,498.4,11.33370275324603,2.3582243452221157,509.99277487013507,498.4,11.33370275324603,2.3582243452221157,nonce-694937ba903c33fed72a,True,False,false_denm,True,0,"{""attack_ended_at"": 80.0, ""case_opened_at"": 28.0, ""lane_id"": ""ce_0"", ""road_id"": ""ce""}"
cam-1008-veh_013-000053,cam-1008-veh_013-000053,case-intersection-1008-veh_013-benign,root-30c9a5bdded84673d14e3828,1008,veh_013,ps-c612038c409b5d43,CAM,67.0,490.94413551870485,501.6,9.575691350541765,1.9296647438034418,490.94413551870485,501.6,9.575691350541765,1.9296647438034418,nonce-30c9a5bdded84673d14e,True,False,benign,False,0,"{""attack_ended_at"": 67.0, ""case_opened_at"": 67.0, ""lane_id"": ""cw_0"", ""road_id"": ""cw""}"
cam-1008-veh_014-000052-m0,cam-1008-veh_014-000052,case-intersection-1008-veh_014-mixed,root-db5ac2d13a911082ef2cf90e,1008,veh_014,ps-1c0f8ece3ddb0b0c,DENM,67.0,501.6,767.5256070288494,14.97919768872989,0.23107505839783649,546.6,776.5256070288494,22.97919768872989,0.23107505839783649,nonce-db5ac2d13a911082ef2c,True,True,mixed,True,0,"{""attack_ended_at"": 82.0, ""case_opened_at"": 30.0, ""lane_id"": ""cn_0"", ""road_id"": ""cn""}"
cam-1008-veh_014-000052-m1,cam-1008-veh_014-000052,case-intersection-1008-veh_014-mixed,root-db5ac2d13a911082ef2cf90e,1008,veh_014,ps-1c0f8ece3ddb0b0c,DENM,67.0,501.6,767.5256070288494,14.97919768872989,0.23107505839783649,546.6,776.5256070288494,22.97919768872989,0.23107505839783649,nonce-db5ac2d13a911082ef2c,True,True,mixed,True,1,"{""attack_ended_at"": 82.0, ""case_opened_at"": 30.0, ""lane_id"": ""cn_0"", ""road_id"": ""cn""}"
cam-1008-veh_014-000052-m2,cam-1008-veh_014-000052,case-intersection-1008-veh_014-mixed,root-db5ac2d13a911082ef2cf90e,1008,veh_014,ps-1c0f8ece3ddb0b0c,DENM,67.0,501.6,767.5256070288494,14.97919768872989,0.23107505839783649,546.6,776.5256070288494,22.97919768872989,0.23107505839783649,nonce-db5ac2d13a911082ef2c,True,True,mixed,True,2,"{""attack_ended_at"": 82.0, ""case_opened_at"": 30.0, ""lane_id"": ""cn_0"", ""road_id"": ""cn""}"
cam-1008-veh_014-000052-m3,cam-1008-veh_014-000052,case-intersection-1008-veh_014-mixed,root-db5ac2d13a911082ef2cf90e,1008,veh_014,ps-1c0f8ece3ddb0b0c,DENM,67.0,501.6,767.5256070288494,14.97919768872989,0.23107505839783649,546.6,776.5256070288494,22.97919768872989,0.23107505839783649,nonce-db5ac2d13a911082ef2c,True,True,mixed,True,3,"{""attack_ended_at"": 82.0, ""case_opened_at"": 30.0, ""lane_id"": ""cn_0"", ""road_id"": ""cn""}"
cam-1008-veh_015-000051,cam-1008-veh_015-000051,case-intersection-1008-veh_015-benign,root-8d2006f0241d154ed147711b,1008,veh_015,ps-77b1c1c85865d133,CAM,67.0,498.4,234.04877718198895,14.92099875371276,-0.2389807376777746,498.4,234.04877718198895,14.92099875371276,-0.2389807376777746,nonce-8d2006f0241d154ed147,True,False,benign,False,0,"{""attack_ended_at"": 67.0, ""case_opened_at"": 67.0, ""lane_id"": ""cs_0"", ""road_id"": ""cs""}"
cam-1008-veh_016-000050,cam-1008-veh_016-000050,case-intersection-1008-veh_016-benign,root-af1d9142b1a499d36eaf2454,1008,veh_016,ps-1e0348b1d8bfe014,CAM,67.0,489.1103031778686,498.4,7.417429600673164,0.7735565367486554,489.1103031778686,498.4,7.417429600673164,0.7735565367486554,nonce-af1d9142b1a499d36eaf,True,False,benign,False,0,"{""attack_ended_at"": 67.0, ""case_opened_at"": 67.0, ""lane_id"": ""wc_0"", ""road_id"": ""wc""}"
cam-1008-veh_017-000049,cam-1008-veh_017-000049,case-intersection-1008-veh_017-benign,root-5776ca1791a65191d180187d,1008,veh_017,ps-31646c93226ae98c,CAM,67.0,510.2391001748381,501.6,6.325960182561874,1.5273931840049357,510.2391001748381,501.6,6.325960182561874,1.5273931840049357,nonce-5776ca1791a65191d180,True,False,benign,False,0,"{""attack_ended_at"": 67.0, ""case_opened_at"": 67.0, ""lane_id"": ""ec_0"", ""road_id"": ""ec""}"
cam-1008-veh_018-000048,cam-1008-veh_018-000048,case-intersection-1008-veh_018-benign,root-f9a20f2d5d8de07334916586,1008,veh_018,ps-55c539e5052cea58,CAM,67.0,501.6,690.7027726551236,14.3422888390701,0.1900879691680899,501.6,690.7027726551236,14.3422888390701,0.1900879691680899,nonce-f9a20f2d5d8de0733491,True,False,benign,False,0,"{""attack_ended_at"": 67.0, ""case_opened_at"": 67.0, ""lane_id"": ""cn_0"", ""road_id"": ""cn""}"
cam-1008-veh_019-000047,cam-1008-veh_019-000047,case-intersection-1008-veh_019-benign,root-f838f347bf9a33d4b9b799c5,1008,veh_019,ps-6e220b4f697c2cd3,CAM,67.0,498.4,298.5835051735653,14.629493167364645,0.15758910361211775,498.4,298.5835051735653,14.629493167364645,0.15758910361211775,nonce-f838f347bf9a33d4b9b7,True,False,benign,False,0,"{""attack_ended_at"": 67.0, ""case_opened_at"": 67.0, ""lane_id"": ""cs_0"", ""road_id"": ""cs""}"
cam-1008-veh_020-000046,cam-1008-veh_020-000046,case-intersection-1008-veh_020-benign,root-1d57046f561693a8df34d73f,1008,veh_020,ps-fb97d0e5da402071,CAM,67.0,473.7677700663665,498.4,6.857492551361216,0.982653513465972,473.7677700663665,498.4,6.857492551361216,0.982653513465972,nonce-1d57046f561693a8df34,True,False,benign,False,0,"{""attack_ended_at"": 67.0, ""case_opened_at"": 67.0, ""lane_id"": ""wc_0"", ""road_id"": ""wc""}"
cam-1008-veh_021-000045,cam-1008-veh_021-000045,case-intersection-1008-veh_021-benign,root-63e05c4e97443038d965de90,1008,veh_021,ps-7461357a64efe09e,CAM,67.0,524.5094493699678,501.6,4.986655928346293,-2.1069895723711536,524.5094493699678,501.6,4.986655928346293,-2.1069895723711536,nonce-63e05c4e97443038d965,True,False,benign,False,0,"{""attack_ended_at"": 67.0, ""case_opened_at"": 67.0, ""lane_id"": ""ec_0"", ""road_id"": ""ec""}"
cam-1008-veh_022-000044,cam-1008-veh_022-000044,case-intersection-1008-veh_022-benign,root-9ab31f6737bdf3944727a92b,1008,veh_022,ps-b515230e59090b79,CAM,67.0,501.6,667.0284745957618,14.017497105333213,-0.4548303790723409,501.6,667.0284745957618,14.017497105333213,-0.4548303790723409,nonce-9ab31f6737bdf3944727,True,False,benign,False,0,"{""attack_ended_at"": 67.0, ""case_opened_at"": 67.0, ""lane_id"": ""cn_0"", ""road_id"": ""cn""}"
cam-1008-veh_023-000043,cam-1008-veh_023-000043,case-intersection-1008-veh_023-benign,root-2804a9d4d765f52319915e4d,1008,veh_023,ps-92555cef08137c2d,CAM,67.0,498.4,357.25989378850255,14.854787831117639,-0.03506795940455021,498.4,357.25989378850255,14.854787831117639,-0.03506795940455021,nonce-2804a9d4d765f5231991,True,False,benign,False,0,"{""attack_ended_at"": 67.0, ""case_opened_at"": 67.0, ""lane_id"": ""cs_0"", ""road_id"": ""cs""}"
cam-1008-veh_000-000067,cam-1008-veh_000-000067,case-intersection-1008-veh_000-benign,root-da0e7e685c8b78f5c3bc2d45,1008,veh_000,ps-c836b37964202f27,CAM,68.0,614.64592880174,498.4,16.369482448436322,-0.026395762022584535,614.64592880174,498.4,16.369482448436322,-0.026395762022584535,nonce-da0e7e685c8b78f5c3bc,True,False,benign,False,0,"{""attack_ended_at"": 68.0, ""case_opened_at"": 68.0, ""lane_id"": ""ce_0"", ""road_id"": ""ce""}"
cam-1008-veh_001-000066,cam-1008-veh_001-000066,case-intersection-1008-veh_001-benign,root-c6be095b6316016683379058,1008,veh_001,ps-06cf0c7bb8481f37,CAM,68.0,376.69408614216655,501.6,15.96722432239447,-0.19917789487168314,376.69408614216655,501.6,15.96722432239447,-0.19917789487168314,nonce-c6be095b631601668337,True,False,benign,False,0,"{""attack_ended_at"": 68.0, ""case_opened_at"": 68.0, ""lane_id"": ""cw_0"", ""road_id"": ""cw""}"
cam-1008-veh_002-000065,cam-1008-veh_002-000065,case-intersection-1008-veh_002-position_offset,root-8c97216b08f44cdf63823e7a,1008,veh_002,ps-c10217be2cfbfbad,CAM,68.0,501.6,929.2692051369554,14.524788600982644,0.37137370352167665,566.6,945.5192051369554,14.524788600982644,0.37137370352167665,nonce-8c97216b08f44cdf6382,True,False,position_offset,True,0,"{""attack_ended_at"": 70.0, ""case_opened_at"": 18.0, ""lane_id"": ""cn_0"", ""road_id"": ""cn""}"
cam-1008-veh_004-000063,cam-1008-veh_004-000063,case-intersection-1008-veh_004-speed_offset,root-fe7659a2a93da60cf51dc66e,1008,veh_004,ps-a4ec7ac7ed69787f,CAM,68.0,581.9828747698485,498.4,15.214770177918652,0.06118900950998096,581.9828747698485,498.4,26.214770177918652,0.06118900950998096,nonce-fe7659a2a93da60cf51d,True,False,speed_offset,True,0,"{""attack_ended_at"": 72.0, ""case_opened_at"": 20.0, ""lane_id"": ""ce_0"", ""road_id"": ""ce""}"
cam-1008-veh_005-000062,cam-1008-veh_005-000062,case-intersection-1008-veh_005-benign,root-d4c334810185dff424b9a61d,1008,veh_005,ps-969b062779822854,CAM,68.0,407.88777270810954,501.6,15.885129806721189,0.2739928973279895,407.88777270810954,501.6,15.885129806721189,0.2739928973279895,nonce-d4c334810185dff424b9,True,False,benign,False,0,"{""attack_ended_at"": 68.0, ""case_opened_at"": 68.0, ""lane_id"": ""cw_0"", ""road_id"": ""cw""}"
replay-cam-1008-veh_006-000061,cam-1008-veh_006-000013,case-intersection-1008-veh_006-replay,root-732bbc1af557c50a78ee1969,1008,veh_006,ps-65fe799408ea4704,CAM,20.0,501.6,215.10187627093873,16.00866098470986,-0.28562780352775263,501.6,215.10187627093873,16.00866098470986,-0.28562780352775263,nonce-732bbc1af557c50a78ee,True,False,replay,True,12,"{""attack_ended_at"": 20.0, ""case_opened_at"": 20.0, ""lane_id"": ""sc_0"", ""road_id"": ""sc""}"
cam-1008-veh_007-000060,cam-1008-veh_007-000060,case-intersection-1008-veh_007-benign,root-fef28f1f9b199c8bb56512ef,1008,veh_007,ps-30c2a00c607f04e2,CAM,68.0,498.4,18.87175168820653,16.115898005701602,-0.31946997914928943,498.4,18.87175168820653,16.115898005701602,-0.31946997914928943,nonce-fef28f1f9b199c8bb565,True,False,benign,False,0,"{""attack_ended_at"": 68.0, ""case_opened_at"": 68.0, ""lane_id"": ""cs_0"", ""road_id"": ""cs""}"
cam-1008-veh_008-000059,cam-1008-veh_008-000059,case-intersection-1008-veh_008-certificate_tamper,root-47f2171ba231094dd839c9a5,1008,veh_008,ps-82218acb1d94705f,CAM,68.0,551.3232920594751,498.4,16.397650792752394,2.2242976566498704,551.3232920594751,498.4,16.397650792752394,2.2242976566498704,nonce-47f2171ba231094dd839,False,False,certificate_tamper,True,0,"{""attack_ended_at"": 76.0, ""case_opened_at"": 24.0, ""lane_id"": ""ce_0"", ""road_id"": ""ce""}"
cam-1008-veh_009-000058,cam-1008-veh_009-000058,case-intersection-1008-veh_009-benign,root-45cbc3fa031bd97590a78913,1008,veh_009,ps-7ceb479c74f04f24,CAM,68.0,437.4526206766909,501.6,13.71261316444079,-0.4400539309345195,437.4526206766909,501.6,13.71261316444079,-0.4400539309345195,nonce-45cbc3fa031bd97590a7,True,False,benign,False,0,"{""attack_ended_at"": 68.0, ""case_opened_at"": 68.0, ""lane_id"": ""cw_0"", ""road_id"": ""cw""}"
cam-1008-veh_010-000057-f0,cam-1008-veh_010-000057,case-intersection-1008-veh_010-flood,root-0aa68c725f9b30f7803d691f,1008,veh_010,ps-3210978143869c35,CAM,68.0,501.6,882.5831516737194,15.03998294313353,0.18194569332352195,501.6,882.5831516737194,15.03998294313353,0.18194569332352195,nonce-0aa68c725f9b30f7803d,True,False,flood,True,0,"{""attack_ended_at"": 78.0, ""case_opened_at"": 26.0, ""lane_id"": ""cn_0"", ""road_id"": ""cn""}"
cam-1008-veh_010-000057-f1,cam-1008-veh_010-000057,case-intersection-1008-veh_010-flood,root-0aa68c725f9b30f7803d691f,1008,veh_010,ps-3210978143869c35,CAM,68.0,501.6,882.5831516737194,15.03998294313353,0.18194569332352195,501.6,882.5831516737194,15.03998294313353,0.18194569332352195,nonce-0aa68c725f9b30f7803d,True,False,flood,True,1,"{""attack_ended_at"": 78.0, ""case_opened_at"": 26.0, ""lane_id"": ""cn_0"", ""road_id"": ""cn""}"
cam-1008-veh_010-000057-f2,cam-1008-veh_010-000057,case-intersection-1008-veh_010-flood,root-0aa68c725f9b30f7803d691f,1008,veh_010,ps-3210978143869c35,CAM,68.0,501.6,882.5831516737194,15.03998294313353,0.18194569332352195,501.6,882.5831516737194,15.03998294313353,0.18194569332352195,nonce-0aa68c725f9b30f7803d,True,False,flood,True,2,"{""attack_ended_at"": 78.0, ""case_opened_at"": 26.0, ""lane_id"": ""cn_0"", ""road_id"": ""cn""}"
cam-1008-veh_010-000057-f3,cam-1008-veh_010-000057,case-intersection-1008-veh_010-flood,root-0aa68c725f9b30f7803d691f,1008,veh_010,ps-3210978143869c35,CAM,68.0,501.6,882.5831516737194,15.03998294313353,0.18194569332352195,501.6,882.5831516737194,15.03998294313353,0.18194569332352195,nonce-0aa68c725f9b30f7803d,True,False,flood,True,3,"{""attack_ended_at"": 78.0, ""case_opened_at"": 26.0, ""lane_id"": ""cn_0"", ""road_id"": ""cn""}"
cam-1008-veh_010-000057-f4,cam-1008-veh_010-000057,case-intersection-1008-veh_010-flood,root-0aa68c725f9b30f7803d691f,1008,veh_010,ps-3210978143869c35,CAM,68.0,501.6,882.5831516737194,15.03998294313353,0.18194569332352195,501.6,882.5831516737194,15.03998294313353,0.18194569332352195,nonce-0aa68c725f9b30f7803d,True,False,flood,True,4,"{""attack_ended_at"": 78.0, ""case_opened_at"": 26.0, ""lane_id"": ""cn_0"", ""road_id"": ""cn""}"
cam-1008-veh_011-000056,cam-1008-veh_011-000056,case-intersection-1008-veh_011-benign,root-09e5c248d9be98aca6f49adb,1008,veh_011,ps-8a5d63d2056fbe7e,CAM,68.0,498.4,155.40936788478376,15.311816989596622,0.554093882418238,498.4,155.40936788478376,15.311816989596622,0.554093882418238,nonce-09e5c248d9be98aca6f4,True,False,benign,False,0,"{""attack_ended_at"": 68.0, ""case_opened_at"": 68.0, ""lane_id"": ""cs_0"", ""road_id"": ""cs""}"
cam-1008-veh_012-000055,cam-1008-veh_012-000055,case-intersection-1008-veh_012-false_denm,root-4d3ec468e5f7d9725869f3da,1008,veh_012,ps-d55e51c88c138a2d,DENM,68.0,523.6981646175909,498.4,13.705389747455914,2.3716869942098846,523.6981646175909,498.4,13.705389747455914,2.3716869942098846,nonce-4d3ec468e5f7d9725869,True,True,false_denm,True,0,"{""attack_ended_at"": 80.0, ""case_opened_at"": 28.0, ""lane_id"": ""ce_0"", ""road_id"": ""ce""}"
cam-1008-veh_013-000054,cam-1008-veh_013-000054,case-intersection-1008-veh_013-benign,root-5814911050fe494285c3c800,1008,veh_013,ps-c612038c409b5d43,CAM,68.0,479.40019895038154,501.6,11.543936568323279,1.9682452177815133,479.40019895038154,501.6,11.543936568323279,1.9682452177815133,nonce-5814911050fe494285c3,True,False,benign,False,0,"{""attack_ended_at"": 68.0, ""case_opened_at"": 68.0, ""lane_id"": ""cw_0"", ""road_id"": ""cw""}"
cam-1008-veh_014-000053-m0,cam-1008-veh_014-000053,case-intersection-1008-veh_014-mixed,root-aa5e31de16e80b603a50c7d4,1008,veh_014,ps-1c0f8ece3ddb0b0c,DENM,68.0,501.6,781.8174363093287,14.291829280479268,-0.687368408250622,546.6,790.8174363093287,22.29182928047927,-0.687368408250622,nonce-aa5e31de16e80b603a50,True,True,mixed,True,0,"{""attack_ended_at"": 82.0, ""case_opened_at"": 30.0, ""lane_id"": ""cn_0"", ""road_id"": ""cn""}"
cam-1008-veh_014-000053-m1,cam-1008-veh_014-000053,case-intersection-1008-veh_014-mixed,root-aa5e31de16e80b603a50c7d4,1008,veh_014,ps-1c0f8ece3ddb0b0c,DENM,68.0,501.6,781.8174363093287,14.291829280479268,-0.687368408250622,546.6,790.8174363093287,22.29182928047927,-0.687368408250622,nonce-aa5e31de16e80b603a50,True,True,mixed,True,1,"{""attack_ended_at"": 82.0, ""case_opened_at"": 30.0, ""lane_id"": ""cn_0"", ""road_id"": ""cn""}"
cam-1008-veh_014-000053-m2,cam-1008-veh_014-000053,case-intersection-1008-veh_014-mixed,root-aa5e31de16e80b603a50c7d4,1008,veh_014,ps-1c0f8ece3ddb0b0c,DENM,68.0,501.6,781.8174363093287,14.291829280479268,-0.687368408250622,546.6,790.8174363093287,22.29182928047927,-0.687368408250622,nonce-aa5e31de16e80b603a50,True,True,mixed,True,2,"{""attack_ended_at"": 82.0, ""case_opened_at"": 30.0, ""lane_id"": ""cn_0"", ""road_id"": ""cn""}"
cam-1008-veh_014-000053-m3,cam-1008-veh_014-000053,case-intersection-1008-veh_014-mixed,root-aa5e31de16e80b603a50c7d4,1008,veh_014,ps-1c0f8ece3ddb0b0c,DENM,68.0,501.6,781.8174363093287,14.291829280479268,-0.687368408250622,546.6,790.8174363093287,22.29182928047927,-0.687368408250622,nonce-aa5e31de16e80b603a50,True,True,mixed,True,3,"{""attack_ended_at"": 82.0, ""case_opened_at"": 30.0, ""lane_id"": ""cn_0"", ""road_id"": ""cn""}"
cam-1008-veh_015-000052,cam-1008-veh_015-000052,case-intersection-1008-veh_015-benign,root-5688778450cf0d6afb45a32e,1008,veh_015,ps-77b1c1c85865d133,CAM,68.0,498.4,218.82121474993426,15.227562432054679,0.30656367834191833,498.4,218.82121474993426,15.227562432054679,0.30656367834191833,nonce-5688778450cf0d6afb45,True,False,benign,False,0,"{""attack_ended_at"": 68.0, ""case_opened_at"": 68.0, ""lane_id"": ""cs_0"", ""road_id"": ""cs""}"
cam-1008-veh_016-000051,cam-1008-veh_016-000051,case-intersection-1008-veh_016-benign,root-9794cc5c8dc6d4d6d97bf632,1008,veh_016,ps-1e0348b1d8bfe014,CAM,68.0,498.9509765196089,498.4,9.84067334174029,2.423243741067126,498.9509765196089,498.4,9.84067334174029,2.423243741067126,nonce-9794cc5c8dc6d4d6d97b,True,False,benign,False,0,"{""attack_ended_at"": 68.0, ""case_opened_at"": 68.0, ""lane_id"": "":c_10_0"", ""road_id"": "":c_10""}"
cam-1008-veh_017-000050,cam-1008-veh_017-000050,case-intersection-1008-veh_017-benign,root-7616fc9411a00eeeeb426779,1008,veh_017,ps-31646c93226ae98c,CAM,68.0,501.5266773097813,501.6,8.712422865056768,2.3864626824948934,501.5266773097813,501.6,8.712422865056768,2.3864626824948934,nonce-7616fc9411a00eeeeb42,True,False,benign,False,0,"{""attack_ended_at"": 68.0, ""case_opened_at"": 68.0, ""lane_id"": "":c_4_0"", ""road_id"": "":c_4""}"
cam-1008-veh_018-000049,cam-1008-veh_018-000049,case-intersection-1008-veh_018-benign,root-799ed4de14ac373d34626840,1008,veh_018,ps-55c539e5052cea58,CAM,68.0,501.6,705.0967901144062,14.394017459282624,0.05172862021252378,501.6,705.0967901144062,14.394017459282624,0.05172862021252378,nonce-799ed4de14ac373d3462,True,False,benign,False,0,"{""attack_ended_at"": 68.0, ""case_opened_at"": 68.0, ""lane_id"": ""cn_0"", ""road_id"": ""cn""}"
cam-1008-veh_019-000048,cam-1008-veh_019-000048,case-intersection-1008-veh_019-benign,root-b251b28d116ad98b040d1ef0,1008,veh_019,ps-6e220b4f697c2cd3,CAM,68.0,498.4,283.5147436879862,15.068761485579097,0.43926831821445234,498.4,283.5147436879862,15.068761485579097,0.43926831821445234,nonce-b251b28d116ad98b040d,True,False,benign,False,0,"{""attack_ended_at"": 68.0, ""case_opened_at"": 68.0, ""lane_id"": ""cs_0"", ""road_id"": ""cs""}"
cam-1008-veh_020-000047,cam-1008-veh_020-000047,case-intersection-1008-veh_020-benign,root-f3928698527e67eb55770b57,1008,veh_020,ps-fb97d0e5da402071,CAM,68.0,480.9828671584535,498.4,7.215097092086951,0.35760454072573467,480.9828671584535,498.4,7.215097092086951,0.35760454072573467,nonce-f3928698527e67eb5577,True,False,benign,False,0,"{""attack_ended_at"": 68.0, ""case_opened_at"": 68.0, ""lane_id"": ""wc_0"", ""road_id"": ""wc""}"
cam-1008-veh_021-000046,cam-1008-veh_021-000046,case-intersection-1008-veh_021-benign,root-7a8c5f587c3b10183f0da031,1008,veh_021,ps-7461357a64efe09e,CAM,68.0,518.3698745675492,501.6,6.1395748024186725,1.1529188740723795,518.3698745675492,501.6,6.1395748024186725,1.1529188740723795,nonce-7a8c5f587c3b10183f0d,True,False,benign,False,0,"{""attack_ended_at"": 68.0, ""case_opened_at"": 68.0, ""lane_id"": ""ec_0"", ""road_id"": ""ec""}"
cam-1008-veh_022-000045,cam-1008-veh_022-000045,case-intersection-1008-veh_022-benign,root-753fa3f027f398701cc47b64,1008,veh_022,ps-b515230e59090b79,CAM,68.0,501.6,681.2574669673602,14.228992371598398,0.21149526626518522,501.6,681.2574669673602,14.228992371598398,0.21149526626518522,nonce-753fa3f027f398701cc4,True,False,benign,False,0,"{""attack_ended_at"": 68.0, ""case_opened_at"": 68.0, ""lane_id"": ""cn_0"", ""road_id"": ""cn""}"
cam-1008-veh_023-000044,cam-1008-veh_023-000044,case-intersection-1008-veh_023-benign,root-74bce1a572f3e98f855ba710,1008,veh_023,ps-92555cef08137c2d,CAM,68.0,498.4,342.6882912748314,14.571602513671161,-0.28318531744647757,498.4,342.6882912748314,14.571602513671161,-0.28318531744647757,nonce-74bce1a572f3e98f855b,True,False,benign,False,0,"{""attack_ended_at"": 68.0, ""case_opened_at"": 68.0, ""lane_id"": ""cs_0"", ""road_id"": ""cs""}"
cam-1008-veh_000-000068,cam-1008-veh_000-000068,case-intersection-1008-veh_000-benign,root-652dcd45215f22c31185562d,1008,veh_000,ps-c836b37964202f27,CAM,69.0,631.0824933463934,498.4,16.43656454465352,0.06708209621719874,631.0824933463934,498.4,16.43656454465352,0.06708209621719874,nonce-652dcd45215f22c31185,True,False,benign,False,0,"{""attack_ended_at"": 69.0, ""case_opened_at"": 69.0, ""lane_id"": ""ce_0"", ""road_id"": ""ce""}"
cam-1008-veh_001-000067,cam-1008-veh_001-000067,case-intersection-1008-veh_001-benign,root-c31ec17f3f528f173769da85,1008,veh_001,ps-06cf0c7bb8481f37,CAM,69.0,360.0802140080445,501.6,16.61387213412207,0.6466478117275987,360.0802140080445,501.6,16.61387213412207,0.6466478117275987,nonce-c31ec17f3f528f173769,True,False,benign,False,0,"{""attack_ended_at"": 69.0, ""case_opened_at"": 69.0, ""lane_id"": ""cw_0"", ""road_id"": ""cw""}"
cam-1008-veh_002-000066,cam-1008-veh_002-000066,case-intersection-1008-veh_002-position_offset,root-1dd2143b8728701d221a20c2,1008,veh_002,ps-c10217be2cfbfbad,CAM,69.0,501.6,943.1089208784497,13.839715741494217,-0.685072859488427,566.6,959.3589208784497,13.839715741494217,-0.685072859488427,nonce-1dd2143b8728701d221a,True,False,position_offset,True,0,"{""attack_ended_at"": 70.0, ""case_opened_at"": 18.0, ""lane_id"": ""cn_0"", ""road_id"": ""cn""}"
cam-1008-veh_004-000064,cam-1008-veh_004-000064,case-intersection-1008-veh_004-speed_offset,root-b353eebc43186a6c7508116c,1008,veh_004,ps-a4ec7ac7ed69787f,CAM,69.0,597.2886931505241,498.4,15.305818380675444,0.0910482027567916,597.2886931505241,498.4,26.305818380675444,0.0910482027567916,nonce-b353eebc43186a6c7508,True,False,speed_offset,True,0,"{""attack_ended_at"": 72.0, ""case_opened_at"": 20.0, ""lane_id"": ""ce_0"", ""road_id"": ""ce""}"
cam-1008-veh_005-000063,cam-1008-veh_005-000063,case-intersection-1008-veh_005-benign,root-d8860cb4397f5bee30d76d90,1008,veh_005,ps-969b062779822854,CAM,69.0,392.4010505367372,501.6,15.486722171372339,-0.3984076353488497,392.4010505367372,501.6,15.486722171372339,-0.3984076353488497,nonce-d8860cb4397f5bee30d7,True,False,benign,False,0,"{""attack_ended_at"": 69.0, ""case_opened_at"": 69.0, ""lane_id"": ""cw_0"", ""road_id"": ""cw""}"
replay-cam-1008-veh_006-000062,cam-1008-veh_006-000014,case-intersection-1008-veh_006-replay,root-e6073782afc54a5381804d00,1008,veh_006,ps-65fe799408ea4704,CAM,21.0,501.6,231.44104983772158,16.339173566782847,0.3305125820729877,501.6,231.44104983772158,16.339173566782847,0.3305125820729877,nonce-e6073782afc54a538180,True,False,replay,True,12,"{""attack_ended_at"": 21.0, ""case_opened_at"": 21.0, ""lane_id"": ""sc_0"", ""road_id"": ""sc""}"
cam-1008-veh_007-000061,cam-1008-veh_007-000061,case-intersection-1008-veh_007-benign,root-87c4fb2946fcb19fff0d8729,1008,veh_007,ps-30c2a00c607f04e2,CAM,69.0,498.4,2.497360452273824,16.37439123593271,0.2584932302311067,498.4,2.497360452273824,16.37439123593271,0.2584932302311067,nonce-87c4fb2946fcb19fff0d,True,False,benign,False,0,"{""attack_ended_at"": 69.0, ""case_opened_at"": 69.0, ""lane_id"": ""cs_0"", ""road_id"": ""cs""}"
cam-1008-veh_008-000060,cam-1008-veh_008-000060,case-intersection-1008-veh_008-certificate_tamper,root-490e1c0311f1bd25747f168d,1008,veh_008,ps-82218acb1d94705f,CAM,69.0,567.6723174984479,498.4,16.34902543897275,-0.04862535377964505,567.6723174984479,498.4,16.34902543897275,-0.04862535377964505,nonce-490e1c0311f1bd25747f,False,False,certificate_tamper,True,0,"{""attack_ended_at"": 76.0, ""case_opened_at"": 24.0, ""lane_id"": ""ce_0"", ""road_id"": ""ce""}"
cam-1008-veh_009-000059,cam-1008-veh_009-000059,case-intersection-1008-veh_009-benign,root-c91df29a7310a53a7f60751d,1008,veh_009,ps-7ceb479c74f04f24,CAM,69.0,423.88235979296934,501.6,13.570260883721584,-0.14235228071920503,423.88235979296934,501.6,13.570260883721584,-0.14235228071920503,nonce-c91df29a7310a53a7f60,True,False,benign,False,0,"{""attack_ended_at"": 69.0, ""case_opened_at"": 69.0, ""lane_id"": ""cw_0"", ""road_id"": ""cw""}"
cam-1008-veh_010-000058-f0,cam-1008-veh_010-000058,case-intersection-1008-veh_010-flood,root-df0459b5ca5d752745733503,1008,veh_010,ps-3210978143869c35,CAM,69.0,501.6,896.6052963741014,14.022144700382075,-1.0178382427514556,501.6,896.6052963741014,14.022144700382075,-1.0178382427514556,nonce-df0459b5ca5d75274573,True,False,flood,True,0,"{""attack_ended_at"": 78.0, ""case_opened_at"": 26.0, ""lane_id"": ""cn_0"", ""road_id"": ""cn""}"
cam-1008-veh_010-000058-f1,cam-1008-veh_010-000058,case-intersection-1008-veh_010-flood,root-df0459b5ca5d752745733503,1008,veh_010,ps-3210978143869c35,CAM,69.0,501.6,896.6052963741014,14.022144700382075,-1.0178382427514556,501.6,896.6052963741014,14.022144700382075,-1.0178382427514556,nonce-df0459b5ca5d75274573,True,False,flood,True,1,"{""attack_ended_at"": 78.0, ""case_opened_at"": 26.0, ""lane_id"": ""cn_0"", ""road_id"": ""cn""}"
cam-1008-veh_010-000058-f2,cam-1008-veh_010-000058,case-intersection-1008-veh_010-flood,root-df0459b5ca5d752745733503,1008,veh_010,ps-3210978143869c35,CAM,69.0,501.6,896.6052963741014,14.022144700382075,-1.0178382427514556,501.6,896.6052963741014,14.022144700382075,-1.0178382427514556,nonce-df0459b5ca5d75274573,True,False,flood,True,2,"{""attack_ended_at"": 78.0, ""case_opened_at"": 26.0, ""lane_id"": ""cn_0"", ""road_id"": ""cn""}"
cam-1008-veh_010-000058-f3,cam-1008-veh_010-000058,case-intersection-1008-veh_010-flood,root-df0459b5ca5d752745733503,1008,veh_010,ps-3210978143869c35,CAM,69.0,501.6,896.6052963741014,14.022144700382075,-1.0178382427514556,501.6,896.6052963741014,14.022144700382075,-1.0178382427514556,nonce-df0459b5ca5d75274573,True,False,flood,True,3,"{""attack_ended_at"": 78.0, ""case_opened_at"": 26.0, ""lane_id"": ""cn_0"", ""road_id"": ""cn""}"
cam-1008-veh_010-000058-f4,cam-1008-veh_010-000058,case-intersection-1008-veh_010-flood,root-df0459b5ca5d752745733503,1008,veh_010,ps-3210978143869c35,CAM,69.0,501.6,896.6052963741014,14.022144700382075,-1.0178382427514556,501.6,896.6052963741014,14.022144700382075,-1.0178382427514556,nonce-df0459b5ca5d75274573,True,False,flood,True,4,"{""attack_ended_at"": 78.0, ""case_opened_at"": 26.0, ""lane_id"": ""cn_0"", ""road_id"": ""cn""}"
cam-1008-veh_011-000057,cam-1008-veh_011-000057,case-intersection-1008-veh_011-benign,root-a6a7b31de3c39a334f7e53e8,1008,veh_011,ps-8a5d63d2056fbe7e,CAM,69.0,498.4,140.4064316094118,15.00293627537197,-0.30888071422465124,498.4,140.4064316094118,15.00293627537197,-0.30888071422465124,nonce-a6a7b31de3c39a334f7e,True,False,benign,False,0,"{""attack_ended_at"": 69.0, ""case_opened_at"": 69.0, ""lane_id"": ""cs_0"", ""road_id"": ""cs""}"
cam-1008-veh_012-000056,cam-1008-veh_012-000056,case-intersection-1008-veh_012-false_denm,root-315ebb13e730e4b22a263dbe,1008,veh_012,ps-d55e51c88c138a2d,CAM,69.0,539.7856806623643,498.4,16.087516044773363,2.3821262973174484,539.7856806623643,498.4,16.087516044773363,2.3821262973174484,nonce-315ebb13e730e4b22a26,True,False,false_denm,True,0,"{""attack_ended_at"": 80.0, ""case_opened_at"": 28.0, ""lane_id"": ""ce_0"", ""road_id"": ""ce""}"
cam-1008-veh_013-000055,cam-1008-veh_013-000055,case-intersection-1008-veh_013-benign,root-5467f0f99273f497c2e313b3,1008,veh_013,ps-c612038c409b5d43,CAM,69.0,465.62873115289847,501.6,13.771467797483073,2.227531229159794,465.62873115289847,501.6,13.771467797483073,2.227531229159794,nonce-5467f0f99273f497c2e3,True,False,benign,False,0,"{""attack_ended_at"": 69.0, ""case_opened_at"": 69.0, ""lane_id"": ""cw_0"", ""road_id"": ""cw""}"
cam-1008-veh_014-000054-m0,cam-1008-veh_014-000054,case-intersection-1008-veh_014-mixed,root-ff8e6306c073ba78e915e478,1008,veh_014,ps-1c0f8ece3ddb0b0c,DENM,69.0,501.6,796.791748971777,14.97431266244819,0.6824833819689218,546.6,805.791748971777,22.97431266244819,0.6824833819689218,nonce-ff8e6306c073ba78e915,True,True,mixed,True,0,"{""attack_ended_at"": 82.0, ""case_opened_at"": 30.0, ""lane_id"": ""cn_0"", ""road_id"": ""cn""}"
cam-1008-veh_014-000054-m1,cam-1008-veh_014-000054,case-intersection-1008-veh_014-mixed,root-ff8e6306c073ba78e915e478,1008,veh_014,ps-1c0f8ece3ddb0b0c,DENM,69.0,501.6,796.791748971777,14.97431266244819,0.6824833819689218,546.6,805.791748971777,22.97431266244819,0.6824833819689218,nonce-ff8e6306c073ba78e915,True,True,mixed,True,1,"{""attack_ended_at"": 82.0, ""case_opened_at"": 30.0, ""lane_id"": ""cn_0"", ""road_id"": ""cn""}"
cam-1008-veh_014-000054-m2,cam-1008-veh_014-000054,case-intersection-1008-veh_014-mixed,root-ff8e6306c073ba78e915e478,1008,veh_014,ps-1c0f8ece3ddb0b0c,DENM,69.0,501.6,796.791748971777,14.97431266244819,0.6824833819689218,546.6,805.791748971777,22.97431266244819,0.6824833819689218,nonce-ff8e6306c073ba78e915,True,True,mixed,True,2,"{""attack_ended_at"": 82.0, ""case_opened_at"": 30.0, ""lane_id"": ""cn_0"", ""road_id"": ""cn""}"
cam-1008-veh_014-000054-m3,cam-1008-veh_014-000054,case-intersection-1008-veh_014-mixed,root-ff8e6306c073ba78e915e478,1008,veh_014,ps-1c0f8ece3ddb0b0c,DENM,69.0,501.6,796.791748971777,14.97431266244819,0.6824833819689218,546.6,805.791748971777,22.97431266244819,0.6824833819689218,nonce-ff8e6306c073ba78e915,True,True,mixed,True,3,"{""attack_ended_at"": 82.0, ""case_opened_at"": 30.0, ""lane_id"": ""cn_0"", ""road_id"": ""cn""}"
cam-1008-veh_015-000053,cam-1008-veh_015-000053,case-intersection-1008-veh_015-benign,root-5b0a34a901f98e3bc26c07b9,1008,veh_015,ps-77b1c1c85865d133,CAM,69.0,498.4,204.02907815521758,14.792136594716707,-0.4354258373379718,498.4,204.02907815521758,14.792136594716707,-0.4354258373379718,nonce-5b0a34a901f98e3bc26c,True,False,benign,False,0,"{""attack_ended_at"": 69.0, ""case_opened_at"": 69.0, ""lane_id"": ""cs_0"", ""road_id"": ""cs""}"
cam-1008-veh_016-000052,cam-1008-veh_016-000052,case-intersection-1008-veh_016-benign,root-38623c3b412adb246e903081,1008,veh_016,ps-1e0348b1d8bfe014,CAM,69.0,510.66680339284187,498.4,11.715826873232977,1.8751535314926873,510.66680339284187,498.4,11.715826873232977,1.8751535314926873,nonce-38623c3b412adb246e90,True,False,benign,False,0,"{""attack_ended_at"": 69.0, ""case_opened_at"": 69.0, ""lane_id"": ""ce_0"", ""road_id"": ""ce""}"
cam-1008-veh_017-000051,cam-1008-veh_017-000051,case-intersection-1008-veh_017-benign,root-753f23d4eafc42c035b6ba80,1008,veh_017,ps-31646c93226ae98c,CAM,69.0,490.8306962905439,501.6,10.695981019237413,1.9835581541806455,490.8306962905439,501.6,10.695981019237413,1.9835581541806455,nonce-753f23d4eafc42c035b6,True,False,benign,False,0,"{""attack_ended_at"": 69.0, ""case_opened_at"": 69.0, ""lane_id"": ""cw_0"", ""road_id"": ""cw""}"
cam-1008-veh_018-000050,cam-1008-veh_018-000050,case-intersection-1008-veh_018-benign,root-c329c43d9a6864323e198cf0,1008,veh_018,ps-55c539e5052cea58,CAM,69.0,501.6,718.9927572705602,13.895967156154077,-0.49805030312854726,501.6,718.9927572705602,13.895967156154077,-0.49805030312854726,nonce-c329c43d9a6864323e19,True,False,benign,False,0,"{""attack_ended_at"": 69.0, ""case_opened_at"": 69.0, ""lane_id"": ""cn_0"", ""road_id"": ""cn""}"
cam-1008-veh_019-000049,cam-1008-veh_019-000049,case-intersection-1008-veh_019-benign,root-024211acec14824fa43e2914,1008,veh_019,ps-6e220b4f697c2cd3,CAM,69.0,498.4,268.71662771650506,14.798115971481101,-0.2706455140979962,498.4,268.71662771650506,14.798115971481101,-0.2706455140979962,nonce-024211acec14824fa43e,True,False,benign,False,0,"{""attack_ended_at"": 69.0, ""case_opened_at"": 69.0, ""lane_id"": ""cs_0"", ""road_id"": ""cs""}"
cam-1008-veh_020-000048,cam-1008-veh_020-000048,case-intersection-1008-veh_020-benign,root-7e53c1b13d5c593d51b705dc,1008,veh_020,ps-fb97d0e5da402071,CAM,69.0,488.55113069485105,498.4,7.568263536397593,0.35316644431064237,488.55113069485105,498.4,7.568263536397593,0.35316644431064237,nonce-7e53c1b13d5c593d51b7,True,False,benign,False,0,"{""attack_ended_at"": 69.0, ""case_opened_at"": 69.0, ""lane_id"": ""wc_0"", ""road_id"": ""wc""}"
cam-1008-veh_021-000047,cam-1008-veh_021-000047,case-intersection-1008-veh_021-benign,root-a167f08ed241101913b905b6,1008,veh_021,ps-7461357a64efe09e,CAM,69.0,510.99534608654,501.6,7.374528481009172,1.2349536785904993,510.99534608654,501.6,7.374528481009172,1.2349536785904993,nonce-a167f08ed241101913b9,True,False,benign,False,0,"{""attack_ended_at"": 69.0, ""case_opened_at"": 69.0, ""lane_id"": ""ec_0"", ""road_id"": ""ec""}"
cam-1008-veh_022-000046,cam-1008-veh_022-000046,case-intersection-1008-veh_022-benign,root-1bd68ee358c4072259975c4f,1008,veh_022,ps-b515230e59090b79,CAM,69.0,501.6,695.6917151154851,14.434248148124762,0.2052557765263643,501.6,695.6917151154851,14.434248148124762,0.2052557765263643,nonce-1bd68ee358c407225997,True,False,benign,False,0,"{""attack_ended_at"": 69.0, ""case_opened_at"": 69.0, ""lane_id"": ""cn_0"", ""road_id"": ""cn""}"
cam-1008-veh_023-000045,cam-1008-veh_023-000045,case-intersection-1008-veh_023-benign,root-daf373eae7bae08834be0f44,1008,veh_023,ps-92555cef08137c2d,CAM,69.0,498.4,327.9256259431117,14.762665331719683,0.19106281804852188,498.4,327.9256259431117,14.762665331719683,0.19106281804852188,nonce-daf373eae7bae08834be,True,False,benign,False,0,"{""attack_ended_at"": 69.0, ""case_opened_at"": 69.0, ""lane_id"": ""cs_0"", ""road_id"": ""cs""}"
cam-1008-veh_000-000069,cam-1008-veh_000-000069,case-intersection-1008-veh_000-benign,root-99dbe1cc9c7d48746255d0cc,1008,veh_000,ps-c836b37964202f27,CAM,70.0,647.3487224319758,498.4,16.26622908558231,-0.17033545907121095,647.3487224319758,498.4,16.26622908558231,-0.17033545907121095,nonce-99dbe1cc9c7d48746255,True,False,benign,False,0,"{""attack_ended_at"": 70.0, ""case_opened_at"": 70.0, ""lane_id"": ""ce_0"", ""road_id"": ""ce""}"
cam-1008-veh_001-000068,cam-1008-veh_001-000068,case-intersection-1008-veh_001-benign,root-8d7dd3c5ffe0232a00c6ad72,1008,veh_001,ps-06cf0c7bb8481f37,CAM,70.0,343.95354355769985,501.6,16.126670450344683,-0.4872016837773856,343.95354355769985,501.6,16.126670450344683,-0.4872016837773856,nonce-8d7dd3c5ffe0232a00c6,True,False,benign,False,0,"{""attack_ended_at"": 70.0, ""case_opened_at"": 70.0, ""lane_id"": ""cw_0"", ""road_id"": ""cw""}"
cam-1008-veh_002-000067,cam-1008-veh_002-000067,case-intersection-1008-veh_002-position_offset,root-0bebac8e7ad4c761dfdf3309,1008,veh_002,ps-c10217be2cfbfbad,CAM,70.0,501.6,957.1735002133686,14.064579334918887,0.22486359342467033,566.6,973.4235002133686,14.064579334918887,0.22486359342467033,nonce-0bebac8e7ad4c761dfdf,True,False,position_offset,True,0,"{""attack_ended_at"": 70.0, ""case_opened_at"": 18.0, ""lane_id"": ""cn_0"", ""road_id"": ""cn""}"
cam-1008-veh_004-000065,cam-1008-veh_004-000065,case-intersection-1008-veh_004-speed_offset,root-41e52704b0cae39109056e98,1008,veh_004,ps-a4ec7ac7ed69787f,CAM,70.0,612.9100283788649,498.4,15.621335228340865,0.3155168476654211,612.9100283788649,498.4,26.621335228340865,0.3155168476654211,nonce-41e52704b0cae3910905,True,False,speed_offset,True,0,"{""attack_ended_at"": 72.0, ""case_opened_at"": 20.0, ""lane_id"": ""ce_0"", ""road_id"": ""ce""}"
cam-1008-veh_005-000064,cam-1008-veh_005-000064,case-intersection-1008-veh_005-benign,root-65eb6cb55cfa298d72471b76,1008,veh_005,ps-969b062779822854,CAM,70.0,376.81410793383776,501.6,15.586942602899462,0.10022043152712357,376.81410793383776,501.6,15.586942602899462,0.10022043152712357,nonce-65eb6cb55cfa298d7247,True,False,benign,False,0,"{""attack_ended_at"": 70.0, ""case_opened_at"": 70.0, ""lane_id"": ""cw_0"", ""road_id"": ""cw""}"
replay-cam-1008-veh_006-000063,cam-1008-veh_006-000011,case-intersection-1008-veh_006-replay,root-698ab643fc75e30c21ee9766,1008,veh_006,ps-65fe799408ea4704,CAM,18.0,501.6,182.79892649799126,16.638048100941816,0.2891036247694849,501.6,182.79892649799126,16.638048100941816,0.2891036247694849,nonce-698ab643fc75e30c21ee,True,False,replay,True,13,"{""attack_ended_at"": 18.0, ""case_opened_at"": 18.0, ""lane_id"": ""sc_0"", ""road_id"": ""sc""}"
cam-1008-veh_008-000061,cam-1008-veh_008-000061,case-intersection-1008-veh_008-certificate_tamper,root-a3f428a872b1a77cc05d0b49,1008,veh_008,ps-82218acb1d94705f,CAM,70.0,584.0491441056091,498.4,16.376826607161203,0.027801168188453573,584.0491441056091,498.4,16.376826607161203,0.027801168188453573,nonce-a3f428a872b1a77cc05d,False,False,certificate_tamper,True,0,"{""attack_ended_at"": 76.0, ""case_opened_at"": 24.0, ""lane_id"": ""ce_0"", ""road_id"": ""ce""}"
cam-1008-veh_009-000060,cam-1008-veh_009-000060,case-intersection-1008-veh_009-benign,root-bcca55c6d84af654b061aeb1,1008,veh_009,ps-7ceb479c74f04f24,CAM,70.0,410.3762708995576,501.6,13.506088893411743,-0.06417199030984122,410.3762708995576,501.6,13.506088893411743,-0.06417199030984122,nonce-bcca55c6d84af654b061,True,False,benign,False,0,"{""attack_ended_at"": 70.0, ""case_opened_at"": 70.0, ""lane_id"": ""cw_0"", ""road_id"": ""cw""}"
cam-1008-veh_010-000059-f0,cam-1008-veh_010-000059,case-intersection-1008-veh_010-flood,root-25d89124e0e3089f320bd1aa,1008,veh_010,ps-3210978143869c35,CAM,70.0,501.6,911.8266917700977,15.221395395996296,1.1992506956142215,501.6,911.8266917700977,15.221395395996296,1.1992506956142215,nonce-25d89124e0e3089f320b,True,False,flood,True,0,"{""attack_ended_at"": 78.0, ""case_opened_at"": 26.0, ""lane_id"": ""cn_0"", ""road_id"": ""cn""}"
cam-1008-veh_010-000059-f1,cam-1008-veh_010-000059,case-intersection-1008-veh_010-flood,root-25d89124e0e3089f320bd1aa,1008,veh_010,ps-3210978143869c35,CAM,70.0,501.6,911.8266917700977,15.221395395996296,1.1992506956142215,501.6,911.8266917700977,15.221395395996296,1.1992506956142215,nonce-25d89124e0e3089f320b,True,False,flood,True,1,"{""attack_ended_at"": 78.0, ""case_opened_at"": 26.0, ""lane_id"": ""cn_0"", ""road_id"": ""cn""}"
cam-1008-veh_010-000059-f2,cam-1008-veh_010-000059,case-intersection-1008-veh_010-flood,root-25d89124e0e3089f320bd1aa,1008,veh_010,ps-3210978143869c35,CAM,70.0,501.6,911.8266917700977,15.221395395996296,1.1992506956142215,501.6,911.8266917700977,15.221395395996296,1.1992506956142215,nonce-25d89124e0e3089f320b,True,False,flood,True,2,"{""attack_ended_at"": 78.0, ""case_opened_at"": 26.0, ""lane_id"": ""cn_0"", ""road_id"": ""cn""}"
cam-1008-veh_010-000059-f3,cam-1008-veh_010-000059,case-intersection-1008-veh_010-flood,root-25d89124e0e3089f320bd1aa,1008,veh_010,ps-3210978143869c35,CAM,70.0,501.6,911.8266917700977,15.221395395996296,1.1992506956142215,501.6,911.8266917700977,15.221395395996296,1.1992506956142215,nonce-25d89124e0e3089f320b,True,False,flood,True,3,"{""attack_ended_at"": 78.0, ""case_opened_at"": 26.0, ""lane_id"": ""cn_0"", ""road_id"": ""cn""}"
cam-1008-veh_010-000059-f4,cam-1008-veh_010-000059,case-intersection-1008-veh_010-flood,root-25d89124e0e3089f320bd1aa,1008,veh_010,ps-3210978143869c35,CAM,70.0,501.6,911.8266917700977,15.221395395996296,1.1992506956142215,501.6,911.8266917700977,15.221395395996296,1.1992506956142215,nonce-25d89124e0e3089f320b,True,False,flood,True,4,"{""attack_ended_at"": 78.0, ""case_opened_at"": 26.0, ""lane_id"": ""cn_0"", ""road_id"": ""cn""}"
cam-1008-veh_011-000058,cam-1008-veh_011-000058,case-intersection-1008-veh_011-benign,root-7cf6d7e956ab300b86e8a374,1008,veh_011,ps-8a5d63d2056fbe7e,CAM,70.0,498.4,125.15437293189802,15.252058677513773,0.24912240214180237,498.4,125.15437293189802,15.252058677513773,0.24912240214180237,nonce-7cf6d7e956ab300b86e8,True,False,benign,False,0,"{""attack_ended_at"": 70.0, ""case_opened_at"": 70.0, ""lane_id"": ""cs_0"", ""road_id"": ""cs""}"
cam-1008-veh_012-000057,cam-1008-veh_012-000057,case-intersection-1008-veh_012-false_denm,root-3d747351c5b2e1734f7f5ede,1008,veh_012,ps-d55e51c88c138a2d,CAM,70.0,556.3141118622884,498.4,16.52843119992409,0.44091515515072643,556.3141118622884,498.4,16.52843119992409,0.44091515515072643,nonce-3d747351c5b2e1734f7f,True,False,false_denm,True,0,"{""attack_ended_at"": 80.0, ""case_opened_at"": 28.0, ""lane_id"": ""ce_0"", ""road_id"": ""ce""}"
cam-1008-veh_013-000056,cam-1008-veh_013-000056,case-intersection-1008-veh_013-benign,root-dfc8dcf142fca45969e6a4a2,1008,veh_013,ps-c612038c409b5d43,CAM,70.0,449.66880857958654,501.6,15.959922573311943,2.1884547758288697,449.66880857958654,501.6,15.959922573311943,2.1884547758288697,nonce-dfc8dcf142fca45969e6,True,False,benign,False,0,"{""attack_ended_at"": 70.0, ""case_opened_at"": 70.0, ""lane_id"": ""cw_0"", ""road_id"": ""cw""}"
cam-1008-veh_014-000055-m0,cam-1008-veh_014-000055,case-intersection-1008-veh_014-mixed,root-b8cdcf40d453b8b1e4d573a2,1008,veh_014,ps-1c0f8ece3ddb0b0c,DENM,70.0,501.6,811.1846771571638,14.392928185386971,-0.5813844770612189,546.6,820.1846771571638,22.39292818538697,-0.5813844770612189,nonce-b8cdcf40d453b8b1e4d5,True,True,mixed,True,0,"{""attack_ended_at"": 82.0, ""case_opened_at"": 30.0, ""lane_id"": ""cn_0"", ""road_id"": ""cn""}"
cam-1008-veh_014-000055-m1,cam-1008-veh_014-000055,case-intersection-1008-veh_014-mixed,root-b8cdcf40d453b8b1e4d573a2,1008,veh_014,ps-1c0f8ece3ddb0b0c,DENM,70.0,501.6,811.1846771571638,14.392928185386971,-0.5813844770612189,546.6,820.1846771571638,22.39292818538697,-0.5813844770612189,nonce-b8cdcf40d453b8b1e4d5,True,True,mixed,True,1,"{""attack_ended_at"": 82.0, ""case_opened_at"": 30.0, ""lane_id"": ""cn_0"", ""road_id"": ""cn""}"
cam-1008-veh_014-000055-m2,cam-1008-veh_014-000055,case-intersection-1008-veh_014-mixed,root-b8cdcf40d453b8b1e4d573a2,1008,veh_014,ps-1c0f8ece3ddb0b0c,DENM,70.0,501.6,811.1846771571638,14.392928185386971,-0.5813844770612189,546.6,820.1846771571638,22.39292818538697,-0.5813844770612189,nonce-b8cdcf40d453b8b1e4d5,True,True,mixed,True,2,"{""attack_ended_at"": 82.0, ""case_opened_at"": 30.0, ""lane_id"": ""cn_0"", ""road_id"": ""cn""}"
cam-1008-veh_014-000055-m3,cam-1008-veh_014-000055,case-intersection-1008-veh_014-mixed,root-b8cdcf40d453b8b1e4d573a2,1008,veh_014,ps-1c0f8ece3ddb0b0c,DENM,70.0,501.6,811.1846771571638,14.392928185386971,-0.5813844770612189,546.6,820.1846771571638,22.39292818538697,-0.5813844770612189,nonce-b8cdcf40d453b8b1e4d5,True,True,mixed,True,3,"{""attack_ended_at"": 82.0, ""case_opened_at"": 30.0, ""lane_id"": ""cn_0"", ""road_id"": ""cn""}"
cam-1008-veh_015-000054,cam-1008-veh_015-000054,case-intersection-1008-veh_015-benign,root-c87013e2788b6ee540366dbc,1008,veh_015,ps-77b1c1c85865d133,CAM,70.0,498.4,189.08380271022077,14.945275444996792,0.15313885028008478,498.4,189.08380271022077,14.945275444996792,0.15313885028008478,nonce-c87013e2788b6ee54036,True,False,benign,False,0,"{""attack_ended_at"": 70.0, ""case_opened_at"": 70.0, ""lane_id"": ""cs_0"", ""road_id"": ""cs""}"
cam-1008-veh_016-000053,cam-1008-veh_016-000053,case-intersection-1008-veh_016-benign,root-50c5ca371212fe5e9f96a626,1008,veh_016,ps-1e0348b1d8bfe014,CAM,70.0,524.3074487537963,498.4,13.640645360954473,1.9248184877214953,524.3074487537963,498.4,13.640645360954473,1.9248184877214953,nonce-50c5ca371212fe5e9f96,True,False,benign,False,0,"{""attack_ended_at"": 70.0, ""case_opened_at"": 70.0, ""lane_id"": ""ce_0"", ""road_id"": ""ce""}"
cam-1008-veh_017-000052,cam-1008-veh_017-000052,case-intersection-1008-veh_017-benign,root-a205bebe5392a889c3f2dc5c,1008,veh_017,ps-31646c93226ae98c,CAM,70.0,477.94098145759506,501.6,12.889714832948854,2.1937338137114413,477.94098145759506,501.6,12.889714832948854,2.1937338137114413,nonce-a205bebe5392a889c3f2,True,False,benign,False,0,"{""attack_ended_at"": 70.0, ""case_opened_at"": 70.0, ""lane_id"": ""cw_0"", ""road_id"": ""cw""}"
cam-1008-veh_018-000051,cam-1008-veh_018-000051,case-intersection-1008-veh_018-benign,root-e115f9aaaaef882dba2de423,1008,veh_018,ps-55c539e5052cea58,CAM,70.0,501.6,733.1027851389196,14.110027868359323,0.2140607122052458,501.6,733.1027851389196,14.110027868359323,0.2140607122052458,nonce-e115f9aaaaef882dba2d,True,False,benign,False,0,"{""attack_ended_at"": 70.0, ""case_opened_at"": 70.0, ""lane_id"": ""cn_0"", ""road_id"": ""cn""}"
cam-1008-veh_019-000050,cam-1008-veh_019-000050,case-intersection-1008-veh_019-benign,root-b00686b71173cdd27a599bdd,1008,veh_019,ps-6e220b4f697c2cd3,CAM,70.0,498.4,253.6603293552412,15.056298361263844,0.25818238978274266,498.4,253.6603293552412,15.056298361263844,0.25818238978274266,nonce-b00686b71173cdd27a59,True,False,benign,False,0,"{""attack_ended_at"": 70.0, ""case_opened_at"": 70.0, ""lane_id"": ""cs_0"", ""road_id"": ""cs""}"
cam-1008-veh_020-000049,cam-1008-veh_020-000049,case-intersection-1008-veh_020-benign,root-948a047e38494b31ce721275,1008,veh_020,ps-fb97d0e5da402071,CAM,70.0,498.54034156745394,498.4,9.989210872602873,2.4209473362052805,498.54034156745394,498.4,9.989210872602873,2.4209473362052805,nonce-948a047e38494b31ce72,True,False,benign,False,0,"{""attack_ended_at"": 70.0, ""case_opened_at"": 70.0, ""lane_id"": "":c_10_0"", ""road_id"": "":c_10""}"
cam-1008-veh_021-000048,cam-1008-veh_021-000048,case-intersection-1008-veh_021-benign,root-94c77161d965960ad81934a9,1008,veh_021,ps-7461357a64efe09e,CAM,70.0,501.6690510327639,501.6,9.326295053776109,1.951766572766937,501.6690510327639,501.6,9.326295053776109,1.951766572766937,nonce-94c77161d965960ad819,True,False,benign,False,0,"{""attack_ended_at"": 70.0, ""case_opened_at"": 70.0, ""lane_id"": "":c_4_0"", ""road_id"": "":c_4""}"
cam-1008-veh_022-000047,cam-1008-veh_022-000047,case-intersection-1008-veh_022-benign,root-f15117f8d346dd9240fe1a9c,1008,veh_022,ps-b515230e59090b79,CAM,70.0,501.6,709.2905323391741,13.59881722368912,-0.8354309244356433,501.6,709.2905323391741,13.59881722368912,-0.8354309244356433,nonce-f15117f8d346dd9240fe,True,False,benign,False,0,"{""attack_ended_at"": 70.0, ""case_opened_at"": 70.0, ""lane_id"": ""cn_0"", ""road_id"": ""cn""}"
cam-1008-veh_023-000046,cam-1008-veh_023-000046,case-intersection-1008-veh_023-benign,root-2dbe8a33e9a6a2f6339e18f6,1008,veh_023,ps-92555cef08137c2d,CAM,70.0,498.4,312.7760586544184,15.14956728869328,0.3869019569735972,498.4,312.7760586544184,15.14956728869328,0.3869019569735972,nonce-2dbe8a33e9a6a2f6339e,True,False,benign,False,0,"{""attack_ended_at"": 70.0, ""case_opened_at"": 70.0, ""lane_id"": ""cs_0"", ""road_id"": ""cs""}"
cam-1008-veh_000-000070,cam-1008-veh_000-000070,case-intersection-1008-veh_000-benign,root-d1bf788e7f0daa0e6da3e80c,1008,veh_000,ps-c836b37964202f27,CAM,71.0,663.5970288231218,498.4,16.248306391146034,-0.017922694436276032,663.5970288231218,498.4,16.248306391146034,-0.017922694436276032,nonce-d1bf788e7f0daa0e6da3,True,False,benign,False,0,"{""attack_ended_at"": 71.0, ""case_opened_at"": 71.0, ""lane_id"": ""ce_0"", ""road_id"": ""ce""}"
cam-1008-veh_001-000069,cam-1008-veh_001-000069,case-intersection-1008-veh_001-benign,root-cd274615d1fbd8262517e2e0,1008,veh_001,ps-06cf0c7bb8481f37,CAM,71.0,327.99407842384005,501.6,15.959465133859778,-0.167205316484905,327.99407842384005,501.6,15.959465133859778,-0.167205316484905,nonce-cd274615d1fbd8262517,True,False,benign,False,0,"{""attack_ended_at"": 71.0, ""case_opened_at"": 71.0, ""lane_id"": ""cw_0"", ""road_id"": ""cw""}"
cam-1008-veh_002-000068,cam-1008-veh_002-000068,case-intersection-1008-veh_002-benign,root-b77422fda5a51cd2dfc9f9ae,1008,veh_002,ps-c10217be2cfbfbad,CAM,71.0,501.6,971.5340062329687,14.360506019600214,0.29592668468132644,501.6,971.5340062329687,14.360506019600214,0.29592668468132644,nonce-b77422fda5a51cd2dfc9,True,False,benign,False,0,"{""attack_ended_at"": 71.0, ""case_opened_at"": 71.0, ""lane_id"": ""cn_0"", ""road_id"": ""cn""}"
cam-1008-veh_004-000066,cam-1008-veh_004-000066,case-intersection-1008-veh_004-speed_offset,root-4d493f83f32e3bf26d270a3b,1008,veh_004,ps-a4ec7ac7ed69787f,CAM,71.0,628.6448059056079,498.4,15.734777526742944,0.11344229840207909,628.6448059056079,498.4,26.734777526742945,0.11344229840207909,nonce-4d493f83f32e3bf26d27,True,False,speed_offset,True,0,"{""attack_ended_at"": 72.0, ""case_opened_at"": 20.0, ""lane_id"": ""ce_0"", ""road_id"": ""ce""}"
cam-1008-veh_005-000065,cam-1008-veh_005-000065,case-intersection-1008-veh_005-benign,root-df918ab29b0793edd45f83fe,1008,veh_005,ps-969b062779822854,CAM,71.0,360.73918467747626,501.6,16.074923256361462,0.4879806534619995,360.73918467747626,501.6,16.074923256361462,0.4879806534619995,nonce-df918ab29b0793edd45f,True,False,benign,False,0,"{""attack_ended_at"": 71.0, ""case_opened_at"": 71.0, ""lane_id"": ""cw_0"", ""road_id"": ""cw""}"
replay-cam-1008-veh_006-000064,cam-1008-veh_006-000012,case-intersection-1008-veh_006-replay,root-9ea8f4310ed2d98496486915,1008,veh_006,ps-65fe799408ea4704,CAM,19.0,501.6,199.09321528622888,16.294288788237612,-0.34375931270420423,501.6,199.09321528622888,16.294288788237612,-0.34375931270420423,nonce-9ea8f4310ed2d9849648,True,False,replay,True,13,"{""attack_ended_at"": 19.0, ""case_opened_at"": 19.0, ""lane_id"": ""sc_0"", ""road_id"": ""sc""}"
cam-1008-veh_008-000062,cam-1008-veh_008-000062,case-intersection-1008-veh_008-certificate_tamper,root-cf5ee9fb3e9a0213b1f9fde3,1008,veh_008,ps-82218acb1d94705f,CAM,71.0,600.0286894241585,498.4,15.979545318549501,-0.3972812886117012,600.0286894241585,498.4,15.979545318549501,-0.3972812886117012,nonce-cf5ee9fb3e9a0213b1f9,False,False,certificate_tamper,True,0,"{""attack_ended_at"": 76.0, ""case_opened_at"": 24.0, ""lane_id"": ""ce_0"", ""road_id"": ""ce""}"
cam-1008-veh_009-000061,cam-1008-veh_009-000061,case-intersection-1008-veh_009-benign,root-7ef75c995170edb34c3418e1,1008,veh_009,ps-7ceb479c74f04f24,CAM,71.0,396.65961410532805,501.6,13.716656794229584,0.21056790081784094,396.65961410532805,501.6,13.716656794229584,0.21056790081784094,nonce-7ef75c995170edb34c34,True,False,benign,False,0,"{""attack_ended_at"": 71.0, ""case_opened_at"": 71.0, ""lane_id"": ""cw_0"", ""road_id"": ""cw""}"
cam-1008-veh_010-000060-f0,cam-1008-veh_010-000060,case-intersection-1008-veh_010-flood,root-dde77f198241650c6a001cc6,1008,veh_010,ps-3210978143869c35,CAM,71.0,501.6,925.7711370650079,13.944445294910182,-1.2769501010861148,501.6,925.7711370650079,13.944445294910182,-1.2769501010861148,nonce-dde77f198241650c6a00,True,False,flood,True,0,"{""attack_ended_at"": 78.0, ""case_opened_at"": 26.0, ""lane_id"": ""cn_0"", ""road_id"": ""cn""}"
cam-1008-veh_010-000060-f1,cam-1008-veh_010-000060,case-intersection-1008-veh_010-flood,root-dde77f198241650c6a001cc6,1008,veh_010,ps-3210978143869c35,CAM,71.0,501.6,925.7711370650079,13.944445294910182,-1.2769501010861148,501.6,925.7711370650079,13.944445294910182,-1.2769501010861148,nonce-dde77f198241650c6a00,True,False,flood,True,1,"{""attack_ended_at"": 78.0, ""case_opened_at"": 26.0, ""lane_id"": ""cn_0"", ""road_id"": ""cn""}"
cam-1008-veh_010-000060-f2,cam-1008-veh_010-000060,case-intersection-1008-veh_010-flood,root-dde77f198241650c6a001cc6,1008,veh_010,ps-3210978143869c35,CAM,71.0,501.6,925.7711370650079,13.944445294910182,-1.2769501010861148,501.6,925.7711370650079,13.944445294910182,-1.2769501010861148,nonce-dde77f198241650c6a00,True,False,flood,True,2,"{""attack_ended_at"": 78.0, ""case_opened_at"": 26.0, ""lane_id"": ""cn_0"", ""road_id"": ""cn""}"
cam-1008-veh_010-000060-f3,cam-1008-veh_010-000060,case-intersection-1008-veh_010-flood,root-dde77f198241650c6a001cc6,1008,veh_010,ps-3210978143869c35,CAM,71.0,501.6,925.7711370650079,13.944445294910182,-1.2769501010861148,501.6,925.7711370650079,13.944445294910182,-1.2769501010861148,nonce-dde77f198241650c6a00,True,False,flood,True,3,"{""attack_ended_at"": 78.0, ""case_opened_at"": 26.0, ""lane_id"": ""cn_0"", ""road_id"": ""cn""}"
cam-1008-veh_010-000060-f4,cam-1008-veh_010-000060,case-intersection-1008-veh_010-flood,root-dde77f198241650c6a001cc6,1008,veh_010,ps-3210978143869c35,CAM,71.0,501.6,925.7711370650079,13.944445294910182,-1.2769501010861148,501.6,925.7711370650079,13.944445294910182,-1.2769501010861148,nonce-dde77f198241650c6a00,True,False,flood,True,4,"{""attack_ended_at"": 78.0, ""case_opened_at"": 26.0, ""lane_id"": ""cn_0"", ""road_id"": ""cn""}"
cam-1008-veh_011-000059,cam-1008-veh_011-000059,case-intersection-1008-veh_011-benign,root-75f207cd35c26a03a9135a74,1008,veh_011,ps-8a5d63d2056fbe7e,CAM,71.0,498.4,110.43360993179374,14.720763000104265,-0.5312956774095081,498.4,110.43360993179374,14.720763000104265,-0.5312956774095081,nonce-75f207cd35c26a03a913,True,False,benign,False,0,"{""attack_ended_at"": 71.0, ""case_opened_at"": 71.0, ""lane_id"": ""cs_0"", ""road_id"": ""cs""}"
cam-1008-veh_012-000058,cam-1008-veh_012-000058,case-intersection-1008-veh_012-false_denm,root-8cf9ab140850f5f278104971,1008,veh_012,ps-d55e51c88c138a2d,CAM,71.0,572.797005399264,498.4,16.48289353697561,-0.04553766294847961,572.797005399264,498.4,16.48289353697561,-0.04553766294847961,nonce-8cf9ab140850f5f27810,True,False,false_denm,True,0,"{""attack_ended_at"": 80.0, ""case_opened_at"": 28.0, ""lane_id"": ""ce_0"", ""road_id"": ""ce""}"
cam-1008-veh_013-000057,cam-1008-veh_013-000057,case-intersection-1008-veh_013-benign,root-36c7ee99c73bdf09671364fb,1008,veh_013,ps-c612038c409b5d43,CAM,71.0,433.4163141947568,501.6,16.25249438482973,0.29257181151778866,433.4163141947568,501.6,16.25249438482973,0.29257181151778866,nonce-36c7ee99c73bdf096713,True,False,benign,False,0,"{""attack_ended_at"": 71.0, ""case_opened_at"": 71.0, ""lane_id"": ""cw_0"", ""road_id"": ""cw""}"
cam-1008-veh_014-000056-m0,cam-1008-veh_014-000056,case-intersection-1008-veh_014-mixed,root-df7c4f38a67783b56e3780da,1008,veh_014,ps-1c0f8ece3ddb0b0c,DENM,71.0,501.6,825.7106243101067,14.525947152942807,0.1330189675558362,546.6,834.7106243101067,22.525947152942805,0.1330189675558362,nonce-df7c4f38a67783b56e37,True,True,mixed,True,0,"{""attack_ended_at"": 82.0, ""case_opened_at"": 30.0, ""lane_id"": ""cn_0"", ""road_id"": ""cn""}"
cam-1008-veh_014-000056-m1,cam-1008-veh_014-000056,case-intersection-1008-veh_014-mixed,root-df7c4f38a67783b56e3780da,1008,veh_014,ps-1c0f8ece3ddb0b0c,DENM,71.0,501.6,825.7106243101067,14.525947152942807,0.1330189675558362,546.6,834.7106243101067,22.525947152942805,0.1330189675558362,nonce-df7c4f38a67783b56e37,True,True,mixed,True,1,"{""attack_ended_at"": 82.0, ""case_opened_at"": 30.0, ""lane_id"": ""cn_0"", ""road_id"": ""cn""}"
cam-1008-veh_014-000056-m2,cam-1008-veh_014-000056,case-intersection-1008-veh_014-mixed,root-df7c4f38a67783b56e3780da,1008,veh_014,ps-1c0f8ece3ddb0b0c,DENM,71.0,501.6,825.7106243101067,14.525947152942807,0.1330189675558362,546.6,834.7106243101067,22.525947152942805,0.1330189675558362,nonce-df7c4f38a67783b56e37,True,True,mixed,True,2,"{""attack_ended_at"": 82.0, ""case_opened_at"": 30.0, ""lane_id"": ""cn_0"", ""road_id"": ""cn""}"
cam-1008-veh_014-000056-m3,cam-1008-veh_014-000056,case-intersection-1008-veh_014-mixed,root-df7c4f38a67783b56e3780da,1008,veh_014,ps-1c0f8ece3ddb0b0c,DENM,71.0,501.6,825.7106243101067,14.525947152942807,0.1330189675558362,546.6,834.7106243101067,22.525947152942805,0.1330189675558362,nonce-df7c4f38a67783b56e37,True,True,mixed,True,3,"{""attack_ended_at"": 82.0, ""case_opened_at"": 30.0, ""lane_id"": ""cn_0"", ""road_id"": ""cn""}"
cam-1008-veh_015-000055,cam-1008-veh_015-000055,case-intersection-1008-veh_015-benign,root-3644967d753786b6e050371e,1008,veh_015,ps-77b1c1c85865d133,CAM,71.0,498.4,174.45666692127037,14.627135788950385,-0.3181396560464069,498.4,174.45666692127037,14.627135788950385,-0.3181396560464069,nonce-3644967d753786b6e050,True,False,benign,False,0,"{""attack_ended_at"": 71.0, ""case_opened_at"": 71.0, ""lane_id"": ""cs_0"", ""road_id"": ""cs""}"
cam-1008-veh_016-000054,cam-1008-veh_016-000054,case-intersection-1008-veh_016-benign,root-949b51580096428496a639f2,1008,veh_016,ps-1e0348b1d8bfe014,CAM,71.0,539.9636122450011,498.4,15.65616349120475,2.0155181302502765,539.9636122450011,498.4,15.65616349120475,2.0155181302502765,nonce-949b51580096428496a6,True,False,benign,False,0,"{""attack_ended_at"": 71.0, ""case_opened_at"": 71.0, ""lane_id"": ""ce_0"", ""road_id"": ""ce""}"
cam-1008-veh_017-000053,cam-1008-veh_017-000053,case-intersection-1008-veh_017-benign,root-c6ba33f1a7afb920bee0d52c,1008,veh_017,ps-31646c93226ae98c,CAM,71.0,463.187719881365,501.6,14.75326157623004,1.8635467432811854,463.187719881365,501.6,14.75326157623004,1.8635467432811854,nonce-c6ba33f1a7afb920bee0,True,False,benign,False,0,"{""attack_ended_at"": 71.0, ""case_opened_at"": 71.0, ""lane_id"": ""cw_0"", ""road_id"": ""cw""}"
cam-1008-veh_018-000052,cam-1008-veh_018-000052,case-intersection-1008-veh_018-benign,root-379198456c02267078239fed,1008,veh_018,ps-55c539e5052cea58,CAM,71.0,501.6,747.2927097616871,14.189924622767577,0.07989675440825472,501.6,747.2927097616871,14.189924622767577,0.07989675440825472,nonce-379198456c0226707823,True,False,benign,False,0,"{""attack_ended_at"": 71.0, ""case_opened_at"": 71.0, ""lane_id"": ""cn_0"", ""road_id"": ""cn""}"
cam-1008-veh_019-000051,cam-1008-veh_019-000051,case-intersection-1008-veh_019-benign,root-c21fa895b15a8a32f56c270a,1008,veh_019,ps-6e220b4f697c2cd3,CAM,71.0,498.4,239.1584962756334,14.501833079607831,-0.5544652816560127,498.4,239.1584962756334,14.501833079607831,-0.5544652816560127,nonce-c21fa895b15a8a32f56c,True,False,benign,False,0,"{""attack_ended_at"": 71.0, ""case_opened_at"": 71.0, ""lane_id"": ""cs_0"", ""road_id"": ""cs""}"
cam-1008-veh_020-000050,cam-1008-veh_020-000050,case-intersection-1008-veh_020-benign,root-f575db12aadc1c6ea7a326b9,1008,veh_020,ps-fb97d0e5da402071,CAM,71.0,511.1102500418762,498.4,12.569908474422284,2.580697601819411,511.1102500418762,498.4,12.569908474422284,2.580697601819411,nonce-f575db12aadc1c6ea7a3,True,False,benign,False,0,"{""attack_ended_at"": 71.0, ""case_opened_at"": 71.0, ""lane_id"": ""ce_0"", ""road_id"": ""ce""}"
cam-1008-veh_021-000049,cam-1008-veh_021-000049,case-intersection-1008-veh_021-benign,root-bf7eb9a1befe19a88aaa4641,1008,veh_021,ps-7461357a64efe09e,CAM,71.0,490.07050114230276,501.6,11.598549890461133,2.2722548366850237,490.07050114230276,501.6,11.598549890461133,2.2722548366850237,nonce-bf7eb9a1befe19a88aaa,True,False,benign,False,0,"{""attack_ended_at"": 71.0, ""case_opened_at"": 71.0, ""lane_id"": ""cw_0"", ""road_id"": ""cw""}"
cam-1008-veh_022-000048,cam-1008-veh_022-000048,case-intersection-1008-veh_022-benign,root-affe562b4828db142476d1ca,1008,veh_022,ps-b515230e59090b79,CAM,71.0,501.6,723.6907353680245,14.400203028850417,0.8013858051612974,501.6,723.6907353680245,14.400203028850417,0.8013858051612974,nonce-affe562b4828db142476,True,False,benign,False,0,"{""attack_ended_at"": 71.0, ""case_opened_at"": 71.0, ""lane_id"": ""cn_0"", ""road_id"": ""cn""}"
cam-1008-veh_023-000047,cam-1008-veh_023-000047,case-intersection-1008-veh_023-benign,root-aa671449418675820a0ed976,1008,veh_023,ps-92555cef08137c2d,CAM,71.0,498.4,297.68538880005383,15.090669854364599,-0.05889743432868144,498.4,297.68538880005383,15.090669854364599,-0.05889743432868144,nonce-aa671449418675820a0e,True,False,benign,False,0,"{""attack_ended_at"": 71.0, ""case_opened_at"": 71.0, ""lane_id"": ""cs_0"", ""road_id"": ""cs""}"
cam-1008-veh_000-000071,cam-1008-veh_000-000071,case-intersection-1008-veh_000-benign,root-135bac621ec0399d70debd12,1008,veh_000,ps-c836b37964202f27,CAM,72.0,679.8217524367891,498.4,16.224723613667305,-0.02358277747872961,679.8217524367891,498.4,16.224723613667305,-0.02358277747872961,nonce-135bac621ec0399d70de,True,False,benign,False,0,"{""attack_ended_at"": 72.0, ""case_opened_at"": 72.0, ""lane_id"": ""ce_0"", ""road_id"": ""ce""}"
cam-1008-veh_001-000070,cam-1008-veh_001-000070,case-intersection-1008-veh_001-benign,root-61a6258104e21dd3559401b2,1008,veh_001,ps-06cf0c7bb8481f37,CAM,72.0,311.73223362978365,501.6,16.26184479405638,0.30237966019660156,311.73223362978365,501.6,16.26184479405638,0.30237966019660156,nonce-61a6258104e21dd35594,True,False,benign,False,0,"{""attack_ended_at"": 72.0, ""case_opened_at"": 72.0, ""lane_id"": ""cw_0"", ""road_id"": ""cw""}"
cam-1008-veh_002-000069,cam-1008-veh_002-000069,case-intersection-1008-veh_002-benign,root-c82b56f0d16156cae39f602f,1008,veh_002,ps-c10217be2cfbfbad,CAM,72.0,501.6,985.7377119848541,14.203705751885206,-0.156800267715008,501.6,985.7377119848541,14.203705751885206,-0.156800267715008,nonce-c82b56f0d16156cae39f,True,False,benign,False,0,"{""attack_ended_at"": 72.0, ""case_opened_at"": 72.0, ""lane_id"": ""cn_0"", ""road_id"": ""cn""}"
cam-1008-veh_004-000067,cam-1008-veh_004-000067,case-intersection-1008-veh_004-speed_offset,root-2b08aa8f50dba078cc6f5dbd,1008,veh_004,ps-a4ec7ac7ed69787f,CAM,72.0,644.2478896605619,498.4,15.603083754954094,-0.13169377178885,644.2478896605619,498.4,26.603083754954092,-0.13169377178885,nonce-2b08aa8f50dba078cc6f,True,False,speed_offset,True,0,"{""attack_ended_at"": 72.0, ""case_opened_at"": 20.0, ""lane_id"": ""ce_0"", ""road_id"": ""ce""}"
cam-1008-veh_005-000066,cam-1008-veh_005-000066,case-intersection-1008-veh_005-benign,root-5d911c75b06d66c136c326d2,1008,veh_005,ps-969b062779822854,CAM,72.0,344.73169016068863,501.6,16.007494516787656,-0.06742873957380624,344.73169016068863,501.6,16.007494516787656,-0.06742873957380624,nonce-5d911c75b06d66c136c3,True,False,benign,False,0,"{""attack_ended_at"": 72.0, ""case_opened_at"": 72.0, ""lane_id"": ""cw_0"", ""road_id"": ""cw""}"
replay-cam-1008-veh_006-000065,cam-1008-veh_006-000013,case-intersection-1008-veh_006-replay,root-732bbc1af557c50a78ee1969,1008,veh_006,ps-65fe799408ea4704,CAM,20.0,501.6,215.10187627093873,16.00866098470986,-0.28562780352775263,501.6,215.10187627093873,16.00866098470986,-0.28562780352775263,nonce-732bbc1af557c50a78ee,True,False,replay,True,13,"{""attack_ended_at"": 20.0, ""case_opened_at"": 20.0, ""lane_id"": ""sc_0"", ""road_id"": ""sc""}"
cam-1008-veh_008-000063,cam-1008-veh_008-000063,case-intersection-1008-veh_008-certificate_tamper,root-6bce60504856ad8f643bf65d,1008,veh_008,ps-82218acb1d94705f,CAM,72.0,616.2342491792333,498.4,16.205559755074795,0.2260144365252934,616.2342491792333,498.4,16.205559755074795,0.2260144365252934,nonce-6bce60504856ad8f643b,False,False,certificate_tamper,True,0,"{""attack_ended_at"": 76.0, ""case_opened_at"": 24.0, ""lane_id"": ""ce_0"", ""road_id"": ""ce""}"
cam-1008-veh_009-000062,cam-1008-veh_009-000062,case-intersection-1008-veh_009-benign,root-eef1db287d536c3c15846dec,1008,veh_009,ps-7ceb479c74f04f24,CAM,72.0,382.7557419536151,501.6,13.903872151712948,0.18721535748336393,382.7557419536151,501.6,13.903872151712948,0.18721535748336393,nonce-eef1db287d536c3c1584,True,False,benign,False,0,"{""attack_ended_at"": 72.0, ""case_opened_at"": 72.0, ""lane_id"": ""cw_0"", ""road_id"": ""cw""}"
cam-1008-veh_010-000061-f0,cam-1008-veh_010-000061,case-intersection-1008-veh_010-flood,root-8c75c7b856560120ab184194,1008,veh_010,ps-3210978143869c35,CAM,72.0,501.6,939.4317112252934,13.660574160285469,-0.2838711346247127,501.6,939.4317112252934,13.660574160285469,-0.2838711346247127,nonce-8c75c7b856560120ab18,True,False,flood,True,0,"{""attack_ended_at"": 78.0, ""case_opened_at"": 26.0, ""lane_id"": ""cn_0"", ""road_id"": ""cn""}"
cam-1008-veh_010-000061-f1,cam-1008-veh_010-000061,case-intersection-1008-veh_010-flood,root-8c75c7b856560120ab184194,1008,veh_010,ps-3210978143869c35,CAM,72.0,501.6,939.4317112252934,13.660574160285469,-0.2838711346247127,501.6,939.4317112252934,13.660574160285469,-0.2838711346247127,nonce-8c75c7b856560120ab18,True,False,flood,True,1,"{""attack_ended_at"": 78.0, ""case_opened_at"": 26.0, ""lane_id"": ""cn_0"", ""road_id"": ""cn""}"
cam-1008-veh_010-000061-f2,cam-1008-veh_010-000061,case-intersection-1008-veh_010-flood,root-8c75c7b856560120ab184194,1008,veh_010,ps-3210978143869c35,CAM,72.0,501.6,939.4317112252934,13.660574160285469,-0.2838711346247127,501.6,939.4317112252934,13.660574160285469,-0.2838711346247127,nonce-8c75c7b856560120ab18,True,False,flood,True,2,"{""attack_ended_at"": 78.0, ""case_opened_at"": 26.0, ""lane_id"": ""cn_0"", ""road_id"": ""cn""}"
cam-1008-veh_010-000061-f3,cam-1008-veh_010-000061,case-intersection-1008-veh_010-flood,root-8c75c7b856560120ab184194,1008,veh_010,ps-3210978143869c35,CAM,72.0,501.6,939.4317112252934,13.660574160285469,-0.2838711346247127,501.6,939.4317112252934,13.660574160285469,-0.2838711346247127,nonce-8c75c7b856560120ab18,True,False,flood,True,3,"{""attack_ended_at"": 78.0, ""case_opened_at"": 26.0, ""lane_id"": ""cn_0"", ""road_id"": ""cn""}"
cam-1008-veh_010-000061-f4,cam-1008-veh_010-000061,case-intersection-1008-veh_010-flood,root-8c75c7b856560120ab184194,1008,veh_010,ps-3210978143869c35,CAM,72.0,501.6,939.4317112252934,13.660574160285469,-0.2838711346247127,501.6,939.4317112252934,13.660574160285469,-0.2838711346247127,nonce-8c75c7b856560120ab18,True,False,flood,True,4,"{""attack_ended_at"": 78.0, ""case_opened_at"": 26.0, ""lane_id"": ""cn_0"", ""road_id"": ""cn""}"
cam-1008-veh_011-000060,cam-1008-veh_011-000060,case-intersection-1008-veh_011-benign,root-85b7a8527c938981e6cddc86,1008,veh_011,ps-8a5d63d2056fbe7e,CAM,72.0,498.4,95.68881951868076,14.744790413113,0.02402741300873501,498.4,95.68881951868076,14.744790413113,0.02402741300873501,nonce-85b7a8527c938981e6cd,True,False,benign,False,0,"{""attack_ended_at"": 72.0, ""case_opened_at"": 72.0, ""lane_id"": ""cs_0"", ""road_id"": ""cs""}"
cam-1008-veh_012-000059,cam-1008-veh_012-000059,case-intersection-1008-veh_012-false_denm,root-eaf0daac8fbd64bc3418555d,1008,veh_012,ps-d55e51c88c138a2d,CAM,72.0,588.9033284021948,498.4,16.106323002930733,-0.37657053404487684,588.9033284021948,498.4,16.106323002930733,-0.37657053404487684,nonce-eaf0daac8fbd64bc3418,True,False,false_denm,True,0,"{""attack_ended_at"": 80.0, ""case_opened_at"": 28.0, ""lane_id"": ""ce_0"", ""road_id"": ""ce""}"
cam-1008-veh_013-000058,cam-1008-veh_013-000058,case-intersection-1008-veh_013-benign,root-1166c57879309918b3e8f440,1008,veh_013,ps-c612038c409b5d43,CAM,72.0,417.04297638294605,501.6,16.373337811810742,0.12084342698101125,417.04297638294605,501.6,16.373337811810742,0.12084342698101125,nonce-1166c57879309918b3e8,True,False,benign,False,0,"{""attack_ended_at"": 72.0, ""case_opened_at"": 72.0, ""lane_id"": ""cw_0"", ""road_id"": ""cw""}"
cam-1008-veh_014-000057-m0,cam-1008-veh_014-000057,case-intersection-1008-veh_014-mixed,root-f5c6828f31d98b372ede967f,1008,veh_014,ps-1c0f8ece3ddb0b0c,DENM,72.0,501.6,840.477084440399,14.766460130292378,0.2405129773495709,546.6,849.477084440399,22.76646013029238,0.2405129773495709,nonce-f5c6828f31d98b372ede,True,True,mixed,True,0,"{""attack_ended_at"": 82.0, ""case_opened_at"": 30.0, ""lane_id"": ""cn_0"", ""road_id"": ""cn""}"
cam-1008-veh_014-000057-m1,cam-1008-veh_014-000057,case-intersection-1008-veh_014-mixed,root-f5c6828f31d98b372ede967f,1008,veh_014,ps-1c0f8ece3ddb0b0c,DENM,72.0,501.6,840.477084440399,14.766460130292378,0.2405129773495709,546.6,849.477084440399,22.76646013029238,0.2405129773495709,nonce-f5c6828f31d98b372ede,True,True,mixed,True,1,"{""attack_ended_at"": 82.0, ""case_opened_at"": 30.0, ""lane_id"": ""cn_0"", ""road_id"": ""cn""}"
cam-1008-veh_014-000057-m2,cam-1008-veh_014-000057,case-intersection-1008-veh_014-mixed,root-f5c6828f31d98b372ede967f,1008,veh_014,ps-1c0f8ece3ddb0b0c,DENM,72.0,501.6,840.477084440399,14.766460130292378,0.2405129773495709,546.6,849.477084440399,22.76646013029238,0.2405129773495709,nonce-f5c6828f31d98b372ede,True,True,mixed,True,2,"{""attack_ended_at"": 82.0, ""case_opened_at"": 30.0, ""lane_id"": ""cn_0"", ""road_id"": ""cn""}"
cam-1008-veh_014-000057-m3,cam-1008-veh_014-000057,case-intersection-1008-veh_014-mixed,root-f5c6828f31d98b372ede967f,1008,veh_014,ps-1c0f8ece3ddb0b0c,DENM,72.0,501.6,840.477084440399,14.766460130292378,0.2405129773495709,546.6,849.477084440399,22.76646013029238,0.2405129773495709,nonce-f5c6828f31d98b372ede,True,True,mixed,True,3,"{""attack_ended_at"": 82.0, ""case_opened_at"": 30.0, ""lane_id"": ""cn_0"", ""road_id"": ""cn""}"
cam-1008-veh_015-000056,cam-1008-veh_015-000056,case-intersection-1008-veh_015-benign,root-004ec73fbbb197c53a6c48a5,1008,veh_015,ps-77b1c1c85865d133,CAM,72.0,498.4,159.42268008195987,15.033986839310515,0.4068510503601299,498.4,159.42268008195987,15.033986839310515,0.4068510503601299,nonce-004ec73fbbb197c53a6c,True,False,benign,False,0,"{""attack_ended_at"": 72.0, ""case_opened_at"": 72.0, ""lane_id"": ""cs_0"", ""road_id"": ""cs""}"
cam-1008-veh_016-000055,cam-1008-veh_016-000055,case-intersection-1008-veh_016-benign,root-7041fed3ed413efc717449ef,1008,veh_016,ps-1e0348b1d8bfe014,CAM,72.0,556.0784456170547,498.4,16.114833372053692,0.45866988084894267,556.0784456170547,498.4,16.114833372053692,0.45866988084894267,nonce-7041fed3ed413efc7174,True,False,benign,False,0,"{""attack_ended_at"": 72.0, ""case_opened_at"": 72.0, ""lane_id"": ""ce_0"", ""road_id"": ""ce""}"
cam-1008-veh_017-000054,cam-1008-veh_017-000054,case-intersection-1008-veh_017-benign,root-8072020a4b5f4ca75cd1cf5b,1008,veh_017,ps-31646c93226ae98c,CAM,72.0,447.0792329400107,501.6,16.10848694135435,1.3552253651243102,447.0792329400107,501.6,16.10848694135435,1.3552253651243102,nonce-8072020a4b5f4ca75cd1,True,False,benign,False,0,"{""attack_ended_at"": 72.0, ""case_opened_at"": 72.0, ""lane_id"": ""cw_0"", ""road_id"": ""cw""}"
cam-1008-veh_018-000053,cam-1008-veh_018-000053,case-intersection-1008-veh_018-benign,root-0763309d90bc2f0d8ea054f5,1008,veh_018,ps-55c539e5052cea58,CAM,72.0,501.6,761.6851243530768,14.39241459138968,0.20248996862210333,501.6,761.6851243530768,14.39241459138968,0.20248996862210333,nonce-0763309d90bc2f0d8ea0,True,False,benign,False,0,"{""attack_ended_at"": 72.0, ""case_opened_at"": 72.0, ""lane_id"": ""cn_0"", ""road_id"": ""cn""}"
cam-1008-veh_019-000052,cam-1008-veh_019-000052,case-intersection-1008-veh_019-benign,root-affa10bca0853d240434d45e,1008,veh_019,ps-6e220b4f697c2cd3,CAM,72.0,498.4,223.9761535932069,15.18234268242647,0.6805096028186384,498.4,223.9761535932069,15.18234268242647,0.6805096028186384,nonce-affa10bca0853d240434,True,False,benign,False,0,"{""attack_ended_at"": 72.0, ""case_opened_at"": 72.0, ""lane_id"": ""cs_0"", ""road_id"": ""cs""}"
cam-1008-veh_020-000051,cam-1008-veh_020-000051,case-intersection-1008-veh_020-benign,root-9769443f357c95f5249c7db0,1008,veh_020,ps-fb97d0e5da402071,CAM,72.0,525.6855375848892,498.4,14.575287543012985,2.0053790685907007,525.6855375848892,498.4,14.575287543012985,2.0053790685907007,nonce-9769443f357c95f5249c,True,False,benign,False,0,"{""attack_ended_at"": 72.0, ""case_opened_at"": 72.0, ""lane_id"": ""ce_0"", ""road_id"": ""ce""}"
cam-1008-veh_021-000050,cam-1008-veh_021-000050,case-intersection-1008-veh_021-benign,root-130ec161a76dd4e9e73d202b,1008,veh_021,ps-7461357a64efe09e,CAM,72.0,476.2474305306995,501.6,13.823070611603313,2.2245207211421807,476.2474305306995,501.6,13.823070611603313,2.2245207211421807,nonce-130ec161a76dd4e9e73d,True,False,benign,False,0,"{""attack_ended_at"": 72.0, ""case_opened_at"": 72.0, ""lane_id"": ""cw_0"", ""road_id"": ""cw""}"
cam-1008-veh_022-000049,cam-1008-veh_022-000049,case-intersection-1008-veh_022-benign,root-113bd50a8b57ad542d58a4e5,1008,veh_022,ps-b515230e59090b79,CAM,72.0,501.6,737.729598672442,14.03886330441746,-0.36133972443295725,501.6,737.729598672442,14.03886330441746,-0.36133972443295725,nonce-113bd50a8b57ad542d58,True,False,benign,False,0,"{""attack_ended_at"": 72.0, ""case_opened_at"": 72.0, ""lane_id"": ""cn_0"", ""road_id"": ""cn""}"
cam-1008-veh_023-000048,cam-1008-veh_023-000048,case-intersection-1008-veh_023-benign,root-c006d88db7a8fafd330c5bb9,1008,veh_023,ps-92555cef08137c2d,CAM,72.0,498.4,282.6117594735666,15.0736293264872,-0.017040527877398404,498.4,282.6117594735666,15.0736293264872,-0.017040527877398404,nonce-c006d88db7a8fafd330c,True,False,benign,False,0,"{""attack_ended_at"": 72.0, ""case_opened_at"": 72.0, ""lane_id"": ""cs_0"", ""road_id"": ""cs""}"
cam-1008-veh_000-000072,cam-1008-veh_000-000072,case-intersection-1008-veh_000-benign,root-71ad8c93fe5378d07cec13c7,1008,veh_000,ps-c836b37964202f27,CAM,73.0,695.8999436205667,498.4,16.078191183777527,-0.14653242988977766,695.8999436205667,498.4,16.078191183777527,-0.14653242988977766,nonce-71ad8c93fe5378d07cec,True,False,benign,False,0,"{""attack_ended_at"": 73.0, ""case_opened_at"": 73.0, ""lane_id"": ""ce_0"", ""road_id"": ""ce""}"
cam-1008-veh_001-000071,cam-1008-veh_001-000071,case-intersection-1008-veh_001-benign,root-6af1155988f63f5483543267,1008,veh_001,ps-06cf0c7bb8481f37,CAM,73.0,295.44048952075474,501.6,16.29174410902895,0.029899314972571034,295.44048952075474,501.6,16.29174410902895,0.029899314972571034,nonce-6af1155988f63f548354,True,False,benign,False,0,"{""attack_ended_at"": 73.0, ""case_opened_at"": 73.0, ""lane_id"": ""cw_0"", ""road_id"": ""cw""}"
cam-1008-veh_002-000070,cam-1008-veh_002-000070,case-intersection-1008-veh_002-benign,root-a57dd45b6b05f8105ba678b0,1008,veh_002,ps-c10217be2cfbfbad,CAM,73.0,501.6,999.5867812304965,13.849069245642529,-0.3546365062426773,501.6,999.5867812304965,13.849069245642529,-0.3546365062426773,nonce-a57dd45b6b05f8105ba6,True,False,benign,False,0,"{""attack_ended_at"": 73.0, ""case_opened_at"": 73.0, ""lane_id"": ""cn_0"", ""road_id"": ""cn""}"
cam-1008-veh_004-000068,cam-1008-veh_004-000068,case-intersection-1008-veh_004-benign,root-b31ca98703efab01e5c16104,1008,veh_004,ps-a4ec7ac7ed69787f,CAM,73.0,659.8054426275163,498.4,15.55755296695435,-0.04553078799974308,659.8054426275163,498.4,15.55755296695435,-0.04553078799974308,nonce-b31ca98703efab01e5c1,True,False,benign,False,0,"{""attack_ended_at"": 73.0, ""case_opened_at"": 73.0, ""lane_id"": ""ce_0"", ""road_id"": ""ce""}"
cam-1008-veh_005-000067,cam-1008-veh_005-000067,case-intersection-1008-veh_005-benign,root-fd1e552002b2320b1a799f7a,1008,veh_005,ps-969b062779822854,CAM,73.0,329.0380398005201,501.6,15.693650360168494,-0.31384415661916165,329.0380398005201,501.6,15.693650360168494,-0.31384415661916165,nonce-fd1e552002b2320b1a79,True,False,benign,False,0,"{""attack_ended_at"": 73.0, ""case_opened_at"": 73.0, ""lane_id"": ""cw_0"", ""road_id"": ""cw""}"
replay-cam-1008-veh_006-000066,cam-1008-veh_006-000014,case-intersection-1008-veh_006-replay,root-e6073782afc54a5381804d00,1008,veh_006,ps-65fe799408ea4704,CAM,21.0,501.6,231.44104983772158,16.339173566782847,0.3305125820729877,501.6,231.44104983772158,16.339173566782847,0.3305125820729877,nonce-e6073782afc54a538180,True,False,replay,True,13,"{""attack_ended_at"": 21.0, ""case_opened_at"": 21.0, ""lane_id"": ""sc_0"", ""road_id"": ""sc""}"
cam-1008-veh_008-000064,cam-1008-veh_008-000064,case-intersection-1008-veh_008-certificate_tamper,root-357348143ea344b2eb518511,1008,veh_008,ps-82218acb1d94705f,CAM,73.0,632.3281052558874,498.4,16.09385607665405,-0.11170367842074569,632.3281052558874,498.4,16.09385607665405,-0.11170367842074569,nonce-357348143ea344b2eb51,False,False,certificate_tamper,True,0,"{""attack_ended_at"": 76.0, ""case_opened_at"": 24.0, ""lane_id"": ""ce_0"", ""road_id"": ""ce""}"
cam-1008-veh_009-000063,cam-1008-veh_009-000063,case-intersection-1008-veh_009-benign,root-f4feb27923d2d2976c5adfd2,1008,veh_009,ps-7ceb479c74f04f24,CAM,73.0,369.24788737283546,501.6,13.507854580779622,-0.396017570933326,369.24788737283546,501.6,13.507854580779622,-0.396017570933326,nonce-f4feb27923d2d2976c5a,True,False,benign,False,0,"{""attack_ended_at"": 73.0, ""case_opened_at"": 73.0, ""lane_id"": ""cw_0"", ""road_id"": ""cw""}"
cam-1008-veh_010-000062-f0,cam-1008-veh_010-000062,case-intersection-1008-veh_010-flood,root-5ea3a9528948854f6b144371,1008,veh_010,ps-3210978143869c35,CAM,73.0,501.6,954.0873692333921,14.655658008098856,0.9950838478133868,501.6,954.0873692333921,14.655658008098856,0.9950838478133868,nonce-5ea3a9528948854f6b14,True,False,flood,True,0,"{""attack_ended_at"": 78.0, ""case_opened_at"": 26.0, ""lane_id"": ""cn_0"", ""road_id"": ""cn""}"
cam-1008-veh_010-000062-f1,cam-1008-veh_010-000062,case-intersection-1008-veh_010-flood,root-5ea3a9528948854f6b144371,1008,veh_010,ps-3210978143869c35,CAM,73.0,501.6,954.0873692333921,14.655658008098856,0.9950838478133868,501.6,954.0873692333921,14.655658008098856,0.9950838478133868,nonce-5ea3a9528948854f6b14,True,False,flood,True,1,"{""attack_ended_at"": 78.0, ""case_opened_at"": 26.0, ""lane_id"": ""cn_0"", ""road_id"": ""cn""}"
cam-1008-veh_010-000062-f2,cam-1008-veh_010-000062,case-intersection-1008-veh_010-flood,root-5ea3a9528948854f6b144371,1008,veh_010,ps-3210978143869c35,CAM,73.0,501.6,954.0873692333921,14.655658008098856,0.9950838478133868,501.6,954.0873692333921,14.655658008098856,0.9950838478133868,nonce-5ea3a9528948854f6b14,True,False,flood,True,2,"{""attack_ended_at"": 78.0, ""case_opened_at"": 26.0, ""lane_id"": ""cn_0"", ""road_id"": ""cn""}"
cam-1008-veh_010-000062-f3,cam-1008-veh_010-000062,case-intersection-1008-veh_010-flood,root-5ea3a9528948854f6b144371,1008,veh_010,ps-3210978143869c35,CAM,73.0,501.6,954.0873692333921,14.655658008098856,0.9950838478133868,501.6,954.0873692333921,14.655658008098856,0.9950838478133868,nonce-5ea3a9528948854f6b14,True,False,flood,True,3,"{""attack_ended_at"": 78.0, ""case_opened_at"": 26.0, ""lane_id"": ""cn_0"", ""road_id"": ""cn""}"
cam-1008-veh_010-000062-f4,cam-1008-veh_010-000062,case-intersection-1008-veh_010-flood,root-5ea3a9528948854f6b144371,1008,veh_010,ps-3210978143869c35,CAM,73.0,501.6,954.0873692333921,14.655658008098856,0.9950838478133868,501.6,954.0873692333921,14.655658008098856,0.9950838478133868,nonce-5ea3a9528948854f6b14,True,False,flood,True,4,"{""attack_ended_at"": 78.0, ""case_opened_at"": 26.0, ""lane_id"": ""cn_0"", ""road_id"": ""cn""}"
cam-1008-veh_011-000061,cam-1008-veh_011-000061,case-intersection-1008-veh_011-benign,root-acc624e9b02bd1cd4cb83bbd,1008,veh_011,ps-8a5d63d2056fbe7e,CAM,73.0,498.4,80.65740044599994,15.031419072680794,0.2866286595677945,498.4,80.65740044599994,15.031419072680794,0.2866286595677945,nonce-acc624e9b02bd1cd4cb8,True,False,benign,False,0,"{""attack_ended_at"": 73.0, ""case_opened_at"": 73.0, ""lane_id"": ""cs_0"", ""road_id"": ""cs""}"
cam-1008-veh_012-000060,cam-1008-veh_012-000060,case-intersection-1008-veh_012-false_denm,root-d802a075c2d5a36293629f21,1008,veh_012,ps-d55e51c88c138a2d,DENM,73.0,604.8163860704132,498.4,15.913057668218391,-0.19326533471234164,604.8163860704132,498.4,15.913057668218391,-0.19326533471234164,nonce-d802a075c2d5a3629362,True,True,false_denm,True,0,"{""attack_ended_at"": 80.0, ""case_opened_at"": 28.0, ""lane_id"": ""ce_0"", ""road_id"": ""ce""}"
cam-1008-veh_013-000059,cam-1008-veh_013-000059,case-intersection-1008-veh_013-benign,root-78638915563ae046d2124b60,1008,veh_013,ps-c612038c409b5d43,CAM,73.0,400.53714558401293,501.6,16.50583079893313,0.13249298712238655,400.53714558401293,501.6,16.50583079893313,0.13249298712238655,nonce-78638915563ae046d212,True,False,benign,False,0,"{""attack_ended_at"": 73.0, ""case_opened_at"": 73.0, ""lane_id"": ""cw_0"", ""road_id"": ""cw""}"
cam-1008-veh_014-000058-m0,cam-1008-veh_014-000058,case-intersection-1008-veh_014-mixed,root-8dfebbb31e5430ecbc6930a1,1008,veh_014,ps-1c0f8ece3ddb0b0c,DENM,73.0,501.6,854.9908352065409,14.513750766141728,-0.2527093641506504,546.6,863.9908352065409,22.513750766141726,-0.2527093641506504,nonce-8dfebbb31e5430ecbc69,True,True,mixed,True,0,"{""attack_ended_at"": 82.0, ""case_opened_at"": 30.0, ""lane_id"": ""cn_0"", ""road_id"": ""cn""}"
cam-1008-veh_014-000058-m1,cam-1008-veh_014-000058,case-intersection-1008-veh_014-mixed,root-8dfebbb31e5430ecbc6930a1,1008,veh_014,ps-1c0f8ece3ddb0b0c,DENM,73.0,501.6,854.9908352065409,14.513750766141728,-0.2527093641506504,546.6,863.9908352065409,22.513750766141726,-0.2527093641506504,nonce-8dfebbb31e5430ecbc69,True,True,mixed,True,1,"{""attack_ended_at"": 82.0, ""case_opened_at"": 30.0, ""lane_id"": ""cn_0"", ""road_id"": ""cn""}"
cam-1008-veh_014-000058-m2,cam-1008-veh_014-000058,case-intersection-1008-veh_014-mixed,root-8dfebbb31e5430ecbc6930a1,1008,veh_014,ps-1c0f8ece3ddb0b0c,DENM,73.0,501.6,854.9908352065409,14.513750766141728,-0.2527093641506504,546.6,863.9908352065409,22.513750766141726,-0.2527093641506504,nonce-8dfebbb31e5430ecbc69,True,True,mixed,True,2,"{""attack_ended_at"": 82.0, ""case_opened_at"": 30.0, ""lane_id"": ""cn_0"", ""road_id"": ""cn""}"
cam-1008-veh_014-000058-m3,cam-1008-veh_014-000058,case-intersection-1008-veh_014-mixed,root-8dfebbb31e5430ecbc6930a1,1008,veh_014,ps-1c0f8ece3ddb0b0c,DENM,73.0,501.6,854.9908352065409,14.513750766141728,-0.2527093641506504,546.6,863.9908352065409,22.513750766141726,-0.2527093641506504,nonce-8dfebbb31e5430ecbc69,True,True,mixed,True,3,"{""attack_ended_at"": 82.0, ""case_opened_at"": 30.0, ""lane_id"": ""cn_0"", ""road_id"": ""cn""}"
cam-1008-veh_015-000057,cam-1008-veh_015-000057,case-intersection-1008-veh_015-benign,root-7bb8965a3d1a03456662be87,1008,veh_015,ps-77b1c1c85865d133,CAM,73.0,498.4,144.5258490046661,14.89683107729374,-0.13715576201677493,498.4,144.5258490046661,14.89683107729374,-0.13715576201677493,nonce-7bb8965a3d1a03456662,True,False,benign,False,0,"{""attack_ended_at"": 73.0, ""case_opened_at"": 73.0, ""lane_id"": ""cs_0"", ""road_id"": ""cs""}"
cam-1008-veh_016-000056,cam-1008-veh_016-000056,case-intersection-1008-veh_016-benign,root-873070b9aadadc5db0c66e09,1008,veh_016,ps-1e0348b1d8bfe014,CAM,73.0,572.610188965915,498.4,16.531743348860182,0.41690997680649033,572.610188965915,498.4,16.531743348860182,0.41690997680649033,nonce-873070b9aadadc5db0c6,True,False,benign,False,0,"{""attack_ended_at"": 73.0, ""case_opened_at"": 73.0, ""lane_id"": ""ce_0"", ""road_id"": ""ce""}"
cam-1008-veh_017-000055,cam-1008-veh_017-000055,case-intersection-1008-veh_017-benign,root-3a8a46e0ce2ef38d0971e543,1008,veh_017,ps-31646c93226ae98c,CAM,73.0,430.709192026209,501.6,16.370040913801642,0.2615539724472917,430.709192026209,501.6,16.370040913801642,0.2615539724472917,nonce-3a8a46e0ce2ef38d0971,True,False,benign,False,0,"{""attack_ended_at"": 73.0, ""case_opened_at"": 73.0, ""lane_id"": ""cw_0"", ""road_id"": ""cw""}"
cam-1008-veh_018-000054,cam-1008-veh_018-000054,case-intersection-1008-veh_018-benign,root-6fc30f8d0bc771d8c8158522,1008,veh_018,ps-55c539e5052cea58,CAM,73.0,501.6,775.851859857284,14.166735504207175,-0.22567908718250607,501.6,775.851859857284,14.166735504207175,-0.22567908718250607,nonce-6fc30f8d0bc771d8c815,True,False,benign,False,0,"{""attack_ended_at"": 73.0, ""case_opened_at"": 73.0, ""lane_id"": ""cn_0"", ""road_id"": ""cn""}"
cam-1008-veh_019-000053,cam-1008-veh_019-000053,case-intersection-1008-veh_019-benign,root-571a8fda67b6d7eb70f0670d,1008,veh_019,ps-6e220b4f697c2cd3,CAM,73.0,498.4,209.1105030327127,14.865650560494187,-0.3166921219322827,498.4,209.1105030327127,14.865650560494187,-0.3166921219322827,nonce-571a8fda67b6d7eb70f0,True,False,benign,False,0,"{""attack_ended_at"": 73.0, ""case_opened_at"": 73.0, ""lane_id"": ""cs_0"", ""road_id"": ""cs""}"
cam-1008-veh_020-000052,cam-1008-veh_020-000052,case-intersection-1008-veh_020-benign,root-ca9b58f163c375c12927dcd3,1008,veh_020,ps-fb97d0e5da402071,CAM,73.0,542.138937473725,498.4,16.45339988883585,1.8781123458228652,542.138937473725,498.4,16.45339988883585,1.8781123458228652,nonce-ca9b58f163c375c12927,True,False,benign,False,0,"{""attack_ended_at"": 73.0, ""case_opened_at"": 73.0, ""lane_id"": ""ce_0"", ""road_id"": ""ce""}"
cam-1008-veh_021-000051,cam-1008-veh_021-000051,case-intersection-1008-veh_021-benign,root-4d3796b61a554017d76170c2,1008,veh_021,ps-7461357a64efe09e,CAM,73.0,460.1765827693304,501.6,16.070847761369066,2.247777149765753,460.1765827693304,501.6,16.070847761369066,2.247777149765753,nonce-4d3796b61a554017d761,True,False,benign,False,0,"{""attack_ended_at"": 73.0, ""case_opened_at"": 73.0, ""lane_id"": ""cw_0"", ""road_id"": ""cw""}"
cam-1008-veh_022-000050,cam-1008-veh_022-000050,case-intersection-1008-veh_022-benign,root-3f146fc50ef35cb9eddc8515,1008,veh_022,ps-b515230e59090b79,CAM,73.0,501.6,752.2878880267106,14.558289354268606,0.5194260498511465,501.6,752.2878880267106,14.558289354268606,0.5194260498511465,nonce-3f146fc50ef35cb9eddc,True,False,benign,False,0,"{""attack_ended_at"": 73.0, ""case_opened_at"": 73.0, ""lane_id"": ""cn_0"", ""road_id"": ""cn""}"
cam-1008-veh_023-000049,cam-1008-veh_023-000049,case-intersection-1008-veh_023-benign,root-3938d88d464e9804cc7a50ff,1008,veh_023,ps-92555cef08137c2d,CAM,73.0,498.4,268.09506624564943,14.516693227917196,-0.556936098570004,498.4,268.09506624564943,14.516693227917196,-0.556936098570004,nonce-3938d88d464e9804cc7a,True,False,benign,False,0,"{""attack_ended_at"": 73.0, ""case_opened_at"": 73.0, ""lane_id"": ""cs_0"", ""road_id"": ""cs""}"
cam-1008-veh_000-000073,cam-1008-veh_000-000073,case-intersection-1008-veh_000-benign,root-c6f7a74cf8596d928e168d9b,1008,veh_000,ps-c836b37964202f27,CAM,74.0,712.3191328144812,498.4,16.419189193914647,0.3409980101371204,712.3191328144812,498.4,16.419189193914647,0.3409980101371204,nonce-c6f7a74cf8596d928e16,True,False,benign,False,0,"{""attack_ended_at"": 74.0, ""case_opened_at"": 74.0, ""lane_id"": ""ce_0"", ""road_id"": ""ce""}"
cam-1008-veh_001-000072,cam-1008-veh_001-000072,case-intersection-1008-veh_001-benign,root-5e1c70d7f6ff05c41145fcef,1008,veh_001,ps-06cf0c7bb8481f37,CAM,74.0,278.8514524779032,501.6,16.58903704285156,0.2972929338226109,278.8514524779032,501.6,16.58903704285156,0.2972929338226109,nonce-5e1c70d7f6ff05c41145,True,False,benign,False,0,"{""attack_ended_at"": 74.0, ""case_opened_at"": 74.0, ""lane_id"": ""cw_0"", ""road_id"": ""cw""}"
cam-1008-veh_004-000069,cam-1008-veh_004-000069,case-intersection-1008-veh_004-benign,root-3fa3313959e68dfbf2d7d7aa,1008,veh_004,ps-a4ec7ac7ed69787f,CAM,74.0,675.3644049464314,498.4,15.558962318915107,0.001409351960756311,675.3644049464314,498.4,15.558962318915107,0.001409351960756311,nonce-3fa3313959e68dfbf2d7,True,False,benign,False,0,"{""attack_ended_at"": 74.0, ""case_opened_at"": 74.0, ""lane_id"": ""ce_0"", ""road_id"": ""ce""}"
cam-1008-veh_005-000068,cam-1008-veh_005-000068,case-intersection-1008-veh_005-benign,root-bbe2937a440bc79904e40a90,1008,veh_005,ps-969b062779822854,CAM,74.0,313.5858631525603,501.6,15.452176647959813,-0.24147371220868052,313.5858631525603,501.6,15.452176647959813,-0.24147371220868052,nonce-bbe2937a440bc79904e4,True,False,benign,False,0,"{""attack_ended_at"": 74.0, ""case_opened_at"": 74.0, ""lane_id"": ""cw_0"", ""road_id"": ""cw""}"
replay-cam-1008-veh_006-000067,cam-1008-veh_006-000011,case-intersection-1008-veh_006-replay,root-698ab643fc75e30c21ee9766,1008,veh_006,ps-65fe799408ea4704,CAM,18.0,501.6,182.79892649799126,16.638048100941816,0.2891036247694849,501.6,182.79892649799126,16.638048100941816,0.2891036247694849,nonce-698ab643fc75e30c21ee,True,False,replay,True,14,"{""attack_ended_at"": 18.0, ""case_opened_at"": 18.0, ""lane_id"": ""sc_0"", ""road_id"": ""sc""}"
cam-1008-veh_008-000065,cam-1008-veh_008-000065,case-intersection-1008-veh_008-certificate_tamper,root-c22c932d5ff8aa6db989daa3,1008,veh_008,ps-82218acb1d94705f,CAM,74.0,648.9115796939556,498.4,16.58347443806815,0.4896183614141023,648.9115796939556,498.4,16.58347443806815,0.4896183614141023,nonce-c22c932d5ff8aa6db989,False,False,certificate_tamper,True,0,"{""attack_ended_at"": 76.0, ""case_opened_at"": 24.0, ""lane_id"": ""ce_0"", ""road_id"": ""ce""}"
cam-1008-veh_009-000064,cam-1008-veh_009-000064,case-intersection-1008-veh_009-benign,root-fa21315c8f8dad6e27fe5fa2,1008,veh_009,ps-7ceb479c74f04f24,CAM,74.0,355.0942328150029,501.6,14.153654557832578,0.6457999770529561,355.0942328150029,501.6,14.153654557832578,0.6457999770529561,nonce-fa21315c8f8dad6e27fe,True,False,benign,False,0,"{""attack_ended_at"": 74.0, ""case_opened_at"": 74.0, ""lane_id"": ""cw_0"", ""road_id"": ""cw""}"
cam-1008-veh_010-000063-f0,cam-1008-veh_010-000063,case-intersection-1008-veh_010-flood,root-e0fdd1590dfef5bac7b54e2e,1008,veh_010,ps-3210978143869c35,CAM,74.0,501.6,968.3296691768461,14.242299943453947,-0.41335806464490865,501.6,968.3296691768461,14.242299943453947,-0.41335806464490865,nonce-e0fdd1590dfef5bac7b5,True,False,flood,True,0,"{""attack_ended_at"": 78.0, ""case_opened_at"": 26.0, ""lane_id"": ""cn_0"", ""road_id"": ""cn""}"
cam-1008-veh_010-000063-f1,cam-1008-veh_010-000063,case-intersection-1008-veh_010-flood,root-e0fdd1590dfef5bac7b54e2e,1008,veh_010,ps-3210978143869c35,CAM,74.0,501.6,968.3296691768461,14.242299943453947,-0.41335806464490865,501.6,968.3296691768461,14.242299943453947,-0.41335806464490865,nonce-e0fdd1590dfef5bac7b5,True,False,flood,True,1,"{""attack_ended_at"": 78.0, ""case_opened_at"": 26.0, ""lane_id"": ""cn_0"", ""road_id"": ""cn""}"
cam-1008-veh_010-000063-f2,cam-1008-veh_010-000063,case-intersection-1008-veh_010-flood,root-e0fdd1590dfef5bac7b54e2e,1008,veh_010,ps-3210978143869c35,CAM,74.0,501.6,968.3296691768461,14.242299943453947,-0.41335806464490865,501.6,968.3296691768461,14.242299943453947,-0.41335806464490865,nonce-e0fdd1590dfef5bac7b5,True,False,flood,True,2,"{""attack_ended_at"": 78.0, ""case_opened_at"": 26.0, ""lane_id"": ""cn_0"", ""road_id"": ""cn""}"
cam-1008-veh_010-000063-f3,cam-1008-veh_010-000063,case-intersection-1008-veh_010-flood,root-e0fdd1590dfef5bac7b54e2e,1008,veh_010,ps-3210978143869c35,CAM,74.0,501.6,968.3296691768461,14.242299943453947,-0.41335806464490865,501.6,968.3296691768461,14.242299943453947,-0.41335806464490865,nonce-e0fdd1590dfef5bac7b5,True,False,flood,True,3,"{""attack_ended_at"": 78.0, ""case_opened_at"": 26.0, ""lane_id"": ""cn_0"", ""road_id"": ""cn""}"
cam-1008-veh_010-000063-f4,cam-1008-veh_010-000063,case-intersection-1008-veh_010-flood,root-e0fdd1590dfef5bac7b54e2e,1008,veh_010,ps-3210978143869c35,CAM,74.0,501.6,968.3296691768461,14.242299943453947,-0.41335806464490865,501.6,968.3296691768461,14.242299943453947,-0.41335806464490865,nonce-e0fdd1590dfef5bac7b5,True,False,flood,True,4,"{""attack_ended_at"": 78.0, ""case_opened_at"": 26.0, ""lane_id"": ""cn_0"", ""road_id"": ""cn""}"
cam-1008-veh_011-000062,cam-1008-veh_011-000062,case-intersection-1008-veh_011-benign,root-35fdf10aa03c9eee7417dc27,1008,veh_011,ps-8a5d63d2056fbe7e,CAM,74.0,498.4,65.70247880790635,14.954921638093577,-0.07649743458721758,498.4,65.70247880790635,14.954921638093577,-0.07649743458721758,nonce-35fdf10aa03c9eee7417,True,False,benign,False,0,"{""attack_ended_at"": 74.0, ""case_opened_at"": 74.0, ""lane_id"": ""cs_0"", ""road_id"": ""cs""}"
cam-1008-veh_012-000061,cam-1008-veh_012-000061,case-intersection-1008-veh_012-false_denm,root-d284d171fcac3ee65bfdacda,1008,veh_012,ps-d55e51c88c138a2d,CAM,74.0,620.8966546806028,498.4,16.08026861018967,0.16721094197127861,620.8966546806028,498.4,16.08026861018967,0.16721094197127861,nonce-d284d171fcac3ee65bfd,True,False,false_denm,True,0,"{""attack_ended_at"": 80.0, ""case_opened_at"": 28.0, ""lane_id"": ""ce_0"", ""road_id"": ""ce""}"
cam-1008-veh_013-000060,cam-1008-veh_013-000060,case-intersection-1008-veh_013-benign,root-da4aac54b71e0e373ca0a79b,1008,veh_013,ps-c612038c409b5d43,CAM,74.0,384.9982801918766,501.6,15.538865392136357,-0.9669654067967723,384.9982801918766,501.6,15.538865392136357,-0.9669654067967723,nonce-da4aac54b71e0e373ca0,True,False,benign,False,0,"{""attack_ended_at"": 74.0, ""case_opened_at"": 74.0, ""lane_id"": ""cw_0"", ""road_id"": ""cw""}"
cam-1008-veh_014-000059-m0,cam-1008-veh_014-000059,case-intersection-1008-veh_014-mixed,root-cb3cde590ed6868a3bcc0546,1008,veh_014,ps-1c0f8ece3ddb0b0c,DENM,74.0,501.6,869.5265190931717,14.53568388663085,0.02193312048912155,546.6,878.5265190931717,22.53568388663085,0.02193312048912155,nonce-cb3cde590ed6868a3bcc,True,True,mixed,True,0,"{""attack_ended_at"": 82.0, ""case_opened_at"": 30.0, ""lane_id"": ""cn_0"", ""road_id"": ""cn""}"
cam-1008-veh_014-000059-m1,cam-1008-veh_014-000059,case-intersection-1008-veh_014-mixed,root-cb3cde590ed6868a3bcc0546,1008,veh_014,ps-1c0f8ece3ddb0b0c,DENM,74.0,501.6,869.5265190931717,14.53568388663085,0.02193312048912155,546.6,878.5265190931717,22.53568388663085,0.02193312048912155,nonce-cb3cde590ed6868a3bcc,True,True,mixed,True,1,"{""attack_ended_at"": 82.0, ""case_opened_at"": 30.0, ""lane_id"": ""cn_0"", ""road_id"": ""cn""}"
cam-1008-veh_014-000059-m2,cam-1008-veh_014-000059,case-intersection-1008-veh_014-mixed,root-cb3cde590ed6868a3bcc0546,1008,veh_014,ps-1c0f8ece3ddb0b0c,DENM,74.0,501.6,869.5265190931717,14.53568388663085,0.02193312048912155,546.6,878.5265190931717,22.53568388663085,0.02193312048912155,nonce-cb3cde590ed6868a3bcc,True,True,mixed,True,2,"{""attack_ended_at"": 82.0, ""case_opened_at"": 30.0, ""lane_id"": ""cn_0"", ""road_id"": ""cn""}"
cam-1008-veh_014-000059-m3,cam-1008-veh_014-000059,case-intersection-1008-veh_014-mixed,root-cb3cde590ed6868a3bcc0546,1008,veh_014,ps-1c0f8ece3ddb0b0c,DENM,74.0,501.6,869.5265190931717,14.53568388663085,0.02193312048912155,546.6,878.5265190931717,22.53568388663085,0.02193312048912155,nonce-cb3cde590ed6868a3bcc,True,True,mixed,True,3,"{""attack_ended_at"": 82.0, ""case_opened_at"": 30.0, ""lane_id"": ""cn_0"", ""road_id"": ""cn""}"
cam-1008-veh_015-000058,cam-1008-veh_015-000058,case-intersection-1008-veh_015-benign,root-afa60d20de93ec4785c936f5,1008,veh_015,ps-77b1c1c85865d133,CAM,74.0,498.4,129.43383019310932,15.092018811556759,0.19518773426301905,498.4,129.43383019310932,15.092018811556759,0.19518773426301905,nonce-afa60d20de93ec4785c9,True,False,benign,False,0,"{""attack_ended_at"": 74.0, ""case_opened_at"": 74.0, ""lane_id"": ""cs_0"", ""road_id"": ""cs""}"
cam-1008-veh_016-000057,cam-1008-veh_016-000057,case-intersection-1008-veh_016-benign,root-96f9e7e0c7b275130156a93f,1008,veh_016,ps-1e0348b1d8bfe014,CAM,74.0,588.9970442509103,498.4,16.386855284995402,-0.14488806386478004,588.9970442509103,498.4,16.386855284995402,-0.14488806386478004,nonce-96f9e7e0c7b275130156,True,False,benign,False,0,"{""attack_ended_at"": 74.0, ""case_opened_at"": 74.0, ""lane_id"": ""ce_0"", ""road_id"": ""ce""}"
cam-1008-veh_017-000056,cam-1008-veh_017-000056,case-intersection-1008-veh_017-benign,root-8d19dd26b0e39c270569686d,1008,veh_017,ps-31646c93226ae98c,CAM,74.0,414.7229594899136,501.6,15.98623253629543,-0.38380837750621133,414.7229594899136,501.6,15.98623253629543,-0.38380837750621133,nonce-8d19dd26b0e39c270569,True,False,benign,False,0,"{""attack_ended_at"": 74.0, ""case_opened_at"": 74.0, ""lane_id"": ""cw_0"", ""road_id"": ""cw""}"
cam-1008-veh_018-000055,cam-1008-veh_018-000055,case-intersection-1008-veh_018-benign,root-2ce57f3a80fae772b3288057,1008,veh_018,ps-55c539e5052cea58,CAM,74.0,501.6,790.3224786637448,14.470618806460847,0.30388330225367177,501.6,790.3224786637448,14.470618806460847,0.30388330225367177,nonce-2ce57f3a80fae772b328,True,False,benign,False,0,"{""attack_ended_at"": 74.0, ""case_opened_at"": 74.0, ""lane_id"": ""cn_0"", ""road_id"": ""cn""}"
cam-1008-veh_019-000054,cam-1008-veh_019-000054,case-intersection-1008-veh_019-benign,root-3d0f12313ad8a5dfe3a4a54d,1008,veh_019,ps-6e220b4f697c2cd3,CAM,74.0,498.4,194.0079413983047,15.102561634407984,0.23691107391379695,498.4,194.0079413983047,15.102561634407984,0.23691107391379695,nonce-3d0f12313ad8a5dfe3a4,True,False,benign,False,0,"{""attack_ended_at"": 74.0, ""case_opened_at"": 74.0, ""lane_id"": ""cs_0"", ""road_id"": ""cs""}"
cam-1008-veh_020-000053,cam-1008-veh_020-000053,case-intersection-1008-veh_020-benign,root-068399e5a47b1fb8ce38535c,1008,veh_020,ps-fb97d0e5da402071,CAM,74.0,558.0605684249471,498.4,15.921630951222035,-0.5317689376138155,558.0605684249471,498.4,15.921630951222035,-0.5317689376138155,nonce-068399e5a47b1fb8ce38,True,False,benign,False,0,"{""attack_ended_at"": 74.0, ""case_opened_at"": 74.0, ""lane_id"": ""ce_0"", ""road_id"": ""ce""}"
cam-1008-veh_021-000052,cam-1008-veh_021-000052,case-intersection-1008-veh_021-benign,root-cefcd7c73a9463c615a552ba,1008,veh_021,ps-7461357a64efe09e,CAM,74.0,444.1651991698599,501.6,16.01138359947056,-0.05946416189850723,444.1651991698599,501.6,16.01138359947056,-0.05946416189850723,nonce-cefcd7c73a9463c615a5,True,False,benign,False,0,"{""attack_ended_at"": 74.0, ""case_opened_at"": 74.0, ""lane_id"": ""cw_0"", ""road_id"": ""cw""}"
cam-1008-veh_022-000051,cam-1008-veh_022-000051,case-intersection-1008-veh_022-benign,root-b3a3b906fd9163c9fd6bd302,1008,veh_022,ps-b515230e59090b79,CAM,74.0,501.6,766.5340487129081,14.24616068619756,-0.3121286680710451,501.6,766.5340487129081,14.24616068619756,-0.3121286680710451,nonce-b3a3b906fd9163c9fd6b,True,False,benign,False,0,"{""attack_ended_at"": 74.0, ""case_opened_at"": 74.0, ""lane_id"": ""cn_0"", ""road_id"": ""cn""}"
cam-1008-veh_023-000050,cam-1008-veh_023-000050,case-intersection-1008-veh_023-benign,root-64132d152dc467f758cb4c94,1008,veh_023,ps-92555cef08137c2d,CAM,74.0,498.4,253.4382419578379,14.656824287811535,0.1401310598943386,498.4,253.4382419578379,14.656824287811535,0.1401310598943386,nonce-64132d152dc467f758cb,True,False,benign,False,0,"{""attack_ended_at"": 74.0, ""case_opened_at"": 74.0, ""lane_id"": ""cs_0"", ""road_id"": ""cs""}"
cam-1008-veh_000-000074,cam-1008-veh_000-000074,case-intersection-1008-veh_000-benign,root-77d530e403176f146356b07d,1008,veh_000,ps-c836b37964202f27,CAM,75.0,728.6226531609748,498.4,16.30352034649346,-0.11566884742118688,728.6226531609748,498.4,16.30352034649346,-0.11566884742118688,nonce-77d530e403176f146356,True,False,benign,False,0,"{""attack_ended_at"": 75.0, ""case_opened_at"": 75.0, ""lane_id"": ""ce_0"", ""road_id"": ""ce""}"
cam-1008-veh_001-000073,cam-1008-veh_001-000073,case-intersection-1008-veh_001-benign,root-b008fe889ca92fcb1f6c80ed,1008,veh_001,ps-06cf0c7bb8481f37,CAM,75.0,262.3970102968235,501.6,16.45444218107965,-0.13459486177191238,262.3970102968235,501.6,16.45444218107965,-0.13459486177191238,nonce-b008fe889ca92fcb1f6c,True,False,benign,False,0,"{""attack_ended_at"": 75.0, ""case_opened_at"": 75.0, ""lane_id"": ""cw_0"", ""road_id"": ""cw""}"
cam-1008-veh_004-000070,cam-1008-veh_004-000070,case-intersection-1008-veh_004-benign,root-b03fd0f4d9eee8ba7eeae373,1008,veh_004,ps-a4ec7ac7ed69787f,CAM,75.0,690.4353837128775,498.4,15.070978766446167,-0.48798355246893976,690.4353837128775,498.4,15.070978766446167,-0.48798355246893976,nonce-b03fd0f4d9eee8ba7eea,True,False,benign,False,0,"{""attack_ended_at"": 75.0, ""case_opened_at"": 75.0, ""lane_id"": ""ce_0"", ""road_id"": ""ce""}"
cam-1008-veh_005-000069,cam-1008-veh_005-000069,case-intersection-1008-veh_005-benign,root-9559bf58010074814d390247,1008,veh_005,ps-969b062779822854,CAM,75.0,297.551845595668,501.6,16.034017556892312,0.5818409089324987,297.551845595668,501.6,16.034017556892312,0.5818409089324987,nonce-9559bf58010074814d39,True,False,benign,False,0,"{""attack_ended_at"": 75.0, ""case_opened_at"": 75.0, ""lane_id"": ""cw_0"", ""road_id"": ""cw""}"
cam-1008-veh_008-000066,cam-1008-veh_008-000066,case-intersection-1008-veh_008-certificate_tamper,root-2f2fc6061fadcc228c46656e,1008,veh_008,ps-82218acb1d94705f,CAM,75.0,664.646903241169,498.4,15.735323547213378,-0.8481508908547735,664.646903241169,498.4,15.735323547213378,-0.8481508908547735,nonce-2f2fc6061fadcc228c46,False,False,certificate_tamper,True,0,"{""attack_ended_at"": 76.0, ""case_opened_at"": 24.0, ""lane_id"": ""ce_0"", ""road_id"": ""ce""}"
cam-1008-veh_009-000065,cam-1008-veh_009-000065,case-intersection-1008-veh_009-benign,root-a38018dbc74a4e412a5de2f6,1008,veh_009,ps-7ceb479c74f04f24,CAM,75.0,341.0529700713593,501.6,14.041262743643546,-0.11239181418903144,341.0529700713593,501.6,14.041262743643546,-0.11239181418903144,nonce-a38018dbc74a4e412a5d,True,False,benign,False,0,"{""attack_ended_at"": 75.0, ""case_opened_at"": 75.0, ""lane_id"": ""cw_0"", ""road_id"": ""cw""}"
cam-1008-veh_010-000064-f0,cam-1008-veh_010-000064,case-intersection-1008-veh_010-flood,root-1f5b998b66e8e90877c4ed80,1008,veh_010,ps-3210978143869c35,CAM,75.0,501.6,981.5275586911848,13.197889514338812,-1.0444104291151355,501.6,981.5275586911848,13.197889514338812,-1.0444104291151355,nonce-1f5b998b66e8e90877c4,True,False,flood,True,0,"{""attack_ended_at"": 78.0, ""case_opened_at"": 26.0, ""lane_id"": ""cn_0"", ""road_id"": ""cn""}"
cam-1008-veh_010-000064-f1,cam-1008-veh_010-000064,case-intersection-1008-veh_010-flood,root-1f5b998b66e8e90877c4ed80,1008,veh_010,ps-3210978143869c35,CAM,75.0,501.6,981.5275586911848,13.197889514338812,-1.0444104291151355,501.6,981.5275586911848,13.197889514338812,-1.0444104291151355,nonce-1f5b998b66e8e90877c4,True,False,flood,True,1,"{""attack_ended_at"": 78.0, ""case_opened_at"": 26.0, ""lane_id"": ""cn_0"", ""road_id"": ""cn""}"
cam-1008-veh_010-000064-f2,cam-1008-veh_010-000064,case-intersection-1008-veh_010-flood,root-1f5b998b66e8e90877c4ed80,1008,veh_010,ps-3210978143869c35,CAM,75.0,501.6,981.5275586911848,13.197889514338812,-1.0444104291151355,501.6,981.5275586911848,13.197889514338812,-1.0444104291151355,nonce-1f5b998b66e8e90877c4,True,False,flood,True,2,"{""attack_ended_at"": 78.0, ""case_opened_at"": 26.0, ""lane_id"": ""cn_0"", ""road_id"": ""cn""}"
cam-1008-veh_010-000064-f3,cam-1008-veh_010-000064,case-intersection-1008-veh_010-flood,root-1f5b998b66e8e90877c4ed80,1008,veh_010,ps-3210978143869c35,CAM,75.0,501.6,981.5275586911848,13.197889514338812,-1.0444104291151355,501.6,981.5275586911848,13.197889514338812,-1.0444104291151355,nonce-1f5b998b66e8e90877c4,True,False,flood,True,3,"{""attack_ended_at"": 78.0, ""case_opened_at"": 26.0, ""lane_id"": ""cn_0"", ""road_id"": ""cn""}"
cam-1008-veh_010-000064-f4,cam-1008-veh_010-000064,case-intersection-1008-veh_010-flood,root-1f5b998b66e8e90877c4ed80,1008,veh_010,ps-3210978143869c35,CAM,75.0,501.6,981.5275586911848,13.197889514338812,-1.0444104291151355,501.6,981.5275586911848,13.197889514338812,-1.0444104291151355,nonce-1f5b998b66e8e90877c4,True,False,flood,True,4,"{""attack_ended_at"": 78.0, ""case_opened_at"": 26.0, ""lane_id"": ""cn_0"", ""road_id"": ""cn""}"
cam-1008-veh_011-000063,cam-1008-veh_011-000063,case-intersection-1008-veh_011-benign,root-4e7a14069296904964d9374d,1008,veh_011,ps-8a5d63d2056fbe7e,CAM,75.0,498.4,51.00568845803758,14.696790349868746,-0.2581312882248312,498.4,51.00568845803758,14.696790349868746,-0.2581312882248312,nonce-4e7a14069296904964d9,True,False,benign,False,0,"{""attack_ended_at"": 75.0, ""case_opened_at"": 75.0, ""lane_id"": ""cs_0"", ""road_id"": ""cs""}"
cam-1008-veh_012-000062,cam-1008-veh_012-000062,case-intersection-1008-veh_012-false_denm,root-bcf14d6b8b0eaef3034a7a8c,1008,veh_012,ps-d55e51c88c138a2d,CAM,75.0,637.2657719918234,498.4,16.369117311220617,0.28884870103094684,637.2657719918234,498.4,16.369117311220617,0.28884870103094684,nonce-bcf14d6b8b0eaef3034a,True,False,false_denm,True,0,"{""attack_ended_at"": 80.0, ""case_opened_at"": 28.0, ""lane_id"": ""ce_0"", ""road_id"": ""ce""}"
cam-1008-veh_013-000061,cam-1008-veh_013-000061,case-intersection-1008-veh_013-benign,root-f2983fb147dcef8084fe765f,1008,veh_013,ps-c612038c409b5d43,CAM,75.0,369.4154811567097,501.6,15.58279903516685,0.04393364303049374,369.4154811567097,501.6,15.58279903516685,0.04393364303049374,nonce-f2983fb147dcef8084fe,True,False,benign,False,0,"{""attack_ended_at"": 75.0, ""case_opened_at"": 75.0, ""lane_id"": ""cw_0"", ""road_id"": ""cw""}"
cam-1008-veh_014-000060-m0,cam-1008-veh_014-000060,case-intersection-1008-veh_014-mixed,root-20cd38a175b38c0cbc482b0b,1008,veh_014,ps-1c0f8ece3ddb0b0c,DENM,75.0,501.6,884.0320780927423,14.505558999570475,-0.030124887060374306,546.6,893.0320780927423,22.505558999570475,-0.030124887060374306,nonce-20cd38a175b38c0cbc48,True,True,mixed,True,0,"{""attack_ended_at"": 82.0, ""case_opened_at"": 30.0, ""lane_id"": ""cn_0"", ""road_id"": ""cn""}"
cam-1008-veh_014-000060-m1,cam-1008-veh_014-000060,case-intersection-1008-veh_014-mixed,root-20cd38a175b38c0cbc482b0b,1008,veh_014,ps-1c0f8ece3ddb0b0c,DENM,75.0,501.6,884.0320780927423,14.505558999570475,-0.030124887060374306,546.6,893.0320780927423,22.505558999570475,-0.030124887060374306,nonce-20cd38a175b38c0cbc48,True,True,mixed,True,1,"{""attack_ended_at"": 82.0, ""case_opened_at"": 30.0, ""lane_id"": ""cn_0"", ""road_id"": ""cn""}"
cam-1008-veh_014-000060-m2,cam-1008-veh_014-000060,case-intersection-1008-veh_014-mixed,root-20cd38a175b38c0cbc482b0b,1008,veh_014,ps-1c0f8ece3ddb0b0c,DENM,75.0,501.6,884.0320780927423,14.505558999570475,-0.030124887060374306,546.6,893.0320780927423,22.505558999570475,-0.030124887060374306,nonce-20cd38a175b38c0cbc48,True,True,mixed,True,2,"{""attack_ended_at"": 82.0, ""case_opened_at"": 30.0, ""lane_id"": ""cn_0"", ""road_id"": ""cn""}"
cam-1008-veh_014-000060-m3,cam-1008-veh_014-000060,case-intersection-1008-veh_014-mixed,root-20cd38a175b38c0cbc482b0b,1008,veh_014,ps-1c0f8ece3ddb0b0c,DENM,75.0,501.6,884.0320780927423,14.505558999570475,-0.030124887060374306,546.6,893.0320780927423,22.505558999570475,-0.030124887060374306,nonce-20cd38a175b38c0cbc48,True,True,mixed,True,3,"{""attack_ended_at"": 82.0, ""case_opened_at"": 30.0, ""lane_id"": ""cn_0"", ""road_id"": ""cn""}"
cam-1008-veh_015-000059,cam-1008-veh_015-000059,case-intersection-1008-veh_015-benign,root-eb6def45d672762f30585c9e,1008,veh_015,ps-77b1c1c85865d133,CAM,75.0,498.4,114.73237625858485,14.701453934524457,-0.39056487703230225,498.4,114.73237625858485,14.701453934524457,-0.39056487703230225,nonce-eb6def45d672762f3058,True,False,benign,False,0,"{""attack_ended_at"": 75.0, ""case_opened_at"": 75.0, ""lane_id"": ""cs_0"", ""road_id"": ""cs""}"
cam-1008-veh_016-000058,cam-1008-veh_016-000058,case-intersection-1008-veh_016-benign,root-2a0728ba7144ef1ec7e9cc93,1008,veh_016,ps-1e0348b1d8bfe014,CAM,75.0,605.2537816447124,498.4,16.256737393802034,-0.13011789119336825,605.2537816447124,498.4,16.256737393802034,-0.13011789119336825,nonce-2a0728ba7144ef1ec7e9,True,False,benign,False,0,"{""attack_ended_at"": 75.0, ""case_opened_at"": 75.0, ""lane_id"": ""ce_0"", ""road_id"": ""ce""}"
cam-1008-veh_017-000057,cam-1008-veh_017-000057,case-intersection-1008-veh_017-benign,root-17df572ca339886dcdb99393,1008,veh_017,ps-31646c93226ae98c,CAM,75.0,398.13859101034507,501.6,16.584368479568514,0.5981359432730837,398.13859101034507,501.6,16.584368479568514,0.5981359432730837,nonce-17df572ca339886dcdb9,True,False,benign,False,0,"{""attack_ended_at"": 75.0, ""case_opened_at"": 75.0, ""lane_id"": ""cw_0"", ""road_id"": ""cw""}"
cam-1008-veh_018-000056,cam-1008-veh_018-000056,case-intersection-1008-veh_018-benign,root-38e5779b3daa021fce05a338,1008,veh_018,ps-55c539e5052cea58,CAM,75.0,501.6,804.358440819153,14.0359621554082,-0.43465665105264684,501.6,804.358440819153,14.0359621554082,-0.43465665105264684,nonce-38e5779b3daa021fce05,True,False,benign,False,0,"{""attack_ended_at"": 75.0, ""case_opened_at"": 75.0, ""lane_id"": ""cn_0"", ""road_id"": ""cn""}"
cam-1008-veh_019-000055,cam-1008-veh_019-000055,case-intersection-1008-veh_019-benign,root-25b21855777404a235bff9be,1008,veh_019,ps-6e220b4f697c2cd3,CAM,75.0,498.4,178.87366737224545,15.13427402605922,0.031712391651236516,498.4,178.87366737224545,15.13427402605922,0.031712391651236516,nonce-25b21855777404a235bf,True,False,benign,False,0,"{""attack_ended_at"": 75.0, ""case_opened_at"": 75.0, ""lane_id"": ""cs_0"", ""road_id"": ""cs""}"
cam-1008-veh_020-000054,cam-1008-veh_020-000054,case-intersection-1008-veh_020-benign,root-0342e42b4145c0a2c25f6781,1008,veh_020,ps-fb97d0e5da402071,CAM,75.0,574.196052632946,498.4,16.135484207998964,0.2138532567769289,574.196052632946,498.4,16.135484207998964,0.2138532567769289,nonce-0342e42b4145c0a2c25f,True,False,benign,False,0,"{""attack_ended_at"": 75.0, ""case_opened_at"": 75.0, ""lane_id"": ""ce_0"", ""road_id"": ""ce""}"
cam-1008-veh_021-000053,cam-1008-veh_021-000053,case-intersection-1008-veh_021-benign,root-79e14bbf84de17b2025e43ea,1008,veh_021,ps-7461357a64efe09e,CAM,75.0,428.3726793321589,501.6,15.79251983770095,-0.2188637617696081,428.3726793321589,501.6,15.79251983770095,-0.2188637617696081,nonce-79e14bbf84de17b2025e,True,False,benign,False,0,"{""attack_ended_at"": 75.0, ""case_opened_at"": 75.0, ""lane_id"": ""cw_0"", ""road_id"": ""cw""}"
cam-1008-veh_022-000052,cam-1008-veh_022-000052,case-intersection-1008-veh_022-benign,root-5491ce04e5b8d41cb0943555,1008,veh_022,ps-b515230e59090b79,CAM,75.0,501.6,781.2676381910753,14.733589478167135,0.4874287919695739,501.6,781.2676381910753,14.733589478167135,0.4874287919695739,nonce-5491ce04e5b8d41cb094,True,False,benign,False,0,"{""attack_ended_at"": 75.0, ""case_opened_at"": 75.0, ""lane_id"": ""cn_0"", ""road_id"": ""cn""}"
cam-1008-veh_023-000051,cam-1008-veh_023-000051,case-intersection-1008-veh_023-benign,root-e30f5797c7eb37ffb6db0557,1008,veh_023,ps-92555cef08137c2d,CAM,75.0,498.4,238.22426751458082,15.213974443257095,0.5571501554455605,498.4,238.22426751458082,15.213974443257095,0.5571501554455605,nonce-e30f5797c7eb37ffb6db,True,False,benign,False,0,"{""attack_ended_at"": 75.0, ""case_opened_at"": 75.0, ""lane_id"": ""cs_0"", ""road_id"": ""cs""}"
cam-1008-veh_000-000075,cam-1008-veh_000-000075,case-intersection-1008-veh_000-benign,root-80d5a8babf3964c41c0125d9,1008,veh_000,ps-c836b37964202f27,CAM,76.0,745.2234915442247,498.4,16.60083838324994,0.2973180367564794,745.2234915442247,498.4,16.60083838324994,0.2973180367564794,nonce-80d5a8babf3964c41c01,True,False,benign,False,0,"{""attack_ended_at"": 76.0, ""case_opened_at"": 76.0, ""lane_id"": ""ce_0"", ""road_id"": ""ce""}"
cam-1008-veh_001-000074,cam-1008-veh_001-000074,case-intersection-1008-veh_001-benign,root-078e73870add2d18c3b4a566,1008,veh_001,ps-06cf0c7bb8481f37,CAM,76.0,245.98213649748175,501.6,16.414873799341734,-0.039568381737915104,245.98213649748175,501.6,16.414873799341734,-0.039568381737915104,nonce-078e73870add2d18c3b4,True,False,benign,False,0,"{""attack_ended_at"": 76.0, ""case_opened_at"": 76.0, ""lane_id"": ""cw_0"", ""road_id"": ""cw""}"
cam-1008-veh_004-000071,cam-1008-veh_004-000071,case-intersection-1008-veh_004-benign,root-f8c0bd89156732ea53b26c85,1008,veh_004,ps-a4ec7ac7ed69787f,CAM,76.0,705.9990161285727,498.4,15.563632415695281,0.4926536492491138,705.9990161285727,498.4,15.563632415695281,0.4926536492491138,nonce-f8c0bd89156732ea53b2,True,False,benign,False,0,"{""attack_ended_at"": 76.0, ""case_opened_at"": 76.0, ""lane_id"": ""ce_0"", ""road_id"": ""ce""}"
cam-1008-veh_005-000070,cam-1008-veh_005-000070,case-intersection-1008-veh_005-benign,root-967ec735fb8d1ccde50daa2a,1008,veh_005,ps-969b062779822854,CAM,76.0,281.9543385738026,501.6,15.597507021865413,-0.4365105350268994,281.9543385738026,501.6,15.597507021865413,-0.4365105350268994,nonce-967ec735fb8d1ccde50d,True,False,benign,False,0,"{""attack_ended_at"": 76.0, ""case_opened_at"": 76.0, ""lane_id"": ""cw_0"", ""road_id"": ""cw""}"
cam-1008-veh_008-000067,cam-1008-veh_008-000067,case-intersection-1008-veh_008-certificate_tamper,root-2af4de783dc576292aebc9ae,1008,veh_008,ps-82218acb1d94705f,CAM,76.0,680.1885744028355,498.4,15.541671161666583,-0.19365238554679465,680.1885744028355,498.4,15.541671161666583,-0.19365238554679465,nonce-2af4de783dc576292aeb,False,False,certificate_tamper,True,0,"{""attack_ended_at"": 76.0, ""case_opened_at"": 24.0, ""lane_id"": ""ce_0"", ""road_id"": ""ce""}"
cam-1008-veh_009-000066,cam-1008-veh_009-000066,case-intersection-1008-veh_009-benign,root-19b1f4c7166cd931a2775987,1008,veh_009,ps-7ceb479c74f04f24,CAM,76.0,326.9520168934024,501.6,14.100953177956926,0.059690434313379725,326.9520168934024,501.6,14.100953177956926,0.059690434313379725,nonce-19b1f4c7166cd931a277,True,False,benign,False,0,"{""attack_ended_at"": 76.0, ""case_opened_at"": 76.0, ""lane_id"": ""cw_0"", ""road_id"": ""cw""}"
cam-1008-veh_010-000065-f0,cam-1008-veh_010-000065,case-intersection-1008-veh_010-flood,root-48d0c49c8c1d1cb4d4b4dc49,1008,veh_010,ps-3210978143869c35,CAM,76.0,501.6,996.8100622832883,15.282503592103375,2.084614077764563,501.6,996.8100622832883,15.282503592103375,2.084614077764563,nonce-48d0c49c8c1d1cb4d4b4,True,False,flood,True,0,"{""attack_ended_at"": 78.0, ""case_opened_at"": 26.0, ""lane_id"": ""cn_0"", ""road_id"": ""cn""}"
cam-1008-veh_010-000065-f1,cam-1008-veh_010-000065,case-intersection-1008-veh_010-flood,root-48d0c49c8c1d1cb4d4b4dc49,1008,veh_010,ps-3210978143869c35,CAM,76.0,501.6,996.8100622832883,15.282503592103375,2.084614077764563,501.6,996.8100622832883,15.282503592103375,2.084614077764563,nonce-48d0c49c8c1d1cb4d4b4,True,False,flood,True,1,"{""attack_ended_at"": 78.0, ""case_opened_at"": 26.0, ""lane_id"": ""cn_0"", ""road_id"": ""cn""}"
cam-1008-veh_010-000065-f2,cam-1008-veh_010-000065,case-intersection-1008-veh_010-flood,root-48d0c49c8c1d1cb4d4b4dc49,1008,veh_010,ps-3210978143869c35,CAM,76.0,501.6,996.8100622832883,15.282503592103375,2.084614077764563,501.6,996.8100622832883,15.282503592103375,2.084614077764563,nonce-48d0c49c8c1d1cb4d4b4,True,False,flood,True,2,"{""attack_ended_at"": 78.0, ""case_opened_at"": 26.0, ""lane_id"": ""cn_0"", ""road_id"": ""cn""}"
cam-1008-veh_010-000065-f3,cam-1008-veh_010-000065,case-intersection-1008-veh_010-flood,root-48d0c49c8c1d1cb4d4b4dc49,1008,veh_010,ps-3210978143869c35,CAM,76.0,501.6,996.8100622832883,15.282503592103375,2.084614077764563,501.6,996.8100622832883,15.282503592103375,2.084614077764563,nonce-48d0c49c8c1d1cb4d4b4,True,False,flood,True,3,"{""attack_ended_at"": 78.0, ""case_opened_at"": 26.0, ""lane_id"": ""cn_0"", ""road_id"": ""cn""}"
cam-1008-veh_010-000065-f4,cam-1008-veh_010-000065,case-intersection-1008-veh_010-flood,root-48d0c49c8c1d1cb4d4b4dc49,1008,veh_010,ps-3210978143869c35,CAM,76.0,501.6,996.8100622832883,15.282503592103375,2.084614077764563,501.6,996.8100622832883,15.282503592103375,2.084614077764563,nonce-48d0c49c8c1d1cb4d4b4,True,False,flood,True,4,"{""attack_ended_at"": 78.0, ""case_opened_at"": 26.0, ""lane_id"": ""cn_0"", ""road_id"": ""cn""}"
cam-1008-veh_011-000064,cam-1008-veh_011-000064,case-intersection-1008-veh_011-benign,root-da2fc9b1517c399aa194908c,1008,veh_011,ps-8a5d63d2056fbe7e,CAM,76.0,498.4,36.348633171092104,14.657055286945464,-0.039735062923281106,498.4,36.348633171092104,14.657055286945464,-0.039735062923281106,nonce-da2fc9b1517c399aa194,True,False,benign,False,0,"{""attack_ended_at"": 76.0, ""case_opened_at"": 76.0, ""lane_id"": ""cs_0"", ""road_id"": ""cs""}"
cam-1008-veh_012-000063,cam-1008-veh_012-000063,case-intersection-1008-veh_012-false_denm,root-c0dbf60b1e2a1766600c5e72,1008,veh_012,ps-d55e51c88c138a2d,CAM,76.0,653.3450880075466,498.4,16.079316015723162,-0.2898012954974547,653.3450880075466,498.4,16.079316015723162,-0.2898012954974547,nonce-c0dbf60b1e2a1766600c,True,False,false_denm,True,0,"{""attack_ended_at"": 80.0, ""case_opened_at"": 28.0, ""lane_id"": ""ce_0"", ""road_id"": ""ce""}"
cam-1008-veh_013-000062,cam-1008-veh_013-000062,case-intersection-1008-veh_013-benign,root-b03db87aaaefeab1f4cb9a6b,1008,veh_013,ps-c612038c409b5d43,CAM,76.0,354.4482319771971,501.6,14.967249179512628,-0.6155498556542227,354.4482319771971,501.6,14.967249179512628,-0.6155498556542227,nonce-b03db87aaaefeab1f4cb,True,False,benign,False,0,"{""attack_ended_at"": 76.0, ""case_opened_at"": 76.0, ""lane_id"": ""cw_0"", ""road_id"": ""cw""}"
cam-1008-veh_014-000061-m0,cam-1008-veh_014-000061,case-intersection-1008-veh_014-mixed,root-b45462115320d7391aafda99,1008,veh_014,ps-1c0f8ece3ddb0b0c,DENM,76.0,501.6,898.5736539706214,14.541575877879202,0.03601687830872713,546.6,907.5736539706214,22.541575877879204,0.03601687830872713,nonce-b45462115320d7391aaf,True,True,mixed,True,0,"{""attack_ended_at"": 82.0, ""case_opened_at"": 30.0, ""lane_id"": ""cn_0"", ""road_id"": ""cn""}"
cam-1008-veh_014-000061-m1,cam-1008-veh_014-000061,case-intersection-1008-veh_014-mixed,root-b45462115320d7391aafda99,1008,veh_014,ps-1c0f8ece3ddb0b0c,DENM,76.0,501.6,898.5736539706214,14.541575877879202,0.03601687830872713,546.6,907.5736539706214,22.541575877879204,0.03601687830872713,nonce-b45462115320d7391aaf,True,True,mixed,True,1,"{""attack_ended_at"": 82.0, ""case_opened_at"": 30.0, ""lane_id"": ""cn_0"", ""road_id"": ""cn""}"
cam-1008-veh_014-000061-m2,cam-1008-veh_014-000061,case-intersection-1008-veh_014-mixed,root-b45462115320d7391aafda99,1008,veh_014,ps-1c0f8ece3ddb0b0c,DENM,76.0,501.6,898.5736539706214,14.541575877879202,0.03601687830872713,546.6,907.5736539706214,22.541575877879204,0.03601687830872713,nonce-b45462115320d7391aaf,True,True,mixed,True,2,"{""attack_ended_at"": 82.0, ""case_opened_at"": 30.0, ""lane_id"": ""cn_0"", ""road_id"": ""cn""}"
cam-1008-veh_014-000061-m3,cam-1008-veh_014-000061,case-intersection-1008-veh_014-mixed,root-b45462115320d7391aafda99,1008,veh_014,ps-1c0f8ece3ddb0b0c,DENM,76.0,501.6,898.5736539706214,14.541575877879202,0.03601687830872713,546.6,907.5736539706214,22.541575877879204,0.03601687830872713,nonce-b45462115320d7391aaf,True,True,mixed,True,3,"{""attack_ended_at"": 82.0, ""case_opened_at"": 30.0, ""lane_id"": ""cn_0"", ""road_id"": ""cn""}"
cam-1008-veh_015-000060,cam-1008-veh_015-000060,case-intersection-1008-veh_015-benign,root-75efe04b9057d8b3f26efdbd,1008,veh_015,ps-77b1c1c85865d133,CAM,76.0,498.4,100.08507415975811,14.647302098826753,-0.05415183569770399,498.4,100.08507415975811,14.647302098826753,-0.05415183569770399,nonce-75efe04b9057d8b3f26e,True,False,benign,False,0,"{""attack_ended_at"": 76.0, ""case_opened_at"": 76.0, ""lane_id"": ""cs_0"", ""road_id"": ""cs""}"
cam-1008-veh_016-000059,cam-1008-veh_016-000059,case-intersection-1008-veh_016-benign,root-8671c1807079a54c60d42199,1008,veh_016,ps-1e0348b1d8bfe014,CAM,76.0,621.1694112287845,498.4,15.915629584072159,-0.3411078097298752,621.1694112287845,498.4,15.915629584072159,-0.3411078097298752,nonce-8671c1807079a54c60d4,True,False,benign,False,0,"{""attack_ended_at"": 76.0, ""case_opened_at"": 76.0, ""lane_id"": ""ce_0"", ""road_id"": ""ce""}"
cam-1008-veh_017-000058,cam-1008-veh_017-000058,case-intersection-1008-veh_017-benign,root-e34e44a5f757f386820db4ed,1008,veh_017,ps-31646c93226ae98c,CAM,76.0,382.03033456737444,501.6,16.1082564429706,-0.47611203659791457,382.03033456737444,501.6,16.1082564429706,-0.47611203659791457,nonce-e34e44a5f757f386820d,True,False,benign,False,0,"{""attack_ended_at"": 76.0, ""case_opened_at"": 76.0, ""lane_id"": ""cw_0"", ""road_id"": ""cw""}"
cam-1008-veh_018-000057,cam-1008-veh_018-000057,case-intersection-1008-veh_018-benign,root-d0604db3d0605575a7ef3a91,1008,veh_018,ps-55c539e5052cea58,CAM,76.0,501.6,818.5721553246876,14.213714505534593,0.17775235012639357,501.6,818.5721553246876,14.213714505534593,0.17775235012639357,nonce-d0604db3d0605575a7ef,True,False,benign,False,0,"{""attack_ended_at"": 76.0, ""case_opened_at"": 76.0, ""lane_id"": ""cn_0"", ""road_id"": ""cn""}"
cam-1008-veh_019-000056,cam-1008-veh_019-000056,case-intersection-1008-veh_019-benign,root-6ddd731e918f65eb5c5d3a0c,1008,veh_019,ps-6e220b4f697c2cd3,CAM,76.0,498.4,164.02935722343386,14.844310148811573,-0.28996387724764716,498.4,164.02935722343386,14.844310148811573,-0.28996387724764716,nonce-6ddd731e918f65eb5c5d,True,False,benign,False,0,"{""attack_ended_at"": 76.0, ""case_opened_at"": 76.0, ""lane_id"": ""cs_0"", ""road_id"": ""cs""}"
cam-1008-veh_020-000055,cam-1008-veh_020-000055,case-intersection-1008-veh_020-benign,root-e9f13a7c4a015f8b271a79f2,1008,veh_020,ps-fb97d0e5da402071,CAM,76.0,590.0923303350429,498.4,15.896277702096851,-0.23920650590211245,590.0923303350429,498.4,15.896277702096851,-0.23920650590211245,nonce-e9f13a7c4a015f8b271a,True,False,benign,False,0,"{""attack_ended_at"": 76.0, ""case_opened_at"": 76.0, ""lane_id"": ""ce_0"", ""road_id"": ""ce""}"
cam-1008-veh_021-000054,cam-1008-veh_021-000054,case-intersection-1008-veh_021-benign,root-a5fddca1c378b771ae4146d5,1008,veh_021,ps-7461357a64efe09e,CAM,76.0,412.3187755789237,501.6,16.053903753235193,0.26138391553424256,412.3187755789237,501.6,16.053903753235193,0.26138391553424256,nonce-a5fddca1c378b771ae41,True,False,benign,False,0,"{""attack_ended_at"": 76.0, ""case_opened_at"": 76.0, ""lane_id"": ""cw_0"", ""road_id"": ""cw""}"
cam-1008-veh_022-000053,cam-1008-veh_022-000053,case-intersection-1008-veh_022-benign,root-f3c41be3311d8425afca77ab,1008,veh_022,ps-b515230e59090b79,CAM,76.0,501.6,795.5347040303634,14.267065839288087,-0.4665236388790479,501.6,795.5347040303634,14.267065839288087,-0.4665236388790479,nonce-f3c41be3311d8425afca,True,False,benign,False,0,"{""attack_ended_at"": 76.0, ""case_opened_at"": 76.0, ""lane_id"": ""cn_0"", ""road_id"": ""cn""}"
cam-1008-veh_023-000052,cam-1008-veh_023-000052,case-intersection-1008-veh_023-benign,root-c4a14d7f494bdce88338e370,1008,veh_023,ps-92555cef08137c2d,CAM,76.0,498.4,223.55600227199744,14.668265242583358,-0.5457092006737376,498.4,223.55600227199744,14.668265242583358,-0.5457092006737376,nonce-c4a14d7f494bdce88338,True,False,benign,False,0,"{""attack_ended_at"": 76.0, ""case_opened_at"": 76.0, ""lane_id"": ""cs_0"", ""road_id"": ""cs""}"
cam-1008-veh_000-000076,cam-1008-veh_000-000076,case-intersection-1008-veh_000-benign,root-8aa72a6849012c7789773877,1008,veh_000,ps-c836b37964202f27,CAM,77.0,761.6527107662282,498.4,16.429219222003596,-0.17161916124634402,761.6527107662282,498.4,16.429219222003596,-0.17161916124634402,nonce-8aa72a6849012c778977,True,False,benign,False,0,"{""attack_ended_at"": 77.0, ""case_opened_at"": 77.0, ""lane_id"": ""ce_0"", ""road_id"": ""ce""}"
cam-1008-veh_001-000075,cam-1008-veh_001-000075,case-intersection-1008-veh_001-benign,root-d3fb7213c4b3bb4eb87453fb,1008,veh_001,ps-06cf0c7bb8481f37,CAM,77.0,229.76913421576194,501.6,16.21300228171982,-0.2018715176219139,229.76913421576194,501.6,16.21300228171982,-0.2018715176219139,nonce-d3fb7213c4b3bb4eb874,True,False,benign,False,0,"{""attack_ended_at"": 77.0, ""case_opened_at"": 77.0, ""lane_id"": ""cw_0"", ""road_id"": ""cw""}"
cam-1008-veh_004-000072,cam-1008-veh_004-000072,case-intersection-1008-veh_004-benign,root-5f11979355b9c81238addfac,1008,veh_004,ps-a4ec7ac7ed69787f,CAM,77.0,721.2360376930128,498.4,15.237021564440035,-0.32661085125524636,721.2360376930128,498.4,15.237021564440035,-0.32661085125524636,nonce-5f11979355b9c81238ad,True,False,benign,False,0,"{""attack_ended_at"": 77.0, ""case_opened_at"": 77.0, ""lane_id"": ""ce_0"", ""road_id"": ""ce""}"
cam-1008-veh_005-000071,cam-1008-veh_005-000071,case-intersection-1008-veh_005-benign,root-8a1ab880086c024dc2daf873,1008,veh_005,ps-969b062779822854,CAM,77.0,266.2122234488211,501.6,15.742115124981456,0.14460810311604355,266.2122234488211,501.6,15.742115124981456,0.14460810311604355,nonce-8a1ab880086c024dc2da,True,False,benign,False,0,"{""attack_ended_at"": 77.0, ""case_opened_at"": 77.0, ""lane_id"": ""cw_0"", ""road_id"": ""cw""}"
cam-1008-veh_008-000068,cam-1008-veh_008-000068,case-intersection-1008-veh_008-benign,root-96196a8b7024a81660093c26,1008,veh_008,ps-82218acb1d94705f,CAM,77.0,696.1839267664773,498.4,15.995352363641699,0.4536812019751153,696.1839267664773,498.4,15.995352363641699,0.4536812019751153,nonce-96196a8b7024a8166009,True,False,benign,False,0,"{""attack_ended_at"": 77.0, ""case_opened_at"": 77.0, ""lane_id"": ""ce_0"", ""road_id"": ""ce""}"
cam-1008-veh_009-000067,cam-1008-veh_009-000067,case-intersection-1008-veh_009-benign,root-987cc7183628293889b1fb3e,1008,veh_009,ps-7ceb479c74f04f24,CAM,77.0,312.9598086557236,501.6,13.992208237678804,-0.10874494027812176,312.9598086557236,501.6,13.992208237678804,-0.10874494027812176,nonce-987cc7183628293889b1,True,False,benign,False,0,"{""attack_ended_at"": 77.0, ""case_opened_at"": 77.0, ""lane_id"": ""cw_0"", ""road_id"": ""cw""}"
cam-1008-veh_011-000065,cam-1008-veh_011-000065,case-intersection-1008-veh_011-benign,root-b77488a8ba20280b09251b14,1008,veh_011,ps-8a5d63d2056fbe7e,CAM,77.0,498.4,21.060025694986507,15.288607476105602,0.6315521891601374,498.4,21.060025694986507,15.288607476105602,0.6315521891601374,nonce-b77488a8ba20280b0925,True,False,benign,False,0,"{""attack_ended_at"": 77.0, ""case_opened_at"": 77.0, ""lane_id"": ""cs_0"", ""road_id"": ""cs""}"
cam-1008-veh_012-000064,cam-1008-veh_012-000064,case-intersection-1008-veh_012-false_denm,root-150ab4dff11c85334ce397d8,1008,veh_012,ps-d55e51c88c138a2d,CAM,77.0,669.5302471728752,498.4,16.185159165328596,0.10584314960543395,669.5302471728752,498.4,16.185159165328596,0.10584314960543395,nonce-150ab4dff11c85334ce3,True,False,false_denm,True,0,"{""attack_ended_at"": 80.0, ""case_opened_at"": 28.0, ""lane_id"": ""ce_0"", ""road_id"": ""ce""}"
cam-1008-veh_013-000063,cam-1008-veh_013-000063,case-intersection-1008-veh_013-benign,root-1be21c0103bea8b1302e8f69,1008,veh_013,ps-c612038c409b5d43,CAM,77.0,338.9987184539257,501.6,15.449513523271365,0.4822643437587377,338.9987184539257,501.6,15.449513523271365,0.4822643437587377,nonce-1be21c0103bea8b1302e,True,False,benign,False,0,"{""attack_ended_at"": 77.0, ""case_opened_at"": 77.0, ""lane_id"": ""cw_0"", ""road_id"": ""cw""}"
cam-1008-veh_014-000062-m0,cam-1008-veh_014-000062,case-intersection-1008-veh_014-mixed,root-887795c5a91243572d75a1c3,1008,veh_014,ps-1c0f8ece3ddb0b0c,DENM,77.0,501.6,913.3957825144178,14.822128543796406,0.2805526659172042,546.6,922.3957825144178,22.822128543796406,0.2805526659172042,nonce-887795c5a91243572d75,True,True,mixed,True,0,"{""attack_ended_at"": 82.0, ""case_opened_at"": 30.0, ""lane_id"": ""cn_0"", ""road_id"": ""cn""}"
cam-1008-veh_014-000062-m1,cam-1008-veh_014-000062,case-intersection-1008-veh_014-mixed,root-887795c5a91243572d75a1c3,1008,veh_014,ps-1c0f8ece3ddb0b0c,DENM,77.0,501.6,913.3957825144178,14.822128543796406,0.2805526659172042,546.6,922.3957825144178,22.822128543796406,0.2805526659172042,nonce-887795c5a91243572d75,True,True,mixed,True,1,"{""attack_ended_at"": 82.0, ""case_opened_at"": 30.0, ""lane_id"": ""cn_0"", ""road_id"": ""cn""}"
cam-1008-veh_014-000062-m2,cam-1008-veh_014-000062,case-intersection-1008-veh_014-mixed,root-887795c5a91243572d75a1c3,1008,veh_014,ps-1c0f8ece3ddb0b0c,DENM,77.0,501.6,913.3957825144178,14.822128543796406,0.2805526659172042,546.6,922.3957825144178,22.822128543796406,0.2805526659172042,nonce-887795c5a91243572d75,True,True,mixed,True,2,"{""attack_ended_at"": 82.0, ""case_opened_at"": 30.0, ""lane_id"": ""cn_0"", ""road_id"": ""cn""}"
cam-1008-veh_014-000062-m3,cam-1008-veh_014-000062,case-intersection-1008-veh_014-mixed,root-887795c5a91243572d75a1c3,1008,veh_014,ps-1c0f8ece3ddb0b0c,DENM,77.0,501.6,913.3957825144178,14.822128543796406,0.2805526659172042,546.6,922.3957825144178,22.822128543796406,0.2805526659172042,nonce-887795c5a91243572d75,True,True,mixed,True,3,"{""attack_ended_at"": 82.0, ""case_opened_at"": 30.0, ""lane_id"": ""cn_0"", ""road_id"": ""cn""}"
cam-1008-veh_015-000061,cam-1008-veh_015-000061,case-intersection-1008-veh_015-benign,root-57d396a7acfcf1c92c95deb7,1008,veh_015,ps-77b1c1c85865d133,CAM,77.0,498.4,85.30681596645684,14.778258193301285,0.1309560944745325,498.4,85.30681596645684,14.778258193301285,0.1309560944745325,nonce-57d396a7acfcf1c92c95,True,False,benign,False,0,"{""attack_ended_at"": 77.0, ""case_opened_at"": 77.0, ""lane_id"": ""cs_0"", ""road_id"": ""cs""}"
cam-1008-veh_016-000060,cam-1008-veh_016-000060,case-intersection-1008-veh_016-benign,root-c8d2a443fa9cfad7ea14c72c,1008,veh_016,ps-1e0348b1d8bfe014,CAM,77.0,637.740378603196,498.4,16.570967374411413,0.6553377903392548,637.740378603196,498.4,16.570967374411413,0.6553377903392548,nonce-c8d2a443fa9cfad7ea14,True,False,benign,False,0,"{""attack_ended_at"": 77.0, ""case_opened_at"": 77.0, ""lane_id"": ""ce_0"", ""road_id"": ""ce""}"
cam-1008-veh_017-000059,cam-1008-veh_017-000059,case-intersection-1008-veh_017-benign,root-8e0586420098acf22f562f95,1008,veh_017,ps-31646c93226ae98c,CAM,77.0,366.38894071888325,501.6,15.64139384849122,-0.4668625944793803,366.38894071888325,501.6,15.64139384849122,-0.4668625944793803,nonce-8e0586420098acf22f56,True,False,benign,False,0,"{""attack_ended_at"": 77.0, ""case_opened_at"": 77.0, ""lane_id"": ""cw_0"", ""road_id"": ""cw""}"
cam-1008-veh_018-000058,cam-1008-veh_018-000058,case-intersection-1008-veh_018-benign,root-73977a6b3bcdb406ad788ec6,1008,veh_018,ps-55c539e5052cea58,CAM,77.0,501.6,832.4736296316883,13.90147430700061,-0.3122401985339831,501.6,832.4736296316883,13.90147430700061,-0.3122401985339831,nonce-73977a6b3bcdb406ad78,True,False,benign,False,0,"{""attack_ended_at"": 77.0, ""case_opened_at"": 77.0, ""lane_id"": ""cn_0"", ""road_id"": ""cn""}"
cam-1008-veh_019-000057,cam-1008-veh_019-000057,case-intersection-1008-veh_019-benign,root-b23f34b13302ffc472c1835a,1008,veh_019,ps-6e220b4f697c2cd3,CAM,77.0,498.4,148.85321290587615,15.176144317557709,0.3318341687461359,498.4,148.85321290587615,15.176144317557709,0.3318341687461359,nonce-b23f34b13302ffc472c1,True,False,benign,False,0,"{""attack_ended_at"": 77.0, ""case_opened_at"": 77.0, ""lane_id"": ""cs_0"", ""road_id"": ""cs""}"
cam-1008-veh_020-000056,cam-1008-veh_020-000056,case-intersection-1008-veh_020-benign,root-8ecb699db0aec90bef8850e6,1008,veh_020,ps-fb97d0e5da402071,CAM,77.0,606.1657632706542,498.4,16.073432935611347,0.1771552335144957,606.1657632706542,498.4,16.073432935611347,0.1771552335144957,nonce-8ecb699db0aec90bef88,True,False,benign,False,0,"{""attack_ended_at"": 77.0, ""case_opened_at"": 77.0, ""lane_id"": ""ce_0"", ""road_id"": ""ce""}"
cam-1008-veh_021-000055,cam-1008-veh_021-000055,case-intersection-1008-veh_021-benign,root-856d1aec78925f9f6bfcce85,1008,veh_021,ps-7461357a64efe09e,CAM,77.0,396.33223034729343,501.6,15.986545231630284,-0.06735852160490907,396.33223034729343,501.6,15.986545231630284,-0.06735852160490907,nonce-856d1aec78925f9f6bfc,True,False,benign,False,0,"{""attack_ended_at"": 77.0, ""case_opened_at"": 77.0, ""lane_id"": ""cw_0"", ""road_id"": ""cw""}"
cam-1008-veh_022-000054,cam-1008-veh_022-000054,case-intersection-1008-veh_022-benign,root-21e4f52d3029505b10160abc,1008,veh_022,ps-b515230e59090b79,CAM,77.0,501.6,809.6941996500336,14.159495619670215,-0.10757021961787139,501.6,809.6941996500336,14.159495619670215,-0.10757021961787139,nonce-21e4f52d3029505b1016,True,False,benign,False,0,"{""attack_ended_at"": 77.0, ""case_opened_at"": 77.0, ""lane_id"": ""cn_0"", ""road_id"": ""cn""}"
cam-1008-veh_023-000053,cam-1008-veh_023-000053,case-intersection-1008-veh_023-benign,root-0de074bf6955479b10a0bc28,1008,veh_023,ps-92555cef08137c2d,CAM,77.0,498.4,208.5090242619956,15.046978010001832,0.3787127674184738,498.4,208.5090242619956,15.046978010001832,0.3787127674184738,nonce-0de074bf6955479b10a0,True,False,benign,False,0,"{""attack_ended_at"": 77.0, ""case_opened_at"": 77.0, ""lane_id"": ""cs_0"", ""road_id"": ""cs""}"
cam-1008-veh_000-000077,cam-1008-veh_000-000077,case-intersection-1008-veh_000-benign,root-1c3ad7e5f82fd4a875c19c7c,1008,veh_000,ps-c836b37964202f27,CAM,78.0,778.0944984587509,498.4,16.44178769252263,0.012568470519035202,778.0944984587509,498.4,16.44178769252263,0.012568470519035202,nonce-1c3ad7e5f82fd4a875c1,True,False,benign,False,0,"{""attack_ended_at"": 78.0, ""case_opened_at"": 78.0, ""lane_id"": ""ce_0"", ""road_id"": ""ce""}"
cam-1008-veh_001-000076,cam-1008-veh_001-000076,case-intersection-1008-veh_001-benign,root-262f68a10f93f18c9eae92f3,1008,veh_001,ps-06cf0c7bb8481f37,CAM,78.0,213.84761878895853,501.6,15.921515426803381,-0.2914868549164389,213.84761878895853,501.6,15.921515426803381,-0.2914868549164389,nonce-262f68a10f93f18c9eae,True,False,benign,False,0,"{""attack_ended_at"": 78.0, ""case_opened_at"": 78.0, ""lane_id"": ""cw_0"", ""road_id"": ""cw""}"
cam-1008-veh_004-000073,cam-1008-veh_004-000073,case-intersection-1008-veh_004-benign,root-35e73e8a3f2e9cae92571500,1008,veh_004,ps-a4ec7ac7ed69787f,CAM,78.0,736.4226388633833,498.4,15.18660117037052,-0.05042039406951382,736.4226388633833,498.4,15.18660117037052,-0.05042039406951382,nonce-35e73e8a3f2e9cae9257,True,False,benign,False,0,"{""attack_ended_at"": 78.0, ""case_opened_at"": 78.0, ""lane_id"": ""ce_0"", ""road_id"": ""ce""}"
cam-1008-veh_005-000072,cam-1008-veh_005-000072,case-intersection-1008-veh_005-benign,root-3acd84375f000401d30b5d9c,1008,veh_005,ps-969b062779822854,CAM,78.0,250.18658545051437,501.6,16.025637998306728,0.28352287332527126,250.18658545051437,501.6,16.025637998306728,0.28352287332527126,nonce-3acd84375f000401d30b,True,False,benign,False,0,"{""attack_ended_at"": 78.0, ""case_opened_at"": 78.0, ""lane_id"": ""cw_0"", ""road_id"": ""cw""}"
cam-1008-veh_008-000069,cam-1008-veh_008-000069,case-intersection-1008-veh_008-benign,root-4db498e5243830a9937b7594,1008,veh_008,ps-82218acb1d94705f,CAM,78.0,711.4975793728072,498.4,15.313652606329931,-0.6816997573117671,711.4975793728072,498.4,15.313652606329931,-0.6816997573117671,nonce-4db498e5243830a9937b,True,False,benign,False,0,"{""attack_ended_at"": 78.0, ""case_opened_at"": 78.0, ""lane_id"": ""ce_0"", ""road_id"": ""ce""}"
cam-1008-veh_009-000068,cam-1008-veh_009-000068,case-intersection-1008-veh_009-benign,root-ef64c6cd20bcd821ec9d58b7,1008,veh_009,ps-7ceb479c74f04f24,CAM,78.0,298.8476807022463,501.6,14.112127953477264,0.11991971579845995,298.8476807022463,501.6,14.112127953477264,0.11991971579845995,nonce-ef64c6cd20bcd821ec9d,True,False,benign,False,0,"{""attack_ended_at"": 78.0, ""case_opened_at"": 78.0, ""lane_id"": ""cw_0"", ""road_id"": ""cw""}"
cam-1008-veh_011-000066,cam-1008-veh_011-000066,case-intersection-1008-veh_011-benign,root-3ef63397386d4eeed7bca064,1008,veh_011,ps-8a5d63d2056fbe7e,CAM,78.0,498.4,5.691282311019506,15.368743383967006,0.08013590786140412,498.4,5.691282311019506,15.368743383967006,0.08013590786140412,nonce-3ef63397386d4eeed7bc,True,False,benign,False,0,"{""attack_ended_at"": 78.0, ""case_opened_at"": 78.0, ""lane_id"": ""cs_0"", ""road_id"": ""cs""}"
cam-1008-veh_012-000065,cam-1008-veh_012-000065,case-intersection-1008-veh_012-false_denm,root-4b805c516bb24897a04617e7,1008,veh_012,ps-d55e51c88c138a2d,DENM,78.0,685.8082140987449,498.4,16.2779669258697,0.09280776054110262,685.8082140987449,498.4,16.2779669258697,0.09280776054110262,nonce-4b805c516bb24897a046,True,True,false_denm,True,0,"{""attack_ended_at"": 80.0, ""case_opened_at"": 28.0, ""lane_id"": ""ce_0"", ""road_id"": ""ce""}"
cam-1008-veh_013-000064,cam-1008-veh_013-000064,case-intersection-1008-veh_013-benign,root-b446bfe9e733beb24ac8623c,1008,veh_013,ps-c612038c409b5d43,CAM,78.0,323.8820540119881,501.6,15.116664441937633,-0.33284908133373214,323.8820540119881,501.6,15.116664441937633,-0.33284908133373214,nonce-b446bfe9e733beb24ac8,True,False,benign,False,0,"{""attack_ended_at"": 78.0, ""case_opened_at"": 78.0, ""lane_id"": ""cw_0"", ""road_id"": ""cw""}"
cam-1008-veh_014-000063-m0,cam-1008-veh_014-000063,case-intersection-1008-veh_014-mixed,root-a8af4501d0700792ab063ac1,1008,veh_014,ps-1c0f8ece3ddb0b0c,DENM,78.0,501.6,927.8575302103085,14.461747695890644,-0.36038084790576264,546.6,936.8575302103085,22.461747695890644,-0.36038084790576264,nonce-a8af4501d0700792ab06,True,True,mixed,True,0,"{""attack_ended_at"": 82.0, ""case_opened_at"": 30.0, ""lane_id"": ""cn_0"", ""road_id"": ""cn""}"
cam-1008-veh_014-000063-m1,cam-1008-veh_014-000063,case-intersection-1008-veh_014-mixed,root-a8af4501d0700792ab063ac1,1008,veh_014,ps-1c0f8ece3ddb0b0c,DENM,78.0,501.6,927.8575302103085,14.461747695890644,-0.36038084790576264,546.6,936.8575302103085,22.461747695890644,-0.36038084790576264,nonce-a8af4501d0700792ab06,True,True,mixed,True,1,"{""attack_ended_at"": 82.0, ""case_opened_at"": 30.0, ""lane_id"": ""cn_0"", ""road_id"": ""cn""}"
cam-1008-veh_014-000063-m2,cam-1008-veh_014-000063,case-intersection-1008-veh_014-mixed,root-a8af4501d0700792ab063ac1,1008,veh_014,ps-1c0f8ece3ddb0b0c,DENM,78.0,501.6,927.8575302103085,14.461747695890644,-0.36038084790576264,546.6,936.8575302103085,22.461747695890644,-0.36038084790576264,nonce-a8af4501d0700792ab06,True,True,mixed,True,2,"{""attack_ended_at"": 82.0, ""case_opened_at"": 30.0, ""lane_id"": ""cn_0"", ""road_id"": ""cn""}"
cam-1008-veh_014-000063-m3,cam-1008-veh_014-000063,case-intersection-1008-veh_014-mixed,root-a8af4501d0700792ab063ac1,1008,veh_014,ps-1c0f8ece3ddb0b0c,DENM,78.0,501.6,927.8575302103085,14.461747695890644,-0.36038084790576264,546.6,936.8575302103085,22.461747695890644,-0.36038084790576264,nonce-a8af4501d0700792ab06,True,True,mixed,True,3,"{""attack_ended_at"": 82.0, ""case_opened_at"": 30.0, ""lane_id"": ""cn_0"", ""road_id"": ""cn""}"
cam-1008-veh_015-000062,cam-1008-veh_015-000062,case-intersection-1008-veh_015-benign,root-17f3654ab38fd7d82345639c,1008,veh_015,ps-77b1c1c85865d133,CAM,78.0,498.4,70.43469282530009,14.872123141156758,0.09386494785547228,498.4,70.43469282530009,14.872123141156758,0.09386494785547228,nonce-17f3654ab38fd7d82345,True,False,benign,False,0,"{""attack_ended_at"": 78.0, ""case_opened_at"": 78.0, ""lane_id"": ""cs_0"", ""road_id"": ""cs""}"
cam-1008-veh_016-000061,cam-1008-veh_016-000061,case-intersection-1008-veh_016-benign,root-1ea2b8985b8156a2cf0799d5,1008,veh_016,ps-1e0348b1d8bfe014,CAM,78.0,653.8857893863425,498.4,16.14541078314651,-0.42555659126490397,653.8857893863425,498.4,16.14541078314651,-0.42555659126490397,nonce-1ea2b8985b8156a2cf07,True,False,benign,False,0,"{""attack_ended_at"": 78.0, ""case_opened_at"": 78.0, ""lane_id"": ""ce_0"", ""road_id"": ""ce""}"
cam-1008-veh_017-000060,cam-1008-veh_017-000060,case-intersection-1008-veh_017-benign,root-16fbb1ccfc8cf25ca205d330,1008,veh_017,ps-31646c93226ae98c,CAM,78.0,350.06740684912984,501.6,16.321533869753384,0.6801400212621651,350.06740684912984,501.6,16.321533869753384,0.6801400212621651,nonce-16fbb1ccfc8cf25ca205,True,False,benign,False,0,"{""attack_ended_at"": 78.0, ""case_opened_at"": 78.0, ""lane_id"": ""cw_0"", ""road_id"": ""cw""}"
cam-1008-veh_018-000059,cam-1008-veh_018-000059,case-intersection-1008-veh_018-benign,root-4a5c0cc3dc7e8cde0c51eff8,1008,veh_018,ps-55c539e5052cea58,CAM,78.0,501.6,846.8980394065635,14.424409774875242,0.5229354678746319,501.6,846.8980394065635,14.424409774875242,0.5229354678746319,nonce-4a5c0cc3dc7e8cde0c51,True,False,benign,False,0,"{""attack_ended_at"": 78.0, ""case_opened_at"": 78.0, ""lane_id"": ""cn_0"", ""road_id"": ""cn""}"
cam-1008-veh_019-000058,cam-1008-veh_019-000058,case-intersection-1008-veh_019-benign,root-686cfabd3264135d0efcd205,1008,veh_019,ps-6e220b4f697c2cd3,CAM,78.0,498.4,133.8136860665112,15.039526839364926,-0.13661747819278247,498.4,133.8136860665112,15.039526839364926,-0.13661747819278247,nonce-686cfabd3264135d0efc,True,False,benign,False,0,"{""attack_ended_at"": 78.0, ""case_opened_at"": 78.0, ""lane_id"": ""cs_0"", ""road_id"": ""cs""}"
cam-1008-veh_020-000057,cam-1008-veh_020-000057,case-intersection-1008-veh_020-benign,root-36c5ce0bc6bc3ba302d64a19,1008,veh_020,ps-fb97d0e5da402071,CAM,78.0,622.4198685978861,498.4,16.254105327231812,0.18067239162046533,622.4198685978861,498.4,16.254105327231812,0.18067239162046533,nonce-36c5ce0bc6bc3ba302d6,True,False,benign,False,0,"{""attack_ended_at"": 78.0, ""case_opened_at"": 78.0, ""lane_id"": ""ce_0"", ""road_id"": ""ce""}"
cam-1008-veh_021-000056,cam-1008-veh_021-000056,case-intersection-1008-veh_021-benign,root-8ad9eabcf2803f9c94e022f2,1008,veh_021,ps-7461357a64efe09e,CAM,78.0,380.3287080257868,501.6,16.003522321506594,0.016977089876309748,380.3287080257868,501.6,16.003522321506594,0.016977089876309748,nonce-8ad9eabcf2803f9c94e0,True,False,benign,False,0,"{""attack_ended_at"": 78.0, ""case_opened_at"": 78.0, ""lane_id"": ""cw_0"", ""road_id"": ""cw""}"
cam-1008-veh_022-000055,cam-1008-veh_022-000055,case-intersection-1008-veh_022-benign,root-37827125b83789ab496abe93,1008,veh_022,ps-b515230e59090b79,CAM,78.0,501.6,823.4218044505154,13.727604800481839,-0.4318908191883768,501.6,823.4218044505154,13.727604800481839,-0.4318908191883768,nonce-37827125b83789ab496a,True,False,benign,False,0,"{""attack_ended_at"": 78.0, ""case_opened_at"": 78.0, ""lane_id"": ""cn_0"", ""road_id"": ""cn""}"
cam-1008-veh_023-000054,cam-1008-veh_023-000054,case-intersection-1008-veh_023-benign,root-a3e066c0f8abfe94c52a45fe,1008,veh_023,ps-92555cef08137c2d,CAM,78.0,498.4,194.05477146296124,14.454252799034359,-0.5927252109674725,498.4,194.05477146296124,14.454252799034359,-0.5927252109674725,nonce-a3e066c0f8abfe94c52a,True,False,benign,False,0,"{""attack_ended_at"": 78.0, ""case_opened_at"": 78.0, ""lane_id"": ""cs_0"", ""road_id"": ""cs""}"
cam-1008-veh_000-000078,cam-1008-veh_000-000078,case-intersection-1008-veh_000-benign,root-d9160776529d9f38c784e49a,1008,veh_000,ps-c836b37964202f27,CAM,79.0,794.2689091882289,498.4,16.174410729478115,-0.26737696304451575,794.2689091882289,498.4,16.174410729478115,-0.26737696304451575,nonce-d9160776529d9f38c784,True,False,benign,False,0,"{""attack_ended_at"": 79.0, ""case_opened_at"": 79.0, ""lane_id"": ""ce_0"", ""road_id"": ""ce""}"
cam-1008-veh_001-000077,cam-1008-veh_001-000077,case-intersection-1008-veh_001-benign,root-313d0a60d19532a60fe11fb6,1008,veh_001,ps-06cf0c7bb8481f37,CAM,79.0,197.44742313920335,501.6,16.40019564975519,0.4786802229518088,197.44742313920335,501.6,16.40019564975519,0.4786802229518088,nonce-313d0a60d19532a60fe1,True,False,benign,False,0,"{""attack_ended_at"": 79.0, ""case_opened_at"": 79.0, ""lane_id"": ""cw_0"", ""road_id"": ""cw""}"
cam-1008-veh_004-000074,cam-1008-veh_004-000074,case-intersection-1008-veh_004-benign,root-f63bcd046f523a718c1b70d3,1008,veh_004,ps-a4ec7ac7ed69787f,CAM,79.0,752.1933333463145,498.4,15.7706944829311,0.5840933125605794,752.1933333463145,498.4,15.7706944829311,0.5840933125605794,nonce-f63bcd046f523a718c1b,True,False,benign,False,0,"{""attack_ended_at"": 79.0, ""case_opened_at"": 79.0, ""lane_id"": ""ce_0"", ""road_id"": ""ce""}"
cam-1008-veh_005-000073,cam-1008-veh_005-000073,case-intersection-1008-veh_005-benign,root-fd875b3ee0138d88adf3dbf9,1008,veh_005,ps-969b062779822854,CAM,79.0,234.63443233382105,501.6,15.552153116693326,-0.47348488161340185,234.63443233382105,501.6,15.552153116693326,-0.47348488161340185,nonce-fd875b3ee0138d88adf3,True,False,benign,False,0,"{""attack_ended_at"": 79.0, ""case_opened_at"": 79.0, ""lane_id"": ""cw_0"", ""road_id"": ""cw""}"
cam-1008-veh_008-000070,cam-1008-veh_008-000070,case-intersection-1008-veh_008-benign,root-bc1ee7af34d75688cdc08812,1008,veh_008,ps-82218acb1d94705f,CAM,79.0,726.4735289148542,498.4,14.975949542047072,-0.33770306428285934,726.4735289148542,498.4,14.975949542047072,-0.33770306428285934,nonce-bc1ee7af34d75688cdc0,True,False,benign,False,0,"{""attack_ended_at"": 79.0, ""case_opened_at"": 79.0, ""lane_id"": ""ce_0"", ""road_id"": ""ce""}"
cam-1008-veh_009-000069,cam-1008-veh_009-000069,case-intersection-1008-veh_009-benign,root-76d78c795526a7cb581782d4,1008,veh_009,ps-7ceb479c74f04f24,CAM,79.0,285.2157512935079,501.6,13.63192940873845,-0.48019854473881374,285.2157512935079,501.6,13.63192940873845,-0.48019854473881374,nonce-76d78c795526a7cb5817,True,False,benign,False,0,"{""attack_ended_at"": 79.0, ""case_opened_at"": 79.0, ""lane_id"": ""cw_0"", ""road_id"": ""cw""}"
cam-1008-veh_012-000066,cam-1008-veh_012-000066,case-intersection-1008-veh_012-false_denm,root-0a3b97308583b5718760cccf,1008,veh_012,ps-d55e51c88c138a2d,CAM,79.0,701.4830441801423,498.4,15.674830081397449,-0.6031368444722496,701.4830441801423,498.4,15.674830081397449,-0.6031368444722496,nonce-0a3b97308583b5718760,True,False,false_denm,True,0,"{""attack_ended_at"": 80.0, ""case_opened_at"": 28.0, ""lane_id"": ""ce_0"", ""road_id"": ""ce""}"
cam-1008-veh_013-000065,cam-1008-veh_013-000065,case-intersection-1008-veh_013-benign,root-83e059c8690c9c23d99088f3,1008,veh_013,ps-c612038c409b5d43,CAM,79.0,309.0007467283716,501.6,14.88130728361644,-0.23535715832119308,309.0007467283716,501.6,14.88130728361644,-0.23535715832119308,nonce-83e059c8690c9c23d990,True,False,benign,False,0,"{""attack_ended_at"": 79.0, ""case_opened_at"": 79.0, ""lane_id"": ""cw_0"", ""road_id"": ""cw""}"
cam-1008-veh_014-000064-m0,cam-1008-veh_014-000064,case-intersection-1008-veh_014-mixed,root-649963bbb565481ee56c5253,1008,veh_014,ps-1c0f8ece3ddb0b0c,DENM,79.0,501.6,942.3695325180424,14.512002307733908,0.05025461184326474,546.6,951.3695325180424,22.51200230773391,0.05025461184326474,nonce-649963bbb565481ee56c,True,True,mixed,True,0,"{""attack_ended_at"": 82.0, ""case_opened_at"": 30.0, ""lane_id"": ""cn_0"", ""road_id"": ""cn""}"
cam-1008-veh_014-000064-m1,cam-1008-veh_014-000064,case-intersection-1008-veh_014-mixed,root-649963bbb565481ee56c5253,1008,veh_014,ps-1c0f8ece3ddb0b0c,DENM,79.0,501.6,942.3695325180424,14.512002307733908,0.05025461184326474,546.6,951.3695325180424,22.51200230773391,0.05025461184326474,nonce-649963bbb565481ee56c,True,True,mixed,True,1,"{""attack_ended_at"": 82.0, ""case_opened_at"": 30.0, ""lane_id"": ""cn_0"", ""road_id"": ""cn""}"
cam-1008-veh_014-000064-m2,cam-1008-veh_014-000064,case-intersection-1008-veh_014-mixed,root-649963bbb565481ee56c5253,1008,veh_014,ps-1c0f8ece3ddb0b0c,DENM,79.0,501.6,942.3695325180424,14.512002307733908,0.05025461184326474,546.6,951.3695325180424,22.51200230773391,0.05025461184326474,nonce-649963bbb565481ee56c,True,True,mixed,True,2,"{""attack_ended_at"": 82.0, ""case_opened_at"": 30.0, ""lane_id"": ""cn_0"", ""road_id"": ""cn""}"
cam-1008-veh_014-000064-m3,cam-1008-veh_014-000064,case-intersection-1008-veh_014-mixed,root-649963bbb565481ee56c5253,1008,veh_014,ps-1c0f8ece3ddb0b0c,DENM,79.0,501.6,942.3695325180424,14.512002307733908,0.05025461184326474,546.6,951.3695325180424,22.51200230773391,0.05025461184326474,nonce-649963bbb565481ee56c,True,True,mixed,True,3,"{""attack_ended_at"": 82.0, ""case_opened_at"": 30.0, ""lane_id"": ""cn_0"", ""road_id"": ""cn""}"
cam-1008-veh_015-000063,cam-1008-veh_015-000063,case-intersection-1008-veh_015-benign,root-978f584e443227ee81b5bef8,1008,veh_015,ps-77b1c1c85865d133,CAM,79.0,498.4,55.309930798024084,15.124762027275997,0.25263888611923946,498.4,55.309930798024084,15.124762027275997,0.25263888611923946,nonce-978f584e443227ee81b5,True,False,benign,False,0,"{""attack_ended_at"": 79.0, ""case_opened_at"": 79.0, ""lane_id"": ""cs_0"", ""road_id"": ""cs""}"
cam-1008-veh_016-000062,cam-1008-veh_016-000062,case-intersection-1008-veh_016-benign,root-017d297522e8db4e1624ead1,1008,veh_016,ps-1e0348b1d8bfe014,CAM,79.0,670.0204767290141,498.4,16.13468734267168,-0.010723440474830426,670.0204767290141,498.4,16.13468734267168,-0.010723440474830426,nonce-017d297522e8db4e1624,True,False,benign,False,0,"{""attack_ended_at"": 79.0, ""case_opened_at"": 79.0, ""lane_id"": ""ce_0"", ""road_id"": ""ce""}"
cam-1008-veh_017-000061,cam-1008-veh_017-000061,case-intersection-1008-veh_017-benign,root-0268946e3ad73bb288128c8d,1008,veh_017,ps-31646c93226ae98c,CAM,79.0,334.46274200240634,501.6,15.604664846723523,-0.7168690230298616,334.46274200240634,501.6,15.604664846723523,-0.7168690230298616,nonce-0268946e3ad73bb28812,True,False,benign,False,0,"{""attack_ended_at"": 79.0, ""case_opened_at"": 79.0, ""lane_id"": ""cw_0"", ""road_id"": ""cw""}"
cam-1008-veh_018-000060,cam-1008-veh_018-000060,case-intersection-1008-veh_018-benign,root-50764f5544b9f274a0ab264b,1008,veh_018,ps-55c539e5052cea58,CAM,79.0,501.6,860.9778915025995,14.07985209603605,-0.34455767883919286,501.6,860.9778915025995,14.07985209603605,-0.34455767883919286,nonce-50764f5544b9f274a0ab,True,False,benign,False,0,"{""attack_ended_at"": 79.0, ""case_opened_at"": 79.0, ""lane_id"": ""cn_0"", ""road_id"": ""cn""}"
cam-1008-veh_019-000059,cam-1008-veh_019-000059,case-intersection-1008-veh_019-benign,root-b0f895f7a262e975b84964fe,1008,veh_019,ps-6e220b4f697c2cd3,CAM,79.0,498.4,118.7116174981021,15.102068568409095,0.06254172904416855,498.4,118.7116174981021,15.102068568409095,0.06254172904416855,nonce-b0f895f7a262e975b849,True,False,benign,False,0,"{""attack_ended_at"": 79.0, ""case_opened_at"": 79.0, ""lane_id"": ""cs_0"", ""road_id"": ""cs""}"
cam-1008-veh_020-000058,cam-1008-veh_020-000058,case-intersection-1008-veh_020-benign,root-585bfa13d55a84547e20e8e5,1008,veh_020,ps-fb97d0e5da402071,CAM,79.0,638.6739760828013,498.4,16.254107484915295,2.157683482550965e-06,638.6739760828013,498.4,16.254107484915295,2.157683482550965e-06,nonce-585bfa13d55a84547e20,True,False,benign,False,0,"{""attack_ended_at"": 79.0, ""case_opened_at"": 79.0, ""lane_id"": ""ce_0"", ""road_id"": ""ce""}"
cam-1008-veh_021-000057,cam-1008-veh_021-000057,case-intersection-1008-veh_021-benign,root-d5e47c41d9f66938659bab0b,1008,veh_021,ps-7461357a64efe09e,CAM,79.0,364.22556102930344,501.6,16.103146996483396,0.09962467497680194,364.22556102930344,501.6,16.103146996483396,0.09962467497680194,nonce-d5e47c41d9f66938659b,True,False,benign,False,0,"{""attack_ended_at"": 79.0, ""case_opened_at"": 79.0, ""lane_id"": ""cw_0"", ""road_id"": ""cw""}"
cam-1008-veh_022-000056,cam-1008-veh_022-000056,case-intersection-1008-veh_022-benign,root-b36a06e81a92b3f9f958b599,1008,veh_022,ps-b515230e59090b79,CAM,79.0,501.6,837.7778260167736,14.35602156625817,0.6284167657763309,501.6,837.7778260167736,14.35602156625817,0.6284167657763309,nonce-b36a06e81a92b3f9f958,True,False,benign,False,0,"{""attack_ended_at"": 79.0, ""case_opened_at"": 79.0, ""lane_id"": ""cn_0"", ""road_id"": ""cn""}"
cam-1008-veh_023-000055,cam-1008-veh_023-000055,case-intersection-1008-veh_023-benign,root-ca7ec6092ac5d951db84b9e1,1008,veh_023,ps-92555cef08137c2d,CAM,79.0,498.4,179.4567743268571,14.59799713610416,0.14374433706980128,498.4,179.4567743268571,14.59799713610416,0.14374433706980128,nonce-ca7ec6092ac5d951db84,True,False,benign,False,0,"{""attack_ended_at"": 79.0, ""case_opened_at"": 79.0, ""lane_id"": ""cs_0"", ""road_id"": ""cs""}"
cam-1008-veh_000-000079,cam-1008-veh_000-000079,case-intersection-1008-veh_000-benign,root-06f744a370c4c2b362da9e40,1008,veh_000,ps-c836b37964202f27,CAM,80.0,810.4482456390507,498.4,16.179336450821722,0.004925721343607137,810.4482456390507,498.4,16.179336450821722,0.004925721343607137,nonce-06f744a370c4c2b362da,True,False,benign,False,0,"{""attack_ended_at"": 80.0, ""case_opened_at"": 80.0, ""lane_id"": ""ce_0"", ""road_id"": ""ce""}"
cam-1008-veh_001-000078,cam-1008-veh_001-000078,case-intersection-1008-veh_001-benign,root-7bec42a08726fc9d0b8458e9,1008,veh_001,ps-06cf0c7bb8481f37,CAM,80.0,181.12449999151102,501.6,16.322923147692347,-0.07727250206284353,181.12449999151102,501.6,16.322923147692347,-0.07727250206284353,nonce-7bec42a08726fc9d0b84,True,False,benign,False,0,"{""attack_ended_at"": 80.0, ""case_opened_at"": 80.0, ""lane_id"": ""cw_0"", ""road_id"": ""cw""}"
cam-1008-veh_004-000075,cam-1008-veh_004-000075,case-intersection-1008-veh_004-benign,root-822e29385b975ef83fbb0fa2,1008,veh_004,ps-a4ec7ac7ed69787f,CAM,80.0,767.3388428365588,498.4,15.145509490244255,-0.6251849926868456,767.3388428365588,498.4,15.145509490244255,-0.6251849926868456,nonce-822e29385b975ef83fbb,True,False,benign,False,0,"{""attack_ended_at"": 80.0, ""case_opened_at"": 80.0, ""lane_id"": ""ce_0"", ""road_id"": ""ce""}"
cam-1008-veh_005-000074,cam-1008-veh_005-000074,case-intersection-1008-veh_005-benign,root-408ad0bda35473b9e66611d4,1008,veh_005,ps-969b062779822854,CAM,80.0,218.74357724754702,501.6,15.890855086274051,0.3387019695807254,218.74357724754702,501.6,15.890855086274051,0.3387019695807254,nonce-408ad0bda35473b9e666,True,False,benign,False,0,"{""attack_ended_at"": 80.0, ""case_opened_at"": 80.0, ""lane_id"": ""cw_0"", ""road_id"": ""cw""}"
cam-1008-veh_008-000071,cam-1008-veh_008-000071,case-intersection-1008-veh_008-benign,root-f5ef8607339260c5ef50b908,1008,veh_008,ps-82218acb1d94705f,CAM,80.0,742.3242549641226,498.4,15.850726049268378,0.8747765072213056,742.3242549641226,498.4,15.850726049268378,0.8747765072213056,nonce-f5ef8607339260c5ef50,True,False,benign,False,0,"{""attack_ended_at"": 80.0, ""case_opened_at"": 80.0, ""lane_id"": ""ce_0"", ""road_id"": ""ce""}"
cam-1008-veh_009-000070,cam-1008-veh_009-000070,case-intersection-1008-veh_009-benign,root-71500864c43af804d2476891,1008,veh_009,ps-7ceb479c74f04f24,CAM,80.0,271.42642034343766,501.6,13.789330950070234,0.15740154133178308,271.42642034343766,501.6,13.789330950070234,0.15740154133178308,nonce-71500864c43af804d247,True,False,benign,False,0,"{""attack_ended_at"": 80.0, ""case_opened_at"": 80.0, ""lane_id"": ""cw_0"", ""road_id"": ""cw""}"
cam-1008-veh_012-000067,cam-1008-veh_012-000067,case-intersection-1008-veh_012-false_denm,root-0fb1de7084f65bed665f2700,1008,veh_012,ps-d55e51c88c138a2d,CAM,80.0,716.8526938610041,498.4,15.369649680861844,-0.3051804005356047,716.8526938610041,498.4,15.369649680861844,-0.3051804005356047,nonce-0fb1de7084f65bed665f,True,False,false_denm,True,0,"{""attack_ended_at"": 80.0, ""case_opened_at"": 28.0, ""lane_id"": ""ce_0"", ""road_id"": ""ce""}"
cam-1008-veh_013-000066,cam-1008-veh_013-000066,case-intersection-1008-veh_013-benign,root-d1107aa5945b0a9b39b487a8,1008,veh_013,ps-c612038c409b5d43,CAM,80.0,295.3305819018238,501.6,13.670164826547833,-1.2111424570686076,295.3305819018238,501.6,13.670164826547833,-1.2111424570686076,nonce-d1107aa5945b0a9b39b4,True,False,benign,False,0,"{""attack_ended_at"": 80.0, ""case_opened_at"": 80.0, ""lane_id"": ""cw_0"", ""road_id"": ""cw""}"
cam-1008-veh_014-000065-m0,cam-1008-veh_014-000065,case-intersection-1008-veh_014-mixed,root-7694dc6358f25b485ee72150,1008,veh_014,ps-1c0f8ece3ddb0b0c,DENM,80.0,501.6,957.2392653638717,14.869732845829256,0.35773053809534794,546.6,966.2392653638717,22.869732845829255,0.35773053809534794,nonce-7694dc6358f25b485ee7,True,True,mixed,True,0,"{""attack_ended_at"": 82.0, ""case_opened_at"": 30.0, ""lane_id"": ""cn_0"", ""road_id"": ""cn""}"
cam-1008-veh_014-000065-m1,cam-1008-veh_014-000065,case-intersection-1008-veh_014-mixed,root-7694dc6358f25b485ee72150,1008,veh_014,ps-1c0f8ece3ddb0b0c,DENM,80.0,501.6,957.2392653638717,14.869732845829256,0.35773053809534794,546.6,966.2392653638717,22.869732845829255,0.35773053809534794,nonce-7694dc6358f25b485ee7,True,True,mixed,True,1,"{""attack_ended_at"": 82.0, ""case_opened_at"": 30.0, ""lane_id"": ""cn_0"", ""road_id"": ""cn""}"
cam-1008-veh_014-000065-m2,cam-1008-veh_014-000065,case-intersection-1008-veh_014-mixed,root-7694dc6358f25b485ee72150,1008,veh_014,ps-1c0f8ece3ddb0b0c,DENM,80.0,501.6,957.2392653638717,14.869732845829256,0.35773053809534794,546.6,966.2392653638717,22.869732845829255,0.35773053809534794,nonce-7694dc6358f25b485ee7,True,True,mixed,True,2,"{""attack_ended_at"": 82.0, ""case_opened_at"": 30.0, ""lane_id"": ""cn_0"", ""road_id"": ""cn""}"
cam-1008-veh_014-000065-m3,cam-1008-veh_014-000065,case-intersection-1008-veh_014-mixed,root-7694dc6358f25b485ee72150,1008,veh_014,ps-1c0f8ece3ddb0b0c,DENM,80.0,501.6,957.2392653638717,14.869732845829256,0.35773053809534794,546.6,966.2392653638717,22.869732845829255,0.35773053809534794,nonce-7694dc6358f25b485ee7,True,True,mixed,True,3,"{""attack_ended_at"": 82.0, ""case_opened_at"": 30.0, ""lane_id"": ""cn_0"", ""road_id"": ""cn""}"
cam-1008-veh_015-000064,cam-1008-veh_015-000064,case-intersection-1008-veh_015-benign,root-2c5447fe5b5aed6e0fa869ba,1008,veh_015,ps-77b1c1c85865d133,CAM,80.0,498.4,40.16898754699241,15.140943251031699,0.016181223755701524,498.4,40.16898754699241,15.140943251031699,0.016181223755701524,nonce-2c5447fe5b5aed6e0fa8,True,False,benign,False,0,"{""attack_ended_at"": 80.0, ""case_opened_at"": 80.0, ""lane_id"": ""cs_0"", ""road_id"": ""cs""}"
cam-1008-veh_016-000063,cam-1008-veh_016-000063,case-intersection-1008-veh_016-benign,root-7f577adfca38aec561028b58,1008,veh_016,ps-1e0348b1d8bfe014,CAM,80.0,686.5604214751127,498.4,16.539944746098485,0.4052574034268055,686.5604214751127,498.4,16.539944746098485,0.4052574034268055,nonce-7f577adfca38aec56102,True,False,benign,False,0,"{""attack_ended_at"": 80.0, ""case_opened_at"": 80.0, ""lane_id"": ""ce_0"", ""road_id"": ""ce""}"
cam-1008-veh_017-000062,cam-1008-veh_017-000062,case-intersection-1008-veh_017-benign,root-79b969baab1c15c1faa465bd,1008,veh_017,ps-31646c93226ae98c,CAM,80.0,319.4295454854609,501.6,15.033196516945457,-0.5714683297780656,319.4295454854609,501.6,15.033196516945457,-0.5714683297780656,nonce-79b969baab1c15c1faa4,True,False,benign,False,0,"{""attack_ended_at"": 80.0, ""case_opened_at"": 80.0, ""lane_id"": ""cw_0"", ""road_id"": ""cw""}"
cam-1008-veh_018-000061,cam-1008-veh_018-000061,case-intersection-1008-veh_018-benign,root-c401130a77a5d12864d8603c,1008,veh_018,ps-55c539e5052cea58,CAM,80.0,501.6,875.2015453521333,14.223653849533733,0.14380175349768365,501.6,875.2015453521333,14.223653849533733,0.14380175349768365,nonce-c401130a77a5d12864d8,True,False,benign,False,0,"{""attack_ended_at"": 80.0, ""case_opened_at"": 80.0, ""lane_id"": ""cn_0"", ""road_id"": ""cn""}"
cam-1008-veh_019-000060,cam-1008-veh_019-000060,case-intersection-1008-veh_019-benign,root-99de73b05e1094527c04208e,1008,veh_019,ps-6e220b4f697c2cd3,CAM,80.0,498.4,103.57356045903714,15.138057039064961,0.03598847065586597,498.4,103.57356045903714,15.138057039064961,0.03598847065586597,nonce-99de73b05e1094527c04,True,False,benign,False,0,"{""attack_ended_at"": 80.0, ""case_opened_at"": 80.0, ""lane_id"": ""cs_0"", ""road_id"": ""cs""}"
cam-1008-veh_020-000059,cam-1008-veh_020-000059,case-intersection-1008-veh_020-benign,root-0f214d94427efd0304a485d0,1008,veh_020,ps-fb97d0e5da402071,CAM,80.0,654.8680290351664,498.4,16.19405295236502,-0.06005453255027504,654.8680290351664,498.4,16.19405295236502,-0.06005453255027504,nonce-0f214d94427efd0304a4,True,False,benign,False,0,"{""attack_ended_at"": 80.0, ""case_opened_at"": 80.0, ""lane_id"": ""ce_0"", ""road_id"": ""ce""}"
cam-1008-veh_021-000058,cam-1008-veh_021-000058,case-intersection-1008-veh_021-benign,root-649b95b0d34a8ee4b97fcbb9,1008,veh_021,ps-7461357a64efe09e,CAM,80.0,347.78252993545345,501.6,16.44303109384999,0.33988409736659264,347.78252993545345,501.6,16.44303109384999,0.33988409736659264,nonce-649b95b0d34a8ee4b97f,True,False,benign,False,0,"{""attack_ended_at"": 80.0, ""case_opened_at"": 80.0, ""lane_id"": ""cw_0"", ""road_id"": ""cw""}"
cam-1008-veh_022-000057,cam-1008-veh_022-000057,case-intersection-1008-veh_022-benign,root-b7fb16668a2b280f56098ca4,1008,veh_022,ps-b515230e59090b79,CAM,80.0,501.6,852.0065636708891,14.22873765411557,-0.12728391214259993,501.6,852.0065636708891,14.22873765411557,-0.12728391214259993,nonce-b7fb16668a2b280f5609,True,False,benign,False,0,"{""attack_ended_at"": 80.0, ""case_opened_at"": 80.0, ""lane_id"": ""cn_0"", ""road_id"": ""cn""}"
cam-1008-veh_023-000056,cam-1008-veh_023-000056,case-intersection-1008-veh_023-benign,root-2c1033e506a33e6fa46cad0a,1008,veh_023,ps-92555cef08137c2d,CAM,80.0,498.4,164.6012276365875,14.855546690269612,0.2575495541654522,498.4,164.6012276365875,14.855546690269612,0.2575495541654522,nonce-2c1033e506a33e6fa46c,True,False,benign,False,0,"{""attack_ended_at"": 80.0, ""case_opened_at"": 80.0, ""lane_id"": ""cs_0"", ""road_id"": ""cs""}"
cam-1008-veh_000-000080,cam-1008-veh_000-000080,case-intersection-1008-veh_000-benign,root-bbeb9db436d787aaec996836,1008,veh_000,ps-c836b37964202f27,CAM,81.0,826.9946440124552,498.4,16.546398373404518,0.3670619225827956,826.9946440124552,498.4,16.546398373404518,0.3670619225827956,nonce-bbeb9db436d787aaec99,True,False,benign,False,0,"{""attack_ended_at"": 81.0, ""case_opened_at"": 81.0, ""lane_id"": ""ce_0"", ""road_id"": ""ce""}"
cam-1008-veh_001-000079,cam-1008-veh_001-000079,case-intersection-1008-veh_001-benign,root-2fbedb27003e93375dfbcee7,1008,veh_001,ps-06cf0c7bb8481f37,CAM,81.0,164.4974236211907,501.6,16.627076370320285,0.30415322262793865,164.4974236211907,501.6,16.627076370320285,0.30415322262793865,nonce-2fbedb27003e93375dfb,True,False,benign,False,0,"{""attack_ended_at"": 81.0, ""case_opened_at"": 81.0, ""lane_id"": ""cw_0"", ""road_id"": ""cw""}"
cam-1008-veh_004-000076,cam-1008-veh_004-000076,case-intersection-1008-veh_004-benign,root-a7e4269361b1bd1d0d8feb38,1008,veh_004,ps-a4ec7ac7ed69787f,CAM,81.0,782.526412170278,498.4,15.187569333719255,0.042059843475000136,782.526412170278,498.4,15.187569333719255,0.042059843475000136,nonce-a7e4269361b1bd1d0d8f,True,False,benign,False,0,"{""attack_ended_at"": 81.0, ""case_opened_at"": 81.0, ""lane_id"": ""ce_0"", ""road_id"": ""ce""}"
cam-1008-veh_005-000075,cam-1008-veh_005-000075,case-intersection-1008-veh_005-benign,root-0c8ae889a018e3cdce703ab3,1008,veh_005,ps-969b062779822854,CAM,81.0,203.2991469715074,501.6,15.444430276039594,-0.4464248102344577,203.2991469715074,501.6,15.444430276039594,-0.4464248102344577,nonce-0c8ae889a018e3cdce70,True,False,benign,False,0,"{""attack_ended_at"": 81.0, ""case_opened_at"": 81.0, ""lane_id"": ""cw_0"", ""road_id"": ""cw""}"
cam-1008-veh_008-000072,cam-1008-veh_008-000072,case-intersection-1008-veh_008-benign,root-34bbff67d53285f7ee35994d,1008,veh_008,ps-82218acb1d94705f,CAM,81.0,757.5265770811212,498.4,15.202322116998586,-0.6484039322697921,757.5265770811212,498.4,15.202322116998586,-0.6484039322697921,nonce-34bbff67d53285f7ee35,True,False,benign,False,0,"{""attack_ended_at"": 81.0, ""case_opened_at"": 81.0, ""lane_id"": ""ce_0"", ""road_id"": ""ce""}"
cam-1008-veh_009-000071,cam-1008-veh_009-000071,case-intersection-1008-veh_009-benign,root-231e05d6df2e93cf1988ab5f,1008,veh_009,ps-7ceb479c74f04f24,CAM,81.0,257.2976201207753,501.6,14.128800222662338,0.3394692725921047,257.2976201207753,501.6,14.128800222662338,0.3394692725921047,nonce-231e05d6df2e93cf1988,True,False,benign,False,0,"{""attack_ended_at"": 81.0, ""case_opened_at"": 81.0, ""lane_id"": ""cw_0"", ""road_id"": ""cw""}"
cam-1008-veh_012-000068,cam-1008-veh_012-000068,case-intersection-1008-veh_012-benign,root-fd0b4c4472ce07bd70f5c52f,1008,veh_012,ps-d55e51c88c138a2d,CAM,81.0,733.1008083370831,498.4,16.248114476078904,0.8784647952170594,733.1008083370831,498.4,16.248114476078904,0.8784647952170594,nonce-fd0b4c4472ce07bd70f5,True,False,benign,False,0,"{""attack_ended_at"": 81.0, ""case_opened_at"": 81.0, ""lane_id"": ""ce_0"", ""road_id"": ""ce""}"
cam-1008-veh_013-000067,cam-1008-veh_013-000067,case-intersection-1008-veh_013-benign,root-ec37de0a9196fc1c4747339f,1008,veh_013,ps-c612038c409b5d43,CAM,81.0,281.1676381754899,501.6,14.162943726333882,0.4927788997860496,281.1676381754899,501.6,14.162943726333882,0.4927788997860496,nonce-ec37de0a9196fc1c4747,True,False,benign,False,0,"{""attack_ended_at"": 81.0, ""case_opened_at"": 81.0, ""lane_id"": ""cw_0"", ""road_id"": ""cw""}"
cam-1008-veh_014-000066-m0,cam-1008-veh_014-000066,case-intersection-1008-veh_014-mixed,root-a1cfb75038f1d93e272872db,1008,veh_014,ps-1c0f8ece3ddb0b0c,DENM,81.0,501.6,972.0664000364552,14.827134672583469,-0.04259817324578741,546.6,981.0664000364552,22.82713467258347,-0.04259817324578741,nonce-a1cfb75038f1d93e2728,True,True,mixed,True,0,"{""attack_ended_at"": 82.0, ""case_opened_at"": 30.0, ""lane_id"": ""cn_0"", ""road_id"": ""cn""}"
cam-1008-veh_014-000066-m1,cam-1008-veh_014-000066,case-intersection-1008-veh_014-mixed,root-a1cfb75038f1d93e272872db,1008,veh_014,ps-1c0f8ece3ddb0b0c,DENM,81.0,501.6,972.0664000364552,14.827134672583469,-0.04259817324578741,546.6,981.0664000364552,22.82713467258347,-0.04259817324578741,nonce-a1cfb75038f1d93e2728,True,True,mixed,True,1,"{""attack_ended_at"": 82.0, ""case_opened_at"": 30.0, ""lane_id"": ""cn_0"", ""road_id"": ""cn""}"
cam-1008-veh_014-000066-m2,cam-1008-veh_014-000066,case-intersection-1008-veh_014-mixed,root-a1cfb75038f1d93e272872db,1008,veh_014,ps-1c0f8ece3ddb0b0c,DENM,81.0,501.6,972.0664000364552,14.827134672583469,-0.04259817324578741,546.6,981.0664000364552,22.82713467258347,-0.04259817324578741,nonce-a1cfb75038f1d93e2728,True,True,mixed,True,2,"{""attack_ended_at"": 82.0, ""case_opened_at"": 30.0, ""lane_id"": ""cn_0"", ""road_id"": ""cn""}"
cam-1008-veh_014-000066-m3,cam-1008-veh_014-000066,case-intersection-1008-veh_014-mixed,root-a1cfb75038f1d93e272872db,1008,veh_014,ps-1c0f8ece3ddb0b0c,DENM,81.0,501.6,972.0664000364552,14.827134672583469,-0.04259817324578741,546.6,981.0664000364552,22.82713467258347,-0.04259817324578741,nonce-a1cfb75038f1d93e2728,True,True,mixed,True,3,"{""attack_ended_at"": 82.0, ""case_opened_at"": 30.0, ""lane_id"": ""cn_0"", ""road_id"": ""cn""}"
cam-1008-veh_015-000065,cam-1008-veh_015-000065,case-intersection-1008-veh_015-benign,root-80f2c3685147a5291a9aed23,1008,veh_015,ps-77b1c1c85865d133,CAM,81.0,498.4,25.404249116729602,14.764738430262792,-0.3762048207689066,498.4,25.404249116729602,14.764738430262792,-0.3762048207689066,nonce-80f2c3685147a5291a9a,True,False,benign,False,0,"{""attack_ended_at"": 81.0, ""case_opened_at"": 81.0, ""lane_id"": ""cs_0"", ""road_id"": ""cs""}"
cam-1008-veh_016-000064,cam-1008-veh_016-000064,case-intersection-1008-veh_016-benign,root-b69ac0735d4d30031abe7255,1008,veh_016,ps-1e0348b1d8bfe014,CAM,81.0,702.51422052506,498.4,15.953799049947413,-0.5861456961510711,702.51422052506,498.4,15.953799049947413,-0.5861456961510711,nonce-b69ac0735d4d30031abe,True,False,benign,False,0,"{""attack_ended_at"": 81.0, ""case_opened_at"": 81.0, ""lane_id"": ""ce_0"", ""road_id"": ""ce""}"
cam-1008-veh_017-000063,cam-1008-veh_017-000063,case-intersection-1008-veh_017-benign,root-60aa68bb1707d6c57c1df6a4,1008,veh_017,ps-31646c93226ae98c,CAM,81.0,305.78863378811735,501.6,13.640911697343553,-1.3922848196019046,305.78863378811735,501.6,13.640911697343553,-1.3922848196019046,nonce-60aa68bb1707d6c57c1d,True,False,benign,False,0,"{""attack_ended_at"": 81.0, ""case_opened_at"": 81.0, ""lane_id"": ""cw_0"", ""road_id"": ""cw""}"
cam-1008-veh_018-000062,cam-1008-veh_018-000062,case-intersection-1008-veh_018-benign,root-219207f4de4af8ebf6b6f21a,1008,veh_018,ps-55c539e5052cea58,CAM,81.0,501.6,889.7525310272131,14.55098567507972,0.32733182554598805,501.6,889.7525310272131,14.55098567507972,0.32733182554598805,nonce-219207f4de4af8ebf6b6,True,False,benign,False,0,"{""attack_ended_at"": 81.0, ""case_opened_at"": 81.0, ""lane_id"": ""cn_0"", ""road_id"": ""cn""}"
cam-1008-veh_019-000061,cam-1008-veh_019-000061,case-intersection-1008-veh_019-benign,root-d0700009460a50aef105a582,1008,veh_019,ps-6e220b4f697c2cd3,CAM,81.0,498.4,88.61919504314585,14.954365415891306,-0.1836916231736545,498.4,88.61919504314585,14.954365415891306,-0.1836916231736545,nonce-d0700009460a50aef105,True,False,benign,False,0,"{""attack_ended_at"": 81.0, ""case_opened_at"": 81.0, ""lane_id"": ""cs_0"", ""road_id"": ""cs""}"
cam-1008-veh_020-000060,cam-1008-veh_020-000060,case-intersection-1008-veh_020-benign,root-60267b6b45bbab8f8c0bd3d6,1008,veh_020,ps-fb97d0e5da402071,CAM,81.0,670.7792434945046,498.4,15.911214459338227,-0.28283849302679265,670.7792434945046,498.4,15.911214459338227,-0.28283849302679265,nonce-60267b6b45bbab8f8c0b,True,False,benign,False,0,"{""attack_ended_at"": 81.0, ""case_opened_at"": 81.0, ""lane_id"": ""ce_0"", ""road_id"": ""ce""}"
cam-1008-veh_021-000059,cam-1008-veh_021-000059,case-intersection-1008-veh_021-benign,root-23108af146b91612f3ca6581,1008,veh_021,ps-7461357a64efe09e,CAM,81.0,331.63557405639733,501.6,16.146955879056136,-0.2960752147938521,331.63557405639733,501.6,16.146955879056136,-0.2960752147938521,nonce-23108af146b91612f3ca,True,False,benign,False,0,"{""attack_ended_at"": 81.0, ""case_opened_at"": 81.0, ""lane_id"": ""cw_0"", ""road_id"": ""cw""}"
cam-1008-veh_022-000058,cam-1008-veh_022-000058,case-intersection-1008-veh_022-benign,root-42bc36a3aef023ba91fd45e6,1008,veh_022,ps-b515230e59090b79,CAM,81.0,501.6,866.3731375492414,14.3665738783522,0.1378362242366311,501.6,866.3731375492414,14.3665738783522,0.1378362242366311,nonce-42bc36a3aef023ba91fd,True,False,benign,False,0,"{""attack_ended_at"": 81.0, ""case_opened_at"": 81.0, ""lane_id"": ""cn_0"", ""road_id"": ""cn""}"
cam-1008-veh_023-000057,cam-1008-veh_023-000057,case-intersection-1008-veh_023-benign,root-1d90f6ef273696b37bd7953b,1008,veh_023,ps-92555cef08137c2d,CAM,81.0,498.4,149.48839601211847,15.11283162446903,0.2572849341994168,498.4,149.48839601211847,15.11283162446903,0.2572849341994168,nonce-1d90f6ef273696b37bd7,True,False,benign,False,0,"{""attack_ended_at"": 81.0, ""case_opened_at"": 81.0, ""lane_id"": ""cs_0"", ""road_id"": ""cs""}"
cam-1008-veh_000-000081,cam-1008-veh_000-000081,case-intersection-1008-veh_000-benign,root-2298c79e744e152ff2a17d30,1008,veh_000,ps-c836b37964202f27,CAM,82.0,843.360674096308,498.4,16.36603008385282,-0.1803682895516978,843.360674096308,498.4,16.36603008385282,-0.1803682895516978,nonce-2298c79e744e152ff2a1,True,False,benign,False,0,"{""attack_ended_at"": 82.0, ""case_opened_at"": 82.0, ""lane_id"": ""ce_0"", ""road_id"": ""ce""}"
cam-1008-veh_001-000080,cam-1008-veh_001-000080,case-intersection-1008-veh_001-benign,root-f3d4798a0c5e82be42b614ca,1008,veh_001,ps-06cf0c7bb8481f37,CAM,82.0,148.15845694122186,501.6,16.338966679968873,-0.288109690351412,148.15845694122186,501.6,16.338966679968873,-0.288109690351412,nonce-f3d4798a0c5e82be42b6,True,False,benign,False,0,"{""attack_ended_at"": 82.0, ""case_opened_at"": 82.0, ""lane_id"": ""cw_0"", ""road_id"": ""cw""}"
cam-1008-veh_004-000077,cam-1008-veh_004-000077,case-intersection-1008-veh_004-benign,root-c30af18517b3199fd1c391bf,1008,veh_004,ps-a4ec7ac7ed69787f,CAM,82.0,797.9909019938942,498.4,15.464489823616274,0.27692048989701945,797.9909019938942,498.4,15.464489823616274,0.27692048989701945,nonce-c30af18517b3199fd1c3,True,False,benign,False,0,"{""attack_ended_at"": 82.0, ""case_opened_at"": 82.0, ""lane_id"": ""ce_0"", ""road_id"": ""ce""}"
cam-1008-veh_005-000076,cam-1008-veh_005-000076,case-intersection-1008-veh_005-benign,root-5cc044c8eed02682ca386041,1008,veh_005,ps-969b062779822854,CAM,82.0,187.67524100911788,501.6,15.6239059623895,0.17947568634990674,187.67524100911788,501.6,15.6239059623895,0.17947568634990674,nonce-5cc044c8eed02682ca38,True,False,benign,False,0,"{""attack_ended_at"": 82.0, ""case_opened_at"": 82.0, ""lane_id"": ""cw_0"", ""road_id"": ""cw""}"
cam-1008-veh_008-000073,cam-1008-veh_008-000073,case-intersection-1008-veh_008-benign,root-50cc6f9730b383d032738bc2,1008,veh_008,ps-82218acb1d94705f,CAM,82.0,772.9427637067502,498.4,15.41618662562896,0.21386450863037432,772.9427637067502,498.4,15.41618662562896,0.21386450863037432,nonce-50cc6f9730b383d03273,True,False,benign,False,0,"{""attack_ended_at"": 82.0, ""case_opened_at"": 82.0, ""lane_id"": ""ce_0"", ""road_id"": ""ce""}"
cam-1008-veh_009-000072,cam-1008-veh_009-000072,case-intersection-1008-veh_009-benign,root-1f2deed39254d36eea418ac4,1008,veh_009,ps-7ceb479c74f04f24,CAM,82.0,243.73582564871043,501.6,13.561794472064884,-0.5670057505974544,243.73582564871043,501.6,13.561794472064884,-0.5670057505974544,nonce-1f2deed39254d36eea41,True,False,benign,False,0,"{""attack_ended_at"": 82.0, ""case_opened_at"": 82.0, ""lane_id"": ""cw_0"", ""road_id"": ""cw""}"
cam-1008-veh_012-000069,cam-1008-veh_012-000069,case-intersection-1008-veh_012-benign,root-c7164e3d0c8c76b5bb758779,1008,veh_012,ps-d55e51c88c138a2d,CAM,82.0,748.3489496367989,498.4,15.248141299715838,-0.9999731763630653,748.3489496367989,498.4,15.248141299715838,-0.9999731763630653,nonce-c7164e3d0c8c76b5bb75,True,False,benign,False,0,"{""attack_ended_at"": 82.0, ""case_opened_at"": 82.0, ""lane_id"": ""ce_0"", ""road_id"": ""ce""}"
cam-1008-veh_013-000068,cam-1008-veh_013-000068,case-intersection-1008-veh_013-benign,root-3adf823afe7c936705a8a918,1008,veh_013,ps-c612038c409b5d43,CAM,82.0,267.0260806737125,501.6,14.141557501777395,-0.021386224556486866,267.0260806737125,501.6,14.141557501777395,-0.021386224556486866,nonce-3adf823afe7c936705a8,True,False,benign,False,0,"{""attack_ended_at"": 82.0, ""case_opened_at"": 82.0, ""lane_id"": ""cw_0"", ""road_id"": ""cw""}"
cam-1008-veh_014-000067-m0,cam-1008-veh_014-000067,case-intersection-1008-veh_014-mixed,root-caefd064027eb23b0268bf47,1008,veh_014,ps-1c0f8ece3ddb0b0c,DENM,82.0,501.6,987.1026182060693,15.036218169614129,0.20908349703065987,546.6,996.1026182060693,23.03621816961413,0.20908349703065987,nonce-caefd064027eb23b0268,True,True,mixed,True,0,"{""attack_ended_at"": 82.0, ""case_opened_at"": 30.0, ""lane_id"": ""cn_0"", ""road_id"": ""cn""}"
cam-1008-veh_014-000067-m1,cam-1008-veh_014-000067,case-intersection-1008-veh_014-mixed,root-caefd064027eb23b0268bf47,1008,veh_014,ps-1c0f8ece3ddb0b0c,DENM,82.0,501.6,987.1026182060693,15.036218169614129,0.20908349703065987,546.6,996.1026182060693,23.03621816961413,0.20908349703065987,nonce-caefd064027eb23b0268,True,True,mixed,True,1,"{""attack_ended_at"": 82.0, ""case_opened_at"": 30.0, ""lane_id"": ""cn_0"", ""road_id"": ""cn""}"
cam-1008-veh_014-000067-m2,cam-1008-veh_014-000067,case-intersection-1008-veh_014-mixed,root-caefd064027eb23b0268bf47,1008,veh_014,ps-1c0f8ece3ddb0b0c,DENM,82.0,501.6,987.1026182060693,15.036218169614129,0.20908349703065987,546.6,996.1026182060693,23.03621816961413,0.20908349703065987,nonce-caefd064027eb23b0268,True,True,mixed,True,2,"{""attack_ended_at"": 82.0, ""case_opened_at"": 30.0, ""lane_id"": ""cn_0"", ""road_id"": ""cn""}"
cam-1008-veh_014-000067-m3,cam-1008-veh_014-000067,case-intersection-1008-veh_014-mixed,root-caefd064027eb23b0268bf47,1008,veh_014,ps-1c0f8ece3ddb0b0c,DENM,82.0,501.6,987.1026182060693,15.036218169614129,0.20908349703065987,546.6,996.1026182060693,23.03621816961413,0.20908349703065987,nonce-caefd064027eb23b0268,True,True,mixed,True,3,"{""attack_ended_at"": 82.0, ""case_opened_at"": 30.0, ""lane_id"": ""cn_0"", ""road_id"": ""cn""}"
cam-1008-veh_015-000066,cam-1008-veh_015-000066,case-intersection-1008-veh_015-benign,root-a0243728b123205612f4bf39,1008,veh_015,ps-77b1c1c85865d133,CAM,82.0,498.4,10.785062350872295,14.61918676585729,-0.14555166440550238,498.4,10.785062350872295,14.61918676585729,-0.14555166440550238,nonce-a0243728b123205612f4,True,False,benign,False,0,"{""attack_ended_at"": 82.0, ""case_opened_at"": 82.0, ""lane_id"": ""cs_0"", ""road_id"": ""cs""}"
cam-1008-veh_016-000065,cam-1008-veh_016-000065,case-intersection-1008-veh_016-benign,root-74c2eb8a221f53b08611d3f0,1008,veh_016,ps-1e0348b1d8bfe014,CAM,82.0,718.7323031496361,498.4,16.218082624576056,0.26428357462864227,718.7323031496361,498.4,16.218082624576056,0.26428357462864227,nonce-74c2eb8a221f53b08611,True,False,benign,False,0,"{""attack_ended_at"": 82.0, ""case_opened_at"": 82.0, ""lane_id"": ""ce_0"", ""road_id"": ""ce""}"
cam-1008-veh_017-000064,cam-1008-veh_017-000064,case-intersection-1008-veh_017-benign,root-62e138b7f2a4433e622f044a,1008,veh_017,ps-31646c93226ae98c,CAM,82.0,291.63890370184106,501.6,14.149730086276282,0.5088183889327293,291.63890370184106,501.6,14.149730086276282,0.5088183889327293,nonce-62e138b7f2a4433e622f,True,False,benign,False,0,"{""attack_ended_at"": 82.0, ""case_opened_at"": 82.0, ""lane_id"": ""cw_0"", ""road_id"": ""cw""}"
cam-1008-veh_018-000063,cam-1008-veh_018-000063,case-intersection-1008-veh_018-benign,root-f8abc55b5f03baa6947fe367,1008,veh_018,ps-55c539e5052cea58,CAM,82.0,501.6,904.2271231630438,14.474592135830756,-0.07639353924896497,501.6,904.2271231630438,14.474592135830756,-0.07639353924896497,nonce-f8abc55b5f03baa6947f,True,False,benign,False,0,"{""attack_ended_at"": 82.0, ""case_opened_at"": 82.0, ""lane_id"": ""cn_0"", ""road_id"": ""cn""}"
cam-1008-veh_019-000062,cam-1008-veh_019-000062,case-intersection-1008-veh_019-benign,root-7f8d41e7471f4d58c5db136c,1008,veh_019,ps-6e220b4f697c2cd3,CAM,82.0,498.4,73.62205205609325,14.997142987052584,0.04277757116127745,498.4,73.62205205609325,14.997142987052584,0.04277757116127745,nonce-7f8d41e7471f4d58c5db,True,False,benign,False,0,"{""attack_ended_at"": 82.0, ""case_opened_at"": 82.0, ""lane_id"": ""cs_0"", ""road_id"": ""cs""}"
cam-1008-veh_020-000061,cam-1008-veh_020-000061,case-intersection-1008-veh_020-benign,root-de6029cdf1fa6c776e4d9415,1008,veh_020,ps-fb97d0e5da402071,CAM,82.0,687.1278774603917,498.4,16.34863396588713,0.4374195065489044,687.1278774603917,498.4,16.34863396588713,0.4374195065489044,nonce-de6029cdf1fa6c776e4d,True,False,benign,False,0,"{""attack_ended_at"": 82.0, ""case_opened_at"": 82.0, ""lane_id"": ""ce_0"", ""road_id"": ""ce""}"
cam-1008-veh_021-000060,cam-1008-veh_021-000060,case-intersection-1008-veh_021-benign,root-488f85b8cf3cd304c73701e1,1008,veh_021,ps-7461357a64efe09e,CAM,82.0,316.8502982782313,501.6,14.785275778165973,-1.3616801008901636,316.8502982782313,501.6,14.785275778165973,-1.3616801008901636,nonce-488f85b8cf3cd304c737,True,False,benign,False,0,"{""attack_ended_at"": 82.0, ""case_opened_at"": 82.0, ""lane_id"": ""cw_0"", ""road_id"": ""cw""}"
cam-1008-veh_022-000059,cam-1008-veh_022-000059,case-intersection-1008-veh_022-benign,root-a65d44d82e7cab43e1c8afd9,1008,veh_022,ps-b515230e59090b79,CAM,82.0,501.6,881.1975017613876,14.824364212146248,0.45779033379404765,501.6,881.1975017613876,14.824364212146248,0.45779033379404765,nonce-a65d44d82e7cab43e1c8,True,False,benign,False,0,"{""attack_ended_at"": 82.0, ""case_opened_at"": 82.0, ""lane_id"": ""cn_0"", ""road_id"": ""cn""}"
cam-1008-veh_023-000058,cam-1008-veh_023-000058,case-intersection-1008-veh_023-benign,root-98490e126a38750ec376a9a4,1008,veh_023,ps-92555cef08137c2d,CAM,82.0,498.4,134.4203213772496,15.068074634868891,-0.0447569896001383,498.4,134.4203213772496,15.068074634868891,-0.0447569896001383,nonce-98490e126a38750ec376,True,False,benign,False,0,"{""attack_ended_at"": 82.0, ""case_opened_at"": 82.0, ""lane_id"": ""cs_0"", ""road_id"": ""cs""}"
cam-1008-veh_000-000082,cam-1008-veh_000-000082,case-intersection-1008-veh_000-benign,root-10b20f6694ba33a8995ec31f,1008,veh_000,ps-c836b37964202f27,CAM,83.0,859.7588987513253,498.4,16.39822465501726,0.03219457116443891,859.7588987513253,498.4,16.39822465501726,0.03219457116443891,nonce-10b20f6694ba33a8995e,True,False,benign,False,0,"{""attack_ended_at"": 83.0, ""case_opened_at"": 83.0, ""lane_id"": ""ce_0"", ""road_id"": ""ce""}"
cam-1008-veh_001-000081,cam-1008-veh_001-000081,case-intersection-1008-veh_001-benign,root-31f231480bfdd101bbce8d76,1008,veh_001,ps-06cf0c7bb8481f37,CAM,83.0,132.25785990475026,501.6,15.900597036471591,-0.4383696434972819,132.25785990475026,501.6,15.900597036471591,-0.4383696434972819,nonce-31f231480bfdd101bbce,True,False,benign,False,0,"{""attack_ended_at"": 83.0, ""case_opened_at"": 83.0, ""lane_id"": ""cw_0"", ""road_id"": ""cw""}"
cam-1008-veh_004-000078,cam-1008-veh_004-000078,case-intersection-1008-veh_004-benign,root-324df0745f5238debaa05dea,1008,veh_004,ps-a4ec7ac7ed69787f,CAM,83.0,813.1250680900397,498.4,15.134166096145451,-0.33032372747082306,813.1250680900397,498.4,15.134166096145451,-0.33032372747082306,nonce-324df0745f5238debaa0,True,False,benign,False,0,"{""attack_ended_at"": 83.0, ""case_opened_at"": 83.0, ""lane_id"": ""ce_0"", ""road_id"": ""ce""}"
cam-1008-veh_005-000077,cam-1008-veh_005-000077,case-intersection-1008-veh_005-benign,root-96174c6be7ab04d8b377d931,1008,veh_005,ps-969b062779822854,CAM,83.0,171.65278007615757,501.6,16.02246093296034,0.39855497057083866,171.65278007615757,501.6,16.02246093296034,0.39855497057083866,nonce-96174c6be7ab04d8b377,True,False,benign,False,0,"{""attack_ended_at"": 83.0, ""case_opened_at"": 83.0, ""lane_id"": ""cw_0"", ""road_id"": ""cw""}"
cam-1008-veh_008-000074,cam-1008-veh_008-000074,case-intersection-1008-veh_008-benign,root-228fafd51f633548943cf873,1008,veh_008,ps-82218acb1d94705f,CAM,83.0,788.8430923779596,498.4,15.900328671209492,0.48414204558053164,788.8430923779596,498.4,15.900328671209492,0.48414204558053164,nonce-228fafd51f633548943c,True,False,benign,False,0,"{""attack_ended_at"": 83.0, ""case_opened_at"": 83.0, ""lane_id"": ""ce_0"", ""road_id"": ""ce""}"
cam-1008-veh_009-000073,cam-1008-veh_009-000073,case-intersection-1008-veh_009-benign,root-bf6d51f7ad991ed3daa6918a,1008,veh_009,ps-7ceb479c74f04f24,CAM,83.0,229.66852726987958,501.6,14.067298378830836,0.5055039067659521,229.66852726987958,501.6,14.067298378830836,0.5055039067659521,nonce-bf6d51f7ad991ed3daa6,True,False,benign,False,0,"{""attack_ended_at"": 83.0, ""case_opened_at"": 83.0, ""lane_id"": ""cw_0"", ""road_id"": ""cw""}"
cam-1008-veh_012-000070,cam-1008-veh_012-000070,case-intersection-1008-veh_012-benign,root-375ada82b3509f4a048e391a,1008,veh_012,ps-d55e51c88c138a2d,CAM,83.0,763.6037209428164,498.4,15.254771306017416,0.006630006301577396,763.6037209428164,498.4,15.254771306017416,0.006630006301577396,nonce-375ada82b3509f4a048e,True,False,benign,False,0,"{""attack_ended_at"": 83.0, ""case_opened_at"": 83.0, ""lane_id"": ""ce_0"", ""road_id"": ""ce""}"
cam-1008-veh_013-000069,cam-1008-veh_013-000069,case-intersection-1008-veh_013-benign,root-1f71ec706b095569b8e825c6,1008,veh_013,ps-c612038c409b5d43,CAM,83.0,253.05882349516307,501.6,13.967257178549447,-0.17430032322794808,253.05882349516307,501.6,13.967257178549447,-0.17430032322794808,nonce-1f71ec706b095569b8e8,True,False,benign,False,0,"{""attack_ended_at"": 83.0, ""case_opened_at"": 83.0, ""lane_id"": ""cw_0"", ""road_id"": ""cw""}"
cam-1008-veh_016-000066,cam-1008-veh_016-000066,case-intersection-1008-veh_016-benign,root-1fe92a341be2fcc90ec174a7,1008,veh_016,ps-1e0348b1d8bfe014,CAM,83.0,735.3466940338362,498.4,16.614390884200112,0.3963082596240568,735.3466940338362,498.4,16.614390884200112,0.3963082596240568,nonce-1fe92a341be2fcc90ec1,True,False,benign,False,0,"{""attack_ended_at"": 83.0, ""case_opened_at"": 83.0, ""lane_id"": ""ce_0"", ""road_id"": ""ce""}"
cam-1008-veh_017-000065,cam-1008-veh_017-000065,case-intersection-1008-veh_017-benign,root-52faba2b4c8264fe0a4aed65,1008,veh_017,ps-31646c93226ae98c,CAM,83.0,277.11184024829294,501.6,14.527063453548113,0.37733336727183087,277.11184024829294,501.6,14.527063453548113,0.37733336727183087,nonce-52faba2b4c8264fe0a4a,True,False,benign,False,0,"{""attack_ended_at"": 83.0, ""case_opened_at"": 83.0, ""lane_id"": ""cw_0"", ""road_id"": ""cw""}"
cam-1008-veh_018-000064,cam-1008-veh_018-000064,case-intersection-1008-veh_018-benign,root-3be4e9f5250eb8c45821aa3e,1008,veh_018,ps-55c539e5052cea58,CAM,83.0,501.6,918.7302697285146,14.503146565470818,0.02855442964006194,501.6,918.7302697285146,14.503146565470818,0.02855442964006194,nonce-3be4e9f5250eb8c45821,True,False,benign,False,0,"{""attack_ended_at"": 83.0, ""case_opened_at"": 83.0, ""lane_id"": ""cn_0"", ""road_id"": ""cn""}"
cam-1008-veh_019-000063,cam-1008-veh_019-000063,case-intersection-1008-veh_019-benign,root-19a1f20d60573afd844a993f,1008,veh_019,ps-6e220b4f697c2cd3,CAM,83.0,498.4,59.03852411061604,14.58352794547719,-0.41361504157539386,498.4,59.03852411061604,14.58352794547719,-0.41361504157539386,nonce-19a1f20d60573afd844a,True,False,benign,False,0,"{""attack_ended_at"": 83.0, ""case_opened_at"": 83.0, ""lane_id"": ""cs_0"", ""road_id"": ""cs""}"
cam-1008-veh_020-000062,cam-1008-veh_020-000062,case-intersection-1008-veh_020-benign,root-62eeba49e1249f8e2c73f6f9,1008,veh_020,ps-fb97d0e5da402071,CAM,83.0,703.5020221775812,498.4,16.374144717189484,0.025510751302352475,703.5020221775812,498.4,16.374144717189484,0.025510751302352475,nonce-62eeba49e1249f8e2c73,True,False,benign,False,0,"{""attack_ended_at"": 83.0, ""case_opened_at"": 83.0, ""lane_id"": ""ce_0"", ""road_id"": ""ce""}"
cam-1008-veh_021-000061,cam-1008-veh_021-000061,case-intersection-1008-veh_021-benign,root-62780a73b05b578224076bc4,1008,veh_021,ps-7461357a64efe09e,CAM,83.0,301.89892186722204,501.6,14.951376411009333,0.16610063284336007,301.89892186722204,501.6,14.951376411009333,0.16610063284336007,nonce-62780a73b05b57822407,True,False,benign,False,0,"{""attack_ended_at"": 83.0, ""case_opened_at"": 83.0, ""lane_id"": ""cw_0"", ""road_id"": ""cw""}"
cam-1008-veh_022-000060,cam-1008-veh_022-000060,case-intersection-1008-veh_022-benign,root-86a7fc6018cd3a4ed0d0260d,1008,veh_022,ps-b515230e59090b79,CAM,83.0,501.6,895.3373829673349,14.139881205947292,-0.6844830061989562,501.6,895.3373829673349,14.139881205947292,-0.6844830061989562,nonce-86a7fc6018cd3a4ed0d0,True,False,benign,False,0,"{""attack_ended_at"": 83.0, ""case_opened_at"": 83.0, ""lane_id"": ""cn_0"", ""road_id"": ""cn""}"
cam-1008-veh_023-000059,cam-1008-veh_023-000059,case-intersection-1008-veh_023-benign,root-e7c91c5cd2e70098cf1f275a,1008,veh_023,ps-92555cef08137c2d,CAM,83.0,498.4,119.9548327016243,14.465488675625304,-0.6025859592435872,498.4,119.9548327016243,14.465488675625304,-0.6025859592435872,nonce-e7c91c5cd2e70098cf1f,True,False,benign,False,0,"{""attack_ended_at"": 83.0, ""case_opened_at"": 83.0, ""lane_id"": ""cs_0"", ""road_id"": ""cs""}"
cam-1008-veh_000-000083,cam-1008-veh_000-000083,case-intersection-1008-veh_000-benign,root-b1f935d6dc9856d850b92804,1008,veh_000,ps-c836b37964202f27,CAM,84.0,876.0303539529763,498.4,16.271455201650973,-0.1267694533662862,876.0303539529763,498.4,16.271455201650973,-0.1267694533662862,nonce-b1f935d6dc9856d850b9,True,False,benign,False,0,"{""attack_ended_at"": 84.0, ""case_opened_at"": 84.0, ""lane_id"": ""ce_0"", ""road_id"": ""ce""}"
cam-1008-veh_001-000082,cam-1008-veh_001-000082,case-intersection-1008-veh_001-benign,root-fa20c80a1ce5b37aa6e24e75,1008,veh_001,ps-06cf0c7bb8481f37,CAM,84.0,115.88101266584175,501.6,16.376847238908525,0.4762502024369333,115.88101266584175,501.6,16.376847238908525,0.4762502024369333,nonce-fa20c80a1ce5b37aa6e2,True,False,benign,False,0,"{""attack_ended_at"": 84.0, ""case_opened_at"": 84.0, ""lane_id"": ""cw_0"", ""road_id"": ""cw""}"
cam-1008-veh_004-000079,cam-1008-veh_004-000079,case-intersection-1008-veh_004-benign,root-5c7341042ee8ef812e9b4c14,1008,veh_004,ps-a4ec7ac7ed69787f,CAM,84.0,828.2211702897098,498.4,15.096102199670092,-0.038063896475359016,828.2211702897098,498.4,15.096102199670092,-0.038063896475359016,nonce-5c7341042ee8ef812e9b,True,False,benign,False,0,"{""attack_ended_at"": 84.0, ""case_opened_at"": 84.0, ""lane_id"": ""ce_0"", ""road_id"": ""ce""}"
cam-1008-veh_005-000078,cam-1008-veh_005-000078,case-intersection-1008-veh_005-benign,root-fd4f224b00fa595315cd73c3,1008,veh_005,ps-969b062779822854,CAM,84.0,156.2550045387202,501.6,15.397775537437365,-0.6246853955229739,156.2550045387202,501.6,15.397775537437365,-0.6246853955229739,nonce-fd4f224b00fa595315cd,True,False,benign,False,0,"{""attack_ended_at"": 84.0, ""case_opened_at"": 84.0, ""lane_id"": ""cw_0"", ""road_id"": ""cw""}"
cam-1008-veh_008-000075,cam-1008-veh_008-000075,case-intersection-1008-veh_008-benign,root-7c98c0390d93a52f7460348e,1008,veh_008,ps-82218acb1d94705f,CAM,84.0,804.219544305786,498.4,15.376451927826537,-0.5238767433829548,804.219544305786,498.4,15.376451927826537,-0.5238767433829548,nonce-7c98c0390d93a52f7460,True,False,benign,False,0,"{""attack_ended_at"": 84.0, ""case_opened_at"": 84.0, ""lane_id"": ""ce_0"", ""road_id"": ""ce""}"
cam-1008-veh_009-000074,cam-1008-veh_009-000074,case-intersection-1008-veh_009-benign,root-b0e6c2bffe155fed9583717f,1008,veh_009,ps-7ceb479c74f04f24,CAM,84.0,215.5211756776191,501.6,14.147351592260474,0.08005321342963789,215.5211756776191,501.6,14.147351592260474,0.08005321342963789,nonce-b0e6c2bffe155fed9583,True,False,benign,False,0,"{""attack_ended_at"": 84.0, ""case_opened_at"": 84.0, ""lane_id"": ""cw_0"", ""road_id"": ""cw""}"
cam-1008-veh_012-000071,cam-1008-veh_012-000071,case-intersection-1008-veh_012-benign,root-8a82d18fecd526146fb6fc94,1008,veh_012,ps-d55e51c88c138a2d,CAM,84.0,779.8503366846774,498.4,16.246615741861085,0.9918444358436691,779.8503366846774,498.4,16.246615741861085,0.9918444358436691,nonce-8a82d18fecd526146fb6,True,False,benign,False,0,"{""attack_ended_at"": 84.0, ""case_opened_at"": 84.0, ""lane_id"": ""ce_0"", ""road_id"": ""ce""}"
cam-1008-veh_013-000070,cam-1008-veh_013-000070,case-intersection-1008-veh_013-benign,root-e6cf54074a9f23b6a7781431,1008,veh_013,ps-c612038c409b5d43,CAM,84.0,238.53965765966458,501.6,14.51916583549846,0.5519086569490135,238.53965765966458,501.6,14.51916583549846,0.5519086569490135,nonce-e6cf54074a9f23b6a778,True,False,benign,False,0,"{""attack_ended_at"": 84.0, ""case_opened_at"": 84.0, ""lane_id"": ""cw_0"", ""road_id"": ""cw""}"
cam-1008-veh_016-000067,cam-1008-veh_016-000067,case-intersection-1008-veh_016-benign,root-43498f8e2f08f4a35490fd4d,1008,veh_016,ps-1e0348b1d8bfe014,CAM,84.0,751.3215311367726,498.4,15.97483710293645,-0.6395537812636629,751.3215311367726,498.4,15.97483710293645,-0.6395537812636629,nonce-43498f8e2f08f4a35490,True,False,benign,False,0,"{""attack_ended_at"": 84.0, ""case_opened_at"": 84.0, ""lane_id"": ""ce_0"", ""road_id"": ""ce""}"
cam-1008-veh_017-000066,cam-1008-veh_017-000066,case-intersection-1008-veh_017-benign,root-e0ef712e7d4b0b1f54c04028,1008,veh_017,ps-31646c93226ae98c,CAM,84.0,263.12604402798513,501.6,13.985796220307833,-0.5412672332402799,263.12604402798513,501.6,13.985796220307833,-0.5412672332402799,nonce-e0ef712e7d4b0b1f54c0,True,False,benign,False,0,"{""attack_ended_at"": 84.0, ""case_opened_at"": 84.0, ""lane_id"": ""cw_0"", ""road_id"": ""cw""}"
cam-1008-veh_018-000065,cam-1008-veh_018-000065,case-intersection-1008-veh_018-benign,root-a1b69f00b5884bd1b5dc0328,1008,veh_018,ps-55c539e5052cea58,CAM,84.0,501.6,933.2001733231034,14.469903594588834,-0.033242970881984135,501.6,933.2001733231034,14.469903594588834,-0.033242970881984135,nonce-a1b69f00b5884bd1b5dc,True,False,benign,False,0,"{""attack_ended_at"": 84.0, ""case_opened_at"": 84.0, ""lane_id"": ""cn_0"", ""road_id"": ""cn""}"
cam-1008-veh_019-000064,cam-1008-veh_019-000064,case-intersection-1008-veh_019-benign,root-f7c9a93de76aca7a49babd29,1008,veh_019,ps-6e220b4f697c2cd3,CAM,84.0,498.4,44.468818895923164,14.569705214692885,-0.013822730784305293,498.4,44.468818895923164,14.569705214692885,-0.013822730784305293,nonce-f7c9a93de76aca7a49ba,True,False,benign,False,0,"{""attack_ended_at"": 84.0, ""case_opened_at"": 84.0, ""lane_id"": ""cs_0"", ""road_id"": ""cs""}"
cam-1008-veh_020-000063,cam-1008-veh_020-000063,case-intersection-1008-veh_020-benign,root-8f6df03880cd05a0360049fb,1008,veh_020,ps-fb97d0e5da402071,CAM,84.0,719.8088095528907,498.4,16.306787375309508,-0.06735734187997622,719.8088095528907,498.4,16.306787375309508,-0.06735734187997622,nonce-8f6df03880cd05a03600,True,False,benign,False,0,"{""attack_ended_at"": 84.0, ""case_opened_at"": 84.0, ""lane_id"": ""ce_0"", ""road_id"": ""ce""}"
cam-1008-veh_021-000062,cam-1008-veh_021-000062,case-intersection-1008-veh_021-benign,root-44e3a261369897b72f006982,1008,veh_021,ps-7461357a64efe09e,CAM,84.0,287.1187912976292,501.6,14.780130569592878,-0.1712458414164555,287.1187912976292,501.6,14.780130569592878,-0.1712458414164555,nonce-44e3a261369897b72f00,True,False,benign,False,0,"{""attack_ended_at"": 84.0, ""case_opened_at"": 84.0, ""lane_id"": ""cw_0"", ""road_id"": ""cw""}"
cam-1008-veh_022-000061,cam-1008-veh_022-000061,case-intersection-1008-veh_022-benign,root-3db858af8b8e93fd0670d3c8,1008,veh_022,ps-b515230e59090b79,CAM,84.0,501.6,909.8579982242745,14.520615256939667,0.3807340509923751,501.6,909.8579982242745,14.520615256939667,0.3807340509923751,nonce-3db858af8b8e93fd0670,True,False,benign,False,0,"{""attack_ended_at"": 84.0, ""case_opened_at"": 84.0, ""lane_id"": ""cn_0"", ""road_id"": ""cn""}"
cam-1008-veh_023-000060,cam-1008-veh_023-000060,case-intersection-1008-veh_023-benign,root-58472eba9c8ac023bf480dfc,1008,veh_023,ps-92555cef08137c2d,CAM,84.0,498.4,104.84722084366683,15.107611857957446,0.642123182332142,498.4,104.84722084366683,15.107611857957446,0.642123182332142,nonce-58472eba9c8ac023bf48,True,False,benign,False,0,"{""attack_ended_at"": 84.0, ""case_opened_at"": 84.0, ""lane_id"": ""cs_0"", ""road_id"": ""cs""}"
cam-1008-veh_000-000084,cam-1008-veh_000-000084,case-intersection-1008-veh_000-benign,root-a3fcbad2e9832625e17352e9,1008,veh_000,ps-c836b37964202f27,CAM,85.0,892.2341260724602,498.4,16.20377211948391,-0.06768308216706131,892.2341260724602,498.4,16.20377211948391,-0.06768308216706131,nonce-a3fcbad2e9832625e173,True,False,benign,False,0,"{""attack_ended_at"": 85.0, ""case_opened_at"": 85.0, ""lane_id"": ""ce_0"", ""road_id"": ""ce""}"
cam-1008-veh_001-000083,cam-1008-veh_001-000083,case-intersection-1008-veh_001-benign,root-8557c8d5f7887cba44c837ff,1008,veh_001,ps-06cf0c7bb8481f37,CAM,85.0,99.48818466089017,501.6,16.39282800495159,0.01598076604306442,99.48818466089017,501.6,16.39282800495159,0.01598076604306442,nonce-8557c8d5f7887cba44c8,True,False,benign,False,0,"{""attack_ended_at"": 85.0, ""case_opened_at"": 85.0, ""lane_id"": ""cw_0"", ""road_id"": ""cw""}"
cam-1008-veh_004-000080,cam-1008-veh_004-000080,case-intersection-1008-veh_004-benign,root-bb7292afbb64e1392443a686,1008,veh_004,ps-a4ec7ac7ed69787f,CAM,85.0,843.8577056510624,498.4,15.636535361352541,0.5404331616824489,843.8577056510624,498.4,15.636535361352541,0.5404331616824489,nonce-bb7292afbb64e1392443,True,False,benign,False,0,"{""attack_ended_at"": 85.0, ""case_opened_at"": 85.0, ""lane_id"": ""ce_0"", ""road_id"": ""ce""}"
cam-1008-veh_005-000079,cam-1008-veh_005-000079,case-intersection-1008-veh_005-benign,root-8bb0c414bb531969f3aff246,1008,veh_005,ps-969b062779822854,CAM,85.0,140.52819308159695,501.6,15.726811457123214,0.32903591968584855,140.52819308159695,501.6,15.726811457123214,0.32903591968584855,nonce-8bb0c414bb531969f3af,True,False,benign,False,0,"{""attack_ended_at"": 85.0, ""case_opened_at"": 85.0, ""lane_id"": ""cw_0"", ""road_id"": ""cw""}"
cam-1008-veh_008-000076,cam-1008-veh_008-000076,case-intersection-1008-veh_008-benign,root-04ce9419a14945505266c7df,1008,veh_008,ps-82218acb1d94705f,CAM,85.0,819.5230458606004,498.4,15.303501554814298,-0.0729503730122385,819.5230458606004,498.4,15.303501554814298,-0.0729503730122385,nonce-04ce9419a14945505266,True,False,benign,False,0,"{""attack_ended_at"": 85.0, ""case_opened_at"": 85.0, ""lane_id"": ""ce_0"", ""road_id"": ""ce""}"
cam-1008-veh_009-000075,cam-1008-veh_009-000075,case-intersection-1008-veh_009-benign,root-17afccfc6550b720f627ae20,1008,veh_009,ps-7ceb479c74f04f24,CAM,85.0,201.63537037815257,501.6,13.885805299466536,-0.2615462927939376,201.63537037815257,501.6,13.885805299466536,-0.2615462927939376,nonce-17afccfc6550b720f627,True,False,benign,False,0,"{""attack_ended_at"": 85.0, ""case_opened_at"": 85.0, ""lane_id"": ""cw_0"", ""road_id"": ""cw""}"
cam-1008-veh_012-000072,cam-1008-veh_012-000072,case-intersection-1008-veh_012-benign,root-2d6c134e6aaf9b15b942305d,1008,veh_012,ps-d55e51c88c138a2d,CAM,85.0,795.0636651057323,498.4,15.213328421054937,-1.0332873208061475,795.0636651057323,498.4,15.213328421054937,-1.0332873208061475,nonce-2d6c134e6aaf9b15b942,True,False,benign,False,0,"{""attack_ended_at"": 85.0, ""case_opened_at"": 85.0, ""lane_id"": ""ce_0"", ""road_id"": ""ce""}"
cam-1008-veh_013-000071,cam-1008-veh_013-000071,case-intersection-1008-veh_013-benign,root-70c4f588f0df5fccbfc4a8ec,1008,veh_013,ps-c612038c409b5d43,CAM,85.0,224.72696811781674,501.6,13.812689541847877,-0.7064762936505833,224.72696811781674,501.6,13.812689541847877,-0.7064762936505833,nonce-70c4f588f0df5fccbfc4,True,False,benign,False,0,"{""attack_ended_at"": 85.0, ""case_opened_at"": 85.0, ""lane_id"": ""cw_0"", ""road_id"": ""cw""}"
cam-1008-veh_016-000068,cam-1008-veh_016-000068,case-intersection-1008-veh_016-benign,root-dddcaf3b1f7c4330298db98e,1008,veh_016,ps-1e0348b1d8bfe014,CAM,85.0,767.9228696925202,498.4,16.601338555747645,0.6265014528111958,767.9228696925202,498.4,16.601338555747645,0.6265014528111958,nonce-dddcaf3b1f7c4330298d,True,False,benign,False,0,"{""attack_ended_at"": 85.0, ""case_opened_at"": 85.0, ""lane_id"": ""ce_0"", ""road_id"": ""ce""}"
cam-1008-veh_017-000067,cam-1008-veh_017-000067,case-intersection-1008-veh_017-benign,root-421158714734c16ea3da9b9e,1008,veh_017,ps-31646c93226ae98c,CAM,85.0,248.26588355039877,501.6,14.86016047758632,0.8743642572784864,248.26588355039877,501.6,14.86016047758632,0.8743642572784864,nonce-421158714734c16ea3da,True,False,benign,False,0,"{""attack_ended_at"": 85.0, ""case_opened_at"": 85.0, ""lane_id"": ""cw_0"", ""road_id"": ""cw""}"
cam-1008-veh_018-000066,cam-1008-veh_018-000066,case-intersection-1008-veh_018-benign,root-0194ae6f2e01f37c9fb73ac6,1008,veh_018,ps-55c539e5052cea58,CAM,85.0,501.6,947.858723667253,14.658550344149555,0.18864674956072136,501.6,947.858723667253,14.658550344149555,0.18864674956072136,nonce-0194ae6f2e01f37c9fb7,True,False,benign,False,0,"{""attack_ended_at"": 85.0, ""case_opened_at"": 85.0, ""lane_id"": ""cn_0"", ""road_id"": ""cn""}"
cam-1008-veh_019-000065,cam-1008-veh_019-000065,case-intersection-1008-veh_019-benign,root-7c712e07418d89b35949bf78,1008,veh_019,ps-6e220b4f697c2cd3,CAM,85.0,498.4,29.265321589966845,15.203497305956343,0.6337920912634587,498.4,29.265321589966845,15.203497305956343,0.6337920912634587,nonce-7c712e07418d89b35949,True,False,benign,False,0,"{""attack_ended_at"": 85.0, ""case_opened_at"": 85.0, ""lane_id"": ""cs_0"", ""road_id"": ""cs""}"
cam-1008-veh_020-000064,cam-1008-veh_020-000064,case-intersection-1008-veh_020-benign,root-a8839cb595f35fbdeb61e0e4,1008,veh_020,ps-fb97d0e5da402071,CAM,85.0,735.9067964340322,498.4,16.09798688114155,-0.20880049416795643,735.9067964340322,498.4,16.09798688114155,-0.20880049416795643,nonce-a8839cb595f35fbdeb61,True,False,benign,False,0,"{""attack_ended_at"": 85.0, ""case_opened_at"": 85.0, ""lane_id"": ""ce_0"", ""road_id"": ""ce""}"
cam-1008-veh_021-000063,cam-1008-veh_021-000063,case-intersection-1008-veh_021-benign,root-ddc427067627829fb01e4f1c,1008,veh_021,ps-7461357a64efe09e,CAM,85.0,272.54199735567323,501.6,14.576793941955902,-0.20333662763697546,272.54199735567323,501.6,14.576793941955902,-0.20333662763697546,nonce-ddc427067627829fb01e,True,False,benign,False,0,"{""attack_ended_at"": 85.0, ""case_opened_at"": 85.0, ""lane_id"": ""cw_0"", ""road_id"": ""cw""}"
cam-1008-veh_022-000062,cam-1008-veh_022-000062,case-intersection-1008-veh_022-benign,root-3ab829c7ef985b6bc86a25f4,1008,veh_022,ps-b515230e59090b79,CAM,85.0,501.6,924.0685197946707,14.210521570396114,-0.31009368654355285,501.6,924.0685197946707,14.210521570396114,-0.31009368654355285,nonce-3ab829c7ef985b6bc86a,True,False,benign,False,0,"{""attack_ended_at"": 85.0, ""case_opened_at"": 85.0, ""lane_id"": ""cn_0"", ""road_id"": ""cn""}"
cam-1008-veh_023-000061,cam-1008-veh_023-000061,case-intersection-1008-veh_023-benign,root-75df574d80bd4d134906d0c2,1008,veh_023,ps-92555cef08137c2d,CAM,85.0,498.4,90.3681070484476,14.479113795219229,-0.6284980627382168,498.4,90.3681070484476,14.479113795219229,-0.6284980627382168,nonce-75df574d80bd4d134906,True,False,benign,False,0,"{""attack_ended_at"": 85.0, ""case_opened_at"": 85.0, ""lane_id"": ""cs_0"", ""road_id"": ""cs""}"
cam-1008-veh_000-000085,cam-1008-veh_000-000085,case-intersection-1008-veh_000-benign,root-a1e137aafa7d1f4e3ac316f0,1008,veh_000,ps-c836b37964202f27,CAM,86.0,908.3253398088034,498.4,16.0912137363432,-0.11255838314071198,908.3253398088034,498.4,16.0912137363432,-0.11255838314071198,nonce-a1e137aafa7d1f4e3ac3,True,False,benign,False,0,"{""attack_ended_at"": 86.0, ""case_opened_at"": 86.0, ""lane_id"": ""ce_0"", ""road_id"": ""ce""}"
cam-1008-veh_001-000084,cam-1008-veh_001-000084,case-intersection-1008-veh_001-benign,root-f6999b88cdd7598adc9577b2,1008,veh_001,ps-06cf0c7bb8481f37,CAM,86.0,83.17953194214778,501.6,16.30865271874238,-0.08417528620920933,83.17953194214778,501.6,16.30865271874238,-0.08417528620920933,nonce-f6999b88cdd7598adc95,True,False,benign,False,0,"{""attack_ended_at"": 86.0, ""case_opened_at"": 86.0, ""lane_id"": ""cw_0"", ""road_id"": ""cw""}"
cam-1008-veh_004-000081,cam-1008-veh_004-000081,case-intersection-1008-veh_004-benign,root-4d343364041f7a9c6fc31798,1008,veh_004,ps-a4ec7ac7ed69787f,CAM,86.0,859.6612459262143,498.4,15.803540275152006,0.16700491379946492,859.6612459262143,498.4,15.803540275152006,0.16700491379946492,nonce-4d343364041f7a9c6fc3,True,False,benign,False,0,"{""attack_ended_at"": 86.0, ""case_opened_at"": 86.0, ""lane_id"": ""ce_0"", ""road_id"": ""ce""}"
cam-1008-veh_005-000080,cam-1008-veh_005-000080,case-intersection-1008-veh_005-benign,root-32a3b8b4463e60756dbc0ecb,1008,veh_005,ps-969b062779822854,CAM,86.0,124.53093314423461,501.6,15.997259937362351,0.27044848023913737,124.53093314423461,501.6,15.997259937362351,0.27044848023913737,nonce-32a3b8b4463e60756dbc,True,False,benign,False,0,"{""attack_ended_at"": 86.0, ""case_opened_at"": 86.0, ""lane_id"": ""cw_0"", ""road_id"": ""cw""}"
cam-1008-veh_008-000077,cam-1008-veh_008-000077,case-intersection-1008-veh_008-benign,root-7477b61766b13bff790cf60a,1008,veh_008,ps-82218acb1d94705f,CAM,86.0,835.0092855854589,498.4,15.486239724858558,0.18273817004426007,835.0092855854589,498.4,15.486239724858558,0.18273817004426007,nonce-7477b61766b13bff790c,True,False,benign,False,0,"{""attack_ended_at"": 86.0, ""case_opened_at"": 86.0, ""lane_id"": ""ce_0"", ""road_id"": ""ce""}"
cam-1008-veh_009-000076,cam-1008-veh_009-000076,case-intersection-1008-veh_009-benign,root-f869afea0f482f18f2c2608c,1008,veh_009,ps-7ceb479c74f04f24,CAM,86.0,187.45316913099032,501.6,14.182201247162247,0.29639594769571076,187.45316913099032,501.6,14.182201247162247,0.29639594769571076,nonce-f869afea0f482f18f2c2,True,False,benign,False,0,"{""attack_ended_at"": 86.0, ""case_opened_at"": 86.0, ""lane_id"": ""cw_0"", ""road_id"": ""cw""}"
cam-1008-veh_012-000073,cam-1008-veh_012-000073,case-intersection-1008-veh_012-benign,root-d4e40cd64e95784384769a2d,1008,veh_012,ps-d55e51c88c138a2d,CAM,86.0,810.171016764267,498.4,15.10735165853471,-0.10597676252022659,810.171016764267,498.4,15.10735165853471,-0.10597676252022659,nonce-d4e40cd64e9578438476,True,False,benign,False,0,"{""attack_ended_at"": 86.0, ""case_opened_at"": 86.0, ""lane_id"": ""ce_0"", ""road_id"": ""ce""}"
cam-1008-veh_013-000072,cam-1008-veh_013-000072,case-intersection-1008-veh_013-benign,root-0990ae279aad51fd98f67423,1008,veh_013,ps-c612038c409b5d43,CAM,86.0,210.46141715930918,501.6,14.26555095850757,0.45286141665969204,210.46141715930918,501.6,14.26555095850757,0.45286141665969204,nonce-0990ae279aad51fd98f6,True,False,benign,False,0,"{""attack_ended_at"": 86.0, ""case_opened_at"": 86.0, ""lane_id"": ""cw_0"", ""road_id"": ""cw""}"
cam-1008-veh_016-000069,cam-1008-veh_016-000069,case-intersection-1008-veh_016-benign,root-d3c9905d37c9739fb4c69a62,1008,veh_016,ps-1e0348b1d8bfe014,CAM,86.0,783.6207192241952,498.4,15.697849531674972,-0.9034890240726732,783.6207192241952,498.4,15.697849531674972,-0.9034890240726732,nonce-d3c9905d37c9739fb4c6,True,False,benign,False,0,"{""attack_ended_at"": 86.0, ""case_opened_at"": 86.0, ""lane_id"": ""ce_0"", ""road_id"": ""ce""}"
cam-1008-veh_017-000068,cam-1008-veh_017-000068,case-intersection-1008-veh_017-benign,root-5e410c11f8e14e2ed58a14cc,1008,veh_017,ps-31646c93226ae98c,CAM,86.0,234.55988173229628,501.6,13.706001818102498,-1.1541586594838211,234.55988173229628,501.6,13.706001818102498,-1.1541586594838211,nonce-5e410c11f8e14e2ed58a,True,False,benign,False,0,"{""attack_ended_at"": 86.0, ""case_opened_at"": 86.0, ""lane_id"": ""cw_0"", ""road_id"": ""cw""}"
cam-1008-veh_018-000067,cam-1008-veh_018-000067,case-intersection-1008-veh_018-benign,root-7c66b04fab69a004c2df4c1a,1008,veh_018,ps-55c539e5052cea58,CAM,86.0,501.6,962.1023809621495,14.243657294896405,-0.4148930492531502,501.6,962.1023809621495,14.243657294896405,-0.4148930492531502,nonce-7c66b04fab69a004c2df,True,False,benign,False,0,"{""attack_ended_at"": 86.0, ""case_opened_at"": 86.0, ""lane_id"": ""cn_0"", ""road_id"": ""cn""}"
cam-1008-veh_019-000066,cam-1008-veh_019-000066,case-intersection-1008-veh_019-benign,root-a0c024c2b37795be7e903825,1008,veh_019,ps-6e220b4f697c2cd3,CAM,86.0,498.4,14.699936841429121,14.5653847485377,-0.6381125574186441,498.4,14.699936841429121,14.5653847485377,-0.6381125574186441,nonce-a0c024c2b37795be7e90,True,False,benign,False,0,"{""attack_ended_at"": 86.0, ""case_opened_at"": 86.0, ""lane_id"": ""cs_0"", ""road_id"": ""cs""}"
cam-1008-veh_020-000065,cam-1008-veh_020-000065,case-intersection-1008-veh_020-benign,root-f0696b6ee1f195113753af61,1008,veh_020,ps-fb97d0e5da402071,CAM,86.0,752.366530716959,498.4,16.459734282926657,0.3617474017851059,752.366530716959,498.4,16.459734282926657,0.3617474017851059,nonce-f0696b6ee1f195113753,True,False,benign,False,0,"{""attack_ended_at"": 86.0, ""case_opened_at"": 86.0, ""lane_id"": ""ce_0"", ""road_id"": ""ce""}"
cam-1008-veh_021-000064,cam-1008-veh_021-000064,case-intersection-1008-veh_021-benign,root-41521055439886372e2f135d,1008,veh_021,ps-7461357a64efe09e,CAM,86.0,257.79949644115834,501.6,14.742500914514931,0.165706972559029,257.79949644115834,501.6,14.742500914514931,0.165706972559029,nonce-41521055439886372e2f,True,False,benign,False,0,"{""attack_ended_at"": 86.0, ""case_opened_at"": 86.0, ""lane_id"": ""cw_0"", ""road_id"": ""cw""}"
cam-1008-veh_022-000063,cam-1008-veh_022-000063,case-intersection-1008-veh_022-benign,root-6e503551050c53f84a9a61f6,1008,veh_022,ps-b515230e59090b79,CAM,86.0,501.6,938.8046265924308,14.736106797760206,0.5255852273640915,501.6,938.8046265924308,14.736106797760206,0.5255852273640915,nonce-6e503551050c53f84a9a,True,False,benign,False,0,"{""attack_ended_at"": 86.0, ""case_opened_at"": 86.0, ""lane_id"": ""cn_0"", ""road_id"": ""cn""}"
cam-1008-veh_023-000062,cam-1008-veh_023-000062,case-intersection-1008-veh_023-benign,root-87503b1935b75065219f4641,1008,veh_023,ps-92555cef08137c2d,CAM,86.0,498.4,75.81126286225407,14.55684418619355,0.07773039097432033,498.4,75.81126286225407,14.55684418619355,0.07773039097432033,nonce-87503b1935b75065219f,True,False,benign,False,0,"{""attack_ended_at"": 86.0, ""case_opened_at"": 86.0, ""lane_id"": ""cs_0"", ""road_id"": ""cs""}"
cam-1008-veh_000-000086,cam-1008-veh_000-000086,case-intersection-1008-veh_000-benign,root-d0b498a0961d024f1e7fe6dd,1008,veh_000,ps-c836b37964202f27,CAM,87.0,924.7370630677225,498.4,16.411723258919086,0.32050952257588605,924.7370630677225,498.4,16.411723258919086,0.32050952257588605,nonce-d0b498a0961d024f1e7f,True,False,benign,False,0,"{""attack_ended_at"": 87.0, ""case_opened_at"": 87.0, ""lane_id"": ""ce_0"", ""road_id"": ""ce""}"
cam-1008-veh_001-000085,cam-1008-veh_001-000085,case-intersection-1008-veh_001-benign,root-ff7f9d1bc2ca368a18676814,1008,veh_001,ps-06cf0c7bb8481f37,CAM,87.0,66.80106443694609,501.6,16.378467505201698,0.06981478645931816,66.80106443694609,501.6,16.378467505201698,0.06981478645931816,nonce-ff7f9d1bc2ca368a1867,True,False,benign,False,0,"{""attack_ended_at"": 87.0, ""case_opened_at"": 87.0, ""lane_id"": ""cw_0"", ""road_id"": ""cw""}"
cam-1008-veh_004-000082,cam-1008-veh_004-000082,case-intersection-1008-veh_004-benign,root-ced01f146bdd1c352ed8b29f,1008,veh_004,ps-a4ec7ac7ed69787f,CAM,87.0,875.1558270926402,498.4,15.494581166425885,-0.3089591087261212,875.1558270926402,498.4,15.494581166425885,-0.3089591087261212,nonce-ced01f146bdd1c352ed8,True,False,benign,False,0,"{""attack_ended_at"": 87.0, ""case_opened_at"": 87.0, ""lane_id"": ""ce_0"", ""road_id"": ""ce""}"
cam-1008-veh_005-000081,cam-1008-veh_005-000081,case-intersection-1008-veh_005-benign,root-6177801b7bd319d401953766,1008,veh_005,ps-969b062779822854,CAM,87.0,109.01489223038493,501.6,15.516040913849675,-0.48121902351267565,109.01489223038493,501.6,15.516040913849675,-0.48121902351267565,nonce-6177801b7bd319d40195,True,False,benign,False,0,"{""attack_ended_at"": 87.0, ""case_opened_at"": 87.0, ""lane_id"": ""cw_0"", ""road_id"": ""cw""}"
cam-1008-veh_008-000078,cam-1008-veh_008-000078,case-intersection-1008-veh_008-benign,root-27d0ecb6b53a564d80328ddb,1008,veh_008,ps-82218acb1d94705f,CAM,87.0,850.5376329197879,498.4,15.528347334329002,0.04210760947044356,850.5376329197879,498.4,15.528347334329002,0.04210760947044356,nonce-27d0ecb6b53a564d8032,True,False,benign,False,0,"{""attack_ended_at"": 87.0, ""case_opened_at"": 87.0, ""lane_id"": ""ce_0"", ""road_id"": ""ce""}"
cam-1008-veh_009-000077,cam-1008-veh_009-000077,case-intersection-1008-veh_009-benign,root-31e62e89165433b2e775249a,1008,veh_009,ps-7ceb479c74f04f24,CAM,87.0,173.56877899148685,501.6,13.884390139503466,-0.2978111076587808,173.56877899148685,501.6,13.884390139503466,-0.2978111076587808,nonce-31e62e89165433b2e775,True,False,benign,False,0,"{""attack_ended_at"": 87.0, ""case_opened_at"": 87.0, ""lane_id"": ""cw_0"", ""road_id"": ""cw""}"
cam-1008-veh_012-000074,cam-1008-veh_012-000074,case-intersection-1008-veh_012-benign,root-22e6c56e25ff987aaad6a456,1008,veh_012,ps-d55e51c88c138a2d,CAM,87.0,825.4490596808103,498.4,15.278042916543217,0.1706912580085067,825.4490596808103,498.4,15.278042916543217,0.1706912580085067,nonce-22e6c56e25ff987aaad6,True,False,benign,False,0,"{""attack_ended_at"": 87.0, ""case_opened_at"": 87.0, ""lane_id"": ""ce_0"", ""road_id"": ""ce""}"
cam-1008-veh_013-000073,cam-1008-veh_013-000073,case-intersection-1008-veh_013-benign,root-4891e0e202c31b5b71267ee0,1008,veh_013,ps-c612038c409b5d43,CAM,87.0,196.6501392015045,501.6,13.811277957804663,-0.45427300070290677,196.6501392015045,501.6,13.811277957804663,-0.45427300070290677,nonce-4891e0e202c31b5b7126,True,False,benign,False,0,"{""attack_ended_at"": 87.0, ""case_opened_at"": 87.0, ""lane_id"": ""cw_0"", ""road_id"": ""cw""}"
cam-1008-veh_016-000070,cam-1008-veh_016-000070,case-intersection-1008-veh_016-benign,root-0f08b0a4d3e05d38ede3eb3e,1008,veh_016,ps-1e0348b1d8bfe014,CAM,87.0,799.2669065472824,498.4,15.646187323087105,-0.0516622085878673,799.2669065472824,498.4,15.646187323087105,-0.0516622085878673,nonce-0f08b0a4d3e05d38ede3,True,False,benign,False,0,"{""attack_ended_at"": 87.0, ""case_opened_at"": 87.0, ""lane_id"": ""ce_0"", ""road_id"": ""ce""}"
cam-1008-veh_017-000069,cam-1008-veh_017-000069,case-intersection-1008-veh_017-benign,root-7875294700cc4914f5ab6a62,1008,veh_017,ps-31646c93226ae98c,CAM,87.0,220.17778103111476,501.6,14.382100701181486,0.6760988830789874,220.17778103111476,501.6,14.382100701181486,0.6760988830789874,nonce-7875294700cc4914f5ab,True,False,benign,False,0,"{""attack_ended_at"": 87.0, ""case_opened_at"": 87.0, ""lane_id"": ""cw_0"", ""road_id"": ""cw""}"
cam-1008-veh_018-000068,cam-1008-veh_018-000068,case-intersection-1008-veh_018-benign,root-dcd327fe7ae8894e62c42fe9,1008,veh_018,ps-55c539e5052cea58,CAM,87.0,501.6,976.0492884044015,13.946907442252124,-0.29674985264428067,501.6,976.0492884044015,13.946907442252124,-0.29674985264428067,nonce-dcd327fe7ae8894e62c4,True,False,benign,False,0,"{""attack_ended_at"": 87.0, ""case_opened_at"": 87.0, ""lane_id"": ""cn_0"", ""road_id"": ""cn""}"
cam-1008-veh_020-000066,cam-1008-veh_020-000066,case-intersection-1008-veh_020-benign,root-3289926da3e4f3ad2d68657f,1008,veh_020,ps-fb97d0e5da402071,CAM,87.0,768.8080618429179,498.4,16.44153112595901,-0.018203156967647516,768.8080618429179,498.4,16.44153112595901,-0.018203156967647516,nonce-3289926da3e4f3ad2d68,True,False,benign,False,0,"{""attack_ended_at"": 87.0, ""case_opened_at"": 87.0, ""lane_id"": ""ce_0"", ""road_id"": ""ce""}"
cam-1008-veh_021-000065,cam-1008-veh_021-000065,case-intersection-1008-veh_021-benign,root-08b3e726243e1985dea72200,1008,veh_021,ps-7461357a64efe09e,CAM,87.0,243.87026082683502,501.6,13.929235614323249,-0.8132653001916825,243.87026082683502,501.6,13.929235614323249,-0.8132653001916825,nonce-08b3e726243e1985dea7,True,False,benign,False,0,"{""attack_ended_at"": 87.0, ""case_opened_at"": 87.0, ""lane_id"": ""cw_0"", ""road_id"": ""cw""}"
cam-1008-veh_022-000064,cam-1008-veh_022-000064,case-intersection-1008-veh_022-benign,root-d90762e9a402c002c56510e3,1008,veh_022,ps-b515230e59090b79,CAM,87.0,501.6,953.1152270630987,14.310600470667822,-0.4255063270923838,501.6,953.1152270630987,14.310600470667822,-0.4255063270923838,nonce-d90762e9a402c002c565,True,False,benign,False,0,"{""attack_ended_at"": 87.0, ""case_opened_at"": 87.0, ""lane_id"": ""cn_0"", ""road_id"": ""cn""}"
cam-1008-veh_023-000063,cam-1008-veh_023-000063,case-intersection-1008-veh_023-benign,root-aaf956e133724639197c0511,1008,veh_023,ps-92555cef08137c2d,CAM,87.0,498.4,61.338991562079514,14.472271300174535,-0.08457288601901425,498.4,61.338991562079514,14.472271300174535,-0.08457288601901425,nonce-aaf956e133724639197c,True,False,benign,False,0,"{""attack_ended_at"": 87.0, ""case_opened_at"": 87.0, ""lane_id"": ""cs_0"", ""road_id"": ""cs""}"
cam-1008-veh_000-000087,cam-1008-veh_000-000087,case-intersection-1008-veh_000-benign,root-1910a036133ba5e582d68c74,1008,veh_000,ps-c836b37964202f27,CAM,88.0,941.2845027643111,498.4,16.547439696588555,0.13571643766946906,941.2845027643111,498.4,16.547439696588555,0.13571643766946906,nonce-1910a036133ba5e582d6,True,False,benign,False,0,"{""attack_ended_at"": 88.0, ""case_opened_at"": 88.0, ""lane_id"": ""ce_0"", ""road_id"": ""ce""}"
cam-1008-veh_001-000086,cam-1008-veh_001-000086,case-intersection-1008-veh_001-benign,root-dd3a4e2030cafdd63494cf21,1008,veh_001,ps-06cf0c7bb8481f37,CAM,88.0,50.265088449873076,501.6,16.535975987073037,0.15750848187133926,50.265088449873076,501.6,16.535975987073037,0.15750848187133926,nonce-dd3a4e2030cafdd63494,True,False,benign,False,0,"{""attack_ended_at"": 88.0, ""case_opened_at"": 88.0, ""lane_id"": ""cw_0"", ""road_id"": ""cw""}"
cam-1008-veh_004-000083,cam-1008-veh_004-000083,case-intersection-1008-veh_004-benign,root-3b23e99b13cea4657ad99437,1008,veh_004,ps-a4ec7ac7ed69787f,CAM,88.0,890.8478828857506,498.4,15.692055793110447,0.19747462668456173,890.8478828857506,498.4,15.692055793110447,0.19747462668456173,nonce-3b23e99b13cea4657ad9,True,False,benign,False,0,"{""attack_ended_at"": 88.0, ""case_opened_at"": 88.0, ""lane_id"": ""ce_0"", ""road_id"": ""ce""}"
cam-1008-veh_005-000082,cam-1008-veh_005-000082,case-intersection-1008-veh_005-benign,root-1aaeb2ca1e16688e71e30685,1008,veh_005,ps-969b062779822854,CAM,88.0,93.37656265259847,501.6,15.638329577786454,0.12228866393677862,93.37656265259847,501.6,15.638329577786454,0.12228866393677862,nonce-1aaeb2ca1e16688e71e3,True,False,benign,False,0,"{""attack_ended_at"": 88.0, ""case_opened_at"": 88.0, ""lane_id"": ""cw_0"", ""road_id"": ""cw""}"
cam-1008-veh_008-000079,cam-1008-veh_008-000079,case-intersection-1008-veh_008-benign,root-cb1977a727a96389b2f43715,1008,veh_008,ps-82218acb1d94705f,CAM,88.0,865.8839647756948,498.4,15.34633185590688,-0.1820154784221213,865.8839647756948,498.4,15.34633185590688,-0.1820154784221213,nonce-cb1977a727a96389b2f4,True,False,benign,False,0,"{""attack_ended_at"": 88.0, ""case_opened_at"": 88.0, ""lane_id"": ""ce_0"", ""road_id"": ""ce""}"
cam-1008-veh_009-000078,cam-1008-veh_009-000078,case-intersection-1008-veh_009-benign,root-64a18a380bd81f0b0062a290,1008,veh_009,ps-7ceb479c74f04f24,CAM,88.0,159.65736091521467,501.6,13.911418076272184,0.027027936768718064,159.65736091521467,501.6,13.911418076272184,0.027027936768718064,nonce-64a18a380bd81f0b0062,True,False,benign,False,0,"{""attack_ended_at"": 88.0, ""case_opened_at"": 88.0, ""lane_id"": ""cw_0"", ""road_id"": ""cw""}"
cam-1008-veh_012-000075,cam-1008-veh_012-000075,case-intersection-1008-veh_012-benign,root-d641dc874aeed28c44bea663,1008,veh_012,ps-d55e51c88c138a2d,CAM,88.0,841.3928195693227,498.4,15.943759888512405,0.6657169719691876,841.3928195693227,498.4,15.943759888512405,0.6657169719691876,nonce-d641dc874aeed28c44be,True,False,benign,False,0,"{""attack_ended_at"": 88.0, ""case_opened_at"": 88.0, ""lane_id"": ""ce_0"", ""road_id"": ""ce""}"
cam-1008-veh_013-000074,cam-1008-veh_013-000074,case-intersection-1008-veh_013-benign,root-42acdcd869290a36a9973506,1008,veh_013,ps-c612038c409b5d43,CAM,88.0,182.75645546858055,501.6,13.893683732923947,0.08240577511928393,182.75645546858055,501.6,13.893683732923947,0.08240577511928393,nonce-42acdcd869290a36a997,True,False,benign,False,0,"{""attack_ended_at"": 88.0, ""case_opened_at"": 88.0, ""lane_id"": ""cw_0"", ""road_id"": ""cw""}"
cam-1008-veh_016-000071,cam-1008-veh_016-000071,case-intersection-1008-veh_016-benign,root-c78381ff57cb03a969cec342,1008,veh_016,ps-1e0348b1d8bfe014,CAM,88.0,815.347755286205,498.4,16.08084873892269,0.4346614158355848,815.347755286205,498.4,16.08084873892269,0.4346614158355848,nonce-c78381ff57cb03a969ce,True,False,benign,False,0,"{""attack_ended_at"": 88.0, ""case_opened_at"": 88.0, ""lane_id"": ""ce_0"", ""road_id"": ""ce""}"
cam-1008-veh_017-000070,cam-1008-veh_017-000070,case-intersection-1008-veh_017-benign,root-cc8474331972e0edf39d47d9,1008,veh_017,ps-31646c93226ae98c,CAM,88.0,206.23244075768025,501.6,13.945340273434518,-0.4367604277469681,206.23244075768025,501.6,13.945340273434518,-0.4367604277469681,nonce-cc8474331972e0edf39d,True,False,benign,False,0,"{""attack_ended_at"": 88.0, ""case_opened_at"": 88.0, ""lane_id"": ""cw_0"", ""road_id"": ""cw""}"
cam-1008-veh_018-000069,cam-1008-veh_018-000069,case-intersection-1008-veh_018-benign,root-ab117879b2b9c43844c41688,1008,veh_018,ps-55c539e5052cea58,CAM,88.0,501.6,990.0905279664901,14.041239562088597,0.09433211983647283,501.6,990.0905279664901,14.041239562088597,0.09433211983647283,nonce-ab117879b2b9c43844c4,True,False,benign,False,0,"{""attack_ended_at"": 88.0, ""case_opened_at"": 88.0, ""lane_id"": ""cn_0"", ""road_id"": ""cn""}"
cam-1008-veh_020-000067,cam-1008-veh_020-000067,case-intersection-1008-veh_020-benign,root-e3b09ceaa24a85c2af19149a,1008,veh_020,ps-fb97d0e5da402071,CAM,88.0,784.7399995392789,498.4,15.931937696360984,-0.5095934295980253,784.7399995392789,498.4,15.931937696360984,-0.5095934295980253,nonce-e3b09ceaa24a85c2af19,True,False,benign,False,0,"{""attack_ended_at"": 88.0, ""case_opened_at"": 88.0, ""lane_id"": ""ce_0"", ""road_id"": ""ce""}"
cam-1008-veh_021-000066,cam-1008-veh_021-000066,case-intersection-1008-veh_021-benign,root-79d71af6c542b197e27b3c40,1008,veh_021,ps-7461357a64efe09e,CAM,88.0,229.73838198984873,501.6,14.13187883698631,0.20264322266306145,229.73838198984873,501.6,14.13187883698631,0.20264322266306145,nonce-79d71af6c542b197e27b,True,False,benign,False,0,"{""attack_ended_at"": 88.0, ""case_opened_at"": 88.0, ""lane_id"": ""cw_0"", ""road_id"": ""cw""}"
cam-1008-veh_022-000065,cam-1008-veh_022-000065,case-intersection-1008-veh_022-benign,root-b1f5cffb118f1e1492e03cac,1008,veh_022,ps-b515230e59090b79,CAM,88.0,501.6,967.1253130192836,14.010085956184973,-0.30051451448284894,501.6,967.1253130192836,14.010085956184973,-0.30051451448284894,nonce-b1f5cffb118f1e1492e0,True,False,benign,False,0,"{""attack_ended_at"": 88.0, ""case_opened_at"": 88.0, ""lane_id"": ""cn_0"", ""road_id"": ""cn""}"
cam-1008-veh_023-000064,cam-1008-veh_023-000064,case-intersection-1008-veh_023-benign,root-78d95343dfb2dbe4bd2ab8b8,1008,veh_023,ps-92555cef08137c2d,CAM,88.0,498.4,46.25642962065115,15.08256194142835,0.6102906412538154,498.4,46.25642962065115,15.08256194142835,0.6102906412538154,nonce-78d95343dfb2dbe4bd2a,True,False,benign,False,0,"{""attack_ended_at"": 88.0, ""case_opened_at"": 88.0, ""lane_id"": ""cs_0"", ""road_id"": ""cs""}"
cam-1008-veh_000-000088,cam-1008-veh_000-000088,case-intersection-1008-veh_000-benign,root-d1ca8a68eca06eb78a8b7811,1008,veh_000,ps-c836b37964202f27,CAM,89.0,957.6023085917807,498.4,16.317805827469567,-0.2296338691189881,957.6023085917807,498.4,16.317805827469567,-0.2296338691189881,nonce-d1ca8a68eca06eb78a8b,True,False,benign,False,0,"{""attack_ended_at"": 89.0, ""case_opened_at"": 89.0, ""lane_id"": ""ce_0"", ""road_id"": ""ce""}"
cam-1008-veh_001-000087,cam-1008-veh_001-000087,case-intersection-1008-veh_001-benign,root-3a0cfb60168d8611a3b9eeea,1008,veh_001,ps-06cf0c7bb8481f37,CAM,89.0,34.14842054362225,501.6,16.116667906250807,-0.4193080808222298,34.14842054362225,501.6,16.116667906250807,-0.4193080808222298,nonce-3a0cfb60168d8611a3b9,True,False,benign,False,0,"{""attack_ended_at"": 89.0, ""case_opened_at"": 89.0, ""lane_id"": ""cw_0"", ""road_id"": ""cw""}"
cam-1008-veh_004-000084,cam-1008-veh_004-000084,case-intersection-1008-veh_004-benign,root-6f240ad1dbacb28cffd12d8d,1008,veh_004,ps-a4ec7ac7ed69787f,CAM,89.0,906.2449660629392,498.4,15.397083177188577,-0.2949726159218695,906.2449660629392,498.4,15.397083177188577,-0.2949726159218695,nonce-6f240ad1dbacb28cffd1,True,False,benign,False,0,"{""attack_ended_at"": 89.0, ""case_opened_at"": 89.0, ""lane_id"": ""ce_0"", ""road_id"": ""ce""}"
cam-1008-veh_005-000083,cam-1008-veh_005-000083,case-intersection-1008-veh_005-benign,root-bab857836f72abd0dcf3cc77,1008,veh_005,ps-969b062779822854,CAM,89.0,77.43538986534884,501.6,15.941172787249625,0.30284320946317145,77.43538986534884,501.6,15.941172787249625,0.30284320946317145,nonce-bab857836f72abd0dcf3,True,False,benign,False,0,"{""attack_ended_at"": 89.0, ""case_opened_at"": 89.0, ""lane_id"": ""cw_0"", ""road_id"": ""cw""}"
cam-1008-veh_008-000080,cam-1008-veh_008-000080,case-intersection-1008-veh_008-benign,root-b3409ec4592a0756591e1303,1008,veh_008,ps-82218acb1d94705f,CAM,89.0,881.8895736464419,498.4,16.005608870747135,0.6592770148402547,881.8895736464419,498.4,16.005608870747135,0.6592770148402547,nonce-b3409ec4592a0756591e,True,False,benign,False,0,"{""attack_ended_at"": 89.0, ""case_opened_at"": 89.0, ""lane_id"": ""ce_0"", ""road_id"": ""ce""}"
cam-1008-veh_009-000079,cam-1008-veh_009-000079,case-intersection-1008-veh_009-benign,root-156519dca7e3b1e2146107f9,1008,veh_009,ps-7ceb479c74f04f24,CAM,89.0,145.93652925787575,501.6,13.720831657338948,-0.19058641893323625,145.93652925787575,501.6,13.720831657338948,-0.19058641893323625,nonce-156519dca7e3b1e21461,True,False,benign,False,0,"{""attack_ended_at"": 89.0, ""case_opened_at"": 89.0, ""lane_id"": ""cw_0"", ""road_id"": ""cw""}"
cam-1008-veh_012-000076,cam-1008-veh_012-000076,case-intersection-1008-veh_012-benign,root-e0f3849e3d55ead14805c6bb,1008,veh_012,ps-d55e51c88c138a2d,CAM,89.0,857.0799246335907,498.4,15.68710506426803,-0.25665482424437513,857.0799246335907,498.4,15.68710506426803,-0.25665482424437513,nonce-e0f3849e3d55ead14805,True,False,benign,False,0,"{""attack_ended_at"": 89.0, ""case_opened_at"": 89.0, ""lane_id"": ""ce_0"", ""road_id"": ""ce""}"
cam-1008-veh_013-000075,cam-1008-veh_013-000075,case-intersection-1008-veh_013-benign,root-35629b8c9d616d8c692021b6,1008,veh_013,ps-c612038c409b5d43,CAM,89.0,168.89211584133307,501.6,13.864339627247478,-0.0293441056764685,168.89211584133307,501.6,13.864339627247478,-0.0293441056764685,nonce-35629b8c9d616d8c6920,True,False,benign,False,0,"{""attack_ended_at"": 89.0, ""case_opened_at"": 89.0, ""lane_id"": ""cw_0"", ""road_id"": ""cw""}"
cam-1008-veh_016-000072,cam-1008-veh_016-000072,case-intersection-1008-veh_016-benign,root-8c5f62e4e2faee30ee18bd19,1008,veh_016,ps-1e0348b1d8bfe014,CAM,89.0,831.6841303883534,498.4,16.336375102148416,0.2555263632257265,831.6841303883534,498.4,16.336375102148416,0.2555263632257265,nonce-8c5f62e4e2faee30ee18,True,False,benign,False,0,"{""attack_ended_at"": 89.0, ""case_opened_at"": 89.0, ""lane_id"": ""ce_0"", ""road_id"": ""ce""}"
cam-1008-veh_017-000071,cam-1008-veh_017-000071,case-intersection-1008-veh_017-benign,root-fb2e11d3513845e5672da97d,1008,veh_017,ps-31646c93226ae98c,CAM,89.0,192.53549284187528,501.6,13.696947915804977,-0.24839235762954104,192.53549284187528,501.6,13.696947915804977,-0.24839235762954104,nonce-fb2e11d3513845e5672d,True,False,benign,False,0,"{""attack_ended_at"": 89.0, ""case_opened_at"": 89.0, ""lane_id"": ""cw_0"", ""road_id"": ""cw""}"
cam-1008-veh_020-000068,cam-1008-veh_020-000068,case-intersection-1008-veh_020-benign,root-6862edd7783a54f0cd42addf,1008,veh_020,ps-fb97d0e5da402071,CAM,89.0,801.0925774747129,498.4,16.35257793543395,0.42064023907296466,801.0925774747129,498.4,16.35257793543395,0.42064023907296466,nonce-6862edd7783a54f0cd42,True,False,benign,False,0,"{""attack_ended_at"": 89.0, ""case_opened_at"": 89.0, ""lane_id"": ""ce_0"", ""road_id"": ""ce""}"
cam-1008-veh_021-000067,cam-1008-veh_021-000067,case-intersection-1008-veh_021-benign,root-057902761dad5069226549a5,1008,veh_021,ps-7461357a64efe09e,CAM,89.0,215.2859834677539,501.6,14.452398522094848,0.3205196851085379,215.2859834677539,501.6,14.452398522094848,0.3205196851085379,nonce-057902761dad50692265,True,False,benign,False,0,"{""attack_ended_at"": 89.0, ""case_opened_at"": 89.0, ""lane_id"": ""cw_0"", ""road_id"": ""cw""}"
cam-1008-veh_022-000066,cam-1008-veh_022-000066,case-intersection-1008-veh_022-benign,root-3f374b4de33954ac89bb1c31,1008,veh_022,ps-b515230e59090b79,CAM,89.0,501.6,980.8920592444208,13.766746225137144,-0.24333973104782913,501.6,980.8920592444208,13.766746225137144,-0.24333973104782913,nonce-3f374b4de33954ac89bb,True,False,benign,False,0,"{""attack_ended_at"": 89.0, ""case_opened_at"": 89.0, ""lane_id"": ""cn_0"", ""road_id"": ""cn""}"
cam-1008-veh_023-000065,cam-1008-veh_023-000065,case-intersection-1008-veh_023-benign,root-41676d41c7498b63920af0e6,1008,veh_023,ps-92555cef08137c2d,CAM,89.0,498.4,31.313758258110227,14.942671362540924,-0.1398905788874263,498.4,31.313758258110227,14.942671362540924,-0.1398905788874263,nonce-41676d41c7498b63920a,True,False,benign,False,0,"{""attack_ended_at"": 89.0, ""case_opened_at"": 89.0, ""lane_id"": ""cs_0"", ""road_id"": ""cs""}"
cam-1008-veh_000-000089,cam-1008-veh_000-000089,case-intersection-1008-veh_000-benign,root-f23da32bb95834ce7d03fb47,1008,veh_000,ps-c836b37964202f27,CAM,90.0,973.895183814391,498.4,16.292875222610313,-0.02493060485925369,973.895183814391,498.4,16.292875222610313,-0.02493060485925369,nonce-f23da32bb95834ce7d03,True,False,benign,False,0,"{""attack_ended_at"": 90.0, ""case_opened_at"": 90.0, ""lane_id"": ""ce_0"", ""road_id"": ""ce""}"
cam-1008-veh_001-000088,cam-1008-veh_001-000088,case-intersection-1008-veh_001-benign,root-5e26fdc74fe4c2f25394d383,1008,veh_001,ps-06cf0c7bb8481f37,CAM,90.0,17.679001334838574,501.6,16.46941920878366,0.3527513025328517,17.679001334838574,501.6,16.46941920878366,0.3527513025328517,nonce-5e26fdc74fe4c2f25394,True,False,benign,False,0,"{""attack_ended_at"": 90.0, ""case_opened_at"": 90.0, ""lane_id"": ""cw_0"", ""road_id"": ""cw""}"
cam-1008-veh_004-000085,cam-1008-veh_004-000085,case-intersection-1008-veh_004-benign,root-9ae83c0dcabdbadebbee942d,1008,veh_004,ps-a4ec7ac7ed69787f,CAM,90.0,922.0675553667336,498.4,15.822589303794482,0.4255061266059048,922.0675553667336,498.4,15.822589303794482,0.4255061266059048,nonce-9ae83c0dcabdbadebbee,True,False,benign,False,0,"{""attack_ended_at"": 90.0, ""case_opened_at"": 90.0, ""lane_id"": ""ce_0"", ""road_id"": ""ce""}"
cam-1008-veh_005-000084,cam-1008-veh_005-000084,case-intersection-1008-veh_005-benign,root-5a9a570ab7159562ce1e6450,1008,veh_005,ps-969b062779822854,CAM,90.0,61.58140443597006,501.6,15.853985429378763,-0.08718735787086196,61.58140443597006,501.6,15.853985429378763,-0.08718735787086196,nonce-5a9a570ab7159562ce1e,True,False,benign,False,0,"{""attack_ended_at"": 90.0, ""case_opened_at"": 90.0, ""lane_id"": ""cw_0"", ""road_id"": ""cw""}"
cam-1008-veh_008-000081,cam-1008-veh_008-000081,case-intersection-1008-veh_008-benign,root-5158484980edda27ab80c50c,1008,veh_008,ps-82218acb1d94705f,CAM,90.0,897.4225605126553,498.4,15.532986866213378,-0.4726220045337577,897.4225605126553,498.4,15.532986866213378,-0.4726220045337577,nonce-5158484980edda27ab80,True,False,benign,False,0,"{""attack_ended_at"": 90.0, ""case_opened_at"": 90.0, ""lane_id"": ""ce_0"", ""road_id"": ""ce""}"
cam-1008-veh_009-000080,cam-1008-veh_009-000080,case-intersection-1008-veh_009-benign,root-0563ac1da2d45993d591165e,1008,veh_009,ps-7ceb479c74f04f24,CAM,90.0,132.00842804100625,501.6,13.92810121686949,0.20726955953054116,132.00842804100625,501.6,13.92810121686949,0.20726955953054116,nonce-0563ac1da2d45993d591,True,False,benign,False,0,"{""attack_ended_at"": 90.0, ""case_opened_at"": 90.0, ""lane_id"": ""cw_0"", ""road_id"": ""cw""}"
cam-1008-veh_012-000077,cam-1008-veh_012-000077,case-intersection-1008-veh_012-benign,root-1dbef203fccdcc0708f43e96,1008,veh_012,ps-d55e51c88c138a2d,CAM,90.0,873.386604616803,498.4,16.30667998321227,0.6195749189442399,873.386604616803,498.4,16.30667998321227,0.6195749189442399,nonce-1dbef203fccdcc0708f4,True,False,benign,False,0,"{""attack_ended_at"": 90.0, ""case_opened_at"": 90.0, ""lane_id"": ""ce_0"", ""road_id"": ""ce""}"
cam-1008-veh_013-000076,cam-1008-veh_013-000076,case-intersection-1008-veh_013-benign,root-e72f655a14c15629d41bc9af,1008,veh_013,ps-c612038c409b5d43,CAM,90.0,155.12529669797453,501.6,13.76681914335852,-0.09752048388895851,155.12529669797453,501.6,13.76681914335852,-0.09752048388895851,nonce-e72f655a14c15629d41b,True,False,benign,False,0,"{""attack_ended_at"": 90.0, ""case_opened_at"": 90.0, ""lane_id"": ""cw_0"", ""road_id"": ""cw""}"
cam-1008-veh_016-000073,cam-1008-veh_016-000073,case-intersection-1008-veh_016-benign,root-e9c543866bd1a4b9511cf3e5,1008,veh_016,ps-1e0348b1d8bfe014,CAM,90.0,847.1807458906583,498.4,15.496615502304923,-0.839759599843493,847.1807458906583,498.4,15.496615502304923,-0.839759599843493,nonce-e9c543866bd1a4b9511c,True,False,benign,False,0,"{""attack_ended_at"": 90.0, ""case_opened_at"": 90.0, ""lane_id"": ""ce_0"", ""road_id"": ""ce""}"
cam-1008-veh_017-000072,cam-1008-veh_017-000072,case-intersection-1008-veh_017-benign,root-1701c0c101c1112607fbe6d4,1008,veh_017,ps-31646c93226ae98c,CAM,90.0,178.13568999750305,501.6,14.399802844372207,0.7028549285672305,178.13568999750305,501.6,14.399802844372207,0.7028549285672305,nonce-1701c0c101c1112607fb,True,False,benign,False,0,"{""attack_ended_at"": 90.0, ""case_opened_at"": 90.0, ""lane_id"": ""cw_0"", ""road_id"": ""cw""}"
cam-1008-veh_020-000069,cam-1008-veh_020-000069,case-intersection-1008-veh_020-benign,root-48227aba01d9b871119582a0,1008,veh_020,ps-fb97d0e5da402071,CAM,90.0,817.5353477110243,498.4,16.442770236311482,0.09019230087753272,817.5353477110243,498.4,16.442770236311482,0.09019230087753272,nonce-48227aba01d9b8711195,True,False,benign,False,0,"{""attack_ended_at"": 90.0, ""case_opened_at"": 90.0, ""lane_id"": ""ce_0"", ""road_id"": ""ce""}"
cam-1008-veh_021-000068,cam-1008-veh_021-000068,case-intersection-1008-veh_021-benign,root-28987d0f4f925838fdb00827,1008,veh_021,ps-7461357a64efe09e,CAM,90.0,201.2436453516617,501.6,14.04233811609217,-0.41006040600267823,201.2436453516617,501.6,14.04233811609217,-0.41006040600267823,nonce-28987d0f4f925838fdb0,True,False,benign,False,0,"{""attack_ended_at"": 90.0, ""case_opened_at"": 90.0, ""lane_id"": ""cw_0"", ""road_id"": ""cw""}"
cam-1008-veh_022-000067,cam-1008-veh_022-000067,case-intersection-1008-veh_022-benign,root-1ac3ad700b7b441928f3df05,1008,veh_022,ps-b515230e59090b79,CAM,90.0,501.6,996.0025599082451,15.110500663824345,1.343754438687201,501.6,996.0025599082451,15.110500663824345,1.343754438687201,nonce-1ac3ad700b7b441928f3,True,False,benign,False,0,"{""attack_ended_at"": 90.0, ""case_opened_at"": 90.0, ""lane_id"": ""cn_0"", ""road_id"": ""cn""}"
cam-1008-veh_023-000066,cam-1008-veh_023-000066,case-intersection-1008-veh_023-benign,root-7983e949c918521554472f83,1008,veh_023,ps-92555cef08137c2d,CAM,90.0,498.4,16.38651316637737,14.927245091732832,-0.015426270808092113,498.4,16.38651316637737,14.927245091732832,-0.015426270808092113,nonce-7983e949c91852155447,True,False,benign,False,0,"{""attack_ended_at"": 90.0, ""case_opened_at"": 90.0, ""lane_id"": ""cs_0"", ""road_id"": ""cs""}"
cam-1008-veh_000-000090,cam-1008-veh_000-000090,case-intersection-1008-veh_000-benign,root-0ab1d61a5e02ed2efa85f419,1008,veh_000,ps-c836b37964202f27,CAM,91.0,990.4249353331834,498.4,16.529751518792473,0.23687629618216022,990.4249353331834,498.4,16.529751518792473,0.23687629618216022,nonce-0ab1d61a5e02ed2efa85,True,False,benign,False,0,"{""attack_ended_at"": 91.0, ""case_opened_at"": 91.0, ""lane_id"": ""ce_0"", ""road_id"": ""ce""}"
cam-1008-veh_001-000089,cam-1008-veh_001-000089,case-intersection-1008-veh_001-benign,root-03ac5346609d972c6fbe44a4,1008,veh_001,ps-06cf0c7bb8481f37,CAM,91.0,1.0737213504202714,501.6,16.605279984418303,0.13586077563464372,1.0737213504202714,501.6,16.605279984418303,0.13586077563464372,nonce-03ac5346609d972c6fbe,True,False,benign,False,0,"{""attack_ended_at"": 91.0, ""case_opened_at"": 91.0, ""lane_id"": ""cw_0"", ""road_id"": ""cw""}"
cam-1008-veh_004-000086,cam-1008-veh_004-000086,case-intersection-1008-veh_004-benign,root-ae693742337efea0ddae273f,1008,veh_004,ps-a4ec7ac7ed69787f,CAM,91.0,937.2528980235818,498.4,15.185342656848185,-0.6372466469462967,937.2528980235818,498.4,15.185342656848185,-0.6372466469462967,nonce-ae693742337efea0ddae,True,False,benign,False,0,"{""attack_ended_at"": 91.0, ""case_opened_at"": 91.0, ""lane_id"": ""ce_0"", ""road_id"": ""ce""}"
cam-1008-veh_005-000085,cam-1008-veh_005-000085,case-intersection-1008-veh_005-benign,root-6b6458e28fcc333e2e1b1b25,1008,veh_005,ps-969b062779822854,CAM,91.0,45.959643806274585,501.6,15.621760629695446,-0.23222479968331733,45.959643806274585,501.6,15.621760629695446,-0.23222479968331733,nonce-6b6458e28fcc333e2e1b,True,False,benign,False,0,"{""attack_ended_at"": 91.0, ""case_opened_at"": 91.0, ""lane_id"": ""cw_0"", ""road_id"": ""cw""}"
cam-1008-veh_008-000082,cam-1008-veh_008-000082,case-intersection-1008-veh_008-benign,root-712a79e20ad6b8c73dbc3bad,1008,veh_008,ps-82218acb1d94705f,CAM,91.0,913.1655069222297,498.4,15.74294640957428,0.2099595433609025,913.1655069222297,498.4,15.74294640957428,0.2099595433609025,nonce-712a79e20ad6b8c73dbc,True,False,benign,False,0,"{""attack_ended_at"": 91.0, ""case_opened_at"": 91.0, ""lane_id"": ""ce_0"", ""road_id"": ""ce""}"
cam-1008-veh_009-000081,cam-1008-veh_009-000081,case-intersection-1008-veh_009-benign,root-619509caf752a89542bdf796,1008,veh_009,ps-7ceb479c74f04f24,CAM,91.0,118.1753312582427,501.6,13.83309678276355,-0.09500443410593995,118.1753312582427,501.6,13.83309678276355,-0.09500443410593995,nonce-619509caf752a89542bd,True,False,benign,False,0,"{""attack_ended_at"": 91.0, ""case_opened_at"": 91.0, ""lane_id"": ""cw_0"", ""road_id"": ""cw""}"
cam-1008-veh_012-000078,cam-1008-veh_012-000078,case-intersection-1008-veh_012-benign,root-b96ab53051ed73dcbe5d0b65,1008,veh_012,ps-d55e51c88c138a2d,CAM,91.0,888.730237555311,498.4,15.343632938507952,-0.963047044704318,888.730237555311,498.4,15.343632938507952,-0.963047044704318,nonce-b96ab53051ed73dcbe5d,True,False,benign,False,0,"{""attack_ended_at"": 91.0, ""case_opened_at"": 91.0, ""lane_id"": ""ce_0"", ""road_id"": ""ce""}"
cam-1008-veh_013-000077,cam-1008-veh_013-000077,case-intersection-1008-veh_013-benign,root-55b64a131f37fe8b1d8d9cc7,1008,veh_013,ps-c612038c409b5d43,CAM,91.0,141.00857408302966,501.6,14.116722614944852,0.34990347158633206,141.00857408302966,501.6,14.116722614944852,0.34990347158633206,nonce-55b64a131f37fe8b1d8d,True,False,benign,False,0,"{""attack_ended_at"": 91.0, ""case_opened_at"": 91.0, ""lane_id"": ""cw_0"", ""road_id"": ""cw""}"
cam-1008-veh_016-000074,cam-1008-veh_016-000074,case-intersection-1008-veh_016-benign,root-7c3b0ba3898f93d3eeff15c3,1008,veh_016,ps-1e0348b1d8bfe014,CAM,91.0,863.317697273666,498.4,16.13695138300769,0.6403358807027679,863.317697273666,498.4,16.13695138300769,0.6403358807027679,nonce-7c3b0ba3898f93d3eeff,True,False,benign,False,0,"{""attack_ended_at"": 91.0, ""case_opened_at"": 91.0, ""lane_id"": ""ce_0"", ""road_id"": ""ce""}"
cam-1008-veh_017-000073,cam-1008-veh_017-000073,case-intersection-1008-veh_017-benign,root-39f93fe7942396814765082e,1008,veh_017,ps-31646c93226ae98c,CAM,91.0,164.4212202031252,501.6,13.714469794377875,-0.6853330499943322,164.4212202031252,501.6,13.714469794377875,-0.6853330499943322,nonce-39f93fe7942396814765,True,False,benign,False,0,"{""attack_ended_at"": 91.0, ""case_opened_at"": 91.0, ""lane_id"": ""cw_0"", ""road_id"": ""cw""}"
cam-1008-veh_020-000070,cam-1008-veh_020-000070,case-intersection-1008-veh_020-benign,root-c2865db8dc279d133b137642,1008,veh_020,ps-fb97d0e5da402071,CAM,91.0,834.1911138272142,498.4,16.65576611618977,0.21299587987828872,834.1911138272142,498.4,16.65576611618977,0.21299587987828872,nonce-c2865db8dc279d133b13,True,False,benign,False,0,"{""attack_ended_at"": 91.0, ""case_opened_at"": 91.0, ""lane_id"": ""ce_0"", ""road_id"": ""ce""}"
cam-1008-veh_021-000069,cam-1008-veh_021-000069,case-intersection-1008-veh_021-benign,root-4c093b2346e7597209e32f9d,1008,veh_021,ps-7461357a64efe09e,CAM,91.0,186.84043427164636,501.6,14.403211080015332,0.36087296392316226,186.84043427164636,501.6,14.403211080015332,0.36087296392316226,nonce-4c093b2346e7597209e3,True,False,benign,False,0,"{""attack_ended_at"": 91.0, ""case_opened_at"": 91.0, ""lane_id"": ""cw_0"", ""road_id"": ""cw""}"
cam-1008-veh_023-000067,cam-1008-veh_023-000067,case-intersection-1008-veh_023-benign,root-af44df029a320c0266328a34,1008,veh_023,ps-92555cef08137c2d,CAM,91.0,498.4,1.337457947166456,15.049055219210924,0.12181012747809206,498.4,1.337457947166456,15.049055219210924,0.12181012747809206,nonce-af44df029a320c026632,True,False,benign,False,0,"{""attack_ended_at"": 91.0, ""case_opened_at"": 91.0, ""lane_id"": ""cs_0"", ""road_id"": ""cs""}"
cam-1008-veh_004-000087,cam-1008-veh_004-000087,case-intersection-1008-veh_004-benign,root-ba5e0b54099bc57bbbe1fa29,1008,veh_004,ps-a4ec7ac7ed69787f,CAM,92.0,952.7015785645981,498.4,15.448680541016326,0.2633378841681413,952.7015785645981,498.4,15.448680541016326,0.2633378841681413,nonce-ba5e0b54099bc57bbbe1,True,False,benign,False,0,"{""attack_ended_at"": 92.0, ""case_opened_at"": 92.0, ""lane_id"": ""ce_0"", ""road_id"": ""ce""}"
cam-1008-veh_005-000086,cam-1008-veh_005-000086,case-intersection-1008-veh_005-benign,root-740aaff2793a62574e9a435e,1008,veh_005,ps-969b062779822854,CAM,92.0,30.271529529089094,501.6,15.688114277185477,0.06635364749003081,30.271529529089094,501.6,15.688114277185477,0.06635364749003081,nonce-740aaff2793a62574e9a,True,False,benign,False,0,"{""attack_ended_at"": 92.0, ""case_opened_at"": 92.0, ""lane_id"": ""cw_0"", ""road_id"": ""cw""}"
cam-1008-veh_008-000083,cam-1008-veh_008-000083,case-intersection-1008-veh_008-benign,root-edb4c8fa7bdeffd578cd6aef,1008,veh_008,ps-82218acb1d94705f,CAM,92.0,928.1024044624085,498.4,14.9368975401788,-0.8060488693954806,928.1024044624085,498.4,14.9368975401788,-0.8060488693954806,nonce-edb4c8fa7bdeffd578cd,True,False,benign,False,0,"{""attack_ended_at"": 92.0, ""case_opened_at"": 92.0, ""lane_id"": ""ce_0"", ""road_id"": ""ce""}"
cam-1008-veh_009-000082,cam-1008-veh_009-000082,case-intersection-1008-veh_009-benign,root-621afe38bddcc6134a7ad848,1008,veh_009,ps-7ceb479c74f04f24,CAM,92.0,104.70179121977804,501.6,13.473540038464652,-0.3595567442988976,104.70179121977804,501.6,13.473540038464652,-0.3595567442988976,nonce-621afe38bddcc6134a7a,True,False,benign,False,0,"{""attack_ended_at"": 92.0, ""case_opened_at"": 92.0, ""lane_id"": ""cw_0"", ""road_id"": ""cw""}"
cam-1008-veh_012-000079,cam-1008-veh_012-000079,case-intersection-1008-veh_012-benign,root-436eecb168a935b3243bc88a,1008,veh_012,ps-d55e51c88c138a2d,CAM,92.0,904.5110074584898,498.4,15.780769903178847,0.4371369646708949,904.5110074584898,498.4,15.780769903178847,0.4371369646708949,nonce-436eecb168a935b3243b,True,False,benign,False,0,"{""attack_ended_at"": 92.0, ""case_opened_at"": 92.0, ""lane_id"": ""ce_0"", ""road_id"": ""ce""}"
cam-1008-veh_013-000078,cam-1008-veh_013-000078,case-intersection-1008-veh_013-benign,root-d413263e6eef1cf2861fc2ec,1008,veh_013,ps-c612038c409b5d43,CAM,92.0,127.17940848583561,501.6,13.829165597194077,-0.2875570177507747,127.17940848583561,501.6,13.829165597194077,-0.2875570177507747,nonce-d413263e6eef1cf2861f,True,False,benign,False,0,"{""attack_ended_at"": 92.0, ""case_opened_at"": 92.0, ""lane_id"": ""cw_0"", ""road_id"": ""cw""}"
cam-1008-veh_016-000075,cam-1008-veh_016-000075,case-intersection-1008-veh_016-benign,root-4dec9384b0b42c21f38a93c6,1008,veh_016,ps-1e0348b1d8bfe014,CAM,92.0,878.6968550202405,498.4,15.379157746574615,-0.7577936364330764,878.6968550202405,498.4,15.379157746574615,-0.7577936364330764,nonce-4dec9384b0b42c21f38a,True,False,benign,False,0,"{""attack_ended_at"": 92.0, ""case_opened_at"": 92.0, ""lane_id"": ""ce_0"", ""road_id"": ""ce""}"
cam-1008-veh_017-000074,cam-1008-veh_017-000074,case-intersection-1008-veh_017-benign,root-f33265b3d149b9454b93546a,1008,veh_017,ps-31646c93226ae98c,CAM,92.0,150.370834555152,501.6,14.05038564797321,0.3359158535953348,150.370834555152,501.6,14.05038564797321,0.3359158535953348,nonce-f33265b3d149b9454b93,True,False,benign,False,0,"{""attack_ended_at"": 92.0, ""case_opened_at"": 92.0, ""lane_id"": ""cw_0"", ""road_id"": ""cw""}"
cam-1008-veh_020-000071,cam-1008-veh_020-000071,case-intersection-1008-veh_020-benign,root-e9565e585ccf31f8e22ede32,1008,veh_020,ps-fb97d0e5da402071,CAM,92.0,850.2295807539201,498.4,16.038466926706025,-0.6172991894837452,850.2295807539201,498.4,16.038466926706025,-0.6172991894837452,nonce-e9565e585ccf31f8e22e,True,False,benign,False,0,"{""attack_ended_at"": 92.0, ""case_opened_at"": 92.0, ""lane_id"": ""ce_0"", ""road_id"": ""ce""}"
cam-1008-veh_021-000070,cam-1008-veh_021-000070,case-intersection-1008-veh_021-benign,root-5547be2cfc4f3425e7b95d7e,1008,veh_021,ps-7461357a64efe09e,CAM,92.0,172.88883822367006,501.6,13.951596047976286,-0.4516150320390455,172.88883822367006,501.6,13.951596047976286,-0.4516150320390455,nonce-5547be2cfc4f3425e7b9,True,False,benign,False,0,"{""attack_ended_at"": 92.0, ""case_opened_at"": 92.0, ""lane_id"": ""cw_0"", ""road_id"": ""cw""}"
cam-1008-veh_004-000088,cam-1008-veh_004-000088,case-intersection-1008-veh_004-benign,root-1fc0402a868dac1aa8fb370d,1008,veh_004,ps-a4ec7ac7ed69787f,CAM,93.0,967.9816076918971,498.4,15.280029127299018,-0.16865141371730807,967.9816076918971,498.4,15.280029127299018,-0.16865141371730807,nonce-1fc0402a868dac1aa8fb,True,False,benign,False,0,"{""attack_ended_at"": 93.0, ""case_opened_at"": 93.0, ""lane_id"": ""ce_0"", ""road_id"": ""ce""}"
cam-1008-veh_005-000087,cam-1008-veh_005-000087,case-intersection-1008-veh_005-benign,root-163eaf23503b1db80a50488f,1008,veh_005,ps-969b062779822854,CAM,93.0,14.836972187397464,501.6,15.434557341691644,-0.2535569354938332,14.836972187397464,501.6,15.434557341691644,-0.2535569354938332,nonce-163eaf23503b1db80a50,True,False,benign,False,0,"{""attack_ended_at"": 93.0, ""case_opened_at"": 93.0, ""lane_id"": ""cw_0"", ""road_id"": ""cw""}"
cam-1008-veh_008-000084,cam-1008-veh_008-000084,case-intersection-1008-veh_008-benign,root-30b6fd602bd2f9e106d0cbb5,1008,veh_008,ps-82218acb1d94705f,CAM,93.0,943.5538065356241,498.4,15.451402073215519,0.5145045330367193,943.5538065356241,498.4,15.451402073215519,0.5145045330367193,nonce-30b6fd602bd2f9e106d0,True,False,benign,False,0,"{""attack_ended_at"": 93.0, ""case_opened_at"": 93.0, ""lane_id"": ""ce_0"", ""road_id"": ""ce""}"
cam-1008-veh_009-000083,cam-1008-veh_009-000083,case-intersection-1008-veh_009-benign,root-4d2e4beac818e9c5879e29e5,1008,veh_009,ps-7ceb479c74f04f24,CAM,93.0,91.1971736761775,501.6,13.50461754360056,0.031077505135908012,91.1971736761775,501.6,13.50461754360056,0.031077505135908012,nonce-4d2e4beac818e9c5879e,True,False,benign,False,0,"{""attack_ended_at"": 93.0, ""case_opened_at"": 93.0, ""lane_id"": ""cw_0"", ""road_id"": ""cw""}"
cam-1008-veh_012-000080,cam-1008-veh_012-000080,case-intersection-1008-veh_012-benign,root-4535919f267cb761bc55f4d6,1008,veh_012,ps-d55e51c88c138a2d,CAM,93.0,919.093872136468,498.4,14.582864677978176,-1.197905225200671,919.093872136468,498.4,14.582864677978176,-1.197905225200671,nonce-4535919f267cb761bc55,True,False,benign,False,0,"{""attack_ended_at"": 93.0, ""case_opened_at"": 93.0, ""lane_id"": ""ce_0"", ""road_id"": ""ce""}"
cam-1008-veh_013-000079,cam-1008-veh_013-000079,case-intersection-1008-veh_013-benign,root-bfb077ffd399bb02d63f27f0,1008,veh_013,ps-c612038c409b5d43,CAM,93.0,113.796567261267,501.6,13.382841224568587,-0.4463243726254902,113.796567261267,501.6,13.382841224568587,-0.4463243726254902,nonce-bfb077ffd399bb02d63f,True,False,benign,False,0,"{""attack_ended_at"": 93.0, ""case_opened_at"": 93.0, ""lane_id"": ""cw_0"", ""road_id"": ""cw""}"
cam-1008-veh_016-000076,cam-1008-veh_016-000076,case-intersection-1008-veh_016-benign,root-5f492da4f2545dc4334b2fe6,1008,veh_016,ps-1e0348b1d8bfe014,CAM,93.0,894.4443278823264,498.4,15.747472862085909,0.3683151155112938,894.4443278823264,498.4,15.747472862085909,0.3683151155112938,nonce-5f492da4f2545dc4334b,True,False,benign,False,0,"{""attack_ended_at"": 93.0, ""case_opened_at"": 93.0, ""lane_id"": ""ce_0"", ""road_id"": ""ce""}"
cam-1008-veh_017-000075,cam-1008-veh_017-000075,case-intersection-1008-veh_017-benign,root-aade3b45d74db031c45e0ff8,1008,veh_017,ps-31646c93226ae98c,CAM,93.0,136.36524657724237,501.6,14.005587977909615,-0.04479767006359481,136.36524657724237,501.6,14.005587977909615,-0.04479767006359481,nonce-aade3b45d74db031c45e,True,False,benign,False,0,"{""attack_ended_at"": 93.0, ""case_opened_at"": 93.0, ""lane_id"": ""cw_0"", ""road_id"": ""cw""}"
cam-1008-veh_020-000072,cam-1008-veh_020-000072,case-intersection-1008-veh_020-benign,root-e0b12bd4d9666eb5acbcaeea,1008,veh_020,ps-fb97d0e5da402071,CAM,93.0,866.7091002737773,498.4,16.47951951985713,0.441052593151106,866.7091002737773,498.4,16.47951951985713,0.441052593151106,nonce-e0b12bd4d9666eb5acbc,True,False,benign,False,0,"{""attack_ended_at"": 93.0, ""case_opened_at"": 93.0, ""lane_id"": ""ce_0"", ""road_id"": ""ce""}"
cam-1008-veh_021-000071,cam-1008-veh_021-000071,case-intersection-1008-veh_021-benign,root-fffb379f48b6ede096379203,1008,veh_021,ps-7461357a64efe09e,CAM,93.0,159.16473439494007,501.6,13.72410382873002,-0.22749221924626717,159.16473439494007,501.6,13.72410382873002,-0.22749221924626717,nonce-fffb379f48b6ede09637,True,False,benign,False,0,"{""attack_ended_at"": 93.0, ""case_opened_at"": 93.0, ""lane_id"": ""cw_0"", ""road_id"": ""cw""}"
cam-1008-veh_004-000089,cam-1008-veh_004-000089,case-intersection-1008-veh_004-benign,root-ac870fd9319ae6fcaa01838d,1008,veh_004,ps-a4ec7ac7ed69787f,CAM,94.0,983.1734913594175,498.4,15.191883667520413,-0.08814545977860533,983.1734913594175,498.4,15.191883667520413,-0.08814545977860533,nonce-ac870fd9319ae6fcaa01,True,False,benign,False,0,"{""attack_ended_at"": 94.0, ""case_opened_at"": 94.0, ""lane_id"": ""ce_0"", ""road_id"": ""ce""}"
cam-1008-veh_008-000085,cam-1008-veh_008-000085,case-intersection-1008-veh_008-benign,root-bab83bd7b4269b98e6884b11,1008,veh_008,ps-82218acb1d94705f,CAM,94.0,959.1872550493563,498.4,15.6334485137322,0.18204644051668062,959.1872550493563,498.4,15.6334485137322,0.18204644051668062,nonce-bab83bd7b4269b98e688,True,False,benign,False,0,"{""attack_ended_at"": 94.0, ""case_opened_at"": 94.0, ""lane_id"": ""ce_0"", ""road_id"": ""ce""}"
cam-1008-veh_009-000084,cam-1008-veh_009-000084,case-intersection-1008-veh_009-benign,root-15058c3b061393be3c65c9a7,1008,veh_009,ps-7ceb479c74f04f24,CAM,94.0,77.17671573475053,501.6,14.020457941426956,0.5158403978263966,77.17671573475053,501.6,14.020457941426956,0.5158403978263966,nonce-15058c3b061393be3c65,True,False,benign,False,0,"{""attack_ended_at"": 94.0, ""case_opened_at"": 94.0, ""lane_id"": ""cw_0"", ""road_id"": ""cw""}"
cam-1008-veh_012-000081,cam-1008-veh_012-000081,case-intersection-1008-veh_012-benign,root-f3f42362787da88ed5b54f60,1008,veh_012,ps-d55e51c88c138a2d,CAM,94.0,934.4654066626069,498.4,15.371534526138927,0.788669848160751,934.4654066626069,498.4,15.371534526138927,0.788669848160751,nonce-f3f42362787da88ed5b5,True,False,benign,False,0,"{""attack_ended_at"": 94.0, ""case_opened_at"": 94.0, ""lane_id"": ""ce_0"", ""road_id"": ""ce""}"
cam-1008-veh_013-000080,cam-1008-veh_013-000080,case-intersection-1008-veh_013-benign,root-dbd00f3f26c3f866149ed466,1008,veh_013,ps-c612038c409b5d43,CAM,94.0,100.26752295446067,501.6,13.529044306806309,0.14620308223772227,100.26752295446067,501.6,13.529044306806309,0.14620308223772227,nonce-dbd00f3f26c3f866149e,True,False,benign,False,0,"{""attack_ended_at"": 94.0, ""case_opened_at"": 94.0, ""lane_id"": ""cw_0"", ""road_id"": ""cw""}"
cam-1008-veh_016-000077,cam-1008-veh_016-000077,case-intersection-1008-veh_016-benign,root-3235acaea7bd07751a55dd62,1008,veh_016,ps-1e0348b1d8bfe014,CAM,94.0,909.4165335883367,498.4,14.972205706010357,-0.775267156075552,909.4165335883367,498.4,14.972205706010357,-0.775267156075552,nonce-3235acaea7bd07751a55,True,False,benign,False,0,"{""attack_ended_at"": 94.0, ""case_opened_at"": 94.0, ""lane_id"": ""ce_0"", ""road_id"": ""ce""}"
cam-1008-veh_017-000076,cam-1008-veh_017-000076,case-intersection-1008-veh_017-benign,root-e5a4da560c007eec069329e2,1008,veh_017,ps-31646c93226ae98c,CAM,94.0,122.99606730239191,501.6,13.36917927485048,-0.6364087030591357,122.99606730239191,501.6,13.36917927485048,-0.6364087030591357,nonce-e5a4da560c007eec0693,True,False,benign,False,0,"{""attack_ended_at"": 94.0, ""case_opened_at"": 94.0, ""lane_id"": ""cw_0"", ""road_id"": ""cw""}"
cam-1008-veh_020-000073,cam-1008-veh_020-000073,case-intersection-1008-veh_020-benign,root-bd78aa687dd38b915fd455b7,1008,veh_020,ps-fb97d0e5da402071,CAM,94.0,882.6805364244799,498.4,15.97143615070265,-0.5080833691544822,882.6805364244799,498.4,15.97143615070265,-0.5080833691544822,nonce-bd78aa687dd38b915fd4,True,False,benign,False,0,"{""attack_ended_at"": 94.0, ""case_opened_at"": 94.0, ""lane_id"": ""ce_0"", ""road_id"": ""ce""}"
cam-1008-veh_021-000072,cam-1008-veh_021-000072,case-intersection-1008-veh_021-benign,root-e8cf68849137eacdaeb95083,1008,veh_021,ps-7461357a64efe09e,CAM,94.0,145.192887973459,501.6,13.971846421481095,0.24774259275107546,145.192887973459,501.6,13.971846421481095,0.24774259275107546,nonce-e8cf68849137eacdaeb9,True,False,benign,False,0,"{""attack_ended_at"": 94.0, ""case_opened_at"": 94.0, ""lane_id"": ""cw_0"", ""road_id"": ""cw""}"
cam-1008-veh_004-000090,cam-1008-veh_004-000090,case-intersection-1008-veh_004-benign,root-0407d5fbba94c78f54414b64,1008,veh_004,ps-a4ec7ac7ed69787f,CAM,95.0,998.5008333620042,498.4,15.327342002586626,0.13545833506621285,998.5008333620042,498.4,15.327342002586626,0.13545833506621285,nonce-0407d5fbba94c78f5441,True,False,benign,False,0,"{""attack_ended_at"": 95.0, ""case_opened_at"": 95.0, ""lane_id"": ""ce_0"", ""road_id"": ""ce""}"
cam-1008-veh_008-000086,cam-1008-veh_008-000086,case-intersection-1008-veh_008-benign,root-1bd8466f51c3c30e06909d87,1008,veh_008,ps-82218acb1d94705f,CAM,95.0,974.4320284025393,498.4,15.244773353183144,-0.38867516054905593,974.4320284025393,498.4,15.244773353183144,-0.38867516054905593,nonce-1bd8466f51c3c30e0690,True,False,benign,False,0,"{""attack_ended_at"": 95.0, ""case_opened_at"": 95.0, ""lane_id"": ""ce_0"", ""road_id"": ""ce""}"
cam-1008-veh_009-000085,cam-1008-veh_009-000085,case-intersection-1008-veh_009-benign,root-eb0091ae6bf6a051d675c41a,1008,veh_009,ps-7ceb479c74f04f24,CAM,95.0,63.18449620723487,501.6,13.992219527515644,-0.02823841391131232,63.18449620723487,501.6,13.992219527515644,-0.02823841391131232,nonce-eb0091ae6bf6a051d675,True,False,benign,False,0,"{""attack_ended_at"": 95.0, ""case_opened_at"": 95.0, ""lane_id"": ""cw_0"", ""road_id"": ""cw""}"
cam-1008-veh_012-000082,cam-1008-veh_012-000082,case-intersection-1008-veh_012-benign,root-a5724fc11b9e56933d37ddb6,1008,veh_012,ps-d55e51c88c138a2d,CAM,95.0,949.815516042129,498.4,15.350109379522115,-0.02142514661681183,949.815516042129,498.4,15.350109379522115,-0.02142514661681183,nonce-a5724fc11b9e56933d37,True,False,benign,False,0,"{""attack_ended_at"": 95.0, ""case_opened_at"": 95.0, ""lane_id"": ""ce_0"", ""road_id"": ""ce""}"
cam-1008-veh_013-000081,cam-1008-veh_013-000081,case-intersection-1008-veh_013-benign,root-c32a59e1e426560655c0e79b,1008,veh_013,ps-c612038c409b5d43,CAM,95.0,86.6161349840948,501.6,13.65138797036585,0.12234366355954052,86.6161349840948,501.6,13.65138797036585,0.12234366355954052,nonce-c32a59e1e426560655c0,True,False,benign,False,0,"{""attack_ended_at"": 95.0, ""case_opened_at"": 95.0, ""lane_id"": ""cw_0"", ""road_id"": ""cw""}"
cam-1008-veh_016-000078,cam-1008-veh_016-000078,case-intersection-1008-veh_016-benign,root-374d4f369e7a59c5478bdc38,1008,veh_016,ps-1e0348b1d8bfe014,CAM,95.0,924.6803167082103,498.4,15.263783119873487,0.29157741386313063,924.6803167082103,498.4,15.263783119873487,0.29157741386313063,nonce-374d4f369e7a59c5478b,True,False,benign,False,0,"{""attack_ended_at"": 95.0, ""case_opened_at"": 95.0, ""lane_id"": ""ce_0"", ""road_id"": ""ce""}"
cam-1008-veh_017-000077,cam-1008-veh_017-000077,case-intersection-1008-veh_017-benign,root-7fbe29e59a57f72fb8e2e6ff,1008,veh_017,ps-31646c93226ae98c,CAM,95.0,109.57795216661378,501.6,13.418115135778121,0.04893586092764224,109.57795216661378,501.6,13.418115135778121,0.04893586092764224,nonce-7fbe29e59a57f72fb8e2,True,False,benign,False,0,"{""attack_ended_at"": 95.0, ""case_opened_at"": 95.0, ""lane_id"": ""cw_0"", ""road_id"": ""cw""}"
cam-1008-veh_020-000074,cam-1008-veh_020-000074,case-intersection-1008-veh_020-benign,root-c5a12d56c691dce74a8c880b,1008,veh_020,ps-fb97d0e5da402071,CAM,95.0,898.6154063691238,498.4,15.934869944643873,-0.03656620605877592,898.6154063691238,498.4,15.934869944643873,-0.03656620605877592,nonce-c5a12d56c691dce74a8c,True,False,benign,False,0,"{""attack_ended_at"": 95.0, ""case_opened_at"": 95.0, ""lane_id"": ""ce_0"", ""road_id"": ""ce""}"
cam-1008-veh_021-000073,cam-1008-veh_021-000073,case-intersection-1008-veh_021-benign,root-1ecba86351d09721ef72c2ec,1008,veh_021,ps-7461357a64efe09e,CAM,95.0,131.694181562636,501.6,13.498706410823011,-0.4731400106580832,131.694181562636,501.6,13.498706410823011,-0.4731400106580832,nonce-1ecba86351d09721ef72,True,False,benign,False,0,"{""attack_ended_at"": 95.0, ""case_opened_at"": 95.0, ""lane_id"": ""cw_0"", ""road_id"": ""cw""}"
