seed,simulation_time,vehicle_id,x,y,speed_mps,acceleration_mps2,lane_id,lane_position_m,road_id
1003,1.0,veh_000,5.1,498.4,12.0,0.0,wc_0,5.1,wc
1003,2.0,veh_000,19.194800837649964,498.4,14.094800837649963,2.094800837649963,wc_0,19.194800837649964,wc
1003,2.0,veh_001,994.9,501.6,13.0,0.0,ec_0,5.1,ec
1003,3.0,veh_000,34.58146360744986,498.4,15.386662769799896,1.2918619321499332,wc_0,34.58146360744986,wc
1003,3.0,veh_001,979.8462172956346,501.6,15.053782704365439,2.053782704365439,ec_0,20.15378270436544,ec
1003,3.0,veh_002,501.6,5.1,12.0,0.0,sc_0,5.1,sc
1003,4.0,veh_000,49.52201401905219,498.4,14.940550411602327,-0.4461123581975688,wc_0,49.52201401905219,wc
1003,4.0,veh_001,963.907848306289,501.6,15.93836898934562,0.8845862849801804,ec_0,36.09215169371106,ec
1003,4.0,veh_002,501.6,18.98702556512784,13.887025565127841,1.887025565127841,sc_0,18.98702556512784,sc
1003,4.0,veh_003,498.4,994.9,13.0,0.0,nc_0,5.1,nc
1003,5.0,veh_000,64.69193924209429,498.4,15.169925223042101,0.229374811439774,wc_0,64.69193924209429,wc
1003,5.0,veh_001,947.9179580617184,501.6,15.989890244570562,0.051521255224942664,ec_0,52.08204193828162,ec
1003,5.0,veh_002,501.6,34.802399944108906,15.815374378981067,1.9283488138532263,sc_0,34.802399944108906,sc
1003,5.0,veh_003,498.4,979.4067067150213,15.493293284978717,2.4932932849787175,nc_0,20.593293284978717,nc
1003,5.0,veh_004,5.1,498.4,12.0,0.0,wc_0,5.1,wc
1003,6.0,veh_000,80.0054156974343,498.4,15.313476455340007,0.14355123229790578,wc_0,80.0054156974343,wc
1003,6.0,veh_001,931.9065677196346,501.6,16.01139034208376,0.021500097513198924,ec_0,68.09343228036538,ec
1003,6.0,veh_002,501.6,50.98094439705834,16.178544452949428,0.36317007396836054,sc_0,50.98094439705834,sc
1003,6.0,veh_003,498.4,963.3743736162735,16.03233309874777,0.5390398137690529,nc_0,36.625626383726484,nc
1003,6.0,veh_004,19.362582288314588,498.4,14.262582288314588,2.2625822883145883,wc_0,19.362582288314588,wc
1003,6.0,veh_005,994.9,501.6,13.0,0.0,ec_0,5.1,ec
1003,7.0,veh_000,95.21023077011031,498.4,15.204815072676011,-0.10866138266399616,wc_0,95.21023077011031,wc
1003,7.0,veh_001,915.7970498289028,501.6,16.109517890731805,0.09812754864804418,ec_0,84.20295017109719,ec
1003,7.0,veh_002,501.6,66.90637116555125,15.925426768492908,-0.2531176844565195,sc_0,66.90637116555125,sc
1003,7.0,veh_003,498.4,947.4693213945441,15.905052221729422,-0.12728087701834845,nc_0,52.530678605455904,nc
1003,7.0,veh_004,35.58013507456053,498.4,16.217552786245943,1.9549704979313542,wc_0,35.58013507456053,wc
1003,7.0,veh_005,981.0280426810773,501.6,13.8719573189227,0.8719573189226999,ec_0,18.971957318922698,ec
1003,7.0,veh_006,501.6,5.1,12.0,0.0,sc_0,5.1,sc
1003,8.0,veh_000,110.46110426040087,498.4,15.25087349029056,0.04605841761454954,wc_0,110.46110426040087,wc
1003,8.0,veh_001,899.3006777702271,501.6,16.496372058675625,0.3868541679438202,ec_0,100.6993222297728,ec
1003,8.0,veh_002,501.6,83.17940325263423,16.273032087082978,0.3476053185900696,sc_0,83.17940325263423,sc
1003,8.0,veh_003,498.4,931.3473148419755,16.12200655256864,0.21695433083921678,nc_0,68.65268515802454,nc
1003,8.0,veh_004,52.152276060436854,498.4,16.572140985876324,0.35458819963038124,wc_0,52.152276060436854,wc
1003,8.0,veh_005,967.2402905183235,501.6,13.7877521627538,-0.08420515616890079,ec_0,32.759709481676495,ec
1003,8.0,veh_006,501.6,19.190775224999523,14.090775224999524,2.0907752249995237,sc_0,19.190775224999523,sc
1003,8.0,veh_007,498.4,994.9,13.0,0.0,nc_0,5.1,nc
1003,9.0,veh_000,125.5918547428258,498.4,15.130750482424938,-0.12012300786562236,wc_0,125.59185474282582,wc
1003,9.0,veh_001,883.3128158585495,501.6,15.987861911677758,-0.5085101469978675,ec_0,116.68718414145056,ec
1003,9.0,veh_002,501.6,99.80814336508979,16.628740112455564,0.3557080253725857,sc_0,99.80814336508979,sc
1003,9.0,veh_003,498.4,914.9297810202511,16.41753382172436,0.2955272691557198,nc_0,85.0702189797489,nc
1003,9.0,veh_004,68.36517545910087,498.4,16.212899398664014,-0.3592415872123098,wc_0,68.36517545910087,wc
1003,9.0,veh_005,952.9447371055738,501.6,14.295553412749626,0.5078012499958273,ec_0,47.05526289442612,ec
1003,9.0,veh_006,501.6,35.308635236937555,16.11786001193803,2.0270847869385076,sc_0,35.308635236937555,sc
1003,9.0,veh_007,498.4,979.9802768098191,14.919723190180957,1.9197231901809566,nc_0,20.019723190180954,nc
1003,9.0,veh_008,5.1,498.4,12.0,0.0,wc_0,5.1,wc
1003,10.0,veh_000,141.20372498860365,498.4,15.611870245777848,0.4811197633529094,wc_0,141.20372498860365,wc
1003,10.0,veh_001,866.7930173873435,501.6,16.51979847120587,0.5319365595281127,ec_0,133.20698261265642,ec
1003,10.0,veh_002,501.6,116.4469522238942,16.638808858804406,0.010068746348842694,sc_0,116.4469522238942,sc
1003,10.0,veh_003,498.4,898.4092167368531,16.52056428339798,0.1030304616736224,nc_0,101.59078326314688,nc
1003,10.0,veh_004,84.31271172077396,498.4,15.947536261673086,-0.26536313699092773,wc_0,84.31271172077396,wc
1003,10.0,veh_005,939.0800062905151,501.6,13.864730815058769,-0.43082259769085773,ec_0,60.91999370948489,ec
1003,10.0,veh_006,501.6,51.60843647497707,16.29980123803951,0.181941226101479,sc_0,51.60843647497707,sc
1003,10.0,veh_007,498.4,963.9688944373696,16.01138237244943,1.0916591822684723,nc_0,36.03110556263039,nc
1003,10.0,veh_008,19.696788644902405,498.4,14.596788644902407,2.596788644902407,wc_0,19.696788644902405,wc
1003,10.0,veh_009,994.9,501.6,13.0,0.0,ec_0,5.1,ec
1003,11.0,veh_000,156.91410441441974,498.4,15.710379425816082,0.09850918003823494,wc_0,156.91410441441974,wc
1003,11.0,veh_001,850.6992176750629,501.6,16.093799712280745,-0.4259987589251253,ec_0,149.30078232493716,ec
1003,11.0,veh_002,501.6,132.5449532170594,16.09800099316519,-0.5408078656392163,sc_0,132.5449532170594,sc
1003,11.0,veh_003,498.4,881.7556024347618,16.653614302091302,0.13305001869332145,nc_0,118.24439756523817,nc
1003,11.0,veh_004,100.86609479384032,498.4,16.553383073066364,0.6058468113932776,wc_0,100.86609479384032,wc
1003,11.0,veh_005,924.7458295463202,501.6,14.334176744194897,0.46944592913612837,ec_0,75.25417045367979,ec
1003,11.0,veh_006,501.6,67.64843091282995,16.039994437852876,-0.2598068001866345,sc_0,67.64843091282995,sc
1003,11.0,veh_007,498.4,947.9697622269107,15.999132210458907,-0.012250161990522201,nc_0,52.0302377730893,nc
1003,11.0,veh_008,36.019104185143775,498.4,16.32231554024137,1.7255268953389624,wc_0,36.019104185143775,wc
1003,11.0,veh_009,981.5366567667286,501.6,13.363343233271443,0.36334323327144347,ec_0,18.463343233271445,ec
1003,11.0,veh_010,501.6,5.1,12.0,0.0,sc_0,5.1,sc
1003,12.0,veh_000,172.0874649944653,498.4,15.173360580045575,-0.5370188457705076,wc_0,172.0874649944653,wc
1003,12.0,veh_001,834.3353420280898,501.6,16.36387564697303,0.2700759346922865,ec_0,165.6646579719102,ec
1003,12.0,veh_002,501.6,148.69519946550952,16.15024624845013,0.05224525528494084,sc_0,148.69519946550952,sc
1003,12.0,veh_003,498.4,865.7635202663532,15.992082168408672,-0.6615321336826305,nc_0,134.23647973364683,nc
1003,12.0,veh_004,116.81783644763753,498.4,15.95174165379722,-0.6016414192691446,wc_0,116.81783644763753,wc
1003,12.0,veh_005,910.3662793061824,501.6,14.37955024013781,0.04537349594291307,ec_0,89.6337206938176,ec
1003,12.0,veh_006,501.6,84.23264772873374,16.584216815903783,0.5442223780509075,sc_0,84.23264772873374,sc
1003,12.0,veh_007,498.4,932.4048200517884,15.564942175122255,-0.4341900353366519,nc_0,67.59517994821155,nc
1003,12.0,veh_008,51.999577188016495,498.4,15.980473002872722,-0.3418425373686471,wc_0,51.999577188016495,wc
1003,12.0,veh_009,967.8933054549742,501.6,13.643351311754376,0.28000807848293263,ec_0,32.10669454502582,ec
1003,12.0,veh_010,501.6,19.03945840684697,13.93945840684697,1.9394584068469705,sc_0,19.03945840684697,sc
1003,12.0,veh_011,498.4,994.9,13.0,0.0,nc_0,5.1,nc
1003,13.0,veh_000,187.24090833442395,498.4,15.153443339958631,-0.01991724008694362,wc_0,187.24090833442395,wc
1003,13.0,veh_001,818.2209899057168,501.6,16.11435212237295,-0.24952352460008242,ec_0,181.77901009428314,ec
1003,13.0,veh_002,501.6,165.06245009085166,16.367250625342134,0.21700437689200314,sc_0,165.06245009085166,sc
1003,13.0,veh_003,498.4,849.3940378179168,16.369482448436322,0.3774002800276506,nc_0,150.60596218208315,nc
1003,13.0,veh_004,132.78590247362388,498.4,15.968066025986339,0.01632437218911953,wc_0,132.78590247362388,wc
1003,13.0,veh_005,895.9682068900984,501.6,14.398072416084082,0.0185221759462717,ec_0,104.03179310990167,ec
1003,13.0,veh_006,501.6,100.78775031917264,16.55510259043891,-0.0291142254648733,sc_0,100.78775031917264,sc
1003,13.0,veh_007,498.4,916.7482948738698,15.656525177918653,0.09158300279639775,nc_0,83.2517051261302,nc
1003,13.0,veh_008,67.98953210163111,498.4,15.98995491361461,0.0094819107418882,wc_0,67.98953210163111,wc
1003,13.0,veh_009,954.7008469680391,501.6,13.192458486935065,-0.45089282481931114,ec_0,45.299153031960884,ec
1003,13.0,veh_010,501.6,33.62514631909492,14.58568791224795,0.6462295054009797,sc_0,33.62514631909492,sc
1003,13.0,veh_011,498.4,979.5723492072476,15.327650792752392,2.327650792752392,nc_0,20.42765079275239,nc
1003,13.0,veh_012,5.1,498.4,12.0,0.0,wc_0,5.1,wc
1003,14.0,veh_000,202.61237456777505,498.4,15.371466233351113,0.21802289339248127,wc_0,202.61237456777505,wc
1003,14.0,veh_001,801.5973878451157,501.6,16.623602060601115,0.5092499382281659,ec_0,198.40261215488425,ec
1003,14.0,veh_002,501.6,181.19201094028543,16.129560849433766,-0.23768977590836826,sc_0,181.19201094028543,sc
1003,14.0,veh_003,498.4,832.952350823707,16.44168699420989,0.07220454577356605,nc_0,167.04764917629302,nc
1003,14.0,veh_004,149.20292597187685,498.4,16.417023498252966,0.44895747226662763,wc_0,149.20292597187685,wc
1003,14.0,veh_005,881.8851884467232,501.6,14.08301844337509,-0.3150539727089914,ec_0,118.11481155327677,ec
1003,14.0,veh_006,501.6,116.80451888084414,16.01676856167149,-0.5383340287674194,sc_0,116.80451888084414,sc
1003,14.0,veh_007,498.4,900.7084763292163,16.03981854465352,0.38329336673486836,nc_0,99.29152367078373,nc
1003,14.0,veh_008,84.1857278063281,498.4,16.196195704696994,0.2062407910823829,wc_0,84.1857278063281,wc
1003,14.0,veh_009,941.7501397468487,501.6,12.950707221190386,-0.24175126574467853,ec_0,58.24986025315127,ec
1003,14.0,veh_010,501.6,48.13580605607827,14.510659736983355,-0.07502817526459538,sc_0,48.13580605607827,sc
1003,14.0,veh_011,498.4,964.3798868265721,15.192462380675444,-0.13518841207694798,nc_0,35.62011317342784,nc
1003,14.0,veh_012,19.289178109999085,498.4,14.189178109999084,2.1891781099990837,wc_0,19.289178109999085,wc
1003,14.0,veh_013,994.9,501.6,13.0,0.0,ec_0,5.1,ec
1003,15.0,veh_000,217.61051379492676,498.4,14.998139227151716,-0.3733270061993963,wc_0,217.61051379492676,wc
1003,15.0,veh_001,785.4360432079714,501.6,16.16134463714436,-0.46225742345675513,ec_0,214.56395679202862,ec
1003,15.0,veh_002,501.6,197.71216086618605,16.520149925900625,0.3905890764668598,sc_0,197.71216086618605,sc
1003,15.0,veh_003,498.4,816.6033253847343,16.34902543897275,-0.09266155523713948,nc_0,183.39667461526577,nc
1003,15.0,veh_004,165.49523025011646,498.4,16.29230427823961,-0.12471922001335756,wc_0,165.49523025011646,wc
1003,15.0,veh_005,867.6524374219339,501.6,14.232751024789373,0.14973258141428225,ec_0,132.34756257806615,ec
1003,15.0,veh_006,501.6,132.77027476551015,15.965755884665997,-0.0510126770054935,sc_0,132.77027476551015,sc
1003,15.0,veh_007,498.4,884.6530960318988,16.05538029731745,0.015561752663927564,nc_0,115.34690396810117,nc
1003,15.0,veh_008,100.26564355555603,498.4,16.079915749227922,-0.11627995546907144,wc_0,100.26564355555603,wc
1003,15.0,veh_009,928.1572597916102,501.6,13.592879955238603,0.6421727340482164,ec_0,71.84274020838987,ec
1003,15.0,veh_010,501.6,62.84482551709338,14.709019461015115,0.19835972403176072,sc_0,62.84482551709339,sc
1003,15.0,veh_011,498.4,949.0655147409899,15.31437208558231,0.12190970490686581,nc_0,50.934485259010145,nc
1003,15.0,veh_012,33.483213431758415,498.4,14.19403532175933,0.004857211760246116,wc_0,33.483213431758415,wc
1003,15.0,veh_013,980.913697488273,501.6,13.986302511727038,0.9863025117270379,ec_0,19.086302511727038,ec
1003,15.0,veh_014,501.6,5.1,12.0,0.0,sc_0,5.1,sc
1003,16.0,veh_000,232.70593242459432,498.4,15.095418629667567,0.09727940251585032,wc_0,232.70593242459432,wc
1003,16.0,veh_001,768.9786814270681,501.6,16.457361780903305,0.29601714375894517,ec_0,231.02131857293193,ec
1003,16.0,veh_002,501.6,214.33406562078747,16.62190475460142,0.10175482870079477,sc_0,214.33406562078747,sc
1003,16.0,veh_003,498.4,800.1434891563933,16.459836228340865,0.1108107893681165,nc_0,199.85651084360663,nc
1003,16.0,veh_004,181.65396302402488,498.4,16.158732773908415,-0.13357150433119358,wc_0,181.65396302402488,wc
1003,16.0,veh_005,853.1920706527382,501.6,14.46036676919573,0.22761574440635712,ec_0,146.80792934726188,ec
1003,16.0,veh_006,501.6,148.95678313303742,16.186508367527278,0.2207524828612808,sc_0,148.95678313303742,sc
1003,16.0,veh_007,498.4,868.6730154247376,15.980080607161202,-0.07529969015624616,nc_0,131.32698457526237,nc
1003,16.0,veh_008,116.5535877610593,498.4,16.287944205503273,0.2080284562753505,wc_0,116.5535877610593,wc
1003,16.0,veh_009,915.2043421156745,501.6,12.952917675935604,-0.6399622793029991,ec_0,84.79565788432548,ec
1003,16.0,veh_010,501.6,77.52611568905643,14.681290171963038,-0.027729289052077277,sc_0,77.52611568905643,sc
1003,16.0,veh_011,498.4,933.4889405410657,15.57657419992409,0.26220211434178076,nc_0,66.51105945893424,nc
1003,16.0,veh_012,47.842630006772346,498.4,14.35941657501393,0.16538125325459951,wc_0,47.842630006772346,wc
1003,16.0,veh_013,966.6770003740022,501.6,14.236697114270711,0.25039460254367363,ec_0,33.32299962599775,ec
1003,16.0,veh_014,501.6,19.20847497176379,14.108474971763789,2.1084749717637887,sc_0,19.20847497176379,sc
1003,16.0,veh_015,498.4,994.9,13.0,0.0,nc_0,5.1,nc
1003,17.0,veh_000,247.78875060004876,498.4,15.082818175454468,-0.012600454213098189,wc_0,247.7887506000488,wc
1003,17.0,veh_001,752.5538421143917,501.6,16.42483931267634,-0.03252246822696492,ec_0,247.44615788560827,ec
1003,17.0,veh_002,501.6,230.9328418597486,16.598776238961147,-0.023128515640273406,sc_0,230.9328418597486,sc
1003,17.0,veh_003,498.4,784.1486706686719,15.994818487721497,-0.46501774061936807,nc_0,215.85132933132812,nc
1003,17.0,veh_004,198.02444753020075,498.4,16.370484506175856,0.21175173226744093,wc_0,198.02444753020075,wc
1003,17.0,veh_005,839.1542152068556,501.6,14.037855445882501,-0.4225113233132287,ec_0,160.8457847931444,ec
1003,17.0,veh_006,501.6,165.11829081757463,16.161507684537213,-0.02500068299006486,sc_0,165.11829081757463,sc
1003,17.0,veh_007,498.4,852.8214550335916,15.851560391146036,-0.1285202160151666,nc_0,147.1785449664084,nc
1003,17.0,veh_008,132.88496560208148,498.4,16.33137784102216,0.04343363551888757,wc_0,132.88496560208148,wc
1003,17.0,veh_009,901.855293572171,501.6,13.349048543503448,0.39613086756784455,ec_0,98.14470642782892,ec
1003,17.0,veh_010,501.6,92.06570284416837,14.539587155111942,-0.1417030168510962,sc_0,92.06570284416837,sc
1003,17.0,veh_011,498.4,917.8675190143229,15.621421526742944,0.04484732681885362,nc_0,82.13248098567719,nc
1003,17.0,veh_012,62.35381745783162,498.4,14.511187451059268,0.15177087604533845,wc_0,62.35381745783161,wc
1003,17.0,veh_013,952.2844182644247,501.6,14.392582109577553,0.15588499530684174,ec_0,47.715581735575306,ec
1003,17.0,veh_014,501.6,35.005363013242054,15.796888041478264,1.6884130697144748,sc_0,35.005363013242054,sc
1003,17.0,veh_015,498.4,979.9904546814505,14.9095453185495,1.9095453185494993,nc_0,20.0095453185495,nc
1003,17.0,veh_016,5.1,498.4,12.0,0.0,wc_0,5.1,wc
1003,18.0,veh_000,262.9737752023994,498.4,15.185024602350623,0.10220642689615467,wc_0,262.9737752023994,wc
1003,18.0,veh_001,736.5265659968229,501.6,16.02727611756884,-0.3975631951075016,ec_0,263.4734340031771,ec
1003,18.0,veh_002,501.6,247.3713479368901,16.438506077141504,-0.1602701618196427,sc_0,247.37134793689012,sc
1003,18.0,veh_003,498.4,767.6657771316962,16.48289353697561,0.48807504925411216,nc_0,232.33422286830373,nc
1003,18.0,veh_004,214.25382658162158,498.4,16.22937905142084,-0.14110545475501723,wc_0,214.25382658162158,wc
1003,18.0,veh_005,824.8415500772022,501.6,14.312665129653373,0.2748096837708722,ec_0,175.15844992279776,ec
1003,18.0,veh_006,501.6,181.44851243434942,16.3302216167748,0.16871393223758702,sc_0,181.44851243434942,sc
1003,18.0,veh_007,498.4,837.1326829033413,15.688772130250277,-0.16278826089575915,nc_0,162.86731709665867,nc
1003,18.0,veh_008,149.28409326072648,498.4,16.399127658644986,0.0677498176228255,wc_0,149.28409326072648,wc
1003,18.0,veh_009,888.3154120434099,501.6,13.539881528761178,0.19083298525772996,ec_0,111.6845879565901,ec
1003,18.0,veh_010,501.6,106.63587361827605,14.570170774107675,0.03058361899573292,sc_0,106.63587361827605,sc
1003,18.0,veh_011,498.4,902.5946524006555,15.272866613667302,-0.3485549130756418,nc_0,97.4053475993445,nc
1003,18.0,veh_012,76.21384297487461,498.4,13.860025517042995,-0.6511619340162724,wc_0,76.21384297487461,wc
1003,18.0,veh_013,938.3512585594549,501.6,13.933159704969796,-0.4594224046077571,ec_0,61.6487414405451,ec
1003,18.0,veh_014,501.6,50.71849868010386,15.713135666861811,-0.08375237461645213,sc_0,50.71849868010386,sc
1003,18.0,veh_015,498.4,963.5488699264964,16.441584754954093,1.5320394364045935,nc_0,36.45113007350359,nc
1003,18.0,veh_016,18.958293276384886,498.4,13.858293276384885,1.8582932763848845,wc_0,18.958293276384886,wc
1003,18.0,veh_017,994.9,501.6,13.0,0.0,ec_0,5.1,ec
1003,19.0,veh_000,278.1463474570477,498.4,15.172572254648276,-0.0124523477023466,wc_0,278.1463474570477,wc
1003,19.0,veh_001,720.2329109496995,501.6,16.293655047123323,0.2663789295544845,ec_0,279.7670890503004,ec
1003,19.0,veh_002,501.6,263.4303291407507,16.058981203860604,-0.3795248732809,sc_0,263.4303291407507,sc
1003,19.0,veh_003,498.4,751.4602173766215,16.205559755074795,-0.2773337819008148,nc_0,248.53978262337853,nc
1003,19.0,veh_004,230.34930439141584,498.4,16.09547780979425,-0.13390124162658879,wc_0,230.34930439141584,wc
1003,19.0,veh_005,810.4601532709805,501.6,14.38139680622165,0.06873167656827661,ec_0,189.53984672901942,ec
1003,19.0,veh_006,501.6,197.73642081123313,16.287908376883717,-0.04231323989108304,sc_0,197.73642081123313,sc
1003,19.0,veh_007,498.4,821.4231059004106,15.709577002930732,0.020804872680455944,nc_0,178.5768940995894,nc
1003,19.0,veh_008,165.02805449642787,498.4,15.7439612357014,-0.6551664229435854,wc_0,165.02805449642787,wc
1003,19.0,veh_009,875.0305515323687,501.6,13.284860511041186,-0.25502101771999186,ec_0,124.96944846763128,ec
1003,19.0,veh_010,501.6,121.17817127568468,14.542297657408627,-0.02787311669904824,sc_0,121.17817127568468,sc
1003,19.0,veh_011,498.4,887.4316760286018,15.162976372053691,-0.10989024161361094,nc_0,112.56832397139819,nc
1003,19.0,veh_012,90.13413337835831,498.4,13.920290403483705,0.060264886440709375,wc_0,90.13413337835831,wc
1003,19.0,veh_013,924.0086746186504,501.6,14.342583940804536,0.40942423583473975,ec_0,75.99132538134964,ec
1003,19.0,veh_014,501.6,66.36353399049675,15.645035310392881,-0.0681003564689302,sc_0,66.36353399049675,sc
1003,19.0,veh_015,498.4,947.4734908579057,16.075379068590703,-0.36620568636339,nc_0,52.5265091420943,nc
1003,19.0,veh_016,32.92366245341011,498.4,13.965369177025222,0.10707590064033745,wc_0,32.92366245341011,wc
1003,19.0,veh_017,981.7703731642085,501.6,13.129626835791468,0.12962683579146805,ec_0,18.229626835791468,ec
1003,19.0,veh_018,501.6,5.1,12.0,0.0,sc_0,5.1,sc
1003,20.0,veh_000,293.71888340586423,498.4,15.572535948816531,0.39996369416825495,wc_0,293.71888340586423,wc
1003,20.0,veh_001,703.6182047213567,501.6,16.61470622834284,0.3210511812195165,ec_0,296.38179527864327,ec
1003,20.0,veh_002,501.6,279.78220241809265,16.351873277341948,0.29289207348134383,sc_0,279.78220241809265,sc
1003,20.0,veh_003,498.4,735.382026192844,16.078191183777527,-0.12736857129726786,nc_0,264.61797380715603,nc
1003,20.0,veh_004,246.609906651266,498.4,16.26060225985013,0.16512445005588106,wc_0,246.609906651266,wc
1003,20.0,veh_005,796.2248737079296,501.6,14.235279563050913,-0.14611724317073715,ec_0,203.77512629207033,ec
1003,20.0,veh_006,501.6,213.84231552824846,16.105894717015328,-0.1820136598683888,sc_0,213.84231552824846,sc
1003,20.0,veh_007,498.4,805.4237979334563,15.999307966954351,0.28973096402361875,nc_0,194.57620206654374,nc
1003,20.0,veh_008,181.43236170923632,498.4,16.40430721280846,0.6603459771070614,wc_0,181.43236170923632,wc
1003,20.0,veh_009,861.5292464951059,501.6,13.50130503726279,0.21644452622160415,ec_0,138.47075350489408,ec
1003,20.0,veh_010,501.6,135.4527748152753,14.2746035395906,-0.2676941178180261,sc_0,135.4527748152753,sc
1003,20.0,veh_011,498.4,872.2896769519477,15.141999076654049,-0.02097729539964277,nc_0,127.71032304805223,nc
1003,20.0,veh_012,104.10410225623662,498.4,13.969968877878308,0.04967847439460371,wc_0,104.10410225623662,wc
1003,20.0,veh_013,910.0746926895339,501.6,13.933981929116483,-0.4086020116880533,ec_0,89.92530731046612,ec
1003,20.0,veh_014,501.6,81.54188946023363,15.178355469736884,-0.4666798406559973,sc_0,81.54188946023363,sc
1003,20.0,veh_015,498.4,931.5604331896873,15.913057668218391,-0.16232140037231169,nc_0,68.43956681031268,nc
1003,20.0,veh_016,46.69903716445651,498.4,13.775374711046407,-0.18999446597881509,wc_0,46.69903716445651,wc
1003,20.0,veh_017,968.6711086187752,501.6,13.099264545433298,-0.03036229035816973,ec_0,31.328891381224764,ec
1003,20.0,veh_018,501.6,19.0800793756926,13.980079375692599,1.9800793756925987,sc_0,19.0800793756926,sc
1003,20.0,veh_019,498.4,994.9,13.0,0.0,nc_0,5.1,nc
1003,21.0,veh_000,308.99035090753233,498.4,15.271467501668104,-0.3010684471484275,wc_0,308.99035090753233,wc
1003,21.0,veh_001,687.0775580712501,501.6,16.54064665010665,-0.07405957823619147,ec_0,312.9224419287499,ec
1003,21.0,veh_002,501.6,296.1310074008722,16.348804982779548,-0.003068294562400098,sc_0,296.1310074008722,sc
1003,21.0,veh_003,498.4,718.8502828439838,16.531743348860182,0.4535521650826553,nc_0,281.1497171560162,nc
1003,21.0,veh_004,263.1444417846716,498.4,16.53453513340559,0.27393287355545937,wc_0,263.1444417846716,wc
1003,21.0,veh_005,782.4716416275006,501.6,13.753232080429056,-0.4820474826218568,ec_0,217.52835837249938,ec
1003,21.0,veh_006,501.6,230.34092784189156,16.4986123136431,0.3927175966277723,sc_0,230.34092784189156,sc
1003,21.0,veh_007,498.4,789.3671440446204,16.05665388883585,0.057345921881498896,nc_0,210.6328559553796,nc
1003,21.0,veh_008,197.20326716500378,498.4,15.77090545576747,-0.6334017570409909,wc_0,197.20326716500378,wc
1003,21.0,veh_009,847.9423539419143,501.6,13.586892553191573,0.08558751592878266,ec_0,152.05764605808565,ec
1003,21.0,veh_010,501.6,149.72371684008914,14.270942024813841,-0.003661514776759134,sc_0,149.72371684008914,sc
1003,21.0,veh_011,498.4,856.8223447580331,15.467332193914645,0.32533311726059644,nc_0,143.17765524196687,nc
1003,21.0,veh_012,118.02225936091068,498.4,13.918157104674064,-0.05181177320424446,wc_0,118.02225936091068,wc
1003,21.0,veh_013,895.6960728582526,501.6,14.378619831281314,0.4446379021648319,ec_0,104.30392714174744,ec
1003,21.0,veh_014,501.6,96.69746354875461,15.155574088520982,-0.022781381215901675,sc_0,96.69746354875461,sc
1003,21.0,veh_015,498.4,915.1629698707723,16.397463318915108,0.4844056506967167,nc_0,84.8370301292278,nc
1003,21.0,veh_016,60.74441207951844,498.4,14.04537491506193,0.27000020401552227,wc_0,60.74441207951844,wc
1003,21.0,veh_017,955.4612749114714,501.6,13.209833707303815,0.11056916187051691,ec_0,44.53872508852858,ec
1003,21.0,veh_018,501.6,33.208654194164,14.128574818471403,0.14849544277880433,sc_0,33.208654194164,sc
1003,21.0,veh_019,498.4,980.1691466300548,14.730853369945171,1.7308533699451711,nc_0,19.83085336994517,nc
1003,21.0,veh_020,5.1,498.4,12.0,0.0,wc_0,5.1,wc
1003,22.0,veh_000,324.4874110818949,498.4,15.497060174362579,0.22559267269447503,wc_0,324.4874110818949,wc
1003,22.0,veh_001,670.8267710213131,501.6,16.250787049937063,-0.289859600169585,ec_0,329.17322897868695,ec
1003,22.0,veh_002,501.6,312.30744659073184,16.176439189859668,-0.17236579291988008,sc_0,312.30744659073184,sc
1003,22.0,veh_003,498.4,702.7700142337942,16.08026861018967,-0.45147473867051247,nc_0,297.22998576620586,nc
1003,22.0,veh_004,279.74711188883066,498.4,16.602670104159046,0.06813497075345509,wc_0,279.74711188883066,wc
1003,22.0,veh_005,768.5680561108949,501.6,13.903585516605721,0.1503534361766654,ec_0,231.4319438891051,ec
1003,22.0,veh_006,501.6,246.2532126529841,15.912284811092542,-0.5863275025505583,sc_0,246.2532126529841,sc
1003,22.0,veh_007,498.4,773.377034759625,15.9901092849954,-0.06654460384045002,nc_0,226.622965240375,nc
1003,22.0,veh_008,213.134901035263,498.4,15.93163387025922,0.16072841449175002,wc_0,213.134901035263,wc
1003,22.0,veh_009,834.9350479023333,501.6,13.007306039581016,-0.5795865136105576,ec_0,165.06495209766666,ec
1003,22.0,veh_010,501.6,164.05549880132423,14.331781961235095,0.06083993642125307,sc_0,164.05549880132423,sc
1003,22.0,veh_011,498.4,841.8525708068111,14.969773951222034,-0.4975582426926106,nc_0,158.1474291931889,nc
1003,22.0,veh_012,132.0120114471592,498.4,13.989752086248519,0.07159498157445476,wc_0,132.0120114471592,wc
1003,22.0,veh_013,881.5572595866298,501.6,14.138813271622704,-0.23980655965861075,ec_0,118.44274041337015,ec
1003,22.0,veh_014,501.6,112.49360412189174,15.796140573137121,0.640566484616139,sc_0,112.49360412189174,sc
1003,22.0,veh_015,498.4,898.8594495242787,16.30352034649346,-0.0939429724216474,nc_0,101.14055047572126,nc
1003,22.0,veh_016,74.44242289378047,498.4,13.698010814262034,-0.3473641007998953,wc_0,74.44242289378047,wc
1003,22.0,veh_017,941.8390889469875,501.6,13.622185964483842,0.4123522571800269,ec_0,58.16091105301242,ec
1003,22.0,veh_018,501.6,47.05235173027762,13.843697536113627,-0.2848772823577761,sc_0,47.05235173027762,sc
1003,22.0,veh_019,498.4,966.1200388636087,14.049107766446168,-0.681745603499003,nc_0,33.87996113639134,nc
1003,22.0,veh_020,19.43676534472305,498.4,14.336765344723048,2.336765344723048,wc_0,19.43676534472305,wc
1003,22.0,veh_021,994.9,501.6,13.0,0.0,ec_0,5.1,ec
1003,23.0,veh_000,339.9919984356123,498.4,15.50458735371738,0.00752717935480085,wc_0,339.9919984356123,wc
1003,23.0,veh_001,654.2204318217002,501.6,16.60633919961285,0.35555214967578763,ec_0,345.7795681782998,ec
1003,23.0,veh_002,501.6,328.62541715727184,16.317970566540026,0.14153137668035853,sc_0,328.62541715727184,sc
1003,23.0,veh_003,498.4,686.771868738886,15.998145494908096,-0.08212311528157379,nc_0,313.22813126111396,nc
1003,23.0,veh_004,296.0703040083592,498.4,16.323192119528542,-0.27947798463050333,wc_0,296.0703040083592,wc
1003,23.0,veh_005,754.8150715019242,501.6,13.752984608970777,-0.15060090763494394,ec_0,245.18492849807586,ec
1003,23.0,veh_006,501.6,262.65257061540615,16.399357962422073,0.4870731513295308,sc_0,262.65257061540615,sc
1003,23.0,veh_007,498.4,757.4046634484043,15.972371311220618,-0.017737973774782034,nc_0,242.59533655159564,nc
1003,23.0,veh_008,229.25193345428454,498.4,16.117032419021534,0.1853985487623131,wc_0,229.25193345428454,wc
1003,23.0,veh_009,821.4966074056111,501.6,13.438440496722176,0.4311344571411606,ec_0,178.50339259438883,ec
1003,23.0,veh_010,501.6,178.70205494359652,14.646556142272303,0.3147741810372082,sc_0,178.70205494359652,sc
1003,23.0,veh_011,498.4,826.547690413009,15.304880393802033,0.335106442579999,nc_0,173.45230958699094,nc
1003,23.0,veh_012,146.4342152166347,498.4,14.422203769475491,0.43245168322697225,wc_0,146.4342152166347,wc
1003,23.0,veh_013,867.6271601880173,501.6,13.930099398612576,-0.20871387301012767,ec_0,132.37283981198271,ec
1003,23.0,veh_014,501.6,128.12313577108515,15.629531649193408,-0.16660892394371274,sc_0,128.12313577108515,sc
1003,23.0,veh_015,498.4,882.7239653162798,16.135484207998964,-0.1680361384944966,nc_0,117.27603468372021,nc
1003,23.0,veh_016,88.30773143607159,498.4,13.865308542291114,0.16729772802908016,wc_0,88.30773143607159,wc
1003,23.0,veh_017,928.5960892830832,501.6,13.242999663904383,-0.3791863005794589,ec_0,71.4039107169168,ec
1003,23.0,veh_018,501.6,60.77623749778495,13.723885767507323,-0.11981176860630427,sc_0,60.77623749778495,sc
1003,23.0,veh_019,498.4,951.3795724803588,14.74046638324994,0.6913586168037718,nc_0,48.620427519641275,nc
1003,23.0,veh_020,33.331398296207965,498.4,13.894632951484912,-0.44213239323813625,wc_0,33.331398296207965,wc
1003,23.0,veh_021,979.8888097605808,501.6,15.011190239419228,2.0111902394192285,ec_0,20.11119023941923,ec
1003,23.0,veh_022,501.6,5.1,12.0,0.0,sc_0,5.1,sc
1003,24.0,veh_000,355.50932814541954,498.4,15.517329709807255,0.012742356089875173,wc_0,355.50932814541954,wc
1003,24.0,veh_001,637.6590605147602,501.6,16.561371306939982,-0.044967892672868714,ec_0,362.3409394852398,ec
1003,24.0,veh_002,501.6,344.53561636505646,15.91019920778461,-0.4077713587554168,sc_0,344.53561636505646,sc
1003,24.0,veh_003,498.4,670.3697353231908,16.402133415695282,0.40398792078718593,nc_0,329.63026467680925,nc
1003,24.0,veh_004,312.343484562263,498.4,16.273180553903806,-0.050011565624735965,wc_0,312.343484562263,wc
1003,24.0,veh_005,740.9543008861656,501.6,13.86077061575857,0.10778600678779249,ec_0,259.0456991138344,ec
1003,24.0,veh_006,501.6,278.5753207000811,15.922750084674918,-0.4766078777471545,sc_0,278.5753207000811,sc
1003,24.0,veh_007,498.4,741.4648424794996,15.93982096890481,-0.03255034231580822,nc_0,258.53515752050043,nc
1003,24.0,veh_008,245.6529144874936,498.4,16.400981033209074,0.28394861418754047,wc_0,245.6529144874936,wc
1003,24.0,veh_009,808.0721761039522,501.6,13.424431301658913,-0.014009195063263036,ec_0,191.92782389604776,ec
1003,24.0,veh_010,501.6,192.94505711425785,14.24300217066134,-0.40355397161096285,sc_0,192.94505711425785,sc
1003,24.0,veh_011,498.4,811.4202313972859,15.127459015723163,-0.17742137807887026,nc_0,188.5797686027141,nc
1003,24.0,veh_012,160.36123038893024,498.4,13.927015172295542,-0.4951885971799488,wc_0,160.36123038893024,wc
1003,24.0,veh_013,853.1576347632188,501.6,14.469525424798551,0.5394260261859749,ec_0,146.84236523678126,ec
1003,24.0,veh_014,501.6,143.67588053956186,15.552744768476726,-0.07678688071668205,sc_0,143.67588053956186,sc
1003,24.0,veh_015,498.4,866.8083357322076,15.915629584072159,-0.2198546239268051,nc_0,133.19166426779236,nc
1003,24.0,veh_016,102.1028141983292,498.4,13.795082762257607,-0.07022578003350688,wc_0,102.1028141983292,wc
1003,24.0,veh_017,915.1110219063867,501.6,13.485067376696579,0.24206771279219552,ec_0,84.88897809361337,ec
1003,24.0,veh_018,501.6,75.17360533840466,14.397367840619713,0.6734820731123907,sc_0,75.17360533840466,sc
1003,24.0,veh_019,498.4,937.3436667782619,14.035905702096851,-0.7045606811530885,nc_0,62.65633322173812,nc
1003,24.0,veh_020,47.590769387114555,498.4,14.259371090906592,0.36473813942168043,wc_0,47.590769387114555,wc
1003,24.0,veh_021,963.7727334722179,501.6,16.116076288362965,1.1048860489437367,ec_0,36.22726652778219,ec
1003,24.0,veh_022,501.6,19.572495011566204,14.472495011566206,2.472495011566206,sc_0,19.572495011566204,sc
1003,24.0,veh_023,498.4,994.9,13.0,0.0,nc_0,5.1,nc
1003,25.0,veh_000,371.0270477900935,498.4,15.517719644673944,0.00038993486668914557,wc_0,371.0270477900935,wc
1003,25.0,veh_001,621.5730974667613,501.6,16.08596304799896,-0.4754082589410231,ec_0,378.4269025332388,ec
1003,25.0,veh_002,501.6,360.79198693813754,16.256370573081078,0.34617136529646864,sc_0,360.79198693813754,sc
1003,25.0,veh_003,498.4,653.9405161011871,16.429219222003596,0.02708580630831392,nc_0,346.05948389881286,nc
1003,25.0,veh_004,328.95808610182263,498.4,16.614601539559665,0.34142098565585854,wc_0,328.95808610182263,wc
1003,25.0,veh_005,726.7142719911701,501.6,14.240028894995534,0.3792582792369643,ec_0,273.28572800882995,ec
1003,25.0,veh_006,501.6,294.9679630719731,16.392642371892,0.4698922872170801,sc_0,294.9679630719731,sc
1003,25.0,veh_007,498.4,725.7860659150595,15.678776564440035,-0.2610444044647746,nc_0,274.2139340849405,nc
1003,25.0,veh_008,261.78243307650996,498.4,16.129518589016342,-0.271462444192732,wc_0,261.78243307650996,wc
1003,25.0,veh_009,794.8785487293554,501.6,13.193627374596835,-0.23080392706207853,ec_0,205.1214512706446,ec
1003,25.0,veh_010,501.6,207.20495108663968,14.259893972381825,0.016891801720484878,sc_0,207.20495108663968,sc
1003,25.0,veh_011,498.4,795.95682077685,15.463410620435917,0.3359516047127542,nc_0,204.04317922315002,nc
1003,25.0,veh_012,174.63504762352488,498.4,14.273817234594643,0.34680206229910127,wc_0,174.63504762352488,wc
1003,25.0,veh_013,839.1331794795597,501.6,14.02445528365911,-0.4450701411394409,ec_0,160.86682052044037,ec
1003,25.0,veh_014,501.6,159.1043962027141,15.428515663152242,-0.12422910532448483,sc_0,159.1043962027141,sc
1003,25.0,veh_015,498.4,850.4450515369513,16.363284195256423,0.4476546111842641,nc_0,149.5549484630488,nc
1003,25.0,veh_016,116.33203168723689,498.4,14.229217488907688,0.4341347266500808,wc_0,116.33203168723689,wc
1003,25.0,veh_017,901.367728692396,501.6,13.743293213990592,0.25822583729401316,ec_0,98.63227130760397,ec
1003,25.0,veh_018,501.6,89.40212182208961,14.228516483684958,-0.16885135693475561,sc_0,89.40212182208961,sc
1003,25.0,veh_019,498.4,922.6330714038504,14.710595374411414,0.6746896723145621,nc_0,77.36692859614953,nc
1003,25.0,veh_020,62.0410795230201,498.4,14.45031013590555,0.19093904499895764,wc_0,62.0410795230201,wc
1003,25.0,veh_021,947.8327643285645,501.6,15.93996914365329,-0.17610714470967537,ec_0,52.16723567143548,ec
1003,25.0,veh_022,501.6,34.93635188284818,15.363856871281975,0.8913618597157686,sc_0,34.93635188284818,sc
1003,25.0,veh_023,498.4,979.8965670643887,15.003432935611345,2.003432935611345,nc_0,20.103432935611345,nc
1003,26.0,veh_000,385.98741124842593,498.4,14.96036345833245,-0.5573561863414938,wc_0,385.98741124842593,wc
1003,26.0,veh_001,605.0892611207161,501.6,16.483836346045138,0.39787329804617855,ec_0,394.91073887928394,ec
1003,26.0,veh_002,501.6,376.89097312456926,16.098986186431723,-0.15738438664935472,sc_0,376.89097312456926,sc
1003,26.0,veh_003,498.4,637.4987284086645,16.44178769252263,0.012568470519035202,nc_0,362.50127159133547,nc
1003,26.0,veh_004,345.4308356157924,498.4,16.47274951396976,-0.1418520255899054,wc_0,345.4308356157924,wc
1003,26.0,veh_005,712.3419500526328,501.6,14.372321938537256,0.132293043541722,ec_0,287.6580499473672,ec
1003,26.0,veh_006,501.6,310.97139491993005,16.003431847956964,-0.3892105239350343,sc_0,310.97139491993005,sc
1003,26.0,veh_007,498.4,710.157709744689,15.628356170370521,-0.05042039406951382,nc_0,289.842290255311,nc
1003,26.0,veh_008,277.7761567260251,498.4,15.993723649515132,-0.1357949395012099,wc_0,277.7761567260251,wc
1003,26.0,veh_009,781.9198813512362,501.6,12.958667378119134,-0.23495999647770027,ec_0,218.08011864876374,ec
1003,26.0,veh_010,501.6,221.51896523737454,14.314014150734867,0.05412017835304184,sc_0,221.51896523737454,sc
1003,26.0,veh_011,498.4,780.740569075484,15.216251701366001,-0.24715891906991594,nc_0,219.259430924516,nc
1003,26.0,veh_012,188.42888907490462,498.4,13.79384145137974,-0.4799757832149041,wc_0,188.42888907490462,wc
1003,26.0,veh_013,824.9675292153509,501.6,14.165650264208736,0.14119498054962598,ec_0,175.0324707846491,ec
1003,26.0,veh_014,501.6,174.55127274112456,15.446876538410464,0.01836087525822272,sc_0,174.55127274112456,sc
1003,26.0,veh_015,498.4,834.1670846110815,16.2779669258697,-0.08531726938672435,nc_0,165.83291538891848,nc
1003,26.0,veh_016,130.5915532308416,498.4,14.259521543604732,0.030304054697044336,wc_0,130.5915532308416,wc
1003,26.0,veh_017,888.2453655857298,501.6,13.122363106666208,-0.6209301073243836,ec_0,111.75463441427019,ec
1003,26.0,veh_018,501.6,103.47242659869758,14.070304776607967,-0.1582117070769904,sc_0,103.47242659869758,sc
1003,26.0,veh_019,498.4,908.348032620704,14.28503878314651,-0.42555659126490397,nc_0,91.65196737929604,nc
1003,26.0,veh_020,75.93473609848374,498.4,13.893656575463632,-0.5566535604419176,wc_0,75.93473609848374,wc
1003,26.0,veh_021,931.3919883738458,501.6,16.440775954718703,0.5008068110654129,ec_0,68.60801162615418,ec
1003,26.0,veh_022,501.6,50.512336044456326,15.575984161608146,0.21212729032617084,sc_0,50.512336044456326,sc
1003,26.0,veh_023,498.4,963.6424617371569,16.254105327231812,1.2506723916204674,nc_0,36.35753826284316,nc
1003,27.0,veh_000,401.02534623930774,498.4,15.037934990881787,0.07757153254933691,wc_0,401.02534623930774,wc
1003,27.0,veh_001,588.6032096175522,501.6,16.486051503163765,0.0022151571186270758,ec_0,411.3967903824477,ec
1003,27.0,veh_002,501.6,393.40523036784026,16.514257243270986,0.4152710568392628,sc_0,393.40523036784026,sc
1003,27.0,veh_003,498.4,621.3243176791864,16.174410729478115,-0.26737696304451575,nc_0,378.67568232081356,nc
1003,27.0,veh_004,361.79023039815024,498.4,16.35939478235785,-0.1133547316119099,wc_0,361.79023039815024,wc
1003,27.0,veh_005,698.3729903804051,501.6,13.968959672227697,-0.40336226630955885,ec_0,301.6270096195949,ec
1003,27.0,veh_006,501.6,327.6171415093262,16.64574658939615,0.6423147414391863,sc_0,327.6171415093262,sc
1003,27.0,veh_007,498.4,693.9452602617579,16.212449482931103,0.5840933125605812,nc_0,306.0547397382421,nc
1003,27.0,veh_008,294.15857696745485,498.4,16.382420241429763,0.3886965919146306,wc_0,294.15857696745485,wc
1003,27.0,veh_009,768.8710176488981,501.6,13.04886370233813,0.09019632421899537,ec_0,231.12898235110188,ec
1003,27.0,veh_010,501.6,236.27212061856687,14.753155381192329,0.43914123045746223,sc_0,236.27212061856687,sc
1003,27.0,veh_011,498.4,765.7924422838589,14.948126791625128,-0.2681249097408731,nc_0,234.20755771614114,nc
1003,27.0,veh_012,202.2175083013466,498.4,13.788619226441988,-0.005222224937751818,wc_0,202.2175083013466,wc
1003,27.0,veh_013,810.950754853577,501.6,14.016774361773924,-0.14887590243481164,ec_0,189.049245146423,ec
1003,27.0,veh_014,501.6,190.1892386223257,15.63796588120112,0.19108934279065615,sc_0,190.1892386223257,sc
1003,27.0,veh_015,498.4,817.854585302947,16.31249930813443,0.03453238226473232,nc_0,182.1454146970529,nc
1003,27.0,veh_016,144.46219872795456,498.4,13.870645497112946,-0.3888760464917862,wc_0,144.46219872795456,wc
1003,27.0,veh_017,874.96775725952,501.6,13.277608326209783,0.15524521954357517,ec_0,125.03224274047997,ec
1003,27.0,veh_018,501.6,117.40511501061042,13.932688411912837,-0.1376163646951305,sc_0,117.40511501061042,sc
1003,27.0,veh_019,498.4,894.0737172780323,14.27431534267168,-0.010723440474830426,nc_0,105.92628272196772,nc
1003,27.0,veh_020,90.29950193242402,498.4,14.364765833940277,0.47110925847664475,wc_0,90.29950193242402,wc
1003,27.0,veh_021,915.3314560154872,501.6,16.060532358358614,-0.38024359636008853,ec_0,84.6685439845128,ec
1003,27.0,veh_022,501.6,66.22923093519707,15.716894890740738,0.1409107291325924,sc_0,66.22923093519707,sc
1003,27.0,veh_023,498.4,947.3883542522416,16.254107484915295,2.157683482550965e-06,nc_0,52.61164574775845,nc
1003,28.0,veh_000,416.24298386812086,498.4,15.217637628813119,0.17970263793133157,wc_0,416.24298386812086,wc
1003,28.0,veh_001,571.9576731592138,501.6,16.64553645833861,0.15948495517484673,ec_0,428.0423268407863,ec
1003,28.0,veh_002,501.6,409.8753477073647,16.470117339524442,-0.04413990374654375,sc_0,409.8753477073647,sc
1003,28.0,veh_003,498.4,605.1449812283647,16.179336450821722,0.004925721343607137,nc_0,394.8550187716353,nc
1003,28.0,veh_004,378.27977638077,498.4,16.48954598261975,0.1301512002618992,wc_0,378.27977638077,wc
1003,28.0,veh_005,684.618080690443,501.6,13.754909689962128,-0.21404998226556948,ec_0,315.381919309557,ec
1003,28.0,veh_006,501.6,343.8870003757021,16.269858866375873,-0.37588772302027706,sc_0,343.8870003757021,sc
1003,28.0,veh_007,498.4,678.3579957715136,15.587264490244255,-0.6251849926868474,nc_0,321.64200422848637,nc
1003,28.0,veh_008,310.45045290721737,498.4,16.291875939762512,-0.09054430166725069,wc_0,310.45045290721737,wc
1003,28.0,veh_009,755.351835991487,501.6,13.5191816574111,0.4703179550729697,ec_0,244.648164008513,ec
1003,28.0,veh_010,501.6,251.07369404811865,14.801573429551782,0.04841804835945318,sc_0,251.07369404811865,sc
1003,28.0,veh_011,498.4,750.6062952046539,15.186147079204986,0.23802028757985738,nc_0,249.39370479534614,nc
1003,28.0,veh_012,216.70556531626204,498.4,14.48805701491543,0.6994377884734426,wc_0,216.70556531626204,wc
1003,28.0,veh_013,796.9685302657485,501.6,13.982224587828451,-0.034549773945473206,ec_0,203.03146973425146,ec
1003,28.0,veh_014,501.6,205.60615269361332,15.416914071287641,-0.2210518099134795,sc_0,205.60615269361332,sc
1003,28.0,veh_015,498.4,801.4192689622985,16.43531634064857,0.12281703251413845,nc_0,198.58073103770147,nc
1003,28.0,veh_016,158.35075612618294,498.4,13.888557398228386,0.017911901115439832,wc_0,158.35075612618294,wc
1003,28.0,veh_017,861.2615602906087,501.6,13.706196968911291,0.42858864270150754,ec_0,138.73843970939126,ec
1003,28.0,veh_018,501.6,131.61275917734352,14.207644166733093,0.27495575482025636,sc_0,131.61275917734352,sc
1003,28.0,veh_019,498.4,879.3941445319338,14.679572746098483,0.4052574034268037,nc_0,120.60585546806621,nc
1003,28.0,veh_020,104.08077396037561,498.4,13.781272027951585,-0.5834938059886916,wc_0,104.08077396037561,wc
1003,28.0,veh_021,899.1832080583507,501.6,16.148247957136483,0.08771559877786927,ec_0,100.81679194164929,ec
1003,28.0,veh_022,501.6,81.8000973345488,15.570866399351733,-0.1460284913890053,sc_0,81.8000973345488,sc
1003,28.0,veh_023,498.4,931.1943012998765,16.19405295236502,-0.06005453255027504,nc_0,68.80569870012347,nc
1003,29.0,veh_000,431.2151981753451,498.4,14.972214307224222,-0.24542332158889657,wc_0,431.2151981753451,wc
1003,29.0,veh_001,555.3132372042629,501.6,16.64443595495075,-0.0011005033878603854,ec_0,444.6867627957371,ec
1003,29.0,veh_002,501.6,426.3311929923669,16.455845285002145,-0.01427205452229785,sc_0,426.3311929923669,sc
1003,29.0,veh_003,498.4,588.5985828549601,16.546398373404518,0.3670619225827956,nc_0,411.40141714503983,nc
1003,29.0,veh_004,394.69309443946935,498.4,16.41331805869937,-0.0762279239203778,wc_0,394.69309443946935,wc
1003,29.0,veh_005,670.3833097766202,501.6,14.234770913822771,0.47986122386064345,ec_0,329.6166902233798,ec
1003,29.0,veh_006,501.6,359.80148871973626,15.914488344034181,-0.3553705223416923,sc_0,359.80148871973626,sc
1003,29.0,veh_007,498.4,662.7286714377944,15.629324333719255,0.042059843475000136,nc_0,337.2713285622056,nc
1003,29.0,veh_008,326.30679621529674,498.4,15.85634330807935,-0.4355326316831629,wc_0,326.30679621529674,wc
1003,29.0,veh_009,742.3035600315241,501.6,13.04827595996292,-0.47090569744817934,ec_0,257.6964399684759,ec
1003,29.0,veh_010,501.6,265.44375572974957,14.370061681630897,-0.43151174792088476,sc_0,265.44375572974957,sc
1003,29.0,veh_011,498.4,735.4233591734476,15.182936031206356,-0.0032110479986293683,nc_0,264.5766408265525,nc
1003,29.0,veh_012,230.7807642769214,498.4,14.075198960659364,-0.41285805425606625,wc_0,230.7807642769214,wc
1003,29.0,veh_013,783.0682502245079,501.6,13.900280041240686,-0.08194454658776529,ec_0,216.93174977549214,ec
1003,29.0,veh_014,501.6,220.87127899005873,15.265126296445409,-0.15178777484223183,sc_0,220.87127899005873,sc
1003,29.0,veh_015,498.4,784.8818392989506,16.537429663348014,0.10211332269944506,nc_0,215.11816070104948,nc
1003,29.0,veh_016,172.29769589021737,498.4,13.946939764034415,0.05838236580602896,wc_0,172.29769589021737,wc
1003,29.0,veh_017,847.7532960543149,501.6,13.508264236293808,-0.1979327326174829,ec_0,152.24670394568506,ec
1003,29.0,veh_018,501.6,145.9957019021218,14.382942724778273,0.17529855804517958,sc_0,145.9957019021218,sc
1003,29.0,veh_019,498.4,865.3007174819863,14.093427049947412,-0.5861456961510711,nc_0,134.69928251801363,nc
1003,29.0,veh_020,118.03025906267885,498.4,13.949485102303246,0.16821307435166055,wc_0,118.03025906267885,wc
1003,29.0,veh_021,882.7557584446296,501.6,16.427449613721112,0.2792016565846289,ec_0,117.2442415553704,ec
1003,29.0,veh_022,501.6,97.39126171150357,15.591164376954772,0.02029797760303964,sc_0,97.39126171150357,sc
1003,29.0,veh_023,498.4,915.2830868405383,15.911214459338227,-0.28283849302679265,nc_0,84.7169131594617,nc
1003,30.0,veh_000,446.4696723499376,498.4,15.254474174592488,0.2822598673682659,wc_0,446.4696723499376,wc
1003,30.0,veh_001,539.2120791435054,501.6,16.101158060757445,-0.5432778941933059,ec_0,460.7879208564945,ec
1003,30.0,veh_002,501.6,442.86952377215033,16.53833077978343,0.08248549478128453,sc_0,442.86952377215033,sc
1003,30.0,veh_003,498.4,572.2325527711073,16.36603008385282,-0.1803682895516978,nc_0,427.76744722889265,nc
1003,30.0,veh_004,411.3105727306475,498.4,16.617478291178124,0.2041602324787526,wc_0,411.3105727306475,wc
1003,30.0,veh_005,655.9140852349158,501.6,14.469224541704365,0.23445362788159407,ec_0,344.08591476508417,ec
1003,30.0,veh_006,501.6,376.23631078850946,16.43482206877321,0.5203337247390305,sc_0,376.23631078850946,sc
1003,30.0,veh_007,498.4,646.8224266141781,15.906244823616275,0.27692048989701945,nc_0,353.17757338582186,nc
1003,30.0,veh_008,342.6020027066873,498.4,16.295206491390537,0.438863183311188,wc_0,342.6020027066873,wc
1003,30.0,veh_009,728.7208529053919,501.6,13.582707126132153,0.5344311661692327,ec_0,271.27914709460805,ec
1003,30.0,veh_010,501.6,280.3845887342688,14.94083300451922,0.5707713228883229,sc_0,280.3845887342688,sc
1003,30.0,veh_011,498.4,720.0544153203972,15.368943853050315,0.18600782184395825,nc_0,279.9455846796028,nc
1003,30.0,veh_012,244.55252834067392,498.4,13.771764063752526,-0.3034348969068379,wc_0,244.55252834067392,wc
1003,30.0,veh_013,769.2568310474221,501.6,13.811419177085693,-0.08886086415499328,ec_0,230.74316895257783,ec
1003,30.0,veh_014,501.6,236.1520519457657,15.280772955706956,0.015646659261546958,sc_0,236.1520519457657,sc
1003,30.0,veh_015,498.4,768.5966317729931,16.28520752595738,-0.2522221373906355,nc_0,231.40336822700687,nc
1003,30.0,veh_016,186.43406768073956,498.4,14.136371790522189,0.1894320264877738,wc_0,186.43406768073956,wc
1003,30.0,veh_017,834.0270311886678,501.6,13.726264865647146,0.21800062935333742,ec_0,165.9729688113322,ec
1003,30.0,veh_018,501.6,159.79008259184704,13.794380689725235,-0.5885620350530374,sc_0,159.79008259184704,sc
1003,30.0,veh_019,498.4,850.9430068574103,14.357710624576056,0.26428357462864405,nc_0,149.05699314258968,nc
1003,30.0,veh_020,132.28019004752974,498.4,14.249930984850891,0.3004458825476455,wc_0,132.28019004752974,wc
1003,30.0,veh_021,866.7277381276618,501.6,16.02802031696774,-0.3994292967533717,ec_0,133.27226187233813,ec
1003,30.0,veh_022,501.6,112.78654452574574,15.39528281424217,-0.19588156271260182,sc_0,112.78654452574574,sc
1003,30.0,veh_023,498.4,898.9344528746511,16.34863396588713,0.4374195065489044,nc_0,101.06554712534883,nc
1003,31.0,veh_000,461.55412745711595,498.4,15.084455107178384,-0.17001906741410444,wc_0,461.55412745711595,wc
1003,31.0,veh_001,525.2502945808469,501.6,13.961784562658508,-2.139373498098937,ec_0,474.74970541915303,ec
1003,31.0,veh_002,501.6,459.5186279068282,16.649104134677913,0.11077335489448359,sc_0,459.5186279068282,sc
1003,31.0,veh_003,498.4,555.8343281160901,16.39822465501726,0.03219457116443891,nc_0,444.1656718839099,nc
1003,31.0,veh_004,427.59351048436025,498.4,16.28293775371276,-0.33454053746536516,wc_0,427.59351048436025,wc
1003,31.0,veh_005,642.1023191295562,501.6,13.811766105359615,-0.6574584363447507,ec_0,357.89768087044376,ec
1003,31.0,veh_006,501.6,392.21958974123936,15.98327895272989,-0.45154311604332165,sc_0,392.21958974123936,sc
1003,31.0,veh_007,498.4,631.2465055180327,15.575921096145452,-0.33032372747082306,nc_0,368.7534944819673,nc
1003,31.0,veh_008,358.45340687405195,498.4,15.851404167364645,-0.44380232402589215,wc_0,358.45340687405195,wc
1003,31.0,veh_009,715.5201769984982,501.6,13.200675906893737,-0.38203121923841543,ec_0,284.4798230015018,ec
1003,31.0,veh_010,501.6,294.6828729047631,14.298284170494291,-0.6425488340249288,sc_0,294.6828729047631,sc
1003,31.0,veh_011,498.4,704.421095588686,15.633319731711255,0.2643758786609407,nc_0,295.57890441131406,nc
1003,31.0,veh_012,258.70550917179156,498.4,14.152980831117638,0.3812167673651121,wc_0,258.70550917179156,wc
1003,31.0,veh_013,754.8758731762146,501.6,14.380957871207567,0.5695386941218743,ec_0,245.1241268237854,ec
1003,31.0,veh_014,501.6,251.97671431886948,15.824662373103815,0.5438894173968585,sc_0,251.9767143188695,sc
1003,31.0,veh_015,498.4,752.5072039536852,16.089427819307897,-0.19577970664948197,nc_0,247.49279604631477,nc
1003,31.0,veh_016,200.34952568644115,498.4,13.915458005701602,-0.22091378482058666,wc_0,200.34952568644115,wc
1003,31.0,veh_017,820.8385767220873,501.6,13.188454466580488,-0.5378103990666574,ec_0,179.1614232779127,ec
1003,31.0,veh_018,501.6,173.60980449408893,13.819721902241886,0.025341212516650558,sc_0,173.60980449408893,sc
1003,31.0,veh_019,498.4,836.1889879732103,14.754018884200113,0.3963082596240568,nc_0,163.8110120267898,nc
1003,31.0,veh_020,146.68515903712637,498.4,14.404968989596622,0.15503800474573026,wc_0,146.68515903712637,wc
1003,31.0,veh_021,850.2303351687123,501.6,16.497402958949607,0.4693826419818663,ec_0,149.76966483128774,ec
1003,31.0,veh_022,501.6,128.4128417215512,15.626297195805462,0.23101438156329124,sc_0,128.4128417215512,sc
1003,31.0,veh_023,498.4,882.5603081574617,16.374144717189484,0.025510751302352475,nc_0,117.43969184253831,nc
1003,32.0,veh_000,476.00984702489166,498.4,14.455719567775692,-0.6287355394026921,wc_0,476.00984702489166,wc
1003,32.0,veh_001,514.8045774857578,501.6,10.445717095089128,-3.51606746756938,ec_0,485.1954225142422,ec
1003,32.0,veh_002,501.6,476.0727507647686,16.554122857940385,-0.09498127673752776,sc_0,476.0727507647686,sc
1003,32.0,veh_003,498.4,539.5628729144391,16.271455201650973,-0.1267694533662862,nc_0,460.43712708556086,nc
1003,32.0,veh_004,444.11089496993935,498.4,16.517384485579097,0.23444673186633835,wc_0,444.11089496993935,wc
1003,32.0,veh_005,627.8904060197339,501.6,14.211913109822394,0.40014700446277907,ec_0,372.10959398026614,ec
1003,32.0,veh_006,501.6,408.29974641885144,16.080156677612106,0.09687772488221569,sc_0,408.29974641885144,sc
1003,32.0,veh_007,498.4,615.7086483183625,15.537857199670093,-0.038063896475359016,nc_0,384.2913516816374,nc
1003,32.0,veh_008,374.2452533877231,498.4,15.791846513671162,-0.059557653693483203,wc_0,374.2452533877231,wc
1003,32.0,veh_009,702.0331037084286,501.6,13.487073290069528,0.28639738317579067,ec_0,297.96689629157135,ec
1003,32.0,veh_010,501.6,309.2532002501258,14.57032734536274,0.27204317486844865,sc_0,309.2532002501258,sc
1003,32.0,veh_011,498.4,688.8723691609885,15.54872642769742,-0.08459330401383447,nc_0,311.1276308390115,nc
1003,32.0,veh_012,272.9311374077243,498.4,14.225628235932708,0.07264740481507026,wc_0,272.9311374077243,wc
1003,32.0,veh_013,740.3738556583819,501.6,14.50201751783264,0.1210596466250724,ec_0,259.62614434161804,ec
1003,32.0,veh_014,501.6,267.6083469492016,15.631632630332055,-0.19302974277175977,sc_0,267.6083469492016,sc
1003,32.0,veh_015,498.4,735.9504275740171,16.556776379668154,0.4673485603602572,nc_0,264.04957242598294,nc
1003,32.0,veh_016,214.43061096181313,498.4,14.08108527537197,0.16562726967036845,wc_0,214.43061096181313,wc
1003,32.0,veh_017,807.5928645026273,501.6,13.24571221946001,0.05725775287952217,ec_0,192.4071354973727,ec
1003,32.0,veh_018,501.6,187.59197136399095,13.982166869902008,0.16244496766012162,sc_0,187.59197136399095,sc
1003,32.0,veh_019,498.4,822.0346080770319,14.154379896178352,-0.599638988021761,nc_0,177.96539192296814,nc
1003,32.0,veh_020,160.65379763184308,498.4,13.968638594716706,-0.4363303948799153,wc_0,160.65379763184308,wc
1003,32.0,veh_021,835.2692319813699,501.6,14.961103187342324,-1.5362997716072826,ec_0,164.73076801863007,ec
1003,32.0,veh_022,501.6,144.44557904424323,16.032737322692054,0.4064401268865918,sc_0,144.44557904424323,sc
1003,32.0,veh_023,498.4,866.2535207821522,16.306787375309508,-0.06735734187997622,nc_0,133.74647921784782,nc
1003,33.0,veh_000,485.96556659266736,498.4,9.955719567775692,-4.5,wc_0,485.96556659266736,wc
1003,33.0,veh_001,508.85886039066867,501.6,5.945717095089128,-4.5,ec_0,491.14113960933133,ec
1003,33.0,veh_002,501.6,492.2865776622296,16.21382689746097,-0.34029596047941624,sc_0,492.2865776622296,sc
1003,33.0,veh_003,498.4,523.3591007949552,16.20377211948391,-0.06768308216706131,nc_0,476.6408992050448,nc
1003,33.0,veh_004,460.32051630165904,498.4,16.209621331719685,-0.3077631538594119,wc_0,460.32051630165904,wc
1003,33.0,veh_005,613.4133395558357,501.6,14.477066463898131,0.26515335407573737,ec_0,386.5866604441643,ec
1003,33.0,veh_006,501.6,424.67751344185325,16.377767023001798,0.29761034538969255,sc_0,424.67751344185325,sc
1003,33.0,veh_007,498.4,599.63035795701,16.078290361352543,0.5404331616824507,nc_0,400.36964204299,nc
1003,33.0,veh_008,390.30189730125784,498.4,16.056643913534764,0.2647973998636015,wc_0,390.30189730125784,wc
1003,33.0,veh_009,688.685774880432,501.6,13.347328827996678,-0.13974446207284963,ec_0,311.31422511956805,ec
1003,33.0,veh_010,501.6,324.1733578963664,14.920157646240542,0.34983030087780165,sc_0,324.1733578963664,sc
1003,33.0,veh_011,498.4,673.2979577519077,15.574411409080804,0.025684981383383487,nc_0,326.7020422480923,nc
1003,33.0,veh_012,287.31302208523806,498.4,14.381884677513773,0.1562564415810641,wc_0,287.31302208523806,wc
1003,33.0,veh_013,726.1373800514509,501.6,14.236475606930973,-0.2655419109016659,ec_0,273.862619948549,ec
1003,33.0,veh_014,501.6,283.47105463793145,15.862707688729891,0.23107505839783649,sc_0,283.47105463793145,sc
1003,33.0,veh_015,498.4,719.8164900041093,16.133937569907868,-0.422838809760286,nc_0,280.1835099958908,nc
1003,33.0,veh_016,228.53738540680993,498.4,14.106774444996791,0.025689169624820707,wc_0,228.53738540680993,wc
1003,33.0,veh_017,794.533210569307,501.6,13.05965393332027,-0.1860582861397404,ec_0,205.46678943069298,ec
1003,33.0,veh_018,501.6,201.76422620306104,14.172254839070098,0.1900879691680899,sc_0,201.76422620306104,sc
1003,33.0,veh_019,498.4,807.2936415212843,14.740966555747645,0.5865866595692939,nc_0,192.70635847871577,nc
1003,33.0,veh_020,174.97328199310692,498.4,14.319484361263843,0.3508457665471365,wc_0,174.97328199310692,wc
1003,33.0,veh_021,820.5433832748936,501.6,14.725848706476288,-0.23525448086603618,ec_0,179.45661672510636,ec
1003,33.0,veh_022,501.6,159.98168391574373,15.536104871500509,-0.49663245119154453,sc_0,159.98168391574373,sc
1003,33.0,veh_023,498.4,850.1555339010106,16.09798688114155,-0.20880049416795643,nc_0,149.84446609898936,nc
1003,34.0,veh_000,491.50880658502695,498.4,5.543239992359606,-4.412479575416086,wc_0,491.50880658502695,wc
1003,34.0,veh_001,507.4131432955795,501.6,1.4457170950891278,-4.5,ec_0,492.5868567044205,ec
1003,34.0,veh_002,501.6,508.87177826321226,16.585200600982645,0.37137370352167665,cn_0,1.6717782632122518,cn
1003,34.0,veh_003,498.4,507.267887058612,16.0912137363432,-0.11255838314071198,nc_0,492.732112941388,nc
1003,34.0,veh_004,472.33503144394984,498.4,12.01451514229083,-4.195106189428856,wc_0,472.33503144394984,wc
1003,34.0,veh_005,599.4135342499932,501.6,13.999805305842505,-0.47726115805562586,ec_0,400.5864657500068,ec
1003,34.0,veh_006,501.6,440.84209319258576,16.16457975073252,-0.21318727226927692,sc_0,440.84209319258576,sc
1003,34.0,veh_007,498.4,583.385062681858,16.245295275152007,0.16700491379946314,nc_0,416.614937318142,nc
1003,34.0,veh_008,406.0642600902082,498.4,15.762362788950385,-0.29428112458437816,wc_0,406.0642600902082,wc
1003,34.0,veh_009,675.3058076749626,501.6,13.379967205469438,0.03263837747275922,ec_0,324.6941923250375,ec
1003,34.0,veh_010,501.6,339.1401684460613,14.966810549694921,0.04665290345437967,sc_0,339.1401684460613,sc
1003,34.0,veh_011,498.4,658.029391495679,15.268566256228679,-0.3058451528521253,nc_0,341.970608504321,nc
1003,34.0,veh_012,301.1147151648459,498.4,13.80169307960783,-0.5801915979059427,wc_0,301.1147151648459,wc
1003,34.0,veh_013,711.8518478838434,501.6,14.285532167607519,0.0490565606765454,ec_0,288.14815211615655,ec
1003,34.0,veh_014,501.6,298.6463939184107,15.17533928047927,-0.687368408250622,sc_0,298.6463939184107,sc
1003,34.0,veh_015,498.4,703.7563597004023,16.060130303706977,-0.07380726620089106,nc_0,296.24364029959776,nc
1003,34.0,veh_016,242.87457126117454,498.4,14.337185854364598,0.23041140936780735,wc_0,242.87457126117454,wc
1003,34.0,veh_017,781.3189947679328,501.6,13.21421580137413,0.15456186805386096,ec_0,218.68100523206712,ec
1003,34.0,veh_018,501.6,215.98820966234365,14.223983459282621,0.05172862021252378,sc_0,215.98820966234365,sc
1003,34.0,veh_019,498.4,793.1061091587035,14.187532362580741,-0.553434193166904,nc_0,206.89389084129652,nc
1003,34.0,veh_020,188.81122440621994,498.4,13.837942413113,-0.48154194815084317,wc_0,188.81122440621994,wc
1003,34.0,veh_021,806.2285586775909,501.6,14.314824597302767,-0.41102410917352117,ec_0,193.77144132240912,ec
1003,34.0,veh_022,501.6,175.50552014319913,15.523836227455401,-0.012268644045107635,sc_0,175.50552014319913,sc
1003,34.0,veh_023,498.4,833.695799618084,16.459734282926657,0.3617474017851059,nc_0,166.30420038191602,nc
1003,35.0,veh_000,492.57353797643583,498.4,1.0647313914088739,-4.478508600950732,wc_0,492.57353797643583,wc
1003,35.0,veh_001,507.32459136875184,501.6,0.08855192682769997,-1.3571651682614279,ec_0,492.67540863124816,ec
1003,35.0,veh_002,501.6,525.4786236138549,16.60684535064269,0.021644749660044482,cn_0,18.27862361385494,cn
1003,35.0,veh_003,498.4,490.8561637996929,16.411723258919086,0.32050952257588605,cs_0,1.9438362003070662,cs
1003,35.0,veh_004,480.9040046930947,498.4,8.56897324914482,-3.445541893146009,wc_0,480.9040046930947,wc
1003,35.0,veh_005,585.0128555578403,501.6,14.400678692152919,0.4008733863104137,ec_0,414.9871444421597,ec
1003,35.0,veh_006,501.6,456.74222093407997,15.900127741494218,-0.2644520092383029,sc_0,456.74222093407997,sc
1003,35.0,veh_007,498.4,567.4487265154321,15.936336166425885,-0.3089591087261212,nc_0,432.55127348456784,nc
1003,35.0,veh_008,422.3581334166954,498.4,16.2938733264872,0.5315105375368159,wc_0,422.3581334166954,wc
1003,35.0,veh_009,661.6747664659764,501.6,13.631041208986133,0.2510740035166954,ec_0,338.3252335340236,ec
1003,35.0,veh_010,501.6,354.1066004413487,14.966431995287413,-0.0003785544075078917,sc_0,354.1066004413487,sc
1003,35.0,veh_011,498.4,642.9232964529028,15.106095042776161,-0.16247121345251792,nc_0,357.07670354709717,nc
1003,35.0,veh_012,315.2759602375267,498.4,14.161245072680794,0.35955199307296404,wc_0,315.2759602375267,wc
1003,35.0,veh_013,697.4512331283614,501.6,14.400614755482012,0.11508258787449321,ec_0,302.5487668716386,ec
1003,35.0,veh_014,501.6,314.20060047940115,15.554206560990455,0.37886728051118546,sc_0,314.20060047940115,sc
1003,35.0,veh_015,498.4,687.7573137828009,15.999045917601327,-0.06108438610564981,nc_0,312.2426862171991,nc
1003,35.0,veh_016,256.9329013384683,498.4,14.05833007729374,-0.2788557770708593,wc_0,256.9329013384683,wc
1003,35.0,veh_017,767.9239897309566,501.6,13.395005036976263,0.18078923560213234,ec_0,232.0760102690434,ec
1003,35.0,veh_018,501.6,230.40741132479184,14.41920166244819,0.19521820316556848,sc_0,230.40741132479184,sc
1003,35.0,veh_019,498.4,778.7431319645353,14.362977194168115,0.17544483158737378,nc_0,221.25686803546463,nc
1003,35.0,veh_020,202.94006096671413,498.4,14.128836560494186,0.29089414738118613,wc_0,202.94006096671413,wc
1003,35.0,veh_021,792.3685914523571,501.6,13.85996722523377,-0.45485737206899657,ec_0,207.63140854764288,ec
1003,35.0,veh_022,501.6,190.8334402993532,15.327920156154075,-0.19591607130132616,sc_0,190.8334402993532,sc
1003,35.0,veh_023,498.4,817.254268492125,16.44153112595901,-0.018203156967647516,nc_0,182.74573150787504,nc
1003,36.0,veh_000,492.66491530876476,498.4,0.09137733232893885,-0.973354059079935,wc_0,492.66491530876476,wc
1003,36.0,veh_001,507.3014416740788,501.6,0.023149694673087844,-0.06540223215461212,ec_0,492.6985583259212,ec
1003,36.0,veh_002,501.6,542.1044510263158,16.625827412460932,0.018982061818242357,cn_0,34.90445102631587,cn
1003,36.0,veh_003,498.4,474.4388208633103,16.41734293638263,0.005619677463545969,cs_0,18.3611791366897,cs
1003,36.0,veh_004,484.97297794223954,498.4,4.06897324914482,-4.5,wc_0,484.97297794223954,wc
1003,36.0,veh_005,570.9676073273539,501.6,14.045248230486372,-0.3554304616665469,ec_0,429.0323926726461,ec
1003,36.0,veh_006,501.6,472.9663752009813,16.224154266901316,0.3240265254070973,sc_0,472.9663752009813,sc
1003,36.0,veh_007,498.4,551.2980328188436,16.150693696588554,0.214357530162669,nc_0,448.7019671811564,nc
1003,36.0,veh_008,438.5853792282522,498.4,16.22724581155676,-0.06662751493044183,wc_0,438.5853792282522,wc
1003,36.0,veh_009,648.1128767500079,501.6,13.561889715968572,-0.06915149301756074,ec_0,351.88712324999216,ec
1003,36.0,veh_010,501.6,368.5779277762676,14.47132733491889,-0.49510466036852385,sc_0,368.5779277762676,sc
1003,36.0,veh_011,498.4,627.3445966597924,15.578699793110447,0.47260475033428584,nc_0,372.6554033402076,nc
1003,36.0,veh_012,329.6783818719347,498.4,14.402421634407983,0.2411765617271886,wc_0,329.6783818719347,wc
1003,36.0,veh_013,683.2847774592586,501.6,14.16645566910279,-0.234159086379222,ec_0,316.71522254074137,ec
1003,36.0,veh_014,501.6,329.6682253272581,15.467624847856962,-0.0865817131334925,sc_0,329.6682253272581,sc
1003,36.0,veh_015,498.4,671.6412163449265,16.116097437874416,0.11705152027308863,nc_0,328.3587836550735,nc
1003,36.0,veh_016,270.83624162627984,498.4,13.903340287811535,-0.15498978948220454,wc_0,270.83624162627984,wc
1003,36.0,veh_017,754.5173552485486,501.6,13.406634482408018,0.011629445431754704,ec_0,245.4826447514514,ec
1003,36.0,veh_018,501.6,244.8625400840502,14.455128759258383,0.03592709681019279,sc_0,244.8625400840502,sc
1003,36.0,veh_019,498.4,764.0328978865141,14.71023407802123,0.34725688385311493,nc_0,235.96710211348585,nc
1003,36.0,veh_020,216.73000331658287,498.4,13.789942349868745,-0.33889421062544045,wc_0,216.73000331658287,wc
1003,36.0,veh_021,778.1927367039837,501.6,14.175854748373453,0.3158875231396827,ec_0,221.80726329601634,ec
1003,36.0,veh_022,501.6,206.2732444847402,15.439804185386972,0.11188402923289686,sc_0,206.2732444847402,sc
1003,36.0,veh_023,498.4,800.6322402239916,16.622028268133292,0.18049714217428203,nc_0,199.3677597760083,nc
1003,37.0,veh_000,492.6910476867201,498.4,0.026132377955305333,-0.06524495437363352,wc_0,492.6910476867201,wc
1003,37.0,veh_001,507.30107913896836,501.6,0.00036253511039047366,-0.02278715956269737,ec_0,492.69892086103164,ec
1003,37.0,veh_002,501.6,558.0374269390945,15.93297591277864,-0.692851499682293,cn_0,50.837426939094506,cn
1003,37.0,veh_003,498.4,457.93866900245666,16.50015186085366,0.08280892447102772,cs_0,34.86133099754336,cs
1003,37.0,veh_004,485.1575186885875,498.4,0.18454074634800524,-3.8844325027968147,wc_0,485.1575186885875,wc
1003,37.0,veh_005,556.4994446503217,501.6,14.468162677032137,0.4229144465457644,ec_0,443.5005553496782,ec
1003,37.0,veh_006,501.6,489.08347106934065,16.11709586835932,-0.10705839854199439,sc_0,489.08347106934065,sc
1003,37.0,veh_007,498.4,535.7628411224825,15.535191696360984,-0.6155020002275702,nc_0,464.2371588775174,nc
1003,37.0,veh_008,455.01959767150925,498.4,16.434218443257095,0.20697263170033509,wc_0,455.01959767150925,wc
1003,37.0,veh_009,634.7191140260638,501.6,13.393762723944091,-0.16812699202448123,ec_0,365.2808859739362,ec
1003,37.0,veh_010,501.6,382.82109509407235,14.243167317804756,-0.22816001711413314,sc_0,382.82109509407235,sc
1003,37.0,veh_011,498.4,611.9786478323228,15.365948827469566,-0.2127509656408808,nc_0,388.02135216767715,nc
1003,37.0,veh_012,343.46526315888013,498.4,13.786881286945464,-0.6155403474625185,wc_0,343.46526315888013,wc
1003,37.0,veh_013,669.4233554943846,501.6,13.86142196487409,-0.30503370422870013,ec_0,330.57664450561543,ec
1003,37.0,veh_014,501.6,345.3506623468583,15.682437019600215,0.21481217174325273,sc_0,345.3506623468583,sc
1003,37.0,veh_015,498.4,655.4056321677378,16.235584177188578,0.1194867393141621,nc_0,344.5943678322621,nc
1003,37.0,veh_016,284.6450427251066,498.4,13.808801098826752,-0.09453918898478264,wc_0,284.6450427251066,wc
1003,37.0,veh_017,741.4367983853588,501.6,13.08055686318975,-0.3260776192182675,ec_0,258.5632016146412,ec
1003,37.0,veh_018,501.6,258.7292387696422,13.866698685591995,-0.5884300736663874,sc_0,258.7292387696422,sc
1003,37.0,veh_019,498.4,749.3524323881138,14.680465498400363,-0.02976857962086754,nc_0,250.64756761188622,nc
1003,37.0,veh_020,230.83749946539444,498.4,14.107496148811572,0.31755379894282676,wc_0,230.83749946539444,wc
1003,37.0,veh_021,764.6489890120257,501.6,13.543747691957925,-0.6321070564155278,ec_0,235.35101098797426,ec
1003,37.0,veh_022,501.6,222.32662484858474,16.05338036384456,0.6135761784575884,sc_0,222.32662484858474,sc
1003,37.0,veh_023,498.4,784.0324203532468,16.599819870744835,-0.022208397388457257,nc_0,215.96757964675314,nc
1003,38.0,veh_000,492.69730316366156,498.4,0.006255476941456805,-0.01987690101384853,wc_0,492.69730316366156,wc
1003,38.0,veh_001,507.30107913896836,501.6,0.0,-0.00036253511039047366,ec_0,492.69892086103164,ec
1003,38.0,veh_002,501.6,573.9374022098584,15.899975270763973,-0.03300064201466668,cn_0,66.73740220985847,cn
1003,38.0,veh_003,498.4,441.3604535460752,16.578215456381443,0.07806359552778375,cs_0,51.439546453924805,cs
1003,38.0,veh_004,485.18876149609054,498.4,0.03124280750303563,-0.15329793884496962,wc_0,485.18876149609054,wc
1003,38.0,veh_005,542.6885113868149,501.6,13.810933263506936,-0.6572294135252008,ec_0,457.31148861318513,ec
1003,38.0,veh_006,501.6,505.23140922228345,16.147938152942807,0.03084228458348548,:c_7_0,12.431409222283435,:c_7
1003,38.0,veh_007,498.4,519.7470480074979,16.015793114984685,0.4806014186237011,nc_0,480.25295199250206,nc
1003,38.0,veh_008,466.95381611476637,498.4,11.934218443257095,-4.5,wc_0,466.95381611476637,wc
1003,38.0,veh_009,621.0456519261969,501.6,13.673462099866882,0.2796993759227906,ec_0,378.9543480738031,ec
1003,38.0,veh_010,501.6,397.36442371683995,14.543328622767577,0.30016130496282045,sc_0,397.36442371683995,sc
1003,38.0,veh_011,498.4,596.5779268968889,15.400720935433949,0.03477210796438257,nc_0,403.4220731031111,nc
1003,38.0,veh_012,357.9412674764378,498.4,14.476004317557708,0.6891230306122438,wc_0,357.9412674764378,wc
1003,38.0,veh_013,655.5213182879083,501.6,13.902037206476153,0.040615241602063534,ec_0,344.4786817120916,ec
1003,38.0,veh_014,501.6,361.0220502745029,15.671387927644567,-0.011049091955648294,sc_0,361.0220502745029,sc
1003,38.0,veh_015,498.4,639.1127569451276,16.292875222610313,0.05729104542173502,nc_0,360.8872430548724,nc
1003,38.0,veh_016,298.9385367351084,498.4,14.293494010001831,0.4846929111750793,wc_0,298.9385367351084,wc
1003,38.0,veh_017,727.8759628226035,501.6,13.560835562755429,0.4802786995656785,ec_0,272.1240371773966,ec
1003,38.0,veh_018,501.6,272.8162545215274,14.087015751885206,0.22031706629321057,sc_0,272.8162545215274,sc
1003,38.0,veh_019,498.4,734.5517140843193,14.800718303794483,0.12025280539412009,nc_0,265.4482859156807,nc
1003,38.0,veh_020,245.29939484936145,498.4,14.461895383967006,0.3543992351554337,wc_0,245.29939484936145,wc
1003,38.0,veh_021,750.8879322132633,501.6,13.761056798762453,0.21730910680452808,ec_0,249.1120677867367,ec
1003,38.0,veh_022,501.6,238.41462798512387,16.088003136539125,0.03462277269456493,sc_0,238.41462798512387,sc
1003,38.0,veh_023,498.4,767.5908439740492,16.441576379197652,-0.1582434915471822,nc_0,232.40915602595078,nc
1003,39.0,veh_000,492.69871549415376,498.4,0.0014123304922247454,-0.00484314644923206,wc_0,492.69871549415376,wc
1003,39.0,veh_001,507.30107913896836,501.6,0.0,0.0,ec_0,492.69892086103164,ec
1003,39.0,veh_002,501.6,590.0211050923076,16.083702882449145,0.18372761168517293,cn_0,82.82110509230762,cn
1003,39.0,veh_003,498.4,425.3712332062005,15.98922033987474,-0.5889951165067036,cs_0,67.42876679379954,cs
1003,39.0,veh_004,485.1957756815618,498.4,0.007014185471313109,-0.024228622031722522,wc_0,485.1957756815618,wc
1003,39.0,veh_005,529.1957620485869,501.6,13.492749338228052,-0.31818392527888406,ec_0,470.8042379514132,ec
1003,39.0,veh_006,501.6,521.3899781455473,16.15856892326381,0.010630770321004235,cn_0,14.189978145547245,cn
1003,39.0,veh_007,498.4,503.49848293055885,16.24856507693911,0.2327719619544233,:c_1_0,3.701517069441138,:c_1
1003,39.0,veh_008,474.3880345580235,498.4,7.434218443257095,-4.5,wc_0,474.3880345580235,wc
1003,39.0,veh_009,607.7937279030893,501.6,13.251924023107566,-0.4215380767593153,ec_0,392.20627209691065,ec
1003,39.0,veh_010,501.6,412.0190079032541,14.654584186414132,0.11125556364655509,sc_0,412.0190079032541,sc
1003,39.0,veh_011,498.4,581.6021957540944,14.975731142794558,-0.42498979263939063,nc_0,418.3978042459056,nc
1003,39.0,veh_012,371.84882026761164,498.4,13.907552791173838,-0.5684515263838694,wc_0,371.84882026761164,wc
1003,39.0,veh_013,641.3646036733089,501.6,14.156714614599544,0.25467740812339024,ec_0,358.63539632669114,ec
1003,39.0,veh_014,501.6,376.67202040479526,15.64997013029238,-0.021417797352187407,sc_0,376.67202040479526,sc
1003,39.0,veh_015,498.4,622.6699867088162,16.442770236311482,0.14989501370116898,nc_0,377.3300132911839,nc
1003,39.0,veh_016,313.2247977623844,498.4,14.286261027275996,-0.007232982725835058,wc_0,313.2247977623844,wc
1003,39.0,veh_017,714.8298694044084,501.6,13.046093418194987,-0.5147421445604419,ec_0,285.17013059559156,ec
1003,39.0,veh_018,501.6,287.03863511291706,14.222380591389678,0.1353648395044722,sc_0,287.03863511291706,sc
1003,39.0,veh_019,498.4,719.8823345655269,14.669379518792475,-0.1313387850020078,nc_0,280.11766543447317,nc
1003,39.0,veh_020,259.66464941777053,498.4,14.365254568409094,-0.09664081555791171,wc_0,259.66464941777053,wc
1003,39.0,veh_021,736.9570528050941,501.6,13.9308794081692,0.1698226094067472,ec_0,263.0429471949059,ec
1003,39.0,veh_022,501.6,253.88068922405,15.466061238926128,-0.6219418976129969,sc_0,253.88068922405,sc
1003,39.0,veh_023,498.4,751.5670003172011,16.023843656848186,-0.41773272234946646,nc_0,248.43299968279896,nc
1003,40.0,veh_000,492.6989316040435,498.4,0.00021610988972875402,-0.0011962206024959915,wc_0,492.6989316040435,wc
1003,40.0,veh_001,507.30107913896836,501.6,0.0,0.0,ec_0,492.69892086103164,ec
1003,40.0,veh_002,501.6,606.4101672600024,16.389062167694792,0.3053592852456468,cn_0,99.21016726000241,cn
1003,40.0,veh_003,498.4,408.7057605077746,16.665472698425877,0.6762523585511371,cs_0,84.09423949222541,cs
1003,40.0,veh_004,485.1975908106485,498.4,0.0018151290866312653,-0.005199056384681844,wc_0,485.1975908106485,wc
1003,40.0,veh_005,520.1137324371616,501.6,9.082029611425266,-4.410719726802785,ec_0,479.88626756283844,ec
1003,40.0,veh_006,501.6,537.6860062142741,16.296028068726883,0.13745914546307247,cn_0,30.486006214274127,cn
1003,40.0,veh_007,498.4,487.25561120650343,16.242871724055426,-0.005693352883682223,cs_0,5.544388793496564,cs
1003,40.0,veh_008,477.6114557206268,498.4,3.223421162603294,-4.2107972806538,wc_0,477.6114557206268,wc
1003,40.0,veh_009,594.1089368039109,501.6,13.684791099178545,0.43286707607097874,ec_0,405.8910631960892,ec
1003,40.0,veh_010,501.6,426.2748251488966,14.25581724564253,-0.39876694077160124,sc_0,426.2748251488966,sc
1003,40.0,veh_011,498.4,566.2940470358856,15.308148718208852,0.3324175754142935,nc_0,433.70595296411443,nc
1003,40.0,veh_012,386.00255995788126,498.4,14.153739690269612,0.24618689909577363,wc_0,386.00255995788126,wc
1003,40.0,veh_013,627.5524660475535,501.6,13.812137625755343,-0.3445769888442012,ec_0,372.44753395244646,ec
1003,40.0,veh_014,501.6,392.34916302103153,15.677142616236264,0.02717248594388444,sc_0,392.34916302103153,sc
1003,40.0,veh_015,498.4,606.4398328939312,16.230153814884837,-0.21261642142664527,nc_0,393.5601671060687,nc
1003,40.0,veh_016,327.1510351926472,498.4,13.926237430262791,-0.3600235970132051,wc_0,327.1510351926472,wc
1003,40.0,veh_017,701.1440155406661,501.6,13.685853863742278,0.6397604455472905,ec_0,298.85598445933385,ec
1003,40.0,veh_018,501.6,301.14861971785774,14.109984604940705,-0.11239598644897342,sc_0,301.14861971785774,sc
1003,40.0,veh_019,498.4,705.6057551825191,14.276579383007693,-0.3928001357847819,nc_0,294.39424481748085,nc
1003,40.0,veh_020,273.88220083366184,498.4,14.217551415891306,-0.14770315251778854,wc_0,273.88220083366184,wc
1003,40.0,veh_021,723.748435584097,501.6,13.208617220997095,-0.722262187172106,ec_0,276.251564415903,ec
1003,40.0,veh_022,501.6,269.44131599019175,15.560626766141729,0.0945655272156003,sc_0,269.44131599019175,sc
1003,40.0,veh_023,498.4,734.9112342010112,16.65576611618977,0.6319224593415846,nc_0,265.08876579898873,nc
1003,41.0,veh_000,492.6989316040435,498.4,0.0,-0.00021610988972875402,wc_0,492.6989316040435,wc
1003,41.0,veh_001,507.30107913896836,501.6,0.0,0.0,ec_0,492.69892086103164,ec
1003,41.0,veh_002,501.6,622.8473486500607,16.43718139005825,0.048119222363457226,cn_0,115.64734865006065,cn
1003,41.0,veh_003,498.4,392.56740010151645,16.138360406258144,-0.5271122921677325,cs_0,100.23259989848356,cs
1003,41.0,veh_004,485.1978413102785,498.4,0.00025049963000860556,-0.0015646294566226597,wc_0,485.1978413102785,wc
1003,41.0,veh_005,515.5317028257364,501.6,4.582029611425266,-4.5,ec_0,484.4682971742637,ec
1003,41.0,veh_006,501.6,554.2336518315226,16.54764561724849,0.2516175485216081,cn_0,47.03365183152262,cn
1003,41.0,veh_007,498.4,471.6541706226259,15.601440583877542,-0.6414311401778843,cs_0,21.145829377374106,cs
1003,41.0,veh_008,477.6892484326184,498.4,0.07779271199160713,-3.145628450611687,wc_0,477.6892484326184,wc
1003,41.0,veh_009,580.6425826463438,501.6,13.466354157566965,-0.21843694161158034,ec_0,419.35741735365616,ec
1003,41.0,veh_010,501.6,440.79496465310376,14.520139504207174,0.2643222585646434,sc_0,440.79496465310376,sc
1003,41.0,veh_011,498.4,551.3522889400886,14.941758095796995,-0.36639062241185627,nc_0,448.64771105991144,nc
1003,41.0,veh_012,400.36882759275016,498.4,14.36626763486889,0.21252794459927848,wc_0,400.36882759275016,wc
1003,41.0,veh_013,613.7044565376041,501.6,13.848009509949545,0.03587188419420251,ec_0,386.295543462396,ec
1003,41.0,veh_014,501.6,407.93102901159915,15.581865990567634,-0.09527662566862993,sc_0,407.93102901159915,sc
1003,41.0,veh_015,498.4,590.152651352915,16.287181541016327,0.05702772613149065,nc_0,409.847348647085,nc
1003,41.0,veh_016,340.86001800667367,498.4,13.708982814026477,-0.21725461623631404,wc_0,340.86001800667367,wc
1003,41.0,veh_017,687.5801663475085,501.6,13.563849193157703,-0.12200467058457498,ec_0,312.41983365249155,ec
1003,41.0,veh_018,501.6,315.0757347338096,13.927115015951872,-0.182869588988833,sc_0,315.0757347338096,sc
1003,41.0,veh_019,498.4,691.3948344103145,14.210920772204616,-0.06565861080307656,nc_0,308.6051655896855,nc
1003,41.0,veh_020,287.728914779139,498.4,13.84671394547719,-0.3708374704141164,wc_0,287.728914779139,wc
1003,41.0,veh_021,710.1082478391593,501.6,13.640187744937805,0.43157052394071016,ec_0,289.8917521608408,ec
1003,41.0,veh_022,501.6,285.0239805060384,15.582664515846634,0.02203774970490535,sc_0,285.0239805060384,sc
1003,41.0,veh_023,498.4,719.012687154864,15.89854704614726,-0.7572190700425097,nc_0,280.987312845136,nc
1003,42.0,veh_000,492.6989316040435,498.4,0.0,0.0,wc_0,492.6989316040435,wc
1003,42.0,veh_001,507.30107913896836,501.6,0.0,0.0,ec_0,492.69892086103164,ec
1003,42.0,veh_002,501.6,639.4097455518507,16.562396901790056,0.12521551173180612,cn_0,132.20974555185072,cn
1003,42.0,veh_003,498.4,376.4850881216629,16.08231197985355,-0.056048426404593954,cs_0,116.31491187833711,cs
1003,42.0,veh_004,485.1978413102785,498.4,0.0,-0.00025049963000860556,wc_0,485.1978413102785,wc
1003,42.0,veh_005,514.9167887839233,501.6,0.6149140418130634,-3.967115569612203,ec_0,485.08321121607673,ec
1003,42.0,veh_006,501.6,570.513931160639,16.280279329116457,-0.26736628813203467,cn_0,63.31393116063907,cn
1003,42.0,veh_007,498.4,455.99279195064236,15.661378671983535,0.05993808810599255,cs_0,36.80720804935764,cs
1003,42.0,veh_008,477.6965042094583,498.4,0.007255776839858919,-0.0705369351517482,wc_0,477.6965042094583,wc
1003,42.0,veh_009,567.477881920403,501.6,13.164700725940929,-0.3016534316260362,ec_0,432.5221180795971,ec
1003,42.0,veh_010,501.6,455.49311197854206,14.698147325438324,0.17800782123114978,sc_0,455.49311197854206,sc
1003,42.0,veh_011,498.4,536.2405979678061,15.111690972282396,0.1699328764854009,nc_0,463.75940203219386,nc
1003,42.0,veh_012,414.8721848987065,498.4,14.503357305956342,0.13708967108745185,wc_0,414.8721848987065,wc
1003,42.0,veh_013,599.6220852049282,501.6,14.08237133267575,0.2343618227262052,ec_0,400.3779147950717,ec
1003,42.0,veh_014,501.6,423.35022289823,15.41919388663085,-0.16267210393678333,sc_0,423.35022289823,sc
1003,42.0,veh_015,498.4,574.114184426209,16.038466926706025,-0.24871461431030184,nc_0,425.88581557379104,nc
1003,42.0,veh_016,354.5856478018929,498.4,13.725629795219229,0.016646981192751653,wc_0,354.5856478018929,wc
1003,42.0,veh_017,674.2503650220531,501.6,13.329801325455383,-0.23404786770231922,ec_0,325.7496349779469,ec
1003,42.0,veh_018,501.6,329.37631954027046,14.300584806460844,0.3734697905089721,sc_0,329.37631954027046,sc
1003,42.0,veh_019,498.4,677.1366762830155,14.25815812729902,0.047237355094402744,nc_0,322.8633237169845,nc
1003,42.0,veh_020,301.5574855276767,498.4,13.828570748537699,-0.018143196939490736,wc_0,301.5574855276767,wc
1003,42.0,veh_021,696.1948151026255,501.6,13.913432736533688,0.2732449915958828,ec_0,303.8051848973745,ec
1003,42.0,veh_022,501.6,300.7123714253439,15.688390919305528,0.10572640345889361,sc_0,300.7123714253439,sc
1003,42.0,veh_023,498.4,703.7349352476673,15.277751907196691,-0.6207951389505695,nc_0,296.2650647523327,nc
1003,43.0,veh_000,492.6989316040435,498.4,0.0,0.0,wc_0,492.6989316040435,wc
1003,43.0,veh_001,507.30107913896836,501.6,0.0,0.0,ec_0,492.69892086103164,ec
1003,43.0,veh_002,501.6,655.3568708571793,15.94712530532852,-0.6152715964615361,cn_0,148.15687085717923,cn
1003,43.0,veh_003,498.4,360.4980207596301,15.987067362032832,-0.09524461782071825,cs_0,132.30197924036995,cs
1003,43.0,veh_004,485.1978413102785,498.4,0.0,0.0,wc_0,485.1978413102785,wc
1003,43.0,veh_005,514.8151971136472,501.6,0.10159167027605281,-0.5133223715370105,ec_0,485.18480288635277,ec
1003,43.0,veh_006,501.6,586.8958406498982,16.381909489259126,0.10163016014266901,cn_0,79.6958406498982,cn
1003,43.0,veh_007,498.4,439.88023312380534,16.112558826837034,0.4511801548534997,cs_0,52.91976687619467,cs
1003,43.0,veh_008,477.6967439694735,498.4,0.00023976001523638257,-0.007016016824622536,wc_0,477.6967439694735,wc
1003,43.0,veh_009,554.0016667633961,501.6,13.476215157006807,0.31151443106587884,ec_0,445.9983332366039,ec
1003,43.0,veh_010,501.6,469.77832024043227,14.285208261890213,-0.4129390635481105,sc_0,469.77832024043227,sc
1003,43.0,veh_011,498.4,521.1648626959418,15.075735271864415,-0.03595570041798091,nc_0,478.83513730405826,nc
1003,43.0,veh_012,429.25293984013484,498.4,14.38075494142835,-0.12260236452799234,wc_0,429.25293984013484,wc
1003,43.0,veh_013,585.1531920436821,501.6,14.468893161246152,0.38652182857040174,ec_0,414.8468079563179,ec
1003,43.0,veh_014,501.6,438.54127194907767,15.191049050847681,-0.22814483578316924,sc_0,438.54127194907767,sc
1003,43.0,veh_015,498.4,558.1105771010696,16.003607325139455,-0.034859601566569864,nc_0,441.8894228989305,nc
1003,43.0,veh_016,368.7748351644338,498.4,14.189187362540924,0.4635575673216952,wc_0,368.7748351644338,wc
1003,43.0,veh_017,660.8088451938871,501.6,13.441519828165957,0.11171850271057338,ec_0,339.1911548061129,ec
1003,43.0,veh_018,501.6,343.32676753984094,13.950447999570475,-0.35013680689036875,sc_0,343.32676753984094,sc
1003,43.0,veh_019,498.4,662.5175287631585,14.619147519857133,0.360989392558114,nc_0,337.4824712368416,nc
1003,43.0,veh_020,315.7462496194095,498.4,14.188764091732832,0.3601933431951334,wc_0,315.7462496194095,wc
1003,43.0,veh_021,683.2924866642832,501.6,12.902328438342305,-1.0111042981913823,ec_0,316.7075133357168,ec
1003,43.0,veh_022,501.6,316.1015772143294,15.389205788985466,-0.2991851303200619,sc_0,316.1015772143294,sc
1003,43.0,veh_023,498.4,688.9066172435097,14.828318004157625,-0.4494339030390666,nc_0,311.0933827564903,nc
1003,44.0,veh_000,492.6989316040435,498.4,0.0,0.0,wc_0,492.6989316040435,wc
1003,44.0,veh_001,507.30107913896836,501.6,0.0,0.0,ec_0,492.69892086103164,ec
1003,44.0,veh_002,501.6,671.6942273453717,16.337356488192455,0.39023118286393554,cn_0,164.49422734537168,cn
1003,44.0,veh_003,498.4,343.9075965496759,16.590424209954218,0.6033568479213862,cs_0,148.89240345032417,cs
1003,44.0,veh_004,485.1978413102785,498.4,0.0,0.0,wc_0,485.1978413102785,wc
1003,44.0,veh_005,514.8051223979779,501.6,0.01007471566933249,-0.09151695460672032,ec_0,485.1948776020221,ec
1003,44.0,veh_006,501.6,603.1394021890034,16.24356153910514,-0.13834795015398527,cn_0,95.93940218900335,cn
1003,44.0,veh_007,498.4,423.84587595227606,16.03435717152925,-0.07820165530778311,cs_0,68.95412404772392,cs
1003,44.0,veh_008,477.6967439694735,498.4,0.0,-0.00023976001523638257,wc_0,477.6967439694735,wc
1003,44.0,veh_009,541.0319847955537,501.6,12.969681967842334,-0.5065331891644735,ec_0,458.96801520444626,ec
1003,44.0,veh_010,501.6,484.6034241260446,14.825103885612327,0.5398956237221135,sc_0,484.6034241260446,sc
1003,44.0,veh_011,498.4,505.5049933167521,15.659869379189642,0.5841341073252266,:c_1_0,1.6950066832478683,:c_1
1003,44.0,veh_012,443.07627212618473,498.4,13.823332286049881,-0.5574226553784687,wc_0,443.07627212618473,wc
1003,44.0,veh_013,571.0697673966158,501.6,14.083424647066343,-0.3854685141798093,ec_0,428.93023260338424,ec
1003,44.0,veh_014,501.6,453.95740502684225,15.416133077764565,0.22508402691688367,sc_0,453.95740502684225,sc
1003,44.0,veh_015,498.4,541.8973277296312,16.213249371438287,0.20964204629883199,nc_0,458.10267227036877,nc
1003,44.0,veh_016,382.8855587753243,498.4,14.11072361089051,-0.07846375165041408,wc_0,382.8855587753243,wc
1003,44.0,veh_017,647.0718700708644,501.6,13.736975123022757,0.2954552948568008,ec_0,352.92812992913565,ec
1003,44.0,veh_018,501.6,357.31323241772014,13.986464877879202,0.03601687830872713,sc_0,357.31323241772014,sc
1003,44.0,veh_019,498.4,647.959979629167,14.557549133991333,-0.0615983858657998,nc_0,352.04002037083296,nc
1003,44.0,veh_020,329.64036642561854,498.4,13.894116806209007,-0.29464728552382446,wc_0,329.64036642561854,wc
1003,44.0,veh_021,670.1922290901693,501.6,13.100257574113856,0.1979291357715507,ec_0,329.80777090983065,ec
1003,44.0,veh_022,501.6,331.04624330091974,14.944666086590338,-0.44453970239512763,sc_0,331.04624330091974,sc
1003,44.0,veh_023,498.4,673.9187983328263,14.98781891068332,0.15950090652569493,nc_0,326.0812016671736,nc
1003,45.0,veh_000,492.6989316040435,498.4,0.0,0.0,wc_0,492.6989316040435,wc
1003,45.0,veh_001,507.30107913896836,501.6,0.0,0.0,ec_0,492.69892086103164,ec
1003,45.0,veh_002,501.6,688.1887825537381,16.494555208366364,0.15719872017390912,cn_0,180.98878255373805,cn
1003,45.0,veh_003,498.4,327.8813834518055,16.02621309787035,-0.5642111120838678,cs_0,164.9186165481945,cs
1003,45.0,veh_004,485.1978413102785,498.4,0.0,0.0,wc_0,485.1978413102785,wc
1003,45.0,veh_005,514.802176842597,501.6,0.0029455553808873354,-0.007129160288445155,ec_0,485.197823157403,ec
1003,45.0,veh_006,501.6,619.6940982401651,16.554696051161738,0.31113451205659715,cn_0,112.49409824016509,cn
1003,45.0,veh_007,498.4,407.79830034498997,16.047575607286113,0.01321843575686188,cs_0,85.00169965501004,cs
1003,45.0,veh_008,477.6967439694735,498.4,0.0,0.0,wc_0,477.6967439694735,wc
1003,45.0,veh_009,530.6691024652739,501.6,10.362882330279817,-2.606799637562517,ec_0,469.3308975347261,ec
1003,45.0,veh_010,501.6,499.4624036917571,14.858979565712499,0.033875680100171834,:c_7_0,6.662403691757106,:c_7
1003,45.0,veh_011,498.4,490.11405213101716,15.390941185735011,-0.2689281934546308,cs_0,2.6859478689828773,cs
1003,45.0,veh_012,455.8740324186276,498.4,12.797760292442874,-1.0255719936070076,wc_0,455.8740324186276,wc
1003,45.0,veh_013,556.5039770762626,501.6,14.565790320353182,0.4823656732868393,ec_0,443.4960229237374,ec
1003,45.0,veh_014,501.6,469.28891440578644,15.331509378944205,-0.08462369882036036,sc_0,469.28891440578644,sc
1003,45.0,veh_015,498.4,525.7314847270446,16.165843002586627,-0.04740636885166083,nc_0,474.26851527295537,nc
1003,45.0,veh_016,396.98871239879014,498.4,14.10315362346586,-0.007569987424650648,wc_0,396.98871239879014,wc
1003,45.0,veh_017,633.9823899853125,501.6,13.089480085551813,-0.6474950374709447,ec_0,366.0176100146875,ec
1003,45.0,veh_018,501.6,371.58024996151653,14.267017543796406,0.2805526659172042,sc_0,371.58024996151653,sc
1003,45.0,veh_019,498.4,633.4208001041395,14.539179525027492,-0.01836960896384099,nc_0,366.5791998958605,nc
1003,45.0,veh_020,343.73975859330494,498.4,14.099392167686403,0.2052753614773959,wc_0,343.73975859330494,wc
1003,45.0,veh_021,656.0778091176335,501.6,14.114419972535838,1.0141623984219823,ec_0,343.92219088236646,ec
1003,45.0,veh_022,501.6,345.46613154552983,14.41988824461011,-0.524777841980228,sc_0,345.46613154552983,sc
1003,45.0,veh_023,498.4,659.0663709088824,14.852427423943983,-0.1353914867393371,nc_0,340.9336290911176,nc
1003,46.0,veh_000,492.6989316040435,498.4,0.0,0.0,wc_0,492.6989316040435,wc
1003,46.0,veh_001,507.30107913896836,501.6,0.0,0.0,ec_0,492.69892086103164,ec
1003,46.0,veh_002,501.6,704.4924612114719,16.303678657733837,-0.1908765506325274,cn_0,197.29246121147187,cn
1003,46.0,veh_003,498.4,311.9618798664445,15.919503585360946,-0.10670951250940419,cs_0,180.83812013355546,cs
1003,46.0,veh_004,485.1978413102785,498.4,0.0,0.0,wc_0,485.1978413102785,wc
1003,46.0,veh_005,514.802176842597,501.6,0.0,-0.0029455553808873354,ec_0,485.197823157403,ec
1003,46.0,veh_006,501.6,635.9028311509313,16.20873291076627,-0.3459631403954688,cn_0,128.70283115093136,cn
1003,46.0,veh_007,498.4,391.68637357703324,16.111926767956742,0.06435116067062907,cs_0,101.11362642296679,cs
1003,46.0,veh_008,477.6967439694735,498.4,0.0,0.0,wc_0,477.6967439694735,wc
1003,46.0,veh_009,524.2836005058841,501.6,6.385501959389736,-3.9773803708900806,ec_0,475.7163994941158,ec
1003,46.0,veh_010,501.6,514.3446071612076,14.882203469450461,0.02322390373796246,cn_0,7.144607161207565,cn
1003,46.0,veh_011,498.4,474.90374175668376,15.210310374333368,-0.1806308114016435,cs_0,17.896258243316247,cs
1003,46.0,veh_012,464.44100853051964,498.4,8.566976111892034,-4.23078418055084,wc_0,464.44100853051964,wc
1003,46.0,veh_013,544.0571992067315,501.6,12.446777869531045,-2.1190124508221366,ec_0,455.9428007932685,ec
1003,46.0,veh_014,501.6,484.83553032272465,15.546615916938203,0.21510653799399826,sc_0,484.83553032272465,sc
1003,46.0,veh_015,498.4,509.7133207703429,16.018163956701756,-0.14767904588487113,nc_0,490.2866792296571,nc
1003,46.0,veh_016,411.17828205976707,498.4,14.18956966097694,0.08641603751108029,wc_0,411.17828205976707,wc
1003,46.0,veh_017,620.5697430142684,501.6,13.412646971044206,0.3231668854923928,ec_0,379.43025698573166,ec
1003,46.0,veh_018,501.6,385.4868866574072,13.906636695890644,-0.36038084790576264,sc_0,385.4868866574072,sc
1003,46.0,veh_019,498.4,618.7142057299676,14.7065943741719,0.16741484914440719,nc_0,381.2857942700324,nc
1003,46.0,veh_020,357.92289262051025,498.4,14.183134027205327,0.08374185951892343,wc_0,357.92289262051025,wc
1003,46.0,veh_021,643.2155446164597,501.6,12.862264501173751,-1.2521554713620873,ec_0,356.7844553835402,ec
1003,46.0,veh_022,501.6,360.58115208224905,15.115020536719218,0.6951322921091077,sc_0,360.58115208224905,sc
1003,46.0,veh_023,498.4,643.8086411016143,15.257729807268172,0.4053023833241891,nc_0,356.1913588983858,nc
1003,47.0,veh_000,492.6989316040435,498.4,0.0,0.0,wc_0,492.6989316040435,wc
1003,47.0,veh_001,507.30107913896836,501.6,0.0,0.0,ec_0,492.69892086103164,ec
1003,47.0,veh_002,501.6,720.7372998905322,16.24483867906034,-0.05883997867349677,cn_0,213.5372998905322,cn
1003,47.0,veh_003,498.4,295.39207590512467,16.56980396131985,0.6503003759589028,cs_0,197.4079240948753,cs
1003,47.0,veh_004,485.1978413102785,498.4,0.0,0.0,wc_0,485.1978413102785,wc
1003,47.0,veh_005,514.802176842597,501.6,0.0,0.0,ec_0,485.197823157403,ec
1003,47.0,veh_006,501.6,652.1720647603693,16.269233609437943,0.06050069867167451,cn_0,144.9720647603693,cn
1003,47.0,veh_007,498.4,375.4211341553123,16.265239421720892,0.15331265376415004,cs_0,117.37886584468768,cs
1003,47.0,veh_008,477.6967439694735,498.4,0.0,0.0,wc_0,477.6967439694735,wc
1003,47.0,veh_009,522.3980985464945,501.6,1.8855019593897362,-4.5,ec_0,477.60190145350555,ec
1003,47.0,veh_010,501.6,528.8517394759696,14.507132314761977,-0.3750711546884844,cn_0,21.651739475969542,cn
1003,47.0,veh_011,498.4,459.60585095760297,15.297890799080799,0.087580424747431,cs_0,33.194149042397044,cs
1003,47.0,veh_012,468.8589606658645,498.4,4.417952135344863,-4.149023976547171,wc_0,468.8589606658645,wc
1003,47.0,veh_013,535.310323585903,501.6,8.746875620828495,-3.69990224870255,ec_0,464.689676414097,ec
1003,47.0,veh_014,501.6,500.24894089754235,15.41341057481771,-0.13320534212049218,:c_7_0,7.448940897542343,:c_7
1003,47.0,veh_015,498.4,493.7023595315917,16.01096123875119,-0.00720271795056604,:c_1_0,13.497640468408292,:c_1
1003,47.0,veh_016,424.9467398172554,498.4,13.768457757488305,-0.4211119034886348,wc_0,424.9467398172554,wc
1003,47.0,veh_017,607.4031438947745,501.6,13.166599119493812,-0.24604785155039366,ec_0,392.59685610522547,ec
1003,47.0,veh_018,501.6,399.44377796514107,13.956891307733908,0.05025461184326474,sc_0,399.44377796514107,sc
1003,47.0,veh_019,498.4,604.3138429813414,14.40036274862613,-0.3062316255457702,nc_0,395.68615701865855,nc
1003,47.0,veh_020,371.7139177504701,498.4,13.791025129959838,-0.3921088972454889,wc_0,371.7139177504701,wc
1003,47.0,veh_021,630.0359642360206,501.6,13.179580380439138,0.3173158792653865,ec_0,369.9640357639793,ec
1003,47.0,veh_022,501.6,374.7792333439926,14.198081261743564,-0.916939274975654,sc_0,374.7792333439926,sc
1003,47.0,veh_023,498.4,629.0118831674201,14.796757934194149,-0.46097187307402265,nc_0,370.9881168325799,nc
1003,48.0,veh_000,492.6989316040435,498.4,0.0,0.0,wc_0,492.6989316040435,wc
1003,48.0,veh_001,507.30107913896836,501.6,0.0,0.0,ec_0,492.69892086103164,ec
1003,48.0,veh_002,501.6,736.9682948718128,16.23099498128053,-0.01384369777980865,cn_0,229.76829487181274,cn
1003,48.0,veh_003,498.4,279.3797434199276,16.012332485197113,-0.5574714761227355,cs_0,213.42025658007242,cs
1003,48.0,veh_004,485.1978413102785,498.4,0.0,0.0,wc_0,485.1978413102785,wc
1003,48.0,veh_005,514.802176842597,501.6,0.0,0.0,ec_0,485.197823157403,ec
1003,48.0,veh_006,501.6,668.2200714250422,16.04800666467287,-0.22122694476507476,cn_0,161.02007142504218,cn
1003,48.0,veh_007,498.4,359.7418987842961,15.679235371016244,-0.5860040507046484,cs_0,133.0581012157039,cs
1003,48.0,veh_008,477.6967439694735,498.4,0.0,0.0,wc_0,477.6967439694735,wc
1003,48.0,veh_009,522.3073611134705,501.6,0.09073743302386589,-1.7947645263658702,ec_0,477.69263888652944,ec
1003,48.0,veh_010,501.6,543.5339583253648,14.682218849395278,0.17508653463330148,cn_0,36.33395832536482,cn
1003,48.0,veh_011,498.4,444.54998156638436,15.055869391218604,-0.24202140786219495,cs_0,48.25001843361565,cs
1003,48.0,veh_012,470.0968378938954,498.4,1.2378772280308554,-3.1800749073140073,wc_0,470.0968378938954,wc
1003,48.0,veh_013,530.7877988312842,501.6,4.5225247546187655,-4.22435086620973,ec_0,469.21220116871575,ec
1003,48.0,veh_014,501.6,515.8795822371226,15.63064133958021,0.21723076476249936,cn_0,8.67958223712255,cn
1003,48.0,veh_015,498.4,477.7004263058678,16.001933225723917,-0.009028013027272408,cs_0,15.099573694132209,cs
1003,48.0,veh_016,439.2448857418174,498.4,14.298145924562068,0.529688167073763,wc_0,439.2448857418174,wc
1003,48.0,veh_017,594.0834564784659,501.6,13.319687416308634,0.15308829681482194,ec_0,405.9165435215341,ec
1003,48.0,veh_018,501.6,413.48058146123077,14.03680349608972,0.07991218835581115,sc_0,413.48058146123077,sc
1003,48.0,veh_019,498.4,589.6436651536205,14.670177827720972,0.26981507909484215,nc_0,410.3563348463795,nc
1003,48.0,veh_020,385.9950257552309,498.4,14.281108004760847,0.49008287480100954,wc_0,385.9950257552309,wc
1003,48.0,veh_021,616.6687466867827,501.6,13.36721754923791,0.1876371687987728,ec_0,383.33125331321725,ec
1003,48.0,veh_022,501.6,389.3595118259094,14.580278481916807,0.38219722017324287,sc_0,389.3595118259094,sc
1003,48.0,veh_023,498.4,614.6911797785401,14.320703388879958,-0.47605454531419156,nc_0,385.3088202214599,nc
1003,49.0,veh_000,494.7906236122473,498.4,2.091692008203827,2.091692008203827,:c_10_0,1.9906236122473047,:c_10
1003,49.0,veh_001,505.3969107560387,501.6,1.904168382929638,1.904168382929638,:c_4_0,1.8030892439612671,:c_4
1003,49.0,veh_002,501.6,753.1946851722058,16.226390300393106,-0.004604680887425161,cn_0,245.99468517220583,cn
1003,49.0,veh_003,498.4,263.2768514573621,16.102891962565483,0.09055947736836956,cs_0,229.5231485426379,cs
1003,49.0,veh_004,485.1978413102785,498.4,0.0,0.0,wc_0,485.1978413102785,wc
1003,49.0,veh_005,514.802176842597,501.6,0.0,0.0,ec_0,485.197823157403,ec
1003,49.0,veh_006,501.6,684.6346160764061,16.41454465136398,0.36653798669111026,cn_0,177.43461607640614,cn
1003,49.0,veh_007,498.4,343.7763321014197,15.965566682876364,0.2863313118601205,cs_0,149.02366789858027,cs
1003,49.0,veh_008,477.6967439694735,498.4,0.0,0.0,wc_0,477.6967439694735,wc
1003,49.0,veh_009,522.3043718228533,501.6,0.00298929061722935,-0.08774814240663653,ec_0,477.69562817714666,ec
1003,49.0,veh_010,501.6,558.341900739138,14.807942413773263,0.12572356437798504,cn_0,51.14190073913808,cn
1003,49.0,veh_011,498.4,429.2475837613205,15.30239780506383,0.24652841384522617,cs_0,63.552416238679484,cs
1003,49.0,veh_012,470.16861632926407,498.4,0.07177843536868454,-1.1660987926621709,wc_0,470.16861632926407,wc
1003,49.0,veh_013,529.8830118093842,501.6,0.9047870218999802,-3.617737732718785,ec_0,470.11698819061576,ec
1003,49.0,veh_014,501.6,531.4626853561556,15.583103119033069,-0.04753822054714085,cn_0,24.26268535615562,cn
1003,49.0,veh_015,498.4,461.3839261916327,16.316500114235097,0.3145668885111803,cs_0,31.416073808367308,cs
1003,49.0,veh_016,450.985813348975,498.4,11.74092760715755,-2.5572183174045175,wc_0,450.985813348975,wc
1003,49.0,veh_017,580.3490678511425,501.6,13.734388627323396,0.4147012110147621,ec_0,419.65093214885746,ec
1003,49.0,veh_018,501.6,427.5342013107645,14.05361984953373,0.016816353444010446,sc_0,427.5342013107645,sc
1003,49.0,veh_019,498.4,575.112675538405,14.53098961521543,-0.13918821250554103,nc_0,424.887324461595,nc
1003,49.0,veh_020,399.94104581054444,498.4,13.946020055313515,-0.3350879494473329,wc_0,399.94104581054444,wc
1003,49.0,veh_021,602.947804406514,501.6,13.720942280268677,0.3537247310307663,ec_0,397.0521955934859,ec
1003,49.0,veh_022,501.6,403.78621406743906,14.426702241529672,-0.15357624038713524,sc_0,403.78621406743906,sc
1003,49.0,veh_023,498.4,599.4624255207642,15.228754257775917,0.908050868895959,nc_0,400.5375744792358,nc
1003,50.0,veh_000,498.9928566730366,498.4,4.202233060789294,2.110541052585467,:c_10_0,6.192856673036599,:c_10
1003,50.0,veh_001,501.3716643475967,501.6,4.025246408442036,2.1210780255123978,:c_4_0,5.828335652403303,:c_4
1003,50.0,veh_002,501.6,769.6870439699293,16.49235879772343,0.26596849733032357,cn_0,262.4870439699293,cn
1003,50.0,veh_003,498.4,246.9586318217591,16.31821963560302,0.2153276730375353,cs_0,245.8413681782409,cs
1003,50.0,veh_004,487.1825669847319,498.4,1.9847256744534525,1.9847256744534525,wc_0,487.1825669847319,wc
1003,50.0,veh_005,513.3160853120667,501.6,1.4860915305304387,1.4860915305304387,ec_0,486.6839146879334,ec
1003,50.0,veh_006,501.6,700.9735858882033,16.338969811797142,-0.07557483956683697,cn_0,193.77358588820329,cn
1003,50.0,veh_007,498.4,327.7126271199788,16.063704981440956,0.09813829856459222,cs_0,165.08737288002123,cs
1003,50.0,veh_008,477.6967439694735,498.4,0.0,0.0,wc_0,477.6967439694735,wc
1003,50.0,veh_009,522.3034461422762,501.6,0.0009256805770522314,-0.0020636100401771186,ec_0,477.6965538577237,ec
1003,50.0,veh_010,501.6,573.1005930882887,14.758692349150653,-0.04925006462261017,cn_0,65.90059308828873,cn
1003,50.0,veh_011,498.4,414.22745927931766,15.020124482002885,-0.2822733230609451,cs_0,78.57254072068237,cs
1003,50.0,veh_012,470.1922044828688,498.4,0.02358815360476019,-0.048190281763924356,wc_0,470.1922044828688,wc
1003,50.0,veh_013,529.8250447235049,501.6,0.05796708587936874,-0.8468199360206115,ec_0,470.1749552764951,ec
1003,50.0,veh_014,501.6,547.0861849143191,15.623499558163488,0.04039643913041857,cn_0,39.88618491431911,cn
1003,50.0,veh_015,498.4,444.718601342924,16.6653248487087,0.3488247344736024,cs_0,48.08139865707601,cs
1003,50.0,veh_016,458.4130339102066,498.4,7.42722056123159,-4.31370704592596,wc_0,458.4130339102066,wc
1003,50.0,veh_017,567.2446544885015,501.6,13.104413362640962,-0.6299752646824341,ec_0,432.75534551149843,ec
1003,50.0,veh_018,501.6,441.806224983348,14.272023672583469,0.21840382304973893,sc_0,441.806224983348,sc
1003,50.0,veh_019,498.4,560.8174933558942,14.295182182510825,-0.2358074327046058,nc_0,439.1825066441058,nc
1003,50.0,veh_020,413.6844157181582,498.4,13.743369907613763,-0.20265014769975132,wc_0,413.6844157181582,wc
1003,50.0,veh_021,588.9191582571261,501.6,14.0286461493879,0.3077038691192229,ec_0,411.0808417428738,ec
1003,50.0,veh_022,501.6,418.27622944050046,14.490015373061375,0.0633131315317037,sc_0,418.27622944050046,sc
1003,50.0,veh_023,498.4,585.1318638244086,14.330561696355637,-0.898192561420279,nc_0,414.8681361755914,nc
1003,51.0,veh_000,505.3541883472324,498.4,6.361331674195826,2.159098613406532,:c_10_0,12.554188347232426,:c_10
1003,51.0,veh_001,495.45665579029287,501.6,5.91500855730381,1.8897621488617737,:c_4_0,11.743344209707113,:c_4
1003,51.0,veh_002,501.6,785.8296737097298,16.14262973980047,-0.3497290579229606,cn_0,278.6296737097298,cn
1003,51.0,veh_003,498.4,230.42431620981085,16.534315611948262,0.2160959763452439,cs_0,262.37568379018916,cs
1003,51.0,veh_004,491.26516272439426,498.4,4.082595739662336,2.097870065208884,wc_0,491.26516272439426,wc
1003,51.0,veh_005,509.68989924227844,501.6,3.6261860697881367,2.140094539257698,ec_0,490.31010075772156,ec
1003,51.0,veh_006,501.6,717.5067726479517,16.5331867597485,0.19421694795135735,cn_0,210.3067726479518,cn
1003,51.0,veh_007,498.4,311.65294143577347,16.05968568420531,-0.004019297235647201,cs_0,181.14705856422654,cs
1003,51.0,veh_008,479.52339734802916,498.4,1.8266533785556223,1.8266533785556223,wc_0,479.52339734802916,wc
1003,51.0,veh_009,521.23308072579,501.6,1.070365416486233,1.0694397359091807,ec_0,478.76691927420995,ec
1003,51.0,veh_010,501.6,587.3954781125791,14.294885024290409,-0.46380732486024456,cn_0,80.19547811257914,cn
1003,51.0,veh_011,498.4,398.62924078139235,15.598218497925282,0.5780940159223977,cs_0,94.17075921860766,cs
1003,51.0,veh_012,470.1951441727785,498.4,0.0029396899096899207,-0.02064846369507027,wc_0,470.1951441727785,wc
1003,51.0,veh_013,529.8082188596966,501.6,0.016825863808254807,-0.04114122207111393,ec_0,470.19178114030336,ec
1003,51.0,veh_014,501.6,562.4877882481318,15.401603333812732,-0.22189622435075584,cn_0,55.28778824813184,cn
1003,51.0,veh_015,498.4,428.08446079496764,16.634140547956342,-0.031184300752357785,cs_0,64.71553920503234,cs
1003,51.0,veh_016,462.30731998150475,498.4,3.8942860712981417,-3.5329344899334485,wc_0,462.30731998150475,wc
1003,51.0,veh_017,553.9975044845477,501.6,13.247150003953912,0.1427366413129505,ec_0,446.0024955154523,ec
1003,51.0,veh_018,501.6,456.07446105423884,14.268236070890866,-0.0037876016926023937,sc_0,456.07446105423884,sc
1003,51.0,veh_019,498.4,546.6094066091434,14.20808674675084,-0.08709543575998424,nc_0,453.3905933908566,nc
1003,51.0,veh_020,428.08754396402037,498.4,14.40312824586212,0.6597583382483574,wc_0,428.08754396402037,wc
1003,51.0,veh_021,576.1921223786958,501.6,12.72703587843044,-1.3016102709574593,ec_0,423.80787762130427,ec
1003,51.0,veh_022,501.6,432.97570525026407,14.69947580976361,0.20946043670223524,sc_0,432.97570525026407,sc
1003,51.0,veh_023,498.4,570.720147298138,14.411716526270558,0.08115482991492051,nc_0,429.27985270186196,nc
1003,52.0,veh_000,514.2068063356885,498.4,8.852617988456041,2.491286314260215,ce_0,7.006806335688465,ce
1003,52.0,veh_001,487.6668440500174,501.6,7.789811740275474,1.8748031829716645,cw_0,5.133155949982585,cw
1003,52.0,veh_002,501.6,801.8373224995287,16.007648789798843,-0.13498095000162635,cn_0,294.63732249952864,cn
1003,52.0,veh_003,498.4,214.17622390695857,16.248092302852314,-0.2862233090959485,cs_0,278.62377609304144,cs
1003,52.0,veh_004,492.4897153523846,498.4,1.2245526279903627,-2.8580431116719733,wc_0,492.4897153523846,wc
1003,52.0,veh_005,507.39456396444353,501.6,2.295335277834898,-1.3308507919532389,ec_0,492.60543603555647,ec
1003,52.0,veh_006,501.6,733.5719341846509,16.06516153669916,-0.468025223049338,cn_0,226.37193418465094,cn
1003,52.0,veh_007,498.4,296.0066167632791,15.64632467249436,-0.41336101171094874,cs_0,196.7933832367209,cs
1003,52.0,veh_008,483.0388239332092,498.4,3.5154265851800357,1.6887732066244134,wc_0,483.0388239332092,wc
1003,52.0,veh_009,517.8887428314374,501.6,3.34433789435257,2.2739724778663373,ec_0,482.11125716856253,ec
1003,52.0,veh_010,501.6,602.2220580899666,14.82657997738744,0.5316949530970305,cn_0,95.02205808996658,cn
1003,52.0,veh_011,498.4,383.34748162819966,15.281759153192708,-0.316459344732575,cs_0,109.45251837180037,cs
1003,52.0,veh_012,471.5172203720943,498.4,1.3220761993158079,1.319136509406118,wc_0,471.5172203720943,wc
1003,52.0,veh_013,528.8334887078797,501.6,0.9747301518168962,0.9579042880086414,ec_0,471.1665112921203,ec
1003,52.0,veh_014,501.6,577.3326626727564,14.84487442462462,-0.5567289091881111,cn_0,70.13266267275645,cn
1003,52.0,veh_015,498.4,412.1441069106153,15.940353884352373,-0.6937866636039693,cs_0,80.65589308938472,cs
1003,52.0,veh_016,462.68661878041524,498.4,0.3792987989105208,-3.514987272387621,wc_0,462.68661878041524,wc
1003,52.0,veh_017,544.6303888727394,501.6,9.367115611808229,-3.8800343921456832,ec_0,455.36961112726055,ec
1003,52.0,veh_018,501.6,470.3790191900696,14.304558135830753,0.036322064939886545,sc_0,470.3790191900696,sc
1003,52.0,veh_019,498.4,531.8448257273556,14.764580881787905,0.5564941350370649,nc_0,468.1551742726445,nc
1003,52.0,veh_020,440.8112816791449,498.4,12.723737715124505,-1.6793905307376154,wc_0,440.8112816791449,wc
1003,52.0,veh_021,563.2330650663963,501.6,12.959057312299434,0.23202143386899365,ec_0,436.7669349336037,ec
1003,52.0,veh_022,501.6,447.51784784076943,14.542142590505378,-0.1573332192582324,sc_0,447.51784784076943,sc
1003,52.0,veh_023,498.4,556.0211799780927,14.698967320045359,0.2872507937748008,nc_0,443.9788200219073,nc
1003,53.0,veh_000,525.5716466452478,498.4,11.364840309559368,2.5122223211033265,ce_0,18.371646645247832,ce
1003,53.0,veh_001,477.8690156883879,501.6,9.797828361629511,2.008016621354037,cw_0,14.930984311612097,cw
1003,53.0,veh_002,501.6,818.1903417815735,16.353019282044844,0.34537049224600125,cn_0,310.9903417815735,cn
1003,53.0,veh_003,498.4,197.9398110659887,16.236412840969862,-0.011679461882451392,cs_0,294.8601889340113,cs
1003,53.0,veh_004,492.6559543290172,498.4,0.16623897663261,-1.0583136513577527,wc_0,492.6559543290172,wc
1003,53.0,veh_005,507.32493750330786,501.6,0.06962646113566155,-2.2257088166992363,ec_0,492.67506249669214,ec
1003,53.0,veh_006,501.6,750.0150045385537,16.44307035390288,0.3779088172037177,cn_0,242.8150045385538,cn
1003,53.0,veh_007,498.4,279.80083514541104,16.205781617868038,0.5594569453736771,cs_0,212.99916485458894,cs
1003,53.0,veh_008,484.80804139107346,498.4,1.7692174578642983,-1.7462091273157374,wc_0,484.80804139107346,wc
1003,53.0,veh_009,514.9424671232237,501.6,2.9462757082137467,-0.3980621861388234,ec_0,485.0575328767763,ec
1003,53.0,veh_010,501.6,617.1730371458702,14.950979055903728,0.12439907851628895,cn_0,109.97303714587031,cn
1003,53.0,veh_011,498.4,368.12296055593686,15.224521072262743,-0.05723808092996485,cs_0,124.67703944406311,cs
1003,53.0,veh_012,475.3109060693838,498.4,3.7936856972895034,2.4716094979736956,wc_0,475.3109060693838,wc
1003,53.0,veh_013,525.8619652629957,501.6,2.971523444884071,1.9967932930671748,ec_0,474.1380347370044,ec
1003,53.0,veh_014,501.6,592.0965108185128,14.763848145756416,-0.08102627886820457,cn_0,84.89651081851287,cn
1003,53.0,veh_015,498.4,395.74673571394294,16.39737119667232,0.45701731231994813,cs_0,97.05326428605704,cs
1003,53.0,veh_016,463.7238048170449,498.4,1.0371860366296302,0.6578872377191094,wc_0,463.7238048170449,wc
1003,53.0,veh_017,538.2677490596942,501.6,6.362639813045216,-3.0044757987630133,ec_0,461.7322509403058,ec
1003,53.0,veh_018,501.6,484.39028842644046,14.011269236370877,-0.2932888994598759,sc_0,484.39028842644046,sc
1003,53.0,veh_019,498.4,517.566014888828,14.278810838527487,-0.48577004326041795,nc_0,482.433985111172,nc
1003,53.0,veh_020,450.01457099970656,498.4,9.203289320561696,-3.520448394562809,wc_0,450.01457099970656,wc
1003,53.0,veh_021,553.6190446211215,501.6,9.614020445274866,-3.345036867024568,ec_0,446.3809553788786,ec
1003,53.0,veh_022,501.6,461.92652384543834,14.408676004668918,-0.13346658583646054,sc_0,461.92652384543834,sc
1003,53.0,veh_023,498.4,541.3266321821292,14.6945477959635,-0.004419524081859194,nc_0,458.6733678178708,nc
1003,54.0,veh_000,539.1016480865579,498.4,13.530001441310159,2.165161131750791,ce_0,31.90164808655799,ce
1003,54.0,veh_001,465.9180077449272,501.6,11.95100794346072,2.1531795818312087,cw_0,26.881992255072817,cw
1003,54.0,veh_002,501.6,834.1235654572911,15.933223675717601,-0.4197956063272432,cn_0,326.9235654572911,cn
1003,54.0,veh_003,498.4,182.04103776585316,15.89877330013551,-0.33763954083435266,cs_0,310.75896223414685,cs
1003,54.0,veh_004,492.6902543137578,498.4,0.03429998474057777,-0.13193899189203223,wc_0,492.6902543137578,wc
1003,54.0,veh_005,507.3045486063006,501.6,0.020388897007261757,-0.049237564128399795,ec_0,492.6954513936994,ec
1003,54.0,veh_006,501.6,766.3036162545113,16.288611715957526,-0.15445863794535342,cn_0,259.10361625451134,cn
1003,54.0,veh_007,498.4,263.8287230191768,15.972112126234265,-0.2336694916337727,cs_0,228.9712769808232,cs
1003,54.0,veh_008,485.10677177826665,498.4,0.2987303871931997,-1.4704870706710986,wc_0,485.10677177826665,wc
1003,54.0,veh_009,514.8578885878621,501.6,0.08457853536150967,-2.861697172852237,ec_0,485.1421114121378,ec
1003,54.0,veh_010,501.6,631.5807006455524,14.407663499682087,-0.543315556221641,cn_0,124.3807006455524,cn
1003,54.0,veh_011,498.4,352.5793043197588,15.543656236178087,0.3191351639153446,cs_0,140.2206956802412,cs
1003,54.0,veh_012,476.74002705145523,498.4,1.4291209820714155,-2.364564715218088,wc_0,476.74002705145523,wc
1003,54.0,veh_013,522.7805089888202,501.6,3.0814562741753697,0.10993282929129888,ec_0,477.21949101117974,ec
1003,54.0,veh_014,501.6,607.0766457036825,14.98013488516966,0.21628673941324372,cn_0,99.87664570368253,cn
1003,54.0,veh_015,498.4,379.4130908095482,16.333644904394824,-0.06372629227749727,cs_0,113.38690919045186,cs
1003,54.0,veh_016,466.8028009452268,498.4,3.078996128181955,2.0418100915523247,wc_0,466.8028009452268,wc
1003,54.0,veh_017,534.1316414238829,501.6,4.136107635811336,-2.2265321772338798,ec_0,465.86835857611715,ec
1003,54.0,veh_018,501.6,498.28496818010063,13.89467975366018,-0.11658948271069747,:c_7_0,5.484968180100623,:c_7
1003,54.0,veh_019,498.4,503.0270194898778,14.538995398950274,0.26018456042278615,:c_1_0,4.1729805101222155,:c_1
1003,54.0,veh_020,454.9229855923085,498.4,4.908414592601976,-4.29487472795972,wc_0,454.9229855923085,wc
1003,54.0,veh_021,546.6834682444392,501.6,6.9355763766822145,-2.6784440685926514,ec_0,453.3165317555608,ec
1003,54.0,veh_022,501.6,475.98263851255587,14.05611466711752,-0.35256133755139807,sc_0,475.98263851255587,sc
1003,54.0,veh_023,498.4,526.9619362680801,14.36469591404906,-0.3298518819144398,nc_0,473.03806373191986,nc
1003,55.0,veh_000,554.1018362934233,498.4,15.000188206865298,1.4701867655551393,ce_0,46.90183629342329,ce
1003,55.0,veh_001,451.49705023004606,501.6,14.420957514881158,2.469949571420438,cw_0,41.302949769953976,cw
1003,55.0,veh_002,501.6,850.1955608681078,16.071995410816747,0.1387717350991462,cn_0,342.9955608681078,cn
1003,55.0,veh_003,498.4,166.07882780634804,15.962209959505127,0.06343665936961784,cs_0,326.72117219365197,cs
1003,55.0,veh_004,492.69681371190944,498.4,0.006559398151617123,-0.02774058658896065,wc_0,492.69681371190944,wc
1003,55.0,veh_005,507.3013063142769,501.6,0.003242292023705085,-0.017146604983556673,ec_0,492.6986936857231,ec
1003,55.0,veh_006,501.6,782.7781174442546,16.47450118974317,0.18588947378564313,cn_0,275.57811744425453,cn
1003,55.0,veh_007,498.4,247.97384815233423,15.85487486684257,-0.11723725939169505,cs_0,244.82615184766578,cs
1003,55.0,veh_008,485.17008434283537,498.4,0.06331256456872075,-0.23541782262447897,wc_0,485.17008434283537,wc
1003,55.0,veh_009,514.8150952479801,501.6,0.04279333988208121,-0.04178519547942845,ec_0,485.18490475201986,ec
1003,55.0,veh_010,501.6,645.9955410728653,14.414840427312877,0.007176927630789365,cn_0,138.79554107286526,cn
1003,55.0,veh_011,498.4,336.97776039372764,15.601543926031173,0.05788768985308579,cs_0,155.82223960627238,cs
1003,55.0,veh_012,477.52662933679795,498.4,0.786602285342726,-0.6425186967286894,wc_0,477.52662933679795,wc
1003,55.0,veh_013,522.4636673735599,501.6,0.3168416152602495,-2.76461465891512,ec_0,477.53633262644,ec
1003,55.0,veh_014,501.6,621.403755102109,14.327109398426527,-0.6530254867431324,cn_0,114.20375510210906,cn
1003,55.0,veh_015,498.4,363.64590276063655,15.76718804891162,-0.566456855483203,cs_0,129.15409723936347,cs
1003,55.0,veh_016,468.9724207813969,498.4,2.1696198361700945,-0.9093762920118604,wc_0,468.9724207813969,wc
1003,55.0,veh_017,530.9113480686426,501.6,3.220293355240182,-0.915814280571154,ec_0,469.08865193135733,ec
1003,55.0,veh_018,501.6,512.6900924054106,14.405124225310006,0.5104444716498264,cn_0,5.490092405410627,cn
1003,55.0,veh_019,498.4,488.5157020719335,14.51131741794429,-0.027677981005982843,cs_0,4.284297928066506,cs
1003,55.0,veh_020,459.24562277777375,498.4,4.32263718546525,-0.5857774071367263,wc_0,459.24562277777375,wc
1003,55.0,veh_021,542.5741530227281,501.6,4.109315221711203,-2.8262611549710117,ec_0,457.425846977272,ec
1003,55.0,veh_022,501.6,489.7742643872288,13.791625874672944,-0.2644887924445758,sc_0,489.7742643872288,sc
1003,55.0,veh_023,498.4,512.1689944655402,14.79294180254001,0.4282458884909506,nc_0,487.83100553445985,nc
1003,56.0,veh_000,569.8043914642255,498.4,15.702555170802244,0.7023669639369459,ce_0,62.60439146422553,ce
1003,56.0,veh_001,435.324192664739,501.6,16.17285756530706,1.7519000504259008,cw_0,57.47580733526104,cw
1003,56.0,veh_002,501.6,866.6792375521129,16.48367668400519,0.4116812731884423,cn_0,359.479237552113,cn
1003,56.0,veh_003,498.4,149.96570587174972,16.113121934598315,0.15091197509318732,cs_0,342.8342941282503,cs
1003,56.0,veh_004,492.69856278295566,498.4,0.0017490710461989974,-0.004810327105418125,wc_0,492.69856278295566,wc
1003,56.0,veh_005,507.3010153520984,501.6,0.0002909621785348372,-0.002951329845170248,ec_0,492.6989846479016,ec
1003,56.0,veh_006,501.6,798.7963150881325,16.01819764387794,-0.4563035458652287,cn_0,291.5963150881325,cn
1003,56.0,veh_007,498.4,231.85264171455623,16.121206437778007,0.2663315709354368,cs_0,260.9473582854438,cs
1003,56.0,veh_008,485.19191396536587,498.4,0.021829622530498066,-0.041482942038222684,wc_0,485.19191396536587,wc
1003,56.0,veh_009,514.8045423613405,501.6,0.010552886639571145,-0.03224045324251007,ec_0,485.19545763865943,ec
1003,56.0,veh_010,501.6,660.8189961755668,14.823455102701548,0.40861467538867124,cn_0,153.61899617556682,cn
1003,56.0,veh_011,498.4,321.45062371464746,15.52713667908016,-0.0744072469510133,cs_0,171.34937628535255,cs
1003,56.0,veh_012,477.65655180460936,498.4,0.1299224678114345,-0.6566798175312916,wc_0,477.65655180460936,wc
1003,56.0,veh_013,522.3415729398432,501.6,0.12209443371672211,-0.19474718154352738,ec_0,477.6584270601567,ec
1003,56.0,veh_014,501.6,636.4582895845874,15.054534482478394,0.7274250840518661,cn_0,129.25828958458746,cn
1003,56.0,veh_015,498.4,347.29358440124406,16.35231835939245,0.5851303104808281,cs_0,145.50641559875592,cs
1003,56.0,veh_016,469.9752318211516,498.4,1.0028110397547005,-1.166808796415394,wc_0,469.9752318211516,wc
1003,56.0,veh_017,530.1169544988275,501.6,0.794393569815268,-2.425899785424914,ec_0,469.8830455011726,ec
1003,56.0,veh_018,501.6,526.6673643170764,13.977271911665753,-0.42785231364425336,cn_0,19.46736431707638,cn
1003,56.0,veh_019,498.4,474.0266251974292,14.489076874504308,-0.02224054343998283,cs_0,18.773374802570814,cs
1003,56.0,veh_020,460.9271479658152,498.4,1.6815251880414375,-2.6411119974238124,wc_0,460.9271479658152,wc
1003,56.0,veh_021,539.0155367209504,501.6,3.5586163017776187,-0.5506989199335841,ec_0,460.9844632790496,ec
1003,56.0,veh_022,501.6,504.4274329049063,14.653168517677507,0.8615426430045634,:c_7_0,11.6274329049063,:c_7
1003,56.0,veh_023,498.4,497.39526117251904,14.773733293021092,-0.019208509518918504,:c_1_0,9.804738827480946,:c_1
1003,57.0,veh_000,585.1535830340072,498.4,15.349191569781707,-0.3533636010205363,ce_0,77.95358303400724,ce
1003,57.0,veh_001,419.1918718588159,501.6,16.132320805923083,-0.04053675938397561,cw_0,73.60812814118412,cw
1003,57.0,veh_002,501.6,882.6705146552343,15.991277103121394,-0.4923995808837951,cn_0,375.47051465523435,cn
1003,57.0,veh_003,498.4,134.0081587723131,15.957547099436635,-0.15557483516167991,cs_0,358.7918412276869,cs
1003,57.0,veh_004,493.8508715667472,498.4,1.1523087837915327,1.1505597127453338,:c_10_0,1.050871566747162,:c_10
1003,57.0,veh_005,506.1404229952285,501.6,1.1605923568698728,1.160301394691338,:c_4_0,1.0595770047714836,:c_4
1003,57.0,veh_006,501.6,814.706071813712,15.909756725579502,-0.10844091829843805,cn_0,307.50607181371197,cn
1003,57.0,veh_007,498.4,215.9698221086718,15.88281960588442,-0.23838683189358711,cs_0,276.8301778913282,cs
1003,57.0,veh_008,485.1961834470815,498.4,0.004269481715645389,-0.017560140814852677,wc_0,485.1961834470815,wc
1003,57.0,veh_009,514.8025280465913,501.6,0.0020143147492154233,-0.008538571890355721,ec_0,485.19747195340864,ec
1003,57.0,veh_010,501.6,675.428162917289,14.60916674172214,-0.21428836097940795,cn_0,168.22816291728896,cn
1003,57.0,veh_011,498.4,305.9544424698645,15.496181244782948,-0.030955434297212037,cs_0,186.8455575301355,cs
1003,57.0,veh_012,477.6862528323859,498.4,0.029701027776540698,-0.10022144003489379,wc_0,477.6862528323859,wc
1003,57.0,veh_013,522.307880437748,501.6,0.03369250209516586,-0.08840193162155625,ec_0,477.6921195622519,ec
1003,57.0,veh_014,501.6,651.728422839426,15.270133254838552,0.215598772360158,cn_0,144.528422839426,cn
1003,57.0,veh_015,498.4,331.4573707322725,15.836213668971569,-0.5161046904208799,cs_0,161.3426292677275,cs
1003,57.0,veh_016,470.1279986507743,498.4,0.1527668296227203,-0.8500442101319803,wc_0,470.1279986507743,wc
1003,57.0,veh_017,529.8957022524273,501.6,0.22125224640004326,-0.5731413234152247,ec_0,470.1042977475727,ec
1003,57.0,veh_018,501.6,541.0273564817999,14.359992164723531,0.38272025305777824,cn_0,33.82735648179991,cn
1003,57.0,veh_019,498.4,459.90979904805357,14.116826149375619,-0.37225072512868884,cs_0,32.89020095194643,cs
1003,57.0,veh_020,462.1458290378727,498.4,1.2186810720575036,-0.4628441159839338,wc_0,462.1458290378727,wc
1003,57.0,veh_021,537.8312465772817,501.6,1.1842901436687858,-2.3743261581088326,ec_0,462.16875342271834,ec
1003,57.0,veh_022,501.6,518.1064402201094,13.679007315203133,-0.9741612024743738,cn_0,10.906440220109433,cn
1003,57.0,veh_023,498.4,483.143814764141,14.251446408378055,-0.5222868846430373,cs_0,9.656185235859,cs
1003,58.0,veh_000,600.4131098370004,498.4,15.259526802993225,-0.08966476678848245,ce_0,93.21310983700046,ce
1003,58.0,veh_001,402.9346112551906,501.6,16.25726060362533,0.12493979770224684,cw_0,89.86538874480945,cw
1003,58.0,veh_002,501.6,899.2643008191837,16.59378616394941,0.6025090608280159,cn_0,392.06430081918376,cn
1003,58.0,veh_003,498.4,117.75462357984395,16.253535192469137,0.29598809303250206,cs_0,375.04537642015606,cs
1003,58.0,veh_004,497.37091283322627,498.4,3.5200412664791028,2.36773248268757,:c_10_0,4.570912833226265,:c_10
1003,58.0,veh_005,502.94858157261024,501.6,3.191841422618289,2.0312490657484163,:c_4_0,4.251418427389773,:c_4
1003,58.0,veh_006,501.6,830.7381051144982,16.03203330078628,0.12227657520677937,cn_0,323.53810511449825,cn
1003,58.0,veh_007,498.4,199.7623797063348,16.207442402337023,0.32462279645260317,cs_0,293.0376202936652,cs
1003,58.0,veh_008,486.05449394877405,498.4,0.8583105016925174,0.8540410199768721,wc_0,486.05449394877405,wc
1003,58.0,veh_009,513.6930003732496,501.6,1.1095276733418626,1.1075133585926473,ec_0,486.3069996267505,ec
1003,58.0,veh_010,501.6,689.7643468713721,14.336183954083237,-0.2729827876389024,cn_0,182.56434687137218,cn
1003,58.0,veh_011,498.4,290.2825849685469,15.671857501317591,0.17567625653464347,cs_0,202.51741503145308,cs
1003,58.0,veh_012,477.6945313435977,498.4,0.008278511211787692,-0.021422516564753004,wc_0,477.6945313435977,wc
1003,58.0,veh_013,522.3039630563425,501.6,0.003917381405625521,-0.02977512068954034,ec_0,477.69603694365753,ec
1003,58.0,veh_014,501.6,666.7006299580753,14.972207118649282,-0.29792613618927,cn_0,159.5006299580753,cn
1003,58.0,veh_015,498.4,315.70024105061765,15.757129681654886,-0.07908398731668242,cs_0,177.09975894938236,cs
1003,58.0,veh_016,470.181225015838,498.4,0.053226365063663635,-0.09954046455905669,wc_0,470.181225015838,wc
1003,58.0,veh_017,529.8261036477169,501.6,0.06959860471047818,-0.15165364168956508,ec_0,470.1738963522831,ec
1003,58.0,veh_018,501.6,554.9213169326885,13.893960450888567,-0.46603171383496367,cn_0,47.72131693268848,cn
1003,58.0,veh_019,498.4,445.3280634021797,14.581735645873913,0.4649094964982936,cs_0,47.471936597820346,cs
1003,58.0,veh_020,462.52929291912807,498.4,0.38346388125535286,-0.8352171908021508,wc_0,462.52929291912807,wc
1003,58.0,veh_021,537.4338576744453,501.6,0.39738890283626355,-0.7869012408325222,ec_0,462.5661423255546,ec
1003,58.0,veh_022,501.6,532.0101618544599,13.903721634350402,0.22471431914726914,cn_0,24.810161854459835,cn
1003,58.0,veh_023,498.4,469.1633507234395,13.980464040701465,-0.2709823676765897,cs_0,23.636649276560465,cs
1003,59.0,veh_000,615.6171882998534,498.4,15.20407846285294,-0.0554483401402841,ce_0,108.4171882998534,ce
1003,59.0,veh_001,386.50638690996846,501.6,16.428224345222116,0.17096374159678618,cw_0,106.29361309003157,cw
1003,59.0,veh_002,501.6,915.7891248840932,16.52482406490948,-0.06896209903992911,cn_0,408.5891248840932,cn
1003,59.0,veh_003,498.4,101.5777111700969,16.176912409747022,-0.07662278272211509,cs_0,391.2222888299031,cs
1003,59.0,veh_004,503.0091727186068,498.4,5.638259885380549,2.1182186189014462,:c_10_0,10.209172718606814,:c_10
1003,59.0,veh_005,497.3555700519787,501.6,5.593011520631533,2.401170098013244,:c_4_0,9.844429948021306,:c_4
1003,59.0,veh_006,501.6,847.1123694095947,16.37426429509651,0.34223099431022774,cn_0,339.91236940959476,cn
1003,59.0,veh_007,498.4,184.14331273239128,15.619066973943541,-0.5883754283934817,cs_0,308.65668726760873,cs
1003,59.0,veh_008,489.12615536814957,498.4,3.0716614193755007,2.213350917682983,wc_0,489.12615536814957,wc
1003,59.0,veh_009,510.6863661509904,501.6,3.0066342222590916,1.897106548917229,ec_0,489.3136338490096,ec
1003,59.0,veh_010,501.6,704.454411655043,14.690064783670815,0.3538808295875775,cn_0,197.254411655043,cn
1003,59.0,veh_011,498.4,274.74804206842066,15.534542900126272,-0.13731460119131889,cs_0,218.05195793157935,cs
1003,59.0,veh_012,478.3624315835335,498.4,0.6679002399358323,0.6596217287240446,wc_0,478.3624315835335,wc
1003,59.0,veh_013,521.4784564390112,501.6,0.825506617331234,0.8215892359256085,ec_0,478.5215435609888,ec
1003,59.0,veh_014,501.6,680.8249673709462,14.12433741287087,-0.847869705778411,cn_0,173.62496737094617,cn
1003,59.0,veh_015,498.4,300.1478982435068,15.55234280711082,-0.20478687454406597,cs_0,192.65210175649318,cs
1003,59.0,veh_016,470.1908068970096,498.4,0.009581881171655328,-0.043644483892008305,wc_0,470.1908068970096,wc
1003,59.0,veh_017,529.8052146202924,501.6,0.02088902742448815,-0.048709577285990034,ec_0,470.19478537970764,ec
1003,59.0,veh_018,501.6,569.3371130423508,14.415796109662347,0.5218356587737798,cn_0,62.137113042350826,cn
1003,59.0,veh_019,498.4,430.5624937750563,14.765569627123394,0.18383398124948158,cs_0,62.23750622494374,cs
1003,59.0,veh_020,462.65616455827313,498.4,0.1268716391450866,-0.25659224211026627,wc_0,462.65616455827313,wc
1003,59.0,veh_021,537.354731627985,501.6,0.07912604646042032,-0.31826285637584323,ec_0,462.64526837201504,ec
1003,59.0,veh_022,501.6,546.1832295804597,14.173067725999966,0.26934609164956314,cn_0,38.9832295804598,cn
1003,59.0,veh_023,498.4,454.3267418634849,14.836608859954652,0.8561448192531866,cs_0,38.47325813651511,cs
1003,60.0,veh_000,630.9610782911245,498.4,15.343889991271155,0.13981152841821398,ce_0,123.76107829112455,ce
1003,60.0,veh_001,370.5612333784758,501.6,15.94515353149269,-0.4830708137294266,cw_0,122.23876662152426,cw
1003,60.0,veh_002,501.6,932.3000719871932,16.510947103099898,-0.013876961809582866,cn_0,425.10007198719313,cn
1003,60.0,veh_003,498.4,85.26722859574016,16.310482574356723,0.13357016460970073,cs_0,407.53277140425985,cs
1003,60.0,veh_004,511.2305367863713,498.4,8.221364067764526,2.583104182383977,ce_0,4.030536786371341,ce
1003,60.0,veh_005,489.6755170222516,501.6,7.680053029727112,2.087041509095579,cw_0,3.1244829777484195,cw
1003,60.0,veh_006,501.6,863.7114494805737,16.599080070978964,0.22481577588245472,cn_0,356.51144948057373,cn
1003,60.0,veh_007,498.4,168.55748403240455,15.585828699986727,-0.03323827395681356,cs_0,324.24251596759547,cs
1003,60.0,veh_008,494.67641345303036,498.4,5.550258084880821,2.47859666550532,:c_10_0,1.8764134530303522,:c_10
1003,60.0,veh_009,505.59155098205616,501.6,5.094815168934221,2.0881809466751293,:c_4_0,1.6084490179438262,:c_4
1003,60.0,veh_010,501.6,719.2678007088178,14.813389053774873,0.12332427010405844,cn_0,212.06780070881786,cn
1003,60.0,veh_011,498.4,259.48386017327374,15.264181895146923,-0.2703610049793497,cs_0,233.31613982672627,cs
1003,60.0,veh_012,480.8487714159352,498.4,2.486339832401665,1.8184395924658328,wc_0,480.8487714159352,wc
1003,60.0,veh_013,518.9184965393043,501.6,2.5599598997068975,1.7344532823756635,ec_0,481.08150346069567,ec
1003,60.0,veh_014,501.6,695.1126791441254,14.28771177317926,0.16337436030839037,cn_0,187.91267914412543,cn
1003,60.0,veh_015,498.4,284.7372407697708,15.410657473736023,-0.14168533337479694,cs_0,208.0627592302292,cs
1003,60.0,veh_016,470.72561949376745,498.4,0.5348125967578534,0.525230715586198,wc_0,470.72561949376745,wc
1003,60.0,veh_017,529.0553344792818,501.6,0.7498801410106491,0.728991113586161,ec_0,470.9446655207183,ec
1003,60.0,veh_018,501.6,583.2274994791476,13.890386436796703,-0.5254096728656439,cn_0,76.02749947914754,cn
1003,60.0,veh_019,498.4,415.8726837728136,14.689810002242657,-0.07575962488073706,cs_0,76.9273162271864,cs
1003,60.0,veh_020,462.6859249526363,498.4,0.02976039436318173,-0.09711124478190486,wc_0,462.6859249526363,wc
1003,60.0,veh_021,537.3165910805005,501.6,0.03814054748436355,-0.040985498976056765,ec_0,462.6834089194994,ec
1003,60.0,veh_022,501.6,560.2301965858805,14.046967005420747,-0.12610072057921862,cn_0,53.030196585880546,cn
1003,60.0,veh_023,498.4,439.6903171077763,14.636424755708614,-0.20018410424603772,cs_0,53.10968289222373,cs
1003,61.0,veh_000,646.0684154478663,498.4,15.107337156741725,-0.2365528345294301,ce_0,138.86841544786628,ce
1003,61.0,veh_001,353.91053577665633,501.6,16.650697601819413,0.7055440703267237,cw_0,138.88946422334368,cw
1003,61.0,veh_002,501.6,948.6243652095973,16.324293222404087,-0.18665388069581113,cn_0,441.4243652095972,cn
1003,61.0,veh_003,498.4,69.27161007544959,15.995618520290593,-0.3148640540661294,cs_0,423.5283899245504,cs
1003,61.0,veh_004,521.4539244149039,498.4,10.22338762853252,2.0020235607679933,ce_0,14.25392441490386,ce
1003,61.0,veh_005,480.08717099684714,501.6,9.58834602540444,1.9082929956773285,cw_0,12.71282900315286,cw
1003,61.0,veh_006,501.6,880.373618746698,16.66216926612426,0.06308919514529521,cn_0,373.17361874669797,cn
1003,61.0,veh_007,498.4,152.4645925232159,16.092891509188615,0.5070628092018872,cs_0,340.3354074767841,cs
1003,61.0,veh_008,502.32095868816657,498.4,7.644545235136226,2.094287150255405,:c_10_0,9.520958688166578,:c_10
1003,61.0,veh_009,498.3775554550697,501.6,7.2139955269864755,2.1191803580522546,:c_4_0,8.822444544930303,:c_4
1003,61.0,veh_010,501.6,733.6784498353269,14.41064912650908,-0.40273992726579344,cn_0,226.47844983532693,cn
1003,61.0,veh_011,498.4,244.23287286967417,15.25098730359956,-0.013194591547362577,cs_0,248.56712713032584,cs
1003,61.0,veh_012,485.31469353100016,498.4,4.465922115064988,1.9795822826633227,wc_0,485.31469353100016,wc
1003,61.0,veh_013,514.1285340143761,501.6,4.789962524928285,2.2300026252213874,ec_0,485.87146598562396,ec
1003,61.0,veh_014,501.6,710.3425998559725,15.229920711847065,0.9422089386678039,cn_0,203.1425998559725,cn
1003,61.0,veh_015,498.4,268.9598046138487,15.777436155922123,0.36677868218609966,cs_0,223.84019538615132,cs
1003,61.0,veh_016,472.6542643248022,498.4,1.928644831034798,1.3938322342769445,wc_0,472.6542643248022,wc
1003,61.0,veh_017,526.8753945174947,501.6,2.1799399617870647,1.4300598207764157,ec_0,473.12460548250533,ec
1003,61.0,veh_018,501.6,597.495861948775,14.268362469627478,0.37797603283077486,cn_0,90.29586194877501,cn
1003,61.0,veh_019,498.4,401.34713977823463,14.525543994578975,-0.1642660076636826,cs_0,91.45286022176538,cs
1003,61.0,veh_020,463.1899992397139,498.4,0.504074287077643,0.4743138927144613,wc_0,463.1899992397139,wc
1003,61.0,veh_021,536.732098770811,501.6,0.5844923096895899,0.5463517622052263,ec_0,463.267901229189,ec
1003,61.0,veh_022,501.6,574.1444809415176,13.914284355637111,-0.13268264978363575,cn_0,66.94448094151765,cn
1003,61.0,veh_023,498.4,424.7583559087296,14.93196119904668,0.29553644333806695,cs_0,68.04164409127041,cs
1003,62.0,veh_000,661.3867143646577,498.4,15.318298916791411,0.21096176004968648,ce_0,154.1867143646577,ce
1003,62.0,veh_001,337.35514330096004,501.6,16.555392475696284,-0.09530512612312947,cw_0,155.44485669903997,cw
1003,62.0,veh_002,501.6,964.7779653629987,16.153600153401495,-0.17069306900259207,cn_0,457.5779653629987,cn
1003,62.0,veh_003,498.4,52.71818800662646,16.55342206882313,0.5578035485325383,cs_0,440.08181199337355,cs
1003,62.0,veh_004,533.7592552851573,498.4,12.305330870253538,2.081943241721019,ce_0,26.5592552851574,ce
1003,62.0,veh_005,468.1416279349044,501.6,11.945543061942713,2.357197036538272,cw_0,24.658372065095573,cw
1003,62.0,veh_006,501.6,896.3310313950852,15.957412648387255,-0.7047566177370044,cn_0,389.13103139508524,cn
1003,62.0,veh_007,498.4,136.37874364352257,16.08584887969335,-0.007042629495263242,cs_0,356.42125635647744,cs
1003,62.0,veh_008,511.8294532769558,498.4,9.508494588789231,1.8639493536530054,ce_0,4.629453276955809,ce
1003,62.0,veh_009,488.7841497411145,501.6,9.59340571395522,2.3794101869687436,cw_0,4.01585025888552,cw
1003,62.0,veh_010,501.6,748.2674750660949,14.589025230768012,0.17837610425893224,cn_0,241.06747506609494,cn
1003,62.0,veh_011,498.4,228.7473440808302,15.485528788843968,0.23454148524440832,cs_0,264.0526559191698,cs
1003,62.0,veh_012,490.5609769584672,498.4,5.246283427467058,0.7803613124020705,wc_0,490.5609769584672,wc
1003,62.0,veh_013,508.67113172187294,501.6,5.457402292503132,0.6674397675748471,ec_0,491.32886827812706,ec
1003,62.0,veh_014,501.6,725.0206585035147,14.67805864754226,-0.5518620643048049,cn_0,217.82065850351475,cn
1003,62.0,veh_015,498.4,253.47633073414607,15.483473879702611,-0.29396227621951176,cs_0,239.32366926585394,cs
1003,62.0,veh_016,476.78160911917195,498.4,4.127344794369746,2.198699963334948,wc_0,476.78160911917195,wc
1003,62.0,veh_017,522.7518624869545,501.6,4.12353203054027,1.9435920687532051,ec_0,477.2481375130456,ec
1003,62.0,veh_018,501.6,611.8800149318583,14.384152983083345,0.11579051345586677,cn_0,104.68001493185835,cn
1003,62.0,veh_019,498.4,387.08306486076503,14.264074917469616,-0.26146907710935885,cs_0,105.71693513923499,cs
1003,62.0,veh_020,464.6062521825696,498.4,1.4162529428556891,0.9121786557780461,wc_0,464.6062521825696,wc
1003,62.0,veh_021,534.6928104672683,501.6,2.0392883035426914,1.4547959938531014,ec_0,465.30718953273174,ec
1003,62.0,veh_022,501.6,588.744901791111,14.600420849593435,0.6861364939563241,cn_0,81.54490179111109,cn
1003,62.0,veh_023,498.4,410.20071663283176,14.557639275897833,-0.37432192314884816,cs_0,82.59928336716824,cs
1003,63.0,veh_000,676.5595777142536,498.4,15.172863349595882,-0.14543556719552875,ce_0,169.35957771425356,ce
1003,63.0,veh_001,320.8445224139599,501.6,16.510620887000115,-0.04477158869616815,cw_0,171.9554775860401,cw
1003,63.0,veh_002,501.6,981.3112020789041,16.53323671590537,0.379636562503876,cn_0,474.1112020789041,cn
1003,63.0,veh_003,498.4,36.440849381443115,16.27733862518333,-0.2760834436398021,cs_0,456.3591506185569,cs
1003,63.0,veh_004,548.5674943544027,498.4,14.808239069245328,2.50290819899179,ce_0,41.36749435440272,ce
1003,63.0,veh_005,453.90015974461886,501.6,14.241468190285573,2.2959251283428603,cw_0,38.89984025538115,cw
1003,63.0,veh_006,501.6,912.605152141452,16.27412074636668,0.3167080979794257,cn_0,405.40515214145194,cn
1003,63.0,veh_007,498.4,120.16485267238602,16.213890971136557,0.12804209144320566,cs_0,372.635147327614,cs
1003,63.0,veh_008,523.633736047509,498.4,11.804282770553305,2.295788181764074,ce_0,16.433736047509115,ce
1003,63.0,veh_009,477.23862540783745,501.6,11.545524333277065,1.9521186193218458,cw_0,15.561374592162585,cw
1003,63.0,veh_010,501.6,762.7571731016227,14.489698035527828,-0.09932719524018374,cn_0,255.55717310162277,cn
1003,63.0,veh_011,498.4,213.3293937591029,15.417950321727277,-0.06757846711669124,cs_0,279.4706062408971,cs
1003,63.0,veh_012,497.8682634340236,498.4,7.307286475556392,2.0610030480893338,:c_10_0,5.068263434023606,:c_10
1003,63.0,veh_013,500.8225071700653,501.6,7.848624551807619,2.391222259304487,:c_4_0,6.377492829934681,:c_4
1003,63.0,veh_014,501.6,739.4162140741466,14.395555570631954,-0.28250307691030585,cn_0,232.2162140741467,cn
1003,63.0,veh_015,498.4,238.01206521148433,15.464265522661746,-0.01920835704086521,cs_0,254.78793478851568,cs
1003,63.0,veh_016,481.82063420551214,498.4,5.0390250863401675,0.9116802919704217,wc_0,481.82063420551214,wc
1003,63.0,veh_017,516.7997157817556,501.6,5.9521467051988335,1.8286146746585636,ec_0,483.20028421824446,ec
1003,63.0,veh_018,501.6,626.2257233959081,14.34570846404969,-0.03844451903365531,cn_0,119.02572339590805,cn
1003,63.0,veh_019,498.4,372.9341101425296,14.148954718235391,-0.11512019923422478,cs_0,119.86588985747038,cs
1003,63.0,veh_020,467.92010947506736,498.4,3.31385729249775,1.897604349642061,wc_0,467.92010947506736,wc
1003,63.0,veh_021,530.5281577157962,501.6,4.1646527514721505,2.125364447929459,ec_0,469.4718422842039,ec
1003,63.0,veh_022,501.6,602.8909610387345,14.146059247623473,-0.45436160196996234,cn_0,95.69096103873456,cn
1003,63.0,veh_023,498.4,395.69528103511186,14.505435597719908,-0.05220367817792493,cs_0,97.10471896488815,cs
1003,64.0,veh_000,692.276704902258,498.4,15.717127188004397,0.544263838408515,ce_0,185.07670490225797,ce
1003,64.0,veh_001,304.4465831619354,501.6,16.397939252024518,-0.11268163497559769,cw_0,188.35341683806462,cw
1003,64.0,veh_002,501.6,997.3664171033586,16.055215024454522,-0.4780216914508486,cn_0,490.16641710335864,cn
1003,64.0,veh_003,498.4,20.090480889561604,16.35036849188153,0.07302986669819944,cs_0,472.7095191104384,cs
1003,64.0,veh_004,564.6099915761557,498.4,16.042497221753003,1.2342581525076746,ce_0,57.409991576155726,ce
1003,64.0,veh_005,439.4516470849032,501.6,14.448512659715684,0.20704446943011057,cw_0,53.34835291509683,cw
1003,64.0,veh_006,501.6,929.0290706207045,16.42391847925261,0.14979773288592924,cn_0,421.82907062070456,cn
1003,64.0,veh_007,498.4,104.23059209413708,15.934260578248926,-0.2796303928876309,cs_0,388.56940790586293,cs
1003,64.0,veh_008,537.6926273809771,498.4,14.05889133346796,2.2546085629146546,ce_0,30.492627380977076,ce
1003,64.0,veh_009,464.29218905459453,501.6,12.946436353242897,1.4009120199658316,cw_0,28.50781094540548,cw
1003,64.0,veh_010,501.6,777.0782005494525,14.321027447829831,-0.16867058769799748,cn_0,269.8782005494526,cn
1003,64.0,veh_011,498.4,198.07141927834653,15.257974480756403,-0.15997584097087447,cs_0,294.7285807216535,cs
1003,64.0,veh_012,507.13586999079257,498.4,9.26760655676895,1.9603200812125579,:c_10_0,14.335869990792556,:c_10
1003,64.0,veh_013,490.64533492963756,501.6,10.177172240427783,2.328547688620164,cw_0,2.154665070362464,cw
1003,64.0,veh_014,501.6,754.1244833075099,14.708269233363218,0.3127136627312641,cn_0,246.92448330750992,cn
1003,64.0,veh_015,498.4,222.23356033854122,15.7785048729431,0.31423935028135475,cs_0,270.5664396614588,cs
1003,64.0,veh_016,489.21216807862936,498.4,7.391533873117202,2.352508786777034,wc_0,489.21216807862936,wc
1003,64.0,veh_017,510.3717377110188,501.6,6.427978070736765,0.4758313655379318,ec_0,489.6282622889812,ec
1003,64.0,veh_018,501.6,640.6169463214071,14.391222925499036,0.04551446144934701,cn_0,133.41694632140707,cn
1003,64.0,veh_019,498.4,358.8356265045844,14.098483637945236,-0.0504710802901549,cs_0,133.9643734954156,cs
1003,64.0,veh_020,473.0835806081614,498.4,5.16347113309406,1.8496138405963096,wc_0,473.0835806081614,wc
1003,64.0,veh_021,525.1939329436564,501.6,5.3342247721397325,1.169572020667582,ec_0,474.80606705634364,ec
1003,64.0,veh_022,501.6,617.3933435776951,14.502382538960513,0.35632329133703955,cn_0,110.19334357769507,cn
1003,64.0,veh_023,498.4,382.03827043130696,13.657010603804927,-0.8484249939149802,cs_0,110.76172956869308,cs
1003,65.0,veh_000,707.5081955091963,498.4,15.231490606938333,-0.4856365810660641,ce_0,200.3081955091963,ce
1003,65.0,veh_001,288.19204113017224,501.6,16.254542031763123,-0.14339722026139512,cw_0,204.60795886982774,cw
1003,65.0,veh_003,498.4,3.6831789202382765,16.40730196932331,0.05693347744178112,cs_0,489.11682107976173,cs
1003,65.0,veh_004,580.5763059296376,498.4,15.966314353481868,-0.0761828682711343,ce_0,73.3763059296376,ce
1003,65.0,veh_005,425.5832772947876,501.6,13.868369790115588,-0.5801428696000954,cw_0,67.21672270521242,cw
1003,65.0,veh_006,501.6,945.5487197390246,16.519649118320086,0.09573063906747592,cn_0,438.34871973902466,cn
1003,65.0,veh_007,498.4,88.58519973086976,15.645392363267296,-0.28886821498162973,cs_0,404.21480026913025,cs
1003,65.0,veh_008,553.6458689203765,498.4,15.953241539399432,1.894350205931472,ce_0,46.44586892037651,ce
1003,65.0,veh_009,450.9985942460757,501.6,13.293594808518828,0.34715845527593103,cw_0,41.80140575392431,cw
1003,65.0,veh_010,501.6,791.5841219555716,14.505921406119006,0.18489395828917488,cn_0,284.3841219555716,cn
1003,65.0,veh_011,498.4,182.7292687571633,15.342150521183232,0.08417604042682925,cs_0,310.0707312428367,cs
1003,65.0,veh_012,518.4886880957101,498.4,11.352818104917604,2.0852115481486546,ce_0,11.288688095710162,ce
1003,65.0,veh_013,478.49204114779445,501.6,12.153293781843123,1.9761215414153401,cw_0,14.307958852205587,cw
1003,65.0,veh_014,501.6,768.0535988610641,13.92911555355423,-0.7791536798089886,cn_0,260.85359886106414,cn
1003,65.0,veh_015,498.4,206.98284986330754,15.250710475233674,-0.5277943977094264,cs_0,285.8171501366925,cs
1003,65.0,veh_016,498.1424331628918,498.4,8.930265084262414,1.5387312111452127,:c_10_0,5.34243316289178,:c_10
1003,65.0,veh_017,501.5863285494773,501.6,8.785409161541514,2.3574310908047487,:c_4_0,5.613671450522702,:c_4
1003,65.0,veh_018,501.6,654.9242181193304,14.307271797923327,-0.083951127575709,cn_0,147.7242181193304,cn
1003,65.0,veh_019,498.4,344.25677902783616,14.57884747674826,0.480363838803024,cs_0,148.54322097216385,cs
1003,65.0,veh_020,480.68289069278916,498.4,7.59931008462772,2.4358389515336603,wc_0,480.68289069278916,wc
1003,65.0,veh_021,518.5484513528381,501.6,6.645481590818271,1.3112568186785385,ec_0,481.4515486471619,ec
1003,65.0,veh_022,501.6,631.4787160550105,14.085372477315499,-0.41701006164501386,cn_0,124.27871605501058,cn
1003,65.0,veh_023,498.4,368.3102599777945,13.72801045351242,0.0709998497074924,cs_0,124.48974002220551,cs
1003,66.0,veh_000,722.6057899900394,498.4,15.097594480843128,-0.1338961260952054,ce_0,215.40578999003944,ce
1003,66.0,veh_001,272.04217131531254,501.6,16.149869814859706,-0.10467221690341688,cw_0,220.75782868468744,cw
1003,66.0,veh_004,597.1435928241407,498.4,16.567286894503052,0.6009725410211839,ce_0,89.94359282414065,ce
1003,66.0,veh_005,411.3086876839705,501.6,14.274589610817106,0.4062198207015175,cw_0,81.49131231602952,cw
1003,66.0,veh_006,501.6,961.6948311485678,16.146111409543085,-0.37353770877700043,cn_0,454.49483114856776,cn
1003,66.0,veh_007,498.4,72.71554076656986,15.869658964299873,0.22426660103257667,cs_0,420.08445923343015,cs
1003,66.0,veh_008,569.3544360844533,498.4,15.708567164076785,-0.24467437532264746,ce_0,62.154436084453295,ce
1003,66.0,veh_009,437.5906674395001,501.6,13.40792680657556,0.11433199805673233,cw_0,55.20933256049987,cw
1003,66.0,veh_010,501.6,806.571513072211,14.987391116639476,0.4814697105204697,cn_0,299.37151307221103,cn
1003,66.0,veh_011,498.4,167.05514134921128,15.674127407952057,0.33197688676882464,cs_0,325.74485865078873,cs
1003,66.0,veh_012,531.8817073752912,498.4,13.393019279580983,2.0402011746633786,ce_0,24.681707375291147,ce
1003,66.0,veh_013,464.23355499347974,501.6,14.258486154314662,2.1051923724715387,cw_0,28.566445006520247,cw
1003,66.0,veh_014,501.6,782.3038948213962,14.250295960332064,0.32118040677783455,cn_0,275.1038948213962,cn
1003,66.0,veh_015,498.4,191.89831784817187,15.084532015135686,-0.16617846009798853,cs_0,300.90168215182814,cs
1003,66.0,veh_016,508.9968740216046,498.4,10.854440858712827,1.924175774450413,ce_0,1.7968740216046069,ce
1003,66.0,veh_017,490.8406141044983,501.6,10.745714444978997,1.9603052834374832,cw_0,1.9593858955016987,cw
1003,66.0,veh_018,501.6,669.2401071675305,14.315889048200056,0.008617250276728328,cn_0,162.04010716753046,cn
1003,66.0,veh_019,498.4,330.09438543018166,14.162393597654509,-0.4164538790937513,cs_0,162.70561456981835,cs
1003,66.0,veh_020,488.6553167447001,498.4,7.972426051910947,0.37311596728322716,wc_0,488.6553167447001,wc
1003,66.0,veh_021,511.02299428808766,501.6,7.525457064750433,0.8799754739321619,ec_0,488.97700571191234,ec
1003,66.0,veh_022,501.6,645.8213472314953,14.342631176484842,0.2572586991693431,cn_0,138.6213472314954,cn
1003,66.0,veh_023,498.4,353.56324366418346,14.747016313611052,1.0190058600986323,cs_0,139.23675633581655,cs
1003,67.0,veh_000,737.7208938567887,498.4,15.115103866749289,0.0175093859061608,ce_0,230.52089385678872,ce
1003,67.0,veh_001,255.57579009327497,501.6,16.4663812220376,0.31651140717789517,cw_0,237.22420990672504,cw
1003,67.0,veh_004,613.1732145116441,498.4,16.029621687503532,-0.5376652069995203,ce_0,105.97321451164419,ce
1003,67.0,veh_005,397.5452418198554,501.6,13.763445864115106,-0.5111437467020004,cw_0,95.25475818014462,cw
1003,67.0,veh_006,501.6,977.7053909748329,16.01055982626509,-0.13555158327799433,cn_0,470.50539097483284,cn
1003,67.0,veh_007,498.4,57.14706696609295,15.568473800476918,-0.30118516382295546,cs_0,435.65293303390706,cs
1003,67.0,veh_008,585.7733725500103,498.4,16.418936465557028,0.7103693014802435,ce_0,78.57337255001032,ce
1003,67.0,veh_009,424.67157618651663,501.6,12.919091252983488,-0.48883555359207165,cw_0,68.12842381348335,cw
1003,67.0,veh_010,501.6,821.1688839205005,14.597370848289566,-0.3900202683499092,cn_0,313.9688839205006,cn
1003,67.0,veh_011,498.4,151.9252915840476,15.12984976516369,-0.5442776427883658,cs_0,340.8747084159524,cs
1003,67.0,veh_012,545.7372583836323,498.4,13.855551008341171,0.46253172876018844,ce_0,38.53725838363232,ce
1003,67.0,veh_013,450.4011093724479,501.6,13.832445621031868,-0.42604053328279434,cw_0,42.39889062755211,cw
1003,67.0,veh_014,501.6,796.9840763159953,14.68018149459903,0.4298855342669654,cn_0,289.7840763159952,cn
1003,67.0,veh_015,498.4,176.471815218399,15.426502629772846,0.3419706146371606,cs_0,316.328184781601,cs
1003,67.0,veh_016,521.8456527519928,498.4,12.848778730388206,1.9943378716753788,ce_0,14.645652751992813,ce
1003,67.0,veh_017,477.819331911145,501.6,13.021282193353303,2.2755677483743053,cw_0,14.980668088855001,cw
1003,67.0,veh_018,501.6,683.1515184208849,13.911411253354467,-0.40447779484558843,cn_0,175.95151842088492,cn
1003,67.0,veh_019,498.4,315.9501945291188,14.144190901062892,-0.018202696591616885,cs_0,176.84980547088125,cs
1003,67.0,veh_020,499.15791932620664,498.4,10.502602581506576,2.5301765295956287,:c_10_0,6.357919326206627,:c_10
1003,67.0,veh_021,501.1717509852946,501.6,9.85124330279307,2.325786238042638,:c_4_0,6.028249014705409,:c_4
1003,67.0,veh_022,501.6,660.1108056192923,14.289458387796829,-0.05317278868801267,cn_0,152.91080561929223,cn
1003,67.0,veh_023,498.4,338.97315077519096,14.590092888992496,-0.15692342461855624,cs_0,153.82684922480905,cs
1003,68.0,veh_000,752.8356955719381,498.4,15.114801715149389,-0.00030215159990021334,ce_0,245.6356955719381,ce
1003,68.0,veh_001,239.52577844267637,501.6,16.05001165059861,-0.41636957143899167,cw_0,253.27422155732364,cw
1003,68.0,veh_004,629.620062822952,498.4,16.446848311307843,0.41722662380431075,ce_0,122.42006282295203,ce
1003,68.0,veh_005,383.43949790816043,501.6,14.10574391169493,0.34229804757982407,cw_0,109.36050209183955,cw
1003,68.0,veh_006,501.6,993.6284672449158,15.923076270082968,-0.08748355618212322,cn_0,486.4284672449158,cn
1003,68.0,veh_007,498.4,41.219827258533314,15.927239707559623,0.35876590708270584,cs_0,451.5801727414667,cs
1003,68.0,veh_008,601.4838397900312,498.4,15.710467240020925,-0.7084692255361027,ce_0,94.28383979003124,ce
1003,68.0,veh_009,411.4789796999138,501.6,13.19259648660285,0.2735052336193622,cw_0,81.3210203000862,cw
1003,68.0,veh_010,501.6,835.5869518932556,14.418067972754935,-0.1793028755346313,cn_0,328.38695189325557,cn
1003,68.0,veh_011,498.4,136.37043218612604,15.554859397921556,0.42500963275786496,cs_0,356.429567813874,cs
1003,68.0,veh_012,560.2331653508982,498.4,14.495906967265801,0.6403559589246299,ce_0,53.03316535089812,ce
1003,68.0,veh_013,436.7149430774792,501.6,13.686166294968736,-0.14627932606313188,cw_0,56.08505692252085,cw
1003,68.0,veh_014,501.6,811.9457189486536,14.961642632658434,0.2814611380594041,cn_0,304.74571894865363,cn
1003,68.0,veh_015,498.4,161.39689355935826,15.074921659040747,-0.3515809707320994,cs_0,331.40310644064175,cs
1003,68.0,veh_016,536.2513511622769,498.4,14.405698410284185,1.5569196798959783,ce_0,29.051351162276998,ce
1003,68.0,veh_017,464.2766435256295,501.6,13.542688385515548,0.5214061921622459,cw_0,28.52335647437055,cw
1003,68.0,veh_018,501.6,696.9179848114136,13.766466390528672,-0.14494486282579544,cn_0,189.7179848114136,cn
1003,68.0,veh_019,498.4,301.6648856138432,14.285308915275591,0.1411180142126991,cs_0,191.13511438615683,cs
1003,68.0,veh_020,511.817829937851,498.4,12.659910611644367,2.1573080301377914,ce_0,4.617829937850994,ce
1003,68.0,veh_021,488.7988427502431,501.6,12.372908235051497,2.5216649322584264,cw_0,4.001157249756906,cw
1003,68.0,veh_022,501.6,673.8927322443026,13.781926625010357,-0.5075317627864724,cn_0,166.6927322443026,cn
1003,68.0,veh_023,498.4,324.90014436847576,14.07300640671518,-0.5170864822773158,cs_0,167.89985563152425,cs
1003,69.0,veh_000,768.5347644795891,498.4,15.699068907650965,0.5842671925015761,ce_0,261.33476447958907,ce
1003,69.0,veh_001,223.15748308900203,501.6,16.36829535367433,0.3182837030757213,cw_0,269.642516910998,cw
1003,69.0,veh_004,645.62407901649,498.4,16.004016193537975,-0.44283211776986775,ce_0,138.42407901649,ce
1003,69.0,veh_005,369.0132145174846,501.6,14.426283390675867,0.3205394789809368,cw_0,123.78678548251541,cw
1003,69.0,veh_007,498.4,25.71748262564853,15.502344632884764,-0.42489507467485943,cs_0,467.0825173743515,cs
1003,69.0,veh_008,617.4746441462769,498.4,15.990804356245617,0.2803371162246915,ce_0,110.27464414627686,ce
1003,69.0,veh_009,398.49652480138326,501.6,12.982454898530557,-0.21014158807229322,cw_0,94.30347519861677,cw
1003,69.0,veh_010,501.6,850.5230793444126,14.936127451157073,0.5180594784021384,cn_0,343.32307934441263,cn
1003,69.0,veh_011,498.4,121.30625514506033,15.064177041065724,-0.4906823568558316,cs_0,371.4937448549397,cs
1003,69.0,veh_012,574.3955834488136,498.4,14.162418097915397,-0.3334888693504041,ce_0,67.19558344881352,ce
1003,69.0,veh_013,422.6318633561657,501.6,14.083079721313458,0.3969134263447227,cw_0,70.1681366438343,cw
1003,69.0,veh_014,501.6,826.2843859776813,14.338667029027683,-0.622975603630751,cn_0,319.08438597768134,cn
1003,69.0,veh_015,498.4,145.9792798556707,15.417613703687538,0.3426920446467907,cs_0,346.8207201443293,cs
1003,69.0,veh_016,550.6264192383832,498.4,14.3750680761062,-0.03063033417798522,ce_0,43.4264192383832,ce
1003,69.0,veh_017,450.5274728110666,501.6,13.749170714562833,0.2064823290472848,cw_0,42.27252718893338,cw
1003,69.0,veh_018,501.6,711.3145787660987,14.3965939546851,0.6301275641564281,cn_0,204.1145787660987,cn
1003,69.0,veh_019,498.4,287.2519069361946,14.41297867764856,0.12766976237296923,cs_0,205.5480930638054,cs
1003,69.0,veh_020,525.6779366230804,498.4,13.860106685229496,1.2001960735851291,ce_0,18.47793662308049,ce
1003,69.0,veh_021,474.47369456661295,501.6,14.325148183630148,1.9522399485786508,cw_0,18.326305433387056,cw
1003,69.0,veh_022,501.6,687.879734054048,13.9870018097454,0.20507518473504405,cn_0,180.679734054048,cn
1003,69.0,veh_023,498.4,310.2850773491432,14.61506701933257,0.542060612617389,cs_0,182.51492265085682,cs
1003,70.0,veh_000,783.530254307694,498.4,14.99548982810493,-0.703579079546035,ce_0,276.330254307694,ce
1003,70.0,veh_001,206.83294736193415,501.6,16.324535727067854,-0.04375962660647659,cw_0,285.96705263806587,cw
1003,70.0,veh_004,662.2397785091177,498.4,16.615699492627755,0.6116832990897798,ce_0,155.03977850911775,ce
1003,70.0,veh_005,355.27864547372053,501.6,13.73456904376411,-0.6917143469117573,cw_0,137.5213545262795,cw
1003,70.0,veh_007,498.4,9.750014374011073,15.96746825163746,0.4651236187526955,cs_0,483.04998562598894,cs
1003,70.0,veh_008,633.4993264726983,498.4,16.024682326421434,0.033877970175817396,ce_0,126.29932647269828,ce
1003,70.0,veh_009,385.3528556819563,501.6,13.14366911942692,0.1612142208963636,cw_0,107.44714431804368,cw
1003,70.0,veh_010,501.6,864.8467273574026,14.323648012990008,-0.6124794381670657,cn_0,357.64672735740265,cn
1003,70.0,veh_011,498.4,105.68470898172228,15.621546163338081,0.5573691222723571,cs_0,387.11529101827773,cs
1003,70.0,veh_012,588.4793930009142,498.4,14.083809552100757,-0.0786085458146406,ce_0,81.27939300091428,ce
1003,70.0,veh_013,408.96885744175756,501.6,13.663005914408135,-0.42007380690532337,cw_0,83.83114255824243,cw
1003,70.0,veh_014,501.6,841.0256635202641,14.741277542582798,0.4026105135551159,cn_0,333.82566352026413,cn
1003,70.0,veh_015,498.4,130.803883448852,15.17539640681873,-0.242217296868807,cs_0,361.996116551148,cs
1003,70.0,veh_016,564.4429545248744,498.4,13.816535286491217,-0.5585327896149828,ce_0,57.24295452487441,ce
1003,70.0,veh_017,437.2294782381859,501.6,13.297994572880752,-0.4511761416820814,cw_0,55.570521761814135,cw
1003,70.0,veh_018,501.6,725.5557530988133,14.241174332714595,-0.15541962197050552,cn_0,218.3557530988133,cn
1003,70.0,veh_019,498.4,272.71872021641246,14.53318671978216,0.12020804213359959,cs_0,220.08127978358755,cs
1003,70.0,veh_020,539.8676820116823,498.4,14.189745388601827,0.32963870337233026,ce_0,32.66768201168232,ce
1003,70.0,veh_021,460.54803546553114,501.6,13.925659101081786,-0.3994890825483619,cw_0,32.25196453446884,cw
1003,70.0,veh_022,501.6,702.5336316007322,14.653897546684123,0.6668957369387218,cn_0,195.33363160073213,cn
1003,70.0,veh_023,498.4,296.0515373737383,14.233539975404893,-0.3815270439276759,cs_0,196.7484626262617,cs
1003,71.0,veh_000,798.6729700659728,498.4,15.142715758278811,0.14722593017388164,ce_0,291.47297006597285,ce
1003,71.0,veh_001,190.71809676636866,501.6,16.114850595565514,-0.20968513150234003,cw_0,302.08190323363135,cw
1003,71.0,veh_004,678.3620528042187,498.4,16.122274295100944,-0.49342519752681113,ce_0,171.1620528042187,ce
1003,71.0,veh_005,340.8598433452023,501.6,14.418802128518195,0.6842330847540854,cw_0,151.9401566547977,cw
1003,71.0,veh_008,649.1680959963089,498.4,15.668769523610655,-0.35591280281077964,ce_0,141.96809599630893,ce
1003,71.0,veh_009,371.7008549686071,501.6,13.652000713349262,0.5083315939223407,cw_0,121.09914503139295,cw
1003,71.0,veh_010,501.6,879.5750190428087,14.728291685405994,0.4046436724159861,cn_0,372.3750190428087,cn
1003,71.0,veh_011,498.4,90.05881124588274,15.625897735839555,0.004351572501473555,cs_0,402.7411887541173,cs
1003,71.0,veh_012,602.9533486794548,498.4,14.473955678540552,0.3901461264397952,ce_0,95.75334867945483,ce
1003,71.0,veh_013,395.19545203663665,501.6,13.773405405120942,0.11039949071280653,cw_0,97.60454796336337,cw
1003,71.0,veh_014,501.6,855.5155973291596,14.489933808895564,-0.25134373368723395,cn_0,348.3155973291597,cn
1003,71.0,veh_015,498.4,115.24518223332251,15.558701215529483,0.38330480871075245,cs_0,377.5548177666775,cs
1003,71.0,veh_016,578.7643633329496,498.4,14.321408808075303,0.504873521584086,ce_0,71.56436333294971,ce
1003,71.0,veh_017,423.87196372594303,501.6,13.357514512242824,0.05951993936207245,cw_0,68.92803627405696,cw
1003,71.0,veh_018,501.6,739.7821761586092,14.22642305979594,-0.01475127291865519,cn_0,232.58217615860923,cn
1003,71.0,veh_019,498.4,258.4895760811818,14.229144135230662,-0.3040425845514978,cs_0,234.3104239188182,cs
1003,71.0,veh_020,553.8599980816838,498.4,13.992316070001491,-0.19742931860033508,ce_0,46.65999808168381,ce
1003,71.0,veh_021,446.69820751777297,501.6,13.849827947758202,-0.07583115332358403,cw_0,46.10179248222704,cw
1003,71.0,veh_022,501.6,716.5261233263102,13.992491725578006,-0.6614058211061167,cn_0,209.32612332631015,cn
1003,71.0,veh_023,498.4,281.663577557153,14.387959816585289,0.15441984118039542,cs_0,211.136422442847,cs
1003,72.0,veh_000,813.8483440274958,498.4,15.17537396152302,0.03265820324420865,ce_0,306.64834402749585,ce
1003,72.0,veh_001,174.58772243593745,501.6,16.130374330431223,0.01552373486570957,cw_0,318.21227756406256,cw
1003,72.0,veh_004,694.6804518949436,498.4,16.318399090725,0.19612479562405483,ce_0,187.48045189494368,ce
1003,72.0,veh_005,326.7665392756896,501.6,14.093304069512719,-0.3254980590054757,cw_0,166.03346072431043,cw
1003,72.0,veh_008,665.4287620912596,498.4,16.260666094950693,0.5918965713400386,ce_0,158.22876209125963,ce
1003,72.0,veh_009,358.69429896421326,501.6,13.006556004393786,-0.6454447089554751,cw_0,134.10570103578675,cw
1003,72.0,veh_010,501.6,894.4340078783333,14.858988835524643,0.13069715011864957,cn_0,387.23400787833333,cn
1003,72.0,veh_011,498.4,74.9445431577675,15.114268088115224,-0.5116296477243303,cs_0,417.8554568422325,cs
1003,72.0,veh_012,616.6966053594575,498.4,13.743256680002705,-0.7306989985378465,ce_0,109.49660535945753,ce
1003,72.0,veh_013,381.4259810256867,501.6,13.769471010949914,-0.003934394171027478,cw_0,111.37401897431329,cw
1003,72.0,veh_014,501.6,870.5688509385325,15.053253609372831,0.5633198004772666,cn_0,363.36885093853255,cn
1003,72.0,veh_015,498.4,99.63122689449153,15.613955338831003,0.0552541233015198,cs_0,393.1687731055085,cs
1003,72.0,veh_016,592.907899131335,498.4,14.14353579838522,-0.17787300969008335,ce_0,85.70789913133493,ce
1003,72.0,veh_017,410.6278956992541,501.6,13.244068026688955,-0.11344648555386883,cw_0,82.17210430074591,cw
1003,72.0,veh_018,501.6,753.8931414019087,14.110965243299447,-0.11545781649649278,cn_0,246.6931414019087,cn
1003,72.0,veh_019,498.4,244.42588503802514,14.063691043156641,-0.1654530920740207,cs_0,248.37411496197484,cs
1003,72.0,veh_020,567.6141210456626,498.4,13.754122963978828,-0.23819310602266341,ce_0,60.41412104566264,ce
1003,72.0,veh_021,433.0225124190301,501.6,13.675695098742912,-0.17413284901529025,cw_0,59.777487580969954,cw
1003,72.0,veh_022,501.6,730.961502506844,14.435379180533818,0.4428874549558124,cn_0,223.76150250684398,cn
1003,72.0,veh_023,498.4,267.7252697742459,13.938307782907142,-0.4496520336781469,cs_0,225.07473022575414,cs
1003,73.0,veh_000,829.1637233911368,498.4,15.315379363640988,0.14000540211796775,ce_0,321.96372339113685,ce
1003,73.0,veh_001,158.61260070178116,501.6,15.975121734156275,-0.15525259627494847,cw_0,334.18739929821885,cw
1003,73.0,veh_004,710.8717105598432,498.4,16.191258664899507,-0.12714042582549112,ce_0,203.67171055984318,ce
1003,73.0,veh_005,312.92881636296056,501.6,13.837722912728982,-0.2555811567837374,cw_0,179.87118363703942,cw
1003,73.0,veh_008,681.6156099784965,498.4,16.18684788723692,-0.07381820771377434,ce_0,174.41560997849655,ce
1003,73.0,veh_009,345.6313892981128,501.6,13.062909666100458,0.05635366170667133,cw_0,147.16861070188722,cw
1003,73.0,veh_010,501.6,908.9324538747909,14.498445996457587,-0.3605428390670564,cn_0,401.7324538747909,cn
1003,73.0,veh_011,498.4,59.33415210435646,15.610391053411023,0.4961229652957986,cs_0,433.46584789564355,cs
1003,73.0,veh_012,631.1603272723578,498.4,14.463721912900255,0.7204652328975492,ce_0,123.96032727235779,ce
1003,73.0,veh_013,367.97933348718067,501.6,13.446647538506069,-0.32282347244384546,cw_0,124.82066651281936,cw
1003,73.0,veh_014,501.6,885.4562662468561,14.887415308323586,-0.16583830104924502,cn_0,378.2562662468561,cn
1003,73.0,veh_015,498.4,84.15012490912949,15.481101985362058,-0.13285335346894556,cs_0,408.6498750908705,cs
1003,73.0,veh_016,606.5174827242852,498.4,13.609583592950225,-0.5339522054349946,ce_0,99.31748272428516,ce
1003,73.0,veh_017,397.4624678789934,501.6,13.165427820260712,-0.07864020642824343,cw_0,95.33753212100663,cw
1003,73.0,veh_018,501.6,767.9984878156719,14.105346413763195,-0.0056188295362513685,cn_0,260.7984878156719,cn
1003,73.0,veh_019,498.4,229.76966113863233,14.656223899392852,0.5925328562362111,cs_0,263.0303388613677,cs
1003,73.0,veh_020,581.516957926908,498.4,13.902836881245406,0.14871391726657812,ce_0,74.31695792690805,ce
1003,73.0,veh_021,419.939442879419,501.6,13.083069539611063,-0.5926255591318483,cw_0,72.86055712058102,cw
1003,73.0,veh_022,501.6,745.185165064766,14.223662557922065,-0.21171662261175328,cn_0,237.98516506476605,cn
1003,73.0,veh_023,498.4,253.35884934135376,14.366420432892115,0.428112649984973,cs_0,239.44115065864625,cs
1003,74.0,veh_000,844.5242171100467,498.4,15.360493718909876,0.04511435526888796,ce_0,337.32421711004673,ce
1003,74.0,veh_001,142.29954365108085,501.6,16.3130570507003,0.3379353165440264,cw_0,350.50045634891916,cw
1003,74.0,veh_004,726.9315676676957,498.4,16.059857107852586,-0.1314015570469209,ce_0,219.73156766769577,ce
1003,74.0,veh_005,298.6022022343624,501.6,14.326614128598207,0.48889121586922535,cw_0,194.19779776563763,cw
1003,74.0,veh_008,698.015343826521,498.4,16.399733848024454,0.21288596078753486,ce_0,190.815343826521,ce
1003,74.0,veh_009,332.6521527967078,501.6,12.979236501404957,-0.0836731646955009,cw_0,160.14784720329217,cw
1003,74.0,veh_010,501.6,923.6298636019144,14.697409727123443,0.19896373066585582,cn_0,416.42986360191435,cn
1003,74.0,veh_011,498.4,44.15455640872227,15.179595695634218,-0.43079535777680533,cs_0,448.64544359127774,cs
1003,74.0,veh_012,645.0839576583678,498.4,13.923630386010082,-0.5400915268901727,ce_0,137.88395765836788,ce
1003,74.0,veh_013,354.52217106830113,501.6,13.457162418879522,0.01051488037345294,cw_0,138.27782893169888,cw
1003,74.0,veh_014,501.6,899.6871818595711,14.230915612714956,-0.6564996956086304,cn_0,392.4871818595711,cn
1003,74.0,veh_015,498.4,68.22506450273335,15.92506040639614,0.44395842103408256,cs_0,424.57493549726667,cs
1003,74.0,veh_016,620.7516750338673,498.4,14.234192309582086,0.6246087166318617,ce_0,113.55167503386724,ce
1003,74.0,veh_017,383.9654626307121,501.6,13.497005248281248,0.3315774280205357,cw_0,108.83453736928789,cw
1003,74.0,veh_018,501.6,782.2784696551247,14.279981839452827,0.17463542568963142,cn_0,275.0784696551247,cn
1003,74.0,veh_019,498.4,215.0449582746071,14.724702864025229,0.06847896463237646,cs_0,277.7550417253929,cs
1003,74.0,veh_020,595.3067002445714,498.4,13.789742317663425,-0.11309456358198133,ce_0,88.10670024457147,ce
1003,74.0,veh_021,406.6672392759461,501.6,13.272203603472922,0.18913406386185905,cw_0,86.13276072405394,cw
1003,74.0,veh_022,501.6,759.5819208878335,14.39675582306743,0.17309326514536494,cn_0,252.38192088783347,cn
1003,74.0,veh_023,498.4,238.41723894398677,14.941610397366995,0.5751899644748804,cs_0,254.38276105601324,cs
1003,75.0,veh_000,859.6718735481672,498.4,15.147656438120485,-0.21283728078939035,ce_0,352.4718735481672,ce
1003,75.0,veh_001,125.7346021676056,501.6,16.56494148347527,0.2518844327749683,cw_0,367.0653978323944,cw
1003,75.0,veh_004,743.4567429010859,498.4,16.525175233390183,0.4653181255375962,ce_0,236.25674290108594,ce
1003,75.0,veh_005,284.76110464818396,501.6,13.841097586178416,-0.48551654241979136,cw_0,208.03889535181605,cw
1003,75.0,veh_008,713.6842617034475,498.4,15.668917876926544,-0.7308159710979094,ce_0,206.48426170344754,ce
1003,75.0,veh_009,319.44127967784914,501.6,13.210873118858725,0.23163661745376807,cw_0,173.3587203221509,cw
1003,75.0,veh_010,501.6,938.5439047308803,14.914041128965902,0.21663140184245933,cn_0,431.34390473088024,cn
1003,75.0,veh_011,498.4,28.450189542551072,15.704366866171204,0.5247711705369866,cs_0,464.34981045744894,cs
1003,75.0,veh_012,659.101969572097,498.4,14.01801191372917,0.09438152771908825,ce_0,151.90196957209704,ce
1003,75.0,veh_013,341.4666359248901,501.6,13.055535143411031,-0.4016272754684902,cw_0,151.3333640751099,cw
1003,75.0,veh_014,501.6,914.2955190096944,14.608337150123381,0.3774215374084253,cn_0,407.09551900969444,cn
1003,75.0,veh_015,498.4,53.3174403524784,14.90762415025493,-1.0174362561412096,cs_0,439.4825596475216,cs
1003,75.0,veh_016,634.4851517326034,498.4,13.73347669873614,-0.5007156108459458,ce_0,127.28515173260338,ce
1003,75.0,veh_017,370.6341266863398,501.6,13.331335944372304,-0.16566930390894363,cw_0,122.16587331366019,cw
1003,75.0,veh_018,501.6,796.7375901050383,14.459120449913621,0.17913861046079482,cn_0,289.5375901050383,cn
1003,75.0,veh_019,498.4,200.62485607440027,14.420102200206811,-0.30460066381841777,cs_0,292.17514392559974,cs
1003,75.0,veh_020,609.084751406438,498.4,13.778051161866555,-0.011691155796869523,ce_0,101.88475140643803,ce
1003,75.0,veh_021,393.4871910764489,501.6,13.180048199497223,-0.0921554039756991,cw_0,99.31280892355116,cw
1003,75.0,veh_022,501.6,773.4967061465836,13.91478525875022,-0.4819705643172103,cn_0,266.2967061465837,cn
1003,75.0,veh_023,498.4,223.94425809528576,14.472980848700994,-0.4686295486660015,cs_0,268.85574190471425,cs
1003,76.0,veh_000,874.9426262436752,498.4,15.270752695508147,0.12309625738766172,ce_0,367.7426262436753,ce
1003,76.0,veh_001,109.1310732431283,501.6,16.60352892447729,0.03858744100201861,cw_0,383.6689267568717,cw
1003,76.0,veh_004,759.4971091101096,498.4,16.040366209023635,-0.48480902436654816,ce_0,252.29710911010957,ce
1003,76.0,veh_005,270.6983309095499,501.6,14.062773738634036,0.2216761524556201,cw_0,222.1016690904501,cw
1003,76.0,veh_008,729.9792517441888,498.4,16.294990040741222,0.626072163814678,ce_0,222.77925174418877,ce
1003,76.0,veh_009,306.3521851222887,501.6,13.08909455556044,-0.12177856329828529,cw_0,186.44781487771135,cw
1003,76.0,veh_010,501.6,953.5160228236341,14.972118092753801,0.05807696378789906,cn_0,446.31602282363406,cn
1003,76.0,veh_011,498.4,13.288643551926782,15.16154599062431,-0.5428208755468944,cs_0,479.51135644807323,cs
1003,76.0,veh_012,673.3476580347375,498.4,14.245688462640429,0.22767654891125844,ce_0,166.14765803473747,ce
1003,76.0,veh_013,328.3222664791826,501.6,13.144369445707527,0.08883430229649569,cw_0,164.47773352081742,cw
1003,76.0,veh_014,501.6,928.9610160649434,14.665497055248869,0.05715990512548785,cn_0,421.7610160649433,cn
1003,76.0,veh_015,498.4,37.83061301078857,15.48682734168981,0.5792031914348801,cs_0,454.96938698921144,cs
1003,76.0,veh_016,648.3699944076639,498.4,13.884842675060446,0.15136597632430515,ce_0,141.16999440766384,ce
1003,76.0,veh_017,357.5876804192462,501.6,13.046446267093607,-0.28488967727869685,cw_0,135.21231958075379,cw
1003,76.0,veh_018,501.6,811.0914802782136,14.353890173175328,-0.10523027673829333,cn_0,303.89148027821363,cn
1003,76.0,veh_019,498.4,186.5301251251181,14.094730949282155,-0.3253712509246558,cs_0,306.2698748748819,cs
1003,76.0,veh_020,623.5208207252884,498.4,14.436069318850445,0.6580181569838892,ce_0,116.32082072528847,ce
1003,76.0,veh_021,380.3491270304834,501.6,13.138064045965502,-0.0419841535317218,cw_0,112.45087296951667,cw
1003,76.0,veh_022,501.6,787.9349527627268,14.438246616143095,0.5234613573928755,cn_0,280.7349527627268,cn
1003,76.0,veh_023,498.4,209.49421022278614,14.450047872499631,-0.022932976201362365,cs_0,283.3057897772139,cs
1003,77.0,veh_000,890.6020705056442,498.4,15.659444261968911,0.3886915664607642,ce_0,383.40207050564425,ce
1003,77.0,veh_001,92.47733852046929,501.6,16.653734722658992,0.0502057981817039,cw_0,400.3226614795307,cw
1003,77.0,veh_004,776.0988014158943,498.4,16.601692305784674,0.5613260967610394,ce_0,268.89880141589424,ce
1003,77.0,veh_005,256.79855691239754,501.6,13.899773997152419,-0.16299974148161667,cw_0,236.0014430876025,cw
1003,77.0,veh_008,745.8003719750166,498.4,15.821120230827773,-0.47386980991344885,ce_0,238.60037197501654,ce
1003,77.0,veh_009,293.07424955464523,501.6,13.277935567643434,0.1888410120829942,cw_0,199.72575044535478,cw
1003,77.0,veh_010,501.6,968.4257710537979,14.909748230163816,-0.06236986258998556,cn_0,461.22577105379787,cn
1003,77.0,veh_012,687.2056385018802,498.4,13.857980467142806,-0.3877079954976228,ce_0,180.00563850188027,ce
1003,77.0,veh_013,315.1404156356488,501.6,13.18185084353377,0.03748139782624271,cw_0,177.6595843643512,cw
1003,77.0,veh_014,501.6,943.9849979407242,15.023981875780862,0.35848482053199326,cn_0,436.78499794072417,cn
1003,77.0,veh_015,498.4,22.840951896618094,14.98966111417046,-0.4971662275193509,cs_0,469.9590481033819,cs
1003,77.0,veh_016,662.1220331125913,498.4,13.752038704927491,-0.13280397013295442,ce_0,154.92203311259132,ce
1003,77.0,veh_017,344.19318251979394,501.6,13.394497899452299,0.3480516323586915,cw_0,148.60681748020608,cw
1003,77.0,veh_018,501.6,825.1123199862382,14.020839708024592,-0.3330504651507358,cn_0,317.91231998623823,cn
1003,77.0,veh_019,498.4,172.45564220472806,14.074482920390064,-0.020248028892090986,cs_0,320.34435779527195,cs
1003,77.0,veh_020,637.6477353923732,498.4,14.126914667084733,-0.3091546517657111,ce_0,130.4477353923732,ce
1003,77.0,veh_021,366.8787639650975,501.6,13.470363065385847,0.33229901942034523,cw_0,125.9212360349025,cw
1003,77.0,veh_022,501.6,802.1694925836009,14.234539820874089,-0.2037067952690066,cn_0,294.96949258360087,cn
1003,77.0,veh_023,498.4,195.7991870299968,13.695023192789337,-0.755024679710294,cs_0,297.0008129700032,cs
1003,78.0,veh_000,906.3105926216347,498.4,15.708522115990364,0.04907785402145315,ce_0,399.1105926216346,ce
1003,78.0,veh_001,75.96187814609533,501.6,16.515460374373944,-0.13827434828504792,cw_0,416.8381218539047,cw
1003,78.0,veh_004,792.505146675516,498.4,16.40634525962174,-0.19534704616293297,ce_0,285.30514667551597,ce
1003,78.0,veh_005,242.47740706355802,501.6,14.321149848839463,0.42137585168704383,cw_0,250.32259293644196,cw
1003,78.0,veh_008,762.2242224848923,498.4,16.42385050987575,0.6027302790479752,ce_0,255.02422248489228,ce
1003,78.0,veh_009,279.61183882634157,501.6,13.462410728303656,0.18447516066022196,cw_0,213.18816117365844,cw
1003,78.0,veh_010,501.6,982.9326047199947,14.5068336661969,-0.40291456396691494,cn_0,475.73260471999475,cn
1003,78.0,veh_012,701.0230009351995,498.4,13.81736243331925,-0.04061803382355578,ce_0,193.82300093519953,ce
1003,78.0,veh_013,301.9150615565635,501.6,13.225354079085308,0.043503235551538566,cw_0,190.8849384434365,cw
1003,78.0,veh_014,501.6,959.36725420633,15.382256265605921,0.3582743898250591,cn_0,452.1672542063301,cn
1003,78.0,veh_015,498.4,6.421889480455775,16.419062416162344,1.4294013019918843,cs_0,486.37811051954424,cs
1003,78.0,veh_016,675.8509346571608,498.4,13.72890154456947,-0.02313716035802038,ce_0,168.6509346571608,ce
1003,78.0,veh_017,330.8738711738599,501.6,13.319311345934011,-0.07518655351828762,cw_0,161.9261288261401,cw
1003,78.0,veh_018,501.6,839.3823073246479,14.269987338409715,0.24914763038512255,cn_0,332.1823073246479,cn
1003,78.0,veh_019,498.4,158.095560897295,14.360081307433056,0.2855983870429917,cs_0,334.704439102705,cs
1003,78.0,veh_020,652.109020966244,498.4,14.461285573870795,0.3343709067860612,ce_0,144.909020966244,ce
1003,78.0,veh_021,353.2649796585776,501.6,13.613784306519891,0.1434212411340443,cw_0,139.5350203414224,cw
1003,78.0,veh_022,501.6,815.8309646164251,13.66147203282427,-0.5730677880498192,cn_0,308.63096461642516,cn
1003,78.0,veh_023,498.4,181.8469655819676,13.952221448029212,0.2571982552398744,cs_0,310.9530344180324,cs
1003,79.0,veh_000,921.4732233869496,498.4,15.16263076531499,-0.5458913506753742,ce_0,414.2732233869496,ce
1003,79.0,veh_001,59.85935051131912,501.6,16.102527634776198,-0.41293273959774623,cw_0,432.9406494886809,cw
1003,79.0,veh_004,808.6897734863833,498.4,16.184626810867343,-0.22171844875439817,ce_0,301.48977348638334,ce
1003,79.0,veh_005,228.64613192055384,501.6,13.831275143004218,-0.48987470583524484,cw_0,264.15386807944617,cw
1003,79.0,veh_008,778.6221467184112,498.4,16.397924233518832,-0.025926276356916134,ce_0,271.4221467184111,ce
1003,79.0,veh_009,266.3144479967878,501.6,13.297390829553768,-0.16501989874988787,cw_0,226.4855520032122,cw
1003,79.0,veh_010,501.6,997.9182803818304,14.985675661835696,0.4788419956387955,cn_0,490.7182803818304,cn
1003,79.0,veh_012,715.1213915705505,498.4,14.098390635350988,0.28102820203173806,ce_0,207.92139157055053,ce
1003,79.0,veh_013,288.34482027449474,501.6,13.570241282068805,0.3448872029834966,cw_0,204.4551797255053,cw
1003,79.0,veh_014,501.6,974.0480941152582,14.680839908928203,-0.7014163566777185,cn_0,466.8480941152583,cn
1003,79.0,veh_016,690.1159718929949,498.4,14.265037235834116,0.5361356912646453,ce_0,182.91597189299492,ce
1003,79.0,veh_017,317.1865174889092,501.6,13.687353684950695,0.36804233901668404,cw_0,175.61348251109078,cw
1003,79.0,veh_018,501.6,853.1645374336251,13.78223010897725,-0.48775722943246436,cn_0,345.9645374336252,cn
1003,79.0,veh_019,498.4,143.34450051387597,14.751060383419016,0.3909790759859604,cs_0,349.45549948612404,cs
1003,79.0,veh_020,666.0403601230903,498.4,13.931339156846263,-0.5299464170245312,ce_0,158.84036012309025,ce
1003,79.0,veh_021,339.5183340022581,501.6,13.746645656319519,0.1328613497996276,cw_0,153.28166599774192,cw
1003,79.0,veh_022,501.6,830.002284281462,14.171319665036878,0.5098476322126082,cn_0,322.80228428146205,cn
1003,79.0,veh_023,498.4,167.0262724521047,14.820693129862873,0.8684716818336611,cs_0,325.7737275478953,cs
1003,80.0,veh_000,937.0741930313833,498.4,15.600969644433663,0.43833887911867286,ce_0,429.8741930313833,ce
1003,80.0,veh_001,43.51450407357339,501.6,16.34484643774573,0.2423188029695318,cw_0,449.2854959264266,cw
1003,80.0,veh_004,824.996671694453,498.4,16.306898208069615,0.12227139720227242,ce_0,317.796671694453,ce
1003,80.0,veh_005,214.83516718530552,501.6,13.810964735248321,-0.020310407755896875,cw_0,277.9648328146945,cw
1003,80.0,veh_008,795.0327386976821,498.4,16.410591979271093,0.012667745752260373,ce_0,287.8327386976822,ce
1003,80.0,veh_009,253.06864643479992,501.6,13.2458015619879,-0.05158926756586801,cw_0,239.7313535652001,cw
1003,80.0,veh_012,729.5532774266251,498.4,14.431885856074551,0.3334952207235631,ce_0,222.35327742662508,ce
1003,80.0,veh_013,275.13310753208134,501.6,13.211712742413374,-0.3585285396554312,cw_0,217.66689246791867,cw
1003,80.0,veh_014,501.6,988.7757676818094,14.72767356655107,0.04683365762286762,cn_0,481.57576768180934,cn
1003,80.0,veh_016,703.8138516174066,498.4,13.697879724411704,-0.5671575114224119,ce_0,196.61385161740662,ce
1003,80.0,veh_017,303.51712384842074,501.6,13.669393640488462,-0.017960044462233427,cw_0,189.28287615157925,cw
1003,80.0,veh_018,501.6,867.1600718208476,13.995534387222447,0.2133042782451966,cn_0,359.96007182084765,cn
1003,80.0,veh_019,498.4,128.96130849019312,14.383192023682849,-0.3678683597361676,cs_0,363.8386915098069,cs
1003,80.0,veh_020,680.5160363494341,498.4,14.475676226343879,0.5443370694976153,ce_0,173.3160363494341,ce
1003,80.0,veh_021,325.6944398194911,501.6,13.823894182766967,0.07724852644744828,cw_0,167.1055601805089,cw
1003,80.0,veh_022,501.6,844.0599438070428,14.057659525580764,-0.11366013945611364,cn_0,336.85994380704284,cn
1003,80.0,veh_023,498.4,152.55876643882,14.467506013284709,-0.35318711657816415,cs_0,340.24123356118,cs
1003,81.0,veh_000,952.3145451519531,498.4,15.240352120569751,-0.36061752386391177,ce_0,445.11454515195305,ce
1003,81.0,veh_001,27.389594015454975,501.6,16.124910058118406,-0.21993637962732393,cw_0,465.41040598454504,cw
1003,81.0,veh_004,841.4227768350916,498.4,16.42610514063854,0.11920693256892534,ce_0,334.2227768350915,ce
1003,81.0,veh_005,200.8987404088673,501.6,13.936426776438216,0.1254620411898948,cw_0,291.9012595911327,cw
1003,81.0,veh_008,811.279282454757,498.4,16.246543757074807,-0.16404822219628556,ce_0,304.079282454757,ce
1003,81.0,veh_009,239.50050791926893,501.6,13.568138515531027,0.3223369535431271,cw_0,253.2994920807311,cw
1003,81.0,veh_012,743.9947972653608,498.4,14.441519838735731,0.009633982661179985,ce_0,236.7947972653608,ce
1003,81.0,veh_013,262.18124887226867,501.6,12.951858659812686,-0.2598540826006879,cw_0,230.61875112773134,cw
1003,81.0,veh_016,717.8837160771126,498.4,14.06986445970595,0.37198473529424625,ce_0,210.68371607711256,ce
1003,81.0,veh_017,289.87376058139387,501.6,13.643363267026917,-0.026030373461544798,cw_0,202.92623941860617,cw
1003,81.0,veh_018,501.6,880.9950417991345,13.834969978286841,-0.1605644089356062,cn_0,373.7950417991345,cn
1003,81.0,veh_019,498.4,114.25090425700898,14.710404233184153,0.3272122095013046,cs_0,378.549095742991,cs
1003,81.0,veh_020,693.9880612630392,498.4,13.472024913605111,-1.0036513127387678,ce_0,186.78806126303922,ce
1003,81.0,veh_021,311.933131419155,501.6,13.761308400336105,-0.06258578243086177,cw_0,180.866868580845,cw
1003,81.0,veh_022,501.6,858.1283799308101,14.0684361237672,0.010776598186435393,cn_0,350.92837993081,cn
1003,81.0,veh_023,498.4,138.29121028043375,14.267556158386247,-0.1999498548984615,cs_0,354.50878971956627,cs
1003,82.0,veh_000,967.4045944822499,498.4,15.090049330296772,-0.15030279027297944,ce_0,460.20459448224983,ce
1003,82.0,veh_001,11.083883515618822,501.6,16.305710499836135,0.1808004417177287,cw_0,481.7161164843812,cw
1003,82.0,veh_004,857.8316177799237,498.4,16.408840944832193,-0.01726419580634797,ce_0,350.6316177799237,ce
1003,82.0,veh_005,187.11989329297512,501.6,13.77884711589218,-0.15757966054603578,cw_0,305.6801067070249,cw
1003,82.0,veh_008,827.5793400887533,498.4,16.300057633996303,0.053513876921496006,ce_0,320.3793400887533,ce
1003,82.0,veh_009,225.88385761500922,501.6,13.616650304259673,0.048511788728646366,cw_0,266.9161423849908,cw
1003,82.0,veh_012,758.328604807416,498.4,14.333807542055183,-0.10771229668054794,ce_0,251.128604807416,ce
1003,82.0,veh_013,248.3712422069061,501.6,13.810006665362575,0.8581480055498893,cw_0,244.42875779309392,cw
1003,82.0,veh_016,732.343199288621,498.4,14.459483211508433,0.38961875180248207,ce_0,225.143199288621,ce
1003,82.0,veh_017,276.141917280348,501.6,13.731843301045783,0.0884800340188665,cw_0,216.65808271965196,cw
1003,82.0,veh_018,501.6,895.1641629019612,14.169121102826626,0.334151124539785,cn_0,387.9641629019611,cn
1003,82.0,veh_019,498.4,99.93965024698406,14.311254010024921,-0.3991502231592321,cs_0,392.86034975301595,cs
1003,82.0,veh_020,707.8581659191124,498.4,13.870104656073185,0.39807974246807376,ce_0,200.6581659191124,ce
1003,82.0,veh_021,298.8392501271373,501.6,13.093881292017722,-0.6674271083183836,cw_0,193.96074987286272,cw
1003,82.0,veh_022,501.6,872.002555802168,13.874175871357973,-0.19426025240922584,cn_0,364.802555802168,cn
1003,82.0,veh_023,498.4,123.62573652664344,14.665473753790305,0.39791759540405813,cs_0,369.1742634733566,cs
1003,83.0,veh_000,982.8709193445314,498.4,15.466324862281636,0.37627553198486474,ce_0,475.67091934453146,ce
1003,83.0,veh_004,873.7328704410802,498.4,15.90125266115647,-0.5075882836757231,ce_0,366.5328704410802,ce
1003,83.0,veh_005,173.23126030643868,501.6,13.888632986536445,0.1097858706442647,cw_0,319.5687396935613,cw
1003,83.0,veh_008,843.2783847256625,498.4,15.699044636909212,-0.601012997087091,ce_0,336.0783847256625,ce
1003,83.0,veh_009,212.53118901599697,501.6,13.35266859901225,-0.26398170524742426,cw_0,280.26881098400304,cw
1003,83.0,veh_012,772.4077171929891,498.4,14.079112385573135,-0.25469515648204855,ce_0,265.20771719298915,ce
1003,83.0,veh_013,234.48545905635922,501.6,13.88578315054687,0.07577648518429392,cw_0,258.3145409436408,cw
1003,83.0,veh_016,746.135494091722,498.4,13.792294803101049,-0.6671884084073838,ce_0,238.93549409172203,ce
1003,83.0,veh_017,262.6623838859759,501.6,13.479533394372165,-0.2523099066736183,cw_0,230.13761611402413,cw
1003,83.0,veh_018,501.6,909.5571497486912,14.392986846730068,0.22386574390344194,cn_0,402.3571497486912,cn
1003,83.0,veh_019,498.4,85.80027469960248,14.13937554738156,-0.17187846264336137,cs_0,406.99972530039753,cs
1003,83.0,veh_020,721.8297783363241,498.4,13.971612417211675,0.10150776113849069,ce_0,214.62977833632408,ce
1003,83.0,veh_021,285.16712942844595,501.6,13.672120698691307,0.5782394066735854,cw_0,207.63287057155404,cw
1003,83.0,veh_022,501.6,886.4750003749048,14.472444572736757,0.5982687013787835,cn_0,379.2750003749048,cn
1003,83.0,veh_023,498.4,109.2212911719999,14.404445354643569,-0.2610283991467366,cs_0,383.5787088280001,cs
1003,84.0,veh_000,998.4861431807158,498.4,15.615223836184324,0.14889897390268736,ce_0,491.2861431807158,ce
1003,84.0,veh_004,889.6338138376001,498.4,15.900943396519871,-0.00030926463659852743,ce_0,382.4338138376001,ce
1003,84.0,veh_005,158.9027550691497,501.6,14.328505237288969,0.4398722507525239,cw_0,333.8972449308503,cw
1003,84.0,veh_008,859.3545784952155,498.4,16.076193769553036,0.3771491326438241,ce_0,352.1545784952155,ce
1003,84.0,veh_009,199.52405146242063,501.6,13.007137553576321,-0.34553104543592816,cw_0,293.2759485375794,cw
1003,84.0,veh_012,786.5108861815906,498.4,14.103168988601574,0.024056603028439483,ce_0,279.3108861815907,ce
1003,84.0,veh_013,221.54657040966788,501.6,12.938888646691336,-0.9468945038555336,cw_0,271.25342959033213,cw
1003,84.0,veh_016,760.0251231574539,498.4,13.88962906573195,0.09733426263090195,ce_0,252.825123157454,ce
1003,84.0,veh_017,249.04506168729986,501.6,13.61732219867602,0.1377888043038542,cw_0,243.75493831270015,cw
1003,84.0,veh_018,501.6,923.6353324247448,14.078182676053562,-0.31480417067650635,cn_0,416.4353324247448,cn
1003,84.0,veh_019,498.4,71.67797079734106,14.1223039022614,-0.017071645120159573,cs_0,421.12202920265895,cs
1003,84.0,veh_020,735.5439555282642,498.4,13.714177191940056,-0.2574352252716192,ce_0,228.34395552826413,ce
1003,84.0,veh_021,271.93396582618516,501.6,13.233163602260841,-0.43895709643046565,cw_0,220.86603417381488,cw
1003,84.0,veh_022,501.6,900.7788155342726,14.303815159367803,-0.16862941336895432,cn_0,393.57881553427256,cn
1003,84.0,veh_023,498.4,95.40310329519019,13.81818787680973,-0.5862574778338381,cs_0,397.3968967048098,cs
1003,85.0,veh_004,906.1534311560133,498.4,16.51961731841322,0.6186739218933504,ce_0,398.9534311560133,ce
1003,85.0,veh_005,144.74225087953158,501.6,14.160504189618127,-0.16800104767084179,cw_0,348.05774912046843,cw
1003,85.0,veh_008,875.3679838882211,498.4,16.01340539300564,-0.06278837654739533,ce_0,368.16798388822116,ce
1003,85.0,veh_009,186.04558127210333,501.6,13.47847019031731,0.47133263674098913,cw_0,306.7544187278967,cw
1003,85.0,veh_012,800.410029003391,498.4,13.899142821800233,-0.20402616680134145,ce_0,293.21002900339096,ce
1003,85.0,veh_013,208.56537482191465,501.6,12.981195587753247,0.04230694106191102,cw_0,284.23462517808537,cw
1003,85.0,veh_016,773.8978774221443,498.4,13.872754264690393,-0.01687480104155803,ce_0,266.69787742214436,ce
1003,85.0,veh_017,235.89868417692537,501.6,13.146377510374487,-0.47094468830153247,cw_0,256.90131582307464,cw
1003,85.0,veh_018,501.6,937.962096026086,14.32676360134124,0.24858092528767806,cn_0,430.762096026086,cn
1003,85.0,veh_019,498.4,57.09818495365255,14.579785843688505,0.45748194142710474,cs_0,435.70181504634746,cs
1003,85.0,veh_020,749.8746826991821,498.4,14.330727170918056,0.616549978978,ce_0,242.6746826991822,ce
1003,85.0,veh_021,258.06673637385404,501.6,13.867229452331097,0.6340658500702556,cw_0,234.73326362614597,cw
1003,85.0,veh_022,501.6,914.5817439572579,13.802928422985437,-0.5008867363823661,cn_0,407.381743957258,cn
1003,85.0,veh_023,498.4,80.99158521280253,14.411518082387659,0.5933302055779279,cs_0,411.8084147871975,cs
1003,86.0,veh_004,922.735442332687,498.4,16.582011176673696,0.06239385826047439,ce_0,415.535442332687,ce
1003,86.0,veh_005,130.4273923070716,501.6,14.314858572459976,0.15435438284184855,cw_0,362.3726076929284,cw
1003,86.0,veh_008,891.490372366671,498.4,16.12238847844984,0.10898308544419777,ce_0,384.290372366671,ce
1003,86.0,veh_009,172.74053556251113,501.6,13.30504570959223,-0.17342448072508,cw_0,320.0594644374889,cw
1003,86.0,veh_012,814.2290357449839,498.4,13.81900674159293,-0.08013608020730345,ce_0,307.0290357449839,ce
1003,86.0,veh_013,194.9599394768266,501.6,13.605435345088061,0.6242397573348146,cw_0,297.8400605231734,cw
1003,86.0,veh_016,788.1275311468534,498.4,14.229653724709005,0.35689946001861195,ce_0,280.92753114685337,ce
1003,86.0,veh_017,222.87178330338065,501.6,13.026900873544701,-0.11947663682978593,cw_0,269.92821669661936,cw
1003,86.0,veh_018,501.6,952.1256213461456,14.163525320059575,-0.1632382812816644,cn_0,444.9256213461456,cn
1003,86.0,veh_019,498.4,42.367209926389876,14.730975027262675,0.15118918357416966,cs_0,450.43279007361014,cs
1003,86.0,veh_020,763.641283947559,498.4,13.766601248376922,-0.5641259225411339,ce_0,256.4412839475591,ce
1003,86.0,veh_021,244.50931339953078,501.6,13.557422974323286,-0.30980647800781114,cw_0,248.29068660046926,cw
1003,86.0,veh_022,501.6,928.8949185403001,14.313174583042139,0.5102461600567025,cn_0,421.69491854030014,cn
1003,86.0,veh_023,498.4,66.14690622935348,14.844678983449052,0.4331609010613935,cs_0,426.65309377064654,cs
1003,87.0,veh_004,938.8572615835826,498.4,16.121819250895644,-0.46019192577805157,ce_0,431.6572615835827,ce
1003,87.0,veh_005,116.01584612196632,501.6,14.411546185105303,0.09668761264532755,cw_0,376.7841538780337,cw
1003,87.0,veh_008,907.8113210319502,498.4,16.320948665279257,0.19856018682941823,ce_0,400.6113210319503,ce
1003,87.0,veh_009,159.24710006927756,501.6,13.493435493233555,0.18838978364132508,cw_0,333.55289993072245,cw
1003,87.0,veh_012,828.6639858662863,498.4,14.434950121302426,0.6159433797094973,ce_0,321.46398586628635,ce
1003,87.0,veh_013,181.63082607826726,501.6,13.329113398559324,-0.2763219465287374,cw_0,311.16917392173275,cw
1003,87.0,veh_016,802.1674085099544,498.4,14.03987736310106,-0.18977636160794553,ce_0,294.96740850995445,ce
1003,87.0,veh_017,209.6327154523717,501.6,13.239067851008922,0.21216697746422142,cw_0,283.1672845476283,cw
1003,87.0,veh_018,501.6,966.5426990536923,14.417077707546719,0.2535523874871437,cn_0,459.3426990536923,cn
1003,87.0,veh_019,498.4,27.78168631687879,14.585523609511064,-0.14545141775161063,cs_0,465.0183136831212,cs
1003,87.0,veh_020,778.0014657363547,498.4,14.360181788795547,0.5935805404186247,ce_0,270.80146573635466,ce
1003,87.0,veh_021,231.46893130635505,501.6,13.040382093175708,-0.5170408811475777,cw_0,261.33106869364497,cw
1003,87.0,veh_022,501.6,942.7448171062005,13.849898565900343,-0.463276017141796,cn_0,435.54481710620047,cn
1003,87.0,veh_023,498.4,51.79339129298256,14.35351493637092,-0.4911640470781329,cs_0,441.00660870701745,cs
1003,88.0,veh_004,955.5112259532475,498.4,16.6539643696649,0.5321451187692574,ce_0,448.3112259532476,ce
1003,88.0,veh_005,101.99130260104613,501.6,14.024543520920174,-0.38700266418512896,cw_0,390.8086973989539,cw
1003,88.0,veh_008,924.233217158218,498.4,16.421896126267793,0.10094746098853591,ce_0,417.03321715821806,ce
1003,88.0,veh_009,146.06188544991954,501.6,13.18521461935801,-0.30822087387554475,cw_0,346.73811455008047,cw
1003,88.0,veh_012,843.0391968111674,498.4,14.375210944881001,-0.059739176421425455,ce_0,335.83919681116737,ce
1003,88.0,veh_013,167.94633536351733,501.6,13.684490714749952,0.3553773161906282,cw_0,324.8536646364827,cw
1003,88.0,veh_016,816.0113807617911,498.4,13.843972251836622,-0.19590511126443744,ce_0,308.8113807617911,ce
1003,88.0,veh_017,196.27976971985822,501.6,13.352945732513517,0.11387788150459421,cw_0,296.5202302801418,cw
1003,88.0,veh_018,501.6,980.7809471914923,14.238248137799978,-0.1788295697467408,cn_0,473.58094719149227,cn
1003,88.0,veh_019,498.4,13.749374021147219,14.032312295731598,-0.5532113137794656,cs_0,479.0506259788528,cs
1003,88.0,veh_020,792.0616882413624,498.4,14.06022250500779,-0.29995928378775716,ce_0,284.86168824136246,ce
1003,88.0,veh_021,218.3598237535757,501.6,13.10910755277936,0.06872545960365173,cw_0,274.4401762464243,cw
1003,88.0,veh_022,501.6,956.9682436496898,14.223426543489424,0.37352797758908096,cn_0,449.7682436496899,cn
1003,88.0,veh_023,498.4,36.889712193074956,14.903679099907624,0.5501641635367047,cs_0,455.91028780692506,cs
1003,89.0,veh_004,971.4501554287096,498.4,15.938929475462066,-0.7150348942028355,ce_0,464.25015542870966,ce
1003,89.0,veh_005,88.16309973381271,501.6,13.82820286723339,-0.196340653686784,cw_0,404.6369002661873,cw
1003,89.0,veh_008,940.1138637575093,498.4,15.880646599291186,-0.5412495269766069,ce_0,432.91386375750926,ce
1003,89.0,veh_009,132.8662768582392,501.6,13.195608591680356,0.010393972322345846,cw_0,359.9337231417608,cw
1003,89.0,veh_012,857.0797426059601,498.4,14.040545794792742,-0.33466515008825937,ce_0,349.87974260596013,ce
1003,89.0,veh_013,154.74581358252425,501.6,13.200521780993093,-0.48396893375685934,cw_0,338.05418641747576,cw
1003,89.0,veh_016,829.8639703846736,498.4,13.852589622882606,0.008617371045984257,ce_0,322.6639703846737,ce
1003,89.0,veh_017,183.0726036048992,501.6,13.207166114959008,-0.14577961755450808,cw_0,309.7273963951008,cw
1003,89.0,veh_018,501.6,995.1575163528058,14.376569161313542,0.1383210235135639,cn_0,487.95751635280584,cn
1003,89.0,veh_020,806.4473384817111,498.4,14.385650240348571,0.3254277353407815,ce_0,299.24733848171104,ce
1003,89.0,veh_021,205.31411008087667,501.6,13.045713672699065,-0.06339388008029445,cw_0,287.48588991912334,cw
1003,89.0,veh_022,501.6,971.1466445472179,14.178400897528043,-0.045025645961381144,cn_0,463.94664454721794,cn
1003,89.0,veh_023,498.4,23.03273111996276,13.856981073112212,-1.0466980267954114,cs_0,469.76726888003725,cs
1003,90.0,veh_004,988.109323949149,498.4,16.65916852043942,0.7202390449773528,ce_0,480.9093239491491,ce
1003,90.0,veh_005,73.77595029498241,501.6,14.387149438830289,0.5589465715968984,cw_0,419.0240497050176,cw
1003,90.0,veh_008,956.156102578745,498.4,16.042238821235777,0.16159222194459133,ce_0,448.95610257874506,ce
1003,90.0,veh_009,119.52611376120132,501.6,13.340163097037875,0.1445545053575188,cw_0,373.2738862387987,cw
1003,90.0,veh_012,870.9656825349158,498.4,13.885939928955668,-0.15460586583707325,ce_0,363.7656825349158,ce
1003,90.0,veh_013,141.82216197523462,501.6,12.923651607289607,-0.276870173703486,cw_0,350.9778380247654,cw
1003,90.0,veh_016,843.8115017669592,498.4,13.947531382285469,0.09494175940286276,ce_0,336.6115017669592,ce
1003,90.0,veh_017,169.40707868526817,501.6,13.665524919631034,0.4583588046720255,cw_0,323.39292131473184,cw
1003,90.0,veh_020,820.3133935855196,498.4,13.86605510380865,-0.5195951365399214,ce_0,313.1133935855197,ce
1003,90.0,veh_021,192.20982422177104,501.6,13.104285859105648,0.05857218640658246,cw_0,300.59017577822897,cw
1003,90.0,veh_022,501.6,985.5731822150547,14.426537667836758,0.24813677030871517,cn_0,478.3731822150547,cn
1003,90.0,veh_023,498.4,6.895029812970563,16.1377013069922,2.280720233879986,cs_0,485.90497018702945,cs
1003,91.0,veh_005,59.69219214918331,501.6,14.083758145799123,-0.3033912930311651,cw_0,433.1078078508167,cw
1003,91.0,veh_008,972.5383784660465,498.4,16.382275887301486,0.34003706606570816,ce_0,465.33837846604655,ce
1003,91.0,veh_009,105.89025010365793,501.6,13.635863657543377,0.29570056050550164,cw_0,386.9097498963421,cw
1003,91.0,veh_012,884.8788660079024,498.4,13.913183472986603,0.02724354403093443,ce_0,377.6788660079024,ce
1003,91.0,veh_013,128.42822356409897,501.6,13.393938411135677,0.47028680384607036,cw_0,364.37177643590104,cw
1003,91.0,veh_016,858.0051502569685,498.4,14.19364849000931,0.24611710772384043,ce_0,350.8051502569685,ce
1003,91.0,veh_017,155.78811832247703,501.6,13.618960362791158,-0.04656455683987559,cw_0,337.011881677523,cw
1003,91.0,veh_020,834.189583693972,498.4,13.876190108452334,0.010135004643684553,ce_0,326.989583693972,ce
1003,91.0,veh_021,178.85414059364717,501.6,13.355683628123879,0.2513977690182312,cw_0,313.94585940635284,cw
1003,92.0,veh_005,45.956387521165766,501.6,13.735804628017554,-0.34795351778156913,cw_0,446.84361247883425,cw
1003,92.0,veh_008,988.5672797043924,498.4,16.028901238345835,-0.3533746489556506,ce_0,481.3672797043924,ce
1003,92.0,veh_009,92.88920234774884,501.6,13.001047755909093,-0.6348159016342834,cw_0,399.9107976522512,cw
1003,92.0,veh_012,898.658722417525,498.4,13.779856409622626,-0.1333270633639767,ce_0,391.45872241752505,ce
1003,92.0,veh_013,114.5776145273378,501.6,13.850609036761186,0.45667062562550953,cw_0,378.2223854726622,cw
1003,92.0,veh_016,872.3852416712082,498.4,14.380091414239669,0.18644292423035935,ce_0,365.18524167120813,ce
1003,92.0,veh_017,142.68730792858378,501.6,13.100810393893235,-0.518149968897923,cw_0,350.11269207141623,cw
1003,92.0,veh_020,848.1912776389943,498.4,14.00169394502222,0.1255038365698855,ce_0,340.99127763899423,ce
1003,92.0,veh_021,165.31434865707826,501.6,13.539791936568937,0.1841083084450581,cw_0,327.48565134292176,cw
1003,93.0,veh_005,32.08902864707835,501.6,13.867358874087417,0.13155424606986266,cw_0,460.71097135292166,cw
1003,93.0,veh_009,79.34291128644344,501.6,13.546291061305382,0.5452433053962888,cw_0,413.4570887135566,cw
1003,93.0,veh_012,912.7580449271522,498.4,14.099322509627127,0.31946610000450093,ce_0,405.5580449271522,ce
1003,93.0,veh_013,101.32097296612312,501.6,13.25664156121467,-0.593967475546517,cw_0,391.4790270338769,cw
1003,93.0,veh_016,886.8142537400324,498.4,14.429012068824322,0.04892065458465389,ce_0,379.61425374003244,ce
1003,93.0,veh_017,128.9642780735531,501.6,13.723029855030664,0.6222194611374281,cw_0,363.8357219264469,cw
1003,93.0,veh_020,862.1049417870418,498.4,13.913664148047486,-0.0880297969747339,ce_0,354.9049417870417,ce
1003,93.0,veh_021,151.86876119656176,501.6,13.445587460516512,-0.09420447605242543,cw_0,340.93123880343825,cw
1003,94.0,veh_005,18.172104316099478,501.6,13.91692433097885,0.04956545689143255,cw_0,474.62789568390053,cw
1003,94.0,veh_009,65.97290875564335,501.6,13.37000253080012,-0.1762885305052624,cw_0,426.82709124435667,cw
1003,94.0,veh_012,927.1899138205039,498.4,14.431868893351675,0.3325463837245479,ce_0,419.9899138205039,ce
1003,94.0,veh_013,87.97105335621546,501.6,13.349919609907682,0.09327804869301204,cw_0,404.82894664378455,cw
1003,94.0,veh_016,901.1982537467811,498.4,14.384000006748774,-0.04501206207554809,ce_0,393.9982537467812,ce
1003,94.0,veh_017,115.74152657965016,501.6,13.222751493902951,-0.5002783611277124,cw_0,377.05847342034986,cw
1003,94.0,veh_020,876.2510132287396,498.4,14.146071441697808,0.2324072936503221,ce_0,369.0510132287395,ce
1003,94.0,veh_021,138.1938660494268,501.6,13.674895147134967,0.2293076866184549,cw_0,354.6061339505732,cw
1003,95.0,veh_005,3.8313333352252243,501.6,14.340770980874272,0.4238466498954221,cw_0,488.9686666647748,cw
1003,95.0,veh_009,53.008530882125854,501.6,12.964377873517513,-0.40562465728260655,cw_0,439.79146911787416,cw
1003,95.0,veh_012,941.6593050414016,498.4,14.469391220897705,0.037522327546030354,ce_0,434.4593050414016,ce
1003,95.0,veh_013,74.56437985149086,501.6,13.406673504724617,0.05675389481693571,cw_0,418.23562014850916,cw
1003,95.0,veh_016,914.9373680340602,498.4,13.739114287279026,-0.6448857194697482,ce_0,407.73736803406024,ce
1003,95.0,veh_017,102.11518764216544,501.6,13.626338937484734,0.4035874435817828,cw_0,390.6848123578346,cw
1003,95.0,veh_020,890.126597813906,498.4,13.875584585166456,-0.2704868565313525,ce_0,382.92659781390597,ce
1003,95.0,veh_021,124.47406513422902,501.6,13.719800915197776,0.04490576806280977,cw_0,368.325934865771,cw
