seed,simulation_time,vehicle_id,x,y,speed_mps,acceleration_mps2,lane_id,lane_position_m,road_id
1005,1.0,veh_000,8.3,-1.6,12.0,0.0,g00_g10_0,5.1,g00_g10
1005,2.0,veh_000,22.601953147123567,-1.6,14.301953147123568,2.3019531471235677,g00_g10_0,19.401953147123567,g00_g10
1005,2.0,veh_001,798.4,791.6999999999999,13.0,0.0,g22_g21_0,5.1,g22_g21
1005,3.0,veh_000,37.182136400145225,-1.6,14.580183253021652,0.27823010589808383,g00_g10_0,33.98213640014522,g00_g10
1005,3.0,veh_001,798.4,778.7158615542955,12.984138445704438,-0.015861554295561575,g22_g21_0,18.08413844570444,g22_g21
1005,3.0,veh_002,8.3,798.4,12.0,0.0,g02_g12_0,5.1,g02_g12
1005,4.0,veh_000,51.614180646042755,-1.6,14.432044245897533,-0.14813900712411865,g00_g10_0,48.41418064604275,g00_g10
1005,4.0,veh_001,798.4,765.6748716472756,13.040989907019965,0.05685146131552621,g22_g21_0,31.125128352724403,g22_g21
1005,4.0,veh_002,22.57555177995469,798.4,14.275551779954693,2.275551779954693,g02_g12_0,19.37555177995469,g02_g12
1005,4.0,veh_003,801.6,8.3,13.0,0.0,g20_g21_0,5.1,g20_g21
1005,5.0,veh_000,65.70490704994758,-1.6,14.09072640390482,-0.3413178419927121,g00_g10_0,62.504907049947576,g00_g10
1005,5.0,veh_001,798.4,753.0576552228698,12.617216424405768,-0.42377348261419634,g22_g21_0,43.74234477713017,g22_g21
1005,5.0,veh_002,37.276225063306924,798.4,14.700673283352232,0.4251215033975395,g02_g12_0,34.07622506330692,g02_g12
1005,5.0,veh_003,801.6,22.432673379884772,14.132673379884775,1.1326733798847748,g20_g21_0,19.232673379884773,g20_g21
1005,5.0,veh_004,12.3,398.4,12.0,0.0,g01_g11_0,5.1,g01_g11
1005,6.0,veh_000,80.1576340477447,-1.6,14.452726997797118,0.3620005938922972,g00_g10_0,76.95763404774469,g00_g10
1005,6.0,veh_001,798.4,739.9493031540961,13.108352068773664,0.4911356443678958,g22_g21_0,56.85069684590383,g22_g21
1005,6.0,veh_002,52.46223415507412,798.4,15.186009091767199,0.48533580841496615,g02_g12_0,49.26223415507412,g02_g12
1005,6.0,veh_003,801.6,36.95514679784649,14.522473417961711,0.3898000380769364,g20_g21_0,33.755146797846486,g20_g21
1005,6.0,veh_004,25.190480524501023,398.4,12.890480524501026,0.8904805245010259,g01_g11_0,17.990480524501024,g01_g11
1005,6.0,veh_005,787.6999999999999,401.6,13.0,0.0,g21_g11_0,5.1,g21_g11
1005,7.0,veh_000,94.74160967802034,-1.6,14.583975630275646,0.13124863247852758,g00_g10_0,91.54160967802034,g00_g10
1005,7.0,veh_001,798.4,727.0424068205514,12.906896333544708,-0.2014557352289561,g22_g21_0,69.75759317944855,g22_g21
1005,7.0,veh_002,67.61243747518778,798.4,15.15020332011366,-0.035805771653539153,g02_g12_0,64.41243747518777,g02_g12
1005,7.0,veh_003,801.6,51.439058590369456,14.483911792522969,-0.0385616254387422,g20_g21_0,48.23905859036945,g20_g21
1005,7.0,veh_004,38.32024794745577,398.4,13.129767422954746,0.2392868984537202,g01_g11_0,31.12024794745577,g01_g11
1005,7.0,veh_005,773.5910890551562,401.6,14.1089109448438,1.1089109448437995,g21_g11_0,19.2089109448438,g21_g11
1005,7.0,veh_006,401.6,12.3,12.0,0.0,g10_g11_0,5.1,g10_g11
1005,8.0,veh_000,108.87270586083393,-1.6,14.131096182813609,-0.45287944746203657,g00_g10_0,105.67270586083394,g00_g10
1005,8.0,veh_001,798.4,714.3031309718683,12.739275848683164,-0.16762048486154413,g22_g21_0,82.49686902813171,g22_g21
1005,8.0,veh_002,82.45049279474073,798.4,14.838055319552957,-0.31214800056070224,g02_g12_0,79.25049279474072,g02_g12
1005,8.0,veh_003,801.6,65.82777374805872,14.388715157689267,-0.09519663483370167,g20_g21_0,62.62777374805872,g20_g21
1005,8.0,veh_004,50.78482467598526,398.4,12.46457672852949,-0.6651906944252559,g01_g11_0,43.58482467598526,g01_g11
1005,8.0,veh_005,759.8110714105886,401.6,13.78001764456755,-0.3288933002762491,g21_g11_0,32.98892858941135,g21_g11
1005,8.0,veh_006,401.6,25.593005514226352,13.293005514226355,1.2930055142263548,g10_g11_0,18.393005514226353,g10_g11
1005,8.0,veh_007,398.4,787.6999999999999,13.0,0.0,g12_g11_0,5.1,g12_g11
1005,9.0,veh_000,123.21973103588545,-1.6,14.347025175051504,0.2159289922378953,g00_g10_0,120.01973103588544,g00_g10
1005,9.0,veh_001,798.4,701.2091178087569,13.094013163111367,0.35473731442820267,g22_g21_0,95.59088219124308,g22_g21
1005,9.0,veh_002,97.42959082333694,798.4,14.979098028596207,0.14104270904324956,g02_g12_0,94.22959082333693,g02_g12
1005,9.0,veh_003,801.6,80.20528054148295,14.377506793424228,-0.01120836426503935,g20_g21_0,77.00528054148295,g20_g21
1005,9.0,veh_004,63.19750566780272,398.4,12.41268099181746,-0.05189573671203007,g01_g11_0,55.99750566780272,g01_g11
1005,9.0,veh_005,745.531602536812,401.6,14.279468873776631,0.4994512292090807,g21_g11_0,47.26839746318798,g21_g11
1005,9.0,veh_006,401.6,38.58695825176772,12.99395273754137,-0.2990527766849844,g10_g11_0,31.386958251767723,g10_g11
1005,9.0,veh_007,398.4,774.7146653466182,12.985334653381797,-0.014665346618203401,g12_g11_0,18.085334653381796,g12_g11
1005,9.0,veh_008,8.3,-1.6,12.0,0.0,g00_g10_0,5.1,g00_g10
1005,10.0,veh_000,137.14813790144376,-1.6,13.928406865558328,-0.41861830949317635,g00_g10_0,133.94813790144377,g00_g10
1005,10.0,veh_001,798.4,688.7262987613318,12.482819047425135,-0.6111941156862315,g22_g21_0,108.07370123866822,g22_g21
1005,10.0,veh_002,112.42348858346992,798.4,14.993897760132976,0.014799731536768945,g02_g12_0,109.22348858346992,g02_g12
1005,10.0,veh_003,801.6,94.08585242628803,13.880571884805077,-0.496934908619151,g20_g21_0,90.88585242628803,g20_g21
1005,10.0,veh_004,76.16171578916352,398.4,12.964210121360802,0.5515291295433418,g01_g11_0,68.96171578916352,g01_g11
1005,10.0,veh_005,731.6136984232062,401.6,13.917904113605754,-0.3615647601708769,g21_g11_0,61.18630157679374,g21_g11
1005,10.0,veh_006,401.6,51.94764328791983,13.360685036152102,0.36673229861073153,g10_g11_0,44.74764328791983,g10_g11
1005,10.0,veh_007,398.4,761.2813829861486,13.433282360469528,0.4479477070877316,g12_g11_0,31.518617013851326,g12_g11
1005,10.0,veh_008,22.18721746366005,-1.6,13.887217463660054,1.887217463660054,g00_g10_0,18.987217463660052,g00_g10
1005,10.0,veh_009,798.4,791.6999999999999,13.0,0.0,g22_g21_0,5.1,g22_g21
1005,11.0,veh_000,151.67288289973837,-1.6,14.5247449982946,0.5963381327362729,g00_g10_0,148.47288289973838,g00_g10
1005,11.0,veh_001,798.4,676.1235673830118,12.602731378319866,0.11991233089473141,g22_g21_0,120.67643261698808,g22_g21
1005,11.0,veh_002,127.32954884288168,798.4,14.90606025941176,-0.08783750072121599,g02_g12_0,124.12954884288168,g02_g12
1005,11.0,veh_003,801.6,108.48484228730766,14.398989861019627,0.5184179762145504,g20_g21_0,105.28484228730765,g20_g21
1005,11.0,veh_004,88.75710659042956,398.4,12.59539080126603,-0.36881932009477225,g01_g11_0,81.55710659042956,g01_g11
1005,11.0,veh_005,717.2539779958355,401.6,14.359720427370766,0.4418163137650115,g21_g11_0,75.5460220041645,g21_g11
1005,11.0,veh_006,401.6,65.0496910811354,13.102047793215572,-0.2586372429365298,g10_g11_0,57.849691081135404,g10_g11
1005,11.0,veh_007,398.4,747.8930199633,13.38836302284857,-0.0449193376209589,g12_g11_0,44.90698003669989,g12_g11
1005,11.0,veh_008,36.76848781663209,-1.6,14.581270352972032,0.694052889311978,g00_g10_0,33.568487816632086,g00_g10
1005,11.0,veh_009,798.4,777.2554189528983,14.444581047101655,1.4445810471016554,g22_g21_0,19.544581047101655,g22_g21
1005,11.0,veh_010,8.3,798.4,12.0,0.0,g02_g12_0,5.1,g02_g12
1005,12.0,veh_000,165.81775879423805,-1.6,14.144875894499684,-0.3798691037949169,g00_g10_0,162.61775879423806,g00_g10
1005,12.0,veh_001,798.4,663.6870552727188,12.436512110293105,-0.16621926802676157,g22_g21_0,133.1129447272812,g22_g21
1005,12.0,veh_002,141.77010452192047,798.4,14.440555679038814,-0.4655045803729454,g02_g12_0,138.57010452192048,g02_g12
1005,12.0,veh_003,801.6,122.41987610112389,13.935033813816236,-0.463956047203391,g20_g21_0,119.21987610112389,g20_g21
1005,12.0,veh_004,101.74333511825601,398.4,12.986228527826452,0.3908377265604219,g01_g11_0,94.54333511825601,g01_g11
1005,12.0,veh_005,703.1422876731717,401.6,14.11169032266377,-0.24803010470699505,g21_g11_0,89.65771232682827,g21_g11
1005,12.0,veh_006,401.6,78.37108561543499,13.321394534299582,0.21934674108400998,g10_g11_0,71.17108561543499,g10_g11
1005,12.0,veh_007,398.4,734.9501765259166,12.94284343738349,-0.44551958546507997,g12_g11_0,57.84982347408338,g12_g11
1005,12.0,veh_008,51.51705854384194,-1.6,14.748570727209852,0.1673003742378203,g00_g10_0,48.31705854384194,g00_g10
1005,12.0,veh_009,798.4,762.6681835846216,14.587235368276723,0.14265432117506727,g22_g21_0,34.13181641537838,g22_g21
1005,12.0,veh_010,22.217503579128532,798.4,13.917503579128534,1.9175035791285335,g02_g12_0,19.017503579128533,g02_g12
1005,12.0,veh_011,801.6,8.3,13.0,0.0,g20_g21_0,5.1,g20_g21
1005,13.0,veh_000,179.90212217302147,-1.6,14.08436337878343,-0.06051251571625471,g00_g10_0,176.70212217302148,g00_g10
1005,13.0,veh_001,798.4,651.1091486674349,12.577906605283923,0.14139449499081813,g22_g21_0,145.6908513325651,g22_g21
1005,13.0,veh_002,156.87332090734714,798.4,15.103216385426649,0.6626607063878343,g02_g12_0,153.67332090734715,g02_g12
1005,13.0,veh_003,801.6,136.4119573368118,13.992081235687921,0.05704742187168499,g20_g21_0,133.21195733681182,g20_g21
1005,13.0,veh_004,114.54546050430618,398.4,12.802125386050164,-0.18410314177628706,g01_g11_0,107.34546050430617,g01_g11
1005,13.0,veh_005,688.875523749887,401.6,14.266763923284733,0.15507360062096254,g21_g11_0,103.924476250113,g21_g11
1005,13.0,veh_006,401.6,91.20226304744351,12.83117743200852,-0.4902171022910622,g10_g11_0,84.0022630474435,g10_g11
1005,13.0,veh_007,398.4,721.8863789141477,13.063797611768894,0.12095417438540501,g12_g11_0,70.91362108585227,g12_g11
1005,13.0,veh_008,65.9683140766406,-1.6,14.45125553279865,-0.2973151944112029,g00_g10_0,62.768314076640586,g00_g10
1005,13.0,veh_009,798.4,748.4116965481757,14.256487036445886,-0.3307483318308364,g22_g21_0,48.38830345182427,g22_g21
1005,13.0,veh_010,37.27762730150455,798.4,15.06012372237602,1.1426201432474858,g02_g12_0,34.07762730150455,g02_g12
1005,13.0,veh_011,801.6,21.813366362953758,13.513366362953759,0.513366362953759,g20_g21_0,18.61336636295376,g20_g21
1005,13.0,veh_012,12.3,398.4,12.0,0.0,g01_g11_0,5.1,g01_g11
1005,14.0,veh_000,194.0455563406829,-1.6,14.143434167661445,0.059070788878015534,g00_g10_0,190.84555634068292,g00_g10
1005,14.0,veh_001,798.4,638.6032921218914,12.505856545543491,-0.0720500597404321,g22_g21_0,158.19670787810858,g22_g21
1005,14.0,veh_002,172.04081475931866,798.4,15.16749385197153,0.06427746654488153,g02_g12_0,168.84081475931868,g02_g12
1005,14.0,veh_003,801.6,150.59660838308952,14.184651046277697,0.19256981058977551,g20_g21_0,147.39660838308953,g20_g21
1005,14.0,veh_004,127.59194021316978,398.4,13.046479708863616,0.24435432281345193,g01_g11_0,120.39194021316979,g01_g11
1005,14.0,veh_005,674.5556455335569,401.6,14.319878216330098,0.05311429304536475,g21_g11_0,118.2443544664431,g21_g11
1005,14.0,veh_006,401.6,104.63222005329769,13.429957005854197,0.5987795738456771,g10_g11_0,97.4322200532977,g10_g11
1005,14.0,veh_007,398.4,708.9376575087332,12.94872140541447,-0.1150762063544235,g12_g11_0,83.86234249126674,g12_g11
1005,14.0,veh_008,80.86948584938818,-1.6,14.901171772747594,0.44991623994894425,g00_g10_0,77.66948584938818,g00_g10
1005,14.0,veh_009,798.4,733.7648422647751,14.646854283400588,0.3903672469547015,g22_g21_0,63.03515773522486,g22_g21
1005,14.0,veh_010,52.316921960664345,798.4,15.039294659159795,-0.02082906321622424,g02_g12_0,49.11692196066434,g02_g12
1005,14.0,veh_011,801.6,35.47242435261741,13.659057989663646,0.1456916267098869,g20_g21_0,32.272424352617406,g20_g21
1005,14.0,veh_012,25.376534940670922,398.4,13.076534940670923,1.076534940670923,g01_g11_0,18.176534940670923,g01_g11
1005,14.0,veh_013,787.6999999999999,401.6,13.0,0.0,g21_g11_0,5.1,g21_g11
1005,15.0,veh_000,208.05304259760152,-1.6,14.007486256918611,-0.13594791074283386,g00_g10_0,204.85304259760153,g00_g10
1005,15.0,veh_001,798.4,626.0619049279534,12.541387193937979,0.03553064839448794,g22_g21_0,170.73809507204658,g22_g21
1005,15.0,veh_002,187.19013362316102,798.4,15.149318863842353,-0.01817498812917684,g02_g12_0,183.99013362316103,g02_g12
1005,15.0,veh_003,801.6,164.83291829670867,14.236309913619163,0.051658867341465964,g20_g21_0,161.63291829670868,g20_g21
1005,15.0,veh_004,140.0214252199904,398.4,12.429485006820604,-0.6169947020430122,g01_g11_0,132.8214252199904,g01_g11
1005,15.0,veh_005,660.4510618905897,401.6,14.10458364296718,-0.21529457336291813,g21_g11_0,132.34893810941028,g21_g11
1005,15.0,veh_006,401.6,117.59221753778375,12.95999748448605,-0.4699595213681462,g10_g11_0,110.39221753778375,g10_g11
1005,15.0,veh_007,398.4,696.060920770049,12.876736738684194,-0.07198466673027681,g12_g11_0,96.73907922995093,g12_g11
1005,15.0,veh_008,95.33070130690147,-1.6,14.461215457513289,-0.4399563152343049,g00_g10_0,92.13070130690147,g00_g10
1005,15.0,veh_009,798.4,719.0307232541788,14.734119010596313,0.0872647271957252,g22_g21_0,77.76927674582117,g22_g21
1005,15.0,veh_010,67.25866184433836,798.4,14.941739883674025,-0.0975547754857704,g02_g12_0,64.05866184433836,g02_g12
1005,15.0,veh_011,801.6,48.84901757833981,13.376593225722402,-0.28246476394124365,g20_g21_0,45.64901757833981,g20_g21
1005,15.0,veh_012,38.94421383717699,398.4,13.567678896506065,0.4911439558351418,g01_g11_0,31.744213837176986,g01_g11
1005,15.0,veh_013,775.0174974864145,401.6,12.682502513585419,-0.317497486414581,g21_g11_0,17.78250251358542,g21_g11
1005,15.0,veh_014,401.6,12.3,12.0,0.0,g10_g11_0,5.1,g10_g11
1005,16.0,veh_000,222.03971834781774,-1.6,13.986675750216211,-0.020810506702400033,g00_g10_0,218.83971834781775,g00_g10
1005,16.0,veh_001,798.4,613.3917509780089,12.670153949944496,0.12876675600651666,g22_g21_0,183.40824902199108,g22_g21
1005,16.0,veh_002,201.6840470709664,798.4,14.493913447805397,-0.655405416036956,g02_g12_0,198.48404707096643,g02_g12
1005,16.0,veh_003,801.6,178.78458118735782,13.951662890649143,-0.2846470229700202,g20_g21_0,175.58458118735783,g20_g21
1005,16.0,veh_004,152.73266361008052,398.4,12.711238390090138,0.2817533832695336,g01_g11_0,145.53266361008053,g01_g11
1005,16.0,veh_005,646.3607670861655,401.6,14.090294804424182,-0.01428883854299734,g21_g11_0,146.43923291383447,g21_g11
1005,16.0,veh_006,401.6,130.9610799030421,13.368862365258359,0.40886488077230787,g10_g11_0,123.76107990304212,g10_g11
1005,16.0,veh_007,398.4,682.6138279496779,13.447092820371108,0.5703560816869135,g12_g11_0,110.18617205032204,g12_g11
1005,16.0,veh_008,109.99380646970485,-1.6,14.663105162803376,0.2018897052900872,g00_g10_0,106.79380646970485,g00_g10
1005,16.0,veh_009,798.4,704.4362051073791,14.594518146799654,-0.13960086379665881,g22_g21_0,92.36379489262083,g22_g21
1005,16.0,veh_010,82.13361755156775,798.4,14.87495570722939,-0.06678417644463508,g02_g12_0,78.93361755156775,g02_g12
1005,16.0,veh_011,801.6,62.520212602254816,13.671195023915,0.29460179819259835,g20_g21_0,59.32021260225481,g20_g21
1005,16.0,veh_012,52.43399473659432,398.4,13.489780899417333,-0.07789799708873169,g01_g11_0,45.23399473659432,g01_g11
1005,16.0,veh_013,762.0865901859584,401.6,12.930907300456235,0.24840478687081635,g21_g11_0,30.713409814041654,g21_g11
1005,16.0,veh_014,401.6,24.582188706359158,12.282188706359157,0.2821887063591575,g10_g11_0,17.38218870635916,g10_g11
1005,16.0,veh_015,398.4,787.6999999999999,13.0,0.0,g12_g11_0,5.1,g12_g11
1005,17.0,veh_000,236.01248116714493,-1.6,13.972762819327155,-0.013912930889055986,g00_g10_0,232.8124811671449,g00_g10
1005,17.0,veh_001,798.4,600.3325324273499,13.05921855065898,0.3890646007144838,g22_g21_0,196.46746757265007,g22_g21
1005,17.0,veh_002,216.30049841013368,798.4,14.61645133916726,0.122537891361862,g02_g12_0,213.1004984101337,g02_g12
1005,17.0,veh_003,801.6,193.1084321634829,14.323850976125078,0.3721880854759352,g20_g21_0,189.9084321634829,g20_g21
1005,17.0,veh_004,165.1971992574497,398.4,12.464535647369184,-0.24670274272095405,g01_g11_0,157.99719925744972,g01_g11
1005,17.0,veh_005,632.539150128703,401.6,13.821616957462528,-0.26867784696165486,g21_g11_0,160.260849871297,g21_g11
1005,17.0,veh_006,401.6,144.43945273691753,13.47837283387544,0.10951046861708136,g10_g11_0,137.23945273691754,g10_g11
1005,17.0,veh_007,398.4,669.626598989127,12.987228960550928,-0.45986385982017985,g12_g11_0,123.17340101087296,g12_g11
1005,17.0,veh_008,124.54966200066376,-1.6,14.555855530958915,-0.10724963184446068,g00_g10_0,121.34966200066376,g00_g10
1005,17.0,veh_009,798.4,690.0133813040467,14.422823803332411,-0.17169434346724266,g22_g21_0,106.78661869595324,g22_g21
1005,17.0,veh_010,97.25098043780166,798.4,15.117362886233904,0.24240717900451436,g02_g12_0,94.05098043780166,g02_g12
1005,17.0,veh_011,801.6,76.48541375952408,13.965201157269268,0.2940061333542676,g20_g21_0,73.28541375952408,g20_g21
1005,17.0,veh_012,65.78751819675594,398.4,13.35352346016162,-0.1362574392557132,g01_g11_0,58.58751819675594,g01_g11
1005,17.0,veh_013,748.9061131075487,401.6,13.180477078409673,0.24956977795343782,g21_g11_0,43.89388689245133,g21_g11
1005,17.0,veh_014,401.6,36.300684119972,11.718495413612837,-0.5636932927463203,g10_g11_0,29.100684119971994,g10_g11
1005,17.0,veh_015,398.4,772.604615401728,15.09538459827192,2.09538459827192,g12_g11_0,20.19538459827192,g12_g11
1005,17.0,veh_016,8.3,-1.6,12.0,0.0,g00_g10_0,5.1,g00_g10
1005,18.0,veh_000,250.12295918418513,-1.6,14.11047801704027,0.13771519771311524,g00_g10_0,246.92295918418517,g00_g10
1005,18.0,veh_001,798.4,587.9003229803709,12.432209446978948,-0.6270091036800309,g22_g21_0,208.89967701962902,g22_g21
1005,18.0,veh_002,231.33625645771227,798.4,15.035758047578573,0.41930670841131423,g02_g12_0,228.13625645771228,g02_g12
1005,18.0,veh_003,801.6,207.2329481170346,14.124515953551718,-0.19933502257335967,g20_g21_0,204.0329481170346,g20_g21
1005,18.0,veh_004,178.2789911442154,398.4,13.081791886765703,0.6172562393965197,g01_g11_0,171.07899114421542,g01_g11
1005,18.0,veh_005,618.5294188539156,401.6,14.009731274787471,0.18811431732494377,g21_g11_0,174.27058114608448,g21_g11
1005,18.0,veh_006,401.6,157.24562434570592,12.806171608788393,-0.672201225087047,g10_g11_0,150.04562434570593,g10_g11
1005,18.0,veh_007,398.4,656.6242105612058,13.002388427921177,0.015159467370249757,g12_g11_0,136.17578943879414,g12_g11
1005,18.0,veh_008,139.1098754858258,-1.6,14.560213485162066,0.004357954203150882,g00_g10_0,135.9098754858258,g00_g10
1005,18.0,veh_009,798.4,675.8043654483174,14.209015855729357,-0.21380794760305477,g22_g21_0,120.9956345516826,g22_g21
1005,18.0,veh_010,111.69968613811132,798.4,14.448705700309663,-0.668657185924241,g02_g12_0,108.49968613811131,g02_g12
1005,18.0,veh_011,801.6,90.3455778056656,13.86016404614152,-0.10503711112774816,g20_g21_0,87.1455778056656,g20_g21
1005,18.0,veh_012,78.89668181558478,398.4,13.109163618828848,-0.24435984133277167,g01_g11_0,71.69668181558478,g01_g11
1005,18.0,veh_013,736.0116050533929,401.6,12.894508054155665,-0.2859690242540083,g21_g11_0,56.78839494660699,g21_g11
1005,18.0,veh_014,401.6,48.61561163751394,12.314927517541946,0.596432103929109,g10_g11_0,41.41561163751394,g10_g11
1005,18.0,veh_015,398.4,756.3407406929082,16.26387470881983,1.1684901105479106,g12_g11_0,36.459259307091756,g12_g11
1005,18.0,veh_016,22.36099543417804,-1.6,14.06099543417804,2.0609954341780394,g00_g10_0,19.16099543417804,g00_g10
1005,18.0,veh_017,798.4,791.6999999999999,13.0,0.0,g22_g21_0,5.1,g22_g21
1005,19.0,veh_000,264.45984533099295,-1.6,14.336886146807784,0.22640812976751334,g00_g10_0,261.25984533099296,g00_g10
1005,19.0,veh_001,798.4,575.0011004614862,12.89922251888477,0.4670130719058214,g22_g21_0,221.7988995385138,g22_g21
1005,19.0,veh_002,246.00623304608786,798.4,14.669976588375583,-0.36578145920299043,g02_g12_0,242.80623304608787,g02_g12
1005,19.0,veh_003,801.6,221.53076091055834,14.297812793523745,0.17329683997202672,g20_g21_0,218.33076091055835,g20_g21
1005,19.0,veh_004,190.84978330842583,398.4,12.570792164210424,-0.5109997225552796,g01_g11_0,183.64978330842584,g01_g11
1005,19.0,veh_005,604.4334767609072,401.6,14.095942093008333,0.08621081822086119,g21_g11_0,188.36652323909283,g21_g11
1005,19.0,veh_006,401.6,170.45745760494336,13.211833259237432,0.4056616504490389,g10_g11_0,163.25745760494337,g10_g11
1005,19.0,veh_007,398.4,643.2896078740914,13.334602687114456,0.33221425919327885,g12_g11_0,149.5103921259086,g12_g11
1005,19.0,veh_008,154.00312782649024,-1.6,14.893252340664448,0.333038855502382,g00_g10_0,150.80312782649025,g00_g10
1005,19.0,veh_009,798.4,661.4730191074387,14.331346340878644,0.12233048514928768,g22_g21_0,135.32698089256124,g22_g21
1005,19.0,veh_010,126.17646076149107,798.4,14.47677462337976,0.02806892307009612,g02_g12_0,122.97646076149107,g02_g12
1005,19.0,veh_011,801.6,104.24210444709054,13.896526641424947,0.03636259528342656,g20_g21_0,101.04210444709054,g20_g21
1005,19.0,veh_012,91.74457568959274,398.4,12.847893874007955,-0.2612697448208934,g01_g11_0,84.54457568959273,g01_g11
1005,19.0,veh_013,723.0989376391946,401.6,12.912667414198436,0.01815936004277141,g21_g11_0,69.70106236080542,g21_g11
1005,19.0,veh_014,401.6,60.49004512297746,11.874433485463523,-0.44049403207842275,g10_g11_0,53.29004512297746,g10_g11
1005,19.0,veh_015,398.4,740.4417732959926,15.898967396915586,-0.3649073119042452,g12_g11_0,52.35822670400734,g12_g11
1005,19.0,veh_016,37.42788760503023,-1.6,15.066892170852185,1.0058967366741456,g00_g10_0,34.227887605030226,g00_g10
1005,19.0,veh_017,798.4,778.5627656449535,13.137234355046422,0.1372343550464219,g22_g21_0,18.23723435504642,g22_g21
1005,19.0,veh_018,8.3,798.4,12.0,0.0,g02_g12_0,5.1,g02_g12
1005,20.0,veh_000,278.5491741723772,-1.6,14.08932884138424,-0.24755730542354293,g00_g10_0,275.3491741723772,g00_g10
1005,20.0,veh_001,798.4,562.3234122749038,12.67768818658237,-0.22153433230239905,g22_g21_0,234.47658772509618,g22_g21
1005,20.0,veh_002,260.74043564004836,798.4,14.734202593960516,0.06422600558493308,g02_g12_0,257.5404356400484,g02_g12
1005,20.0,veh_003,801.6,235.60254811029372,14.071787199735383,-0.2260255937883624,g20_g21_0,232.40254811029374,g20_g21
1005,20.0,veh_004,203.3549556634511,398.4,12.50517235502527,-0.06561980918515431,g01_g11_0,196.15495566345112,g01_g11
1005,20.0,veh_005,590.4362522909491,401.6,13.997224469958008,-0.09871762305032483,g21_g11_0,202.36374770905084,g21_g11
1005,20.0,veh_006,401.6,183.46811050519068,13.010652900247337,-0.20118035899009534,g10_g11_0,176.2681105051907,g10_g11
1005,20.0,veh_007,398.4,630.1345366462032,13.155071227888183,-0.17953145922627378,g12_g11_0,162.66546335379678,g12_g11
1005,20.0,veh_008,168.55889642102002,-1.6,14.555768594529772,-0.33748374613467647,g00_g10_0,165.35889642102003,g00_g10
1005,20.0,veh_009,798.4,646.5673468480048,14.905672259433903,0.5743259185552585,g22_g21_0,150.23265315199515,g22_g21
1005,20.0,veh_010,141.0114887223556,798.4,14.835027960864544,0.3582533374847845,g02_g12_0,137.81148872235562,g02_g12
1005,20.0,veh_011,801.6,118.03950590700443,13.797401459913901,-0.09912518151104521,g20_g21_0,114.83950590700444,g20_g21
1005,20.0,veh_012,105.22467316795614,398.4,13.48009747836341,0.6322036043554551,g01_g11_0,98.02467316795614,g01_g11
1005,20.0,veh_013,710.1657544417671,401.6,12.933183197427349,0.020515783228912454,g21_g11_0,82.63424555823278,g21_g11
1005,20.0,veh_014,401.6,72.94272692987826,12.4526818069008,0.5782483214372771,g10_g11_0,65.74272692987826,g10_g11
1005,20.0,veh_015,398.4,724.3961447119088,16.045628584083797,0.14666118716821153,g12_g11_0,68.40385528809114,g12_g11
1005,20.0,veh_016,52.60740484199421,-1.6,15.179517236963981,0.11262506611179646,g00_g10_0,49.40740484199421,g00_g10
1005,20.0,veh_017,798.4,765.9306976028382,12.632068042115316,-0.5051663129311059,g22_g21_0,30.86930239716174,g22_g21
1005,20.0,veh_018,21.218519870240858,798.4,12.91851987024086,0.9185198702408606,g02_g12_0,18.01851987024086,g02_g12
1005,20.0,veh_019,801.6,8.3,13.0,0.0,g20_g21_0,5.1,g20_g21
1005,21.0,veh_000,292.518020303115,-1.6,13.968846130737775,-0.12048271064646521,g00_g10_0,289.318020303115,g00_g10
1005,21.0,veh_001,798.4,549.6248098451877,12.69860242971611,0.02091424313374013,g22_g21_0,247.1751901548123,g22_g21
1005,21.0,veh_002,275.27363180090657,798.4,14.533196160858214,-0.20100643310230204,g02_g12_0,272.0736318009066,g02_g12
1005,21.0,veh_003,801.6,250.21161581719136,14.609067706897596,0.5372805071622135,g20_g21_0,247.01161581719134,g20_g21
1005,21.0,veh_004,215.78916853216694,398.4,12.43421286871583,-0.07095948630943916,g01_g11_0,208.58916853216695,g01_g11
1005,21.0,veh_005,576.2308598956585,401.6,14.205392395290682,0.20816792533267403,g21_g11_0,216.56914010434153,g21_g11
1005,21.0,veh_006,401.6,196.2646541761369,12.796543670946233,-0.2141092293011031,g10_g11_0,189.0646541761369,g10_g11
1005,21.0,veh_007,398.4,616.7050989756887,13.429437670514526,0.27436644262634324,g12_g11_0,176.0949010243113,g12_g11
1005,21.0,veh_008,183.0377124612084,-1.6,14.478816040188367,-0.07695255434140513,g00_g10_0,179.8377124612084,g00_g10
1005,21.0,veh_009,798.4,632.2879874367934,14.27935941121146,-0.626312848222442,g22_g21_0,164.5120125632066,g22_g21
1005,21.0,veh_010,156.1913783653334,798.4,15.179889642977804,0.34486168211325996,g02_g12_0,152.99137836533342,g02_g12
1005,21.0,veh_011,801.6,131.96600000904306,13.926494102038644,0.1290926421247427,g20_g21_0,128.76600000904307,g20_g21
1005,21.0,veh_012,118.41641848980524,398.4,13.191745321849108,-0.2883521565143017,g01_g11_0,111.21641848980525,g01_g11
1005,21.0,veh_013,696.7920768521329,401.6,13.37367758963424,0.440494392206892,g21_g11_0,96.00792314786702,g21_g11
1005,21.0,veh_014,401.6,84.95165445203864,12.008927522160375,-0.4437542847404252,g10_g11_0,77.75165445203864,g10_g11
1005,21.0,veh_015,398.4,708.4257431038118,15.970401608097061,-0.07522697598673567,g12_g11_0,84.3742568961882,g12_g11
1005,21.0,veh_016,67.9774642563904,-1.6,15.370059414396199,0.19054217743221713,g00_g10_0,64.7774642563904,g00_g10
1005,21.0,veh_017,798.4,753.2331720890253,12.697525513812908,0.06545747169759153,g22_g21_0,43.566827910974645,g22_g21
1005,21.0,veh_018,34.51700298908663,798.4,13.29848311884577,0.37996324860490915,g02_g12_0,31.317002989086628,g02_g12
1005,21.0,veh_019,801.6,23.727643844648263,15.427643844648264,2.427643844648264,g20_g21_0,20.527643844648264,g20_g21
1005,21.0,veh_020,12.3,398.4,12.0,0.0,g01_g11_0,5.1,g01_g11
1005,22.0,veh_000,307.0277436757083,-1.6,14.509723372593264,0.5408772418554886,g00_g10_0,303.8277436757083,g00_g10
1005,22.0,veh_001,798.4,536.5982056765126,13.026604168675103,0.3280017389589922,g22_g21_0,260.2017943234874,g22_g21
1005,22.0,veh_002,289.6887106417394,798.4,14.415078840832875,-0.11811732002533937,g02_g12_0,286.48871064173943,g02_g12
1005,22.0,veh_003,801.6,264.1177741322173,13.906158315025943,-0.7029093918716534,g20_g21_0,260.9177741322173,g20_g21
1005,22.0,veh_004,228.92901642117326,398.4,13.139847889006331,0.7056350202905008,g01_g11_0,221.72901642117327,g01_g11
1005,22.0,veh_005,562.1524236624573,401.6,14.078436233201199,-0.12695616208948302,g21_g11_0,230.64757633754272,g21_g11
1005,22.0,veh_006,401.6,209.39209556158343,13.127441385446549,0.33089771450031513,g10_g11_0,202.19209556158347,g10_g11
1005,22.0,veh_007,398.4,603.7734531590099,12.931645816678719,-0.4977918538358068,g12_g11_0,189.02654684099002,g12_g11
1005,22.0,veh_008,197.79050602143886,-1.6,14.752793560230465,0.27397752004209863,g00_g10_0,194.59050602143887,g00_g10
1005,22.0,veh_009,798.4,617.9769927922272,14.310994644566216,0.0316352333547556,g22_g21_0,178.82300720777283,g22_g21
1005,22.0,veh_010,170.67807081326555,798.4,14.486692447932153,-0.6931971950456504,g02_g12_0,167.47807081326556,g02_g12
1005,22.0,veh_011,801.6,145.94080647671794,13.974806467674874,0.04831236563622987,g20_g21_0,142.74080647671795,g20_g21
1005,22.0,veh_012,131.79409619502866,398.4,13.37767770522342,0.18593238337431117,g01_g11_0,124.59409619502867,g01_g11
1005,22.0,veh_013,683.883026751164,401.6,12.909050100968958,-0.4646274886652826,g21_g11_0,108.91697324883597,g21_g11
1005,22.0,veh_014,401.6,97.12104064956118,12.169386197522545,0.16045867536216996,g10_g11_0,89.92104064956118,g10_g11
1005,22.0,veh_015,398.4,692.0977057522224,16.328037351589344,0.357635743492283,g12_g11_0,100.70229424777754,g12_g11
1005,22.0,veh_016,82.9275702660797,-1.6,14.950106009689295,-0.419953404706904,g00_g10_0,79.7275702660797,g00_g10
1005,22.0,veh_017,798.4,740.5307078164191,12.702464272606194,0.004938758793286979,g22_g21_0,56.26929218358084,g22_g21
1005,22.0,veh_018,47.48908526006434,798.4,12.972082270977708,-0.32640084786806156,g02_g12_0,44.28908526006434,g02_g12
1005,22.0,veh_019,801.6,39.12468602504134,15.397042180393072,-0.030601664255192063,g20_g21_0,35.92468602504134,g20_g21
1005,22.0,veh_020,26.39537753644865,398.4,14.09537753644865,2.09537753644865,g01_g11_0,19.19537753644865,g01_g11
1005,22.0,veh_021,787.6999999999999,401.6,13.0,0.0,g21_g11_0,5.1,g21_g11
1005,23.0,veh_000,321.20910564687864,-1.6,14.181361971170382,-0.3283614014228817,g00_g10_0,318.00910564687865,g00_g10
1005,23.0,veh_001,798.4,523.6609106128026,12.937295063710033,-0.08930910496506961,g22_g21_0,273.13908938719743,g22_g21
1005,23.0,veh_002,304.65325680361985,798.4,14.964546161880433,0.5494673210475582,g02_g12_0,301.45325680361987,g02_g12
1005,23.0,veh_003,801.6,278.23648745904745,14.118713326830157,0.21255501180421454,g20_g21_0,275.03648745904746,g20_g21
1005,23.0,veh_004,241.3173971395574,398.4,12.388380718384132,-0.7514671706221989,g01_g11_0,234.1173971395574,g01_g11
1005,23.0,veh_005,548.3812603665446,401.6,13.771163295912691,-0.30727293728850746,g21_g11_0,244.4187396334554,g21_g11
1005,23.0,veh_006,401.6,222.78395152143145,13.391855959848002,0.264414574401453,g10_g11_0,215.58395152143146,g10_g11
1005,23.0,veh_007,398.4,590.8710153671879,12.902437791822084,-0.02920802485663465,g12_g11_0,201.9289846328121,g12_g11
1005,23.0,veh_008,212.67684025987523,-1.6,14.886334238436365,0.13354067820590032,g00_g10_0,209.47684025987525,g00_g10
1005,23.0,veh_009,798.4,603.6333034566651,14.343689335562066,0.032694690995850095,g22_g21_0,193.1666965433349,g22_g21
1005,23.0,veh_010,185.18722808349563,798.4,14.50915727023007,0.022464822297916243,g02_g12_0,181.98722808349564,g02_g12
1005,23.0,veh_011,801.6,159.85921410408835,13.91840762737041,-0.05639884030446396,g20_g21_0,156.65921410408836,g20_g21
1005,23.0,veh_012,145.15804218771612,398.4,13.363945992687464,-0.01373171253595551,g01_g11_0,137.95804218771613,g01_g11
1005,23.0,veh_013,670.9948719913967,401.6,12.888154759767273,-0.020895341201685014,g21_g11_0,121.80512800860325,g21_g11
1005,23.0,veh_014,401.6,109.15512991295311,12.034089263391943,-0.1352969341306025,g10_g11_0,101.95512991295313,g10_g11
1005,23.0,veh_015,398.4,675.9948252929988,16.10288045922357,-0.2251568923657743,g12_g11_0,116.80517470700111,g12_g11
1005,23.0,veh_016,97.8055633440993,-1.6,14.877993078019605,-0.07211293166968957,g00_g10_0,94.6055633440993,g00_g10
1005,23.0,veh_017,798.4,727.5789377612759,12.951770055143172,0.2493057825369771,g22_g21_0,69.22106223872402,g22_g21
1005,23.0,veh_018,60.65010749527781,798.4,13.161022235213467,0.1889399642357592,g02_g12_0,57.450107495277805,g02_g12
1005,23.0,veh_019,801.6,54.51699748775493,15.392311462713586,-0.004730717679485963,g20_g21_0,51.316997487754925,g20_g21
1005,23.0,veh_020,40.552466499251835,398.4,14.157088962803185,0.06171142635453464,g01_g11_0,33.35246649925183,g01_g11
1005,23.0,veh_021,773.4442215131959,401.6,14.255778486804084,1.2557784868040844,g21_g11_0,19.355778486804084,g21_g11
1005,23.0,veh_022,401.6,12.3,12.0,0.0,g10_g11_0,5.1,g10_g11
1005,24.0,veh_000,335.60485191685325,-1.6,14.395746269974598,0.21438429880421594,g00_g10_0,332.40485191685326,g00_g10
1005,24.0,veh_001,798.4,510.7892634777188,12.871647135083757,-0.06564792862627655,g22_g21_0,286.0107365222812,g22_g21
1005,24.0,veh_002,319.1398895544921,798.4,14.48663275087224,-0.47791341100819373,g02_g12_0,315.9398895544921,g02_g12
1005,24.0,veh_003,801.6,292.5455722240959,14.30908476504844,0.19037143821828195,g20_g21_0,289.3455722240959,g20_g21
1005,24.0,veh_004,254.14048376359972,398.4,12.823086624042325,0.434705905658193,g01_g11_0,246.94048376359973,g01_g11
1005,24.0,veh_005,534.1365751297468,401.6,14.244685236797803,0.4735219408851119,g21_g11_0,258.6634248702532,g21_g11
1005,24.0,veh_006,401.6,235.60254281919154,12.818591297760106,-0.5732646620878956,g10_g11_0,228.40254281919155,g10_g11
1005,24.0,veh_007,398.4,577.5061270776473,13.364888289540612,0.4624504977185282,g12_g11_0,215.2938729223527,g12_g11
1005,24.0,veh_008,227.58406227045913,-1.6,14.90722201058391,0.020887772147544226,g00_g10_0,224.38406227045917,g00_g10
1005,24.0,veh_009,798.4,588.7311728526087,14.902130604056419,0.5584412684943523,g22_g21_0,208.06882714739132,g22_g21
1005,24.0,veh_010,200.37547257821194,798.4,15.188244494716354,0.6790872244862847,g02_g12_0,197.17547257821198,g02_g12
1005,24.0,veh_011,801.6,173.8538451522296,13.994631048141247,0.07622342077083744,g20_g21_0,170.65384515222962,g20_g21
1005,24.0,veh_012,158.0988194473814,398.4,12.940777259665289,-0.42316873302217495,g01_g11_0,150.8988194473814,g01_g11
1005,24.0,veh_013,658.1625514845662,401.6,12.832320506830508,-0.055834252936765694,g21_g11_0,134.63744851543376,g21_g11
1005,24.0,veh_014,401.6,121.22923225390682,12.074102340953687,0.04001307756174377,g10_g11_0,114.02923225390681,g10_g11
1005,24.0,veh_015,398.4,659.4205273351122,16.574297957886635,0.47141749866306526,g12_g11_0,133.37947266488774,g12_g11
1005,24.0,veh_016,112.72941426506533,-1.6,14.92385092096603,0.045857842946425365,g00_g10_0,109.52941426506533,g00_g10
1005,24.0,veh_017,798.4,714.6390919711087,12.939845790167347,-0.011924264975824883,g22_g21_0,82.16090802889136,g22_g21
1005,24.0,veh_018,74.17483828368441,798.4,13.524730788406604,0.36370855319313655,g02_g12_0,70.9748382836844,g02_g12
1005,24.0,veh_019,801.6,70.13840751286185,15.621410025106924,0.2290985623933377,g20_g21_0,66.93840751286184,g20_g21
1005,24.0,veh_020,54.91288053518265,398.4,14.36041403593082,0.20332507312763504,g01_g11_0,47.71288053518265,g01_g11
1005,24.0,veh_021,759.4776536300201,401.6,13.966567883175777,-0.2892106036283071,g21_g11_0,33.32234636997986,g21_g11
1005,24.0,veh_022,401.6,26.618938212855717,14.318938212855718,2.318938212855718,g10_g11_0,19.418938212855718,g10_g11
1005,24.0,veh_023,398.4,787.6999999999999,13.0,0.0,g12_g11_0,5.1,g12_g11
1005,25.0,veh_000,349.9142611879815,-1.6,14.309409271128217,-0.08633699884638091,g00_g10_0,346.7142611879815,g00_g10
1005,25.0,veh_001,798.4,497.90675160866994,12.882511869048894,0.010864733965137319,g22_g21_0,298.8932483913301,g22_g21
1005,25.0,veh_002,333.72095186964475,798.4,14.581062315152675,0.09442956428043559,g02_g12_0,330.52095186964476,g02_g12
1005,25.0,veh_003,801.6,307.12294102282095,14.577368798725049,0.26828403367660947,g20_g21_0,303.92294102282096,g20_g21
1005,25.0,veh_004,266.74714720125695,398.4,12.606663437657252,-0.2164231863850734,g01_g11_0,259.54714720125696,g01_g11
1005,25.0,veh_005,519.7983315491743,401.6,14.338243580572442,0.09355834377463879,g21_g11_0,273.00166845082566,g21_g11
1005,25.0,veh_006,401.6,248.8050241399224,13.202481320730843,0.3838900229707374,g10_g11_0,241.6050241399224,g10_g11
1005,25.0,veh_007,398.4,564.1261959447909,13.379931132856363,0.015042843315750787,g12_g11_0,228.67380405520908,g12_g11
1005,25.0,veh_008,241.87349874541601,-1.6,14.289436474956863,-0.6177855356270463,g00_g10_0,238.67349874541603,g00_g10
1005,25.0,veh_009,798.4,574.3332627081206,14.397910144488105,-0.5042204595683142,g22_g21_0,222.4667372918794,g22_g21
1005,25.0,veh_010,215.48326842772403,798.4,15.107795849512048,-0.0804486452043065,g02_g12_0,212.28326842772404,g02_g12
1005,25.0,veh_011,801.6,187.37515460696238,13.521309454732775,-0.4733215934084729,g20_g21_0,184.1751546069624,g20_g21
1005,25.0,veh_012,171.4972598995163,398.4,13.398440452134915,0.45766319246962617,g01_g11_0,164.29725989951632,g01_g11
1005,25.0,veh_013,644.886671407358,401.6,13.2758800772082,0.4435595703776922,g21_g11_0,147.91332859264196,g21_g11
1005,25.0,veh_014,401.6,133.4328070226943,12.203574768787512,0.12947242783382507,g10_g11_0,126.23280702269432,g10_g11
1005,25.0,veh_015,398.4,643.3119610208688,16.108566314243408,-0.4657316436432275,g12_g11_0,149.48803897913115,g12_g11
1005,25.0,veh_016,128.16615274179728,-1.6,15.43673847673195,0.5128875557659196,g00_g10_0,124.96615274179727,g00_g10
1005,25.0,veh_017,798.4,701.7427751738661,12.896316797242509,-0.043528992924837695,g22_g21_0,95.05722482613386,g22_g21
1005,25.0,veh_018,87.51256758660637,798.4,13.337729302921952,-0.187001485484652,g02_g12_0,84.31256758660636,g02_g12
1005,25.0,veh_019,801.6,85.406579424558,15.268171911696154,-0.3532381134107698,g20_g21_0,82.206579424558,g20_g21
1005,25.0,veh_020,69.50099745734751,398.4,14.588116922164856,0.22770288623403623,g01_g11_0,62.300997457347506,g01_g11
1005,25.0,veh_021,745.3981027360978,401.6,14.079550893922317,0.11298301074653949,g21_g11_0,47.40189726390218,g21_g11
1005,25.0,veh_022,401.6,41.55198297186601,14.933044759010286,0.6141065461545683,g10_g11_0,34.35198297186601,g10_g11
1005,25.0,veh_023,398.4,773.4910976005652,14.208902399434738,1.2089023994347379,g12_g11_0,19.308902399434736,g12_g11
1005,26.0,veh_000,364.12905395855137,-1.6,14.214792770569884,-0.09461650055833282,g00_g10_0,360.9290539585514,g00_g10
1005,26.0,veh_001,798.4,485.4131683628717,12.493583245798208,-0.38892862325068656,g22_g21_0,311.3868316371283,g22_g21
1005,26.0,veh_002,348.8702836002254,798.4,15.149331730580606,0.5682694154279311,g02_g12_0,345.6702836002254,g02_g12
1005,26.0,veh_003,801.6,321.37742217255004,14.254481149729083,-0.322887648995966,g20_g21_0,318.17742217255005,g20_g21
1005,26.0,veh_004,279.5339892549937,398.4,12.786842053736754,0.1801786160795018,g01_g11_0,272.3339892549937,g01_g11
1005,26.0,veh_005,505.53827973190886,401.6,14.260051817265474,-0.0781917633069682,g21_g11_0,287.26172026809115,g21_g11
1005,26.0,veh_006,401.6,261.9548364921583,13.14981235223586,-0.05266896849498259,g10_g11_0,254.75483649215826,g10_g11
1005,26.0,veh_007,398.4,550.7665497186721,13.359646226118857,-0.020284906737506603,g12_g11_0,242.03345028132793,g12_g11
1005,26.0,veh_008,256.2528997774953,-1.6,14.379401032079304,0.08996455712244078,g00_g10_0,253.05289977749533,g00_g10
1005,26.0,veh_009,798.4,559.7344586015752,14.598804106545412,0.20089396205730736,g22_g21_0,237.0655413984248,g22_g21
1005,26.0,veh_010,230.24156792278004,798.4,14.758299495055988,-0.3494963544560594,g02_g12_0,227.04156792278002,g02_g12
1005,26.0,veh_011,801.6,200.94465654432312,13.569501937360704,0.04819248262792897,g20_g21_0,197.7446565443231,g20_g21
1005,26.0,veh_012,184.972615843452,398.4,13.47535594393567,0.07691549180075441,g01_g11_0,177.772615843452,g01_g11
1005,26.0,veh_013,631.9396347736088,401.6,12.9470366337493,-0.32884344345889893,g21_g11_0,160.86036522639125,g21_g11
1005,26.0,veh_014,401.6,145.61775284516258,12.18494582246829,-0.01862894631922174,g10_g11_0,138.4177528451626,g10_g11
1005,26.0,veh_015,398.4,626.8544657584549,16.45749526241391,0.3489289481705029,g12_g11_0,165.94553424154506,g12_g11
1005,26.0,veh_016,143.18009530873238,-1.6,15.013942566935109,-0.42279590979684123,g00_g10_0,139.9800953087324,g00_g10
1005,26.0,veh_017,798.4,689.0652901592393,12.677485014626765,-0.21883178261574443,g22_g21_0,107.73470984076063,g22_g21
1005,26.0,veh_018,100.91479854085824,798.4,13.402230954251872,0.0645016513299197,g02_g12_0,97.71479854085824,g02_g12
1005,26.0,veh_019,801.6,101.2878344312785,15.881255006720494,0.61308309502434,g20_g21_0,98.0878344312785,g20_g21
1005,26.0,veh_020,84.16803845979481,398.4,14.667041002447306,0.0789240802824498,g01_g11_0,76.96803845979481,g01_g11
1005,26.0,veh_021,731.2585422238019,401.6,14.139560512295903,0.06000961837358609,g21_g11_0,61.54145777619808,g21_g11
1005,26.0,veh_022,401.6,56.58758666179767,15.035603689931653,0.10255893092136681,g10_g11_0,49.38758666179766,g10_g11
1005,26.0,veh_023,398.4,759.1870359664465,14.304061634118698,0.09515923468396004,g12_g11_0,33.61296403355343,g12_g11
1005,27.0,veh_000,378.55963963838116,-1.6,14.430585679829793,0.21579290925990868,g00_g10_0,375.35963963838117,g00_g10
1005,27.0,veh_001,798.4,472.9590891424192,12.45407922045254,-0.03950402534566777,g22_g21_0,323.8409108575808,g22_g21
1005,27.0,veh_002,363.60755065591354,798.4,14.737267055688143,-0.4120646748924628,g02_g12_0,360.40755065591355,g02_g12
1005,27.0,veh_003,801.6,335.74185621898215,14.364434046432118,0.10995289670303521,g20_g21_0,332.54185621898216,g20_g21
1005,27.0,veh_004,292.0085176156578,398.4,12.474528360664106,-0.3123136930726478,g01_g11_0,284.8085176156578,g01_g11
1005,27.0,veh_005,491.57165490094286,401.6,13.966624830966019,-0.29342698629945474,g21_g11_0,301.22834509905715,g21_g11
1005,27.0,veh_006,401.6,274.7656864140315,12.810849921873272,-0.33896243036258866,g10_g11_0,267.5656864140315,g10_g11
1005,27.0,veh_007,398.4,537.3591439362858,13.407405782386267,0.04775955626741002,g12_g11_0,255.4408560637142,g12_g11
1005,27.0,veh_008,270.8243887424835,-1.6,14.57148896498821,0.19208793290890647,g00_g10_0,267.6243887424835,g00_g10
1005,27.0,veh_009,798.4,545.2365012655147,14.49795733606048,-0.10084677048493162,g22_g21_0,251.56349873448528,g22_g21
1005,27.0,veh_010,245.31419486686158,798.4,15.072626944081575,0.31432744902558696,g02_g12_0,242.1141948668616,g02_g12
1005,27.0,veh_011,801.6,214.79947147626729,13.854814931944214,0.28531299458351,g20_g21_0,211.59947147626733,g20_g21
1005,27.0,veh_012,198.37019921652524,398.4,13.397583373073235,-0.07777257086243416,g01_g11_0,191.17019921652525,g01_g11
1005,27.0,veh_013,618.7822058538828,401.6,13.15742891972586,0.21039228597655857,g21_g11_0,174.01779414611713,g21_g11
1005,27.0,veh_014,401.6,157.62821517474887,12.010462329586298,-0.1744834928819916,g10_g11_0,150.42821517474889,g10_g11
1005,27.0,veh_015,398.4,610.9405595079979,15.913906250456975,-0.5435890119569358,g12_g11_0,181.85944049200202,g12_g11
1005,27.0,veh_016,157.9388968578021,-1.6,14.75880154906972,-0.25514101786538923,g00_g10_0,154.7388968578021,g00_g10
1005,27.0,veh_017,798.4,675.8845591934098,13.180730965829463,0.5032459512026985,g22_g21_0,120.9154408065901,g22_g21
1005,27.0,veh_018,114.11295457603069,798.4,13.198156035172442,-0.20407491907942976,g02_g12_0,110.91295457603069,g02_g12
1005,27.0,veh_019,801.6,116.98593166687169,15.698097235593195,-0.18315777112729847,g20_g21_0,113.78593166687169,g20_g21
1005,27.0,veh_020,98.36351165398284,398.4,14.195473194188027,-0.47156780825927846,g01_g11_0,91.16351165398284,g01_g11
1005,27.0,veh_021,716.9522087075469,401.6,14.306333516255,0.1667730039590971,g21_g11_0,75.84779129245308,g21_g11
1005,27.0,veh_022,401.6,71.75023612242661,15.16264946062895,0.12704577069729694,g10_g11_0,64.55023612242661,g10_g11
1005,27.0,veh_023,398.4,745.3870836573037,13.799952309142828,-0.5041093249758699,g12_g11_0,47.41291634269626,g12_g11
1005,28.0,veh_000,392.4893942599481,-1.6,13.929754621566946,-0.5008310582628468,g00_g10_0,389.2893942599481,g00_g10
1005,28.0,veh_001,798.4,460.06287079125696,12.896218351162233,0.4421391307096929,g22_g21_0,336.73712920874306,g22_g21
1005,28.0,veh_002,378.362340659986,798.4,14.754790004072428,0.017522948384284476,g02_g12_0,375.162340659986,g02_g12
1005,28.0,veh_003,801.6,349.8251446743955,14.083288455413395,-0.2811455910187224,g20_g21_0,346.62514467439553,g20_g21
1005,28.0,veh_004,304.88469527839845,398.4,12.876177662740655,0.4016493020765495,g01_g11_0,297.68469527839846,g01_g11
1005,28.0,veh_005,477.4691897304978,401.6,14.102465170445056,0.13584033947903684,g21_g11_0,315.3308102695022,g21_g11
1005,28.0,veh_006,401.6,287.81523534578895,13.049548931757421,0.23869900988414905,g10_g11_0,280.61523534578896,g10_g11
1005,28.0,veh_007,398.4,524.0544827160645,13.304661220221387,-0.10274456216487948,g12_g11_0,268.74551728393556,g12_g11
1005,28.0,veh_008,285.1811543238318,-1.6,14.356765581348272,-0.2147233836399387,g00_g10_0,281.9811543238318,g00_g10
1005,28.0,veh_009,798.4,530.7421001261764,14.494401139338278,-0.0035561967222026425,g22_g21_0,266.05789987382354,g22_g21
1005,28.0,veh_010,260.4337249301328,798.4,15.11953006327124,0.04690311918966472,g02_g12_0,257.23372493013284,g02_g12
1005,28.0,veh_011,801.6,228.24082980427562,13.441358328008294,-0.41345660393592,g20_g21_0,225.04082980427563,g20_g21
1005,28.0,veh_012,211.27801688446283,398.4,12.907817667937584,-0.48976570513565143,g01_g11_0,204.07801688446284,g01_g11
1005,28.0,veh_013,605.6135223890002,401.6,13.168683464882703,0.01125454515684332,g21_g11_0,187.18647761099982,g21_g11
1005,28.0,veh_014,401.6,169.80765987284724,12.179444698098377,0.16898236851207926,g10_g11_0,162.60765987284725,g10_g11
1005,28.0,veh_015,398.4,595.0694747863502,15.87108472164783,-0.042821528809145804,g12_g11_0,197.73052521364986,g12_g11
1005,28.0,veh_016,172.67251632791613,-1.6,14.733619470114023,-0.02518207895569624,g00_g10_0,169.47251632791614,g00_g10
1005,28.0,veh_017,798.4,662.6603920931368,13.224167100273082,0.04343613444361871,g22_g21_0,134.13960790686318,g22_g21
1005,28.0,veh_018,127.06362142563239,798.4,12.950666849601703,-0.24748918557073907,g02_g12_0,123.86362142563239,g02_g12
1005,28.0,veh_019,801.6,132.61388954854232,15.627957881670627,-0.07013935392256876,g20_g21_0,129.41388954854233,g20_g21
1005,28.0,veh_020,112.94948476496465,398.4,14.585973110981806,0.3904999167937788,g01_g11_0,105.74948476496465,g01_g11
1005,28.0,veh_021,702.9207272485448,401.6,14.03148145900199,-0.27485205725301043,g21_g11_0,89.87927275145508,g21_g11
1005,28.0,veh_022,401.6,86.52993045776932,14.779694335342706,-0.3829551252862444,g10_g11_0,79.32993045776932,g10_g11
1005,28.0,veh_023,398.4,730.9086243892525,14.478459268051228,0.6785069589084003,g12_g11_0,61.89137561074749,g12_g11
1005,29.0,veh_000,406.68116838529755,-1.6,14.191774125349449,0.2620195037825024,:g10_4_0,13.881168385297542,:g10_4
1005,29.0,veh_001,798.4,447.21434841961263,12.848522371644348,-0.047695979517884624,g22_g21_0,349.5856515803874,g22_g21
1005,29.0,veh_002,392.98983744115327,798.4,14.627496781167292,-0.127293222905136,:g12_5_0,0.18983744115325862,:g12_5
1005,29.0,veh_003,801.6,363.9291793424106,14.104034668015057,0.02074621260166154,g20_g21_0,360.7291793424106,g20_g21
1005,29.0,veh_004,317.8819268723819,398.4,12.997231593983441,0.12105393124278585,g01_g11_0,310.6819268723819,g01_g11
1005,29.0,veh_005,463.7527015549286,401.6,13.716488175569237,-0.3859769948758185,g21_g11_0,329.0472984450714,g21_g11
1005,29.0,veh_006,401.6,301.323348420825,13.508113075036057,0.45856414327863604,g10_g11_0,294.12334842082504,g10_g11
1005,29.0,veh_007,398.4,511.06265572728677,12.991826988777683,-0.3128342314437038,g12_g11_0,281.73734427271324,g12_g11
1005,29.0,veh_008,299.5613451052959,-1.6,14.380190781464162,0.023425200115889666,g00_g10_0,296.3613451052959,g00_g10
1005,29.0,veh_009,798.4,515.9019805667228,14.840119559453578,0.3457184201153005,g22_g21_0,280.8980194332771,g22_g21
1005,29.0,veh_010,274.97195612067804,798.4,14.5382311905452,-0.5812988727260393,g02_g12_0,271.77195612067806,g02_g12
1005,29.0,veh_011,801.6,241.75646583050923,13.515636026233636,0.0742776982253428,g20_g21_0,238.55646583050927,g20_g21
1005,29.0,veh_012,224.6972395324443,398.4,13.419222647981465,0.5114049800438814,g01_g11_0,217.4972395324443,g01_g11
1005,29.0,veh_013,592.4597952112911,401.6,13.153727177709149,-0.014956287173554017,g21_g11_0,200.34020478870897,g21_g11
1005,29.0,veh_014,401.6,182.27312784420408,12.465467971356848,0.2860232732584702,g10_g11_0,175.0731278442041,g10_g11
1005,29.0,veh_015,398.4,579.1918512318721,15.877623554478095,0.006538832830266017,g12_g11_0,213.60814876812796,g12_g11
1005,29.0,veh_016,187.95322867457622,-1.6,15.280712346660108,0.5470928765460847,g00_g10_0,184.75322867457623,g00_g10
1005,29.0,veh_017,798.4,649.3957146748638,13.264677418272951,0.04051031799986937,g22_g21_0,147.40428532513613,g22_g21
1005,29.0,veh_018,140.11166707883743,798.4,13.048045653205053,0.09737880360335005,g02_g12_0,136.91166707883744,g02_g12
1005,29.0,veh_019,801.6,148.58248206745512,15.968592518912809,0.34063463724218224,g20_g21_0,145.38248206745513,g20_g21
1005,29.0,veh_020,127.6951535930847,398.4,14.745668828120044,0.15969571713823782,g01_g11_0,120.4951535930847,g01_g11
1005,29.0,veh_021,688.6341024808754,401.6,14.286624767669457,0.25514330866746704,g21_g11_0,104.16589751912453,g21_g11
1005,29.0,veh_022,401.6,101.43647229519834,14.906541837429018,0.1268475020863118,g10_g11_0,94.23647229519834,g10_g11
1005,29.0,veh_023,398.4,716.6614392850593,14.247185104193195,-0.2312741638580338,g12_g11_0,76.13856071494068,g12_g11
1005,30.0,veh_000,420.7014650066516,-1.6,14.020296621354039,-0.17147750399541017,g10_g20_0,13.50146500665158,g10_g20
1005,30.0,veh_001,798.4,434.54898749574755,12.665360923865073,-0.18316144777927512,g22_g21_0,362.25101250425246,g22_g21
1005,30.0,veh_002,407.749938849995,798.4,14.760101408841736,0.1326046276744446,g12_g22_0,0.5499388499949944,g12_g22
1005,30.0,veh_003,801.6,378.5247821225941,14.595602780183519,0.4915681121684621,g20_g21_0,375.3247821225941,g20_g21
1005,30.0,veh_004,330.7355738534454,398.4,12.853646981063493,-0.14358461291994828,g01_g11_0,323.5355738534454,g01_g11
1005,30.0,veh_005,449.5995445792205,401.6,14.153156975708105,0.4366688001388681,g21_g11_0,343.2004554207795,g21_g11
1005,30.0,veh_006,401.6,314.6524134661552,13.329065045330175,-0.17904802970588207,g10_g11_0,307.45241346615524,g10_g11
1005,30.0,veh_007,398.4,497.5081840392559,13.554471688030825,0.5626446992531413,g12_g11_0,295.2918159607441,g12_g11
1005,30.0,veh_008,314.38153115852384,-1.6,14.820186053227925,0.4399952717637632,g00_g10_0,311.18153115852385,g00_g10
1005,30.0,veh_009,798.4,501.6164507840479,14.285529782674985,-0.5545897767785934,g22_g21_0,295.1835492159521,g22_g21
1005,30.0,veh_010,289.54364252762355,798.4,14.571686406945526,0.03345521640032523,g02_g12_0,286.34364252762356,g02_g12
1005,30.0,veh_011,801.6,255.27085554781638,13.514389717307143,-0.0012463089264933558,g20_g21_0,252.07085554781642,g20_g21
1005,30.0,veh_012,237.7795968217285,398.4,13.082357289284214,-0.336865358697251,g01_g11_0,230.5795968217285,g01_g11
1005,30.0,veh_013,579.6095996430529,401.6,12.850195568238192,-0.3035316094709568,g21_g11_0,213.19040035694718,g21_g11
1005,30.0,veh_014,401.6,194.50371927154637,12.230591427342297,-0.2348765440145506,g10_g11_0,187.30371927154638,g10_g11
1005,30.0,veh_015,398.4,563.0384709806938,16.153380251178213,0.2757566967001175,g12_g11_0,229.76152901930618,g12_g11
1005,30.0,veh_016,203.0660949924362,-1.6,15.112866317859986,-0.16784602880012223,g00_g10_0,199.86609499243622,g00_g10
1005,30.0,veh_017,798.4,636.2704972832779,13.12521739158594,-0.1394600266870114,g22_g21_0,160.52950271672208,g22_g21
1005,30.0,veh_018,153.23606806044404,798.4,13.124400981606604,0.07635532840155079,g02_g12_0,150.03606806044405,g02_g12
1005,30.0,veh_019,801.6,164.42553159872233,15.843049531267205,-0.1255429876456038,g20_g21_0,161.22553159872234,g20_g21
1005,30.0,veh_020,142.47423280733122,398.4,14.779079214246533,0.033410386126488945,g01_g11_0,135.27423280733123,g01_g11
1005,30.0,veh_021,674.5992180352073,401.6,14.034884445668178,-0.2517403220012788,g21_g11_0,118.20078196479271,g21_g11
1005,30.0,veh_022,401.6,116.05557327857247,14.61910098337414,-0.28744085405487674,g10_g11_0,108.85557327857248,g10_g11
1005,30.0,veh_023,398.4,702.5044607123573,14.156978572702064,-0.09020653149113045,g12_g11_0,90.29553928764274,g12_g11
1005,31.0,veh_000,435.0665134298922,-1.6,14.365048423240633,0.34475180188659493,g10_g20_0,27.866513429892215,g10_g20
1005,31.0,veh_001,798.4,421.5938126143189,12.955174881428674,0.2898139575636005,g22_g21_0,375.2061873856811,g22_g21
1005,31.0,veh_002,422.5124079288186,798.4,14.76246907882364,0.0023676699819041858,g12_g22_0,15.312407928818635,g12_g22
1005,31.0,veh_003,801.6,392.7197206762857,14.194938553691582,-0.4006642264919371,g20_g21_0,389.5197206762857,g20_g21
1005,31.0,veh_004,343.65898555530174,398.4,12.923411701856375,0.06976472079288243,g01_g11_0,336.45898555530175,g01_g11
1005,31.0,veh_005,435.5021287807649,401.6,14.097415798455613,-0.055741177252492946,g21_g11_0,357.2978712192351,g21_g11
1005,31.0,veh_006,401.6,327.93274699699055,13.280333530835309,-0.048731514494866346,g10_g11_0,320.73274699699056,g10_g11
1005,31.0,veh_007,398.4,484.00500694743897,13.503177091816978,-0.05129459621384669,g12_g11_0,308.79499305256104,g12_g11
1005,31.0,veh_008,328.9807619017395,-1.6,14.599230743215712,-0.22095531001221325,g00_g10_0,325.78076190173954,g00_g10
1005,31.0,veh_009,798.4,487.3618251214494,14.254625662598537,-0.03090412007644794,g22_g21_0,309.4381748785506,g22_g21
1005,31.0,veh_010,304.17004175743944,798.4,14.626399229815878,0.05471282287035173,g02_g12_0,300.97004175743945,g02_g12
1005,31.0,veh_011,801.6,268.7182526999676,13.447397152151183,-0.0669925651559602,g20_g21_0,265.5182526999676,g20_g21
1005,31.0,veh_012,251.18773567284748,398.4,13.408138851118952,0.32578156183473794,g01_g11_0,243.98773567284746,g01_g11
1005,31.0,veh_013,566.4329319002615,401.6,13.176667742791393,0.3264721745532011,g21_g11_0,226.36706809973856,g21_g11
1005,31.0,veh_014,401.6,206.19704164264954,11.693322371103132,-0.5372690562391647,g10_g11_0,198.99704164264952,g10_g11
1005,31.0,veh_015,398.4,547.0184498455847,16.02002113510917,-0.13335911606904105,g12_g11_0,245.78155015441536,g12_g11
1005,31.0,veh_016,218.12861133051368,-1.6,15.06251633807751,-0.05034997978247624,g00_g10_0,214.92861133051372,g00_g10
1005,31.0,veh_017,798.4,622.9087219904836,13.361775292794228,0.2365579012082879,g22_g21_0,173.8912780095163,g22_g21
1005,31.0,veh_018,166.32949345871992,798.4,13.093425398275876,-0.030975583330727474,g02_g12_0,163.12949345871994,g02_g12
1005,31.0,veh_019,801.6,180.20908295887705,15.783551360154705,-0.059498171112499776,g20_g21_0,177.00908295887706,g20_g21
1005,31.0,veh_020,157.1318142442545,398.4,14.657581436923294,-0.12149777732323841,g01_g11_0,149.93181424425453,g01_g11
1005,31.0,veh_021,660.8105248735576,401.6,13.78869316164961,-0.24619128401856827,g21_g11_0,131.98947512644233,g21_g11
1005,31.0,veh_022,401.6,130.6930111589687,14.637437880396233,0.018336897022091847,g10_g11_0,123.49301115896871,g10_g11
1005,31.0,veh_023,398.4,688.2494407396211,14.255019972736045,0.09804140003398132,g12_g11_0,104.55055926037879,g12_g11
1005,32.0,veh_000,449.45840145142904,-1.6,14.391888021536843,0.026839598296209743,g10_g20_0,42.25840145142906,g10_g20
1005,32.0,veh_001,798.4,408.80617247012793,12.787640144190945,-0.1675347372377285,g22_g21_0,387.9938275298721,g22_g21
1005,32.0,veh_002,436.93156077608603,798.4,14.419152847267403,-0.34331623155623703,g12_g22_0,29.731560776086038,g12_g22
1005,32.0,veh_003,801.6,407.0472079244156,14.327487248129884,0.1325486944383023,:g21_2_0,14.24720792441559,:g21_2
1005,32.0,veh_004,356.2931059749458,398.4,12.634120419644013,-0.28929128221236233,g01_g11_0,349.0931059749458,g01_g11
1005,32.0,veh_005,422.10542693264506,401.6,13.396701848119827,-0.7007139503357855,g21_g11_0,370.69457306735495,g21_g11
1005,32.0,veh_006,401.6,341.34379412544575,13.411047128455214,0.13071359761990564,g10_g11_0,334.14379412544577,g10_g11
1005,32.0,veh_007,398.4,470.9894193392836,13.0155876081554,-0.48758948366157817,g12_g11_0,321.8105806607164,g12_g11
1005,32.0,veh_008,343.33079677587915,-1.6,14.350034874139645,-0.2491958690760665,g00_g10_0,340.13079677587916,g00_g10
1005,32.0,veh_009,798.4,472.7619476833272,14.599877438122183,0.3452517755236464,g22_g21_0,324.0380523166728,g22_g21
1005,32.0,veh_010,319.35500522354977,798.4,15.184963466110355,0.5585642362944778,g02_g12_0,316.1550052235498,g02_g12
1005,32.0,veh_011,801.6,282.5793077960185,13.861055096050926,0.413657943899743,g20_g21_0,279.3793077960185,g20_g21
1005,32.0,veh_012,264.15875144800526,398.4,12.971015775157817,-0.43712307596113575,g01_g11_0,256.9587514480053,g01_g11
1005,32.0,veh_013,553.4411650284824,401.6,12.991766871779033,-0.18490087101235986,g21_g11_0,239.35883497151758,g21_g11
1005,32.0,veh_014,401.6,217.90343554778556,11.706393905136064,0.013071534032931709,g10_g11_0,210.70343554778557,g10_g11
1005,32.0,veh_015,398.4,530.8546252337004,16.163824611884237,0.14380347677506577,g12_g11_0,261.9453747662996,g12_g11
1005,32.0,veh_016,233.1630100104958,-1.6,15.034398679982075,-0.028117658095434095,g00_g10_0,229.9630100104958,g00_g10
1005,32.0,veh_017,798.4,609.9508504561082,12.957871534375482,-0.40390375841874615,g22_g21_0,186.84914954389177,g22_g21
1005,32.0,veh_018,179.7432188727005,798.4,13.413725413980583,0.32030001570470645,g02_g12_0,176.54321887270052,g02_g12
1005,32.0,veh_019,801.6,195.61448467631092,15.405401717433888,-0.3781496427208175,g20_g21_0,192.41448467631093,g20_g21
1005,32.0,veh_020,171.99363076317178,398.4,14.86181651891727,0.2042350819939749,g01_g11_0,164.7936307631718,g01_g11
1005,32.0,veh_021,646.5697848832842,401.6,14.24073999027347,0.45204682862386036,g21_g11_0,146.2302151167158,g21_g11
1005,32.0,veh_022,401.6,145.37223626831243,14.679225109343738,0.04178722894750564,g10_g11_0,138.17223626831245,g10_g11
1005,32.0,veh_023,398.4,674.2499936708609,13.999447068760201,-0.2555729039758443,g12_g11_0,118.550006329139,g12_g11
1005,33.0,veh_000,463.36575491679866,-1.6,13.907353465369644,-0.4845345561671994,g10_g20_0,56.165754916798704,g10_g20
1005,33.0,veh_001,798.4,396.3997219289369,12.406450541190997,-0.38118960299994775,:g21_1_0,10.800278071063076,:g21_1
1005,33.0,veh_002,451.4998321613913,798.4,14.568271385305279,0.14911853803787523,g12_g22_0,44.299832161391315,g12_g22
1005,33.0,veh_003,801.6,421.21857089448065,14.171362970065067,-0.15612427806481755,g21_g22_0,14.018570894480659,g21_g22
1005,33.0,veh_004,369.0840734615715,398.4,12.79096748662573,0.15684706698171702,g01_g11_0,361.8840734615715,g01_g11
1005,33.0,veh_005,412.99949100482064,401.6,9.105935927824442,-4.290765920295385,g21_g11_0,379.80050899517937,g21_g11
1005,33.0,veh_006,401.6,354.5525625177883,13.208768392342575,-0.20227873611263902,g10_g11_0,347.35256251778833,g10_g11
1005,33.0,veh_007,398.4,457.77582521939246,13.21359411989113,0.19800651173573058,g12_g11_0,335.02417478060755,g12_g11
1005,33.0,veh_008,358.1421242931188,-1.6,14.811327517239668,0.46129264310002327,g00_g10_0,354.9421242931188,g00_g10
1005,33.0,veh_009,798.4,458.05674796445066,14.70519971887652,0.10532228075433636,g22_g21_0,338.74325203554935,g22_g21
1005,33.0,veh_010,334.5111757153166,798.4,15.156170491766833,-0.02879297434352246,g02_g12_0,331.3111757153166,g02_g12
1005,33.0,veh_011,801.6,296.57260406639665,13.993296270378135,0.13224117432720917,g20_g21_0,293.37260406639666,g20_g21
1005,33.0,veh_012,277.69104528481563,398.4,13.532293836810373,0.5612780616525566,g01_g11_0,270.49104528481564,g01_g11
1005,33.0,veh_013,540.1803250421406,401.6,13.260839986341812,0.2690731145627794,g21_g11_0,252.6196749578594,g21_g11
1005,33.0,veh_014,401.6,229.67890293136145,11.775467383575888,0.06907347843982414,g10_g11_0,222.47890293136146,g10_g11
1005,33.0,veh_015,398.4,514.4097770718524,16.444848161847958,0.28102354996372014,g12_g11_0,278.3902229281476,g12_g11
1005,33.0,veh_016,248.18962497416152,-1.6,15.02661496366574,-0.007783716316335898,g00_g10_0,244.98962497416153,g00_g10
1005,33.0,veh_017,798.4,596.8155341171425,13.135316338965678,0.17744480459019663,g22_g21_0,199.98446588285745,g22_g21
1005,33.0,veh_018,193.04884637322493,798.4,13.305627500524434,-0.10809791345614883,g02_g12_0,189.84884637322494,g02_g12
1005,33.0,veh_019,801.6,211.59754523790662,15.983060561595666,0.5776588441617783,g20_g21_0,208.3975452379066,g20_g21
1005,33.0,veh_020,186.6936940696427,398.4,14.700063306470922,-0.16175321244634766,g01_g11_0,179.49369406964271,g01_g11
1005,33.0,veh_021,632.4307910323182,401.6,14.138993850965964,-0.10174613930750631,g21_g11_0,160.36920896768177,g21_g11
1005,33.0,veh_022,401.6,160.38535833558075,15.013122067268327,0.33389695792458873,g10_g11_0,153.18535833558076,g10_g11
1005,33.0,veh_023,398.4,660.0667382635238,14.183255407337128,0.18380833857692735,g12_g11_0,132.73326173647612,g12_g11
1005,34.0,veh_000,477.3811821163484,-1.6,14.015427199549714,0.1080737341800706,g10_g20_0,70.18118211634842,g10_g20
1005,34.0,veh_001,798.4,383.8605671870013,12.539154741935626,0.1327042007446284,g21_g20_0,8.939432812998701,g21_g20
1005,34.0,veh_002,466.58347845641043,798.4,15.083646295019141,0.5153749097138629,g12_g22_0,59.38347845641046,g12_g22
1005,34.0,veh_003,801.6,435.8100019945965,14.591431100115852,0.4200681300507849,g21_g22_0,28.61000199459651,g21_g22
1005,34.0,veh_004,380.81416560072347,398.4,11.730092139151948,-1.0608753474737824,g01_g11_0,373.6141656007235,g01_g11
1005,34.0,veh_005,408.0234381009739,401.6,4.976052903846708,-4.129883023977734,g21_g11_0,384.7765618990261,g21_g11
1005,34.0,veh_006,401.6,367.9910870000967,13.438524482308388,0.22975608996581265,g10_g11_0,360.7910870000967,g10_g11
1005,34.0,veh_007,398.4,444.33586966548404,13.439955553908439,0.22636143401730813,g12_g11_0,348.46413033451597,g12_g11
1005,34.0,veh_008,373.04573689059856,-1.6,14.903612597479777,0.09228508024010829,g00_g10_0,369.8457368905986,g00_g10
1005,34.0,veh_009,798.4,443.27214611445254,14.784601849998126,0.07940213112160599,g22_g21_0,353.5278538855475,g22_g21
1005,34.0,veh_010,349.58886507065336,798.4,15.077689355336778,-0.07848113643005483,g02_g12_0,346.38886507065337,g02_g12
1005,34.0,veh_011,801.6,309.86499074083827,13.292386674441598,-0.7009095959365368,g20_g21_0,306.6649907408383,g20_g21
1005,34.0,veh_012,290.7022307669048,398.4,13.011185482089155,-0.5211083547212176,g01_g11_0,283.5022307669048,g01_g11
1005,34.0,veh_013,527.0312724652692,401.6,13.149052576871396,-0.11178740947041632,g21_g11_0,265.7687275347308,g21_g11
1005,34.0,veh_014,401.6,242.00253313026136,12.323630198899918,0.5481628153240301,g10_g11_0,234.80253313026137,g10_g11
1005,34.0,veh_015,398.4,498.0580400067275,16.35173706512495,-0.09311109672300688,g12_g11_0,294.74195999327253,g12_g11
1005,34.0,veh_016,263.53499955675966,-1.6,15.345374582598122,0.3187596189323827,g00_g10_0,260.33499955675967,g00_g10
1005,34.0,veh_017,798.4,584.0375260709989,12.778008046143697,-0.3573082928219815,g22_g21_0,212.76247392900115,g22_g21
1005,34.0,veh_018,206.2322254352365,798.4,13.183379062011527,-0.12224843851290679,g02_g12_0,203.03222543523648,g02_g12
1005,34.0,veh_019,801.6,227.11604137545217,15.518496137545625,-0.4645644240500406,g20_g21_0,223.9160413754522,g20_g21
1005,34.0,veh_020,201.14380746648806,398.4,14.450113396845348,-0.24994990962557395,g01_g11_0,193.94380746648807,g01_g11
1005,34.0,veh_021,618.6442897425668,401.6,13.78650128975136,-0.3524925612146035,g21_g11_0,174.15571025743313,g21_g11
1005,34.0,veh_022,401.6,175.50890922576042,15.123550890179672,0.11042882291134504,g10_g11_0,168.30890922576043,g10_g11
1005,34.0,veh_023,398.4,645.9945550554196,14.072183208104253,-0.11107219923287559,g12_g11_0,146.8054449445804,g12_g11
1005,35.0,veh_000,491.39608846497987,-1.6,14.014906348631458,-0.000520850918256599,g10_g20_0,84.19608846497988,g10_g20
1005,35.0,veh_001,798.4,371.2070562637375,12.653510923263811,0.11435618132818526,g21_g20_0,21.592943736262512,g21_g20
1005,35.0,veh_002,481.76881752035166,798.4,15.185339063941218,0.10169276892207613,g12_g22_0,74.56881752035167,g12_g22
1005,35.0,veh_003,801.6,450.37527563948686,14.565273644890377,-0.026157455225474635,g21_g22_0,43.175275639486884,g21_g22
1005,35.0,veh_004,388.2329976106132,398.4,7.418832009889716,-4.311260129262232,g01_g11_0,381.0329976106132,g01_g11
1005,35.0,veh_005,407.46780276928587,401.6,0.5556353316880553,-4.4204175721586525,g21_g11_0,385.33219723071414,g21_g11
1005,35.0,veh_006,401.6,381.3924506913349,13.401363691238187,-0.03716079107020143,g10_g11_0,374.1924506913349,g10_g11
1005,35.0,veh_007,398.4,430.9963364614877,13.339533203996325,-0.10042234991211352,g12_g11_0,361.8036635385123,g12_g11
1005,35.0,veh_008,387.44446705898986,-1.6,14.398730168391312,-0.5048824290884646,g00_g10_0,384.24446705898987,g00_g10
1005,35.0,veh_009,798.4,428.7485012374269,14.523644877025635,-0.2609569729724903,g22_g21_0,368.0514987625731,g22_g21
1005,35.0,veh_010,364.7367131006326,798.4,15.14784802997922,0.07015867464244252,g02_g12_0,361.5367131006326,g02_g12
1005,35.0,veh_011,801.6,323.4068352666488,13.541844525810532,0.24945785136893406,g20_g21_0,320.2068352666488,g20_g21
1005,35.0,veh_012,303.61928824881187,398.4,12.917057481907054,-0.09412800018210099,g01_g11_0,296.4192882488119,g01_g11
1005,35.0,veh_013,514.0091774911828,401.6,13.022094974086427,-0.12695760278496948,g21_g11_0,278.7908225088172,g21_g11
1005,35.0,veh_014,401.6,254.2680288131028,12.26549568284143,-0.05813451605848918,g10_g11_0,247.06802881310279,g10_g11
1005,35.0,veh_015,398.4,481.6844625134234,16.373577493304083,0.021840428179132232,g12_g11_0,311.1155374865766,g12_g11
1005,35.0,veh_016,278.4781740808081,-1.6,14.943174524048478,-0.4022000585496439,g00_g10_0,275.2781740808081,g00_g10
1005,35.0,veh_017,798.4,571.0674674737536,12.970058597245263,0.1920505511015662,g22_g21_0,225.73253252624642,g22_g21
1005,35.0,veh_018,219.22036405183624,798.4,12.988138616599763,-0.19524044541176444,g02_g12_0,216.02036405183625,g02_g12
1005,35.0,veh_019,801.6,243.04644481701564,15.93040344156343,0.41190730401780407,g20_g21_0,239.84644481701565,g20_g21
1005,35.0,veh_020,215.92493854910347,398.4,14.781131082615405,0.33101768577005686,g01_g11_0,208.72493854910348,g01_g11
1005,35.0,veh_021,604.936192477259,401.6,13.70809726530777,-0.07840402444358929,g21_g11_0,187.8638075227409,g21_g11
1005,35.0,veh_022,401.6,190.01640098480206,14.507491759041645,-0.6160591311380266,g10_g11_0,182.81640098480207,g10_g11
1005,35.0,veh_023,398.4,632.2043750898239,13.790179965595744,-0.28200324250850883,g12_g11_0,160.59562491017613,g12_g11
1005,36.0,veh_000,505.6226119114054,-1.6,14.226523446425537,0.211617097794079,g10_g20_0,98.42261191140541,g10_g20
1005,36.0,veh_001,798.4,358.17624679428707,13.030809469450459,0.3772985461866476,g21_g20_0,34.62375320571297,g21_g20
1005,36.0,veh_002,496.60372843437847,798.4,14.83491091402685,-0.350428149914368,g12_g22_0,89.40372843437852,g12_g22
1005,36.0,veh_003,801.6,464.36917450549,13.99389886600312,-0.5713747788872574,g21_g22_0,57.169174505490005,g21_g22
1005,36.0,veh_004,392.11152948927696,398.4,3.8785318786637313,-3.5403001312259845,g01_g11_0,384.911529489277,g01_g11
1005,36.0,veh_005,407.3072345438775,401.6,0.16056822540839596,-0.39506710627965935,g21_g11_0,385.4927654561225,g21_g11
1005,36.0,veh_006,401.6,394.3756521065034,12.983201415168553,-0.4181622760696335,:g11_7_0,1.5756521065034121,:g11_7
1005,36.0,veh_007,398.4,417.81588822398606,13.180448237501622,-0.15908496649470294,g12_g11_0,374.98411177601395,g12_g11
1005,36.0,veh_008,402.17445390134117,-1.6,14.729986842351327,0.3312566739600147,:g10_4_0,9.374453901341155,:g10_4
1005,36.0,veh_009,798.4,414.23885656478376,14.509644672643171,-0.014000204382464077,g22_g21_0,382.56114343521625,g22_g21
1005,36.0,veh_010,379.33609946368506,798.4,14.59938636305248,-0.548461666926741,g02_g12_0,376.13609946368507,g02_g12
1005,36.0,veh_011,801.6,337.4622914648775,14.055456198228724,0.5136116724181914,g20_g21_0,334.26229146487753,g20_g21
1005,36.0,veh_012,316.6967960076237,398.4,13.077507758811795,0.16045027690474,g01_g11_0,309.4967960076237,g01_g11
1005,36.0,veh_013,500.8794986845791,401.6,13.129678806603694,0.10758383251726755,g21_g11_0,291.9205013154209,g21_g11
1005,36.0,veh_014,401.6,266.1100778843079,11.84204907120511,-0.4234466116363187,g10_g11_0,258.9100778843079,g10_g11
1005,36.0,veh_015,398.4,465.685496168893,15.99896634453039,-0.3746111487736936,g12_g11_0,327.114503831107,g12_g11
1005,36.0,veh_016,293.42916829896956,-1.6,14.950994218161465,0.007819694112987108,g00_g10_0,290.22916829896957,g00_g10
1005,36.0,veh_017,798.4,558.2601359838488,12.807331489904792,-0.16272710734047102,g22_g21_0,238.5398640161512,g22_g21
1005,36.0,veh_018,232.78664331690908,798.4,13.566279265072817,0.5781406484730542,g02_g12_0,229.58664331690906,g02_g12
1005,36.0,veh_019,801.6,258.37472300789125,15.328278190875608,-0.6021252506878216,g20_g21_0,255.17472300789126,g20_g21
1005,36.0,veh_020,230.29457226304598,398.4,14.369633713942543,-0.4114973686728618,g01_g11_0,223.09457226304602,g01_g11
1005,36.0,veh_021,590.8525987595239,401.6,14.08359371773524,0.37549645242746976,g21_g11_0,201.94740124047615,g21_g11
1005,36.0,veh_022,401.6,204.57983630693994,14.56343532213787,0.055943563096224835,g10_g11_0,197.37983630693995,g10_g11
1005,36.0,veh_023,398.4,617.9183631665265,14.286011923297337,0.4958319577015935,g12_g11_0,174.88163683347346,g12_g11
1005,37.0,veh_000,519.6227391620635,-1.6,14.000127250658089,-0.22639619576744785,g10_g20_0,112.4227391620635,g10_g20
1005,37.0,veh_001,798.4,345.31218245470683,12.864064339580208,-0.16674512987025025,g21_g20_0,47.48781754529318,g21_g20
1005,37.0,veh_002,511.23561690468796,798.4,14.631888470309503,-0.20302244371734623,g12_g22_0,104.03561690468803,g12_g22
1005,37.0,veh_003,801.6,478.90624704345396,14.537072537963951,0.5431736719608313,g21_g22_0,71.70624704345396,g21_g22
1005,37.0,veh_004,392.5248802642386,398.4,0.41335077496164196,-3.4651811037020894,g01_g11_0,385.32488026423863,g01_g11
1005,37.0,veh_005,407.301266054837,401.6,0.005968489040449833,-0.15459973636794613,g21_g11_0,385.498733945163,g21_g11
1005,37.0,veh_006,401.6,407.9162190896961,13.54056698319266,0.5573655680241068,g11_g12_0,0.7162190896960716,g11_g12
1005,37.0,veh_007,398.4,404.45763744102356,13.358250782962495,0.1778025454608727,:g11_1_0,2.7423625589764242,:g11_1
1005,37.0,veh_008,416.78717148317236,-1.6,14.61271758183121,-0.11726926052011599,g10_g20_0,9.587171483172368,g10_g20
1005,37.0,veh_009,798.4,399.7370850814036,14.501771483380125,-0.007873189263046143,:g21_1_0,7.462914918596368,:g21_1
1005,37.0,veh_010,394.0771156439812,798.4,14.741016180296144,0.14162981724366475,:g12_5_0,1.2771156439811762,:g12_5
1005,37.0,veh_011,801.6,351.5013469384149,14.039055473537385,-0.016400724691338908,g20_g21_0,348.3013469384149,g20_g21
1005,37.0,veh_012,330.2544366027112,398.4,13.557640595087529,0.4801328362757342,g01_g11_0,323.05443660271123,g01_g11
1005,37.0,veh_013,487.71120379886014,401.6,13.168294885719003,0.038616079115309176,g21_g11_0,305.08879620113987,g21_g11
1005,37.0,veh_014,401.6,278.43093580770966,12.320857923401782,0.47880885219667135,g10_g11_0,271.23093580770967,g10_g11
1005,37.0,veh_015,398.4,449.5436467313501,16.141849437542884,0.1428830930124949,g12_g11_0,343.2563532686499,g12_g11
1005,37.0,veh_016,308.3614582298656,-1.6,14.932289930896038,-0.018704287265427055,g00_g10_0,305.1614582298656,g00_g10
1005,37.0,veh_017,798.4,545.3730344361093,12.887101547739476,0.0797700578346845,g22_g21_0,251.4269655638907,g22_g21
1005,37.0,veh_018,246.37285658066438,798.4,13.586213263755353,0.01993399868253576,g02_g12_0,243.17285658066442,g02_g12
1005,37.0,veh_019,801.6,274.38454597262023,16.00982296472899,0.681544773853382,g20_g21_0,271.18454597262024,g20_g21
1005,37.0,veh_020,245.0748044475665,398.4,14.780232184520512,0.4105984705779697,g01_g11_0,237.87480444756653,g01_g11
1005,37.0,veh_021,577.0635007628056,401.6,13.78909799671823,-0.29449572101701094,g21_g11_0,215.73649923719438,g21_g11
1005,37.0,veh_022,401.6,219.2876774257128,14.707841118772835,0.144405796634965,g10_g11_0,212.0876774257128,g10_g11
1005,37.0,veh_023,398.4,603.6311971449885,14.287166021537997,0.0011540982406597067,g12_g11_0,189.16880285501145,g12_g11
1005,38.0,veh_000,534.1519067835006,-1.6,14.529167621437201,0.5290403707791125,g10_g20_0,126.95190678350069,g10_g20
1005,38.0,veh_001,798.4,332.2350142293968,13.077168225310006,0.21310388572979733,g21_g20_0,60.56498577060319,g21_g20
1005,38.0,veh_002,526.285412474712,798.4,15.049795570024006,0.4179070997145029,g12_g22_0,119.08541247471203,g12_g22
1005,38.0,veh_003,801.6,493.3216825373485,14.415435493894593,-0.12163704406935771,g21_g22_0,86.12168253734855,g21_g22
1005,38.0,veh_004,392.67986311325956,398.4,0.15498284902094073,-0.25836792594070124,g01_g11_0,385.47986311325957,g01_g11
1005,38.0,veh_005,407.3010105289862,401.6,0.0002555258508420273,-0.005712963189607806,g21_g11_0,385.49898947101383,g21_g11
1005,38.0,veh_006,401.6,421.38546404635656,13.469244956660516,-0.07132202653214392,g11_g12_0,14.185464046356588,g11_g12
1005,38.0,veh_007,398.4,391.3978626033736,13.059774837649964,-0.2984759453125303,g11_g10_0,1.4021373966263884,g11_g10
1005,38.0,veh_008,431.61000832583716,-1.6,14.82283684266481,0.2101192608335989,g10_g20_0,24.410008325837175,g10_g20
1005,38.0,veh_009,798.4,385.2870552413387,14.450029840064943,-0.05174164331518227,g21_g20_0,7.512944758661311,g21_g20
1005,38.0,veh_010,408.63485022525487,798.4,14.557734581273698,-0.18328159902244678,g12_g22_0,1.4348502252548734,g12_g22
1005,38.0,veh_011,801.6,364.9135140126931,13.412167074278198,-0.6268883992591867,g20_g21_0,361.7135140126931,g20_g21
1005,38.0,veh_012,343.1421155412013,398.4,12.887678938490085,-0.6699616565974438,g01_g11_0,335.9421155412013,g01_g11
1005,38.0,veh_013,474.94177807064915,401.6,12.769425728210987,-0.39886915750801677,g21_g11_0,317.85822192935086,g21_g11
1005,38.0,veh_014,401.6,290.8443464276664,12.413410619956704,0.09255269655492171,g10_g11_0,283.6443464276664,g10_g11
1005,38.0,veh_015,398.4,433.4802890306905,16.063357700659587,-0.07849173688329714,g12_g11_0,359.3197109693095,g12_g11
1005,38.0,veh_016,323.60409208458645,-1.6,15.242633854720877,0.31034392382483844,g00_g10_0,320.40409208458647,g00_g10
1005,38.0,veh_017,798.4,532.59035624288,12.782678193229259,-0.10442335451021734,g22_g21_0,264.2096437571199,g22_g21
1005,38.0,veh_018,259.67883270407157,798.4,13.305976123407172,-0.2802371403481807,g02_g12_0,256.4788327040716,g02_g12
1005,38.0,veh_019,801.6,289.90165798408754,15.517112011467288,-0.49271095326170133,g20_g21_0,286.70165798408755,g20_g21
1005,38.0,veh_020,259.2424344297023,398.4,14.167629982135779,-0.6126022023847337,g01_g11_0,252.04243442970233,g01_g11
1005,38.0,veh_021,563.1723125232097,401.6,13.891188239595833,0.10209024287760293,g21_g11_0,229.62768747679021,g21_g11
1005,38.0,veh_022,401.6,233.7699774368124,14.482300011099637,-0.22554110767319813,g10_g11_0,226.56997743681242,g10_g11
1005,38.0,veh_023,398.4,589.5871089682696,14.044088176718942,-0.24307784481905514,g12_g11_0,203.21289103173038,g12_g11
1005,39.0,veh_000,548.588781549337,-1.6,14.436874765836375,-0.09229285560082623,g10_g20_0,141.38878154933707,g10_g20
1005,39.0,veh_001,798.4,319.5587517009855,12.676262528411307,-0.4009056968986986,g21_g20_0,73.2412482990145,g21_g20
1005,39.0,veh_002,541.0592198262916,798.4,14.773807351579606,-0.27598821844440025,g12_g22_0,133.85921982629162,g12_g22
1005,39.0,veh_003,801.6,507.27311216554165,13.95142962819312,-0.4640058657014734,g21_g22_0,100.07311216554167,g21_g22
1005,39.0,veh_004,392.69866983970786,398.4,0.018806726448280776,-0.13617612257265996,g01_g11_0,385.4986698397079,g01_g11
1005,39.0,veh_005,407.3010105289862,401.6,0.0,-0.0002555258508420273,g21_g11_0,385.49898947101383,g21_g11
1005,39.0,veh_006,401.6,434.47861532918995,13.09315128283339,-0.37609367382712655,g11_g12_0,27.278615329189975,g11_g12
1005,39.0,veh_007,398.4,378.1113624248842,13.28650017848944,0.22672534083947582,g11_g10_0,14.688637575115829,g11_g10
1005,39.0,veh_008,446.22178229008045,-1.6,14.611773964243302,-0.21106287842150806,g10_g20_0,39.02178229008048,g10_g20
1005,39.0,veh_009,798.4,370.8557614938943,14.431293747444414,-0.018736092620528666,g21_g20_0,21.944238506105727,g21_g20
1005,39.0,veh_010,423.80992294999925,798.4,15.175072724744394,0.6173381434706968,g12_g22_0,16.609922949999266,g12_g22
1005,39.0,veh_011,801.6,378.49413549715825,13.580621484465167,0.16845441018696938,g20_g21_0,375.29413549715827,g20_g21
1005,39.0,veh_012,356.55191641989535,398.4,13.409800878694028,0.5221219402039434,g01_g11_0,349.35191641989536,g01_g11
1005,39.0,veh_013,462.00979628322665,401.6,12.93198178742248,0.16255605921149296,g21_g11_0,330.79020371677336,g21_g11
1005,39.0,veh_014,401.6,302.7253404108748,11.880993983208464,-0.5324166367482395,g10_g11_0,295.52534041087483,g10_g11
1005,39.0,veh_015,398.4,417.5796216928262,15.900667337864332,-0.16269036279525473,g12_g11_0,375.2203783071738,g12_g11
1005,39.0,veh_016,338.8365722246142,-1.6,15.232480140027725,-0.010153714693151628,g00_g10_0,335.6365722246142,g00_g10
1005,39.0,veh_017,798.4,519.4338881581434,13.156468084736735,0.3737898915074762,g22_g21_0,277.36611184185665,g22_g21
1005,39.0,veh_018,273.23459983309573,798.4,13.55576712902418,0.2497910056170074,g02_g12_0,270.03459983309574,g02_g12
1005,39.0,veh_019,801.6,305.19914504605674,15.297487061969186,-0.21962494949810285,g20_g21_0,301.99914504605675,g20_g21
1005,39.0,veh_020,273.40814737226304,398.4,14.165712942560724,-0.0019170395750549574,g01_g11_0,266.20814737226306,g01_g11
1005,39.0,veh_021,549.2810453813368,401.6,13.891267141872996,7.890227716345066e-05,g21_g11_0,243.5189546186632,g21_g11
1005,39.0,veh_022,401.6,248.76664296474323,14.996665527930803,0.514365516831166,g10_g11_0,241.56664296474324,g10_g11
1005,39.0,veh_023,398.4,575.7427012281767,13.844407740092866,-0.19968043662607649,g12_g11_0,217.05729877182324,g12_g11
1005,40.0,veh_000,562.4796610956745,-1.6,13.890879546337501,-0.5459952194988738,g10_g20_0,155.27966109567456,g10_g20
1005,40.0,veh_001,798.4,306.48131225753116,13.07743944345434,0.4011769150430329,g21_g20_0,86.31868774246884,g21_g20
1005,40.0,veh_002,556.0429699650397,798.4,14.983750138748153,0.20994278716854708,g12_g22_0,148.84296996503977,g12_g22
1005,40.0,veh_003,801.6,521.2635248043518,13.990412638810204,0.03898301061708409,g21_g22_0,114.06352480435187,g21_g22
1005,40.0,veh_004,392.69892779828484,398.4,0.0002579585769895802,-0.018548767871291196,g01_g11_0,385.49892779828485,g01_g11
1005,40.0,veh_005,407.3010105289862,401.6,0.0,0.0,g21_g11_0,385.49898947101383,g21_g11
1005,40.0,veh_006,401.6,447.25528347683723,12.776668147647253,-0.3164831351861359,g11_g12_0,40.05528347683723,g11_g12
1005,40.0,veh_007,398.4,365.31779806183897,12.793564363045224,-0.4929358154442163,g11_g10_0,27.482201938161054,g11_g10
1005,40.0,veh_008,461.05516626972167,-1.6,14.833383979641193,0.22161001539789105,g10_g20_0,53.85516626972167,g10_g20
1005,40.0,veh_009,798.4,356.2606832814005,14.595078212493808,0.16378446504939426,g21_g20_0,36.53931671859954,g21_g20
1005,40.0,veh_010,438.8581641701342,798.4,15.048241220134958,-0.12683150460943615,g12_g22_0,31.658164170134224,g12_g22
1005,40.0,veh_011,801.6,391.8330343302014,13.338898833043142,-0.24172265142202498,g20_g21_0,388.6330343302014,g20_g21
1005,40.0,veh_012,369.5092664415992,398.4,12.957350021703848,-0.45245085699018084,g01_g11_0,362.3092664415992,g01_g11
1005,40.0,veh_013,448.84369579884077,401.6,13.166100484385893,0.2341186969634137,g21_g11_0,343.95630420115924,g21_g11
1005,40.0,veh_014,401.6,315.053350794238,12.328010383363145,0.4470164001546806,g10_g11_0,307.853350794238,g10_g11
1005,40.0,veh_015,398.4,400.98557439299253,16.59404729983366,0.6933799619693293,:g11_1_0,6.214425607007456,:g11_1
1005,40.0,veh_016,354.16981012636995,-1.6,15.333237901755744,0.10075776172801909,g00_g10_0,350.96981012636996,g00_g10
1005,40.0,veh_017,798.4,506.04911925223547,13.384768905907878,0.2283008211711426,g22_g21_0,290.75088074776454,g22_g21
1005,40.0,veh_018,286.3672191986357,798.4,13.132619365540021,-0.42314776348415784,g02_g12_0,283.16721919863573,g02_g12
1005,40.0,veh_019,801.6,320.61393982492734,15.4147947788706,0.11730771690141495,g20_g21_0,317.41393982492735,g20_g21
1005,40.0,veh_020,287.58705714250925,398.4,14.178909770246184,0.013196827685460377,g01_g11_0,280.38705714250926,g01_g11
1005,40.0,veh_021,534.9960200257435,401.6,14.28502535559328,0.3937582137202842,g21_g11_0,257.8039799742565,g21_g11
1005,40.0,veh_022,401.6,263.8191044101804,15.052461445437133,0.055795917506330284,g10_g11_0,256.6191044101804,g10_g11
1005,40.0,veh_023,398.4,561.1905171279307,14.552184100246086,0.7077763601532201,g12_g11_0,231.60948287206932,g12_g11
1005,41.0,veh_000,576.4214850849334,-1.6,13.94182398925882,0.05094444292131861,g10_g20_0,169.22148508493336,g10_g20
1005,41.0,veh_001,798.4,293.94663228726563,12.53467997026556,-0.5427594731887808,g21_g20_0,98.8533677127344,g21_g20
1005,41.0,veh_002,570.6824679559085,798.4,14.639497990868703,-0.34425214787945,g12_g22_0,163.48246795590848,g12_g22
1005,41.0,veh_003,801.6,535.8644509434632,14.600926139111372,0.6105135003011686,g21_g22_0,128.66445094346324,g21_g22
1005,41.0,veh_004,392.69892779828484,398.4,0.0,-0.0002579585769895802,g01_g11_0,385.49892779828485,g01_g11
1005,41.0,veh_005,407.3010105289862,401.6,0.0,0.0,g21_g11_0,385.49898947101383,g21_g11
1005,41.0,veh_006,401.6,460.4376586206106,13.182375143773355,0.40570699612610106,g11_g12_0,53.23765862061059,g11_g12
1005,41.0,veh_007,398.4,352.19481529706627,13.122982764772678,0.3294184017274535,g11_g10_0,40.605184702933734,g11_g10
1005,41.0,veh_008,475.5550976543748,-1.6,14.499931384653145,-0.3334525949880476,g10_g20_0,68.35509765437482,g10_g20
1005,41.0,veh_009,798.4,341.88105639967273,14.379626881727726,-0.2154513307660828,g21_g20_0,50.91894360032726,g21_g20
1005,41.0,veh_010,453.44466815286415,798.4,14.586503982729926,-0.4617372374050319,g12_g22_0,46.24466815286415,g12_g22
1005,41.0,veh_011,801.6,405.44488060272135,13.61184627251999,0.2729474394768481,:g21_2_0,12.644880602721344,:g21_2
1005,41.0,veh_012,378.73675831553066,398.4,9.227491873931434,-3.729858147772413,g01_g11_0,371.5367583155307,g01_g11
1005,41.0,veh_013,435.51103568961065,401.6,13.332660109230124,0.16655962484423092,g21_g11_0,357.28896431038936,g21_g11
1005,41.0,veh_014,401.6,327.51318222729043,12.459831433052459,0.1318210496893144,g10_g11_0,320.31318222729044,g10_g11
1005,41.0,veh_015,398.4,384.6810016231927,16.304572769799897,-0.28947453003376467,g11_g10_0,8.118998376807353,g11_g10
1005,41.0,veh_016,369.1411404281941,-1.6,14.971330301824162,-0.36190759993158217,g00_g10_0,365.9411404281941,g00_g10
1005,41.0,veh_017,798.4,493.106834596522,12.942284655713484,-0.4424842501943935,g22_g21_0,303.693165403478,g22_g21
1005,41.0,veh_018,299.5299382113699,798.4,13.162719012734168,0.03009964719414704,g02_g12_0,296.3299382113699,g02_g12
1005,41.0,veh_019,801.6,335.94178248918047,15.327842664253147,-0.08695211461745345,g20_g21_0,332.7417824891805,g20_g21
1005,41.0,veh_020,302.40700338209575,398.4,14.819946239586509,0.6410364693403245,g01_g11_0,295.20700338209576,g01_g11
1005,41.0,veh_021,520.8200169146166,401.6,14.176003111126812,-0.10902224446646791,g21_g11_0,271.9799830853833,g21_g11
1005,41.0,veh_022,401.6,278.42300271149435,14.603898301313953,-0.448563144123181,g10_g11_0,271.22300271149436,g10_g11
1005,41.0,veh_023,398.4,547.1505321839875,14.039984943943127,-0.5121991563029589,g12_g11_0,245.64946781601245,g12_g11
1005,42.0,veh_000,590.4780533911976,-1.6,14.056568306264209,0.11474431700538901,g10_g20_0,183.27805339119757,g10_g20
1005,42.0,veh_001,798.4,281.1544420664168,12.79219022084885,0.2575102505832909,g21_g20_0,111.64555793358325,g21_g20
1005,42.0,veh_002,585.4619089936403,798.4,14.779441037731893,0.13994304686318948,g12_g22_0,178.26190899364036,g12_g22
1005,42.0,veh_003,801.6,550.23710308144,14.372652137976813,-0.22827400113455987,g21_g22_0,143.03710308144005,g21_g22
1005,42.0,veh_004,395.2599220850455,398.4,2.560994286760688,2.560994286760688,:g11_10_0,2.4599220850454913,:g11_10
1005,42.0,veh_005,404.91098821320276,401.6,2.390022315783426,2.390022315783426,:g11_4_0,2.289011786797232,:g11_4
1005,42.0,veh_006,401.6,473.9294443725107,13.491785751900137,0.30941060812678245,g11_g12_0,66.72944437251073,g11_g12
1005,42.0,veh_007,398.4,338.70654240128346,13.488272895782792,0.36529013101011465,g11_g10_0,54.093457598716526,g11_g10
1005,42.0,veh_008,490.6079153565679,-1.6,15.052817702193105,0.5528863175399596,g10_g20_0,83.40791535656793,g10_g20
1005,42.0,veh_009,798.4,326.9287731119345,14.952283287738227,0.5726564060105019,g21_g20_0,65.8712268880655,g21_g20
1005,42.0,veh_010,468.2846854114586,798.4,14.840017258594461,0.25351327586453465,g12_g22_0,61.08468541145861,g12_g22
1005,42.0,veh_011,801.6,418.98064951989,13.535768917168692,-0.07607735535129834,g21_g22_0,11.780649519890035,g21_g22
1005,42.0,veh_012,383.59163813677884,398.4,4.8548798212481685,-4.372612052683266,g01_g11_0,376.39163813677885,g01_g11
1005,42.0,veh_013,424.276370762844,401.6,11.234664926766667,-2.097995182463457,g21_g11_0,368.523629237156,g21_g11
1005,42.0,veh_014,401.6,339.94913777915156,12.435955551861117,-0.02387588119134243,g10_g11_0,332.74913777915157,g10_g11
1005,42.0,veh_015,398.4,368.75259226373987,15.928409359452766,-0.3761634103471305,g11_g10_0,24.04740773626012,g11_g10
1005,42.0,veh_016,384.53299694747795,-1.6,15.391856519283863,0.42052621745970065,g00_g10_0,381.33299694747797,g00_g10
1005,42.0,veh_017,798.4,480.1694453232808,12.937389273241171,-0.004895382472312804,g22_g21_0,316.6305546767192,g22_g21
1005,42.0,veh_018,312.91528354656066,798.4,13.385345335190804,0.2226263224566356,g02_g12_0,309.71528354656067,g02_g12
1005,42.0,veh_019,801.6,351.7557471540795,15.813964664898993,0.486122000645846,g20_g21_0,348.5557471540795,g20_g21
1005,42.0,veh_020,317.2381422291009,398.4,14.831138847005143,0.011192607418633926,g01_g11_0,310.0381422291009,g01_g11
1005,42.0,veh_021,506.6867560442867,401.6,14.133260870330016,-0.04274224079679634,g21_g11_0,286.1132439557133,g21_g11
1005,42.0,veh_022,401.6,293.61796812946466,15.194965417970293,0.5910671166563404,g10_g11_0,286.41796812946467,g10_g11
1005,42.0,veh_023,398.4,533.2363045862163,13.914227597771243,-0.12575734617188417,g12_g11_0,259.5636954137837,g12_g11
1005,43.0,veh_000,604.8562503861799,-1.6,14.378196994982401,0.3216286887181923,g10_g20_0,197.65625038617998,g10_g20
1005,43.0,veh_001,798.4,268.4781995359412,12.676242530475564,-0.1159476903732859,g21_g20_0,124.32180046405881,g21_g20
1005,43.0,veh_002,600.0731933141295,798.4,14.61128432048922,-0.16815671724267212,g12_g22_0,192.8731933141296,g12_g22
1005,43.0,veh_003,801.6,564.190639847098,13.953536765658038,-0.4191153723187746,g21_g22_0,156.9906398470981,g21_g22
1005,43.0,veh_004,400.4110415452855,398.4,5.151119460240007,2.5901251734793194,:g11_10_0,7.611041545285499,:g11_10
1005,43.0,veh_005,400.4831290798465,401.6,4.42785913335625,2.037836817572824,:g11_4_0,6.716870920153482,:g11_4
1005,43.0,veh_006,401.6,487.3978658166981,13.468421444187372,-0.023364307712764543,g11_g12_0,80.1978658166981,g11_g12
1005,43.0,veh_007,398.4,325.45028130236074,13.256261098922767,-0.23201179686002504,g11_g10_0,67.34971869763929,g11_g10
1005,43.0,veh_008,505.5132639003975,-1.6,14.905348543829577,-0.1474691583635277,g10_g20_0,98.3132639003975,g10_g20
1005,43.0,veh_009,798.4,312.108410411179,14.820362700755485,-0.13192058698274245,g21_g20_0,80.69158958882097,g21_g20
1005,43.0,veh_010,483.0250784149537,798.4,14.740393003495127,-0.09962425509933404,g12_g22_0,75.82507841495374,g12_g22
1005,43.0,veh_011,801.6,432.61398954835687,13.633340028466858,0.09757111129816565,g21_g22_0,25.413989548356895,g21_g22
1005,43.0,veh_012,387.72288386054396,398.4,4.131245723765125,-0.7236340974830435,g01_g11_0,380.52288386054397,g01_g11
1005,43.0,veh_013,416.3649992959468,401.6,7.9113714668972275,-3.32329345986944,g21_g11_0,376.4350007040532,g21_g11
1005,43.0,veh_014,401.6,352.2954117945505,12.346274015398958,-0.08968153646215882,g10_g11_0,345.0954117945505,g10_g11
1005,43.0,veh_015,398.4,353.3771640819929,15.375428181746987,-0.5529811777057798,g11_g10_0,39.42283591800711,g11_g10
1005,43.0,veh_016,399.6846123397337,-1.6,15.151615392255732,-0.24024112702813127,:g10_4_0,6.884612339733678,:g10_4
1005,43.0,veh_017,798.4,467.5110478465257,12.658397476755091,-0.2789917964860802,g22_g21_0,329.2889521534743,g22_g21
1005,43.0,veh_018,326.38081006428126,798.4,13.465526517720582,0.08018118252977757,g02_g12_0,323.1808100642813,g02_g12
1005,43.0,veh_019,801.6,367.5447405139723,15.78899335989281,-0.02497130500618283,g20_g21_0,364.3447405139723,g20_g21
1005,43.0,veh_020,331.5327065226266,398.4,14.294564293525703,-0.5365745534794399,g01_g11_0,324.3327065226266,g01_g11
1005,43.0,veh_021,492.9761003153673,401.6,13.710655728919411,-0.4226051414106049,g21_g11_0,299.8238996846327,g21_g11
1005,43.0,veh_022,401.6,308.67690609806084,15.058937968596206,-0.13602744937408673,g10_g11_0,301.47690609806085,g10_g11
1005,43.0,veh_023,398.4,518.8976568442224,14.338647741993919,0.42442014422267604,g12_g11_0,273.9023431557776,g12_g11
1005,44.0,veh_000,619.1521984295838,-1.6,14.295948043403888,-0.08224895157851364,g10_g20_0,211.95219842958386,g10_g20
1005,44.0,veh_001,798.4,255.8985901208485,12.5796094150927,-0.09663311538286479,g21_g20_0,136.90140987915152,g21_g20
1005,44.0,veh_002,614.8201790934501,798.4,14.746985779320537,0.135701458831317,g12_g22_0,207.62017909345013,g12_g22
1005,44.0,veh_003,801.6,578.6023907950649,14.411750947966913,0.45821418230887545,g21_g22_0,171.402390795065,g21_g22
1005,44.0,veh_004,408.1223231265597,398.4,7.711281581274235,2.560162121034227,g11_g21_0,0.9223231265597338,g11_g21
1005,44.0,veh_005,393.67396831049757,401.6,6.8091607693489635,2.3813016359927133,:g11_4_0,13.526031689502446,:g11_4
1005,44.0,veh_006,401.6,500.6045804813701,13.206714664672003,-0.2617067795153698,g11_g12_0,93.4045804813701,g11_g12
1005,44.0,veh_007,398.4,312.0748971996897,13.375384102671013,0.11912300374824625,g11_g10_0,80.72510280031031,g11_g10
1005,44.0,veh_008,520.5410510632614,-1.6,15.027787162863941,0.12243861903436404,g10_g20_0,113.34105106326145,g10_g20
1005,44.0,veh_009,798.4,297.87432419077885,14.234086220400185,-0.5862764803553002,g21_g20_0,94.92567580922116,g21_g20
1005,44.0,veh_010,498.1334886975727,798.4,15.108410282619014,0.3680172791238867,g12_g22_0,90.93348869757276,g12_g22
1005,44.0,veh_011,801.6,446.182611569099,13.568622020742126,-0.06471800772473202,g21_g22_0,38.98261156909902,g21_g22
1005,44.0,veh_012,391.72625913648244,398.4,4.003375275938483,-0.12787044782664214,g01_g11_0,384.52625913648245,g01_g11
1005,44.0,veh_013,410.6825441222612,401.6,5.68245517368559,-2.228916293211637,g21_g11_0,382.1174558777388,g21_g11
1005,44.0,veh_014,401.6,364.2515618663701,11.956150071819575,-0.3901239435793826,g10_g11_0,357.0515618663701,g10_g11
1005,44.0,veh_015,398.4,338.68522808846035,14.691935993532558,-0.6834921882144283,g11_g10_0,54.11477191153967,g11_g10
1005,44.0,veh_016,415.0127429111541,-1.6,15.32813057142044,0.17651517916470816,g10_g20_0,7.812742911154116,g10_g20
1005,44.0,veh_017,798.4,454.27442275562953,13.23662509089616,0.5782276141410687,g22_g21_0,342.5255772443705,g22_g21
1005,44.0,veh_018,339.5925907982621,798.4,13.21178073398086,-0.25374578373972234,g02_g12_0,336.3925907982621,g02_g12
1005,44.0,veh_019,801.6,383.5319336494612,15.98719313548896,0.19819977559614976,g20_g21_0,380.33193364946123,g20_g21
1005,44.0,veh_020,345.7831019408604,398.4,14.25039541823376,-0.04416887529194291,g01_g11_0,338.5831019408604,g01_g11
1005,44.0,veh_021,479.08008474813636,401.6,13.896015567230972,0.18535983831156067,g21_g11_0,313.71991525186365,g21_g11
1005,44.0,veh_022,401.6,323.8584819166427,15.181575818581827,0.12263784998562066,g10_g11_0,316.6584819166427,g10_g11
1005,44.0,veh_023,398.4,504.4901411165804,14.407515727642021,0.0688679856481027,g12_g11_0,288.3098588834196,g12_g11
1005,45.0,veh_000,633.1563865840295,-1.6,14.004188154445702,-0.29175988895818605,g10_g20_0,225.95638658402956,g10_g20
1005,45.0,veh_001,798.4,243.50771027160718,12.390879849241308,-0.188729565851391,g21_g20_0,149.29228972839283,g21_g20
1005,45.0,veh_002,629.4044732888437,798.4,14.584294195393749,-0.1626915839267884,g12_g22_0,222.20447328884387,g12_g22
1005,45.0,veh_003,801.6,592.8841296353542,14.281738840289155,-0.13001210767775895,g21_g22_0,185.68412963535417,g21_g22
1005,45.0,veh_004,417.72370431160056,398.4,9.601381185040811,1.8900996037665765,g11_g21_0,10.523704311600545,g11_g21
1005,45.0,veh_005,384.35807898620783,401.6,9.315889324289746,2.506728554940782,g11_g01_0,8.441921013792191,g11_g01
1005,45.0,veh_006,401.6,513.6152593579037,13.010678876533605,-0.1960357881383974,g11_g12_0,106.41525935790371,g11_g12
1005,45.0,veh_007,398.4,299.15811001616504,12.916787183524647,-0.45859691914636613,g11_g10_0,93.64188998383496,g11_g10
1005,45.0,veh_008,535.1633447209846,-1.6,14.622293657723175,-0.40549350514076643,g10_g20_0,127.96334472098462,g10_g20
1005,45.0,veh_009,798.4,282.92356483614856,14.950759354630263,0.7166731342300778,g21_g20_0,109.87643516385143,g21_g20
1005,45.0,veh_010,512.8068499627242,798.4,14.673361265151478,-0.4350490174675361,g12_g22_0,105.60684996272423,g12_g22
1005,45.0,veh_011,801.6,459.8582986116233,13.675687042524308,0.1070650217821818,g21_g22_0,52.65829861162333,g21_g22
1005,45.0,veh_012,392.5359819758881,398.4,0.8097228394056775,-3.1936524365328056,g01_g11_0,385.3359819758881,g01_g11
1005,45.0,veh_013,407.6438071629954,401.6,3.038736959265781,-2.6437182144198093,g21_g11_0,385.1561928370046,g21_g11
1005,45.0,veh_014,401.6,376.2160664154527,11.96450454908263,0.008354477263054605,g10_g11_0,369.0160664154527,g10_g11
1005,45.0,veh_015,398.4,324.5261854284593,14.159042660001033,-0.5328933335315256,g11_g10_0,68.2738145715407,g11_g10
1005,45.0,veh_016,430.43148091786804,-1.6,15.418738006713935,0.0906074352934958,g10_g20_0,23.23148091786805,g10_g20
1005,45.0,veh_017,798.4,441.0252564159676,13.249166339661935,0.012541248765774782,g22_g21_0,355.7747435840324,g22_g21
1005,45.0,veh_018,353.2246512641937,798.4,13.63206046593158,0.4202797319507212,g02_g12_0,350.0246512641937,g02_g12
1005,45.0,veh_019,801.6,399.3149330755972,15.782999426135975,-0.2041937093529853,:g21_2_0,6.514933075597185,:g21_2
1005,45.0,veh_020,360.0911541858948,398.4,14.308052245034427,0.05765682680066675,g01_g11_0,352.89115418589483,g01_g11
1005,45.0,veh_021,465.06381792172095,401.6,14.016266826415414,0.12025125918444246,g21_g11_0,327.73618207827906,g21_g11
1005,45.0,veh_022,401.6,338.3438454044287,14.485363487786003,-0.6962123307958237,g10_g11_0,331.1438454044287,g10_g11
1005,45.0,veh_023,398.4,490.0315836366894,14.458557479891024,0.051041752249002315,g12_g11_0,302.7684163633106,g12_g11
1005,46.0,veh_000,647.0554093520564,-1.6,13.89902276802689,-0.10516538641881112,g10_g20_0,239.85540935205645,g10_g20
1005,46.0,veh_001,798.4,230.88675034081547,12.620959930791713,0.2300800815504047,g21_g20_0,161.91324965918454,g21_g20
1005,46.0,veh_002,644.460252703761,798.4,15.055779414917058,0.47148521952330924,g12_g22_0,237.26025270376093,g12_g22
1005,46.0,veh_003,801.6,606.7356035489647,13.851473913610654,-0.43026492667850036,g21_g22_0,199.53560354896481,g21_g22
1005,46.0,veh_004,429.7737573074732,398.4,12.050052995872685,2.4486718108318737,g11_g21_0,22.57375730747323,g11_g21
1005,46.0,veh_005,372.4641020591295,401.6,11.893976927078327,2.5780876027885817,g11_g01_0,20.335897940870517,g11_g01
1005,46.0,veh_006,401.6,526.8463490267527,13.231089668848984,0.22041079231537886,g11_g12_0,119.64634902675269,g11_g12
1005,46.0,veh_007,398.4,285.8684567983282,13.28965321783682,0.3728660343121728,g11_g10_0,106.93154320167177,g11_g10
1005,46.0,veh_008,550.1275635645613,-1.6,14.964218843576791,0.34192518585361675,g10_g20_0,142.9275635645614,g10_g20
1005,46.0,veh_009,798.4,268.37149168540975,14.55207315073885,-0.39868620389141185,g21_g20_0,124.42850831459027,g21_g20
1005,46.0,veh_010,527.6607114615613,798.4,14.853861498837077,0.1805002336855992,g12_g22_0,120.4607114615613,g12_g22
1005,46.0,veh_011,801.6,473.61893706878584,13.760638457162507,0.08495141463819955,g21_g22_0,66.41893706878584,g21_g22
1005,46.0,veh_012,392.6567408546607,398.4,0.12075887877263558,-0.6889639606330419,g01_g11_0,385.4567408546607,g01_g11
1005,46.0,veh_013,407.32297736690464,401.6,0.32082979609078843,-2.717907163174993,g21_g11_0,385.4770226330954,g21_g11
1005,46.0,veh_014,401.6,388.2384658978196,12.022399482366891,0.05789493328426154,g10_g11_0,381.0384658978196,g10_g11
1005,46.0,veh_015,398.4,310.8787728066945,13.647412621764826,-0.5116300382362073,g11_g10_0,81.92122719330553,g11_g10
1005,46.0,veh_016,445.6680578681081,-1.6,15.236576950240085,-0.18216105647385028,g10_g20_0,38.46805786810813,g10_g20
1005,46.0,veh_017,798.4,428.36667051883484,12.658585897132763,-0.5905804425291716,g22_g21_0,368.4333294811652,g22_g21
1005,46.0,veh_018,366.2389747439203,798.4,13.014323479726599,-0.6177369862049815,g02_g12_0,363.03897474392033,g02_g12
1005,46.0,veh_019,801.6,414.9279982584667,15.613065182869503,-0.16993424326647144,g21_g22_0,7.727998258466689,g21_g22
1005,46.0,veh_020,372.4904495957581,398.4,12.399295409863274,-1.9087568351711521,g01_g11_0,365.2904495957581,g01_g11
1005,46.0,veh_021,450.8211225675201,401.6,14.24269535420088,0.2264285277854654,g21_g11_0,341.9788774324799,g21_g11
1005,46.0,veh_022,401.6,353.4330726036137,15.089227199185029,0.6038637113990255,g10_g11_0,346.2330726036137,g10_g11
1005,46.0,veh_023,398.4,475.89999394349326,14.131589693196148,-0.32696778669487614,g12_g11_0,316.90000605650675,g12_g11
1005,47.0,veh_000,660.9054766383697,-1.6,13.850067286313253,-0.04895548171363728,g10_g20_0,253.7054766383697,g10_g20
1005,47.0,veh_001,798.4,217.76264468513486,13.124105655680605,0.503145724888892,g21_g20_0,175.03735531486515,g21_g20
1005,47.0,veh_002,659.4261022499361,798.4,14.965849546175166,-0.08992986874189235,g12_g22_0,252.2261022499361,g12_g22
1005,47.0,veh_003,801.6,621.0718810546864,14.336277505721638,0.48480359211098367,g21_g22_0,213.87188105468644,g21_g22
1005,47.0,veh_004,442.21664440158645,398.4,12.442887094113239,0.39283409824055404,g11_g21_0,35.01664440158647,g11_g21
1005,47.0,veh_005,358.6883115259015,401.6,13.775790533227982,1.8818136061496542,g11_g01_0,34.1116884740985,g11_g01
1005,47.0,veh_006,401.6,539.7533100451701,12.906961018417462,-0.32412865043152195,g11_g12_0,132.55331004517015,g11_g12
1005,47.0,veh_007,398.4,272.355928216213,13.512528582115264,0.222875364278444,g11_g10_0,120.44407178378704,g11_g10
1005,47.0,veh_008,564.6360006482903,-1.6,14.508437083728904,-0.4557817598478877,g10_g20_0,157.4360006482903,g10_g20
1005,47.0,veh_009,798.4,253.71478474872367,14.656706936686078,0.10463378594722705,g21_g20_0,139.08521525127634,g21_g20
1005,47.0,veh_010,542.7612324768064,798.4,15.100521015245183,0.24665951640810668,g12_g22_0,135.56123247680648,g12_g22
1005,47.0,veh_011,801.6,487.48822540266207,13.86928833387626,0.10864987671375204,g21_g22_0,80.28822540266209,g21_g22
1005,47.0,veh_012,392.6936513875769,398.4,0.03691053291618776,-0.08384834585644782,g01_g11_0,385.4936513875769,g01_g11
1005,47.0,veh_013,407.3063788389059,401.6,0.016598527998705072,-0.30423126809208334,g21_g11_0,385.4936211610941,g21_g11
1005,47.0,veh_014,401.6,400.2406475129164,12.002181615096779,-0.020217867270112322,:g11_7_0,7.440647512916371,:g11_7
1005,47.0,veh_015,398.4,297.14681214373,13.731960662964434,0.0845480411996089,g11_g10_0,95.65318785626997,g11_g10
1005,47.0,veh_016,460.42222704144854,-1.6,14.754169173340449,-0.48240777689963643,g10_g20_0,53.22222704144858,g10_g20
1005,47.0,veh_017,798.4,415.2139076232144,13.152762895620436,0.4941769984876725,g22_g21_0,381.5860923767856,g22_g21
1005,47.0,veh_018,379.4049620211307,798.4,13.165987277210379,0.15166379748377956,g02_g12_0,376.2049620211307,g02_g12
1005,47.0,veh_019,801.6,430.60699158750475,15.678993329038093,0.06592814616858966,g21_g22_0,23.406991587504784,g21_g22
1005,47.0,veh_020,380.57110370007996,398.4,8.080654104321894,-4.31864130554138,g01_g11_0,373.37110370007997,g01_g11
1005,47.0,veh_021,436.45688590022326,401.6,14.36423666729683,0.12154131309594973,g21_g11_0,356.34311409977676,g21_g11
1005,47.0,veh_022,401.6,368.26716143005245,14.834088826438732,-0.2551383727462966,g10_g11_0,361.06716143005247,g10_g11
1005,47.0,veh_023,398.4,462.090138769749,13.80985517374429,-0.3217345194518568,g12_g11_0,330.709861230251,g12_g11
1005,48.0,veh_000,675.2835739600343,-1.6,14.378097321664656,0.5280300353514029,g10_g20_0,268.08357396003436,g10_g20
1005,48.0,veh_001,798.4,204.9182856217971,12.84435906333775,-0.27974659234285504,g21_g20_0,187.8817143782029,g21_g20
1005,48.0,veh_002,674.214100298422,798.4,14.787998048485905,-0.1778514976892609,g12_g22_0,267.014100298422,g12_g22
1005,48.0,veh_003,801.6,635.2602042913798,14.18832323669337,-0.14795426902826847,g21_g22_0,228.06020429137982,g21_g22
1005,48.0,veh_004,455.33970583652894,398.4,13.12306143494249,0.680174340829252,g11_g21_0,48.13970583652896,g11_g21
1005,48.0,veh_005,344.6635421929849,401.6,14.02476933291661,0.24897879968862924,g11_g01_0,48.13645780701511,g11_g01
1005,48.0,veh_006,401.6,553.0165088778929,13.263198832722813,0.3562378143053504,g11_g12_0,145.81650887789297,g11_g12
1005,48.0,veh_007,398.4,259.4426604567161,12.913267759496884,-0.5992608226183798,g11_g10_0,133.35733954328393,g11_g10
1005,48.0,veh_008,579.3083145105445,-1.6,14.672313862254203,0.16387677852529947,g10_g20_0,172.10831451054452,g10_g20
1005,48.0,veh_009,798.4,239.21833409501815,14.496450653705523,-0.16025628298055494,g21_g20_0,153.58166590498186,g21_g20
1005,48.0,veh_010,557.4446807800363,798.4,14.683448303229824,-0.41707271201535967,g12_g22_0,150.2446807800363,g12_g22
1005,48.0,veh_011,801.6,500.93118958764774,13.442964184985698,-0.42632414889056136,g21_g22_0,93.73118958764779,g21_g22
1005,48.0,veh_012,392.69740905766986,398.4,0.0037576700929567025,-0.03315286282323106,g01_g11_0,385.49740905766987,g01_g11
1005,48.0,veh_013,407.3014330231763,401.6,0.004945815729604983,-0.011652712269100089,g21_g11_0,385.4985669768237,g21_g11
1005,48.0,veh_014,401.6,412.11465485670897,11.874007343792618,-0.12817427130416092,g11_g12_0,4.9146548567089905,g11_g12
1005,48.0,veh_015,398.4,282.92126464323565,14.225547500494448,0.49358683753001387,g11_g10_0,109.87873535676441,g11_g10
1005,48.0,veh_016,475.10445720973354,-1.6,14.682230168284985,-0.07193900505546402,g10_g20_0,67.90445720973356,g10_g20
1005,48.0,veh_017,798.4,401.81414734148865,13.399760281725795,0.2469973861053596,:g21_1_0,5.3858526585113395,:g21_1
1005,48.0,veh_018,392.29683033788785,798.4,12.891868316757181,-0.2741189604531975,g02_g12_0,389.09683033788787,g02_g12
1005,48.0,veh_019,801.6,446.33722295224686,15.730231364742103,0.05123803570401009,g21_g22_0,39.13722295224689,g21_g22
1005,48.0,veh_020,384.4946248082956,398.4,3.923521108215646,-4.157132996106249,g01_g11_0,377.2946248082956,g01_g11
1005,48.0,veh_021,425.25004624275556,401.6,11.206839657467714,-3.157397009829115,g21_g11_0,367.54995375724445,g21_g11
1005,48.0,veh_022,401.6,382.7269218396212,14.459760409568757,-0.3743284168699752,g10_g11_0,375.5269218396212,g10_g11
1005,48.0,veh_023,398.4,448.21460042073517,13.875538349013805,0.0656831752695144,g12_g11_0,344.58539957926484,g12_g11
1005,49.0,veh_000,689.7128221839292,-1.6,14.429248223894948,0.05115090223029206,g10_g20_0,282.5128221839293,g10_g20
1005,49.0,veh_001,798.4,191.79897530460934,13.119310317187765,0.2749512538500145,g21_g20_0,201.00102469539067,g21_g20
1005,49.0,veh_002,689.023186303993,798.4,14.809086005571015,0.021087957085109466,g12_g22_0,281.82318630399305,g12_g22
1005,49.0,veh_003,801.6,649.2390140950376,13.978809803657906,-0.20951343303546288,g21_g22_0,242.03901409503771,g21_g22
1005,49.0,veh_004,468.0913482406151,398.4,12.75164240408615,-0.371419030856341,g11_g21_0,60.89134824061511,g11_g21
1005,49.0,veh_005,330.67678397583904,401.6,13.986758217145823,-0.03801111577078764,g11_g01_0,62.12321602416094,g11_g01
1005,49.0,veh_006,401.6,565.9320748924123,12.915566014519394,-0.34763281820341874,g11_g12_0,158.73207489241236,g11_g12
1005,49.0,veh_007,398.4,246.16918731287535,13.273473143840747,0.3602053843438622,g11_g10_0,146.63081268712466,g11_g10
1005,49.0,veh_008,593.765520305303,-1.6,14.457205794758455,-0.2151080674957484,g10_g20_0,186.56552030530298,g10_g20
1005,49.0,veh_009,798.4,224.39113813942802,14.827195955590122,0.3307453018845994,g21_g20_0,168.408861860572,g21_g20
1005,49.0,veh_010,572.381996241015,798.4,14.937315460978724,0.2538671577488998,g12_g22_0,165.18199624101504,g12_g22
1005,49.0,veh_011,801.6,514.3810384566467,13.449848868998899,0.006884684013201081,g21_g22_0,107.18103845664669,g21_g22
1005,49.0,veh_012,392.6988486388352,398.4,0.001439581165356911,-0.0023180889275997915,g01_g11_0,385.4988486388352,g01_g11
1005,49.0,veh_013,407.3010346284427,401.6,0.0003983947335717938,-0.00454742099603319,g21_g11_0,385.4989653715573,g21_g11
1005,49.0,veh_014,401.6,424.5325006692544,12.41784581254542,0.5438384687528011,g11_g12_0,17.332500669254408,g11_g12
1005,49.0,veh_015,398.4,269.3473347453003,13.573929897935283,-0.6516176025591651,g11_g10_0,123.4526652546997,g11_g10
1005,49.0,veh_016,490.1476471327118,-1.6,15.043189922978305,0.36095975469332053,g10_g20_0,82.94764713271186,g10_g20
1005,49.0,veh_017,798.4,389.12295508817004,12.691192253318624,-0.7085680284071714,g21_g20_0,3.677044911829965,g21_g20
1005,49.0,veh_018,405.7711559522384,798.4,13.474325614350537,0.582457297593356,:g12_5_0,12.971155952238405,:g12_5
1005,49.0,veh_019,801.6,461.80947269492356,15.472249742676684,-0.25798162206541875,g21_g22_0,54.60947269492357,g21_g22
1005,49.0,veh_020,385.09562810858176,398.4,0.6010033002861781,-3.3225178079294677,g01_g11_0,377.8956281085818,g01_g11
1005,49.0,veh_021,418.4822549850605,401.6,6.76779125769509,-4.439048399772624,g21_g11_0,374.31774501493953,g21_g11
1005,49.0,veh_022,401.6,396.85700623768304,14.130084398061834,-0.3296760115069226,:g11_7_0,4.0570062376830265,:g11_7
1005,49.0,veh_023,398.4,433.6489809461025,14.565619474632696,0.6900811256188906,g12_g11_0,359.1510190538975,g12_g11
1005,50.0,veh_000,703.7900062660068,-1.6,14.077184082077558,-0.3520641418173902,g10_g20_0,296.59000626600687,g10_g20
1005,50.0,veh_001,798.4,179.15196060460337,12.647014700005956,-0.4722956171818087,g21_g20_0,213.64803939539664,g21_g20
1005,50.0,veh_002,703.4669183036042,798.4,14.443731999611199,-0.3653540059598157,g12_g22_0,296.26691830360426,g12_g22
1005,50.0,veh_003,801.6,663.5507101973856,14.311696102347897,0.3328862986899903,g21_g22_0,256.35071019738564,g21_g22
1005,50.0,veh_004,481.24590622458277,398.4,13.154557983967669,0.40291557988151894,g11_g21_0,74.04590622458278,g11_g21
1005,50.0,veh_005,316.85160807737736,401.6,13.825175898461739,-0.16158231868408457,g11_g01_0,75.94839192262268,g11_g01
1005,50.0,veh_006,401.6,579.0996437211809,13.167568828768529,0.25200281424913484,g11_g12_0,171.8996437211809,g11_g12
1005,50.0,veh_007,398.4,233.2185221270303,12.950665185845063,-0.32280795799568374,g11_g10_0,159.5814778729697,g11_g10
1005,50.0,veh_008,608.7383036240817,-1.6,14.972783318778792,0.5155775240203369,g10_g20_0,201.53830362408178,g10_g20
1005,50.0,veh_009,798.4,209.97314245935496,14.417995680073053,-0.40920027551706895,g21_g20_0,182.82685754064505,g21_g20
1005,50.0,veh_010,587.27332612295,798.4,14.891329881935096,-0.04598557904362721,g12_g22_0,180.07332612295014,g12_g22
1005,50.0,veh_011,801.6,527.7595192549724,13.378480798325702,-0.07136807067319673,g21_g22_0,120.55951925497239,g21_g22
1005,50.0,veh_012,392.6989925129138,398.4,0.00014387407857637083,-0.0012957070867805401,g01_g11_0,385.4989925129138,g01_g11
1005,50.0,veh_013,407.3010346284427,401.6,0.0,-0.0003983947335717938,g21_g11_0,385.4989653715573,g21_g11
1005,50.0,veh_014,401.6,436.6165756344001,12.084074965145701,-0.33377084739971785,g11_g12_0,29.41657563440011,g11_g12
1005,50.0,veh_015,398.4,255.83972200214288,13.50761274315744,-0.06631715477784361,g11_g10_0,136.96027799785713,g11_g10
1005,50.0,veh_016,505.248112875287,-1.6,15.10046574257514,0.057275819596835476,g10_g20_0,98.048112875287,g10_g20
1005,50.0,veh_017,798.4,376.05461121454255,13.068343873627493,0.37715162030886873,g21_g20_0,16.745388785457457,g21_g20
1005,50.0,veh_018,418.66979705384705,798.4,12.898641101608673,-0.5756845127418639,g12_g22_0,11.46979705384708,g12_g22
1005,50.0,veh_019,801.6,477.3404456999624,15.530973005038867,0.05872326236218228,g21_g22_0,70.14044569996244,g21_g22
1005,50.0,veh_020,385.16814398057323,398.4,0.07251587199145326,-0.5284874282947248,g01_g11_0,377.96814398057325,g01_g11
1005,50.0,veh_021,415.5761896077173,401.6,2.906065377343149,-3.861725880351941,g21_g11_0,377.2238103922827,g21_g11
1005,50.0,veh_022,401.6,411.28461643422867,14.427610196545677,0.29752579848384286,g11_g12_0,4.084616434228705,g11_g12
1005,50.0,veh_023,398.4,419.2272087765879,14.421772169514588,-0.14384730511810773,g12_g11_0,373.57279122341214,g12_g11
1005,51.0,veh_000,717.8843838373966,-1.6,14.094377571389751,0.017193489312193222,g10_g20_0,310.68438383739664,g10_g20
1005,51.0,veh_001,798.4,166.2955112214701,12.856449383133285,0.20943468312732882,g21_g20_0,226.50448877852992,g21_g20
1005,51.0,veh_002,718.045491807587,798.4,14.578573503982923,0.1348415043717246,g12_g22_0,310.84549180758717,g12_g22
1005,51.0,veh_003,801.6,677.7501215172512,14.199411319865586,-0.11228478248231077,g21_g22_0,270.5501215172512,g21_g22
1005,51.0,veh_004,494.3838498978928,398.4,13.137943673310064,-0.016614310657605103,g11_g21_0,87.18384989789284,g11_g21
1005,51.0,veh_005,302.6027513372164,401.6,14.24885674016098,0.42368084169924103,g11_g01_0,90.19724866278365,g11_g01
1005,51.0,veh_006,401.6,592.1050606267977,13.005416905616842,-0.16215192315168636,g11_g12_0,184.90506062679773,g11_g12
1005,51.0,veh_007,398.4,220.33304805220504,12.88547407482525,-0.06519111101981245,g11_g10_0,172.46695194779497,g11_g10
1005,51.0,veh_008,623.3543462477388,-1.6,14.616042623657094,-0.35674069512169737,g10_g20_0,216.15434624773889,g10_g20
1005,51.0,veh_009,798.4,195.61951204289576,14.35363041645918,-0.06436526361387251,g21_g20_0,197.18048795710422,g21_g20
1005,51.0,veh_010,601.854425943585,798.4,14.581099820634998,-0.3102300613000981,g12_g22_0,194.65442594358512,g12_g22
1005,51.0,veh_011,801.6,541.6563354409582,13.896816185985893,0.5183353876601906,g21_g22_0,134.45633544095827,g21_g22
1005,51.0,veh_012,392.6989925129138,398.4,0.0,-0.00014387407857637083,g01_g11_0,385.4989925129138,g01_g11
1005,51.0,veh_013,407.3010346284427,401.6,0.0,0.0,g21_g11_0,385.4989653715573,g21_g11
1005,51.0,veh_014,401.6,448.43463536651154,11.818059732111433,-0.26601523303426866,g11_g12_0,41.23463536651154,g11_g12
1005,51.0,veh_015,398.4,242.7741154115792,13.06560659056369,-0.4420061525937502,g11_g10_0,150.0258845884208,g11_g10
1005,51.0,veh_016,520.155710161613,-1.6,14.907597286326014,-0.1928684562491263,g10_g20_0,112.95571016161301,g10_g20
1005,51.0,veh_017,798.4,363.42417819599694,12.630433018545629,-0.43791085508186356,g21_g20_0,29.37582180400309,g21_g20
1005,51.0,veh_018,432.307119861902,798.4,13.637322808054895,0.7386817064462221,g12_g22_0,25.107119861901975,g12_g22
1005,51.0,veh_019,801.6,493.15776223525944,15.817316535297032,0.28634353025816495,g21_g22_0,85.95776223525948,g21_g22
1005,51.0,veh_020,385.1922723971222,398.4,0.024128416548990023,-0.04838745544246324,g01_g11_0,377.99227239712224,g01_g11
1005,51.0,veh_021,414.8298533302665,401.6,0.746336277450849,-2.1597290998923,g21_g11_0,377.97014666973354,g21_g11
1005,51.0,veh_022,401.6,425.1366692201268,13.852052785898136,-0.5755574106475407,g11_g12_0,17.93666922012684,g11_g12
1005,51.0,veh_023,398.4,405.35924195122,13.867966825367912,-0.5538053441466761,:g11_1_0,1.8407580487800033,:g11_1
1005,52.0,veh_000,732.3125077803443,-1.6,14.428123942947687,0.3337463715579361,g10_g20_0,325.11250778034434,g10_g20
1005,52.0,veh_001,798.4,153.2339540593648,13.061557162105299,0.20510777897201393,g21_g20_0,239.5660459406352,g21_g20
1005,52.0,veh_002,733.0481261423793,798.4,15.0026343347921,0.4240608308091769,g12_g22_0,325.8481261423793,g12_g22
1005,52.0,veh_003,801.6,691.9828048278519,14.23268331060067,0.033271990735084245,g21_g22_0,284.7828048278519,g21_g22
1005,52.0,veh_004,507.01481841142277,398.4,12.630968513529941,-0.5069751597801222,g11_g21_0,99.81481841142278,g11_g21
1005,52.0,veh_005,288.7840616043853,401.6,13.818689732831107,-0.4301670073298727,g11_g01_0,104.01593839561475,g11_g01
1005,52.0,veh_006,401.6,605.3277535854661,13.222692958668306,0.2172760530514637,g11_g12_0,198.12775358546605,g11_g12
1005,52.0,veh_007,398.4,207.11616613082282,13.216881921382226,0.3314078465569761,g11_g10_0,185.6838338691772,g11_g10
1005,52.0,veh_008,637.8062376101427,-1.6,14.451891362403812,-0.1641512612532825,g10_g20_0,230.6062376101427,g10_g20
1005,52.0,veh_009,798.4,180.8066975685797,14.812814474316092,0.45918405785691085,g21_g20_0,211.99330243142032,g21_g20
1005,52.0,veh_010,616.7922923847779,798.4,14.937866441192753,0.3567666205577549,g12_g22_0,209.59229238477786,g12_g22
1005,52.0,veh_011,801.6,555.6250313375645,13.968695896606162,0.07187971062026932,g21_g22_0,148.42503133756443,g21_g22
1005,52.0,veh_012,394.1636257372716,398.4,1.464633224357854,1.464633224357854,:g11_10_0,1.3636257372716045,:g11_10
1005,52.0,veh_013,405.05670230380844,401.6,2.244332324634306,2.244332324634306,:g11_4_0,2.143297696191553,:g11_4
1005,52.0,veh_014,401.6,460.50642353281495,12.071788166303449,0.2537284341920163,g11_g12_0,53.30642353281499,g11_g12
1005,52.0,veh_015,398.4,229.90443531777007,12.86968009380913,-0.1959264967545593,g11_g10_0,162.89556468222995,g11_g10
1005,52.0,veh_016,535.207416396288,-1.6,15.051706234675036,0.14410894834902166,g10_g20_0,128.00741639628805,g10_g20
1005,52.0,veh_017,798.4,350.1131535635914,13.311024632405498,0.6805916138598693,g21_g20_0,42.68684643640859,g21_g20
1005,52.0,veh_018,445.2095874603492,798.4,12.902467598447265,-0.7348552096076304,g12_g22_0,38.00958746034924,g12_g22
1005,52.0,veh_019,801.6,509.0631625203332,15.905400285073737,0.08808374977670574,g21_g22_0,101.86316252033322,g21_g22
1005,52.0,veh_020,385.19676667140243,398.4,0.004494274280211496,-0.019634142268778527,g01_g11_0,377.99676667140244,g01_g11
1005,52.0,veh_021,414.8050950032203,401.6,0.024758327046177957,-0.721577950404671,g21_g11_0,377.9949049967797,g21_g11
1005,52.0,veh_022,401.6,437.98953317930545,12.852863959178613,-0.9991888267195232,g11_g12_0,30.789533179305455,g11_g12
1005,52.0,veh_023,398.4,391.5703915396177,13.788850411602326,-0.0791164137655862,g11_g10_0,1.2296084603823285,g11_g10
1005,53.0,veh_000,746.5451924717098,-1.6,14.232684691365549,-0.1954392515821386,g10_g20_0,339.3451924717099,g10_g20
1005,53.0,veh_001,798.4,140.73794809023883,12.49600596912597,-0.5655511929793278,g21_g20_0,252.06205190976118,g21_g20
1005,53.0,veh_002,747.9640668060351,798.4,14.915940663655936,-0.08669367113616389,g12_g22_0,340.7640668060352,g12_g22
1005,53.0,veh_003,801.6,705.9035068123577,13.920701984505842,-0.31198132609482876,g21_g22_0,298.7035068123578,g21_g22
1005,53.0,veh_004,519.8982458567099,398.4,12.88342744528708,0.25245893175713796,g11_g21_0,112.69824585670986,g11_g21
1005,53.0,veh_005,274.5894084772429,401.6,14.194653127142363,0.37596339431125614,g11_g01_0,118.21059152275711,g11_g01
1005,53.0,veh_006,401.6,618.4103003423179,13.082546756851919,-0.14014620181638726,g11_g12_0,211.21030034231796,g11_g12
1005,53.0,veh_007,398.4,193.9499923038428,13.16617382698001,-0.05070809440221602,g11_g10_0,198.8500076961572,g11_g10
1005,53.0,veh_008,652.6965552415693,-1.6,14.89031763142656,0.4384262690227487,g10_g20_0,245.49655524156927,g10_g20
1005,53.0,veh_009,798.4,166.49361009203585,14.313087476543842,-0.4997269977722496,g21_g20_0,226.30638990796416,g21_g20
1005,53.0,veh_010,631.9380067714372,798.4,15.14571438665939,0.20784794546663754,g12_g22_0,224.73800677143726,g12_g22
1005,53.0,veh_011,801.6,569.3821705940103,13.757139256445893,-0.21155664016026954,g21_g22_0,162.18217059401033,g21_g22
1005,53.0,veh_012,397.6478890500072,398.4,3.4842633127355978,2.0196300883777436,:g11_10_0,4.847889050007202,:g11_10
1005,53.0,veh_013,400.26929097052783,401.6,4.787411333280616,2.54307900864631,:g11_4_0,6.930709029472169,:g11_4
1005,53.0,veh_014,401.6,472.7868704043697,12.28044687155474,0.20865870525129182,g11_g12_0,65.58687040436973,g11_g12
1005,53.0,veh_015,398.4,216.75540270283886,13.149032614931205,0.27935252112207465,g11_g10_0,176.04459729716115,g11_g10
1005,53.0,veh_016,550.105161799346,-1.6,14.897745403058032,-0.15396083161700425,g10_g20_0,142.90516179934608,g10_g20
1005,53.0,veh_017,798.4,337.4709962220162,12.642157341575258,-0.6688672908302404,g21_g20_0,55.32900377798384,g21_g20
1005,53.0,veh_018,458.2158212845452,798.4,13.00623382419596,0.10376622574869465,g12_g22_0,51.0158212845452,g12_g22
1005,53.0,veh_019,801.6,524.5861250369029,15.522962516569713,-0.38243776850402433,g21_g22_0,117.38612503690294,g21_g22
1005,53.0,veh_020,386.3565629305992,398.4,1.1597962591967363,1.155301984916525,g01_g11_0,379.1565629305992,g01_g11
1005,53.0,veh_021,412.66333003386956,401.6,2.1417649693507403,2.1170066423045624,g21_g11_0,380.13666996613046,g21_g11
1005,53.0,veh_022,401.6,450.4265406982463,12.437007518940883,-0.4158564402377305,g11_g12_0,43.22654069824634,g11_g12
1005,53.0,veh_023,398.4,377.2774354909512,14.292956048666529,0.5041056370642032,g11_g10_0,15.522564509048857,g11_g10
1005,54.0,veh_000,760.5426429642723,-1.6,13.997450492562468,-0.23523419880308083,g10_g20_0,353.34264296427233,g10_g20
1005,54.0,veh_001,798.4,127.95792812717252,12.780019963066287,0.28401399394031657,g21_g20_0,264.8420718728275,g21_g20
1005,54.0,veh_002,763.1245389590038,798.4,15.160472152968586,0.24453148931264934,g12_g22_0,355.92453895900377,g12_g22
1005,54.0,veh_003,801.6,720.0071494439394,14.103642631581726,0.18294064707588475,g21_g22_0,312.8071494439395,g21_g22
1005,54.0,veh_004,532.6991898114404,398.4,12.8009439547306,-0.08248349055647886,g11_g21_0,125.49918981144046,g11_g21
1005,54.0,veh_005,260.3238122936764,401.6,14.265596183566512,0.07094305642414866,g11_g01_0,132.47618770632363,g11_g01
1005,54.0,veh_006,401.6,631.5920390829683,13.181738740650438,0.09919198379851935,g11_g12_0,224.3920390829684,g11_g12
1005,54.0,veh_007,398.4,181.02442902886924,12.92556327497361,-0.2406105520063999,g11_g10_0,211.7755709711308,g11_g10
1005,54.0,veh_008,667.3156066703066,-1.6,14.61905142873741,-0.2712662026891497,g10_g20_0,260.1156066703067,g10_g20
1005,54.0,veh_009,798.4,152.9167490359601,13.576861056075767,-0.7362264204680748,g21_g20_0,239.88325096403992,g21_g20
1005,54.0,veh_010,646.5852329649003,798.4,14.647226193463146,-0.4984881931962448,g12_g22_0,239.3852329649004,g12_g22
1005,54.0,veh_011,801.6,582.8458722531702,13.463701659159936,-0.29343759728595664,g21_g22_0,175.64587225317027,g21_g22
1005,54.0,veh_012,403.65114485917366,398.4,6.003255809166471,2.518992496430873,:g11_10_0,10.851144859173672,:g11_10
1005,54.0,veh_013,393.18035157138604,401.6,7.088939399141818,2.301528065861202,:g11_4_0,14.019648428613987,:g11_4
1005,54.0,veh_014,401.6,484.9058527777277,12.118982373358012,-0.1614644981967288,g11_g12_0,77.70585277772774,g11_g12
1005,54.0,veh_015,398.4,203.6469897007605,13.108413002078365,-0.04061961285283999,g11_g10_0,189.1530102992395,g11_g10
1005,54.0,veh_016,565.5380513310498,-1.6,15.432889531703802,0.5351441286457703,g10_g20_0,158.33805133104988,g10_g20
1005,54.0,veh_017,798.4,324.2311637951869,13.239832426829272,0.5976750852540142,g21_g20_0,68.56883620481311,g21_g20
1005,54.0,veh_018,471.7176260223363,798.4,13.501804737791108,0.4955709135951487,g12_g22_0,64.5176260223363,g12_g22
1005,54.0,veh_019,801.6,539.9482281840652,15.362103147162305,-0.16085936940740808,g21_g22_0,132.74822818406525,g21_g22
1005,54.0,veh_020,390.01176487033314,398.4,3.6552019397339603,2.495405680537224,g01_g11_0,382.81176487033315,g01_g11
1005,54.0,veh_021,408.31039490178796,401.6,4.3529351320815906,2.21117016273085,g21_g11_0,384.48960509821205,g21_g11
1005,54.0,veh_022,401.6,462.9585729101867,12.532032211940388,0.09502469299950533,g11_g12_0,55.75857291018673,g11_g12
1005,54.0,veh_023,398.4,362.81769931148665,14.459736179464526,0.16678013079799747,g11_g10_0,29.982300688513384,g11_g10
1005,55.0,veh_000,775.1384179556018,-1.6,14.5957749913295,0.5983244987670329,g10_g20_0,367.93841795560184,g10_g20
1005,55.0,veh_001,798.4,115.44591023753111,12.512017889641418,-0.2680020734248689,g21_g20_0,277.3540897624689,g21_g20
1005,55.0,veh_002,777.6941306041548,798.4,14.569591645151093,-0.5908805078174932,g12_g22_0,370.49413060415486,g12_g22
1005,55.0,veh_003,801.6,734.0080744901205,14.000925046181047,-0.10271758540067921,g21_g22_0,326.8080744901206,g21_g22
1005,55.0,veh_004,545.3023369568982,398.4,12.60314714545776,-0.19779680927284105,g11_g21_0,138.10233695689823,g11_g21
1005,55.0,veh_005,246.26527393988852,401.6,14.05853835378787,-0.20705782977864118,g11_g01_0,146.5347260601115,g11_g01
1005,55.0,veh_006,401.6,644.6237522590795,13.031713176111191,-0.15002556453924676,g11_g12_0,237.4237522590796,g11_g12
1005,55.0,veh_007,398.4,167.8639317903658,13.160497238503375,0.23493396352976426,g11_g10_0,224.9360682096342,g11_g10
1005,55.0,veh_008,682.0650073982952,-1.6,14.749400727988514,0.13034929925110283,g10_g20_0,274.86500739829523,g10_g20
1005,55.0,veh_009,798.4,139.36414569255962,13.55260334340048,-0.02425771267528809,g21_g20_0,253.4358543074404,g21_g20
1005,55.0,veh_010,661.2929415369749,798.4,14.707708572074488,0.06048237861134176,g12_g22_0,254.0929415369749,g12_g22
1005,55.0,veh_011,801.6,596.7034116087465,13.85753935557624,0.39383769641630373,g21_g22_0,189.50341160874652,g21_g22
1005,55.0,veh_012,411.8592287863841,398.4,8.208083927210422,2.2048281180439515,g11_g21_0,4.659228786384096,g11_g21
1005,55.0,veh_013,383.8422311296512,401.6,9.338120441734791,2.249181042592973,g11_g01_0,8.957768870348778,g11_g01
1005,55.0,veh_014,401.6,497.3339009299373,12.428048152209522,0.3090657788515099,g11_g12_0,90.13390092993727,g11_g12
1005,55.0,veh_015,398.4,190.61092205233336,13.036067648427187,-0.072345353651178,g11_g10_0,202.18907794766668,g11_g10
1005,55.0,veh_016,580.744058700585,-1.6,15.206007369535179,-0.22688216216862322,g10_g20_0,173.54405870058505,g10_g20
1005,55.0,veh_017,798.4,311.3347868252534,12.896376969933518,-0.34345545689575374,g21_g20_0,81.46521317474662,g21_g20
1005,55.0,veh_018,485.2980628087287,798.4,13.580436786392392,0.0786320486012837,g12_g22_0,78.0980628087287,g12_g22
1005,55.0,veh_019,801.6,555.8356926991153,15.887464515050123,0.5253613678878182,g21_g22_0,148.63569269911537,g21_g22
1005,55.0,veh_020,395.5099648965276,398.4,5.498200026194447,1.842998086460487,:g11_10_0,2.7099648965275946,:g11_10
1005,55.0,veh_021,401.4495452218187,401.6,6.860849679969221,2.507914547887631,:g11_4_0,5.750454778181279,:g11_4
1005,55.0,veh_022,401.6,475.8383733291946,12.879800419007902,0.34776820706751366,g11_g12_0,68.63837332919464,g11_g12
1005,55.0,veh_023,398.4,348.86236623538394,13.955333076102688,-0.5044031033618381,g11_g10_0,43.93763376461607,g11_g10
1005,56.0,veh_000,787.5220312415539,-1.6,12.383613285952135,-2.2121617053773655,g10_g20_0,380.322031241554,g10_g20
1005,56.0,veh_001,798.4,102.80491024432024,12.640999993210851,0.12898210356943274,g21_g20_0,289.99508975567977,g21_g20
1005,56.0,veh_002,788.7416542757765,798.4,11.047523671621718,-3.5220679735293743,g12_g22_0,381.5416542757766,g12_g22
1005,56.0,veh_003,801.6,747.9668757281626,13.958801238042044,-0.04212380813900296,g21_g22_0,340.76687572816263,g21_g22
1005,56.0,veh_004,558.147552069036,398.4,12.845215112137803,0.24206796668004316,g11_g21_0,150.94755206903602,g11_g21
1005,56.0,veh_005,231.88583365897222,401.6,14.379440280916304,0.3209019271284337,g11_g01_0,160.9141663410278,g11_g01
1005,56.0,veh_006,401.6,657.9444949370583,13.320742677978672,0.2890295018674802,g11_g12_0,250.74449493705828,g11_g12
1005,56.0,veh_007,398.4,154.97645255944826,12.887479230917597,-0.27301800758577777,g11_g10_0,237.82354744055178,g11_g10
1005,56.0,veh_008,696.4985684754758,-1.6,14.433561077180611,-0.3158396508079022,g10_g20_0,289.29856847547586,g10_g20
1005,56.0,veh_009,798.4,125.74319261395715,13.620953078602486,0.06834973520200727,g21_g20_0,267.05680738604286,g21_g20
1005,56.0,veh_010,675.7242672535465,798.4,14.4313257165716,-0.276382855502888,g12_g22_0,268.5242672535465,g12_g22
1005,56.0,veh_011,801.6,610.2055115964231,13.502099987676567,-0.3554393678996721,g21_g22_0,203.00551159642308,g21_g22
1005,56.0,veh_012,422.17346344490846,398.4,10.314234658524395,2.1061507313139725,g11_g21_0,14.973463444908491,g11_g21
1005,56.0,veh_013,372.50077984536654,401.6,11.341451284284704,2.0033308425499126,g11_g01_0,20.29922015463348,g11_g01
1005,56.0,veh_014,401.6,509.56759947488956,12.233698544952349,-0.19434960725717332,g11_g12_0,102.36759947488962,g11_g12
1005,56.0,veh_015,398.4,177.24142629030408,13.369495762029286,0.3334281136020998,g11_g10_0,215.55857370969596,g11_g10
1005,56.0,veh_016,596.0802263723886,-1.6,15.336167671803521,0.13016030226834197,g10_g20_0,188.88022637238856,g10_g20
1005,56.0,veh_017,798.4,298.29149690112166,13.043289924131715,0.1469129541981964,g21_g20_0,94.50850309887834,g21_g20
1005,56.0,veh_018,498.86925956848876,798.4,13.571196759760069,-0.00924002663232315,g12_g22_0,91.66925956848877,g12_g22
1005,56.0,veh_019,801.6,571.8080700097016,15.972377310586342,0.08491279553621922,g21_g22_0,164.60807000970172,g21_g22
1005,56.0,veh_020,403.57549460296184,398.4,8.06552970643423,2.5673296802397827,:g11_10_0,10.775494602961825,:g11_10
1005,56.0,veh_021,392.460095602885,401.6,8.989449618933692,2.128599938964471,g11_g01_0,0.3399043971149709,g11_g01
1005,56.0,veh_022,401.6,488.38597151998226,12.547598190787653,-0.3322022282202486,g11_g12_0,81.18597151998229,g11_g12
1005,56.0,veh_023,398.4,334.48760920517157,14.37475703021235,0.4194239541096625,g11_g10_0,58.312390794828424,g11_g10
1005,57.0,veh_000,796.1192919353396,-1.6,8.597260693785607,-3.786352592166528,g10_g20_0,388.9192919353396,g10_g20
1005,57.0,veh_001,798.4,89.7263469973658,13.078563246954426,0.4375632537435745,g21_g20_0,303.0736530026342,g21_g20
1005,57.0,veh_002,796.0314640750921,798.4,7.28980979931567,-3.7577138723060486,g12_g22_0,388.83146407509224,g12_g22
1005,57.0,veh_003,801.6,762.0252789799658,14.058403251803222,0.09960201376117794,g21_g22_0,354.82527897996584,g21_g22
1005,57.0,veh_004,570.87312537341,398.4,12.725573304373965,-0.1196418077638377,g11_g21_0,163.67312537341,g11_g21
1005,57.0,veh_005,217.49219037539817,401.6,14.393643283574045,0.014203002657740882,g11_g01_0,175.30780962460184,g11_g01
1005,57.0,veh_006,401.6,671.0148798120656,13.070384875007406,-0.25035780297126564,g11_g12_0,263.81487981206567,g11_g12
1005,57.0,veh_007,398.4,141.53959332547046,13.436859233977811,0.5493800030602145,g11_g10_0,251.26040667452958,g11_g10
1005,57.0,veh_008,711.0676723649992,-1.6,14.569103889523365,0.135542812342754,g10_g20_0,303.86767236499924,g10_g20
1005,57.0,veh_009,798.4,112.30280442510946,13.440388188847665,-0.18056488975482132,g21_g20_0,280.49719557489055,g21_g20
1005,57.0,veh_010,690.6384327108563,798.4,14.914165457309872,0.48283974073827274,g12_g22_0,283.4384327108564,g12_g22
1005,57.0,veh_011,801.6,624.1609672881148,13.95545569169169,0.45335570401512193,g21_g22_0,216.96096728811477,g21_g22
1005,57.0,veh_012,434.80711073860186,398.4,12.633647293693386,2.319412635168991,g11_g21_0,27.607110738601875,g11_g21
1005,57.0,veh_013,359.6517862208788,401.6,12.848993624487699,1.5075423402029955,g11_g01_0,33.14821377912118,g11_g01
1005,57.0,veh_014,401.6,521.366648491996,11.799049017106444,-0.43464952784590416,g11_g12_0,114.16664849199606,g11_g12
1005,57.0,veh_015,398.4,164.14688503965223,13.094541250651787,-0.2749545113774996,g11_g10_0,228.65311496034775,g11_g10
1005,57.0,veh_016,611.3303536677113,-1.6,15.250127295322851,-0.08604037648066942,g10_g20_0,204.1303536677114,g10_g20
1005,57.0,veh_017,798.4,285.03058251662435,13.260914384497339,0.21762446036562366,g21_g20_0,107.76941748337568,g21_g20
1005,57.0,veh_018,511.9555583412538,798.4,13.086298772765012,-0.4848979869950565,g12_g22_0,104.75555834125379,g12_g22
1005,57.0,veh_019,801.6,587.7712830428565,15.963213033154787,-0.009164277431555234,g21_g22_0,180.57128304285652,g21_g22
1005,57.0,veh_020,413.7845296870166,398.4,10.209035084054786,2.1435053776205564,g11_g21_0,6.584529687016611,g11_g21
1005,57.0,veh_021,380.8924999671627,401.6,11.56759563572236,2.5781460167886685,g11_g01_0,11.907500032837332,g11_g01
1005,57.0,veh_022,401.6,500.442563807144,12.056592287161743,-0.49100590362590957,g11_g12_0,93.24256380714404,g11_g12
1005,57.0,veh_023,398.4,320.21752200135785,14.270087203813747,-0.10466982639860412,g11_g10_0,72.58247799864218,g11_g10
1005,58.0,veh_000,801.1682311559086,0.8803852598478809,6.043647291931174,-2.5536134018544328,:g20_1_0,5.362939227270715,:g20_1
1005,58.0,veh_001,798.4,76.778705083499,12.947641913866818,-0.130921333087608,g21_g20_0,316.021294916501,g21_g20
1005,58.0,veh_002,798.4,796.5436496889378,3.604886235970035,-3.6849235633456345,g22_g21_0,0.25635031106223316,g22_g21
1005,58.0,veh_003,801.6,776.2466346705668,14.221355690601023,0.16295243879780053,g21_g22_0,369.04663467056685,g21_g22
1005,58.0,veh_004,583.9417063566066,398.4,13.06858098319658,0.3430076788226142,g11_g21_0,176.74170635660656,g11_g21
1005,58.0,veh_005,203.46581843319825,401.6,14.026371942199901,-0.36727134137414374,g11_g01_0,189.33418156680176,g11_g01
1005,58.0,veh_006,401.6,684.2351916125515,13.22031180048591,0.1499269254785034,g11_g12_0,277.03519161255156,g11_g12
1005,58.0,veh_007,398.4,128.56223402524017,12.977359300230235,-0.45949993374757625,g11_g10_0,264.23776597475984,g11_g10
1005,58.0,veh_008,725.8140579826627,-1.6,14.746385617663444,0.1772817281400787,g10_g20_0,318.6140579826627,g10_g20
1005,58.0,veh_009,798.4,98.69827581084354,13.6045286142659,0.16414042541823548,g21_g20_0,294.10172418915647,g21_g20
1005,58.0,veh_010,705.6942053325481,798.4,15.055772621691874,0.14160716438200183,g12_g22_0,298.49420533254823,g12_g22
1005,58.0,veh_011,801.6,638.0371113150268,13.876144026912018,-0.07931166477967189,g21_g22_0,230.8371113150268,g21_g22
1005,58.0,veh_012,447.74425175459317,398.4,12.937141015991315,0.3034937222979295,g11_g21_0,40.54425175459319,g11_g21
1005,58.0,veh_013,346.3730884667418,401.6,13.278697754137026,0.4297041296493269,g11_g01_0,46.426911533258206,g11_g01
1005,58.0,veh_014,401.6,533.1019194366838,11.7352709446878,-0.06377807241864453,g11_g12_0,125.90191943668385,g11_g12
1005,58.0,veh_015,398.4,150.52411374834162,13.622771291310627,0.5282300406588405,g11_g10_0,242.2758862516584,g11_g10
1005,58.0,veh_016,626.712122337856,-1.6,15.381768670144627,0.13164137482177551,g10_g20_0,219.51212233785603,g10_g20
1005,58.0,veh_017,798.4,271.68796198604605,13.342620530578316,0.08170614608097715,g21_g20_0,121.11203801395399,g21_g20
1005,58.0,veh_018,525.3999593362947,798.4,13.444400995040933,0.3581022222759209,g12_g22_0,118.19995933629473,g12_g22
1005,58.0,veh_019,801.6,603.1265648788094,15.355281835952955,-0.6079311972018324,g21_g22_0,195.92656487880947,g21_g22
1005,58.0,veh_020,426.37255875449847,398.4,12.588029067481848,2.378993983427062,g11_g21_0,19.17255875449846,g11_g21
1005,58.0,veh_021,368.0820617207442,401.6,12.810438246418496,1.242842610696135,g11_g01_0,24.717938279255826,g11_g01
1005,58.0,veh_022,401.6,512.4438860264524,12.001322219308477,-0.05527006785326627,g11_g12_0,105.24388602645251,g11_g12
1005,58.0,veh_023,398.4,306.12398390723956,14.093538094118268,-0.176549109695479,g11_g10_0,86.67601609276045,g11_g10
1005,59.0,veh_000,801.6,6.630545303189799,5.807606075919084,-0.23604121601209016,g20_g21_0,3.430545303189799,g20_g21
1005,59.0,veh_001,798.4,63.94754865566745,12.831156427831583,-0.11648548603523423,g21_g20_0,328.85245134433256,g21_g20
1005,59.0,veh_002,798.4,791.0455968571306,5.498052831807136,1.8931665958371013,g22_g21_0,5.75440314286937,g22_g21
1005,59.0,veh_003,801.6,788.1316660627192,11.885031392152394,-2.3363242984486288,g21_g22_0,380.9316660627192,g21_g22
1005,59.0,veh_004,596.6517763272201,398.4,12.710069970613539,-0.3585110125830404,g11_g21_0,189.4517763272201,g11_g21
1005,59.0,veh_005,189.52513955362608,401.6,13.940678879572214,-0.08569306262768706,g11_g01_0,203.27486044637396,g11_g01
1005,59.0,veh_006,401.6,697.2529364132444,13.017744800692856,-0.20256699979305282,g11_g12_0,290.0529364132444,g11_g12
1005,59.0,veh_007,398.4,115.38650999822528,13.175724027014875,0.19836472678463934,g11_g10_0,277.41349000177473,g11_g10
1005,59.0,veh_008,740.2146800648125,-1.6,14.400622082149901,-0.34576353551354266,g10_g20_0,333.0146800648126,g10_g20
1005,59.0,veh_009,798.4,85.30920864782615,13.389067163017375,-0.215461451248526,g21_g20_0,307.49079135217386,g21_g20
1005,59.0,veh_010,720.5282481537205,798.4,14.834042821172341,-0.22172980051953317,g12_g22_0,313.32824815372055,g12_g22
1005,59.0,veh_011,801.6,651.5111242072201,13.474012892193361,-0.40213113471865647,g21_g22_0,244.31112420722016,g21_g22
1005,59.0,veh_012,460.8422876466976,398.4,13.098035892104477,0.16089487611316144,g11_g21_0,53.64228764669767,g11_g21
1005,59.0,veh_013,332.99201226906473,401.6,13.3810761976771,0.10237844354007386,g11_g01_0,59.80798773093531,g11_g01
1005,59.0,veh_014,401.6,544.8155293723561,11.713609935672284,-0.021661009015515376,g11_g12_0,137.61552937235615,g11_g12
1005,59.0,veh_015,398.4,137.6193327693566,12.904780978985043,-0.7179903123255844,g11_g10_0,255.18066723064342,g11_g10
1005,59.0,veh_016,641.4015061053287,-1.6,14.689383767472716,-0.6923849026719111,g10_g20_0,234.20150610532875,g10_g20
1005,59.0,veh_017,798.4,258.5413706303543,13.146591355691672,-0.19602917488664318,g21_g20_0,134.25862936964566,g21_g20
1005,59.0,veh_018,538.4783779682093,798.4,13.078418631914692,-0.3659823631262409,g12_g22_0,131.2783779682094,g12_g22
1005,59.0,veh_019,801.6,618.9266349408705,15.800070062061021,0.44478822610806645,g21_g22_0,211.7266349408705,g21_g22
1005,59.0,veh_020,439.3890683068131,398.4,13.01650955231463,0.42848048483278234,g11_g21_0,32.18906830681309,g11_g21
1005,59.0,veh_021,354.74116141346525,401.6,13.340900307278922,0.530462060860426,g11_g01_0,38.05883858653475,g11_g01
1005,59.0,veh_022,401.6,524.3899455804955,11.946059554043009,-0.055262665265468414,g11_g12_0,117.18994558049552,g11_g12
1005,59.0,veh_023,398.4,292.2632735603014,13.86071034693814,-0.2328277471801279,g11_g10_0,100.53672643969858,g11_g10
1005,60.0,veh_000,801.6,14.866891701805859,8.23634639861606,2.428740322696976,g20_g21_0,11.66689170180586,g20_g21
1005,60.0,veh_001,798.4,50.9014639650573,13.04608469061014,0.2149282627785567,g21_g20_0,341.8985360349427,g21_g20
1005,60.0,veh_002,798.4,783.4084132416091,7.63718361552149,2.1391307837143536,g22_g21_0,13.39158675839086,g22_g21
1005,60.0,veh_003,801.6,796.1849019155418,8.053235852822656,-3.831795539329738,g21_g22_0,388.98490191554185,g21_g22
1005,60.0,veh_004,609.6286101039299,398.4,12.976833776709817,0.2667638060962787,g11_g21_0,202.4286101039299,g11_g21
1005,60.0,veh_005,175.4334863233658,401.6,14.091653230260262,0.1509743506880472,g11_g01_0,217.3665136766342,g11_g01
1005,60.0,veh_006,401.6,710.1742479135567,12.921311500312262,-0.09643330038059439,g11_g12_0,302.97424791355667,g11_g12
1005,60.0,veh_007,398.4,102.17379242648934,13.21271757173592,0.03699354472104588,g11_g10_0,290.62620757351067,g11_g10
1005,60.0,veh_008,754.720171677764,-1.6,14.505491612951563,0.10486953080166117,g10_g20_0,347.52017167776415,g10_g20
1005,60.0,veh_009,798.4,72.53752212841454,12.77168651941162,-0.6173806436057543,g21_g20_0,320.2624778715855,g21_g20
1005,60.0,veh_010,735.4259137718288,798.4,14.897665618108302,0.06362279693596129,g12_g22_0,328.22591377182886,g12_g22
1005,60.0,veh_011,801.6,665.5731440037855,14.062019796565377,0.5880069043720155,g21_g22_0,258.3731440037855,g21_g22
1005,60.0,veh_012,473.74803791642984,398.4,12.905750269732184,-0.1922856223722924,g11_g21_0,66.54803791642985,g11_g21
1005,60.0,veh_013,320.35993974316784,401.6,12.63207252589687,-0.7490036717802298,g11_g01_0,72.44006025683218,g11_g01
1005,60.0,veh_014,401.6,556.751358511697,11.935829139340932,0.22221920366864722,g11_g12_0,149.5513585116971,g11_g12
1005,60.0,veh_015,398.4,124.48919898352892,13.130133785827649,0.22535280684260606,g11_g10_0,268.3108010164711,g11_g10
1005,60.0,veh_016,656.6511126136593,-1.6,15.249606508330578,0.5602227408578617,g10_g20_0,249.45111261365932,g10_g20
1005,60.0,veh_017,798.4,245.20065740607558,13.34071322427877,0.19412186858709823,g21_g20_0,147.59934259392443,g21_g20
1005,60.0,veh_018,551.3996543739916,798.4,12.921276405782127,-0.15714222613256545,g12_g22_0,144.19965437399154,g12_g22
1005,60.0,veh_019,801.6,634.210060426246,15.283425485375519,-0.5166445766855023,g21_g22_0,227.010060426246,g21_g22
1005,60.0,veh_020,452.01763833173595,398.4,12.628570024922862,-0.38793952739176873,g11_g21_0,44.81763833173595,g11_g21
1005,60.0,veh_021,341.8830780937951,401.6,12.858083319670122,-0.48281698760879976,g11_g01_0,50.91692190620487,g11_g01
1005,60.0,veh_022,401.6,535.8864582460469,11.496512665551414,-0.44954688849159474,g11_g12_0,128.68645824604693,g11_g12
1005,60.0,veh_023,398.4,278.25335821743306,14.009915342868336,0.1492049959301962,g11_g10_0,114.54664178256692,g11_g10
1005,61.0,veh_000,801.6,25.270865488549067,10.403973786743208,2.1676273881271477,g20_g21_0,22.070865488549067,g20_g21
1005,61.0,veh_001,798.4,38.229528793913005,12.671935171144277,-0.3741495194658633,g21_g20_0,354.570471206087,g21_g20
1005,61.0,veh_002,798.4,773.9209199522604,9.487493289348631,1.850309673827141,g22_g21_0,22.879080047739492,g22_g21
1005,61.0,veh_003,798.8774084854145,801.3032273592264,6.2569271199413015,-1.7963087328813545,:g22_0_0,5.641829035483113,:g22_0
1005,61.0,veh_004,622.5062232816105,398.4,12.877613177680605,-0.09922059902921276,g11_g21_0,215.30622328161053,g11_g21
1005,61.0,veh_005,161.04559388846596,401.6,14.38789243489983,0.2962392046395692,g11_g01_0,231.75440611153405,g11_g01
1005,61.0,veh_006,401.6,723.3548444759826,13.180596562426038,0.25928506211377567,g11_g12_0,316.1548444759827,g11_g12
1005,61.0,veh_007,398.4,88.98593398110336,13.18785844538601,-0.024859126349911165,g11_g10_0,303.81406601889665,g11_g10
1005,61.0,veh_008,769.0436612397691,-1.6,14.323489562005097,-0.1820020509464655,g10_g20_0,361.84366123976923,g10_g20
1005,61.0,veh_009,798.4,59.16964552689029,13.367876601524248,0.5961900821126278,g21_g20_0,333.6303544731097,g21_g20
1005,61.0,veh_010,749.8649005923232,798.4,14.438986820494472,-0.45867879761383,g12_g22_0,342.6649005923233,g12_g22
1005,61.0,veh_011,801.6,679.0669064769218,13.493762473136387,-0.5682573234289894,g21_g22_0,271.8669064769219,g21_g22
1005,61.0,veh_012,487.33132489413885,398.4,13.583286977709019,0.6775367079768344,g11_g21_0,80.13132489413887,g11_g21
1005,61.0,veh_013,307.4038178802769,401.6,12.956121862890937,0.3240493369940669,g11_g01_0,85.39618211972312,g11_g01
1005,61.0,veh_014,401.6,569.1981212817559,12.44676277005885,0.5109336307179184,g11_g12_0,161.99812128175594,g11_g12
1005,61.0,veh_015,398.4,111.08305503679316,13.406143946735746,0.27601016090809694,g11_g10_0,281.71694496320686,g11_g10
1005,61.0,veh_016,671.9900380906249,-1.6,15.33892547696563,0.08931896863505173,g10_g20_0,264.79003809062493,g10_g20
1005,61.0,veh_017,798.4,232.01587684391131,13.18478056216427,-0.15593266211450008,g21_g20_0,160.7841231560887,g21_g20
1005,61.0,veh_018,564.9560808962461,798.4,13.556426522254633,0.6351501164725057,g12_g22_0,157.75608089624617,g12_g22
1005,61.0,veh_019,801.6,649.7025967802319,15.49253635398596,0.20911086861044126,g21_g22_0,242.50259678023198,g21_g22
1005,61.0,veh_020,465.25423094714273,398.4,13.236592615406812,0.6080225904839498,g11_g21_0,58.05423094714276,g11_g21
1005,61.0,veh_021,329.5061288538456,401.6,12.37694923994954,-0.4811340797205812,g11_g01_0,63.29387114615441,g11_g01
1005,61.0,veh_022,401.6,547.5911648498617,11.704706603814802,0.2081939382633884,g11_g12_0,140.39116484986172,g11_g12
1005,61.0,veh_023,398.4,263.7114026803057,14.541955537127361,0.5320401942590252,g11_g10_0,129.0885973196943,g11_g10
1005,62.0,veh_000,801.6,38.034014800800165,12.763149312251098,2.35917552550789,g20_g21_0,34.83401480080016,g20_g21
1005,62.0,veh_001,798.4,25.58116523862583,12.648363555287204,-0.02357161585707246,g21_g20_0,367.2188347613742,g21_g20
1005,62.0,veh_002,798.4,761.887125998731,12.03379395352952,2.5463006641808885,g22_g21_0,34.91287400126901,g22_g21
1005,62.0,veh_003,793.0045601777298,801.6,5.893610786787085,-0.3633163331542164,g22_g12_0,3.7954398222701986,g22_g12
1005,62.0,veh_004,635.4296463354136,398.4,12.923423053803116,0.04580987612251164,g11_g21_0,228.22964633541363,g11_g21
1005,62.0,veh_005,147.12406690951394,401.6,13.921526978952015,-0.4663654559478161,g11_g01_0,245.67593309048607,g11_g01
1005,62.0,veh_006,401.6,736.4415524028898,13.086707926907078,-0.09388863551895987,g11_g12_0,329.2415524028898,g11_g12
1005,62.0,veh_007,398.4,75.88592704476412,13.100006936339268,-0.08785150904674133,g11_g10_0,316.9140729552359,g11_g10
1005,62.0,veh_008,783.571797022992,-1.6,14.528135783222796,0.2046462212176987,g10_g20_0,376.37179702299204,g10_g20
1005,62.0,veh_009,798.4,46.43724975670085,12.732395770189466,-0.6354808313347817,g21_g20_0,346.36275024329916,g21_g20
1005,62.0,veh_010,764.9164959602193,798.4,15.051595367896088,0.6126085474016154,g12_g22_0,357.7164959602194,g12_g22
1005,62.0,veh_011,801.6,692.3591770873877,13.292270610465868,-0.20149186267051888,g21_g22_0,285.1591770873878,g21_g22
1005,62.0,veh_012,500.327006964013,398.4,12.995682069874116,-0.587604907834903,g11_g21_0,93.12700696401299,g11_g21
1005,62.0,veh_013,294.3309378022286,401.6,13.072880078048254,0.11675821515731677,g11_g01_0,98.46906219777138,g11_g01
1005,62.0,veh_014,401.6,581.5622703309582,12.364149049202242,-0.08261372085660845,g11_g12_0,174.36227033095818,g11_g12
1005,62.0,veh_015,398.4,97.92644223997098,13.156612796822174,-0.2495311499135724,g11_g10_0,294.87355776002903,g11_g10
1005,62.0,veh_016,687.3435871726965,-1.6,15.353549082071655,0.014623605106026005,g10_g20_0,280.1435871726966,g10_g20
1005,62.0,veh_017,798.4,218.75784983346023,13.25802701045108,0.0732464482868096,g21_g20_0,174.04215016653978,g21_g20
1005,62.0,veh_018,577.9386857279293,798.4,12.982604831683139,-0.5738216905714939,g12_g22_0,170.73868572792932,g12_g22
1005,62.0,veh_019,801.6,665.1064948313888,15.403898051156926,-0.08863830282903429,g21_g22_0,257.9064948313889,g21_g22
1005,62.0,veh_020,478.632979609951,398.4,13.378748662808245,0.14215604740143384,g11_g21_0,71.432979609951,g11_g21
1005,62.0,veh_021,316.03818902793444,401.6,13.467939825911184,1.0909905859616433,g11_g01_0,76.76181097206559,g11_g01
1005,62.0,veh_022,401.6,560.5861715646332,12.995006714771561,1.2903001109567587,g11_g12_0,153.3861715646333,g11_g12
1005,62.0,veh_023,398.4,249.28545729686311,14.425945383442595,-0.11601015368476553,g11_g10_0,143.5145427031369,g11_g10
1005,63.0,veh_000,801.6,52.613624725665794,14.579609924865627,1.816460612614529,g20_g21_0,49.41362472566579,g20_g21
1005,63.0,veh_001,798.4,12.979672147405722,12.60149309122011,-0.046870464067094275,g21_g20_0,379.8203278525943,g21_g20
1005,63.0,veh_002,798.4,747.8463029702075,14.040823028523436,2.007029074993916,g22_g21_0,48.953697029792444,g22_g21
1005,63.0,veh_003,784.9454394928389,801.6,8.059120684890859,2.1655098981037737,g22_g12_0,11.854560507161057,g22_g12
1005,63.0,veh_004,648.0748345923994,398.4,12.645188256985701,-0.27823479681741503,g11_g21_0,240.87483459239934,g11_g21
1005,63.0,veh_005,132.89728608305046,401.6,14.2267808264635,0.30525384751148543,g11_g01_0,259.90271391694955,g11_g01
1005,63.0,veh_006,401.6,749.5183451819632,13.076792779073552,-0.009915147833526206,g11_g12_0,342.31834518196337,g11_g12
1005,63.0,veh_007,398.4,62.99750781842823,12.888419226335898,-0.21158771000336962,g11_g10_0,329.8024921815718,g11_g10
1005,63.0,veh_008,794.4301627063439,-1.6,10.85836568335189,-3.669770099870906,g10_g20_0,387.23016270634395,g10_g20
1005,63.0,veh_009,798.4,34.2677520747157,12.169497681985128,-0.5628980882043386,g21_g20_0,358.5322479252843,g21_g20
1005,63.0,veh_010,779.4120400190909,798.4,14.495544058871587,-0.5560513090245003,g12_g22_0,372.212040019091,g12_g22
1005,63.0,veh_011,801.6,705.761277986885,13.402100899497247,0.10983028903137892,g21_g22_0,298.56127798688505,g21_g22
1005,63.0,veh_012,513.8169692928118,398.4,13.489962328798816,0.4942802589247002,g11_g21_0,106.6169692928118,g11_g21
1005,63.0,veh_013,281.57076054832316,401.6,12.760177253905491,-0.31270282414276274,g11_g01_0,111.22923945167688,g11_g01
1005,63.0,veh_014,401.6,593.6887894433294,12.12651911237117,-0.23762993683107148,g11_g12_0,186.48878944332935,g11_g12
1005,63.0,veh_015,398.4,84.63322978901584,13.29321245095513,0.13659965413295616,g11_g10_0,308.16677021098417,g11_g10
1005,63.0,veh_016,702.3815364304523,-1.6,15.037949257755788,-0.31559982431586775,g10_g20_0,295.18153643045235,g10_g20
1005,63.0,veh_017,798.4,205.45932439905562,13.29852543440462,0.0404984239535402,g21_g20_0,187.3406756009444,g21_g20
1005,63.0,veh_018,591.264361622317,798.4,13.325675894387686,0.34307106270454746,g12_g22_0,184.064361622317,g12_g22
1005,63.0,veh_019,801.6,679.450950407055,14.344455575666181,-1.0594424754907443,g21_g22_0,272.2509504070551,g21_g22
1005,63.0,veh_020,491.9602027855253,398.4,13.327223175574364,-0.051525487233881506,g11_g21_0,84.76020278552537,g11_g21
1005,63.0,veh_021,302.80744797576006,401.6,13.230741052174368,-0.2371987737368162,g11_g01_0,89.99255202423996,g11_g01
1005,63.0,veh_022,401.6,573.2678949870524,12.681723422419095,-0.313283292352466,g11_g12_0,166.06789498705237,g11_g12
1005,63.0,veh_023,398.4,235.08451403499197,14.200943261871144,-0.2250021215714515,g11_g10_0,157.71548596500804,g11_g10
1005,64.0,veh_000,801.6,66.97839564839994,14.364770922734143,-0.21483900213148388,g20_g21_0,63.778395648399936,g20_g21
1005,64.0,veh_001,798.4,4.8781790561856155,8.10149309122011,-4.5,g21_g20_0,387.9218209438144,g21_g20
1005,64.0,veh_002,798.4,732.8416581351473,15.004644835060178,0.9638218065367425,g22_g21_0,63.95834186485262,g22_g21
1005,64.0,veh_003,774.4899229174401,801.6,10.455516575398706,2.396395890507847,g22_g12_0,22.310077082559765,g22_g12
1005,64.0,veh_004,660.8321697905616,398.4,12.757335198162318,0.11214694117661672,g11_g21_0,253.63216979056165,g11_g21
1005,64.0,veh_005,118.58365216004592,401.6,14.313633923004517,0.08685309654101658,g11_g01_0,274.2163478399541,g11_g01
1005,64.0,veh_006,401.6,762.3844808747576,12.866135692794309,-0.21065708627924273,g11_g12_0,355.1844808747577,g11_g12
1005,64.0,veh_007,398.4,49.88632953369137,13.111178284736887,0.22275905840098886,g11_g10_0,342.91367046630864,g11_g10
1005,64.0,veh_008,800.4609919011843,-0.2983468313593234,6.35836568335189,-4.5,:g20_1_0,3.98852838969583,:g20_1
1005,64.0,veh_009,798.4,21.720873841701177,12.546878233014533,0.3773805510294057,g21_g20_0,371.07912615829883,g21_g20
1005,64.0,veh_010,789.969781144792,798.4,10.557741125701128,-3.9378029331704596,g12_g22_0,382.7697811447921,g12_g22
1005,64.0,veh_011,801.6,719.5793952186473,13.818117231762237,0.4160163322649897,g21_g22_0,312.3793952186473,g21_g22
1005,64.0,veh_012,527.2132366812708,398.4,13.396267388459043,-0.09369494033977332,g11_g21_0,120.01323668127084,g11_g21
1005,64.0,veh_013,268.3003930741939,401.6,13.27036747412923,0.5101902202237394,g11_g01_0,124.4996069258061,g11_g01
1005,64.0,veh_014,401.6,605.5163631893747,11.827573746045383,-0.2989453663257873,g11_g12_0,198.31636318937473,g11_g12
1005,64.0,veh_015,398.4,71.74583805295339,12.887391736062483,-0.4058207148926467,g11_g10_0,321.0541619470466,g11_g10
1005,64.0,veh_016,717.4773879317552,-1.6,15.09585150130293,0.05790224354714191,g10_g20_0,310.2773879317553,g10_g20
1005,64.0,veh_017,798.4,192.13498141149682,13.324342987558813,0.02581755315419265,g21_g20_0,200.66501858850322,g21_g20
1005,64.0,veh_018,604.5863734654104,798.4,13.32201184309336,-0.0036640512943257875,g12_g22_0,197.38637346541034,g12_g22
1005,64.0,veh_019,801.6,694.068366471053,14.617416063998025,0.2729604883318437,g21_g22_0,286.8683664710531,g21_g22
1005,64.0,veh_020,505.26503458185186,398.4,13.304831796326512,-0.022391379247851617,g11_g21_0,98.06503458185188,g11_g21
1005,64.0,veh_021,289.9619605684481,401.6,12.845487407311973,-0.3852536448623951,g11_g01_0,102.83803943155193,g11_g01
1005,64.0,veh_022,401.6,585.6354959190361,12.36760093198372,-0.3141224904353752,g11_g12_0,178.4354959190361,g11_g12
1005,64.0,veh_023,398.4,220.6094657487132,14.475048286278762,0.27410502440761775,g11_g10_0,172.1905342512868,g11_g10
1005,65.0,veh_000,801.6,81.38052944585246,14.402133797452526,0.037362874718382955,g20_g21_0,78.18052944585246,g20_g21
1005,65.0,veh_001,797.4086756290897,1.6869536612985299,3.643420071262009,-4.458073019958102,:g20_0_0,1.9652410150764013,:g20_0
1005,65.0,veh_002,798.4,718.3842340229664,14.457424112180895,-0.5472207228792829,g22_g21_0,78.41576597703352,g22_g21
1005,65.0,veh_003,761.4774396140415,801.6,13.012483303398676,2.5569667279999706,g22_g12_0,35.32256038595844,g22_g12
1005,65.0,veh_004,673.6704072577782,398.4,12.838237467216521,0.08090226905420295,g11_g21_0,266.47040725777816,g11_g21
1005,65.0,veh_005,104.41942382343962,401.6,14.16422833660631,-0.14940558639820622,g11_g01_0,288.3805761765604,g11_g01
1005,65.0,veh_006,401.6,775.4894760381876,13.10499516342996,0.23885947063565105,g11_g12_0,368.2894760381877,g11_g12
1005,65.0,veh_007,398.4,36.806868379482296,13.079461154209056,-0.03171713052783076,g11_g10_0,355.9931316205177,g11_g10
1005,65.0,veh_008,801.6,5.718364720497326,6.269836330801495,-0.08852935255039451,g20_g21_0,2.518364720497326,g20_g21
1005,65.0,veh_009,798.4,13.673995608686653,8.046878233014533,-4.5,g21_g20_0,379.12600439131336,g21_g20
1005,65.0,veh_010,796.6554196959687,798.4,6.685638551176671,-3.8721025745244564,g12_g22_0,389.45541969596877,g12_g22
1005,65.0,veh_011,801.6,733.2437547399666,13.664359521319358,-0.15375771044287845,g21_g22_0,326.04375473996663,g21_g22
1005,65.0,veh_012,540.7669127773095,398.4,13.55367609603864,0.1574087075795969,g11_g21_0,133.56691277730948,g11_g21
1005,65.0,veh_013,255.02030007140257,401.6,13.280093002791324,0.009725528662093197,g11_g01_0,137.77969992859744,g11_g01
1005,65.0,veh_014,401.6,617.5301875190846,12.013824329709896,0.1862505836645134,g11_g12_0,210.33018751908463,g11_g12
1005,65.0,veh_015,398.4,58.661716520690845,13.084121532262557,0.19672979620007425,g11_g10_0,334.13828347930917,g11_g10
1005,65.0,veh_016,732.4833552870114,-1.6,15.005967355256104,-0.08988414604682582,g10_g20_0,325.28335528701143,g10_g20
1005,65.0,veh_017,798.4,178.9753232657338,13.159658145762988,-0.16468484179582532,g21_g20_0,213.8246767342662,g21_g20
1005,65.0,veh_018,617.4675800081086,798.4,12.881206542698354,-0.4408053003950059,g12_g22_0,210.2675800081087,g12_g22
1005,65.0,veh_019,801.6,708.3269380171282,14.258571546075139,-0.3588445179228863,g21_g22_0,301.1269380171282,g21_g22
1005,65.0,veh_020,518.629168282389,398.4,13.364133700537078,0.05930190421056558,g11_g21_0,111.42916828238896,g11_g21
1005,65.0,veh_021,276.69564199744883,401.6,13.266318570999234,0.4208311636872608,g11_g01_0,116.10435800255117,g11_g01
1005,65.0,veh_022,401.6,597.5381881378556,11.90269221881959,-0.46490871316412985,g11_g12_0,190.3381881378557,g11_g12
1005,65.0,veh_023,398.4,206.18623203857504,14.423233710138156,-0.051814576140605695,g11_g10_0,186.61376796142497,g11_g10
1005,66.0,veh_000,801.6,95.88501396276435,14.504484516911882,0.10235071945935559,g20_g21_0,92.68501396276434,g20_g21
1005,66.0,veh_001,793.808626197178,1.6,3.6061327877455205,-0.03728728351648858,g20_g10_0,2.991373802821922,g20_g10
1005,66.0,veh_002,798.4,703.4242370451411,14.959996977825366,0.5025728656444706,g22_g21_0,93.37576295485889,g22_g21
1005,66.0,veh_003,747.5993313208801,801.6,13.87810829316147,0.865624989762793,g22_g12_0,49.20066867911991,g22_g12
1005,66.0,veh_004,686.1653310746315,398.4,12.494923816853397,-0.34331365036312356,g11_g21_0,278.96533107463154,g11_g21
1005,66.0,veh_005,90.04747421760015,401.6,14.371949605839463,0.20772126923315248,g11_g01_0,302.75252578239986,g11_g01
1005,66.0,veh_006,401.6,788.8995558118124,13.41007977362486,0.30508461019489985,g11_g12_0,381.69955581181256,g11_g12
1005,66.0,veh_007,398.4,23.31619440876011,13.4906739707222,0.4112128165131441,g11_g10_0,369.4838055912399,g11_g10
1005,66.0,veh_008,801.6,13.974762108666184,8.256397388168859,1.9865610573673633,g20_g21_0,10.774762108666184,g20_g21
1005,66.0,veh_009,798.4,9.726958400102092,3.9470372085845815,-4.099841024429952,g21_g20_0,383.0730415998979,g21_g20
1005,66.0,veh_010,798.4,795.5038382619265,4.0207420421046765,-2.664896509071995,g22_g21_0,1.2961617380734491,g22_g21
1005,66.0,veh_011,801.6,746.6688565161671,13.425101776200547,-0.23925774511881137,g21_g22_0,339.4688565161672,g21_g22
1005,66.0,veh_012,554.3133001567916,398.4,13.546387379482136,-0.007288716556503871,g11_g21_0,147.1133001567916,g11_g21
1005,66.0,veh_013,241.79460321778743,401.6,13.225696853615151,-0.054396149176172415,g11_g01_0,151.00539678221259,g11_g01
1005,66.0,veh_014,401.6,629.706508948819,12.176321429734381,0.1624971000244848,g11_g12_0,222.506508948819,g11_g12
1005,66.0,veh_015,398.4,45.5756093680846,13.086107152606226,0.0019856203436692255,g11_g10_0,347.2243906319154,g11_g10
1005,66.0,veh_016,747.1883187636292,-1.6,14.704963476617957,-0.3010038786381468,g10_g20_0,339.98831876362937,g10_g20
1005,66.0,veh_017,798.4,165.6137354843697,13.361587781364106,0.2019296356011182,g21_g20_0,227.1862645156303,g21_g20
1005,66.0,veh_018,630.7470000890784,798.4,13.27942008096973,0.39821353827137607,g12_g22_0,223.54700008907844,g12_g22
1005,66.0,veh_019,801.6,722.3487916791287,14.021853662000469,-0.23671788407466998,g21_g22_0,315.1487916791287,g21_g22
1005,66.0,veh_020,531.9759531339854,398.4,13.346784851596482,-0.017348848940596184,g11_g21_0,124.77595313398544,g11_g21
1005,66.0,veh_021,263.76322717174435,401.6,12.932414825704457,-0.3339037452947764,g11_g01_0,129.03677282825564,g11_g01
1005,66.0,veh_022,401.6,608.9599593472292,11.421771209373508,-0.4809210094460816,g11_g12_0,201.7599593472292,g11_g12
1005,66.0,veh_023,398.4,192.06890481209365,14.11732722648143,-0.30590648365672557,g11_g10_0,200.7310951879064,g11_g10
1005,67.0,veh_000,801.6,110.1203991273118,14.235385164547452,-0.26909935236442983,g20_g21_0,106.9203991273118,g20_g21
1005,67.0,veh_001,788.0814153839201,1.6,5.727210813257918,2.1210780255123978,g20_g10_0,8.718584616079841,g20_g10
1005,67.0,veh_002,798.4,688.4755768577879,14.948660187353097,-0.011336790472268987,g22_g21_0,108.32442314221198,g22_g21
1005,67.0,veh_003,733.192961431214,801.6,14.406369889666067,0.5282615965045974,g22_g12_0,63.607038568785974,g22_g12
1005,67.0,veh_004,698.7675043907556,398.4,12.60217331612409,0.10724949927069183,g11_g21_0,291.56750439075563,g11_g21
1005,67.0,veh_005,75.99807873657329,401.6,14.049395481026867,-0.32255412481259604,g11_g01_0,316.8019212634267,g11_g01
1005,67.0,veh_007,398.4,9.818571914306915,13.49762249445317,0.006948523730969214,g11_g10_0,382.9814280856931,g11_g10
1005,67.0,veh_008,801.6,24.30126265973931,10.326500551073128,2.070103162904269,g20_g21_0,21.101262659739312,g20_g21
1005,67.0,veh_009,798.4,5.865218586266963,3.861739813835144,-0.08529739474943732,g21_g20_0,386.93478141373305,g21_g20
1005,67.0,veh_010,798.4,789.5992081322419,5.904630129684658,1.8838880875799813,g22_g21_0,7.200791867758107,g22_g21
1005,67.0,veh_011,801.6,760.6353851850673,13.96652866890022,0.5414268926996737,g21_g22_0,353.4353851850674,g21_g22
1005,67.0,veh_012,567.3810642277856,398.4,13.067764070993968,-0.47862330848816725,g11_g21_0,160.18106422778558,g11_g21
1005,67.0,veh_013,228.86450232179513,401.6,12.930100895992288,-0.2955959576228633,g11_g01_0,163.93549767820488,g11_g01
1005,67.0,veh_014,401.6,641.4039848513673,11.697475902548321,-0.4788455271860599,g11_g12_0,234.20398485136732,g11_g12
1005,67.0,veh_015,398.4,32.47213530878429,13.103474059300291,0.01736690669406471,g11_g10_0,360.3278646912157,g11_g10
1005,67.0,veh_016,762.3848184023191,-1.6,15.196499638689817,0.4915361620718599,g10_g20_0,355.1848184023192,g10_g20
1005,67.0,veh_017,798.4,152.2057896525111,13.407945831858562,0.04635805049445629,g21_g20_0,240.59421034748888,g21_g20
1005,67.0,veh_018,643.8131512888175,798.4,13.066151199739116,-0.21326888123061494,g12_g22_0,236.61315128881756,g12_g22
1005,67.0,veh_019,801.6,736.165363973588,13.81657229445931,-0.20528136754115955,g21_g22_0,328.965363973588,g21_g22
1005,67.0,veh_020,545.202146734057,398.4,13.226193600071605,-0.1205912515248766,g11_g21_0,138.00214673405705,g11_g21
1005,67.0,veh_021,250.52723008359533,401.6,13.235997088149054,0.3035822624445963,g11_g01_0,142.27276991640468,g11_g01
1005,67.0,veh_022,401.6,620.8502273090988,11.89026796186966,0.46849675249615075,g11_g12_0,213.65022730909885,g11_g12
1005,67.0,veh_023,398.4,177.6572759673025,14.411628844791121,0.2943016183096905,g11_g10_0,215.14272403269752,g11_g10
1005,68.0,veh_000,801.6,124.03477503046533,13.914375903153534,-0.32100926139391817,g20_g21_0,120.83477503046532,g20_g21
1005,68.0,veh_001,780.4644424218004,1.6,7.616972962119692,1.8897621488617737,g20_g10_0,16.335557578199534,g20_g10
1005,68.0,veh_002,798.4,673.8376310188079,14.637945838980093,-0.31071434837300416,g22_g21_0,122.96236898119207,g22_g21
1005,68.0,veh_003,719.2272441100605,801.6,13.965717321153472,-0.44065256851259527,g22_g12_0,77.57275588993944,g22_g12
1005,68.0,veh_004,711.8478425792717,398.4,13.08033818851617,0.47816487239207994,g11_g21_0,304.6478425792718,g11_g21
1005,68.0,veh_005,62.06935939295562,401.6,13.928719343617693,-0.12067613740917338,g11_g01_0,330.7306406070444,g11_g01
1005,68.0,veh_008,801.6,36.49386272429754,12.192600064558224,1.8660995134850964,g20_g21_0,33.29386272429754,g20_g21
1005,68.0,veh_009,798.0060057077602,2.010009512933697,3.9435474158987405,0.08180760206359627,:g20_0_0,1.2783288296317892,:g20_0
1005,68.0,veh_010,798.4,781.7705675973566,7.828640534885192,1.9240104052005345,g22_g21_0,15.029432402643298,g22_g21
1005,68.0,veh_011,801.6,774.3186394244292,13.683254239361935,-0.2832744295382863,g21_g22_0,367.1186394244293,g21_g22
1005,68.0,veh_012,580.636201176056,398.4,13.25513694827047,0.18737287727650198,g11_g21_0,173.43620117605604,g11_g21
1005,68.0,veh_013,215.53328016613585,401.6,13.331222155659267,0.4011212596669793,g11_g01_0,177.26671983386416,g11_g01
1005,68.0,veh_014,401.6,653.6495739036554,12.245589052288123,0.5481131497398017,g11_g12_0,246.44957390365545,g11_g12
1005,68.0,veh_015,398.4,18.850757012515885,13.621378296268386,0.5179042369680946,g11_g10_0,373.9492429874841,g11_g10
1005,68.0,veh_016,777.1339761782457,-1.6,14.74915777592654,-0.4473418627632775,g10_g20_0,369.93397617824576,g10_g20
1005,68.0,veh_017,798.4,139.07672622816136,13.129063424349772,-0.27888240750879056,g21_g20_0,253.72327377183865,g21_g20
1005,68.0,veh_018,657.4468353813334,798.4,13.633684092515768,0.5675328927766525,g12_g22_0,250.24683538133334,g12_g22
1005,68.0,veh_019,801.6,750.8577847311192,14.692420757531233,0.8758484630719234,g21_g22_0,343.65778473111925,g21_g22
1005,68.0,veh_020,558.655818633844,398.4,13.453671899786928,0.2274782997153224,g11_g21_0,151.455818633844,g11_g21
1005,68.0,veh_021,237.81529321006704,401.6,12.71193687352829,-0.5240602146207642,g11_g01_0,154.98470678993297,g11_g01
1005,68.0,veh_022,401.6,632.7151168519339,11.864889542835039,-0.025378419034620237,g11_g12_0,225.5151168519339,g11_g12
1005,68.0,veh_023,398.4,163.40928755669455,14.247988410607942,-0.1636404341831792,g11_g10_0,229.39071244330546,g11_g10
1005,69.0,veh_000,801.6,138.07944213105384,14.044667100588532,0.13029119743499784,g20_g21_0,134.87944213105385,g20_g21
1005,69.0,veh_001,770.9726662767091,1.6,9.491776145091356,1.8748031829716636,g20_g10_0,25.82733372329089,g20_g10
1005,69.0,veh_002,798.4,658.8264021298235,15.011228888984487,0.3732830500043942,g22_g21_0,137.97359787017655,g22_g21
1005,69.0,veh_003,705.285299366257,801.6,13.941944743803443,-0.023772577350028357,g22_g12_0,91.51470063374289,g22_g12
1005,69.0,veh_004,724.8264293269825,398.4,12.978586747710787,-0.10175144080538168,g11_g21_0,317.6264293269826,g11_g21
1005,69.0,veh_005,47.74766818039916,401.6,14.32169121255646,0.39297186893876734,g11_g01_0,345.05233181960085,g11_g01
1005,69.0,veh_008,801.6,50.629518399126006,14.135655674828463,1.943055610270239,g20_g21_0,47.429518399126,g20_g21
1005,69.0,veh_009,794.3883849566679,1.6,3.713286213700287,-0.23026120219845359,g20_g10_0,2.411615043332076,g20_g10
1005,69.0,veh_010,798.4,771.8431367710308,9.927430826325866,2.0987902914406735,g22_g21_0,24.956863228969162,g22_g21
1005,69.0,veh_011,801.6,787.1080441340407,12.789404709611544,-0.8938495297503906,g21_g22_0,379.90804413404084,g21_g22
1005,69.0,veh_012,593.8911055336381,398.4,13.254904357582078,-0.00023259068839287522,g11_g21_0,186.6911055336381,g11_g21
1005,69.0,veh_013,202.32797742862527,401.6,13.205302737510571,-0.12591941814869578,g11_g01_0,190.47202257137474,g11_g01
1005,69.0,veh_014,401.6,665.7615437579267,12.111969854271301,-0.13361919801682198,g11_g12_0,258.56154375792676,g11_g12
1005,69.0,veh_016,789.0880533296438,-1.6,11.954077151398117,-2.7950806245284223,g10_g20_0,381.88805332964387,g10_g20
1005,69.0,veh_017,798.4,126.12010860899613,12.956617619165227,-0.17244580518454455,g21_g20_0,266.6798913910039,g21_g20
1005,69.0,veh_018,671.020414512235,798.4,13.573579130901644,-0.060104961614124264,g12_g22_0,263.820414512235,g12_g22
1005,69.0,veh_019,801.6,764.58297259917,13.725187868050847,-0.9672328894803854,g21_g22_0,357.3829725991701,g21_g22
1005,69.0,veh_020,571.6589861222094,398.4,13.003167488365431,-0.45050441142149644,g11_g21_0,164.4589861222094,g11_g21
1005,69.0,veh_021,224.73591421886272,401.6,13.079378991204326,0.3674421176760365,g11_g01_0,168.0640857811373,g11_g01
1005,69.0,veh_022,401.6,645.2632641045495,12.548147252615765,0.683257709780726,g11_g12_0,238.06326410454966,g11_g12
1005,69.0,veh_023,398.4,149.3224500079813,14.086837548713229,-0.16115086189471306,g11_g10_0,243.47754999201868,g11_g10
1005,70.0,veh_000,801.6,151.9788211776446,13.89937904659074,-0.14528805399779188,g20_g21_0,148.7788211776446,g20_g21
1005,70.0,veh_001,759.4496410658693,1.6,11.523025210839771,2.0312490657484155,g20_g10_0,37.35035893413066,g20_g10
1005,70.0,veh_002,798.4,643.7435053238966,15.082896805926874,0.07166791694238661,g22_g21_0,153.05649467610343,g22_g21
1005,70.0,veh_003,691.2894612120764,801.6,13.995838154180648,0.05389341037720463,g22_g12_0,105.51053878792354,g22_g12
1005,70.0,veh_004,737.7388278318667,398.4,12.912398504884177,-0.06618824282661073,g11_g21_0,330.53882783186674,g11_g21
1005,70.0,veh_005,33.487033078506045,401.6,14.26063510189312,-0.06105611066334049,g11_g01_0,359.31296692149397,g11_g01
1005,70.0,veh_008,801.6,65.37463518775667,14.745116788630666,0.6094611138022028,g20_g21_0,62.17463518775667,g20_g21
1005,70.0,veh_009,788.2739286449544,1.6,6.114456311713532,2.401170098013245,g20_g10_0,8.526071355045609,g20_g10
1005,70.0,veh_010,798.4,759.6000142852823,12.243122485748456,2.3156916594225905,g22_g21_0,37.19998571471762,g22_g21
1005,70.0,veh_011,801.6,796.4809155746084,9.372871440567557,-3.4165332690439865,g21_g22_0,389.2809155746084,g21_g22
1005,70.0,veh_012,607.1796734287736,398.4,13.28856789513559,0.0336635375535117,g11_g21_0,199.9796734287737,g11_g21
1005,70.0,veh_013,189.19221328755015,401.6,13.135764141075121,-0.06953859643545002,g11_g01_0,203.60778671244987,g11_g01
1005,70.0,veh_014,401.6,677.9867435987949,12.225199840868154,0.11322998659685268,g11_g12_0,270.7867435987949,g11_g12
1005,70.0,veh_016,796.5421304810419,-1.6,7.454077151398117,-4.5,g10_g20_0,389.342130481042,g10_g20
1005,70.0,veh_017,798.4,113.24066591069902,12.8794426982971,-0.07717492086812783,g21_g20_0,279.559334089301,g21_g20
1005,70.0,veh_018,684.2351774847841,798.4,13.214762972549224,-0.3588161583524201,g12_g22_0,277.03517748478424,g12_g22
1005,70.0,veh_019,801.6,777.54131610483,12.958343505659968,-0.7668443623908789,g21_g22_0,370.34131610483007,g21_g22
1005,70.0,veh_020,584.8778319314094,398.4,13.218845809200012,0.21567832083458072,g11_g21_0,177.67783193140943,g11_g21
1005,70.0,veh_021,211.52899250362555,401.6,13.206921715237163,0.12754272403283728,g11_g01_0,181.27100749637447,g11_g01
1005,70.0,veh_022,401.6,657.654423473552,12.391159369002336,-0.15698788361342864,g11_g12_0,250.454423473552,g11_g12
1005,70.0,veh_023,398.4,135.23330104996137,14.089148958019942,0.0023114093067135855,g11_g10_0,257.56669895003864,g11_g10
1005,71.0,veh_000,801.6,165.86072236037595,13.881901182731355,-0.017477863859385323,g20_g21_0,162.66072236037596,g20_g21
1005,71.0,veh_001,746.7976575567737,1.6,12.65198350909558,1.1289582982558084,g20_g10_0,50.00234244322624,g20_g10
1005,71.0,veh_002,798.4,628.8355793603787,14.907925963517926,-0.174970842408948,g22_g21_0,167.96442063962135,g22_g21
1005,71.0,veh_003,677.0049263753914,801.6,14.284534836685026,0.2886966825043782,g22_g12_0,119.79507362460856,g22_g12
1005,71.0,veh_004,750.225993643724,398.4,12.487165811857402,-0.4252326930267749,g11_g21_0,343.0259936437241,g11_g21
1005,71.0,veh_005,19.42736229738523,401.6,14.059670781120793,-0.20096432077232684,g11_g01_0,373.3726377026148,g11_g01
1005,71.0,veh_008,801.6,79.77971568033914,14.405080492582464,-0.3400362960482024,g20_g21_0,76.57971568033913,g20_g21
1005,71.0,veh_009,780.0402919751886,1.6,8.233636669765785,2.119180358052253,g20_g10_0,16.759708024811395,g20_g10
1005,71.0,veh_010,798.4,744.982732917105,14.617281368177348,2.374158882428892,g22_g21_0,51.81726708289497,g22_g21
1005,71.0,veh_011,798.7223154109737,801.325383512718,6.117556599609509,-3.2553148409580484,:g22_0_0,5.7984721742178635,:g22_0
1005,71.0,veh_012,620.4654817019417,398.4,13.285808273168028,-0.0027596219675611877,g11_g21_0,213.26548170194172,g11_g21
1005,71.0,veh_013,176.14406133153884,401.6,13.048151956011349,-0.08761218506377233,g11_g01_0,216.6559386684612,g11_g01
1005,71.0,veh_014,401.6,690.4366459516003,12.44990235280551,0.22470251193735713,g11_g12_0,283.2366459516004,g11_g12
1005,71.0,veh_016,801.3219634501585,1.253744151109861,6.0321619846271055,-1.4219151667710115,:g20_1_0,5.7742924656690775,:g20_1
1005,71.0,veh_017,798.4,100.12159704042188,13.119068870277152,0.23962617198005276,g21_g20_0,292.67840295957814,g21_g20
1005,71.0,veh_018,697.4657359123078,798.4,13.23055842752351,0.01579545497428647,g12_g22_0,290.2657359123078,g12_g22
1005,71.0,veh_019,801.6,787.024792612708,9.483476507878008,-3.4748669977819606,g21_g22_0,379.82479261270805,g21_g22
1005,71.0,veh_020,598.3917437981452,398.4,13.51391186673573,0.2950660575357187,g11_g21_0,191.19174379814515,g11_g21
1005,71.0,veh_021,198.46652574458793,401.6,13.062466759037616,-0.14445495619954762,g11_g01_0,194.33347425541209,g11_g01
1005,71.0,veh_022,401.6,669.5228316341489,11.868408160597014,-0.5227512084053227,g11_g12_0,262.322831634149,g11_g12
1005,71.0,veh_023,398.4,120.72791613960601,14.505384910355351,0.4162359523354091,g11_g10_0,272.072083860394,g11_g10
1005,72.0,veh_000,801.6,180.31535693815573,14.454634577779771,0.5727333950484166,g20_g21_0,177.11535693815574,g20_g21
1005,72.0,veh_001,733.853305369805,1.6,12.944352186968743,0.29236867787316356,g20_g10_0,62.94669463019498,g20_g10
1005,72.0,veh_002,798.4,614.2457714323048,14.589807928073867,-0.3181180354440585,g22_g21_0,182.55422856769522,g22_g21
1005,72.0,veh_003,662.3951683309114,801.6,14.609758044480087,0.32522320779506053,g22_g12_0,134.40483166908865,g22_g12
1005,72.0,veh_004,762.6377257558647,398.4,12.411732112140589,-0.0754336997168128,g11_g21_0,355.43772575586473,g11_g21
1005,72.0,veh_008,801.6,94.78775162106945,15.008035940730306,0.6029554481478421,g20_g21_0,91.58775162106944,g20_g21
1005,72.0,veh_009,769.4781076168026,1.6,10.562184358385949,2.328547688620164,g20_g10_0,27.321892383197344,g20_g10
1005,72.0,veh_010,798.4,730.1197366366838,14.86299628042122,0.2457149122438711,g22_g21_0,66.68026336331619,g22_g21
1005,72.0,veh_011,792.6538278858076,801.6,6.087699939974539,-0.029856659634970306,g22_g12_0,4.146172114192401,g22_g12
1005,72.0,veh_012,633.8181255725606,398.4,13.352643870618873,0.06683559745084544,g11_g21_0,226.6181255725606,g11_g21
1005,72.0,veh_013,163.4660214079102,401.6,12.6780399236286,-0.3701120323827496,g11_g01_0,229.3339785920898,g11_g01
1005,72.0,veh_014,401.6,702.313968395639,11.877322444038727,-0.5725799087667838,g11_g12_0,295.1139683956391,g11_g12
1005,72.0,veh_016,801.6,7.5833523599514185,6.349059894282341,0.31689790965523557,g20_g21_0,4.383352359951418,g20_g21
1005,72.0,veh_017,798.4,87.385880882165,12.735716158256874,-0.38335271202027776,g21_g20_0,305.414119117835,g21_g20
1005,72.0,veh_018,710.871894076966,798.4,13.406158164658272,0.17559973713476218,g12_g22_0,303.67189407696605,g12_g22
1005,72.0,veh_019,801.6,793.9600644867414,6.9352718740334005,-2.548204633844607,g21_g22_0,386.76006448674144,g21_g22
1005,72.0,veh_020,611.683242766343,398.4,13.291498968197946,-0.2224128985377849,g11_g21_0,204.4832427663431,g11_g21
1005,72.0,veh_021,185.38196586450448,401.6,13.084559880083436,0.022093121045820396,g11_g01_0,207.41803413549553,g11_g01
1005,72.0,veh_022,401.6,681.5820070300136,12.059175395864726,0.1907672352677121,g11_g12_0,274.3820070300137,g11_g12
1005,72.0,veh_023,398.4,106.4295654496388,14.298350689967192,-0.20703422038815944,g11_g10_0,286.3704345503612,g11_g10
1005,73.0,veh_000,801.6,194.28189605068425,13.966539112528528,-0.48809546525124325,g20_g21_0,191.08189605068426,g20_g21
1005,73.0,veh_001,721.3280580863675,1.6,12.525247283437484,-0.4191049035312595,g20_g10_0,75.47194191363246,g20_g10
1005,73.0,veh_002,798.4,599.4808298645032,14.764941567801587,0.17513363972772034,g22_g21_0,197.31917013549682,g22_g21
1005,73.0,veh_003,647.8002961803843,801.6,14.594872150527054,-0.014885893953032081,g22_g12_0,148.99970381961572,g22_g12
1005,73.0,veh_004,775.7682226826885,398.4,13.130496926823824,0.7187648146832348,g11_g21_0,368.56822268268854,g11_g21
1005,73.0,veh_008,801.6,109.2937771490853,14.506025528015861,-0.5020104127144442,g20_g21_0,106.0937771490853,g20_g21
1005,73.0,veh_009,756.3942583261583,1.6,13.083849290644375,2.5216649322584264,g20_g10_0,40.40574167384172,g20_g10
1005,73.0,veh_010,798.4,715.3935576520001,14.726178984683655,-0.13681729573756485,g22_g21_0,81.40644234799984,g22_g21
1005,73.0,veh_011,784.5184588664548,801.6,8.135369019352787,2.047669079378248,g22_g12_0,12.281541133545188,g22_g12
1005,73.0,veh_012,647.0823599458513,398.4,13.26423437329077,-0.08840949732810266,g11_g21_0,239.88235994585136,g11_g21
1005,73.0,veh_013,150.2953367205623,401.6,13.17068468734789,0.4926447637192908,g11_g01_0,242.5046632794377,g11_g01
1005,73.0,veh_014,401.6,714.5175388394343,12.203570443795325,0.3262479997565979,g11_g12_0,307.31753883943446,g11_g12
1005,73.0,veh_016,801.6,16.18175050153016,8.598398141578741,2.2493382472964,g20_g21_0,12.98175050153016,g20_g21
1005,73.0,veh_017,798.4,74.6356735801553,12.750207302009695,0.01449114375282079,g21_g20_0,318.1643264198447,g21_g20
1005,73.0,veh_018,724.4387396911848,798.4,13.566845614218773,0.16068744956050018,g12_g22_0,317.23873969118483,g12_g22
1005,73.0,veh_019,800.5632204561588,800.1279659064021,6.392741632460836,-0.5425302415725648,:g22_0_0,3.5528061192022733,:g22_0
1005,73.0,veh_020,625.3451973943235,398.4,13.6619546279804,0.3704556597824542,g11_g21_0,218.1451973943235,g11_g21
1005,73.0,veh_021,172.84775565391269,401.6,12.534210210591805,-0.5503496694916308,g11_g01_0,219.95224434608733,g11_g01
1005,73.0,veh_022,401.6,693.3420557264642,11.76004869645049,-0.2991266994142361,g11_g12_0,286.1420557264642,g11_g12
1005,73.0,veh_023,398.4,92.35227847289343,14.077286976745382,-0.22106371322180962,g11_g10_0,300.4477215271066,g11_g10
1005,74.0,veh_000,801.6,208.27128730013857,13.989391249454322,0.022852136925793687,g20_g21_0,205.07128730013858,g20_g21
1005,74.0,veh_001,708.7617693633586,1.6,12.5662887230089,0.04104143957141737,g20_g10_0,88.03823063664136,g20_g10
1005,74.0,veh_002,798.4,584.8151092260756,14.6657206384276,-0.09922092937398652,g22_g21_0,211.9848907739244,g22_g21
1005,74.0,veh_003,633.2091532740297,801.6,14.59114290635448,-0.003729244172573587,g22_g12_0,163.5908467259702,g22_g12
1005,74.0,veh_004,788.7799358204495,398.4,13.011713137760951,-0.11878378906287246,g11_g21_0,381.5799358204495,g11_g21
1005,74.0,veh_008,801.6,124.12220687387575,14.828429724790448,0.32240419677458654,g20_g21_0,120.92220687387575,g20_g21
1005,74.0,veh_009,742.0461722449452,1.6,14.348086081213095,1.2642367905687202,g20_g10_0,54.753827755054814,g20_g10
1005,74.0,veh_010,798.4,700.328142016831,15.0654156351692,0.33923665048554597,g22_g21_0,96.47185798316904,g22_g21
1005,74.0,veh_011,773.7856471792963,801.6,10.732811687158376,2.5974426678055895,g22_g12_0,23.014352820703564,g22_g12
1005,74.0,veh_012,659.997275520371,398.4,12.914915574519641,-0.3493187987711295,g11_g21_0,252.79727552037102,g11_g21
1005,74.0,veh_013,137.38431655795682,401.6,12.911020162605489,-0.2596645247424014,g11_g01_0,255.4156834420432,g11_g01
1005,74.0,veh_014,401.6,726.4120143643006,11.894475524866284,-0.3090949189290413,g11_g12_0,319.2120143643007,g11_g12
1005,74.0,veh_016,801.6,26.728086496156525,10.546335994626364,1.9479378530476232,g20_g21_0,23.528086496156526,g20_g21
1005,74.0,veh_017,798.4,61.33024910763049,13.305424472524793,0.5552171705150979,g21_g20_0,331.4697508923695,g21_g20
1005,74.0,veh_018,737.7914090952944,798.4,13.352669404109628,-0.21417621010914445,g12_g22_0,330.59140909529447,g12_g22
1005,74.0,veh_019,794.0556134551565,801.6,6.931580425641149,0.5388387931803136,g22_g12_0,2.7443865448434224,g22_g12
1005,74.0,veh_020,638.4829773442874,398.4,13.137779949963901,-0.5241746780164984,g11_g21_0,231.28297734428742,g11_g21
1005,74.0,veh_021,159.57527939197763,401.6,13.272476261935045,0.7382660513432402,g11_g01_0,233.22472060802238,g11_g01
1005,74.0,veh_022,401.6,705.2989805492228,11.95692482275871,0.19687612630822038,g11_g12_0,298.0989805492229,g11_g12
1005,74.0,veh_023,398.4,77.83062228795933,14.521656184934109,0.4443692081887267,g11_g10_0,314.9693777120407,g11_g10
1005,75.0,veh_000,801.6,222.68965912666408,14.418371826525519,0.4289805770711972,g20_g21_0,219.4896591266641,g20_g21
1005,75.0,veh_001,696.2552855125217,1.6,12.506483850836947,-0.05980487217195396,g20_g10_0,100.5447144874783,g20_g10
1005,75.0,veh_002,798.4,570.2352480390723,14.579861187003269,-0.08585945142433182,g22_g21_0,226.56475196092768,g22_g21
1005,75.0,veh_003,618.8177275871658,801.6,14.391425686863924,-0.19971721949055699,g22_g12_0,177.98227241283413,g22_g12
1005,75.0,veh_008,801.6,138.68014707159062,14.557940197714897,-0.27048952707555074,g20_g21_0,135.48014707159064,g20_g21
1005,75.0,veh_009,727.7874747475794,1.6,14.258697497365773,-0.08938858384732207,g20_g10_0,69.01252525242059,g20_g10
1005,75.0,veh_010,798.4,685.1468076128916,15.181334403939262,0.11591876877006158,g22_g21_0,111.6531923871083,g22_g21
1005,75.0,veh_011,760.6731612903208,801.6,13.112485888975627,2.3796742018172505,g22_g12_0,36.12683870967919,g22_g12
1005,75.0,veh_012,673.1257738937338,398.4,13.128498373362914,0.21358279884327303,g11_g21_0,265.92577389373395,g11_g21
1005,75.0,veh_013,124.37634099949355,401.6,13.007975558463292,0.09695539585780288,g11_g01_0,268.42365900050646,g11_g01
1005,75.0,veh_014,401.6,738.6306551573814,12.218640793080704,0.32416526821442027,g11_g12_0,331.4306551573814,g11_g12
1005,75.0,veh_016,801.6,39.514604782466634,12.786518286310105,2.240182291683741,g20_g21_0,36.31460478246663,g20_g21
1005,75.0,veh_017,798.4,48.129706560283466,13.200542547347032,-0.10488192517776085,g21_g20_0,344.67029343971654,g21_g20
1005,75.0,veh_018,750.7792067381547,798.4,12.98779764286025,-0.36487176124937726,g12_g22_0,343.5792067381547,g12_g22
1005,75.0,veh_019,784.6956637281302,801.6,9.359949727026395,2.4283693013852456,g22_g12_0,12.104336271869817,g22_g12
1005,75.0,veh_020,651.7000879392486,398.4,13.217110594961275,0.07933064499737341,g11_g21_0,244.5000879392487,g11_g21
1005,75.0,veh_021,146.85152513786204,401.6,12.723754254115581,-0.5487220078194639,g11_g01_0,245.94847486213797,g11_g01
1005,75.0,veh_022,401.6,717.283802098977,11.984821549754244,0.027896726995534138,g11_g12_0,310.0838020989772,g11_g12
1005,75.0,veh_023,398.4,63.91739882624847,13.913223461710878,-0.6084327232232312,g11_g10_0,328.88260117375154,g11_g10
1005,76.0,veh_000,801.6,237.1616040124942,14.471944885830137,0.0535730593046182,g20_g21_0,233.96160401249423,g20_g21
1005,76.0,veh_001,683.3954875226659,1.6,12.859797989855714,0.3533141390187673,g20_g10_0,113.40451247733401,g20_g10
1005,76.0,veh_002,798.4,555.5883519323181,14.646896106754147,0.06703491975087772,g22_g21_0,241.21164806768184,g22_g21
1005,76.0,veh_003,604.3243030819295,801.6,14.4934245052363,0.10199881837237612,g22_g12_0,192.47569691807044,g22_g12
1005,76.0,veh_008,801.6,153.51849029848378,14.838343226893166,0.2804030291782684,g20_g21_0,150.3184902984838,g20_g21
1005,76.0,veh_009,713.2086053937526,1.6,14.578869353826866,0.3201718564610925,g20_g10_0,83.59139460624745,g20_g10
1005,76.0,veh_010,798.4,670.4215892719,14.725218340991713,-0.45611606294754914,g22_g21_0,126.37841072810002,g22_g21
1005,76.0,veh_011,747.1544273016947,801.6,13.51873398862613,0.4062480996505027,g22_g12_0,49.64557269830532,g22_g12
1005,76.0,veh_012,686.7328154983047,398.4,13.607041604570792,0.4785432312078779,g11_g21_0,279.5328154983047,g11_g21
1005,76.0,veh_013,111.61768537118604,401.6,12.75865562830753,-0.24931993015576204,g11_g01_0,281.18231462881397,g11_g01
1005,76.0,veh_014,401.6,750.8626596770807,12.232004519699403,0.013363726618699445,g11_g12_0,343.6626596770808,g11_g12
1005,76.0,veh_016,801.6,54.58257149005012,15.067966707583485,2.28144842127338,g20_g21_0,51.38257149005012,g20_g21
1005,76.0,veh_017,798.4,35.16552284936472,12.96418371091877,-0.23635883642826272,g21_g20_0,357.6344771506353,g21_g20
1005,76.0,veh_018,763.9799293144949,798.4,13.200722576340349,0.21292493348009778,g12_g22_0,356.77992931449506,g12_g22
1005,76.0,veh_019,773.2008714928176,801.6,11.494792235312632,2.134842508286237,g22_g12_0,23.59912850718245,g22_g12
1005,76.0,veh_020,664.4024219020364,398.4,12.702333962787762,-0.514776632173513,g11_g21_0,257.20242190203646,g11_g21
1005,76.0,veh_021,133.47914005853983,401.6,13.372385079322205,0.6486308252066237,g11_g01_0,259.3208599414602,g11_g01
1005,76.0,veh_022,401.6,729.8838385861897,12.600036487212561,0.6152149374583171,g11_g12_0,322.6838385861897,g11_g12
1005,76.0,veh_023,398.4,49.40112352999341,14.516275296255044,0.603051834544166,g11_g10_0,343.3988764700066,g11_g10
1005,77.0,veh_000,801.6,251.23907532072624,14.077471308232026,-0.3944735775981112,g20_g21_0,248.03907532072625,g20_g21
1005,77.0,veh_001,670.5496901165716,1.6,12.845797406094343,-0.014000583761371033,g20_g10_0,126.25030988342836,g20_g10
1005,77.0,veh_002,798.4,540.6906887290502,14.897663203268028,0.25076709651388107,g22_g21_0,256.1093112709499,g22_g21
1005,77.0,veh_003,590.1159335069927,801.6,14.208369574936778,-0.28505493029952156,g22_g12_0,206.6840664930072,g22_g12
1005,77.0,veh_008,801.6,168.0256297329139,14.507139434430108,-0.3312037924630573,g20_g21_0,164.8256297329139,g20_g21
1005,77.0,veh_009,698.3907352883307,1.6,14.817870105421878,0.23900075159501277,g20_g10_0,98.40926471166932,g20_g10
1005,77.0,veh_010,798.4,655.8667120345347,14.554877237365298,-0.17034110362641464,g22_g21_0,140.93328796546533,g22_g21
1005,77.0,veh_011,733.460753065598,801.6,13.693674236096642,0.17494024747051284,g22_g12_0,63.33924693440196,g22_g12
1005,77.0,veh_012,699.6744867751709,398.4,12.941671276866206,-0.6653703277045864,g11_g21_0,292.47448677517093,g11_g21
1005,77.0,veh_013,98.8551404394895,401.6,12.762544931696535,0.003889303389005505,g11_g01_0,293.9448595605105,g11_g01
1005,77.0,veh_014,401.6,762.7893936141004,11.926733937019744,-0.30527058267965934,g11_g12_0,355.5893936141005,g11_g12
1005,77.0,veh_016,801.6,69.81088497328476,15.228313483234631,0.16034677565114563,g20_g21_0,66.61088497328475,g20_g21
1005,77.0,veh_017,798.4,21.814728315102457,13.350794534262278,0.38661082334350816,g21_g20_0,370.98527168489755,g21_g20
1005,77.0,veh_018,776.8603589600182,798.4,12.880429645523117,-0.32029293081723154,g12_g22_0,369.6603589600182,g12_g22
1005,77.0,veh_019,759.5350498494104,801.6,13.665821643407105,2.1710294080944728,g22_g12_0,37.264950150589556,g22_g12
1005,77.0,veh_020,677.826425924543,398.4,13.424004022506574,0.7216700597188126,g11_g21_0,270.626425924543,g11_g21
1005,77.0,veh_021,120.24165180665807,401.6,13.237488251881732,-0.13489682744047293,g11_g01_0,272.55834819334194,g11_g01
1005,77.0,veh_022,401.6,742.5006274592959,12.61678887310612,0.016752385893559207,g11_g12_0,335.30062745929587,g11_g12
1005,77.0,veh_023,398.4,35.54943524388358,13.851688286109857,-0.664587010145187,g11_g10_0,357.25056475611643,g11_g10
1005,78.0,veh_000,801.6,265.54260262481745,14.303527304091231,0.22605599585920544,g20_g21_0,262.34260262481746,g20_g21
1005,78.0,veh_001,657.7814114603243,1.6,12.768278656247265,-0.07751874984707818,g20_g10_0,139.01858853967562,g20_g10
1005,78.0,veh_002,798.4,525.8124602756247,14.878228453425407,-0.01943474984262039,g22_g21_0,270.9875397243753,g22_g21
1005,78.0,veh_003,575.8171402351069,801.6,14.298793271885925,0.09042369694914676,g22_g12_0,220.98285976489313,g22_g12
1005,78.0,veh_008,801.6,183.05560976597474,15.029980033060829,0.5228405986307205,g20_g21_0,179.85560976597475,g20_g21
1005,78.0,veh_009,684.244783485862,1.6,14.145951802468709,-0.6719183029531699,g20_g10_0,112.55521651413804,g20_g10
1005,78.0,veh_010,798.4,640.7227102303684,15.14400180416619,0.5891245668008924,g22_g21_0,156.0772897696315,g22_g21
1005,78.0,veh_011,719.988242912144,801.6,13.472510153453998,-0.22116408264264464,g22_g12_0,76.81175708785597,g22_g12
1005,78.0,veh_012,712.7448671057648,398.4,13.070380330594004,0.12870905372779795,g11_g21_0,305.5448671057649,g11_g21
1005,78.0,veh_013,85.8314084975392,401.6,13.023731941950315,0.26118701025377966,g11_g01_0,306.9685915024608,g11_g01
1005,78.0,veh_014,401.6,774.6563094290173,11.866915814916865,-0.059818122102878846,g11_g12_0,367.4563094290174,g11_g12
1005,78.0,veh_016,801.6,84.69639328884996,14.8855083155652,-0.3428051676694306,g20_g21_0,81.49639328884996,g20_g21
1005,78.0,veh_017,798.4,10.960412568274194,10.854315746828249,-2.496478787434029,g21_g20_0,381.8395874317258,g21_g20
1005,78.0,veh_018,788.9018151808086,798.4,12.041456220790444,-0.8389734247326732,g12_g22_0,381.70181518080864,g12_g22
1005,78.0,veh_019,745.0050068633349,801.6,14.53004298607556,0.864221342668456,g22_g12_0,51.79499313666511,g22_g12
1005,78.0,veh_020,690.4732036959326,398.4,12.64677777138963,-0.7772262511169448,g11_g21_0,283.27320369593264,g11_g21
1005,78.0,veh_021,107.27737052816644,401.6,12.964281278491608,-0.2732069733901241,g11_g01_0,285.52262947183357,g11_g01
1005,78.0,veh_022,401.6,754.4898902015103,11.989262742214516,-0.6275261308916047,g11_g12_0,347.2898902015104,g11_g12
1005,78.0,veh_023,398.4,21.31094873922916,14.23848650465443,0.3867982185445733,g11_g10_0,371.48905126077085,g11_g10
1005,79.0,veh_000,801.6,279.4964101095613,13.953807484743859,-0.3497198193473725,g20_g21_0,276.2964101095613,g20_g21
1005,79.0,veh_001,645.0567224424183,1.6,12.724689017906048,-0.043589638341217096,g20_g10_0,151.74327755758168,g20_g10
1005,79.0,veh_002,798.4,511.2523769793306,14.56008329629404,-0.31814515713136693,g22_g21_0,285.5476230206694,g22_g21
1005,79.0,veh_003,561.9515508051763,801.6,13.865589429930525,-0.4332038419554003,g22_g12_0,234.84844919482367,g22_g12
1005,79.0,veh_008,801.6,197.7433549657159,14.687745199741157,-0.3422348333196723,g20_g21_0,194.5433549657159,g20_g21
1005,79.0,veh_009,670.084781820735,1.6,14.16000166512693,0.014049862658222168,g20_g10_0,126.71521817926497,g20_g10
1005,79.0,veh_010,798.4,625.8578160236958,14.864894206672624,-0.2791075974935673,g22_g21_0,170.94218397630414,g22_g21
1005,79.0,veh_011,706.1968114852974,801.6,13.791431426846623,0.31892127339262544,g22_g12_0,90.6031885147026,g22_g12
1005,79.0,veh_012,725.764437544553,398.4,13.01957043878802,-0.05080989180598472,g11_g21_0,318.56443754455296,g11_g21
1005,79.0,veh_013,73.08243926538626,401.6,12.748969232152955,-0.2747627097973595,g11_g01_0,319.71756073461376,g11_g01
1005,79.0,veh_014,401.6,786.7836092708537,12.127299841836358,0.2603840269194926,g11_g12_0,379.58360927085374,g11_g12
1005,79.0,veh_016,801.6,100.10106838342571,15.404675094575756,0.5191667790105559,g20_g21_0,96.90106838342571,g20_g21
1005,79.0,veh_017,798.4,3.4119399092905383,7.548472658983683,-3.3058430878445657,g21_g20_0,389.3880600907095,g21_g20
1005,79.0,veh_018,796.4465058310702,798.4,7.5446906502616295,-4.496765570528814,g12_g22_0,389.2465058310703,g12_g22
1005,79.0,veh_019,730.7082005242205,801.6,14.296806339114333,-0.23323664696122748,g22_g12_0,66.09179947577945,g22_g12
1005,79.0,veh_020,703.9344306775396,398.4,13.461226981606995,0.814449210217365,g11_g21_0,296.73443067753965,g11_g21
1005,79.0,veh_021,94.63993693419945,401.6,12.637433593967005,-0.3268476845246031,g11_g01_0,298.16006306580056,g11_g01
1005,79.0,veh_022,401.6,766.0765592365162,11.586669035005876,-0.40259370720863963,g11_g12_0,358.87655923651624,g11_g12
1005,80.0,veh_000,801.6,294.0796630604296,14.58325295086831,0.6294454661244515,g20_g21_0,290.8796630604296,g20_g21
1005,80.0,veh_001,632.156497733765,1.6,12.90022470865325,0.17553569074720166,g20_g10_0,164.64350226623492,g20_g10
1005,80.0,veh_002,798.4,496.7089794093672,14.543397569963425,-0.016685726330615935,g22_g21_0,300.0910205906328,g22_g21
1005,80.0,veh_003,547.589049007981,801.6,14.362501797195264,0.49691236726473953,g22_g12_0,249.21095099201892,g22_g12
1005,80.0,veh_008,801.6,212.33246815146367,14.589113185747818,-0.09863201399333832,g20_g21_0,209.1324681514637,g20_g21
1005,80.0,veh_009,656.3818443949436,1.6,13.702937425791404,-0.4570642393355264,g20_g10_0,140.41815560505637,g20_g10
1005,80.0,veh_010,798.4,610.923400641689,14.934415382006854,0.06952117533423063,g22_g21_0,185.87659935831098,g22_g21
1005,80.0,veh_011,692.3548821415977,801.6,13.841929343699679,0.05049791685305571,g22_g12_0,104.44511785840227,g22_g12
1005,80.0,veh_012,739.0418456902244,398.4,13.277408145671457,0.25783770688343743,g11_g21_0,331.84184569022443,g11_g21
1005,80.0,veh_013,59.74758097610743,401.6,13.334858289278852,0.5858890571258968,g11_g01_0,333.0524190238926,g11_g01
1005,80.0,veh_016,801.6,115.1812202765936,15.080151893167892,-0.32452320140786384,g20_g21_0,111.9812202765936,g20_g21
1005,80.0,veh_017,796.1272908645793,1.6,3.4646490447112175,-4.0838236142724655,g20_g10_0,0.6727091354206731,g20_g10
1005,80.0,veh_018,798.4,796.514560380908,3.2189337880216913,-4.325756862239938,g22_g21_0,0.28543961909194415,g22_g21
1005,80.0,veh_019,716.5829785233165,801.6,14.125222000904051,-0.17158433821028218,g22_g12_0,80.2170214766835,g22_g12
1005,80.0,veh_020,716.8227683514871,398.4,12.88833767394748,-0.5728893076595138,g11_g21_0,309.62276835148714,g11_g21
1005,80.0,veh_021,81.937262553121,401.6,12.702674381078475,0.06524078711147041,g11_g01_0,310.862737446879,g11_g01
1005,80.0,veh_022,401.6,777.8920842682909,11.815525031774731,0.22885599676885526,g11_g12_0,370.69208426829096,g11_g12
1005,81.0,veh_000,801.6,308.53682138056945,14.457158320139834,-0.12609463072847582,g20_g21_0,305.33682138056946,g20_g21
1005,81.0,veh_001,619.5335875095386,1.6,12.622910224226498,-0.27731448442675166,g20_g10_0,177.26641249046142,g20_g10
1005,81.0,veh_002,798.4,481.6334794121121,15.07549999725511,0.5321024272916848,g22_g21_0,315.16652058788793,g22_g21
1005,81.0,veh_003,533.304046255086,801.6,14.285002752895208,-0.0774990443000565,g22_g12_0,263.4959537449141,g22_g12
1005,81.0,veh_008,801.6,226.64968292345463,14.317214771990956,-0.27189841375686186,g20_g21_0,223.44968292345467,g20_g21
1005,81.0,veh_009,642.7243444959687,1.6,13.657499898974919,-0.045437526816485274,g20_g10_0,154.0756555040313,g20_g10
1005,81.0,veh_010,798.4,596.3932123627981,14.530188278890863,-0.40422710311599097,g22_g21_0,200.40678763720186,g22_g21
1005,81.0,veh_011,678.8193783231135,801.6,13.535503818484225,-0.3064255252154542,g22_g12_0,117.9806216768865,g22_g12
1005,81.0,veh_012,752.0544760366099,398.4,13.012630346385508,-0.26477779928594813,g11_g21_0,344.8544760366099,g11_g21
1005,81.0,veh_013,46.59708082026475,401.6,13.150500155842671,-0.1843581334361808,g11_g01_0,346.20291917973526,g11_g01
1005,81.0,veh_016,801.6,130.30124252802926,15.12002225143569,0.03987035826779817,g20_g21_0,127.10124252802929,g20_g21
1005,81.0,veh_017,790.0997654292628,1.6,6.027525435316451,2.5628763906052336,g20_g10_0,6.700234570737124,g20_g10
1005,81.0,veh_018,798.4,791.1116914892837,5.402868891624399,2.1839351036027077,g22_g21_0,5.688308510716343,g22_g21
1005,81.0,veh_019,702.1950488745641,801.6,14.387929648752362,0.2627076478483108,g22_g12_0,94.60495112543586,g22_g12
1005,81.0,veh_020,730.4535855652115,398.4,13.630817213724438,0.7424795397769568,g11_g21_0,323.25358556521155,g11_g21
1005,81.0,veh_021,68.79573382767819,401.6,13.14152872544279,0.43885434436431403,g11_g01_0,324.0042661723218,g11_g01
1005,81.0,veh_022,401.6,792.0241904263215,14.132106158030645,2.3165811262559135,g11_g12_0,384.8241904263216,g11_g12
1005,82.0,veh_000,801.6,322.785545109416,14.2487237288465,-0.20843459129333475,g20_g21_0,319.585545109416,g20_g21
1005,82.0,veh_001,606.4510241057317,1.6,13.082563403806843,0.4596531795803447,g20_g10_0,190.34897589426825,g20_g10
1005,82.0,veh_002,798.4,466.79702773791547,14.836451674196585,-0.2390483230585243,g22_g21_0,330.00297226208454,g22_g21
1005,82.0,veh_003,519.2731062881533,801.6,14.030939966932612,-0.2540627859625957,g22_g12_0,277.52689371184675,g22_g12
1005,82.0,veh_008,801.6,241.58301409827004,14.933331174815367,0.6161164028244102,g20_g21_0,238.38301409827005,g20_g21
1005,82.0,veh_009,629.5146595006572,1.6,13.209684995311465,-0.44781490366345444,g20_g10_0,167.28534049934277,g20_g10
1005,82.0,veh_010,798.4,581.4577831735653,14.935429189232826,0.40524091034196275,g22_g21_0,215.34221682643468,g22_g21
1005,82.0,veh_011,665.2108627455102,801.6,13.608515577603333,0.07301175911910818,g22_g12_0,131.58913725448983,g22_g12
1005,82.0,veh_012,765.3708318634419,398.4,13.316355826832101,0.30372548044659275,g11_g21_0,358.170831863442,g11_g21
1005,82.0,veh_013,33.310596031653404,401.6,13.28648478861134,0.13598463276866823,g11_g01_0,359.4894039683466,g11_g01
1005,82.0,veh_016,801.6,145.0285897718879,14.727347243858636,-0.3926750075770542,g20_g21_0,141.82858977188792,g20_g21
1005,82.0,veh_017,781.6440948350315,1.6,8.4556705942313,2.428145158914849,g20_g10_0,15.155905164968424,g20_g10
1005,82.0,veh_018,798.4,783.4760036793613,7.6356878099223975,2.2328189182979985,g22_g21_0,13.323996320638742,g22_g21
1005,82.0,veh_019,688.5037659573942,801.6,13.691282917169934,-0.6966467315824278,g22_g12_0,108.29623404260579,g22_g12
1005,82.0,veh_020,743.3416772508751,398.4,12.888091685663586,-0.742725528060852,g11_g21_0,336.14167725087515,g11_g21
1005,82.0,veh_021,55.18487740755222,401.6,13.610856420125993,0.46932769468320323,g11_g01_0,337.6151225924478,g11_g01
1005,83.0,veh_000,801.6,337.11741019182125,14.33186508240525,0.08314135355874974,g20_g21_0,333.91741019182126,g20_g21
1005,83.0,veh_001,593.8676274772241,1.6,12.583396628507607,-0.49916677529923525,g20_g10_0,202.93237252277586,g20_g10
1005,83.0,veh_002,798.4,452.1882866697416,14.608741068173847,-0.22771060602273785,g22_g21_0,344.6117133302584,g22_g21
1005,83.0,veh_003,505.0178422282113,801.6,14.255264059941958,0.2243240930093453,g22_g12_0,291.7821577717887,g22_g12
1005,83.0,veh_008,801.6,256.0059632569379,14.42294915866788,-0.5103820161474868,g20_g21_0,252.80596325693793,g20_g21
1005,83.0,veh_009,616.3608916774219,1.6,13.153767823235286,-0.05591717207617819,g20_g10_0,180.43910832257805,g20_g10
1005,83.0,veh_010,798.4,566.9080403173955,14.549742856169768,-0.3856863330630578,g22_g21_0,229.89195968260444,g22_g21
1005,83.0,veh_011,651.5727155858414,801.6,13.638147159668819,0.029631582065485773,g22_g12_0,145.22728441415865,g22_g12
1005,83.0,veh_012,778.9039252561006,398.4,13.533093392658726,0.21673756582662485,g11_g21_0,371.7039252561007,g11_g21
1005,83.0,veh_013,20.436388012173495,401.6,12.874208019479918,-0.41227676913142197,g11_g01_0,372.3636119878265,g11_g01
1005,83.0,veh_016,801.6,160.00024933937175,14.971659567483837,0.24431232362520028,g20_g21_0,156.80024933937176,g20_g21
1005,83.0,veh_017,771.1439143872426,1.6,10.500180447788983,2.044509853557683,g20_g10_0,25.65608561275741,g20_g10
1005,83.0,veh_018,798.4,773.8511856642854,9.624818015075885,1.9891302051534874,g22_g21_0,22.948814335714626,g22_g21
1005,83.0,veh_019,674.3524318272997,801.6,14.151334130094495,0.4600512129245615,g22_g12_0,122.44756817270029,g22_g12
1005,83.0,veh_020,756.3270798622302,398.4,12.985402611355065,0.09731092569147926,g11_g21_0,349.12707986223023,g11_g21
1005,83.0,veh_021,42.137277705869565,401.6,13.047599701682667,-0.5632567184433253,g11_g01_0,350.66272229413045,g11_g01
1005,84.0,veh_000,801.6,351.32246293942075,14.205052747599522,-0.1268123348057273,g20_g21_0,348.12246293942076,g20_g21
1005,84.0,veh_001,581.292862873704,1.6,12.574764603520006,-0.008632024987601739,g20_g10_0,215.50713712629587,g20_g10
1005,84.0,veh_002,798.4,437.4302475108845,14.758039158857144,0.14929809068329725,g22_g21_0,359.3697524891155,g22_g21
1005,84.0,veh_003,490.5775247854833,801.6,14.440317442727947,0.18505338278598948,g22_g12_0,306.2224752145167,g22_g12
1005,84.0,veh_008,801.6,270.68608839995585,14.680125143017912,0.25717598435003275,g20_g21_0,267.48608839995586,g20_g21
1005,84.0,veh_009,603.2886608446329,1.6,13.072230832789005,-0.08153699044628127,g20_g10_0,193.51133915536707,g20_g10
1005,84.0,veh_010,798.4,552.0257387297984,14.882301587597183,0.3325587314274152,g22_g21_0,244.77426127020163,g22_g21
1005,84.0,veh_011,638.2789729507093,801.6,13.293742635132014,-0.34440452453680415,g22_g12_0,158.52102704929067,g22_g12
1005,84.0,veh_012,792.3898813561684,398.4,13.485956100067803,-0.04713729259092325,g11_g21_0,385.18988135616854,g11_g21
1005,84.0,veh_013,7.637230183012889,401.6,12.79915782916061,-0.07505019031930793,g11_g01_0,385.1627698169871,g11_g01
1005,84.0,veh_016,801.6,175.17472663651589,15.174477297144147,0.20281772966031042,g20_g21_0,171.9747266365159,g20_g21
1005,84.0,veh_017,758.0613034495615,1.6,13.082610937681123,2.5824304898921397,g20_g10_0,38.73869655043853,g20_g10
1005,84.0,veh_018,798.4,761.752173888224,12.099011776061394,2.474193760985509,g22_g21_0,35.04782611177602,g22_g21
1005,84.0,veh_019,660.3986058783742,801.6,13.953825948925589,-0.19750818116890656,g22_g12_0,136.40139412162588,g22_g12
1005,84.0,veh_020,770.2288144247939,398.4,13.901734562563636,0.916331951208571,g11_g21_0,363.0288144247939,g11_g21
1005,84.0,veh_021,29.43530362614996,401.6,12.701974079719623,-0.3456256219630447,g11_g01_0,363.36469637385005,g11_g01
1005,85.0,veh_000,801.6,365.5512401281062,14.228777188685465,0.023724441085942516,g20_g21_0,362.3512401281062,g20_g21
1005,85.0,veh_001,568.2110990913061,1.6,13.081763782398038,0.5069991788780328,g20_g10_0,228.58890090869392,g20_g10
1005,85.0,veh_002,798.4,422.51613041848304,14.914117092401437,0.15607793354429234,g22_g21_0,374.28386958151697,g22_g21
1005,85.0,veh_003,476.32456599214237,801.6,14.252958793340923,-0.18735864938702385,g22_g12_0,320.47543400785764,g22_g12
1005,85.0,veh_008,801.6,285.71502813065064,15.028939730694809,0.34881458767689644,g20_g21_0,282.51502813065065,g20_g21
1005,85.0,veh_009,590.3738044232675,1.6,12.914856421365403,-0.15737441142360176,g20_g10_0,206.42619557673248,g20_g10
1005,85.0,veh_010,798.4,537.2361138838544,14.789624845944061,-0.09267674165312201,g22_g21_0,259.5638861161457,g22_g21
1005,85.0,veh_011,624.8096911065402,801.6,13.469281844169103,0.17553920903708864,g22_g12_0,171.99030889345977,g22_g12
1005,85.0,veh_016,801.6,190.33318103204118,15.158454395525293,-0.01602290161885378,g20_g21_0,187.1331810320412,g20_g21
1005,85.0,veh_017,745.1601554907594,1.6,12.901147958802067,-0.18146297887905583,g20_g10_0,51.6398445092406,g20_g10
1005,85.0,veh_018,798.4,748.7243826479736,13.02779124025038,0.9287794641889864,g22_g21_0,48.0756173520264,g22_g21
1005,85.0,veh_019,646.773957956486,801.6,13.624647921888082,-0.3291780270375071,g22_g12_0,150.02604204351397,g22_g12
1005,85.0,veh_020,783.8127701591236,398.4,13.583955734329706,-0.31777882823393,g11_g21_0,376.6127701591236,g11_g21
1005,85.0,veh_021,16.66950605914576,401.6,12.765797567004197,0.06382348728457465,g11_g01_0,376.13049394085425,g11_g01
1005,86.0,veh_000,801.6,380.1450807582806,14.593840630174356,0.3650634414888909,g20_g21_0,376.9450807582806,g20_g21
1005,86.0,veh_001,555.2682365311678,1.6,12.9428625601383,-0.13890122225973833,g20_g10_0,241.53176346883222,g20_g10
1005,86.0,veh_002,798.4,407.5981071438726,14.918023274610468,0.0039061822090307174,g22_g21_0,389.2018928561274,g22_g21
1005,86.0,veh_003,462.27867430420366,801.6,14.045891687938685,-0.20706710540223838,g22_g12_0,334.52132569579635,g22_g12
1005,86.0,veh_008,801.6,300.63959063506076,14.924562504410105,-0.10437722628470425,g20_g21_0,297.43959063506077,g20_g21
1005,86.0,veh_009,577.3725528114626,1.6,13.001251611804873,0.08639519043946997,g20_g10_0,219.42744718853734,g20_g10
1005,86.0,veh_010,798.4,522.4387852129078,14.797328670946598,0.007703825002536746,g22_g21_0,274.3612147870923,g22_g21
1005,86.0,veh_011,610.803519005347,801.6,14.00617210119331,0.536890257024206,g22_g12_0,185.99648099465307,g22_g12
1005,86.0,veh_016,801.6,205.0591443410546,14.72596330901342,-0.43249108651187385,g20_g21_0,201.85914434105462,g20_g21
1005,86.0,veh_017,732.3791732803346,1.6,12.780982210424737,-0.12016574837732996,g20_g10_0,64.42082671966534,g20_g10
1005,86.0,veh_018,798.4,735.2254427755637,13.498939872409837,0.4711486321594567,g22_g21_0,61.574557224436234,g22_g21
1005,86.0,veh_019,633.1332863240807,801.6,13.640671632405363,0.01602371051728113,g22_g12_0,163.66671367591934,g22_g12
1005,87.0,veh_000,801.6,394.0256253505053,13.880544592224734,-0.7132960379496218,:g21_2_0,1.225625350505311,:g21_2
1005,87.0,veh_001,542.7595008251586,1.6,12.508735706009164,-0.4341268541291363,g20_g10_0,254.0404991748414,g20_g10
1005,87.0,veh_002,798.4,392.4241867931834,15.173920350689158,0.25589707607869094,g21_g20_0,0.3758132068165647,g21_g20
1005,87.0,veh_003,448.38844174437116,801.6,13.890232559832485,-0.15565912810619942,g22_g12_0,348.41155825562885,g22_g12
1005,87.0,veh_008,801.6,315.58129506339856,14.941704428337806,0.017141923927701086,g20_g21_0,312.38129506339857,g20_g21
1005,87.0,veh_009,564.1520945810147,1.6,13.220458230447997,0.21920661864312407,g20_g10_0,232.64790541898535,g20_g10
1005,87.0,veh_010,798.4,507.9681548045502,14.470630408357545,-0.3266982625890531,g22_g21_0,288.83184519544983,g22_g21
1005,87.0,veh_011,597.2850590726703,801.6,13.518459932676718,-0.48771216851659105,g22_g12_0,199.51494092732977,g22_g12
1005,87.0,veh_016,801.6,220.46001373071726,15.400869389662654,0.6749060806492349,g20_g21_0,217.26001373071728,g20_g21
1005,87.0,veh_017,718.9993086511461,1.6,13.37986462918856,0.5988824187638233,g20_g10_0,77.8006913488539,g20_g10
1005,87.0,veh_018,798.4,721.9174042875774,13.30803848798635,-0.19090138442348703,g22_g21_0,74.88259571242259,g22_g21
1005,87.0,veh_019,619.2968895548447,801.6,13.836396769235932,0.19572513683056947,g22_g12_0,177.50311044515527,g22_g12
1005,88.0,veh_000,801.6,407.97615227046975,13.950526919964442,0.0699823277397087,g21_g22_0,0.776152270469753,g21_g22
1005,88.0,veh_001,529.8432719430198,1.6,12.91622888213881,0.40749317612964653,g20_g10_0,266.9567280569802,g20_g10
1005,88.0,veh_002,798.4,377.7834103050221,14.640776488161363,-0.5331438625277958,g21_g20_0,15.016589694977927,g21_g20
1005,88.0,veh_003,434.51797222462494,801.6,13.870469519746232,-0.019763040086253625,g22_g12_0,362.28202777537507,g22_g12
1005,88.0,veh_008,801.6,330.1718022732186,14.590507209820034,-0.35119721851777186,g20_g21_0,326.9718022732186,g20_g21
1005,88.0,veh_009,551.831720947637,1.6,12.320373633377654,-0.900084597070343,g20_g10_0,244.968279052363,g20_g10
1005,88.0,veh_010,798.4,493.5160052160242,14.452149588525943,-0.01848081983160199,g22_g21_0,303.2839947839758,g22_g21
1005,88.0,veh_011,583.794923998903,801.6,13.490135073767245,-0.028324858909472894,g22_g12_0,213.00507600109702,g22_g12
1005,88.0,veh_016,801.6,235.25620873709445,14.7961950063772,-0.6046743832854542,g20_g21_0,232.05620873709447,g20_g21
1005,88.0,veh_017,705.6593171773502,1.6,13.339991473795855,-0.03987315539270497,g20_g10_0,91.14068282264975,g20_g10
1005,88.0,veh_018,798.4,708.9480114434809,12.969392844096447,-0.3386456438899028,g22_g21_0,87.85198855651903,g22_g21
1005,88.0,veh_019,605.8900042498502,801.6,13.406885304994532,-0.42951146424140063,g22_g12_0,190.9099957501498,g22_g12
1005,89.0,veh_000,801.6,422.3910150758313,14.4148628053616,0.4643358853971584,g21_g22_0,15.191015075831354,g21_g22
1005,89.0,veh_001,517.0461074820971,1.6,12.797164460922785,-0.11906442121602545,g20_g10_0,279.75389251790295,g20_g10
1005,89.0,veh_002,798.4,362.86140478245926,14.92200552256284,0.28122903440147695,g21_g20_0,29.938595217540765,g21_g20
1005,89.0,veh_003,420.0828836229922,801.6,14.435088601632716,0.5646190818864838,g22_g12_0,376.7171163770078,g22_g12
1005,89.0,veh_008,801.6,344.6106226387856,14.438820365567052,-0.15168684425298196,g20_g21_0,341.41062263878564,g20_g21
1005,89.0,veh_009,539.1344905171284,1.6,12.697230430508672,0.3768567971310173,g20_g10_0,257.66550948287164,g20_g10
1005,89.0,veh_010,798.4,478.8617480381277,14.654257177896515,0.20210758937057172,g22_g21_0,317.9382519618723,g22_g21
1005,89.0,veh_011,569.7444802753862,801.6,14.05044372351674,0.5603086497494942,g22_g12_0,227.05551972461376,g22_g12
1005,89.0,veh_016,801.6,249.95804209709604,14.701833360001581,-0.09436164637561895,g20_g21_0,246.75804209709605,g20_g21
1005,89.0,veh_017,692.935815695263,1.6,12.723501482087196,-0.6164899917086597,g20_g10_0,103.86418430473695,g20_g10
1005,89.0,veh_018,798.4,695.3966547186565,13.551356724824446,0.581963880727999,g22_g21_0,101.40334528134348,g22_g21
1005,89.0,veh_019,592.5297654917852,801.6,13.360238758065016,-0.046646546929515864,g22_g12_0,204.2702345082148,g22_g12
1005,90.0,veh_000,801.6,436.9009338697869,14.50991879395556,0.09505598859395903,g21_g22_0,29.700933869786915,g21_g22
1005,90.0,veh_001,504.47850956097966,1.6,12.567597921117402,-0.22956653980538277,g20_g10_0,292.32149043902035,g20_g10
1005,90.0,veh_002,798.4,348.3180959399421,14.543308842517153,-0.378696680045687,g21_g20_0,44.481904060057914,g21_g20
1005,90.0,veh_003,405.7584026051058,801.6,14.324481017886402,-0.11060758374631341,:g12_0_0,1.4415973948941883,:g12_0
1005,90.0,veh_008,801.6,358.98907679995307,14.378454161167436,-0.0603662043996156,g20_g21_0,355.7890767999531,g20_g21
1005,90.0,veh_009,525.9183943830017,1.6,13.21609613412668,0.5188657036180082,g20_g10_0,270.88160561699834,g20_g10
1005,90.0,veh_010,798.4,464.2639139221264,14.59783411600133,-0.056423061895184645,g22_g21_0,332.5360860778736,g22_g21
1005,90.0,veh_011,555.9696468201158,801.6,13.774833455270358,-0.2756102682463819,g22_g12_0,240.83035317988413,g22_g12
1005,90.0,veh_016,801.6,264.9993900966149,15.041347999518873,0.3395146395172919,g20_g21_0,261.7993900966149,g20_g21
1005,90.0,veh_017,679.9720293297214,1.6,12.963786365541639,0.24028488345444288,g20_g10_0,116.82797067027859,g20_g10
1005,90.0,veh_018,798.4,682.520709478921,12.875945239735456,-0.6754114850889898,g22_g21_0,114.27929052107893,g22_g21
1005,90.0,veh_019,578.3726815757481,801.6,14.157083916037134,0.7968451579721183,g22_g12_0,218.42731842425192,g22_g12
1005,91.0,veh_000,801.6,451.1204615931325,14.219527723345646,-0.290391070609914,g21_g22_0,43.92046159313256,g21_g22
1005,91.0,veh_001,491.4234926863839,1.6,13.055016874595738,0.4874189534783362,g20_g10_0,305.3765073136161,g20_g10
1005,91.0,veh_002,798.4,333.87813052780996,14.439965412132159,-0.10334343038499405,g21_g20_0,58.921869472190075,g21_g20
1005,91.0,veh_003,391.6113263194812,801.6,14.147076285624617,-0.17740473226178466,g12_g02_0,1.1886736805188054,g12_g02
1005,91.0,veh_008,801.6,374.01422396107114,15.025147161118047,0.646692999950611,g20_g21_0,370.81422396107115,g20_g21
1005,91.0,veh_009,512.9725741789069,1.6,12.94582020409475,-0.2702759300319304,g20_g10_0,283.8274258210931,g20_g10
1005,91.0,veh_010,798.4,449.67376108886515,14.590152833261243,-0.00768128274008717,g22_g21_0,347.12623891113486,g22_g21
1005,91.0,veh_011,542.5026776499709,801.6,13.46696917014496,-0.30786428512539743,g22_g12_0,254.29732235002908,g22_g12
1005,91.0,veh_016,801.6,280.37423804302136,15.374847946406478,0.33349994688760454,g20_g21_0,277.1742380430214,g20_g21
1005,91.0,veh_017,666.7345452058441,1.6,13.237484123877259,0.2736977583356204,g20_g10_0,130.06545479415584,g20_g10
1005,91.0,veh_018,798.4,669.6260335089016,12.894675970019462,0.018730730284005404,g22_g21_0,127.1739664910984,g22_g21
1005,91.0,veh_019,564.4043054686908,801.6,13.968376107057223,-0.18870780897991146,g22_g12_0,232.39569453130915,g22_g12
1005,92.0,veh_000,801.6,465.52485054448323,14.404388951350676,0.1848612280050297,g21_g22_0,58.32485054448323,g21_g22
1005,92.0,veh_001,479.0018141497153,1.6,12.421678536668614,-0.6333383379271247,g20_g10_0,317.7981858502847,g20_g10
1005,92.0,veh_002,798.4,319.39120140845984,14.486929119350105,0.04696370721794629,g21_g20_0,73.40879859154018,g21_g20
1005,92.0,veh_003,377.51323357508073,801.6,14.098092744400466,-0.048983541224151494,g12_g02_0,15.286766424919271,g12_g02
1005,92.0,veh_008,801.6,388.9596144214341,14.94539046036295,-0.07975670075509811,g20_g21_0,385.7596144214341,g20_g21
1005,92.0,veh_009,499.803307168013,1.6,13.169267010893904,0.22344680679915463,g20_g10_0,296.996692831987,g20_g10
1005,92.0,veh_010,798.4,434.6295950258324,15.044166063032762,0.4540132297715189,g22_g21_0,362.17040497416764,g22_g21
1005,92.0,veh_011,528.570359803299,801.6,13.932317846671879,0.4653486765269186,g22_g12_0,268.229640196701,g22_g12
1005,92.0,veh_016,801.6,295.48472237238764,15.11048432936626,-0.2643636170402175,g20_g21_0,292.28472237238765,g20_g21
1005,92.0,veh_017,653.374926169096,1.6,13.359619036748082,0.12213491287082334,g20_g10_0,143.42507383090393,g20_g10
1005,92.0,veh_018,798.4,656.7458664304488,12.880167078452805,-0.014508891566656246,g22_g21_0,140.0541335695512,g22_g21
1005,92.0,veh_019,550.9971858824364,801.6,13.40711958625445,-0.5612565208027736,g22_g12_0,245.8028141175636,g22_g12
1005,93.0,veh_000,801.6,480.05055043222336,14.525699887740167,0.12131093638949153,g21_g22_0,72.8505504322234,g21_g22
1005,93.0,veh_001,466.28121112672625,1.6,12.72060302298908,0.2989244863204661,g20_g10_0,330.51878887327376,g20_g10
1005,93.0,veh_002,798.4,304.537890752178,14.853310656281836,0.3663815369317316,g21_g20_0,88.26210924782201,g21_g20
1005,93.0,veh_003,363.04231810222524,801.6,14.470915472855532,0.37282272845506625,g12_g02_0,29.757681897774802,g12_g02
1005,93.0,veh_008,801.6,403.51286223762634,14.553247816192279,-0.39214264417067035,:g21_2_0,10.712862237626325,:g21_2
1005,93.0,veh_009,487.4957608537466,1.6,12.307546314266409,-0.8617206966274953,g20_g10_0,309.3042391462534,g20_g10
1005,93.0,veh_010,798.4,419.5321250376887,15.09746998814372,0.05330392511095816,g22_g21_0,377.26787496231134,g22_g21
1005,93.0,veh_011,515.129532389466,801.6,13.44082741383297,-0.4914904328389085,g22_g12_0,281.67046761053393,g22_g12
1005,93.0,veh_016,801.6,310.5677492597543,15.083026887366684,-0.02745744199957656,g20_g21_0,307.3677492597543,g20_g21
1005,93.0,veh_017,640.5511313155736,1.6,12.82379485352245,-0.5358241832256319,g20_g10_0,156.24886868442638,g20_g10
1005,93.0,veh_018,798.4,643.7907721930396,12.95509423740922,0.07492715895641489,g22_g21_0,153.0092278069604,g22_g21
1005,93.0,veh_019,537.1944413113263,801.6,13.80274457111009,0.39562498485564035,g22_g12_0,259.6055586886737,g22_g12
1005,94.0,veh_000,801.6,494.20899899268824,14.158448560464869,-0.36725132727529797,g21_g22_0,87.00899899268828,g21_g22
1005,94.0,veh_001,453.2314782179435,1.6,13.049732908782742,0.3291298857936624,g20_g10_0,343.5685217820565,g20_g10
1005,94.0,veh_002,798.4,289.5653525584579,14.97253819372011,0.11922753743827386,g21_g20_0,103.23464744154212,g21_g20
1005,94.0,veh_003,348.48526313347537,801.6,14.557054968749846,0.08613949589431336,g12_g02_0,44.31473686652465,g12_g02
1005,94.0,veh_008,801.6,418.3377594146756,14.824897177049252,0.2716493608569728,g21_g22_0,11.137759414675577,g21_g22
1005,94.0,veh_009,475.2187488882725,1.6,12.277011965474104,-0.030534348792304655,g20_g10_0,321.5812511117275,g20_g10
1005,94.0,veh_010,798.4,404.67651622729767,14.855608810390994,-0.24186117775272642,:g21_1_0,2.5234837727023205,:g21_1
1005,94.0,veh_011,501.70944409245084,801.6,13.420088297015257,-0.020739116817713565,g22_g12_0,295.0905559075492,g22_g12
1005,94.0,veh_016,801.6,325.9498453949162,15.382096135161953,0.2990692477952699,g20_g21_0,322.74984539491624,g20_g21
1005,94.0,veh_017,627.6125006796788,1.6,12.938630635894844,0.11483578237239378,g20_g10_0,169.18749932032122,g20_g10
1005,94.0,veh_018,798.4,630.4356362988242,13.355135894215355,0.4000416568061347,g22_g21_0,166.36436370117576,g22_g21
1005,94.0,veh_019,524.1725873991645,801.6,13.021853912161786,-0.7808906589483033,g22_g12_0,272.62741260083544,g22_g12
1005,95.0,veh_000,801.6,508.08494330656436,13.875944313876072,-0.2825042465887968,g21_g22_0,100.88494330656435,g21_g22
1005,95.0,veh_001,440.2933478232629,1.6,12.93813039468062,-0.11160251410212219,g20_g10_0,356.50665217673713,g20_g10
1005,95.0,veh_002,798.4,275.08414805633663,14.481204502121262,-0.49133369159884843,g21_g20_0,117.71585194366338,g21_g20
1005,95.0,veh_003,333.95578166162045,801.6,14.529481471854934,-0.027573496894911287,g12_g02_0,58.844218338379584,g12_g02
1005,95.0,veh_008,801.6,432.82879228980676,14.491032875131177,-0.3338643019180747,g21_g22_0,25.628792289806754,g21_g22
1005,95.0,veh_009,462.0549326283139,1.6,13.163816259958589,0.8868042944844845,g20_g10_0,334.7450673716861,g20_g10
1005,95.0,veh_010,798.4,390.1929673714699,14.483548855827838,-0.37205995456315577,g21_g20_0,2.607032628530158,g21_g20
1005,95.0,veh_011,487.8110380026521,801.6,13.898406089798748,0.47831779278349096,g22_g12_0,308.98896199734793,g22_g12
1005,95.0,veh_016,801.6,340.786129090942,14.836283696025745,-0.545812439136208,g20_g21_0,337.586129090942,g20_g21
1005,95.0,veh_017,614.6464982509767,1.6,12.966002428702087,0.027371792807242556,g20_g10_0,182.15350174902332,g20_g10
1005,95.0,veh_018,798.4,617.1358568042958,13.299779494528348,-0.055356399687006785,g22_g21_0,179.6641431957041,g22_g21
1005,95.0,veh_019,511.099000805313,801.6,13.073586593851592,0.05173268168980627,g22_g12_0,285.70099919468703,g22_g12
