topology,ttl_seconds,from_vehicle_count,to_vehicle_count,metric,previous_mean,current_mean,absolute_change,relative_change
corridor,0.0,20,40,observed_vehicle_count,20.0,40.0,20.0,1.0
corridor,0.0,20,40,interactions,1686.0,3378.0,1692.0,1.00355871886121
corridor,0.0,20,40,mean_active_vehicles,17.8,35.589473684210525,17.789473684210524,0.9994086339444114
corridor,0.0,20,40,peak_active_vehicles,20.0,40.0,20.0,1.0
corridor,0.0,20,40,cache_hits,0.0,0.0,0.0,
corridor,0.0,20,40,cache_misses,1686.0,3378.0,1692.0,1.00355871886121
corridor,0.0,20,40,cache_hit_rate,0.0,0.0,0.0,
corridor,0.0,20,40,v2i_queries,1686.0,3378.0,1692.0,1.00355871886121
corridor,0.0,20,40,v2i_queries_avoided,0.0,0.0,0.0,
corridor,0.0,20,40,query_failures,0.0,0.0,0.0,
corridor,0.0,20,40,accepted,1242.8,2454.4,1211.6000000000001,0.9748953974895399
corridor,0.0,20,40,rejected,443.2,923.6,480.40000000000003,1.0839350180505416
corridor,0.0,20,40,anomaly_escalations,33.0,65.6,32.599999999999994,0.9878787878787877
corridor,0.0,20,40,stale_trust_acceptances,0.0,0.0,0.0,
corridor,0.0,20,40,stale_acceptance_rate,0.0,0.0,0.0,
corridor,0.0,20,40,authorization_latency_mean_ms,16.966065004046026,16.902672468473092,-0.0633925355729339,-0.003736431256028796
corridor,0.0,20,40,authorization_latency_p95_ms,24.194941529100532,24.17746326829883,-0.01747826080170256,-0.0007223931820905842
corridor,0.0,20,40,messages_total,3442.8,6897.4,3454.5999999999995,1.003427442779133
corridor,0.0,20,40,messages_per_interaction,2.0419928825622775,2.0418590882178806,-0.00013379434439686477,-6.552145481965668e-05
corridor,0.0,20,40,bytes_total,2424179.2,4855500.8,2431321.5999999996,1.002946316839943
corridor,0.0,20,40,bytes_per_interaction,1437.828706998814,1437.389224393132,-0.43948260568186015,-0.00030565713672471746
corridor,0.0,20,40,cache_entries_final,222.9,477.1,254.20000000000002,1.1404217137729924
corridor,0.0,20,40,cache_entries_peak,222.9,477.1,254.20000000000002,1.1404217137729924
corridor,0.0,40,60,observed_vehicle_count,40.0,60.0,20.0,0.5
corridor,0.0,40,60,interactions,3378.0,4952.1,1574.1000000000004,0.46598579040852584
corridor,0.0,40,60,mean_active_vehicles,35.589473684210525,52.148421052631576,16.55894736842105,0.465276545400769
corridor,0.0,40,60,peak_active_vehicles,40.0,60.0,20.0,0.5
corridor,0.0,40,60,cache_hits,0.0,0.0,0.0,
corridor,0.0,40,60,cache_misses,3378.0,4952.1,1574.1000000000004,0.46598579040852584
corridor,0.0,40,60,cache_hit_rate,0.0,0.0,0.0,
corridor,0.0,40,60,v2i_queries,3378.0,4952.1,1574.1000000000004,0.46598579040852584
corridor,0.0,40,60,v2i_queries_avoided,0.0,0.0,0.0,
corridor,0.0,40,60,query_failures,0.0,0.0,0.0,
corridor,0.0,40,60,accepted,2454.4,3591.2,1136.7999999999997,0.4631681877444588
corridor,0.0,40,60,rejected,923.6,1360.9,437.30000000000007,0.47347336509311394
corridor,0.0,40,60,anomaly_escalations,65.6,97.3,31.700000000000003,0.48323170731707327
corridor,0.0,40,60,stale_trust_acceptances,0.0,0.0,0.0,
corridor,0.0,40,60,stale_acceptance_rate,0.0,0.0,0.0,
corridor,0.0,40,60,authorization_latency_mean_ms,16.902672468473092,16.91614410590369,0.013471637430598093,0.0007970122745811603
corridor,0.0,40,60,authorization_latency_p95_ms,24.17746326829883,24.172126560676713,-0.005336707622117132,-0.00022073066818033602
corridor,0.0,40,60,messages_total,6897.4,10112.2,3214.800000000001,0.4660886710934557
corridor,0.0,40,60,messages_per_interaction,2.0418590882178806,2.0419994338028773,0.0001403455849966484,6.873421667855687e-05
corridor,0.0,40,60,bytes_total,4855500.8,7117734.4,2262233.6000000006,0.4659114874412132
corridor,0.0,40,60,bytes_per_interaction,1437.389224393132,1437.3124353988328,-0.07678899429924968,-5.3422547627397244e-05
corridor,0.0,40,60,cache_entries_final,477.1,570.4,93.29999999999995,0.1955564871096205
corridor,0.0,40,60,cache_entries_peak,477.1,570.4,93.29999999999995,0.1955564871096205
corridor,0.0,60,80,observed_vehicle_count,60.0,80.0,20.0,0.3333333333333333
corridor,0.0,60,80,interactions,4952.1,6293.3,1341.1999999999998,0.27083459542416344
corridor,0.0,60,80,mean_active_vehicles,52.148421052631576,66.25578947368422,14.10736842105264,0.2705234048565836
corridor,0.0,60,80,peak_active_vehicles,60.0,80.0,20.0,0.3333333333333333
corridor,0.0,60,80,cache_hits,0.0,0.0,0.0,
corridor,0.0,60,80,cache_misses,4952.1,6293.3,1341.1999999999998,0.27083459542416344
corridor,0.0,60,80,cache_hit_rate,0.0,0.0,0.0,
corridor,0.0,60,80,v2i_queries,4952.1,6293.3,1341.1999999999998,0.27083459542416344
corridor,0.0,60,80,v2i_queries_avoided,0.0,0.0,0.0,
corridor,0.0,60,80,query_failures,0.0,0.0,0.0,
corridor,0.0,60,80,accepted,3591.2,4573.3,982.1000000000004,0.27347404767208744
corridor,0.0,60,80,rejected,1360.9,1720.0,359.0999999999999,0.2638694981262399
corridor,0.0,60,80,anomaly_escalations,97.3,129.0,31.700000000000003,0.3257965056526208
corridor,0.0,60,80,stale_trust_acceptances,0.0,0.0,0.0,
corridor,0.0,60,80,stale_acceptance_rate,0.0,0.0,0.0,
corridor,0.0,60,80,authorization_latency_mean_ms,16.91614410590369,16.92101705765243,0.004872951748740917,0.0002880651594260343
corridor,0.0,60,80,authorization_latency_p95_ms,24.172126560676713,24.1793465512044,0.007219990527687514,0.0002986907465325379
corridor,0.0,60,80,messages_total,10112.2,12855.0,2742.7999999999993,0.2712367239572001
corridor,0.0,60,80,messages_per_interaction,2.0419994338028773,2.0426451651740223,0.0006457313711449864,0.00031622504906498493
corridor,0.0,60,80,bytes_total,7117734.4,9048576.0,1930841.5999999996,0.2712719373175823
corridor,0.0,60,80,bytes_per_interaction,1437.3124353988328,1437.8073785787224,0.49494317988956027,0.000344353230167539
corridor,0.0,60,80,cache_entries_final,570.4,685.4,115.0,0.20161290322580647
corridor,0.0,60,80,cache_entries_peak,570.4,685.4,115.0,0.20161290322580647
corridor,0.0,80,100,observed_vehicle_count,80.0,100.0,20.0,0.25
corridor,0.0,80,100,interactions,6293.3,7454.7,1161.3999999999996,0.18454546899083146
corridor,0.0,80,100,mean_active_vehicles,66.25578947368422,78.48105263157895,12.22526315789473,0.18451614953211623
corridor,0.0,80,100,peak_active_vehicles,80.0,100.0,20.0,0.25
corridor,0.0,80,100,cache_hits,0.0,0.0,0.0,
corridor,0.0,80,100,cache_misses,6293.3,7454.7,1161.3999999999996,0.18454546899083146
corridor,0.0,80,100,cache_hit_rate,0.0,0.0,0.0,
corridor,0.0,80,100,v2i_queries,6293.3,7454.7,1161.3999999999996,0.18454546899083146
corridor,0.0,80,100,v2i_queries_avoided,0.0,0.0,0.0,
corridor,0.0,80,100,query_failures,0.0,0.0,0.0,
corridor,0.0,80,100,accepted,4573.3,5439.3,866.0,0.18935998075787724
corridor,0.0,80,100,rejected,1720.0,2015.4,295.4000000000001,0.17174418604651168
corridor,0.0,80,100,anomaly_escalations,129.0,146.5,17.5,0.13565891472868216
corridor,0.0,80,100,stale_trust_acceptances,0.0,0.0,0.0,
corridor,0.0,80,100,stale_acceptance_rate,0.0,0.0,0.0,
corridor,0.0,80,100,authorization_latency_mean_ms,16.92101705765243,16.93094521741907,0.009928159766637634,0.0005867354032450243
corridor,0.0,80,100,authorization_latency_p95_ms,24.1793465512044,24.179459912420675,0.000113361216275365,4.68834904348225e-06
corridor,0.0,80,100,messages_total,12855.0,15224.5,2369.5,0.18432516530532866
corridor,0.0,80,100,messages_per_interaction,2.0426451651740223,2.0422700530836706,-0.00037511209035168136,-0.00018364035846613812
corridor,0.0,80,100,bytes_total,9048576.0,10717196.8,1668620.8000000007,0.1844070050359306
corridor,0.0,80,100,bytes_per_interaction,1437.8073785787224,1437.6434856404915,-0.16389293823090156,-0.00011398810485512344
corridor,0.0,80,100,cache_entries_final,685.4,1019.6,334.20000000000005,0.48759848263787575
corridor,0.0,80,100,cache_entries_peak,685.4,1019.6,334.20000000000005,0.48759848263787575
corridor,1.0,20,40,observed_vehicle_count,20.0,40.0,20.0,1.0
corridor,1.0,20,40,interactions,1686.0,3378.0,1692.0,1.00355871886121
corridor,1.0,20,40,mean_active_vehicles,17.8,35.589473684210525,17.789473684210524,0.9994086339444114
corridor,1.0,20,40,peak_active_vehicles,20.0,40.0,20.0,1.0
corridor,1.0,20,40,cache_hits,725.3,1382.3,657.0,0.9058320694884876
corridor,1.0,20,40,cache_misses,960.7,1995.7,1035.0,1.0773394399916727
corridor,1.0,20,40,cache_hit_rate,0.4301897983392645,0.40920663114268796,-0.020983167196576558,-0.04877653370112792
corridor,1.0,20,40,v2i_queries,960.7,1995.7,1035.0,1.0773394399916727
corridor,1.0,20,40,v2i_queries_avoided,725.3,1382.3,657.0,0.9058320694884876
corridor,1.0,20,40,query_failures,0.0,0.1,0.1,
corridor,1.0,20,40,accepted,1242.8,2462.0,1219.2,0.9810106211779853
corridor,1.0,20,40,rejected,443.2,916.0,472.8,1.0667870036101084
corridor,1.0,20,40,anomaly_escalations,36.5,65.0,28.5,0.7808219178082192
corridor,1.0,20,40,stale_trust_acceptances,3.3,5.1,1.7999999999999998,0.5454545454545454
corridor,1.0,20,40,stale_acceptance_rate,0.00195729537366543,0.00150976909413848,-0.00044752627952695015,-0.22864524463104768
corridor,1.0,20,40,authorization_latency_mean_ms,9.744845775132273,10.109518247126712,0.36467247199443875,0.03742208757423755
corridor,1.0,20,40,authorization_latency_p95_ms,22.617123210272982,22.820446916930827,0.20332370665784438,0.008989812929236384
corridor,1.0,20,40,messages_total,1957.2,4070.4,2113.2,1.0797057020232985
corridor,1.0,20,40,messages_per_interaction,1.1608540925266904,1.204973357015986,0.044119264489295595,0.03800586548587389
corridor,1.0,20,40,bytes_total,1378316.8,2865472.0,1487155.2,1.0789647198670145
corridor,1.0,20,40,bytes_per_interaction,817.5069988137604,848.2747187685021,30.767719954741665,0.03763603247358985
corridor,1.0,20,40,cache_entries_final,222.9,477.1,254.20000000000002,1.1404217137729924
corridor,1.0,20,40,cache_entries_peak,222.9,477.1,254.20000000000002,1.1404217137729924
corridor,1.0,40,60,observed_vehicle_count,40.0,60.0,20.0,0.5
corridor,1.0,40,60,interactions,3378.0,4952.1,1574.1000000000004,0.46598579040852584
corridor,1.0,40,60,mean_active_vehicles,35.589473684210525,52.148421052631576,16.55894736842105,0.465276545400769
corridor,1.0,40,60,peak_active_vehicles,40.0,60.0,20.0,0.5
corridor,1.0,40,60,cache_hits,1382.3,2145.1,762.8,0.551833900021703
corridor,1.0,40,60,cache_misses,1995.7,2807.0,811.3,0.4065240266573132
corridor,1.0,40,60,cache_hit_rate,0.40920663114268796,0.4331730476926497,0.023966416549961733,0.0585680062980328
corridor,1.0,40,60,v2i_queries,1995.7,2807.0,811.3,0.4065240266573132
corridor,1.0,40,60,v2i_queries_avoided,1382.3,2145.1,762.8,0.551833900021703
corridor,1.0,40,60,query_failures,0.1,0.2,0.1,1.0
corridor,1.0,40,60,accepted,2462.0,3602.4,1140.4,0.4632006498781479
corridor,1.0,40,60,rejected,916.0,1349.7,433.70000000000005,0.47347161572052404
corridor,1.0,40,60,anomaly_escalations,65.0,97.4,32.400000000000006,0.49846153846153857
corridor,1.0,40,60,stale_trust_acceptances,5.1,10.2,5.1,1.0
corridor,1.0,40,60,stale_acceptance_rate,0.00150976909413848,0.0020601343970214,0.0005503653028829201,0.3645360770859965
corridor,1.0,40,60,authorization_latency_mean_ms,10.109518247126712,9.701357400030126,-0.4081608470965854,-0.04037391665152702
corridor,1.0,40,60,authorization_latency_p95_ms,22.820446916930827,22.776200023356523,-0.04424689357430367,-0.0019389144189580374
corridor,1.0,40,60,messages_total,4070.4,5726.8,1656.4,0.40693789308176104
corridor,1.0,40,60,messages_per_interaction,1.204973357015986,1.1564266284511426,-0.04854672856484332,-0.040288632343760004
corridor,1.0,40,60,bytes_total,2865472.0,4032025.6,1166553.6,0.4071069617850044
corridor,1.0,40,60,bytes_per_interaction,848.2747187685021,814.1976322396622,-34.077086528839914,-0.040172229320133375
corridor,1.0,40,60,cache_entries_final,477.1,570.3,93.19999999999993,0.19534688744497994
corridor,1.0,40,60,cache_entries_peak,477.1,570.3,93.19999999999993,0.19534688744497994
corridor,1.0,60,80,observed_vehicle_count,60.0,80.0,20.0,0.3333333333333333
corridor,1.0,60,80,interactions,4952.1,6293.3,1341.1999999999998,0.27083459542416344
corridor,1.0,60,80,mean_active_vehicles,52.148421052631576,66.25578947368422,14.10736842105264,0.2705234048565836
corridor,1.0,60,80,peak_active_vehicles,60.0,80.0,20.0,0.3333333333333333
corridor,1.0,60,80,cache_hits,2145.1,2745.1,600.0,0.27970723975572237
corridor,1.0,60,80,cache_misses,2807.0,3548.2,741.1999999999998,0.26405415033843954
corridor,1.0,60,80,cache_hit_rate,0.4331730476926497,0.43616289917964324,0.0029898514869935444,0.006902210335844674
corridor,1.0,60,80,v2i_queries,2807.0,3548.2,741.1999999999998,0.26405415033843954
corridor,1.0,60,80,v2i_queries_avoided,2145.1,2745.1,600.0,0.27970723975572237
corridor,1.0,60,80,query_failures,0.2,0.2,0.0,0.0
corridor,1.0,60,80,accepted,3602.4,4590.1,987.7000000000003,0.27417832556073735
corridor,1.0,60,80,rejected,1349.7,1703.2,353.5,0.2619100540860932
corridor,1.0,60,80,anomaly_escalations,97.4,124.3,26.89999999999999,0.2761806981519506
corridor,1.0,60,80,stale_trust_acceptances,10.2,11.9,1.700000000000001,0.1666666666666668
corridor,1.0,60,80,stale_acceptance_rate,0.0020601343970214,0.00189144841125331,-0.00016868598576809,-0.08188105883382216
corridor,1.0,60,80,authorization_latency_mean_ms,9.701357400030126,9.658364530956081,-0.04299286907404465,-0.004431634389009433
corridor,1.0,60,80,authorization_latency_p95_ms,22.776200023356523,22.780938826860382,0.004738803503858691,0.00020805944358581087
corridor,1.0,60,80,messages_total,5726.8,7239.7,1512.8999999999996,0.26417894810365294
corridor,1.0,60,80,messages_per_interaction,1.1564266284511426,1.1504421598980599,-0.005984468553082767,-0.005174966059972219
corridor,1.0,60,80,bytes_total,4032025.6,5097779.2,1065753.6,0.2643221312880553
corridor,1.0,60,80,bytes_per_interaction,814.1976322396622,810.0749949877403,-4.122637251921901,-0.005063435569790981
corridor,1.0,60,80,cache_entries_final,570.3,685.4,115.10000000000002,0.2018236016131861
corridor,1.0,60,80,cache_entries_peak,570.3,685.4,115.10000000000002,0.2018236016131861
corridor,1.0,80,100,observed_vehicle_count,80.0,100.0,20.0,0.25
corridor,1.0,80,100,interactions,6293.3,7454.7,1161.3999999999996,0.18454546899083146
corridor,1.0,80,100,mean_active_vehicles,66.25578947368422,78.48105263157895,12.22526315789473,0.18451614953211623
corridor,1.0,80,100,peak_active_vehicles,80.0,100.0,20.0,0.25
corridor,1.0,80,100,cache_hits,2745.1,3134.3,389.2000000000003,0.14177989872864388
corridor,1.0,80,100,cache_misses,3548.2,4320.4,772.1999999999998,0.21763147511414235
corridor,1.0,80,100,cache_hit_rate,0.43616289917964324,0.420441531039041,-0.01572136814060221,-0.03604471671059537
corridor,1.0,80,100,v2i_queries,3548.2,4320.4,772.1999999999998,0.21763147511414235
corridor,1.0,80,100,v2i_queries_avoided,2745.1,3134.3,389.2000000000003,0.14177989872864388
corridor,1.0,80,100,query_failures,0.2,0.2,0.0,0.0
corridor,1.0,80,100,accepted,4590.1,5454.8,864.6999999999998,0.18838369534432794
corridor,1.0,80,100,rejected,1703.2,1999.9,296.70000000000005,0.17420150305307658
corridor,1.0,80,100,anomaly_escalations,124.3,145.8,21.500000000000014,0.17296862429605805
corridor,1.0,80,100,stale_trust_acceptances,11.9,14.4,2.5,0.21008403361344538
corridor,1.0,80,100,stale_acceptance_rate,0.00189144841125331,0.00193198586509833,4.053745384501994e-05,0.021431963781744934
corridor,1.0,80,100,authorization_latency_mean_ms,9.658364530956081,9.917607822259221,0.2592432913031395,0.02684132396041144
corridor,1.0,80,100,authorization_latency_p95_ms,22.780938826860382,22.83632390434395,0.05538507748356736,0.002431202590222679
corridor,1.0,80,100,messages_total,7239.7,8815.4,1575.6999999999998,0.21764714007486496
corridor,1.0,80,100,messages_per_interaction,1.1504421598980599,1.1825377958092922,0.03209563591123232,0.027898522003119482
corridor,1.0,80,100,bytes_total,5097779.2,6207654.4,1109875.2000000002,0.2177173934877368
corridor,1.0,80,100,bytes_per_interaction,810.0749949877403,832.7239938033283,22.648998815588016,0.027959138296733608
corridor,1.0,80,100,cache_entries_final,685.4,1019.6,334.20000000000005,0.48759848263787575
corridor,1.0,80,100,cache_entries_peak,685.4,1019.6,334.20000000000005,0.48759848263787575
corridor,2.0,20,40,observed_vehicle_count,20.0,40.0,20.0,1.0
corridor,2.0,20,40,interactions,1686.0,3378.0,1692.0,1.00355871886121
corridor,2.0,20,40,mean_active_vehicles,17.8,35.589473684210525,17.789473684210524,0.9994086339444114
corridor,2.0,20,40,peak_active_vehicles,20.0,40.0,20.0,1.0
corridor,2.0,20,40,cache_hits,952.9,1855.6,902.6999999999999,0.9473187113023401
corridor,2.0,20,40,cache_misses,733.1,1522.4,789.3000000000001,1.0766607556949939
corridor,2.0,20,40,cache_hit_rate,0.5651838671411625,0.5493191237418591,-0.015864743399303438,-0.02807005705868989
corridor,2.0,20,40,v2i_queries,733.1,1522.4,789.3000000000001,1.0766607556949939
corridor,2.0,20,40,v2i_queries_avoided,952.9,1855.6,902.6999999999999,0.9473187113023401
corridor,2.0,20,40,query_failures,0.0,0.1,0.1,
corridor,2.0,20,40,accepted,1250.0,2462.6,1212.6,0.9700799999999999
corridor,2.0,20,40,rejected,436.0,915.4,479.4,1.0995412844036696
corridor,2.0,20,40,anomaly_escalations,33.4,70.3,36.9,1.1047904191616766
corridor,2.0,20,40,stale_trust_acceptances,7.6,11.3,3.700000000000001,0.4868421052631581
corridor,2.0,20,40,stale_acceptance_rate,0.00450771055753256,0.0033451746595618004,-0.0011625358979707595,-0.25789941104983255
corridor,2.0,20,40,authorization_latency_mean_ms,7.52718142316363,7.787218023350879,0.2600366001872487,0.03454634418496012
corridor,2.0,20,40,authorization_latency_p95_ms,22.113521994120823,22.25683794557669,0.14331595145586817,0.006480919298787893
corridor,2.0,20,40,messages_total,1498.8,3110.7,1611.8999999999999,1.0754603682946358
corridor,2.0,20,40,messages_per_interaction,0.8889679715302492,0.9208703374777976,0.03190236594754836,0.03588696890016448
corridor,2.0,20,40,bytes_total,1055961.6,2191769.6,1135808.0,1.0756148708437883
corridor,2.0,20,40,bytes_per_interaction,626.3117437722419,648.8364712847839,22.524727512541972,0.03596408296110935
corridor,2.0,20,40,cache_entries_final,222.9,477.1,254.20000000000002,1.1404217137729924
corridor,2.0,20,40,cache_entries_peak,222.9,477.1,254.20000000000002,1.1404217137729924
corridor,2.0,40,60,observed_vehicle_count,40.0,60.0,20.0,0.5
corridor,2.0,40,60,interactions,3378.0,4952.1,1574.1000000000004,0.46598579040852584
corridor,2.0,40,60,mean_active_vehicles,35.589473684210525,52.148421052631576,16.55894736842105,0.465276545400769
corridor,2.0,40,60,peak_active_vehicles,40.0,60.0,20.0,0.5
corridor,2.0,40,60,cache_hits,1855.6,2866.0,1010.4000000000001,0.5445139038585903
corridor,2.0,40,60,cache_misses,1522.4,2086.1,563.6999999999998,0.37027062532842864
corridor,2.0,40,60,cache_hit_rate,0.5493191237418591,0.578754463712382,0.029435339970522945,0.053585136031702146
corridor,2.0,40,60,v2i_queries,1522.4,2086.1,563.6999999999998,0.37027062532842864
corridor,2.0,40,60,v2i_queries_avoided,1855.6,2866.0,1010.4000000000001,0.5445139038585903
corridor,2.0,40,60,query_failures,0.1,0.1,0.0,0.0
corridor,2.0,40,60,accepted,2462.6,3614.3,1151.7000000000003,0.46767643953545046
corridor,2.0,40,60,rejected,915.4,1337.8,422.4,0.46143762289709417
corridor,2.0,40,60,anomaly_escalations,70.3,97.0,26.700000000000003,0.3798008534850641
corridor,2.0,40,60,stale_trust_acceptances,11.3,17.6,6.300000000000001,0.5575221238938053
corridor,2.0,40,60,stale_acceptance_rate,0.0033451746595618004,0.0035543650033188295,0.00020919034375702908,0.06253495408949196
corridor,2.0,40,60,authorization_latency_mean_ms,7.787218023350879,7.287743654207721,-0.499474369143158,-0.06414028317242769
corridor,2.0,40,60,authorization_latency_p95_ms,22.25683794557669,22.078134859460942,-0.1787030861157497,-0.008029131835920342
corridor,2.0,40,60,messages_total,3110.7,4261.0,1150.3000000000002,0.3697881505770406
corridor,2.0,40,60,messages_per_interaction,0.9208703374777976,0.8604245086490014,-0.06044582882879612,-0.06563989127324181
corridor,2.0,40,60,bytes_total,2191769.6,3001804.8,810035.1999999997,0.3695804522519154
corridor,2.0,40,60,bytes_per_interaction,648.8364712847839,606.1547951713998,-42.68167611338413,-0.06578186955007113
corridor,2.0,40,60,cache_entries_final,477.1,570.4,93.29999999999995,0.1955564871096205
corridor,2.0,40,60,cache_entries_peak,477.1,570.4,93.29999999999995,0.1955564871096205
corridor,2.0,60,80,observed_vehicle_count,60.0,80.0,20.0,0.3333333333333333
corridor,2.0,60,80,interactions,4952.1,6293.3,1341.1999999999998,0.27083459542416344
corridor,2.0,60,80,mean_active_vehicles,52.148421052631576,66.25578947368422,14.10736842105264,0.2705234048565836
corridor,2.0,60,80,peak_active_vehicles,60.0,80.0,20.0,0.3333333333333333
corridor,2.0,60,80,cache_hits,2866.0,3667.3,801.3000000000002,0.2795882763433357
corridor,2.0,60,80,cache_misses,2086.1,2626.0,539.9000000000001,0.2588083025741815
corridor,2.0,60,80,cache_hit_rate,0.578754463712382,0.5826890767142154,0.003934613001833398,0.006798414955791588
corridor,2.0,60,80,v2i_queries,2086.1,2626.0,539.9000000000001,0.2588083025741815
corridor,2.0,60,80,v2i_queries_avoided,2866.0,3667.3,801.3000000000002,0.2795882763433357
corridor,2.0,60,80,query_failures,0.1,0.1,0.0,0.0
corridor,2.0,60,80,accepted,3614.3,4600.9,986.5999999999995,0.2729712530780509
corridor,2.0,60,80,rejected,1337.8,1692.4,354.60000000000014,0.2650620421587682
corridor,2.0,60,80,anomaly_escalations,97.0,127.4,30.400000000000006,0.31340206185567016
corridor,2.0,60,80,stale_trust_acceptances,17.6,24.2,6.599999999999998,0.37499999999999983
corridor,2.0,60,80,stale_acceptance_rate,0.0035543650033188295,0.0038469646508088305,0.000292599647490001,0.08232121552423315
corridor,2.0,60,80,authorization_latency_mean_ms,7.287743654207721,7.227214304689332,-0.060529349518389175,-0.008305636475487358
corridor,2.0,60,80,authorization_latency_p95_ms,22.078134859460942,22.067757180737747,-0.01037767872319506,-0.0004700432708312772
corridor,2.0,60,80,messages_total,4261.0,5364.3,1103.3000000000002,0.25892982867871395
corridor,2.0,60,80,messages_per_interaction,0.8604245086490014,0.8524718729739936,-0.007952635675007813,-0.009242688457927205
corridor,2.0,60,80,bytes_total,3001804.8,3778841.6,777036.8000000003,0.25885653857306123
corridor,2.0,60,80,bytes_per_interaction,606.1547951713998,600.5175990238376,-5.637196147562122,-0.009299928322711884
corridor,2.0,60,80,cache_entries_final,570.4,685.4,115.0,0.20161290322580647
corridor,2.0,60,80,cache_entries_peak,570.4,685.4,115.0,0.20161290322580647
corridor,2.0,80,100,observed_vehicle_count,80.0,100.0,20.0,0.25
corridor,2.0,80,100,interactions,6293.3,7454.7,1161.3999999999996,0.18454546899083146
corridor,2.0,80,100,mean_active_vehicles,66.25578947368422,78.48105263157895,12.22526315789473,0.18451614953211623
corridor,2.0,80,100,peak_active_vehicles,80.0,100.0,20.0,0.25
corridor,2.0,80,100,cache_hits,3667.3,4194.1,526.8000000000002,0.1436479153600742
corridor,2.0,80,100,cache_misses,2626.0,3260.6,634.5999999999999,0.24166031987814163
corridor,2.0,80,100,cache_hit_rate,0.5826890767142154,0.562604938895813,-0.02008413781840246,-0.034468018401266315
corridor,2.0,80,100,v2i_queries,2626.0,3260.6,634.5999999999999,0.24166031987814163
corridor,2.0,80,100,v2i_queries_avoided,3667.3,4194.1,526.8000000000002,0.1436479153600742
corridor,2.0,80,100,query_failures,0.1,0.1,0.0,0.0
corridor,2.0,80,100,accepted,4600.9,5467.9,867.0,0.1884413919015845
corridor,2.0,80,100,rejected,1692.4,1986.8,294.39999999999986,0.17395414795556596
corridor,2.0,80,100,anomaly_escalations,127.4,149.7,22.299999999999983,0.17503924646781777
corridor,2.0,80,100,stale_trust_acceptances,24.2,31.0,6.800000000000001,0.28099173553719015
corridor,2.0,80,100,stale_acceptance_rate,0.0038469646508088305,0.0041593444598122505,0.00031237980900342,0.08120163228891164
corridor,2.0,80,100,authorization_latency_mean_ms,7.227214304689332,7.559502706387265,0.3322884016979337,0.0459773832197463
corridor,2.0,80,100,authorization_latency_p95_ms,22.067757180737747,22.196608973571976,0.12885179283422943,0.005838916559526952
corridor,2.0,80,100,messages_total,5364.3,6662.8,1298.5,0.2420632701377626
corridor,2.0,80,100,messages_per_interaction,0.8524718729739936,0.8937857893756899,0.04131391640169624,0.04846367101540323
corridor,2.0,80,100,bytes_total,3778841.6,4691417.6,912575.9999999995,0.24149622995576198
corridor,2.0,80,100,bytes_per_interaction,600.5175990238376,629.3338788871164,28.816279863278737,0.04798573748732861
corridor,2.0,80,100,cache_entries_final,685.4,1019.6,334.20000000000005,0.48759848263787575
corridor,2.0,80,100,cache_entries_peak,685.4,1019.6,334.20000000000005,0.48759848263787575
corridor,5.0,20,40,observed_vehicle_count,20.0,40.0,20.0,1.0
corridor,5.0,20,40,interactions,1686.0,3378.0,1692.0,1.00355871886121
corridor,5.0,20,40,mean_active_vehicles,17.8,35.589473684210525,17.789473684210524,0.9994086339444114
corridor,5.0,20,40,peak_active_vehicles,20.0,40.0,20.0,1.0
corridor,5.0,20,40,cache_hits,1189.7,2343.6,1153.8999999999999,0.9699083802639319
corridor,5.0,20,40,cache_misses,496.3,1034.4,538.1000000000001,1.0842232520652832
corridor,5.0,20,40,cache_hit_rate,0.7056346381969159,0.6937833037300177,-0.011851334466898122,-0.016795284450861758
corridor,5.0,20,40,v2i_queries,496.3,1034.4,538.1000000000001,1.0842232520652832
corridor,5.0,20,40,v2i_queries_avoided,1189.7,2343.6,1153.8999999999999,0.9699083802639319
corridor,5.0,20,40,query_failures,0.0,0.0,0.0,
corridor,5.0,20,40,accepted,1257.3,2483.7,1226.3999999999999,0.9754235266046289
corridor,5.0,20,40,rejected,428.7,894.3,465.59999999999997,1.086074177746676
corridor,5.0,20,40,anomaly_escalations,35.9,67.1,31.199999999999996,0.8690807799442896
corridor,5.0,20,40,stale_trust_acceptances,16.7,29.0,12.3,0.7365269461077845
corridor,5.0,20,40,stale_acceptance_rate,0.00990510083036769,0.0085849615156897,-0.00132013931467799,-0.13327873560162282
corridor,5.0,20,40,authorization_latency_mean_ms,5.164088216110341,5.359803175820975,0.19571495971063424,0.03789922858019055
corridor,5.0,20,40,authorization_latency_p95_ms,21.020299387688503,21.111557472364712,0.091258084676209,0.004341426494127788
corridor,5.0,20,40,messages_total,1012.6,2111.6,1099.0,1.0853249061821055
corridor,5.0,20,40,messages_per_interaction,0.6005931198102017,0.6251036116044997,0.024510491794297984,0.04081047715305787
corridor,5.0,20,40,bytes_total,711436.8,1485939.2,774502.3999999999,1.0886454004066135
corridor,5.0,20,40,bytes_per_interaction,421.9672597864769,439.88727057430435,17.920010787827437,0.04246777533616065
corridor,5.0,20,40,cache_entries_final,222.9,477.1,254.20000000000002,1.1404217137729924
corridor,5.0,20,40,cache_entries_peak,222.9,477.1,254.20000000000002,1.1404217137729924
corridor,5.0,40,60,observed_vehicle_count,40.0,60.0,20.0,0.5
corridor,5.0,40,60,interactions,3378.0,4952.1,1574.1000000000004,0.46598579040852584
corridor,5.0,40,60,mean_active_vehicles,35.589473684210525,52.148421052631576,16.55894736842105,0.465276545400769
corridor,5.0,40,60,peak_active_vehicles,40.0,60.0,20.0,0.5
corridor,5.0,40,60,cache_hits,2343.6,3598.5,1254.9,0.5354582693292371
corridor,5.0,40,60,cache_misses,1034.4,1353.6,319.1999999999998,0.3085846867749418
corridor,5.0,40,60,cache_hit_rate,0.6937833037300177,0.7266698483505846,0.03288654462056684,0.04740175274290612
corridor,5.0,40,60,v2i_queries,1034.4,1353.6,319.1999999999998,0.3085846867749418
corridor,5.0,40,60,v2i_queries_avoided,2343.6,3598.5,1254.9,0.5354582693292371
corridor,5.0,40,60,query_failures,0.0,0.1,0.1,
corridor,5.0,40,60,accepted,2483.7,3635.7,1152.0,0.4638241333494384
corridor,5.0,40,60,rejected,894.3,1316.4,422.10000000000014,0.4719892653471991
corridor,5.0,40,60,anomaly_escalations,67.1,99.2,32.10000000000001,0.47839046199701957
corridor,5.0,40,60,stale_trust_acceptances,29.0,40.8,11.799999999999997,0.40689655172413786
corridor,5.0,40,60,stale_acceptance_rate,0.0085849615156897,0.008235448984673249,-0.00034951253101645104,-0.04071218378529585
corridor,5.0,40,60,authorization_latency_mean_ms,5.359803175820975,4.812256292079626,-0.5475468837413491,-0.10215802069214601
corridor,5.0,40,60,authorization_latency_p95_ms,21.111557472364712,20.795176992518268,-0.316380479846444,-0.014986126924107326
corridor,5.0,40,60,messages_total,2111.6,2761.4,649.8000000000002,0.3077287365031257
corridor,5.0,40,60,messages_per_interaction,0.6251036116044997,0.5576054641378101,-0.06749814746668958,-0.10797913532036249
corridor,5.0,40,60,bytes_total,1485939.2,1942592.0,456652.80000000005,0.30731593863329004
corridor,5.0,40,60,bytes_per_interaction,439.88727057430435,392.2648011470808,-47.622469427223564,-0.10826062178396073
corridor,5.0,40,60,cache_entries_final,477.1,570.4,93.29999999999995,0.1955564871096205
corridor,5.0,40,60,cache_entries_peak,477.1,570.4,93.29999999999995,0.1955564871096205
corridor,5.0,60,80,observed_vehicle_count,60.0,80.0,20.0,0.3333333333333333
corridor,5.0,60,80,interactions,4952.1,6293.3,1341.1999999999998,0.27083459542416344
corridor,5.0,60,80,mean_active_vehicles,52.148421052631576,66.25578947368422,14.10736842105264,0.2705234048565836
corridor,5.0,60,80,peak_active_vehicles,60.0,80.0,20.0,0.3333333333333333
corridor,5.0,60,80,cache_hits,3598.5,4612.1,1013.6000000000004,0.28167291927191895
corridor,5.0,60,80,cache_misses,1353.6,1681.2,327.60000000000014,0.2420212765957448
corridor,5.0,60,80,cache_hit_rate,0.7266698483505846,0.7328044504382376,0.0061346020876530405,0.008442076001333385
corridor,5.0,60,80,v2i_queries,1353.6,1681.2,327.60000000000014,0.2420212765957448
corridor,5.0,60,80,v2i_queries_avoided,3598.5,4612.1,1013.6000000000004,0.28167291927191895
corridor,5.0,60,80,query_failures,0.1,0.1,0.0,0.0
corridor,5.0,60,80,accepted,3635.7,4632.3,996.6000000000004,0.2741150259922437
corridor,5.0,60,80,rejected,1316.4,1661.0,344.5999999999999,0.26177453661501054
corridor,5.0,60,80,anomaly_escalations,99.2,129.1,29.89999999999999,0.30141129032258057
corridor,5.0,60,80,stale_trust_acceptances,40.8,57.4,16.6,0.40686274509803927
corridor,5.0,60,80,stale_acceptance_rate,0.008235448984673249,0.00912225868546661,0.0008868097007933614,0.10768201010579712
corridor,5.0,60,80,authorization_latency_mean_ms,4.812256292079626,4.714461713214059,-0.09779457886556653,-0.020321980570013325
corridor,5.0,60,80,authorization_latency_p95_ms,20.795176992518268,20.732251889800143,-0.06292510271812546,-0.0030259469655278615
corridor,5.0,60,80,messages_total,2761.4,3430.6,669.1999999999998,0.24234084160208583
corridor,5.0,60,80,messages_per_interaction,0.5576054641378101,0.545230815495394,-0.012374648642416108,-0.022192480953446614
corridor,5.0,60,80,bytes_total,1942592.0,2414336.0,471744.0,0.24284255263071194
corridor,5.0,60,80,bytes_per_interaction,392.2648011470808,383.7147100986793,-8.550091048401498,-0.02179673277693763
corridor,5.0,60,80,cache_entries_final,570.4,685.4,115.0,0.20161290322580647
corridor,5.0,60,80,cache_entries_peak,570.4,685.4,115.0,0.20161290322580647
corridor,5.0,80,100,observed_vehicle_count,80.0,100.0,20.0,0.25
corridor,5.0,80,100,interactions,6293.3,7454.7,1161.3999999999996,0.18454546899083146
corridor,5.0,80,100,mean_active_vehicles,66.25578947368422,78.48105263157895,12.22526315789473,0.18451614953211623
corridor,5.0,80,100,peak_active_vehicles,80.0,100.0,20.0,0.25
corridor,5.0,80,100,cache_hits,4612.1,5284.4,672.2999999999993,0.14576873875241197
corridor,5.0,80,100,cache_misses,1681.2,2170.3,489.10000000000014,0.290923150130859
corridor,5.0,80,100,cache_hit_rate,0.7328044504382376,0.7088608572281594,-0.023943593210078218,-0.032673918936708526
corridor,5.0,80,100,v2i_queries,1681.2,2170.3,489.10000000000014,0.290923150130859
corridor,5.0,80,100,v2i_queries_avoided,4612.1,5284.4,672.2999999999993,0.14576873875241197
corridor,5.0,80,100,query_failures,0.1,0.1,0.0,0.0
corridor,5.0,80,100,accepted,4632.3,5512.3,880.0,0.18997042505882605
corridor,5.0,80,100,rejected,1661.0,1942.4,281.4000000000001,0.1694160144491271
corridor,5.0,80,100,anomaly_escalations,129.1,144.2,15.099999999999994,0.11696359411309058
corridor,5.0,80,100,stale_trust_acceptances,57.4,74.1,16.699999999999996,0.2909407665505226
corridor,5.0,80,100,stale_acceptance_rate,0.00912225868546661,0.0099405302920021,0.0008182716065354909,0.08970054837834668
corridor,5.0,80,100,authorization_latency_mean_ms,4.714461713214059,5.113962464204359,0.3995007509902999,0.08473941995764822
corridor,5.0,80,100,authorization_latency_p95_ms,20.732251889800143,21.02964097532499,0.29738908552484844,0.014344273217670001
corridor,5.0,80,100,messages_total,3430.6,4427.4,996.7999999999997,0.29056141782778516
corridor,5.0,80,100,messages_per_interaction,0.545230815495394,0.5939222262049386,0.048691410709544636,0.08930421635340596
corridor,5.0,80,100,bytes_total,2414336.0,3116531.2,702195.2000000002,0.2908440250238576
corridor,5.0,80,100,bytes_per_interaction,383.7147100986793,418.07302225996943,34.358312161290144,0.08954129528277473
corridor,5.0,80,100,cache_entries_final,685.4,1019.5,334.1,0.48745258243361544
corridor,5.0,80,100,cache_entries_peak,685.4,1019.5,334.1,0.48745258243361544
corridor,10.0,20,40,observed_vehicle_count,20.0,40.0,20.0,1.0
corridor,10.0,20,40,interactions,1686.0,3378.0,1692.0,1.00355871886121
corridor,10.0,20,40,mean_active_vehicles,17.8,35.589473684210525,17.789473684210524,0.9994086339444114
corridor,10.0,20,40,peak_active_vehicles,20.0,40.0,20.0,1.0
corridor,10.0,20,40,cache_hits,1302.5,2574.2,1271.6999999999998,0.9763531669865642
corridor,10.0,20,40,cache_misses,383.5,803.8,420.29999999999995,1.0959582790091265
corridor,10.0,20,40,cache_hit_rate,0.7725385527876631,0.7620485494375371,-0.010490003350126065,-0.01357861470119965
corridor,10.0,20,40,v2i_queries,383.5,803.8,420.29999999999995,1.0959582790091265
corridor,10.0,20,40,v2i_queries_avoided,1302.5,2574.2,1271.6999999999998,0.9763531669865642
corridor,10.0,20,40,query_failures,0.0,0.0,0.0,
corridor,10.0,20,40,accepted,1275.2,2513.5,1238.3,0.9710633626097867
corridor,10.0,20,40,rejected,410.8,864.5,453.7,1.1044303797468353
corridor,10.0,20,40,anomaly_escalations,33.5,64.0,30.5,0.9104477611940298
corridor,10.0,20,40,stale_trust_acceptances,33.3,57.2,23.900000000000006,0.717717717717718
corridor,10.0,20,40,stale_acceptance_rate,0.01975088967971526,0.016933096506808708,-0.0028177931729065527,-0.14266664533094467
corridor,10.0,20,40,authorization_latency_mean_ms,4.0094297247025334,4.203079042235688,0.19364931753315417,0.04829846906657564
corridor,10.0,20,40,authorization_latency_p95_ms,20.132776401849473,20.337341415377576,0.20456501352810363,0.010160794986493344
corridor,10.0,20,40,messages_total,782.5,1640.7,858.2,1.0967412140575081
corridor,10.0,20,40,messages_per_interaction,0.4641162514827995,0.4857015985790408,0.021585347096241325,0.04650849227381837
corridor,10.0,20,40,bytes_total,550118.4,1154918.4,604799.9999999999,1.0993996928661174
corridor,10.0,20,40,bytes_per_interaction,326.2861209964413,341.8941385435169,15.608017547075576,0.04783537068450977
corridor,10.0,20,40,cache_entries_final,222.9,477.1,254.20000000000002,1.1404217137729924
corridor,10.0,20,40,cache_entries_peak,222.9,477.1,254.20000000000002,1.1404217137729924
corridor,10.0,40,60,observed_vehicle_count,40.0,60.0,20.0,0.5
corridor,10.0,40,60,interactions,3378.0,4952.1,1574.1000000000004,0.46598579040852584
corridor,10.0,40,60,mean_active_vehicles,35.589473684210525,52.148421052631576,16.55894736842105,0.465276545400769
corridor,10.0,40,60,peak_active_vehicles,40.0,60.0,20.0,0.5
corridor,10.0,40,60,cache_hits,2574.2,3942.4,1368.2000000000003,0.5315049335715952
corridor,10.0,40,60,cache_misses,803.8,1009.7,205.9000000000001,0.25615824832047784
corridor,10.0,40,60,cache_hit_rate,0.7620485494375371,0.796115994117871,0.03406744468033396,0.044705084348600765
corridor,10.0,40,60,v2i_queries,803.8,1009.7,205.9000000000001,0.25615824832047784
corridor,10.0,40,60,v2i_queries_avoided,2574.2,3942.4,1368.2000000000003,0.5315049335715952
corridor,10.0,40,60,query_failures,0.0,0.0,0.0,
corridor,10.0,40,60,accepted,2513.5,3685.5,1172.0,0.46628207678535905
corridor,10.0,40,60,rejected,864.5,1266.6,402.0999999999999,0.46512434933487556
corridor,10.0,40,60,anomaly_escalations,64.0,92.6,28.599999999999994,0.4468749999999999
corridor,10.0,40,60,stale_trust_acceptances,57.2,85.8,28.599999999999994,0.4999999999999999
corridor,10.0,40,60,stale_acceptance_rate,0.016933096506808708,0.01732497104485681,0.000391874538048103,0.023142520795917765
corridor,10.0,40,60,authorization_latency_mean_ms,4.203079042235688,3.6413069909362092,-0.5617720512994784,-0.13365726546048073
corridor,10.0,40,60,authorization_latency_p95_ms,20.337341415377576,19.788705928979354,-0.5486354863982221,-0.026976755476179646
corridor,10.0,40,60,messages_total,1640.7,2060.2,419.4999999999998,0.25568354970439433
corridor,10.0,40,60,messages_per_interaction,0.4857015985790408,0.4160054079552954,-0.06969619062374544,-0.14349590536174323
corridor,10.0,40,60,bytes_total,1154918.4,1450201.6,295283.2000000002,0.2556745134548036
corridor,10.0,40,60,bytes_per_interaction,341.8941385435169,292.83040937727174,-49.06372916624514,-0.14350561660769806
corridor,10.0,40,60,cache_entries_final,477.1,570.4,93.29999999999995,0.1955564871096205
corridor,10.0,40,60,cache_entries_peak,477.1,570.4,93.29999999999995,0.1955564871096205
corridor,10.0,60,80,observed_vehicle_count,60.0,80.0,20.0,0.3333333333333333
corridor,10.0,60,80,interactions,4952.1,6293.3,1341.1999999999998,0.27083459542416344
corridor,10.0,60,80,mean_active_vehicles,52.148421052631576,66.25578947368422,14.10736842105264,0.2705234048565836
corridor,10.0,60,80,peak_active_vehicles,60.0,80.0,20.0,0.3333333333333333
corridor,10.0,60,80,cache_hits,3942.4,5042.9,1100.4999999999995,0.2791446834415583
corridor,10.0,60,80,cache_misses,1009.7,1250.4,240.70000000000005,0.23838763989303757
corridor,10.0,60,80,cache_hit_rate,0.796115994117871,0.8012576050382887,0.00514161092041765,0.006458369079891133
corridor,10.0,60,80,v2i_queries,1009.7,1250.4,240.70000000000005,0.23838763989303757
corridor,10.0,60,80,v2i_queries_avoided,3942.4,5042.9,1100.4999999999995,0.2791446834415583
corridor,10.0,60,80,query_failures,0.0,0.0,0.0,
corridor,10.0,60,80,accepted,3685.5,4703.9,1018.3999999999996,0.27632614299280955
corridor,10.0,60,80,rejected,1266.6,1589.4,322.8000000000002,0.2548555187115113
corridor,10.0,60,80,anomaly_escalations,92.6,129.3,36.70000000000002,0.3963282937365013
corridor,10.0,60,80,stale_trust_acceptances,85.8,131.4,45.60000000000001,0.5314685314685316
corridor,10.0,60,80,stale_acceptance_rate,0.01732497104485681,0.02087623871197873,0.0035512676671219205,0.20497971730672357
corridor,10.0,60,80,authorization_latency_mean_ms,3.6413069909362092,3.5519678867192637,-0.08933910421694558,-0.024534900363887138
corridor,10.0,60,80,authorization_latency_p95_ms,19.788705928979354,19.669996342167536,-0.11870958681181776,-0.005998855470279884
corridor,10.0,60,80,messages_total,2060.2,2550.4,490.2000000000003,0.23793806426560543
corridor,10.0,60,80,messages_per_interaction,0.4160054079552954,0.40536653837834813,-0.010638869576947263,-0.025573873256211452
corridor,10.0,60,80,bytes_total,1450201.6,1794406.4,344204.7999999998,0.23734962090787914
corridor,10.0,60,80,bytes_per_interaction,292.83040937727174,285.2064000342452,-7.624009343026557,-0.026035579293966254
corridor,10.0,60,80,cache_entries_final,570.4,685.4,115.0,0.20161290322580647
corridor,10.0,60,80,cache_entries_peak,570.4,685.4,115.0,0.20161290322580647
corridor,10.0,80,100,observed_vehicle_count,80.0,100.0,20.0,0.25
corridor,10.0,80,100,interactions,6293.3,7454.7,1161.3999999999996,0.18454546899083146
corridor,10.0,80,100,mean_active_vehicles,66.25578947368422,78.48105263157895,12.22526315789473,0.18451614953211623
corridor,10.0,80,100,peak_active_vehicles,80.0,100.0,20.0,0.25
corridor,10.0,80,100,cache_hits,5042.9,5782.6,739.7000000000007,0.1466814729619863
corridor,10.0,80,100,cache_misses,1250.4,1672.1,421.6999999999998,0.33725207933461276
corridor,10.0,80,100,cache_hit_rate,0.8012576050382887,0.775689777086331,-0.025567827951957667,-0.031909622811924374
corridor,10.0,80,100,v2i_queries,1250.4,1672.1,421.6999999999998,0.33725207933461276
corridor,10.0,80,100,v2i_queries_avoided,5042.9,5782.6,739.7000000000007,0.1466814729619863
corridor,10.0,80,100,query_failures,0.0,0.0,0.0,
corridor,10.0,80,100,accepted,4703.9,5574.9,871.0,0.1851655009672825
corridor,10.0,80,100,rejected,1589.4,1879.8,290.39999999999986,0.18271045677614184
corridor,10.0,80,100,anomaly_escalations,129.3,149.4,20.099999999999994,0.15545243619489554
corridor,10.0,80,100,stale_trust_acceptances,131.4,139.3,7.900000000000006,0.060121765601217694
corridor,10.0,80,100,stale_acceptance_rate,0.02087623871197873,0.018690344904052032,-0.002185893807926699,-0.10470726255263783
corridor,10.0,80,100,authorization_latency_mean_ms,3.5519678867192637,3.984369181591886,0.43240129487262235,0.1217356993821262
corridor,10.0,80,100,authorization_latency_p95_ms,19.669996342167536,20.089689924869628,0.41969358270209156,0.021336739234789476
corridor,10.0,80,100,messages_total,2550.4,3411.2,860.7999999999997,0.3375156838143035
corridor,10.0,80,100,messages_per_interaction,0.40536653837834813,0.4576066380217013,0.05224009964335319,0.12887126759978149
corridor,10.0,80,100,bytes_total,1794406.4,2400678.4,606272.0,0.3378677204896282
corridor,10.0,80,100,bytes_per_interaction,285.2064000342452,322.0464787304978,36.84007869625265,0.12916988781398034
corridor,10.0,80,100,cache_entries_final,685.4,1019.6,334.20000000000005,0.48759848263787575
corridor,10.0,80,100,cache_entries_peak,685.4,1019.6,334.20000000000005,0.48759848263787575
corridor,30.0,20,40,observed_vehicle_count,20.0,40.0,20.0,1.0
corridor,30.0,20,40,interactions,1686.0,3378.0,1692.0,1.00355871886121
corridor,30.0,20,40,mean_active_vehicles,17.8,35.589473684210525,17.789473684210524,0.9994086339444114
corridor,30.0,20,40,peak_active_vehicles,20.0,40.0,20.0,1.0
corridor,30.0,20,40,cache_hits,1394.7,2765.0,1370.3,0.9825051982505197
corridor,30.0,20,40,cache_misses,291.3,613.0,321.7,1.10435976656368
corridor,30.0,20,40,cache_hit_rate,0.8272241992882563,0.8185316755476613,-0.008692523740595037,-0.010508062684909466
corridor,30.0,20,40,v2i_queries,291.3,613.0,321.7,1.10435976656368
corridor,30.0,20,40,v2i_queries_avoided,1394.7,2765.0,1370.3,0.9825051982505197
corridor,30.0,20,40,query_failures,0.0,0.0,0.0,
corridor,30.0,20,40,accepted,1313.1,2624.5,1311.4,0.9987053537430509
corridor,30.0,20,40,rejected,372.9,753.5,380.6,1.0206489675516226
corridor,30.0,20,40,anomaly_escalations,36.3,69.6,33.3,0.9173553719008264
corridor,30.0,20,40,stale_trust_acceptances,71.7,170.3,98.60000000000001,1.375174337517434
corridor,30.0,20,40,stale_acceptance_rate,0.042526690391459024,0.05041444641799877,0.007887756026539745,0.1854777776952026
corridor,30.0,20,40,authorization_latency_mean_ms,3.1527856378934587,3.2882463823550716,0.13546074446161294,0.04296541535634543
corridor,30.0,20,40,authorization_latency_p95_ms,19.258835553940703,19.444861351576904,0.18602579763620142,0.009659244304525836
corridor,30.0,20,40,messages_total,594.4,1251.0,656.6,1.10464333781965
corridor,30.0,20,40,messages_per_interaction,0.3525504151838671,0.3703374777975133,0.01778706261364621,0.05045253628298707
corridor,30.0,20,40,bytes_total,418368.0,880883.2,462515.19999999995,1.1055224108918462
corridor,30.0,20,40,bytes_per_interaction,248.1423487544484,260.7706335109532,12.628284756504797,0.050891292114758034
corridor,30.0,20,40,cache_entries_final,222.9,477.1,254.20000000000002,1.1404217137729924
corridor,30.0,20,40,cache_entries_peak,222.9,477.1,254.20000000000002,1.1404217137729924
corridor,30.0,40,60,observed_vehicle_count,40.0,60.0,20.0,0.5
corridor,30.0,40,60,interactions,3378.0,4952.1,1574.1000000000004,0.46598579040852584
corridor,30.0,40,60,mean_active_vehicles,35.589473684210525,52.148421052631576,16.55894736842105,0.465276545400769
corridor,30.0,40,60,peak_active_vehicles,40.0,60.0,20.0,0.5
corridor,30.0,40,60,cache_hits,2765.0,4202.6,1437.6000000000004,0.5199276672694395
corridor,30.0,40,60,cache_misses,613.0,749.5,136.5,0.2226753670473083
corridor,30.0,40,60,cache_hit_rate,0.8185316755476613,0.8486649759321876,0.03013330038452633,0.03681384763071607
corridor,30.0,40,60,v2i_queries,613.0,749.5,136.5,0.2226753670473083
corridor,30.0,40,60,v2i_queries_avoided,2765.0,4202.6,1437.6000000000004,0.5199276672694395
corridor,30.0,40,60,query_failures,0.0,0.0,0.0,
corridor,30.0,40,60,accepted,2624.5,3866.2,1241.6999999999998,0.4731186892741474
corridor,30.0,40,60,rejected,753.5,1085.9,332.4000000000001,0.4411413404114135
corridor,30.0,40,60,anomaly_escalations,69.6,100.6,31.0,0.44540229885057475
corridor,30.0,40,60,stale_trust_acceptances,170.3,274.8,104.5,0.6136230182031709
corridor,30.0,40,60,stale_acceptance_rate,0.05041444641799877,0.055498602405945376,0.005084155987946606,0.1008472045054824
corridor,30.0,40,60,authorization_latency_mean_ms,3.2882463823550716,2.7830256041337544,-0.5052207782213172,-0.15364444128407237
corridor,30.0,40,60,authorization_latency_p95_ms,19.444861351576904,18.79764557981257,-0.6472157717643334,-0.0332846688933499
corridor,30.0,40,60,messages_total,1251.0,1529.6,278.5999999999999,0.22270183852917658
corridor,30.0,40,60,messages_per_interaction,0.3703374777975133,0.3088466938860203,-0.061490783911492986,-0.16603986255237674
corridor,30.0,40,60,bytes_total,880883.2,1077734.4,196851.19999999995,0.22347026257283595
corridor,30.0,40,60,bytes_per_interaction,260.7706335109532,217.6082066983061,-43.162426812647084,-0.16551874047901227
corridor,30.0,40,60,cache_entries_final,477.1,570.4,93.29999999999995,0.1955564871096205
corridor,30.0,40,60,cache_entries_peak,477.1,570.4,93.29999999999995,0.1955564871096205
corridor,30.0,60,80,observed_vehicle_count,60.0,80.0,20.0,0.3333333333333333
corridor,30.0,60,80,interactions,4952.1,6293.3,1341.1999999999998,0.27083459542416344
corridor,30.0,60,80,mean_active_vehicles,52.148421052631576,66.25578947368422,14.10736842105264,0.2705234048565836
corridor,30.0,60,80,peak_active_vehicles,60.0,80.0,20.0,0.3333333333333333
corridor,30.0,60,80,cache_hits,4202.6,5381.3,1178.6999999999998,0.28046923333174695
corridor,30.0,60,80,cache_misses,749.5,912.0,162.5,0.21681120747164775
corridor,30.0,60,80,cache_hit_rate,0.8486649759321876,0.8550254071804364,0.00636043124824881,0.00749463148430558
corridor,30.0,60,80,v2i_queries,749.5,912.0,162.5,0.21681120747164775
corridor,30.0,60,80,v2i_queries_avoided,4202.6,5381.3,1178.6999999999998,0.28046923333174695
corridor,30.0,60,80,query_failures,0.0,0.0,0.0,
corridor,30.0,60,80,accepted,3866.2,4959.9,1093.6999999999998,0.2828875898815374
corridor,30.0,60,80,rejected,1085.9,1333.4,247.5,0.227921539736624
corridor,30.0,60,80,anomaly_escalations,100.6,126.0,25.400000000000006,0.25248508946322074
corridor,30.0,60,80,stale_trust_acceptances,274.8,383.0,108.19999999999999,0.39374090247452687
corridor,30.0,60,80,stale_acceptance_rate,0.055498602405945376,0.060855854289091404,0.005357251883146029,0.0965294917511675
corridor,30.0,60,80,authorization_latency_mean_ms,2.7830256041337544,2.6743372709824635,-0.1086883331512909,-0.039054018399920995
corridor,30.0,60,80,authorization_latency_p95_ms,18.79764557981257,18.49533400734059,-0.30231157247198226,-0.016082416874411386
corridor,30.0,60,80,messages_total,1529.6,1860.7,331.10000000000014,0.21646182008368212
corridor,30.0,60,80,messages_per_interaction,0.3088466938860203,0.29578255230071077,-0.013064141585309552,-0.042299761803928734
corridor,30.0,60,80,bytes_total,1077734.4,1310425.6,232691.2000000002,0.21590774127651507
corridor,30.0,60,80,bytes_per_interaction,217.6082066983061,208.30825058930319,-9.29995610900292,-0.042737157068237136
corridor,30.0,60,80,cache_entries_final,570.4,685.4,115.0,0.20161290322580647
corridor,30.0,60,80,cache_entries_peak,570.4,685.4,115.0,0.20161290322580647
corridor,30.0,80,100,observed_vehicle_count,80.0,100.0,20.0,0.25
corridor,30.0,80,100,interactions,6293.3,7454.7,1161.3999999999996,0.18454546899083146
corridor,30.0,80,100,mean_active_vehicles,66.25578947368422,78.48105263157895,12.22526315789473,0.18451614953211623
corridor,30.0,80,100,peak_active_vehicles,80.0,100.0,20.0,0.25
corridor,30.0,80,100,cache_hits,5381.3,6178.6,797.3000000000002,0.14816122498281087
corridor,30.0,80,100,cache_misses,912.0,1276.1,364.0999999999999,0.3992324561403508
corridor,30.0,80,100,cache_hit_rate,0.8550254071804364,0.8288111284811205,-0.026214278699315918,-0.03065906402215707
corridor,30.0,80,100,v2i_queries,912.0,1276.1,364.0999999999999,0.3992324561403508
corridor,30.0,80,100,v2i_queries_avoided,5381.3,6178.6,797.3000000000002,0.14816122498281087
corridor,30.0,80,100,query_failures,0.0,0.0,0.0,
corridor,30.0,80,100,accepted,4959.9,5897.5,937.6000000000004,0.18903606927559033
corridor,30.0,80,100,rejected,1333.4,1557.2,223.79999999999995,0.16784160791960398
corridor,30.0,80,100,anomaly_escalations,126.0,147.7,21.69999999999999,0.17222222222222214
corridor,30.0,80,100,stale_trust_acceptances,383.0,456.4,73.39999999999998,0.19164490861618794
corridor,30.0,80,100,stale_acceptance_rate,0.060855854289091404,0.06123343045758506,0.00037757616849365405,0.006204434608706753
corridor,30.0,80,100,authorization_latency_mean_ms,2.6743372709824635,3.1197501123042697,0.44541284132180614,0.1665507361972247
corridor,30.0,80,100,authorization_latency_p95_ms,18.49533400734059,19.223780668143583,0.7284466608029945,0.039385428806740244
corridor,30.0,80,100,messages_total,1860.7,2603.8,743.1000000000001,0.3993658300639545
corridor,30.0,80,100,messages_per_interaction,0.29578255230071077,0.3493000141854856,0.05351746188477485,0.180935154790218
corridor,30.0,80,100,bytes_total,1310425.6,1834060.8,523635.19999999995,0.39959170516815296
corridor,30.0,80,100,bytes_per_interaction,208.30825058930319,246.03903741362183,37.73078682431864,0.18112958424631959
corridor,30.0,80,100,cache_entries_final,685.4,1019.6,334.20000000000005,0.48759848263787575
corridor,30.0,80,100,cache_entries_peak,685.4,1019.6,334.20000000000005,0.48759848263787575
grid,0.0,20,40,observed_vehicle_count,20.0,40.0,20.0,1.0
grid,0.0,20,40,interactions,1380.9,2999.0,1618.1,1.1717720327322758
grid,0.0,20,40,mean_active_vehicles,15.84,32.05684210526316,16.216842105263158,1.0237905369484317
grid,0.0,20,40,peak_active_vehicles,20.0,40.0,20.0,1.0
grid,0.0,20,40,cache_hits,0.0,0.0,0.0,
grid,0.0,20,40,cache_misses,1380.9,2999.0,1618.1,1.1717720327322758
grid,0.0,20,40,cache_hit_rate,0.0,0.0,0.0,
grid,0.0,20,40,v2i_queries,1380.9,2999.0,1618.1,1.1717720327322758
grid,0.0,20,40,v2i_queries_avoided,0.0,0.0,0.0,
grid,0.0,20,40,query_failures,0.0,0.0,0.0,
grid,0.0,20,40,accepted,1014.6,2178.5,1163.9,1.1471515868322493
grid,0.0,20,40,rejected,366.3,820.5,454.2,1.23996723996724
grid,0.0,20,40,anomaly_escalations,27.4,58.7,31.300000000000004,1.142335766423358
grid,0.0,20,40,stale_trust_acceptances,0.0,0.0,0.0,
grid,0.0,20,40,stale_acceptance_rate,0.0,0.0,0.0,
grid,0.0,20,40,authorization_latency_mean_ms,16.972886308987356,16.89787877507021,-0.07500753391714454,-0.004419256250919864
grid,0.0,20,40,authorization_latency_p95_ms,24.216200928424776,24.177319064947863,-0.038881863476913026,-0.0016056136795294682
grid,0.0,20,40,messages_total,2821.2,6124.0,3302.8,1.1707075003544591
grid,0.0,20,40,messages_per_interaction,2.0429746285436314,2.04203333553217,-0.0009412930114613971,-0.00046074630507399574
grid,0.0,20,40,bytes_total,1987200.0,4310937.6,2323737.5999999996,1.1693526570048307
grid,0.0,20,40,bytes_per_interaction,1439.0380981822595,1437.4707947182583,-1.5673034640012702,-0.0010891327102326414
grid,0.0,20,40,cache_entries_final,115.7,349.0,233.3,2.0164217804667244
grid,0.0,20,40,cache_entries_peak,115.7,349.0,233.3,2.0164217804667244
grid,0.0,40,60,observed_vehicle_count,40.0,60.0,20.0,0.5
grid,0.0,40,60,interactions,2999.0,4588.7,1589.6999999999998,0.5300766922307435
grid,0.0,40,60,mean_active_vehicles,32.05684210526316,48.63578947368421,16.578947368421055,0.5171734419123926
grid,0.0,40,60,peak_active_vehicles,40.0,60.0,20.0,0.5
grid,0.0,40,60,cache_hits,0.0,0.0,0.0,
grid,0.0,40,60,cache_misses,2999.0,4588.7,1589.6999999999998,0.5300766922307435
grid,0.0,40,60,cache_hit_rate,0.0,0.0,0.0,
grid,0.0,40,60,v2i_queries,2999.0,4588.7,1589.6999999999998,0.5300766922307435
grid,0.0,40,60,v2i_queries_avoided,0.0,0.0,0.0,
grid,0.0,40,60,query_failures,0.0,0.0,0.0,
grid,0.0,40,60,accepted,2178.5,3361.8,1183.3000000000002,0.5431719072756485
grid,0.0,40,60,rejected,820.5,1226.9,406.4000000000001,0.49530773918342486
grid,0.0,40,60,anomaly_escalations,58.7,89.9,31.200000000000003,0.5315161839863713
grid,0.0,40,60,stale_trust_acceptances,0.0,0.0,0.0,
grid,0.0,40,60,stale_acceptance_rate,0.0,0.0,0.0,
grid,0.0,40,60,authorization_latency_mean_ms,16.89787877507021,16.913511560164345,0.015632785094133794,0.000925132988715552
grid,0.0,40,60,authorization_latency_p95_ms,24.177319064947863,24.15000073488887,-0.027318330058992757,-0.0011299156033639276
grid,0.0,40,60,messages_total,6124.0,9371.4,3247.3999999999996,0.5302743305029392
grid,0.0,40,60,messages_per_interaction,2.04203333553217,2.042277631317115,0.00024429578494489235,0.00011963359299481118
grid,0.0,40,60,bytes_total,4310937.6,6596928.0,2285990.4000000004,0.5302768474310555
grid,0.0,40,60,bytes_per_interaction,1437.4707947182583,1437.64200170903,0.17120699077167956,0.0001191029351001429
grid,0.0,40,60,cache_entries_final,349.0,706.5,357.5,1.024355300859599
grid,0.0,40,60,cache_entries_peak,349.0,706.5,357.5,1.024355300859599
grid,0.0,60,80,observed_vehicle_count,60.0,80.0,20.0,0.3333333333333333
grid,0.0,60,80,interactions,4588.7,6217.4,1628.6999999999998,0.35493712816266043
grid,0.0,60,80,mean_active_vehicles,48.63578947368421,65.65473684210527,17.018947368421053,0.34992641329755
grid,0.0,60,80,peak_active_vehicles,60.0,80.0,20.0,0.3333333333333333
grid,0.0,60,80,cache_hits,0.0,0.0,0.0,
grid,0.0,60,80,cache_misses,4588.7,6217.4,1628.6999999999998,0.35493712816266043
grid,0.0,60,80,cache_hit_rate,0.0,0.0,0.0,
grid,0.0,60,80,v2i_queries,4588.7,6217.4,1628.6999999999998,0.35493712816266043
grid,0.0,60,80,v2i_queries_avoided,0.0,0.0,0.0,
grid,0.0,60,80,query_failures,0.0,0.0,0.0,
grid,0.0,60,80,accepted,3361.8,4557.2,1195.3999999999996,0.3555833184603485
grid,0.0,60,80,rejected,1226.9,1660.2,433.29999999999995,0.3531665172385687
grid,0.0,60,80,anomaly_escalations,89.9,123.2,33.3,0.37041156840934364
grid,0.0,60,80,stale_trust_acceptances,0.0,0.0,0.0,
grid,0.0,60,80,stale_acceptance_rate,0.0,0.0,0.0,
grid,0.0,60,80,authorization_latency_mean_ms,16.913511560164345,16.916836110388623,0.0033245502242778002,0.00019656179690727077
grid,0.0,60,80,authorization_latency_p95_ms,24.15000073488887,24.17144709429708,0.021446359408209048,0.0008880479815980319
grid,0.0,60,80,messages_total,9371.4,12700.3,3328.8999999999996,0.35521907078984993
grid,0.0,60,80,messages_per_interaction,2.042277631317115,2.0426936394471715,0.00041600813005659987,0.00020369812785360922
grid,0.0,60,80,bytes_total,6596928.0,8939622.4,2342694.4000000004,0.3551189887171727
grid,0.0,60,80,bytes_per_interaction,1437.64200170903,1437.8314362286342,0.18943451960421953,0.00013176751888093483
grid,0.0,60,80,cache_entries_final,706.5,1129.2,422.70000000000005,0.5983014861995755
grid,0.0,60,80,cache_entries_peak,706.5,1129.2,422.70000000000005,0.5983014861995755
grid,0.0,80,100,observed_vehicle_count,80.0,100.0,20.0,0.25
grid,0.0,80,100,interactions,6217.4,7677.8,1460.4000000000005,0.23488918197317216
grid,0.0,80,100,mean_active_vehicles,65.65473684210527,81.01157894736842,15.356842105263155,0.2339030334124286
grid,0.0,80,100,peak_active_vehicles,80.0,100.0,20.0,0.25
grid,0.0,80,100,cache_hits,0.0,0.0,0.0,
grid,0.0,80,100,cache_misses,6217.4,7677.8,1460.4000000000005,0.23488918197317216
grid,0.0,80,100,cache_hit_rate,0.0,0.0,0.0,
grid,0.0,80,100,v2i_queries,6217.4,7677.8,1460.4000000000005,0.23488918197317216
grid,0.0,80,100,v2i_queries_avoided,0.0,0.0,0.0,
grid,0.0,80,100,query_failures,0.0,0.0,0.0,
grid,0.0,80,100,accepted,4557.2,5678.2,1121.0,0.24598437637145618
grid,0.0,80,100,rejected,1660.2,1999.6,339.39999999999986,0.20443320081917832
grid,0.0,80,100,anomaly_escalations,123.2,153.4,30.200000000000003,0.24512987012987014
grid,0.0,80,100,stale_trust_acceptances,0.0,0.0,0.0,
grid,0.0,80,100,stale_acceptance_rate,0.0,0.0,0.0,
grid,0.0,80,100,authorization_latency_mean_ms,16.916836110388623,16.931682503211647,0.014846392823024246,0.0008776104897006764
grid,0.0,80,100,authorization_latency_p95_ms,24.17144709429708,24.198807075465304,0.02735998116822458,0.0011319132471253569
grid,0.0,80,100,messages_total,12700.3,15680.4,2980.1000000000004,0.2346480004409345
grid,0.0,80,100,messages_per_interaction,2.0426936394471715,2.042301683279425,-0.00039195616774634345,-0.00019188201313067254
grid,0.0,80,100,bytes_total,8939622.4,11037747.2,2098124.799999999,0.23469948797837353
grid,0.0,80,100,bytes_per_interaction,1437.8314362286342,1437.6157927725471,-0.2156434560870366,-0.00014997825937973613
grid,0.0,80,100,cache_entries_final,1129.2,1710.4,581.2,0.5147006730428623
grid,0.0,80,100,cache_entries_peak,1129.2,1710.4,581.2,0.5147006730428623
grid,1.0,20,40,observed_vehicle_count,20.0,40.0,20.0,1.0
grid,1.0,20,40,interactions,1380.9,2999.0,1618.1,1.1717720327322758
grid,1.0,20,40,mean_active_vehicles,15.84,32.05684210526316,16.216842105263158,1.0237905369484317
grid,1.0,20,40,peak_active_vehicles,20.0,40.0,20.0,1.0
grid,1.0,20,40,cache_hits,643.5,1346.0,702.5,1.0916860916860918
grid,1.0,20,40,cache_misses,737.4,1653.0,915.6,1.241659886086249
grid,1.0,20,40,cache_hit_rate,0.4659917223864093,0.44883173302060103,-0.01715998936580826,-0.03682466563553862
grid,1.0,20,40,v2i_queries,737.4,1653.0,915.6,1.241659886086249
grid,1.0,20,40,v2i_queries_avoided,643.5,1346.0,702.5,1.0916860916860918
grid,1.0,20,40,query_failures,0.0,0.1,0.1,
grid,1.0,20,40,accepted,1016.8,2186.8,1170.0000000000002,1.1506687647521638
grid,1.0,20,40,rejected,364.1,812.2,448.1,1.2307058500411974
grid,1.0,20,40,anomaly_escalations,27.8,57.4,29.599999999999998,1.0647482014388487
grid,1.0,20,40,stale_trust_acceptances,3.0,7.0,4.0,1.3333333333333333
grid,1.0,20,40,stale_acceptance_rate,0.00218909282083785,0.00233349697909466,0.0001444041582568099,0.0659652970775085
grid,1.0,20,40,authorization_latency_mean_ms,9.159986715694396,9.436618458885178,0.2766317431907819,0.03020001576168346
grid,1.0,20,40,authorization_latency_p95_ms,22.514652644874094,22.59516307656046,0.08051043168636696,0.0035759126714618337
grid,1.0,20,40,messages_total,1502.8,3369.6,1866.8,1.2422145328719723
grid,1.0,20,40,messages_per_interaction,1.0883148732934904,1.1235318801585232,0.03521700686503282,0.032359207550346235
grid,1.0,20,40,bytes_total,1058240.0,2372825.6,1314585.6,1.2422376776534625
grid,1.0,20,40,bytes_per_interaction,766.376764480302,791.1713008464098,24.794536366107877,0.03235293332897642
grid,1.0,20,40,cache_entries_final,115.7,349.0,233.3,2.0164217804667244
grid,1.0,20,40,cache_entries_peak,115.7,349.0,233.3,2.0164217804667244
grid,1.0,40,60,observed_vehicle_count,40.0,60.0,20.0,0.5
grid,1.0,40,60,interactions,2999.0,4588.7,1589.6999999999998,0.5300766922307435
grid,1.0,40,60,mean_active_vehicles,32.05684210526316,48.63578947368421,16.578947368421055,0.5171734419123926
grid,1.0,40,60,peak_active_vehicles,40.0,60.0,20.0,0.5
grid,1.0,40,60,cache_hits,1346.0,1942.5,596.5,0.44316493313521543
grid,1.0,40,60,cache_misses,1653.0,2646.2,993.1999999999998,0.6008469449485783
grid,1.0,40,60,cache_hit_rate,0.44883173302060103,0.42333571486843746,-0.02549601815216357,-0.05680529311191399
grid,1.0,40,60,v2i_queries,1653.0,2646.2,993.1999999999998,0.6008469449485783
grid,1.0,40,60,v2i_queries_avoided,1346.0,1942.5,596.5,0.44316493313521543
grid,1.0,40,60,query_failures,0.1,0.2,0.1,1.0
grid,1.0,40,60,accepted,2186.8,3368.7,1181.8999999999996,0.5404700932869945
grid,1.0,40,60,rejected,812.2,1220.0,407.79999999999995,0.5020930805220388
grid,1.0,40,60,anomaly_escalations,57.4,92.6,35.199999999999996,0.6132404181184669
grid,1.0,40,60,stale_trust_acceptances,7.0,8.7,1.6999999999999993,0.24285714285714274
grid,1.0,40,60,stale_acceptance_rate,0.00233349697909466,0.00189858692850612,-0.00043491005058854,-0.18637695033883203
grid,1.0,40,60,authorization_latency_mean_ms,9.436618458885178,9.86360411986959,0.42698566098441226,0.04524774026254903
grid,1.0,40,60,authorization_latency_p95_ms,22.59516307656046,22.811392743113608,0.21622966655314713,0.009569732505159799
grid,1.0,40,60,messages_total,3369.6,5398.4,2028.7999999999997,0.6020892687559354
grid,1.0,40,60,messages_per_interaction,1.1235318801585232,1.1764125091274218,0.05288062896889856,0.047066424996714325
grid,1.0,40,60,bytes_total,2372825.6,3800921.6,1428096.0,0.6018545990063492
grid,1.0,40,60,bytes_per_interaction,791.1713008464098,828.2917384413525,37.1204375949427,0.046918331788868686
grid,1.0,40,60,cache_entries_final,349.0,706.4,357.4,1.0240687679083094
grid,1.0,40,60,cache_entries_peak,349.0,706.4,357.4,1.0240687679083094
grid,1.0,60,80,observed_vehicle_count,60.0,80.0,20.0,0.3333333333333333
grid,1.0,60,80,interactions,4588.7,6217.4,1628.6999999999998,0.35493712816266043
grid,1.0,60,80,mean_active_vehicles,48.63578947368421,65.65473684210527,17.018947368421053,0.34992641329755
grid,1.0,60,80,peak_active_vehicles,60.0,80.0,20.0,0.3333333333333333
grid,1.0,60,80,cache_hits,1942.5,2445.1,502.5999999999999,0.2587387387387387
grid,1.0,60,80,cache_misses,2646.2,3772.3,1126.1000000000004,0.4255536240646967
grid,1.0,60,80,cache_hit_rate,0.42333571486843746,0.3932846370859718,-0.030051077782465685,-0.07098639856503682
grid,1.0,60,80,v2i_queries,2646.2,3772.3,1126.1000000000004,0.4255536240646967
grid,1.0,60,80,v2i_queries_avoided,1942.5,2445.1,502.5999999999999,0.2587387387387387
grid,1.0,60,80,query_failures,0.2,0.2,0.0,0.0
grid,1.0,60,80,accepted,3368.7,4569.7,1201.0,0.35651735090687803
grid,1.0,60,80,rejected,1220.0,1647.7,427.70000000000005,0.3505737704918033
grid,1.0,60,80,anomaly_escalations,92.6,129.1,36.5,0.39416846652267823
grid,1.0,60,80,stale_trust_acceptances,8.7,11.8,3.1000000000000014,0.35632183908045995
grid,1.0,60,80,stale_acceptance_rate,0.00189858692850612,0.0018986600964434898,7.316793736991331e-08,3.8538102349353374e-05
grid,1.0,60,80,authorization_latency_mean_ms,9.86360411986959,10.374986944986272,0.5113828251166819,0.05184543285618432
grid,1.0,60,80,authorization_latency_p95_ms,22.811392743113608,22.965098844872802,0.15370610175919452,0.006738128771448903
grid,1.0,60,80,messages_total,5398.4,7696.8,2298.4000000000005,0.4257557794902195
grid,1.0,60,80,messages_per_interaction,1.1764125091274218,1.2379056730868983,0.06149316395947646,0.05227176987865223
grid,1.0,60,80,bytes_total,3800921.6,5420160.0,1619238.4,0.4260120492882568
grid,1.0,60,80,bytes_per_interaction,828.2917384413525,871.7462586666476,43.45452022529503,0.05246281981161139
grid,1.0,60,80,cache_entries_final,706.4,1129.1,422.69999999999993,0.5983861834654586
grid,1.0,60,80,cache_entries_peak,706.4,1129.1,422.69999999999993,0.5983861834654586
grid,1.0,80,100,observed_vehicle_count,80.0,100.0,20.0,0.25
grid,1.0,80,100,interactions,6217.4,7677.8,1460.4000000000005,0.23488918197317216
grid,1.0,80,100,mean_active_vehicles,65.65473684210527,81.01157894736842,15.356842105263155,0.2339030334124286
grid,1.0,80,100,peak_active_vehicles,80.0,100.0,20.0,0.25
grid,1.0,80,100,cache_hits,2445.1,2835.2,390.0999999999999,0.15954357694981797
grid,1.0,80,100,cache_misses,3772.3,4842.6,1070.3000000000002,0.283726108740026
grid,1.0,80,100,cache_hit_rate,0.3932846370859718,0.36928915329930395,-0.023995483786667826,-0.06101302091142306
grid,1.0,80,100,v2i_queries,3772.3,4842.6,1070.3000000000002,0.283726108740026
grid,1.0,80,100,v2i_queries_avoided,2445.1,2835.2,390.0999999999999,0.15954357694981797
grid,1.0,80,100,query_failures,0.2,0.2,0.0,0.0
grid,1.0,80,100,accepted,4569.7,5688.9,1119.1999999999998,0.2449176094710812
grid,1.0,80,100,rejected,1647.7,1988.9,341.20000000000005,0.20707653092189116
grid,1.0,80,100,anomaly_escalations,129.1,149.9,20.80000000000001,0.16111541440743618
grid,1.0,80,100,stale_trust_acceptances,11.8,10.9,-0.9000000000000004,-0.07627118644067798
grid,1.0,80,100,stale_acceptance_rate,0.0018986600964434898,0.00142014499424206,-0.00047851510220142993,-0.25202778691023703
grid,1.0,80,100,authorization_latency_mean_ms,10.374986944986272,10.765760994842045,0.39077404985577324,0.03766501605523614
grid,1.0,80,100,authorization_latency_p95_ms,22.965098844872802,23.064001263249043,0.09890241837624103,0.004306640221508214
grid,1.0,80,100,messages_total,7696.8,9879.7,2182.9000000000005,0.2836113709593598
grid,1.0,80,100,messages_per_interaction,1.2379056730868983,1.28674732232157,0.048841649234671713,0.03945506535475998
grid,1.0,80,100,bytes_total,5420160.0,6958489.6,1538329.5999999996,0.2838162711063879
grid,1.0,80,100,bytes_per_interaction,871.7462586666476,906.2847120578444,34.53845339119687,0.039619847000002144
grid,1.0,80,100,cache_entries_final,1129.1,1710.2,581.1000000000001,0.5146576919670536
grid,1.0,80,100,cache_entries_peak,1129.1,1710.2,581.1000000000001,0.5146576919670536
grid,2.0,20,40,observed_vehicle_count,20.0,40.0,20.0,1.0
grid,2.0,20,40,interactions,1380.9,2999.0,1618.1,1.1717720327322758
grid,2.0,20,40,mean_active_vehicles,15.84,32.05684210526316,16.216842105263158,1.0237905369484317
grid,2.0,20,40,peak_active_vehicles,20.0,40.0,20.0,1.0
grid,2.0,20,40,cache_hits,854.6,1771.8,917.1999999999999,1.073250643575942
grid,2.0,20,40,cache_misses,526.3,1227.2,700.9000000000001,1.3317499524985752
grid,2.0,20,40,cache_hit_rate,0.6188516792688479,0.5907896756621354,-0.028062003606712516,-0.04534528150568617
grid,2.0,20,40,v2i_queries,526.3,1227.2,700.9000000000001,1.3317499524985752
grid,2.0,20,40,v2i_queries_avoided,854.6,1771.8,917.1999999999999,1.073250643575942
grid,2.0,20,40,query_failures,0.0,0.0,0.0,
grid,2.0,20,40,accepted,1023.1,2187.5,1164.4,1.1381096666992474
grid,2.0,20,40,rejected,357.8,811.5,453.7,1.2680268306316378
grid,2.0,20,40,anomaly_escalations,26.6,57.1,30.5,1.1466165413533833
grid,2.0,20,40,stale_trust_acceptances,7.6,8.1,0.5,0.06578947368421052
grid,2.0,20,40,stale_acceptance_rate,0.00552963712645585,0.00270006921705226,-0.0028295679094035896,-0.5117095108946443
grid,2.0,20,40,authorization_latency_mean_ms,6.603088748891386,7.097733800202697,0.494645051311311,0.07491116205190465
grid,2.0,20,40,authorization_latency_p95_ms,21.686609153015866,22.018809062375084,0.3321999093592183,0.015318204289812667
grid,2.0,20,40,messages_total,1075.6,2508.1,1432.5,1.3318148010412794
grid,2.0,20,40,messages_per_interaction,0.7789219520028564,0.8363265711420838,0.05740461913922734,0.0736975238554027
grid,2.0,20,40,bytes_total,757580.8,1767718.4,1010137.5999999999,1.3333727570709286
grid,2.0,20,40,bytes_per_interaction,548.6088545479824,589.4540614217282,40.845206873745724,0.07445232889541946
grid,2.0,20,40,cache_entries_final,115.7,349.0,233.3,2.0164217804667244
grid,2.0,20,40,cache_entries_peak,115.7,349.0,233.3,2.0164217804667244
grid,2.0,40,60,observed_vehicle_count,40.0,60.0,20.0,0.5
grid,2.0,40,60,interactions,2999.0,4588.7,1589.6999999999998,0.5300766922307435
grid,2.0,40,60,mean_active_vehicles,32.05684210526316,48.63578947368421,16.578947368421055,0.5171734419123926
grid,2.0,40,60,peak_active_vehicles,40.0,60.0,20.0,0.5
grid,2.0,40,60,cache_hits,1771.8,2551.0,779.2,0.43977875606727623
grid,2.0,40,60,cache_misses,1227.2,2037.7,810.5,0.6604465449804433
grid,2.0,40,60,cache_hit_rate,0.5907896756621354,0.5559315148159388,-0.03485816084619653,-0.05900265742986924
grid,2.0,40,60,v2i_queries,1227.2,2037.7,810.5,0.6604465449804433
grid,2.0,40,60,v2i_queries_avoided,1771.8,2551.0,779.2,0.43977875606727623
grid,2.0,40,60,query_failures,0.0,0.1,0.1,
grid,2.0,40,60,accepted,2187.5,3384.4,1196.9,0.5471542857142857
grid,2.0,40,60,rejected,811.5,1204.3,392.79999999999995,0.48404189772027106
grid,2.0,40,60,anomaly_escalations,57.1,86.7,29.6,0.5183887915936953
grid,2.0,40,60,stale_trust_acceptances,8.1,19.8,11.700000000000001,1.4444444444444446
grid,2.0,40,60,stale_acceptance_rate,0.00270006921705226,0.00431564903947995,0.00161557982242769,0.5983475579901848
grid,2.0,40,60,authorization_latency_mean_ms,7.097733800202697,7.6706046084262285,0.5728708082235316,0.08071179116455053
grid,2.0,40,60,authorization_latency_p95_ms,22.018809062375084,22.235103436324124,0.21629437394904016,0.00982316406560952
grid,2.0,40,60,messages_total,2508.1,4161.9,1653.7999999999997,0.6593835971452493
grid,2.0,40,60,messages_per_interaction,0.8363265711420838,0.9069909699289364,0.0706643987868526,0.08449378654842166
grid,2.0,40,60,bytes_total,1767718.4,2932172.8,1164454.4,0.6587329746638378
grid,2.0,40,60,bytes_per_interaction,589.4540614217282,639.0040916664891,49.55003024476093,0.08406088529655595
grid,2.0,40,60,cache_entries_final,349.0,706.5,357.5,1.024355300859599
grid,2.0,40,60,cache_entries_peak,349.0,706.5,357.5,1.024355300859599
grid,2.0,60,80,observed_vehicle_count,60.0,80.0,20.0,0.3333333333333333
grid,2.0,60,80,interactions,4588.7,6217.4,1628.6999999999998,0.35493712816266043
grid,2.0,60,80,mean_active_vehicles,48.63578947368421,65.65473684210527,17.018947368421053,0.34992641329755
grid,2.0,60,80,peak_active_vehicles,60.0,80.0,20.0,0.3333333333333333
grid,2.0,60,80,cache_hits,2551.0,3248.3,697.3000000000002,0.2733437867502941
grid,2.0,60,80,cache_misses,2037.7,2969.1,931.3999999999999,0.4570839672179417
grid,2.0,60,80,cache_hit_rate,0.5559315148159388,0.5224636602936952,-0.033467854522243656,-0.0602013982483515
grid,2.0,60,80,v2i_queries,2037.7,2969.1,931.3999999999999,0.4570839672179417
grid,2.0,60,80,v2i_queries_avoided,2551.0,3248.3,697.3000000000002,0.2733437867502941
grid,2.0,60,80,query_failures,0.1,0.1,0.0,0.0
grid,2.0,60,80,accepted,3384.4,4579.0,1194.6,0.35297246188393805
grid,2.0,60,80,rejected,1204.3,1638.4,434.10000000000014,0.3604583575521051
grid,2.0,60,80,anomaly_escalations,86.7,126.2,39.5,0.4555940023068051
grid,2.0,60,80,stale_trust_acceptances,19.8,24.5,4.699999999999999,0.23737373737373732
grid,2.0,60,80,stale_acceptance_rate,0.00431564903947995,0.00394113536705829,-0.00037451367242165995,-0.08678038204580002
grid,2.0,60,80,authorization_latency_mean_ms,7.6706046084262285,8.234548455148904,0.5639438467226752,0.07352012983476919
grid,2.0,60,80,authorization_latency_p95_ms,22.235103436324124,22.42622570632957,0.19112227000544735,0.008595519717404266
grid,2.0,60,80,messages_total,4161.9,6065.6,1903.7000000000007,0.4574112785026072
grid,2.0,60,80,messages_per_interaction,0.9069909699289364,0.9755623565746143,0.06857138664567797,0.07560316355856399
grid,2.0,60,80,bytes_total,2932172.8,4271884.8,1339712.0,0.45690076655782363
grid,2.0,60,80,bytes_per_interaction,639.0040916664891,687.0705672838981,48.06647561740897,0.07522091993504161
grid,2.0,60,80,cache_entries_final,706.5,1129.1,422.5999999999999,0.5981599433828731
grid,2.0,60,80,cache_entries_peak,706.5,1129.1,422.5999999999999,0.5981599433828731
grid,2.0,80,100,observed_vehicle_count,80.0,100.0,20.0,0.25
grid,2.0,80,100,interactions,6217.4,7677.8,1460.4000000000005,0.23488918197317216
grid,2.0,80,100,mean_active_vehicles,65.65473684210527,81.01157894736842,15.356842105263155,0.2339030334124286
grid,2.0,80,100,peak_active_vehicles,80.0,100.0,20.0,0.25
grid,2.0,80,100,cache_hits,3248.3,3758.8,510.5,0.15715912939075824
grid,2.0,80,100,cache_misses,2969.1,3919.0,949.9000000000001,0.31992859789161704
grid,2.0,80,100,cache_hit_rate,0.5224636602936952,0.48957782298077046,-0.032885837312924715,-0.06294377927536325
grid,2.0,80,100,v2i_queries,2969.1,3919.0,949.9000000000001,0.31992859789161704
grid,2.0,80,100,v2i_queries_avoided,3248.3,3758.8,510.5,0.15715912939075824
grid,2.0,80,100,query_failures,0.1,0.1,0.0,0.0
grid,2.0,80,100,accepted,4579.0,5698.8,1119.8000000000002,0.24455121205503388
grid,2.0,80,100,rejected,1638.4,1979.0,340.5999999999999,0.20788574218749994
grid,2.0,80,100,anomaly_escalations,126.2,158.5,32.3,0.2559429477020602
grid,2.0,80,100,stale_trust_acceptances,24.5,25.5,1.0,0.04081632653061224
grid,2.0,80,100,stale_acceptance_rate,0.00394113536705829,0.0033211792656077195,-0.0006199561014505707,-0.15730393496057793
grid,2.0,80,100,authorization_latency_mean_ms,8.234548455148904,8.780675854785443,0.5461273996365392,0.06632147501604127
grid,2.0,80,100,authorization_latency_p95_ms,22.42622570632957,22.60306210710219,0.17683640077261842,0.007885250201629255
grid,2.0,80,100,messages_total,6065.6,8002.0,1936.3999999999996,0.31924294381429696
grid,2.0,80,100,messages_per_interaction,0.9755623565746143,1.042206711924091,0.06664435534947666,0.0683137832249675
grid,2.0,80,100,bytes_total,4271884.8,5634035.2,1362150.4000000004,0.3188640292921758
grid,2.0,80,100,bytes_per_interaction,687.0705672838981,733.7956722024759,46.72510491857781,0.06800626768701469
grid,2.0,80,100,cache_entries_final,1129.1,1710.4,581.3000000000002,0.5148348241962627
grid,2.0,80,100,cache_entries_peak,1129.1,1710.4,581.3000000000002,0.5148348241962627
grid,5.0,20,40,observed_vehicle_count,20.0,40.0,20.0,1.0
grid,5.0,20,40,interactions,1380.9,2999.0,1618.1,1.1717720327322758
grid,5.0,20,40,mean_active_vehicles,15.84,32.05684210526316,16.216842105263158,1.0237905369484317
grid,5.0,20,40,peak_active_vehicles,20.0,40.0,20.0,1.0
grid,5.0,20,40,cache_hits,1066.8,2197.1,1130.3,1.0595238095238095
grid,5.0,20,40,cache_misses,314.1,801.9,487.79999999999995,1.5530085959885385
grid,5.0,20,40,cache_hit_rate,0.7725169837312562,0.7325887544534538,-0.039928229277802374,-0.051685891855670366
grid,5.0,20,40,v2i_queries,314.1,801.9,487.79999999999995,1.5530085959885385
grid,5.0,20,40,v2i_queries_avoided,1066.8,2197.1,1130.3,1.0595238095238095
grid,5.0,20,40,query_failures,0.0,0.0,0.0,
grid,5.0,20,40,accepted,1030.9,2209.3,1178.4,1.1430788631293045
grid,5.0,20,40,rejected,350.0,789.7,439.70000000000005,1.2562857142857144
grid,5.0,20,40,anomaly_escalations,25.9,53.4,27.5,1.0617760617760619
grid,5.0,20,40,stale_trust_acceptances,15.8,25.4,9.599999999999998,0.6075949367088606
grid,5.0,20,40,stale_acceptance_rate,0.01148366035663909,0.00846382433711231,-0.003019836019526779,-0.26296807165503727
grid,5.0,20,40,authorization_latency_mean_ms,4.059271174941821,4.7175823701435915,0.6583111952017706,0.16217472714451156
grid,5.0,20,40,authorization_latency_p95_ms,20.170965926291462,20.6931130072618,0.5221470809703384,0.02588607223265177
grid,5.0,20,40,messages_total,641.1,1636.3,995.1999999999999,1.5523319294961784
grid,5.0,20,40,messages_per_interaction,0.4643381897289989,0.5456663992586568,0.08132820952965791,0.17514865528748216
grid,5.0,20,40,bytes_total,450304.0,1150387.2,700083.2,1.5546901648664013
grid,5.0,20,40,bytes_per_interaction,326.1453128778863,383.6215061719287,57.47619329404239,0.1762287882872698
grid,5.0,20,40,cache_entries_final,115.7,349.0,233.3,2.0164217804667244
grid,5.0,20,40,cache_entries_peak,115.7,349.0,233.3,2.0164217804667244
grid,5.0,40,60,observed_vehicle_count,40.0,60.0,20.0,0.5
grid,5.0,40,60,interactions,2999.0,4588.7,1589.6999999999998,0.5300766922307435
grid,5.0,40,60,mean_active_vehicles,32.05684210526316,48.63578947368421,16.578947368421055,0.5171734419123926
grid,5.0,40,60,peak_active_vehicles,40.0,60.0,20.0,0.5
grid,5.0,40,60,cache_hits,2197.1,3165.3,968.2000000000003,0.4406717946383871
grid,5.0,40,60,cache_misses,801.9,1423.4,621.5000000000001,0.7750342935528123
grid,5.0,40,60,cache_hit_rate,0.7325887544534538,0.6898074485209178,-0.04278130593253604,-0.05839743740600132
grid,5.0,40,60,v2i_queries,801.9,1423.4,621.5000000000001,0.7750342935528123
grid,5.0,40,60,v2i_queries_avoided,2197.1,3165.3,968.2000000000003,0.4406717946383871
grid,5.0,40,60,query_failures,0.0,0.1,0.1,
grid,5.0,40,60,accepted,2209.3,3409.5,1200.1999999999998,0.5432489928936766
grid,5.0,40,60,rejected,789.7,1179.2,389.5,0.49322527542104594
grid,5.0,40,60,anomaly_escalations,53.4,90.6,37.199999999999996,0.696629213483146
grid,5.0,40,60,stale_trust_acceptances,25.4,45.5,20.1,0.7913385826771655
grid,5.0,40,60,stale_acceptance_rate,0.00846382433711231,0.00992230796779086,0.0014584836306785493,0.17231969528046173
grid,5.0,40,60,authorization_latency_mean_ms,4.7175823701435915,5.430328563448599,0.7127461933050077,0.1510829355764515
grid,5.0,40,60,authorization_latency_p95_ms,20.6931130072618,21.186187669940573,0.4930746626787723,0.023827959693920313
grid,5.0,40,60,messages_total,1636.3,2904.9,1268.6000000000001,0.7752857055552161
grid,5.0,40,60,messages_per_interaction,0.5456663992586568,0.6330471241899017,0.08738072493124494,0.16013579918052592
grid,5.0,40,60,bytes_total,1150387.2,2043481.6,893094.4000000001,0.7763424349645061
grid,5.0,40,60,bytes_per_interaction,383.6215061719287,445.32300054180826,61.70149436987958,0.160839508153713
grid,5.0,40,60,cache_entries_final,349.0,706.5,357.5,1.024355300859599
grid,5.0,40,60,cache_entries_peak,349.0,706.5,357.5,1.024355300859599
grid,5.0,60,80,observed_vehicle_count,60.0,80.0,20.0,0.3333333333333333
grid,5.0,60,80,interactions,4588.7,6217.4,1628.6999999999998,0.35493712816266043
grid,5.0,60,80,mean_active_vehicles,48.63578947368421,65.65473684210527,17.018947368421053,0.34992641329755
grid,5.0,60,80,peak_active_vehicles,60.0,80.0,20.0,0.3333333333333333
grid,5.0,60,80,cache_hits,3165.3,4073.8,908.5,0.28701860803083434
grid,5.0,60,80,cache_misses,1423.4,2143.6,720.1999999999998,0.5059716172544609
grid,5.0,60,80,cache_hit_rate,0.6898074485209178,0.6552289338992086,-0.034578514621709244,-0.05012777797029062
grid,5.0,60,80,v2i_queries,1423.4,2143.6,720.1999999999998,0.5059716172544609
grid,5.0,60,80,v2i_queries_avoided,3165.3,4073.8,908.5,0.28701860803083434
grid,5.0,60,80,query_failures,0.1,0.1,0.0,0.0
grid,5.0,60,80,accepted,3409.5,4600.3,1190.8000000000002,0.3492594222026691
grid,5.0,60,80,rejected,1179.2,1617.1,437.89999999999986,0.37135345997286284
grid,5.0,60,80,anomaly_escalations,90.6,129.3,38.70000000000002,0.42715231788079494
grid,5.0,60,80,stale_trust_acceptances,45.5,48.5,3.0,0.06593406593406594
grid,5.0,60,80,stale_acceptance_rate,0.00992230796779086,0.007799480073102839,-0.0021228278946880206,-0.21394497142993385
grid,5.0,60,80,authorization_latency_mean_ms,5.430328563448599,6.007136175249689,0.5768076118010894,0.10621965228468246
grid,5.0,60,80,authorization_latency_p95_ms,21.186187669940573,21.51792515927077,0.3317374893301981,0.015658196486235912
grid,5.0,60,80,messages_total,2904.9,4371.9,1466.9999999999995,0.5050087782711967
grid,5.0,60,80,messages_per_interaction,0.6330471241899017,0.7031642468418001,0.0701171226518984,0.11076130034020128
grid,5.0,60,80,bytes_total,2043481.6,3077145.6,1033664.0,0.5058347479125821
grid,5.0,60,80,bytes_per_interaction,445.32300054180826,494.9199065147903,49.59690597298203,0.11137288195902588
grid,5.0,60,80,cache_entries_final,706.5,1129.1,422.5999999999999,0.5981599433828731
grid,5.0,60,80,cache_entries_peak,706.5,1129.1,422.5999999999999,0.5981599433828731
grid,5.0,80,100,observed_vehicle_count,80.0,100.0,20.0,0.25
grid,5.0,80,100,interactions,6217.4,7677.8,1460.4000000000005,0.23488918197317216
grid,5.0,80,100,mean_active_vehicles,65.65473684210527,81.01157894736842,15.356842105263155,0.2339030334124286
grid,5.0,80,100,peak_active_vehicles,80.0,100.0,20.0,0.25
grid,5.0,80,100,cache_hits,4073.8,4738.3,664.5,0.16311551868034757
grid,5.0,80,100,cache_misses,2143.6,2939.5,795.9000000000001,0.37129128568762837
grid,5.0,80,100,cache_hit_rate,0.6552289338992086,0.6171507985258712,-0.038078135373337374,-0.05811424588156968
grid,5.0,80,100,v2i_queries,2143.6,2939.5,795.9000000000001,0.37129128568762837
grid,5.0,80,100,v2i_queries_avoided,4073.8,4738.3,664.5,0.16311551868034757
grid,5.0,80,100,query_failures,0.1,0.2,0.1,1.0
grid,5.0,80,100,accepted,4600.3,5726.8,1126.5,0.24487533421733365
grid,5.0,80,100,rejected,1617.1,1951.0,333.9000000000001,0.2064807371220086
grid,5.0,80,100,anomaly_escalations,129.3,156.5,27.19999999999999,0.21036349574632626
grid,5.0,80,100,stale_trust_acceptances,48.5,55.9,7.399999999999999,0.15257731958762882
grid,5.0,80,100,stale_acceptance_rate,0.007799480073102839,0.007281398797391469,-0.0005180812757113696,-0.06642510409097863
grid,5.0,80,100,authorization_latency_mean_ms,6.007136175249689,6.640437788937454,0.6333016136877658,0.10542488054408762
grid,5.0,80,100,authorization_latency_p95_ms,21.51792515927077,21.809603122860178,0.29167796358940734,0.01355511562710966
grid,5.0,80,100,messages_total,4371.9,5999.5,1627.6000000000004,0.3722866488254536
grid,5.0,80,100,messages_per_interaction,0.7031642468418001,0.7813901561290623,0.07822590928726214,0.11124841690772373
grid,5.0,80,100,bytes_total,3077145.6,4222796.8,1145651.1999999997,0.3723097145614428
grid,5.0,80,100,bytes_per_interaction,494.9199065147903,549.9886084516756,55.06870193688536,0.11126790660872252
grid,5.0,80,100,cache_entries_final,1129.1,1710.4,581.3000000000002,0.5148348241962627
grid,5.0,80,100,cache_entries_peak,1129.1,1710.4,581.3000000000002,0.5148348241962627
grid,10.0,20,40,observed_vehicle_count,20.0,40.0,20.0,1.0
grid,10.0,20,40,interactions,1380.9,2999.0,1618.1,1.1717720327322758
grid,10.0,20,40,mean_active_vehicles,15.84,32.05684210526316,16.216842105263158,1.0237905369484317
grid,10.0,20,40,peak_active_vehicles,20.0,40.0,20.0,1.0
grid,10.0,20,40,cache_hits,1156.5,2385.2,1228.6999999999998,1.062429744920017
grid,10.0,20,40,cache_misses,224.4,613.8,389.4,1.7352941176470587
grid,10.0,20,40,cache_hit_rate,0.8374360900044981,0.7953377338151744,-0.04209835618932378,-0.05027053012379447
grid,10.0,20,40,v2i_queries,224.4,613.8,389.4,1.7352941176470587
grid,10.0,20,40,v2i_queries_avoided,1156.5,2385.2,1228.6999999999998,1.062429744920017
grid,10.0,20,40,query_failures,0.0,0.0,0.0,
grid,10.0,20,40,accepted,1046.5,2222.1,1175.6,1.1233635929288102
grid,10.0,20,40,rejected,334.4,776.9,442.5,1.3232655502392345
grid,10.0,20,40,anomaly_escalations,28.4,61.2,32.800000000000004,1.154929577464789
grid,10.0,20,40,stale_trust_acceptances,32.3,43.9,11.600000000000001,0.3591331269349846
grid,10.0,20,40,stale_acceptance_rate,0.02340974699943585,0.01465714673420516,-0.008752600265230689,-0.3738870080672644
grid,10.0,20,40,authorization_latency_mean_ms,2.92411242104877,3.6435499117871246,0.7194374907383545,0.24603619394370585
grid,10.0,20,40,authorization_latency_p95_ms,18.844935054303498,19.800326581479126,0.9553915271756281,0.05069752293773236
grid,10.0,20,40,messages_total,457.3,1253.6,796.3,1.7413076754865513
grid,10.0,20,40,messages_per_interaction,0.33129068969951975,0.41799068490278,0.08669999520326027,0.2617036877248107
grid,10.0,20,40,bytes_total,320998.4,881459.2,560460.7999999999,1.7459925033894246
grid,10.0,20,40,bytes_per_interaction,232.531430377677,293.90291315788926,61.37148278021226,0.2639276878851725
grid,10.0,20,40,cache_entries_final,115.7,349.0,233.3,2.0164217804667244
grid,10.0,20,40,cache_entries_peak,115.7,349.0,233.3,2.0164217804667244
grid,10.0,40,60,observed_vehicle_count,40.0,60.0,20.0,0.5
grid,10.0,40,60,interactions,2999.0,4588.7,1589.6999999999998,0.5300766922307435
grid,10.0,40,60,mean_active_vehicles,32.05684210526316,48.63578947368421,16.578947368421055,0.5171734419123926
grid,10.0,40,60,peak_active_vehicles,40.0,60.0,20.0,0.5
grid,10.0,40,60,cache_hits,2385.2,3451.9,1066.7000000000003,0.4472161663592153
grid,10.0,40,60,cache_misses,613.8,1136.8,523.0,0.8520690778755295
grid,10.0,40,60,cache_hit_rate,0.7953377338151744,0.7522565329543509,-0.043081200860823454,-0.054167178330853515
grid,10.0,40,60,v2i_queries,613.8,1136.8,523.0,0.8520690778755295
grid,10.0,40,60,v2i_queries_avoided,2385.2,3451.9,1066.7000000000003,0.4472161663592153
grid,10.0,40,60,query_failures,0.0,0.0,0.0,
grid,10.0,40,60,accepted,2222.1,3428.2,1206.1,0.542774852616894
grid,10.0,40,60,rejected,776.9,1160.5,383.6,0.49375724031406876
grid,10.0,40,60,anomaly_escalations,61.2,92.3,31.099999999999994,0.5081699346405227
grid,10.0,40,60,stale_trust_acceptances,43.9,69.0,25.1,0.5717539863325741
grid,10.0,40,60,stale_acceptance_rate,0.01465714673420516,0.0150452487447682,0.00038810201056303957,0.02647868767372928
grid,10.0,40,60,authorization_latency_mean_ms,3.6435499117871246,4.369203868049526,0.7256539562624016,0.19916125038245341
grid,10.0,40,60,authorization_latency_p95_ms,19.800326581479126,20.435077774733,0.634751193253873,0.03205761231471849
grid,10.0,40,60,messages_total,1253.6,2319.5,1065.9,0.8502712188895981
grid,10.0,40,60,messages_per_interaction,0.41799068490278,0.5054863658466004,0.08749568094382043,0.20932447564990822
grid,10.0,40,60,bytes_total,881459.2,1631897.6,750438.4000000001,0.8513592007434946
grid,10.0,40,60,bytes_per_interaction,293.90291315788926,355.63496350632124,61.73205034843198,0.2100423220890926
grid,10.0,40,60,cache_entries_final,349.0,706.5,357.5,1.024355300859599
grid,10.0,40,60,cache_entries_peak,349.0,706.5,357.5,1.024355300859599
grid,10.0,60,80,observed_vehicle_count,60.0,80.0,20.0,0.3333333333333333
grid,10.0,60,80,interactions,4588.7,6217.4,1628.6999999999998,0.35493712816266043
grid,10.0,60,80,mean_active_vehicles,48.63578947368421,65.65473684210527,17.018947368421053,0.34992641329755
grid,10.0,60,80,peak_active_vehicles,60.0,80.0,20.0,0.3333333333333333
grid,10.0,60,80,cache_hits,3451.9,4477.0,1025.1,0.2969668878009212
grid,10.0,60,80,cache_misses,1136.8,1740.4,603.6000000000001,0.5309641097818439
grid,10.0,60,80,cache_hit_rate,0.7522565329543509,0.7200747061497896,-0.032181826804561275,-0.042780388597189044
grid,10.0,60,80,v2i_queries,1136.8,1740.4,603.6000000000001,0.5309641097818439
grid,10.0,60,80,v2i_queries_avoided,3451.9,4477.0,1025.1,0.2969668878009212
grid,10.0,60,80,query_failures,0.0,0.0,0.0,
grid,10.0,60,80,accepted,3428.2,4649.3,1221.1000000000004,0.3561927542150401
grid,10.0,60,80,rejected,1160.5,1568.1,407.5999999999999,0.35122791900043077
grid,10.0,60,80,anomaly_escalations,92.3,121.7,29.400000000000006,0.31852654387865664
grid,10.0,60,80,stale_trust_acceptances,69.0,89.6,20.599999999999994,0.29855072463768106
grid,10.0,60,80,stale_acceptance_rate,0.0150452487447682,0.014413566549064023,-0.0006316821957041766,-0.041985493654522414
grid,10.0,60,80,authorization_latency_mean_ms,4.369203868049526,4.912693604804227,0.5434897367547009,0.12439102252221577
grid,10.0,60,80,authorization_latency_p95_ms,20.435077774733,20.762440275034542,0.32736250030154324,0.016019635643682813
grid,10.0,60,80,messages_total,2319.5,3550.5,1231.0,0.5307178271179134
grid,10.0,60,80,messages_per_interaction,0.5054863658466004,0.571062083268915,0.0655757174223146,0.12972796469492673
grid,10.0,60,80,bytes_total,1631897.6,2498521.6,866624.0,0.5310529288112195
grid,10.0,60,80,bytes_per_interaction,355.63496350632124,401.8621955395692,46.22723203324796,0.12998505989815676
grid,10.0,60,80,cache_entries_final,706.5,1129.2,422.70000000000005,0.5983014861995755
grid,10.0,60,80,cache_entries_peak,706.5,1129.2,422.70000000000005,0.5983014861995755
grid,10.0,80,100,observed_vehicle_count,80.0,100.0,20.0,0.25
grid,10.0,80,100,interactions,6217.4,7677.8,1460.4000000000005,0.23488918197317216
grid,10.0,80,100,mean_active_vehicles,65.65473684210527,81.01157894736842,15.356842105263155,0.2339030334124286
grid,10.0,80,100,peak_active_vehicles,80.0,100.0,20.0,0.25
grid,10.0,80,100,cache_hits,4477.0,5221.7,744.6999999999998,0.1663390663390663
grid,10.0,80,100,cache_misses,1740.4,2456.1,715.6999999999998,0.4112273040680302
grid,10.0,80,100,cache_hit_rate,0.7200747061497896,0.6800990920079499,-0.0399756141418397,-0.05551592605660001
grid,10.0,80,100,v2i_queries,1740.4,2456.1,715.6999999999998,0.4112273040680302
grid,10.0,80,100,v2i_queries_avoided,4477.0,5221.7,744.6999999999998,0.1663390663390663
grid,10.0,80,100,query_failures,0.0,0.0,0.0,
grid,10.0,80,100,accepted,4649.3,5783.5,1134.1999999999998,0.2439507022562536
grid,10.0,80,100,rejected,1568.1,1894.3,326.20000000000005,0.20802244754798804
grid,10.0,80,100,anomaly_escalations,121.7,159.3,37.60000000000001,0.3089564502875925
grid,10.0,80,100,stale_trust_acceptances,89.6,109.4,19.80000000000001,0.220982142857143
grid,10.0,80,100,stale_acceptance_rate,0.014413566549064023,0.01424432047848112,-0.000169246070582902,-0.011742136826911337
grid,10.0,80,100,authorization_latency_mean_ms,4.912693604804227,5.5755796564079585,0.6628860516037314,0.13493331864936195
grid,10.0,80,100,authorization_latency_p95_ms,20.762440275034542,21.226589640547054,0.46414936551251174,0.022355241453511636
grid,10.0,80,100,messages_total,3550.5,5011.4,1460.8999999999996,0.4114631742008167
grid,10.0,80,100,messages_per_interaction,0.571062083268915,0.652720368365437,0.08165828509652195,0.14299370854581636
grid,10.0,80,100,bytes_total,2498521.6,3526860.8,1028339.1999999997,0.41157907139966277
grid,10.0,80,100,bytes_per_interaction,401.8621955395692,459.3635671544351,57.50137161486589,0.1430872877645542
grid,10.0,80,100,cache_entries_final,1129.2,1710.4,581.2,0.5147006730428623
grid,10.0,80,100,cache_entries_peak,1129.2,1710.4,581.2,0.5147006730428623
grid,30.0,20,40,observed_vehicle_count,20.0,40.0,20.0,1.0
grid,30.0,20,40,interactions,1380.9,2999.0,1618.1,1.1717720327322758
grid,30.0,20,40,mean_active_vehicles,15.84,32.05684210526316,16.216842105263158,1.0237905369484317
grid,30.0,20,40,peak_active_vehicles,20.0,40.0,20.0,1.0
grid,30.0,20,40,cache_hits,1212.4,2532.0,1319.6,1.0884196634774
grid,30.0,20,40,cache_misses,168.5,467.0,298.5,1.771513353115727
grid,30.0,20,40,cache_hit_rate,0.8778702066667663,0.8442602111372475,-0.03360999552951882,-0.03828583687460412
grid,30.0,20,40,v2i_queries,168.5,467.0,298.5,1.771513353115727
grid,30.0,20,40,v2i_queries_avoided,1212.4,2532.0,1319.6,1.0884196634774
grid,30.0,20,40,query_failures,0.0,0.0,0.0,
grid,30.0,20,40,accepted,1083.4,2320.1,1236.6999999999998,1.1414989846778658
grid,30.0,20,40,rejected,297.5,678.9,381.4,1.282016806722689
grid,30.0,20,40,anomaly_escalations,30.3,60.1,29.8,0.9834983498349835
grid,30.0,20,40,stale_trust_acceptances,71.5,143.4,71.9,1.0055944055944057
grid,30.0,20,40,stale_acceptance_rate,0.051725267930258126,0.047750160479177864,-0.003975107451080262,-0.07685039846366679
grid,30.0,20,40,authorization_latency_mean_ms,2.2938383688709396,2.864571335557415,0.5707329666864753,0.24881132621711194
grid,30.0,20,40,authorization_latency_p95_ms,17.75630403532888,18.97645762381067,1.2201535884817893,0.06871664204747267
grid,30.0,20,40,messages_total,344.1,953.8,609.6999999999999,1.7718686428363846
grid,30.0,20,40,messages_per_interaction,0.2494232695586176,0.31807724399962123,0.06865397444100363,0.27525088001009096
grid,30.0,20,40,bytes_total,242291.2,671654.4,429363.2,1.7720957261345025
grid,30.0,20,40,bytes_per_interaction,175.61840548894622,223.98904432102367,48.37063883207745,0.27543034966868546
grid,30.0,20,40,cache_entries_final,115.7,349.0,233.3,2.0164217804667244
grid,30.0,20,40,cache_entries_peak,115.7,349.0,233.3,2.0164217804667244
grid,30.0,40,60,observed_vehicle_count,40.0,60.0,20.0,0.5
grid,30.0,40,60,interactions,2999.0,4588.7,1589.6999999999998,0.5300766922307435
grid,30.0,40,60,mean_active_vehicles,32.05684210526316,48.63578947368421,16.578947368421055,0.5171734419123926
grid,30.0,40,60,peak_active_vehicles,40.0,60.0,20.0,0.5
grid,30.0,40,60,cache_hits,2532.0,3692.0,1160.0,0.45813586097946285
grid,30.0,40,60,cache_misses,467.0,896.7,429.70000000000005,0.9201284796573876
grid,30.0,40,60,cache_hit_rate,0.8442602111372475,0.8045746695402082,-0.0396855415970393,-0.04700629151240174
grid,30.0,40,60,v2i_queries,467.0,896.7,429.70000000000005,0.9201284796573876
grid,30.0,40,60,v2i_queries_avoided,2532.0,3692.0,1160.0,0.45813586097946285
grid,30.0,40,60,query_failures,0.0,0.0,0.0,
grid,30.0,40,60,accepted,2320.1,3583.9,1263.8000000000002,0.5447179000905135
grid,30.0,40,60,rejected,678.9,1004.8,325.9,0.4800412431875092
grid,30.0,40,60,anomaly_escalations,60.1,93.7,33.6,0.5590682196339435
grid,30.0,40,60,stale_trust_acceptances,143.4,227.1,83.69999999999999,0.5836820083682007
grid,30.0,40,60,stale_acceptance_rate,0.047750160479177864,0.04946712641151538,0.0017169659323375136,0.0359572808783799
grid,30.0,40,60,authorization_latency_mean_ms,2.864571335557415,3.515498526630233,0.6509271910728183,0.22723371660987274
grid,30.0,40,60,authorization_latency_p95_ms,18.97645762381067,19.692093791077077,0.7156361672664069,0.037711789073239035
grid,30.0,40,60,messages_total,953.8,1829.5,875.7,0.9181170056615644
grid,30.0,40,60,messages_per_interaction,0.31807724399962123,0.3987155011236467,0.08063825712402545,0.2535178439993069
grid,30.0,40,60,bytes_total,671654.4,1288460.8,616806.4,0.9183389552722353
grid,30.0,40,60,bytes_per_interaction,223.98904432102367,280.8043016628961,56.81525734187241,0.25365194763920745
grid,30.0,40,60,cache_entries_final,349.0,706.5,357.5,1.024355300859599
grid,30.0,40,60,cache_entries_peak,349.0,706.5,357.5,1.024355300859599
grid,30.0,60,80,observed_vehicle_count,60.0,80.0,20.0,0.3333333333333333
grid,30.0,60,80,interactions,4588.7,6217.4,1628.6999999999998,0.35493712816266043
grid,30.0,60,80,mean_active_vehicles,48.63578947368421,65.65473684210527,17.018947368421053,0.34992641329755
grid,30.0,60,80,peak_active_vehicles,60.0,80.0,20.0,0.3333333333333333
grid,30.0,60,80,cache_hits,3692.0,4822.1,1130.1000000000004,0.30609425785482136
grid,30.0,60,80,cache_misses,896.7,1395.3,498.5999999999999,0.5560388089662093
grid,30.0,60,80,cache_hit_rate,0.8045746695402082,0.7755647913870025,-0.02900987815320566,-0.036056166383890746
grid,30.0,60,80,v2i_queries,896.7,1395.3,498.5999999999999,0.5560388089662093
grid,30.0,60,80,v2i_queries_avoided,3692.0,4822.1,1130.1000000000004,0.30609425785482136
grid,30.0,60,80,query_failures,0.0,0.0,0.0,
grid,30.0,60,80,accepted,3583.9,4846.2,1262.2999999999997,0.35221406847289255
grid,30.0,60,80,rejected,1004.8,1371.2,366.4000000000001,0.3646496815286625
grid,30.0,60,80,anomaly_escalations,93.7,122.7,29.0,0.3094983991462113
grid,30.0,60,80,stale_trust_acceptances,227.1,290.8,63.70000000000002,0.28049317481285785
grid,30.0,60,80,stale_acceptance_rate,0.04946712641151538,0.04677135581483291,-0.0026957705966824674,-0.054496203685988176
grid,30.0,60,80,authorization_latency_mean_ms,3.515498526630233,4.00975539208292,0.4942568654526869,0.14059367731451014
grid,30.0,60,80,authorization_latency_p95_ms,19.692093791077077,20.227891582434516,0.5357977913574388,0.027208777138783516
grid,30.0,60,80,messages_total,1829.5,2848.5,1019.0,0.5569827821809238
grid,30.0,60,80,messages_per_interaction,0.3987155011236467,0.4581818645061243,0.05946636338247763,0.14914484943497686
grid,30.0,60,80,bytes_total,1288460.8,2006195.2,717734.3999999999,0.5570479132931323
grid,30.0,60,80,bytes_per_interaction,280.8043016628961,322.6964653932934,41.89216373039733,0.1491863318414852
grid,30.0,60,80,cache_entries_final,706.5,1129.2,422.70000000000005,0.5983014861995755
grid,30.0,60,80,cache_entries_peak,706.5,1129.2,422.70000000000005,0.5983014861995755
grid,30.0,80,100,observed_vehicle_count,80.0,100.0,20.0,0.25
grid,30.0,80,100,interactions,6217.4,7677.8,1460.4000000000005,0.23488918197317216
grid,30.0,80,100,mean_active_vehicles,65.65473684210527,81.01157894736842,15.356842105263155,0.2339030334124286
grid,30.0,80,100,peak_active_vehicles,80.0,100.0,20.0,0.25
grid,30.0,80,100,cache_hits,4822.1,5639.8,817.6999999999998,0.16957342236784798
grid,30.0,80,100,cache_misses,1395.3,2038.0,642.7,0.4606177882892568
grid,30.0,80,100,cache_hit_rate,0.7755647913870025,0.7345513008592395,-0.04101349052776304,-0.05288209442104178
grid,30.0,80,100,v2i_queries,1395.3,2038.0,642.7,0.4606177882892568
grid,30.0,80,100,v2i_queries_avoided,4822.1,5639.8,817.6999999999998,0.16957342236784798
grid,30.0,80,100,query_failures,0.0,0.0,0.0,
grid,30.0,80,100,accepted,4846.2,6003.4,1157.1999999999998,0.23878502744418303
grid,30.0,80,100,rejected,1371.2,1674.4,303.20000000000005,0.221120186697783
grid,30.0,80,100,anomaly_escalations,122.7,154.3,31.60000000000001,0.25753871230643854
grid,30.0,80,100,stale_trust_acceptances,290.8,329.9,39.099999999999966,0.13445667125171928
grid,30.0,80,100,stale_acceptance_rate,0.04677135581483291,0.04296523754884539,-0.003806118265987521,-0.08137712066881032
grid,30.0,80,100,authorization_latency_mean_ms,4.00975539208292,4.6897075660320695,0.6799521739491494,0.16957447710942272
grid,30.0,80,100,authorization_latency_p95_ms,20.227891582434516,20.716164614059483,0.48827303162496705,0.02413860236669319
grid,30.0,80,100,messages_total,2848.5,4160.6,1312.1000000000004,0.46062840091276125
grid,30.0,80,100,messages_per_interaction,0.4581818645061243,0.5419140534390564,0.0837321889329321,0.18274880657528272
grid,30.0,80,100,bytes_total,2006195.2,2930316.8,924121.5999999999,0.4606339403065065
grid,30.0,80,100,bytes_per_interaction,322.6964653932934,381.67013913790487,58.97367374461146,0.18275277255589398
grid,30.0,80,100,cache_entries_final,1129.2,1710.4,581.2,0.5147006730428623
grid,30.0,80,100,cache_entries_peak,1129.2,1710.4,581.2,0.5147006730428623
intersection,0.0,20,40,observed_vehicle_count,20.0,40.0,20.0,1.0
intersection,0.0,20,40,interactions,1453.0,3034.1,1581.1,1.0881624225739848
intersection,0.0,20,40,mean_active_vehicles,15.625263157894736,32.07578947368421,16.450526315789475,1.0528159525734304
intersection,0.0,20,40,peak_active_vehicles,20.0,40.0,20.0,1.0
intersection,0.0,20,40,cache_hits,0.0,0.0,0.0,
intersection,0.0,20,40,cache_misses,1453.0,3034.1,1581.1,1.0881624225739848
intersection,0.0,20,40,cache_hit_rate,0.0,0.0,0.0,
intersection,0.0,20,40,v2i_queries,1453.0,3034.1,1581.1,1.0881624225739848
intersection,0.0,20,40,v2i_queries_avoided,0.0,0.0,0.0,
intersection,0.0,20,40,query_failures,0.0,0.0,0.0,
intersection,0.0,20,40,accepted,1107.9,2190.3,1082.4,0.9769834822637422
intersection,0.0,20,40,rejected,345.1,843.8,498.69999999999993,1.4450883801796577
intersection,0.0,20,40,anomaly_escalations,29.0,59.3,30.299999999999997,1.0448275862068965
intersection,0.0,20,40,stale_trust_acceptances,0.0,0.0,0.0,
intersection,0.0,20,40,stale_acceptance_rate,0.0,0.0,0.0,
intersection,0.0,20,40,authorization_latency_mean_ms,16.968510083194655,16.896178266184847,-0.07233181700980751,-0.004262708785578282
intersection,0.0,20,40,authorization_latency_p95_ms,24.200308052910646,24.180541998328927,-0.019766054581719317,-0.0008167687179230759
intersection,0.0,20,40,messages_total,2968.1,6195.8,3227.7000000000003,1.0874633603989086
intersection,0.0,20,40,messages_per_interaction,2.0426849258022783,2.042038038462162,-0.0006468873401161979,-0.0003166848357008012
intersection,0.0,20,40,bytes_total,2090035.2,4361395.2,2271360.0,1.0867568163445285
intersection,0.0,20,40,bytes_per_interaction,1438.3744057343843,1437.4350713358451,-0.9393343985391311,-0.000653052775963112
intersection,0.0,20,40,cache_entries_final,154.1,464.6,310.5,2.0149253731343286
intersection,0.0,20,40,cache_entries_peak,154.1,464.6,310.5,2.0149253731343286
intersection,0.0,40,60,observed_vehicle_count,40.0,60.0,20.0,0.5
intersection,0.0,40,60,interactions,3034.1,4535.6,1501.5000000000005,0.4948749217230811
intersection,0.0,40,60,mean_active_vehicles,32.07578947368421,47.834736842105265,15.758947368421055,0.49130349173011295
intersection,0.0,40,60,peak_active_vehicles,40.0,60.0,20.0,0.5
intersection,0.0,40,60,cache_hits,0.0,0.0,0.0,
intersection,0.0,40,60,cache_misses,3034.1,4535.6,1501.5000000000005,0.4948749217230811
intersection,0.0,40,60,cache_hit_rate,0.0,0.0,0.0,
intersection,0.0,40,60,v2i_queries,3034.1,4535.6,1501.5000000000005,0.4948749217230811
intersection,0.0,40,60,v2i_queries_avoided,0.0,0.0,0.0,
intersection,0.0,40,60,query_failures,0.0,0.0,0.0,
intersection,0.0,40,60,accepted,2190.3,3242.1,1051.7999999999997,0.4802081906588137
intersection,0.0,40,60,rejected,843.8,1293.5,449.70000000000005,0.5329461957809908
intersection,0.0,40,60,anomaly_escalations,59.3,87.6,28.299999999999997,0.47723440134907247
intersection,0.0,40,60,stale_trust_acceptances,0.0,0.0,0.0,
intersection,0.0,40,60,stale_acceptance_rate,0.0,0.0,0.0,
intersection,0.0,40,60,authorization_latency_mean_ms,16.896178266184847,16.91536339205219,0.019185125867341668,0.001135471321685674
intersection,0.0,40,60,authorization_latency_p95_ms,24.180541998328927,24.153775723978136,-0.026766274350791264,-0.001106934424904166
intersection,0.0,40,60,messages_total,6195.8,9262.8,3066.999999999999,0.4950127505729686
intersection,0.0,40,60,messages_per_interaction,2.042038038462162,2.0422387939720577,0.0002007555098955116,9.831134685752403e-05
intersection,0.0,40,60,bytes_total,4361395.2,6520742.4,2159347.2,0.49510468576660976
intersection,0.0,40,60,bytes_per_interaction,1437.4350713358451,1437.667586589027,0.23251525318187305,0.00016175704754844384
intersection,0.0,40,60,cache_entries_final,464.6,927.5,462.9,0.9963409384416702
intersection,0.0,40,60,cache_entries_peak,464.6,927.5,462.9,0.9963409384416702
intersection,0.0,60,80,observed_vehicle_count,60.0,80.0,20.0,0.3333333333333333
intersection,0.0,60,80,interactions,4535.6,5835.4,1299.7999999999993,0.2865772995855012
intersection,0.0,60,80,mean_active_vehicles,47.834736842105265,61.49473684210526,13.659999999999997,0.2855665338996104
intersection,0.0,60,80,peak_active_vehicles,60.0,80.0,20.0,0.3333333333333333
intersection,0.0,60,80,cache_hits,0.0,0.0,0.0,
intersection,0.0,60,80,cache_misses,4535.6,5835.4,1299.7999999999993,0.2865772995855012
intersection,0.0,60,80,cache_hit_rate,0.0,0.0,0.0,
intersection,0.0,60,80,v2i_queries,4535.6,5835.4,1299.7999999999993,0.2865772995855012
intersection,0.0,60,80,v2i_queries_avoided,0.0,0.0,0.0,
intersection,0.0,60,80,query_failures,0.0,0.0,0.0,
intersection,0.0,60,80,accepted,3242.1,4188.3,946.2000000000003,0.2918478763764228
intersection,0.0,60,80,rejected,1293.5,1647.1,353.5999999999999,0.2733668341708542
intersection,0.0,60,80,anomaly_escalations,87.6,119.4,31.80000000000001,0.36301369863013716
intersection,0.0,60,80,stale_trust_acceptances,0.0,0.0,0.0,
intersection,0.0,60,80,stale_acceptance_rate,0.0,0.0,0.0,
intersection,0.0,60,80,authorization_latency_mean_ms,16.91536339205219,16.917746599316825,0.0023832072646357005,0.00014089010146571657
intersection,0.0,60,80,authorization_latency_p95_ms,24.153775723978136,24.17548011807794,0.02170439409980318,0.000898592184834134
intersection,0.0,60,80,messages_total,9262.8,11918.6,2655.800000000001,0.28671675951116304
intersection,0.0,60,80,messages_per_interaction,2.0422387939720577,2.042461264274553,0.00022247030249555877,0.00010893451987701428
intersection,0.0,60,80,bytes_total,6520742.4,8389081.6,1868339.1999999993,0.2865224671350304
intersection,0.0,60,80,bytes_per_interaction,1437.667586589027,1437.6102856188243,-0.05730097020273206,-3.9856897892984335e-05
intersection,0.0,60,80,cache_entries_final,927.5,1307.8,380.29999999999995,0.41002695417789753
intersection,0.0,60,80,cache_entries_peak,927.5,1307.8,380.29999999999995,0.41002695417789753
intersection,0.0,80,100,observed_vehicle_count,80.0,100.0,20.0,0.25
intersection,0.0,80,100,interactions,5835.4,6968.6,1133.2000000000007,0.19419405696267622
intersection,0.0,80,100,mean_active_vehicles,61.49473684210526,73.41894736842104,11.924210526315782,0.19390619650804508
intersection,0.0,80,100,peak_active_vehicles,80.0,100.0,20.0,0.25
intersection,0.0,80,100,cache_hits,0.0,0.0,0.0,
intersection,0.0,80,100,cache_misses,5835.4,6968.6,1133.2000000000007,0.19419405696267622
intersection,0.0,80,100,cache_hit_rate,0.0,0.0,0.0,
intersection,0.0,80,100,v2i_queries,5835.4,6968.6,1133.2000000000007,0.19419405696267622
intersection,0.0,80,100,v2i_queries_avoided,0.0,0.0,0.0,
intersection,0.0,80,100,query_failures,0.0,0.0,0.0,
intersection,0.0,80,100,accepted,4188.3,5015.4,827.0999999999995,0.1974786906382063
intersection,0.0,80,100,rejected,1647.1,1953.2,306.10000000000014,0.1858417825268655
intersection,0.0,80,100,anomaly_escalations,119.4,137.6,18.19999999999999,0.1524288107202679
intersection,0.0,80,100,stale_trust_acceptances,0.0,0.0,0.0,
intersection,0.0,80,100,stale_acceptance_rate,0.0,0.0,0.0,
intersection,0.0,80,100,authorization_latency_mean_ms,16.917746599316825,16.929065522016383,0.011318922699558698,0.0006690561673276145
intersection,0.0,80,100,authorization_latency_p95_ms,24.17548011807794,24.184936933982467,0.00945681590452807,0.0003911738612155402
intersection,0.0,80,100,messages_total,11918.6,14232.8,2314.199999999999,0.1941671001627707
intersection,0.0,80,100,messages_per_interaction,2.042461264274553,2.0424178698610573,-4.339441349587858e-05,-2.1246137811720765e-05
intersection,0.0,80,100,bytes_total,8389081.6,10020070.4,1630988.8000000007,0.19441803975300476
intersection,0.0,80,100,bytes_per_interaction,1437.6102856188243,1437.8833828558636,0.2730972370393374,0.00018996611235414318
intersection,0.0,80,100,cache_entries_final,1307.8,1535.2,227.4000000000001,0.17387979813427137
intersection,0.0,80,100,cache_entries_peak,1307.8,1535.2,227.4000000000001,0.17387979813427137
intersection,1.0,20,40,observed_vehicle_count,20.0,40.0,20.0,1.0
intersection,1.0,20,40,interactions,1453.0,3034.1,1581.1,1.0881624225739848
intersection,1.0,20,40,mean_active_vehicles,15.625263157894736,32.07578947368421,16.450526315789475,1.0528159525734304
intersection,1.0,20,40,peak_active_vehicles,20.0,40.0,20.0,1.0
intersection,1.0,20,40,cache_hits,653.7,1210.5,556.8,0.8517668655346488
intersection,1.0,20,40,cache_misses,799.3,1823.6,1024.3,1.2814963092706118
intersection,1.0,20,40,cache_hit_rate,0.44999030303383547,0.399049532254014,-0.050940770779821454,-0.11320415225923466
intersection,1.0,20,40,v2i_queries,799.3,1823.6,1024.3,1.2814963092706118
intersection,1.0,20,40,v2i_queries_avoided,653.7,1210.5,556.8,0.8517668655346488
intersection,1.0,20,40,query_failures,0.0,0.1,0.1,
intersection,1.0,20,40,accepted,1111.9,2195.1,1083.1999999999998,0.9741883262883351
intersection,1.0,20,40,rejected,341.1,839.0,497.9,1.459689240691879
intersection,1.0,20,40,anomaly_escalations,28.3,61.6,33.3,1.176678445229682
intersection,1.0,20,40,stale_trust_acceptances,1.6,5.6,3.9999999999999996,2.4999999999999996
intersection,1.0,20,40,stale_acceptance_rate,0.00110268222979859,0.0018499069177795203,0.0007472246879809301,0.6776428129411445
intersection,1.0,20,40,authorization_latency_mean_ms,9.420401364318852,10.276628119563407,0.8562267552445544,0.09089068736366568
intersection,1.0,20,40,authorization_latency_p95_ms,22.5694894731653,22.852270173696628,0.2827807005313261,0.01252933527218447
intersection,1.0,20,40,messages_total,1628.8,3718.7,2089.8999999999996,1.2830918467583494
intersection,1.0,20,40,messages_per_interaction,1.1207670981883568,1.2254597451132372,0.10469264692488034,0.09341159915749563
intersection,1.0,20,40,bytes_total,1147392.0,2618099.2,1470707.2000000002,1.2817826863007586
intersection,1.0,20,40,bytes_per_interaction,789.5127710399752,862.7706421853505,73.25787114537536,0.09278870948328981
intersection,1.0,20,40,cache_entries_final,154.1,464.5,310.4,2.0142764438676184
intersection,1.0,20,40,cache_entries_peak,154.1,464.5,310.4,2.0142764438676184
intersection,1.0,40,60,observed_vehicle_count,40.0,60.0,20.0,0.5
intersection,1.0,40,60,interactions,3034.1,4535.6,1501.5000000000005,0.4948749217230811
intersection,1.0,40,60,mean_active_vehicles,32.07578947368421,47.834736842105265,15.758947368421055,0.49130349173011295
intersection,1.0,40,60,peak_active_vehicles,40.0,60.0,20.0,0.5
intersection,1.0,40,60,cache_hits,1210.5,1626.4,415.9000000000001,0.34357703428335407
intersection,1.0,40,60,cache_misses,1823.6,2909.2,1085.6,0.5953059881552972
intersection,1.0,40,60,cache_hit_rate,0.399049532254014,0.35864868431984587,-0.04040084793416815,-0.10124268961290521
intersection,1.0,40,60,v2i_queries,1823.6,2909.2,1085.6,0.5953059881552972
intersection,1.0,40,60,v2i_queries_avoided,1210.5,1626.4,415.9000000000001,0.34357703428335407
intersection,1.0,40,60,query_failures,0.1,0.2,0.1,1.0
intersection,1.0,40,60,accepted,2195.1,3254.2,1059.1,0.4824837137260261
intersection,1.0,40,60,rejected,839.0,1281.4,442.4000000000001,0.527294398092968
intersection,1.0,40,60,anomaly_escalations,61.6,83.4,21.800000000000004,0.35389610389610393
intersection,1.0,40,60,stale_trust_acceptances,5.6,9.8,4.200000000000001,0.7500000000000002
intersection,1.0,40,60,stale_acceptance_rate,0.0018499069177795203,0.00216431678466737,0.0003144098668878498,0.1699598308790813
intersection,1.0,40,60,authorization_latency_mean_ms,10.276628119563407,10.95063352394102,0.6740054043776134,0.06558624059719774
intersection,1.0,40,60,authorization_latency_p95_ms,22.852270173696628,23.10472296972701,0.25245279603038284,0.011047164859837888
intersection,1.0,40,60,messages_total,3718.7,5936.5,2217.8,0.5963912119826822
intersection,1.0,40,60,messages_per_interaction,1.2254597451132372,1.3087300991893858,0.08327035407614858,0.0679502973542832
intersection,1.0,40,60,bytes_total,2618099.2,4179609.6,1561510.4,0.5964290428720195
intersection,1.0,40,60,bytes_per_interaction,862.7706421853505,921.4184531563044,58.647810970953856,0.06797613189804672
intersection,1.0,40,60,cache_entries_final,464.5,927.3,462.79999999999995,0.996340150699677
intersection,1.0,40,60,cache_entries_peak,464.5,927.3,462.79999999999995,0.996340150699677
intersection,1.0,60,80,observed_vehicle_count,60.0,80.0,20.0,0.3333333333333333
intersection,1.0,60,80,interactions,4535.6,5835.4,1299.7999999999993,0.2865772995855012
intersection,1.0,60,80,mean_active_vehicles,47.834736842105265,61.49473684210526,13.659999999999997,0.2855665338996104
intersection,1.0,60,80,peak_active_vehicles,60.0,80.0,20.0,0.3333333333333333
intersection,1.0,60,80,cache_hits,1626.4,2008.9,382.5,0.2351819970486965
intersection,1.0,60,80,cache_misses,2909.2,3826.5,917.3000000000002,0.31531005087309233
intersection,1.0,60,80,cache_hit_rate,0.35864868431984587,0.34427457859147126,-0.014374105728374609,-0.04007851236268767
intersection,1.0,60,80,v2i_queries,2909.2,3826.5,917.3000000000002,0.31531005087309233
intersection,1.0,60,80,v2i_queries_avoided,1626.4,2008.9,382.5,0.2351819970486965
intersection,1.0,60,80,query_failures,0.2,0.2,0.0,0.0
intersection,1.0,60,80,accepted,3254.2,4201.7,947.5,0.29116219040009833
intersection,1.0,60,80,rejected,1281.4,1633.7,352.29999999999995,0.2749336663024816
intersection,1.0,60,80,anomaly_escalations,83.4,118.8,35.39999999999999,0.4244604316546761
intersection,1.0,60,80,stale_trust_acceptances,9.8,12.0,2.1999999999999993,0.22448979591836726
intersection,1.0,60,80,stale_acceptance_rate,0.00216431678466737,0.00205639361729242,-0.00010792316737495006,-0.04986477401991621
intersection,1.0,60,80,authorization_latency_mean_ms,10.95063352394102,11.192826730645425,0.24219320670440503,0.022116821476575375
intersection,1.0,60,80,authorization_latency_p95_ms,23.10472296972701,23.16360085905213,0.05887788932512095,0.0025483053574053135
intersection,1.0,60,80,messages_total,5936.5,7807.3,1870.8000000000002,0.31513518066200624
intersection,1.0,60,80,messages_per_interaction,1.3087300991893858,1.3378898002718163,0.02915970108243049,0.02228091269581995
intersection,1.0,60,80,bytes_total,4179609.6,5498086.4,1318476.8000000003,0.31545453431822923
intersection,1.0,60,80,bytes_per_interaction,921.4184531563044,942.1759855274319,20.757532371127468,0.022527801890685897
intersection,1.0,60,80,cache_entries_final,927.3,1307.7,380.4000000000001,0.4102232287285669
intersection,1.0,60,80,cache_entries_peak,927.3,1307.7,380.4000000000001,0.4102232287285669
intersection,1.0,80,100,observed_vehicle_count,80.0,100.0,20.0,0.25
intersection,1.0,80,100,interactions,5835.4,6968.6,1133.2000000000007,0.19419405696267622
intersection,1.0,80,100,mean_active_vehicles,61.49473684210526,73.41894736842104,11.924210526315782,0.19390619650804508
intersection,1.0,80,100,peak_active_vehicles,80.0,100.0,20.0,0.25
intersection,1.0,80,100,cache_hits,2008.9,2433.6,424.6999999999998,0.2114092289312558
intersection,1.0,80,100,cache_misses,3826.5,4535.0,708.5,0.18515614791585
intersection,1.0,80,100,cache_hit_rate,0.34427457859147126,0.3492400993179726,0.00496552072650136,0.014423140816312283
intersection,1.0,80,100,v2i_queries,3826.5,4535.0,708.5,0.18515614791585
intersection,1.0,80,100,v2i_queries_avoided,2008.9,2433.6,424.6999999999998,0.2114092289312558
intersection,1.0,80,100,query_failures,0.2,0.2,0.0,0.0
intersection,1.0,80,100,accepted,4201.7,5027.3,825.6000000000004,0.19649189613727785
intersection,1.0,80,100,rejected,1633.7,1941.3,307.5999999999999,0.18828426271653295
intersection,1.0,80,100,anomaly_escalations,118.8,141.1,22.299999999999997,0.1877104377104377
intersection,1.0,80,100,stale_trust_acceptances,12.0,13.0,1.0,0.08333333333333333
intersection,1.0,80,100,stale_acceptance_rate,0.00205639361729242,0.00186614841761225,-0.00019024519968016988,-0.09251400027717405
intersection,1.0,80,100,authorization_latency_mean_ms,11.192826730645425,11.1045376483598,-0.08828908228562504,-0.007888005810354747
intersection,1.0,80,100,authorization_latency_p95_ms,23.16360085905213,23.150735198453056,-0.012865660599075568,-0.0005554257594646724
intersection,1.0,80,100,messages_total,7807.3,9253.5,1446.1999999999998,0.185236893676431
intersection,1.0,80,100,messages_per_interaction,1.3378898002718163,1.327850199386892,-0.010039600884924171,-0.00750405667408814
intersection,1.0,80,100,bytes_total,5498086.4,6516569.6,1018483.1999999993,0.18524321480288108
intersection,1.0,80,100,bytes_per_interaction,942.1759855274319,935.1082942135079,-7.067691313924001,-0.00750145559055774
intersection,1.0,80,100,cache_entries_final,1307.7,1535.2,227.5,0.17396956488491244
intersection,1.0,80,100,cache_entries_peak,1307.7,1535.2,227.5,0.17396956488491244
intersection,2.0,20,40,observed_vehicle_count,20.0,40.0,20.0,1.0
intersection,2.0,20,40,interactions,1453.0,3034.1,1581.1,1.0881624225739848
intersection,2.0,20,40,mean_active_vehicles,15.625263157894736,32.07578947368421,16.450526315789475,1.0528159525734304
intersection,2.0,20,40,peak_active_vehicles,20.0,40.0,20.0,1.0
intersection,2.0,20,40,cache_hits,858.7,1616.0,757.3,0.8819145219517874
intersection,2.0,20,40,cache_misses,594.3,1418.1,823.8,1.3861686017163048
intersection,2.0,20,40,cache_hit_rate,0.5910463340634216,0.5326913040576554,-0.05835503000576614,-0.09873173496327688
intersection,2.0,20,40,v2i_queries,594.3,1418.1,823.8,1.3861686017163048
intersection,2.0,20,40,v2i_queries_avoided,858.7,1616.0,757.3,0.8819145219517874
intersection,2.0,20,40,query_failures,0.0,0.1,0.1,
intersection,2.0,20,40,accepted,1113.6,2201.2,1087.6,0.9766522988505747
intersection,2.0,20,40,rejected,339.4,832.9,493.5,1.454036535061874
intersection,2.0,20,40,anomaly_escalations,26.6,61.4,34.8,1.3082706766917291
intersection,2.0,20,40,stale_trust_acceptances,3.8,12.3,8.5,2.236842105263158
intersection,2.0,20,40,stale_acceptance_rate,0.00261565570063443,0.00405868373214414,0.00144302803150971,0.5516888293668398
intersection,2.0,20,40,authorization_latency_mean_ms,7.077745737010977,8.072364263230599,0.9946185262196217,0.14052758649107136
intersection,2.0,20,40,authorization_latency_p95_ms,21.88190404765722,22.340850041597818,0.4589459939405991,0.020973768687635574
intersection,2.0,20,40,messages_total,1215.1,2897.8,1682.7000000000003,1.3848242942967661
intersection,2.0,20,40,messages_per_interaction,0.8361535444278688,0.9549216106111069,0.1187680661832381,0.14204097677359506
intersection,2.0,20,40,bytes_total,856192.0,2042112.0,1185920.0,1.3851098818956495
intersection,2.0,20,40,bytes_per_interaction,589.1641610818383,672.9509029716455,83.78674188980722,0.1422128965481469
intersection,2.0,20,40,cache_entries_final,154.1,464.6,310.5,2.0149253731343286
intersection,2.0,20,40,cache_entries_peak,154.1,464.6,310.5,2.0149253731343286
intersection,2.0,40,60,observed_vehicle_count,40.0,60.0,20.0,0.5
intersection,2.0,40,60,interactions,3034.1,4535.6,1501.5000000000005,0.4948749217230811
intersection,2.0,40,60,mean_active_vehicles,32.07578947368421,47.834736842105265,15.758947368421055,0.49130349173011295
intersection,2.0,40,60,peak_active_vehicles,40.0,60.0,20.0,0.5
intersection,2.0,40,60,cache_hits,1616.0,2203.0,587.0,0.36324257425742573
intersection,2.0,40,60,cache_misses,1418.1,2332.6,914.5,0.644876948029053
intersection,2.0,40,60,cache_hit_rate,0.5326913040576554,0.4857697443650137,-0.04692155969264172,-0.08808396032604131
intersection,2.0,40,60,v2i_queries,1418.1,2332.6,914.5,0.644876948029053
intersection,2.0,40,60,v2i_queries_avoided,1616.0,2203.0,587.0,0.36324257425742573
intersection,2.0,40,60,query_failures,0.1,0.1,0.0,0.0
intersection,2.0,40,60,accepted,2201.2,3261.2,1060.0,0.4815555151735417
intersection,2.0,40,60,rejected,832.9,1274.4,441.5000000000001,0.530075639332453
intersection,2.0,40,60,anomaly_escalations,61.4,88.3,26.9,0.4381107491856677
intersection,2.0,40,60,stale_trust_acceptances,12.3,19.2,6.899999999999999,0.5609756097560974
intersection,2.0,40,60,stale_acceptance_rate,0.00405868373214414,0.00423513515076032,0.00017645141861618013,0.04347503532209532
intersection,2.0,40,60,authorization_latency_mean_ms,8.072364263230599,8.840494654029875,0.7681303907992767,0.09515556604625611
intersection,2.0,40,60,authorization_latency_p95_ms,22.340850041597818,22.58963373344631,0.24878369184849092,0.01113582031951627
intersection,2.0,40,60,messages_total,2897.8,4764.4,1866.5999999999995,0.6441438332528122
intersection,2.0,40,60,messages_per_interaction,0.9549216106111069,1.0503383807984554,0.09541677018734851,0.09992105019624183
intersection,2.0,40,60,bytes_total,2042112.0,3356467.2,1314355.2000000002,0.6436254230913878
intersection,2.0,40,60,bytes_per_interaction,672.9509029716455,739.957042447337,67.0061394756915,0.09957062124413966
intersection,2.0,40,60,cache_entries_final,464.6,927.5,462.9,0.9963409384416702
intersection,2.0,40,60,cache_entries_peak,464.6,927.5,462.9,0.9963409384416702
intersection,2.0,60,80,observed_vehicle_count,60.0,80.0,20.0,0.3333333333333333
intersection,2.0,60,80,interactions,4535.6,5835.4,1299.7999999999993,0.2865772995855012
intersection,2.0,60,80,mean_active_vehicles,47.834736842105265,61.49473684210526,13.659999999999997,0.2855665338996104
intersection,2.0,60,80,peak_active_vehicles,60.0,80.0,20.0,0.3333333333333333
intersection,2.0,60,80,cache_hits,2203.0,2748.6,545.5999999999999,0.2476622787108488
intersection,2.0,60,80,cache_misses,2332.6,3086.8,754.2000000000003,0.323330189488125
intersection,2.0,60,80,cache_hit_rate,0.4857697443650137,0.47101933009236696,-0.014750414272646728,-0.03036503290654322
intersection,2.0,60,80,v2i_queries,2332.6,3086.8,754.2000000000003,0.323330189488125
intersection,2.0,60,80,v2i_queries_avoided,2203.0,2748.6,545.5999999999999,0.2476622787108488
intersection,2.0,60,80,query_failures,0.1,0.1,0.0,0.0
intersection,2.0,60,80,accepted,3261.2,4214.2,953.0,0.292223721329572
intersection,2.0,60,80,rejected,1274.4,1621.2,346.79999999999995,0.27212806026365344
intersection,2.0,60,80,anomaly_escalations,88.3,117.0,28.700000000000003,0.32502831257078146
intersection,2.0,60,80,stale_trust_acceptances,19.2,20.7,1.5,0.078125
intersection,2.0,60,80,stale_acceptance_rate,0.00423513515076032,0.00354438806763475,-0.00069074708312557,-0.1630991830335243
intersection,2.0,60,80,authorization_latency_mean_ms,8.840494654029875,9.09073795695923,0.2502433029293556,0.028306482015153303
intersection,2.0,60,80,authorization_latency_p95_ms,22.58963373344631,22.685505659853824,0.09587192640751496,0.004244067324808661
intersection,2.0,60,80,messages_total,4764.4,6306.8,1542.4000000000005,0.32373436319368665
intersection,2.0,60,80,messages_per_interaction,1.0503383807984554,1.0807917051429112,0.0304533243444558,0.028993822277831576
intersection,2.0,60,80,bytes_total,3356467.2,4441241.6,1084774.3999999994,0.32318933430959773
intersection,2.0,60,80,bytes_per_interaction,739.957042447337,761.0939139119048,21.136871464567776,0.028564998036453033
intersection,2.0,60,80,cache_entries_final,927.5,1307.7,380.20000000000005,0.4099191374663073
intersection,2.0,60,80,cache_entries_peak,927.5,1307.7,380.20000000000005,0.4099191374663073
intersection,2.0,80,100,observed_vehicle_count,80.0,100.0,20.0,0.25
intersection,2.0,80,100,interactions,5835.4,6968.6,1133.2000000000007,0.19419405696267622
intersection,2.0,80,100,mean_active_vehicles,61.49473684210526,73.41894736842104,11.924210526315782,0.19390619650804508
intersection,2.0,80,100,peak_active_vehicles,80.0,100.0,20.0,0.25
intersection,2.0,80,100,cache_hits,2748.6,3335.7,587.0999999999999,0.21359965073128134
intersection,2.0,80,100,cache_misses,3086.8,3632.9,546.0999999999999,0.17691460412077228
intersection,2.0,80,100,cache_hit_rate,0.47101933009236696,0.4786805371403998,0.007661207048032859,0.016265164842662605
intersection,2.0,80,100,v2i_queries,3086.8,3632.9,546.0999999999999,0.17691460412077228
intersection,2.0,80,100,v2i_queries_avoided,2748.6,3335.7,587.0999999999999,0.21359965073128134
intersection,2.0,80,100,query_failures,0.1,0.1,0.0,0.0
intersection,2.0,80,100,accepted,4214.2,5035.8,821.6000000000004,0.19495989748944056
intersection,2.0,80,100,rejected,1621.2,1932.8,311.5999999999999,0.19220330619294343
intersection,2.0,80,100,anomaly_escalations,117.0,140.5,23.5,0.20085470085470086
intersection,2.0,80,100,stale_trust_acceptances,20.7,23.8,3.1000000000000014,0.14975845410628028
intersection,2.0,80,100,stale_acceptance_rate,0.00354438806763475,0.0034142833863194297,-0.00013010468131532038,-0.03670723375449748
intersection,2.0,80,100,authorization_latency_mean_ms,9.09073795695923,8.963197862565261,-0.12754009439396974,-0.014029674488233817
intersection,2.0,80,100,authorization_latency_p95_ms,22.685505659853824,22.64881609536685,-0.03668956448697358,-0.001617313056058632
intersection,2.0,80,100,messages_total,6306.8,7418.8,1112.0,0.1763176254201814
intersection,2.0,80,100,messages_per_interaction,1.0807917051429112,1.0645981065921304,-0.01619359855078084,-0.014983089224060607
intersection,2.0,80,100,bytes_total,4441241.6,5223462.4,782220.8000000007,0.17612660387581724
intersection,2.0,80,100,bytes_per_interaction,761.0939139119048,749.5682309602248,-11.525682951679983,-0.015143575242166578
intersection,2.0,80,100,cache_entries_final,1307.7,1535.1,227.39999999999986,0.1738930947465014
intersection,2.0,80,100,cache_entries_peak,1307.7,1535.1,227.39999999999986,0.1738930947465014
intersection,5.0,20,40,observed_vehicle_count,20.0,40.0,20.0,1.0
intersection,5.0,20,40,interactions,1453.0,3034.1,1581.1,1.0881624225739848
intersection,5.0,20,40,mean_active_vehicles,15.625263157894736,32.07578947368421,16.450526315789475,1.0528159525734304
intersection,5.0,20,40,peak_active_vehicles,20.0,40.0,20.0,1.0
intersection,5.0,20,40,cache_hits,1069.6,2048.6,979.0,0.9152954375467465
intersection,5.0,20,40,cache_misses,383.4,985.5,602.1,1.5704225352112677
intersection,5.0,20,40,cache_hit_rate,0.7361819165081227,0.6752309283209008,-0.06095098818722189,-0.08279337867510547
intersection,5.0,20,40,v2i_queries,383.4,985.5,602.1,1.5704225352112677
intersection,5.0,20,40,v2i_queries_avoided,1069.6,2048.6,979.0,0.9152954375467465
intersection,5.0,20,40,query_failures,0.0,0.0,0.0,
intersection,5.0,20,40,accepted,1120.6,2223.5,1102.9,0.984204890237373
intersection,5.0,20,40,rejected,332.4,810.6,478.20000000000005,1.4386281588447656
intersection,5.0,20,40,anomaly_escalations,29.0,58.4,29.4,1.013793103448276
intersection,5.0,20,40,stale_trust_acceptances,11.4,32.5,21.1,1.8508771929824561
intersection,5.0,20,40,stale_acceptance_rate,0.00785202991951423,0.01072613562346393,0.002874105703949699,0.3660334631184781
intersection,5.0,20,40,authorization_latency_mean_ms,4.667339583041045,5.67376187777379,1.0064222947327455,0.21563082711821935
intersection,5.0,20,40,authorization_latency_p95_ms,20.718527015412835,21.296382252406683,0.5778552369938481,0.027890749017243
intersection,5.0,20,40,messages_total,782.5,2011.4,1228.9,1.5704792332268371
intersection,5.0,20,40,messages_per_interaction,0.5384672116158484,0.6628541456911881,0.12438693407533963,0.2310018723369908
intersection,5.0,20,40,bytes_total,549580.8,1414950.4,865369.5999999999,1.574599403763741
intersection,5.0,20,40,bytes_per_interaction,378.1827017578577,466.29623778618895,88.11353602833123,0.23299197879428243
intersection,5.0,20,40,cache_entries_final,154.1,464.6,310.5,2.0149253731343286
intersection,5.0,20,40,cache_entries_peak,154.1,464.6,310.5,2.0149253731343286
intersection,5.0,40,60,observed_vehicle_count,40.0,60.0,20.0,0.5
intersection,5.0,40,60,interactions,3034.1,4535.6,1501.5000000000005,0.4948749217230811
intersection,5.0,40,60,mean_active_vehicles,32.07578947368421,47.834736842105265,15.758947368421055,0.49130349173011295
intersection,5.0,40,60,peak_active_vehicles,40.0,60.0,20.0,0.5
intersection,5.0,40,60,cache_hits,2048.6,2825.1,776.5,0.37903934394220445
intersection,5.0,40,60,cache_misses,985.5,1710.5,725.0,0.7356671740233384
intersection,5.0,40,60,cache_hit_rate,0.6752309283209008,0.6228877268590388,-0.052343201461862,-0.07751896316719974
intersection,5.0,40,60,v2i_queries,985.5,1710.5,725.0,0.7356671740233384
intersection,5.0,40,60,v2i_queries_avoided,2048.6,2825.1,776.5,0.37903934394220445
intersection,5.0,40,60,query_failures,0.0,0.1,0.1,
intersection,5.0,40,60,accepted,2223.5,3290.9,1067.4,0.4800539689678435
intersection,5.0,40,60,rejected,810.6,1244.7,434.1,0.5355292376017765
intersection,5.0,40,60,anomaly_escalations,58.4,88.1,29.699999999999996,0.5085616438356164
intersection,5.0,40,60,stale_trust_acceptances,32.5,48.0,15.5,0.47692307692307695
intersection,5.0,40,60,stale_acceptance_rate,0.01072613562346393,0.010583403048794269,-0.0001427325746696604,-0.013306989551523676
intersection,5.0,40,60,authorization_latency_mean_ms,5.67376187777379,6.54924507746542,0.8754831996916295,0.15430383201685266
intersection,5.0,40,60,authorization_latency_p95_ms,21.296382252406683,21.736443910003622,0.4400616575969387,0.020663681388758307
intersection,5.0,40,60,messages_total,2011.4,3490.0,1478.6,0.7351098737197971
intersection,5.0,40,60,messages_per_interaction,0.6628541456911881,0.7694345450484408,0.10658039935725272,0.1607901226085212
intersection,5.0,40,60,bytes_total,1414950.4,2455974.4,1041024.0,0.7357317966764065
intersection,5.0,40,60,bytes_per_interaction,466.29623778618895,541.4659829334794,75.16974514729043,0.16120598678679035
intersection,5.0,40,60,cache_entries_final,464.6,927.5,462.9,0.9963409384416702
intersection,5.0,40,60,cache_entries_peak,464.6,927.5,462.9,0.9963409384416702
intersection,5.0,60,80,observed_vehicle_count,60.0,80.0,20.0,0.3333333333333333
intersection,5.0,60,80,interactions,4535.6,5835.4,1299.7999999999993,0.2865772995855012
intersection,5.0,60,80,mean_active_vehicles,47.834736842105265,61.49473684210526,13.659999999999997,0.2855665338996104
intersection,5.0,60,80,peak_active_vehicles,60.0,80.0,20.0,0.3333333333333333
intersection,5.0,60,80,cache_hits,2825.1,3543.4,718.3000000000002,0.2542564864960533
intersection,5.0,60,80,cache_misses,1710.5,2292.0,581.5,0.33995907629348143
intersection,5.0,60,80,cache_hit_rate,0.6228877268590388,0.6072007189893122,-0.015687007869726655,-0.025184326473776657
intersection,5.0,60,80,v2i_queries,1710.5,2292.0,581.5,0.33995907629348143
intersection,5.0,60,80,v2i_queries_avoided,2825.1,3543.4,718.3000000000002,0.2542564864960533
intersection,5.0,60,80,query_failures,0.1,0.1,0.0,0.0
intersection,5.0,60,80,accepted,3290.9,4251.1,960.2000000000003,0.2917742866693003
intersection,5.0,60,80,rejected,1244.7,1584.3,339.5999999999999,0.2728368281513617
intersection,5.0,60,80,anomaly_escalations,88.1,114.6,26.5,0.300794551645857
intersection,5.0,60,80,stale_trust_acceptances,48.0,55.8,7.799999999999997,0.16249999999999995
intersection,5.0,60,80,stale_acceptance_rate,0.010583403048794269,0.00955757339176413,-0.0010258296570301393,-0.09692814799744479
intersection,5.0,60,80,authorization_latency_mean_ms,6.54924507746542,6.811959456459794,0.26271437899437444,0.04011368881251972
intersection,5.0,60,80,authorization_latency_p95_ms,21.736443910003622,21.885084364359617,0.14864045435599493,0.006838305979184898
intersection,5.0,60,80,messages_total,3490.0,4676.2,1186.1999999999998,0.3398853868194842
intersection,5.0,60,80,messages_per_interaction,0.7694345450484408,0.8013957815712981,0.03196123652285732,0.04153860354794072
intersection,5.0,60,80,bytes_total,2455974.4,3291417.6,835443.2000000002,0.3401677151032194
intersection,5.0,60,80,bytes_per_interaction,541.4659829334794,564.0758830579574,22.60990012447803,0.04175682468912497
intersection,5.0,60,80,cache_entries_final,927.5,1307.8,380.29999999999995,0.41002695417789753
intersection,5.0,60,80,cache_entries_peak,927.5,1307.8,380.29999999999995,0.41002695417789753
intersection,5.0,80,100,observed_vehicle_count,80.0,100.0,20.0,0.25
intersection,5.0,80,100,interactions,5835.4,6968.6,1133.2000000000007,0.19419405696267622
intersection,5.0,80,100,mean_active_vehicles,61.49473684210526,73.41894736842104,11.924210526315782,0.19390619650804508
intersection,5.0,80,100,peak_active_vehicles,80.0,100.0,20.0,0.25
intersection,5.0,80,100,cache_hits,3543.4,4286.4,742.9999999999995,0.20968561268837826
intersection,5.0,80,100,cache_misses,2292.0,2682.2,390.1999999999998,0.17024432809773116
intersection,5.0,80,100,cache_hit_rate,0.6072007189893122,0.615087483641368,0.007886764652055844,0.012988727459320854
intersection,5.0,80,100,v2i_queries,2292.0,2682.2,390.1999999999998,0.17024432809773116
intersection,5.0,80,100,v2i_queries_avoided,3543.4,4286.4,742.9999999999995,0.20968561268837826
intersection,5.0,80,100,query_failures,0.1,0.2,0.1,1.0
intersection,5.0,80,100,accepted,4251.1,5079.5,828.3999999999996,0.1948672108395473
intersection,5.0,80,100,rejected,1584.3,1889.1,304.79999999999995,0.19238780533989772
intersection,5.0,80,100,anomaly_escalations,114.6,135.8,21.200000000000017,0.18499127399650975
intersection,5.0,80,100,stale_trust_acceptances,55.8,62.2,6.400000000000006,0.11469534050179223
intersection,5.0,80,100,stale_acceptance_rate,0.00955757339176413,0.00892291562310866,-0.0006346577686554694,-0.06640365107762199
intersection,5.0,80,100,authorization_latency_mean_ms,6.811959456459794,6.67974426334913,-0.13221519311066388,-0.019409274813766537
intersection,5.0,80,100,authorization_latency_p95_ms,21.885084364359617,21.84879676222696,-0.03628760213265636,-0.0016580974296700262
intersection,5.0,80,100,messages_total,4676.2,5473.9,797.6999999999998,0.17058722894658052
intersection,5.0,80,100,messages_per_interaction,0.8013957815712981,0.7855358536462889,-0.015859927925009232,-0.019790381094735292
intersection,5.0,80,100,bytes_total,3291417.6,3853491.2,562073.6000000001,0.17076945812041597
intersection,5.0,80,100,bytes_per_interaction,564.0758830579574,552.9993025405458,-11.076580517411571,-0.019636685151939885
intersection,5.0,80,100,cache_entries_final,1307.8,1535.1,227.29999999999995,0.17380333384309524
intersection,5.0,80,100,cache_entries_peak,1307.8,1535.1,227.29999999999995,0.17380333384309524
intersection,10.0,20,40,observed_vehicle_count,20.0,40.0,20.0,1.0
intersection,10.0,20,40,interactions,1453.0,3034.1,1581.1,1.0881624225739848
intersection,10.0,20,40,mean_active_vehicles,15.625263157894736,32.07578947368421,16.450526315789475,1.0528159525734304
intersection,10.0,20,40,peak_active_vehicles,20.0,40.0,20.0,1.0
intersection,10.0,20,40,cache_hits,1161.8,2254.5,1092.7,0.9405233258736444
intersection,10.0,20,40,cache_misses,291.2,779.6,488.40000000000003,1.6771978021978025
intersection,10.0,20,40,cache_hit_rate,0.799539232586865,0.7430674983265672,-0.056471734260297834,-0.07063034802880987
intersection,10.0,20,40,v2i_queries,291.2,779.6,488.40000000000003,1.6771978021978025
intersection,10.0,20,40,v2i_queries_avoided,1161.8,2254.5,1092.7,0.9405233258736444
intersection,10.0,20,40,query_failures,0.0,0.0,0.0,
intersection,10.0,20,40,accepted,1128.4,2239.1,1110.6999999999998,0.9843140730237502
intersection,10.0,20,40,rejected,324.6,795.0,470.4,1.4491682070240295
intersection,10.0,20,40,anomaly_escalations,27.5,63.0,35.5,1.290909090909091
intersection,10.0,20,40,stale_trust_acceptances,19.4,52.0,32.6,1.6804123711340209
intersection,10.0,20,40,stale_acceptance_rate,0.01336406573008193,0.01714788699450583,0.003783821264423899,0.28313399087125724
intersection,10.0,20,40,authorization_latency_mean_ms,3.561327809694889,4.518282967421809,0.9569551577269197,0.26870740601913456
intersection,10.0,20,40,authorization_latency_p95_ms,19.65125130601361,20.56435663211362,0.913105326100009,0.04646550552333447
intersection,10.0,20,40,messages_total,594.1,1591.1,996.9999999999999,1.678168658475004
intersection,10.0,20,40,messages_per_interaction,0.40898837603066207,0.5243786134601731,0.11539023742951104,0.28213573830484656
intersection,10.0,20,40,bytes_total,417305.6,1119731.2,702425.6,1.6832402920066254
intersection,10.0,20,40,bytes_per_interaction,287.25888937059693,369.0260074260435,81.76711805544659,0.2846460843547913
intersection,10.0,20,40,cache_entries_final,154.1,464.6,310.5,2.0149253731343286
intersection,10.0,20,40,cache_entries_peak,154.1,464.6,310.5,2.0149253731343286
intersection,10.0,40,60,observed_vehicle_count,40.0,60.0,20.0,0.5
intersection,10.0,40,60,interactions,3034.1,4535.6,1501.5000000000005,0.4948749217230811
intersection,10.0,40,60,mean_active_vehicles,32.07578947368421,47.834736842105265,15.758947368421055,0.49130349173011295
intersection,10.0,40,60,peak_active_vehicles,40.0,60.0,20.0,0.5
intersection,10.0,40,60,cache_hits,2254.5,3135.0,880.5,0.39055222887558216
intersection,10.0,40,60,cache_misses,779.6,1400.6,620.9999999999999,0.7965623396613646
intersection,10.0,40,60,cache_hit_rate,0.7430674983265672,0.6911850107824311,-0.05188248754413605,-0.06982203859135078
intersection,10.0,40,60,v2i_queries,779.6,1400.6,620.9999999999999,0.7965623396613646
intersection,10.0,40,60,v2i_queries_avoided,2254.5,3135.0,880.5,0.39055222887558216
intersection,10.0,40,60,query_failures,0.0,0.0,0.0,
intersection,10.0,40,60,accepted,2239.1,3315.8,1076.7000000000003,0.48086284667946955
intersection,10.0,40,60,rejected,795.0,1219.8,424.79999999999995,0.5343396226415094
intersection,10.0,40,60,anomaly_escalations,63.0,94.0,31.0,0.49206349206349204
intersection,10.0,40,60,stale_trust_acceptances,52.0,76.4,24.400000000000006,0.46923076923076934
intersection,10.0,40,60,stale_acceptance_rate,0.01714788699450583,0.01684629133675527,-0.0003015956577505606,-0.017587919598909863
intersection,10.0,40,60,authorization_latency_mean_ms,4.518282967421809,5.384229208406588,0.8659462409847798,0.19165383116296944
intersection,10.0,40,60,authorization_latency_p95_ms,20.56435663211362,21.055940261979572,0.4915836298659535,0.02390464426678386
intersection,10.0,40,60,messages_total,1591.1,2856.7,1265.6,0.7954245490541135
intersection,10.0,40,60,messages_per_interaction,0.5243786134601731,0.6298657435307401,0.10548713007056698,0.20116596551201416
intersection,10.0,40,60,bytes_total,1119731.2,2010624.0,890892.8,0.7956309514283428
intersection,10.0,40,60,bytes_per_interaction,369.0260074260435,443.31525318303954,74.28924575699602,0.20131168064593477
intersection,10.0,40,60,cache_entries_final,464.6,927.5,462.9,0.9963409384416702
intersection,10.0,40,60,cache_entries_peak,464.6,927.5,462.9,0.9963409384416702
intersection,10.0,60,80,observed_vehicle_count,60.0,80.0,20.0,0.3333333333333333
intersection,10.0,60,80,interactions,4535.6,5835.4,1299.7999999999993,0.2865772995855012
intersection,10.0,60,80,mean_active_vehicles,47.834736842105265,61.49473684210526,13.659999999999997,0.2855665338996104
intersection,10.0,60,80,peak_active_vehicles,60.0,80.0,20.0,0.3333333333333333
intersection,10.0,60,80,cache_hits,3135.0,3936.3,801.3000000000002,0.255598086124402
intersection,10.0,60,80,cache_misses,1400.6,1899.1,498.5,0.35591889190347
intersection,10.0,60,80,cache_hit_rate,0.6911850107824311,0.6745259255899438,-0.016659085192487266,-0.02410220842843358
intersection,10.0,60,80,v2i_queries,1400.6,1899.1,498.5,0.35591889190347
intersection,10.0,60,80,v2i_queries_avoided,3135.0,3936.3,801.3000000000002,0.255598086124402
intersection,10.0,60,80,query_failures,0.0,0.0,0.0,
intersection,10.0,60,80,accepted,3315.8,4289.2,973.3999999999996,0.29356414741540493
intersection,10.0,60,80,rejected,1219.8,1546.2,326.4000000000001,0.2675848499754059
intersection,10.0,60,80,anomaly_escalations,94.0,113.6,19.599999999999994,0.20851063829787228
intersection,10.0,60,80,stale_trust_acceptances,76.4,97.8,21.39999999999999,0.2801047120418847
intersection,10.0,60,80,stale_acceptance_rate,0.01684629133675527,0.01675503204309818,-9.125929365708801e-05,-0.005417174132444114
intersection,10.0,60,80,authorization_latency_mean_ms,5.384229208406588,5.669656758633035,0.28542755022644695,0.05301177553526116
intersection,10.0,60,80,authorization_latency_p95_ms,21.055940261979572,21.255769225662355,0.19982896368278347,0.009490384242949812
intersection,10.0,60,80,messages_total,2856.7,3874.5,1017.8000000000002,0.3562852242097526
intersection,10.0,60,80,messages_per_interaction,0.6298657435307401,0.6640218960076113,0.034156152476871204,0.054227671258016655
intersection,10.0,60,80,bytes_total,2010624.0,2726886.4,716262.3999999999,0.3562388591800356
intersection,10.0,60,80,bytes_per_interaction,443.31525318303954,467.3407762382438,24.025523055204246,0.05419511934836223
intersection,10.0,60,80,cache_entries_final,927.5,1307.8,380.29999999999995,0.41002695417789753
intersection,10.0,60,80,cache_entries_peak,927.5,1307.8,380.29999999999995,0.41002695417789753
intersection,10.0,80,100,observed_vehicle_count,80.0,100.0,20.0,0.25
intersection,10.0,80,100,interactions,5835.4,6968.6,1133.2000000000007,0.19419405696267622
intersection,10.0,80,100,mean_active_vehicles,61.49473684210526,73.41894736842104,11.924210526315782,0.19390619650804508
intersection,10.0,80,100,peak_active_vehicles,80.0,100.0,20.0,0.25
intersection,10.0,80,100,cache_hits,3936.3,4750.3,814.0,0.20679318141401823
intersection,10.0,80,100,cache_misses,1899.1,2218.3,319.2000000000003,0.16807961666052357
intersection,10.0,80,100,cache_hit_rate,0.6745259255899438,0.6816520790291174,0.007126153439173555,0.010564684275020244
intersection,10.0,80,100,v2i_queries,1899.1,2218.3,319.2000000000003,0.16807961666052357
intersection,10.0,80,100,v2i_queries_avoided,3936.3,4750.3,814.0,0.20679318141401823
intersection,10.0,80,100,query_failures,0.0,0.0,0.0,
intersection,10.0,80,100,accepted,4289.2,5139.2,850.0,0.19817215331530355
intersection,10.0,80,100,rejected,1546.2,1829.4,283.20000000000005,0.1831587116802484
intersection,10.0,80,100,anomaly_escalations,113.6,134.3,20.700000000000017,0.18221830985915508
intersection,10.0,80,100,stale_trust_acceptances,97.8,118.7,20.900000000000006,0.2137014314928426
intersection,10.0,80,100,stale_acceptance_rate,0.01675503204309818,0.01703394994318648,0.0002789179000882991,0.016646813886768565
intersection,10.0,80,100,authorization_latency_mean_ms,5.669656758633035,5.544679831608796,-0.1249769270242389,-0.02204312048237133
intersection,10.0,80,100,authorization_latency_p95_ms,21.255769225662355,21.184960347232767,-0.07080887842958816,-0.003331278095741636
intersection,10.0,80,100,messages_total,3874.5,4526.3,651.8000000000002,0.16822815847206096
intersection,10.0,80,100,messages_per_interaction,0.6640218960076113,0.6495646435371538,-0.014457252470457482,-0.021772252628084673
intersection,10.0,80,100,bytes_total,2726886.4,3185305.6,458419.2000000002,0.16811085346276258
intersection,10.0,80,100,bytes_per_interaction,467.3407762382438,457.12014018246447,-10.220636055779323,-0.021869771642971266
intersection,10.0,80,100,cache_entries_final,1307.8,1535.2,227.4000000000001,0.17387979813427137
intersection,10.0,80,100,cache_entries_peak,1307.8,1535.2,227.4000000000001,0.17387979813427137
intersection,30.0,20,40,observed_vehicle_count,20.0,40.0,20.0,1.0
intersection,30.0,20,40,interactions,1453.0,3034.1,1581.1,1.0881624225739848
intersection,30.0,20,40,mean_active_vehicles,15.625263157894736,32.07578947368421,16.450526315789475,1.0528159525734304
intersection,30.0,20,40,peak_active_vehicles,20.0,40.0,20.0,1.0
intersection,30.0,20,40,cache_hits,1239.3,2436.4,1197.1000000000001,0.9659485193254258
intersection,30.0,20,40,cache_misses,213.7,597.7,384.00000000000006,1.7969115582592423
intersection,30.0,20,40,cache_hit_rate,0.8528349367000757,0.8029883825063127,-0.04984655419376305,-0.05844806778980848
intersection,30.0,20,40,v2i_queries,213.7,597.7,384.00000000000006,1.7969115582592423
intersection,30.0,20,40,v2i_queries_avoided,1239.3,2436.4,1197.1000000000001,0.9659485193254258
intersection,30.0,20,40,query_failures,0.0,0.0,0.0,
intersection,30.0,20,40,accepted,1163.9,2362.5,1198.6,1.0298135578657959
intersection,30.0,20,40,rejected,289.1,671.6,382.5,1.3230716015219646
intersection,30.0,20,40,anomaly_escalations,28.8,57.5,28.7,0.9965277777777777
intersection,30.0,20,40,stale_trust_acceptances,56.3,171.7,115.39999999999999,2.049733570159858
intersection,30.0,20,40,stale_acceptance_rate,0.03874099630186464,0.0566376638735512,0.017896667571686564,0.4619568230057414
intersection,30.0,20,40,authorization_latency_mean_ms,2.7223137011069714,3.548142154197895,0.8258284530909235,0.30335536009502423
intersection,30.0,20,40,authorization_latency_p95_ms,18.700070979152333,19.774296371819723,1.0742253926673904,0.05744499012142705
intersection,30.0,20,40,messages_total,436.1,1220.0,783.9,1.7975235037835358
intersection,30.0,20,40,messages_per_interaction,0.30031799301952183,0.4021290165326968,0.10181102351317495,0.3390107348864603
intersection,30.0,20,40,bytes_total,307238.4,859148.8,551910.4,1.7963587884847727
intersection,30.0,20,40,bytes_per_interaction,211.57067983354804,283.18324348467024,71.6125636511222,0.3384805669077726
intersection,30.0,20,40,cache_entries_final,154.1,464.6,310.5,2.0149253731343286
intersection,30.0,20,40,cache_entries_peak,154.1,464.6,310.5,2.0149253731343286
intersection,30.0,40,60,observed_vehicle_count,40.0,60.0,20.0,0.5
intersection,30.0,40,60,interactions,3034.1,4535.6,1501.5000000000005,0.4948749217230811
intersection,30.0,40,60,mean_active_vehicles,32.07578947368421,47.834736842105265,15.758947368421055,0.49130349173011295
intersection,30.0,40,60,peak_active_vehicles,40.0,60.0,20.0,0.5
intersection,30.0,40,60,cache_hits,2436.4,3412.7,976.2999999999997,0.40071416844524693
intersection,30.0,40,60,cache_misses,597.7,1122.9,525.2,0.878701689810942
intersection,30.0,40,60,cache_hit_rate,0.8029883825063127,0.7523975414491603,-0.05059084105715239,-0.06300320422973825
intersection,30.0,40,60,v2i_queries,597.7,1122.9,525.2,0.878701689810942
intersection,30.0,40,60,v2i_queries_avoided,2436.4,3412.7,976.2999999999997,0.40071416844524693
intersection,30.0,40,60,query_failures,0.0,0.0,0.0,
intersection,30.0,40,60,accepted,2362.5,3487.4,1124.9,0.4761481481481482
intersection,30.0,40,60,rejected,671.6,1048.2,376.6,0.5607504466944611
intersection,30.0,40,60,anomaly_escalations,57.5,90.5,33.0,0.5739130434782609
intersection,30.0,40,60,stale_trust_acceptances,171.7,247.3,75.60000000000002,0.4403028538147934
intersection,30.0,40,60,stale_acceptance_rate,0.0566376638735512,0.05454933288761621,-0.0020883309859349927,-0.03687177124037785
intersection,30.0,40,60,authorization_latency_mean_ms,3.548142154197895,4.395262288569411,0.847120134371516,0.23875033681197558
intersection,30.0,40,60,authorization_latency_p95_ms,19.774296371819723,20.505065334329494,0.7307689625097709,0.0369554976201928
intersection,30.0,40,60,messages_total,1220.0,2291.9,1071.9,0.8786065573770493
intersection,30.0,40,60,messages_per_interaction,0.4021290165326968,0.505371420158583,0.10324240362588627,0.25673950245142707
intersection,30.0,40,60,bytes_total,859148.8,1614169.6,755020.8,0.878800971380045
intersection,30.0,40,60,bytes_per_interaction,283.18324348467024,355.92778835554884,72.7445448708786,0.2568815300500523
intersection,30.0,40,60,cache_entries_final,464.6,927.5,462.9,0.9963409384416702
intersection,30.0,40,60,cache_entries_peak,464.6,927.5,462.9,0.9963409384416702
intersection,30.0,60,80,observed_vehicle_count,60.0,80.0,20.0,0.3333333333333333
intersection,30.0,60,80,interactions,4535.6,5835.4,1299.7999999999993,0.2865772995855012
intersection,30.0,60,80,mean_active_vehicles,47.834736842105265,61.49473684210526,13.659999999999997,0.2855665338996104
intersection,30.0,60,80,peak_active_vehicles,60.0,80.0,20.0,0.3333333333333333
intersection,30.0,60,80,cache_hits,3412.7,4285.2,872.5,0.25566267178480384
intersection,30.0,60,80,cache_misses,1122.9,1550.2,427.29999999999995,0.3805325496482322
intersection,30.0,60,80,cache_hit_rate,0.7523975414491603,0.7343075549226887,-0.018089986526471535,-0.024043122857139054
intersection,30.0,60,80,v2i_queries,1122.9,1550.2,427.29999999999995,0.3805325496482322
intersection,30.0,60,80,v2i_queries_avoided,3412.7,4285.2,872.5,0.25566267178480384
intersection,30.0,60,80,query_failures,0.0,0.0,0.0,
intersection,30.0,60,80,accepted,3487.4,4498.7,1011.2999999999997,0.2899868096576245
intersection,30.0,60,80,rejected,1048.2,1336.7,288.5,0.27523373402022516
intersection,30.0,60,80,anomaly_escalations,90.5,117.2,26.700000000000003,0.2950276243093923
intersection,30.0,60,80,stale_trust_acceptances,247.3,306.4,59.099999999999966,0.2389809947432267
intersection,30.0,60,80,stale_acceptance_rate,0.05454933288761621,0.052504208530990436,-0.002045124356625773,-0.03749128079786393
intersection,30.0,60,80,authorization_latency_mean_ms,4.395262288569411,4.700433697594729,0.30517140902531814,0.06943189939289077
intersection,30.0,60,80,authorization_latency_p95_ms,20.505065334329494,20.754149460962633,0.2490841266331394,0.012147443696076588
intersection,30.0,60,80,messages_total,2291.9,3163.9,872.0,0.3804703521096034
intersection,30.0,60,80,messages_per_interaction,0.505371420158583,0.5422703888695266,0.03689896871094356,0.07301356435899134
intersection,30.0,60,80,bytes_total,1614169.6,2228416.0,614246.3999999999,0.3805339909759172
intersection,30.0,60,80,bytes_per_interaction,355.92778835554884,381.9350692257767,26.007280870227873,0.07306898118403804
intersection,30.0,60,80,cache_entries_final,927.5,1307.8,380.29999999999995,0.41002695417789753
intersection,30.0,60,80,cache_entries_peak,927.5,1307.8,380.29999999999995,0.41002695417789753
intersection,30.0,80,100,observed_vehicle_count,80.0,100.0,20.0,0.25
intersection,30.0,80,100,interactions,5835.4,6968.6,1133.2000000000007,0.19419405696267622
intersection,30.0,80,100,mean_active_vehicles,61.49473684210526,73.41894736842104,11.924210526315782,0.19390619650804508
intersection,30.0,80,100,peak_active_vehicles,80.0,100.0,20.0,0.25
intersection,30.0,80,100,cache_hits,4285.2,5145.9,860.6999999999998,0.20085410249229904
intersection,30.0,80,100,cache_misses,1550.2,1822.7,272.5,0.17578376983615016
intersection,30.0,80,100,cache_hit_rate,0.7343075549226887,0.7384038467870884,0.004096291864399637,0.005578441671938012
intersection,30.0,80,100,v2i_queries,1550.2,1822.7,272.5,0.17578376983615016
intersection,30.0,80,100,v2i_queries_avoided,4285.2,5145.9,860.6999999999998,0.20085410249229904
intersection,30.0,80,100,query_failures,0.0,0.0,0.0,
intersection,30.0,80,100,accepted,4498.7,5363.1,864.4000000000005,0.19214439727032268
intersection,30.0,80,100,rejected,1336.7,1605.5,268.79999999999995,0.20109224208872592
intersection,30.0,80,100,anomaly_escalations,117.2,136.6,19.39999999999999,0.1655290102389078
intersection,30.0,80,100,stale_trust_acceptances,306.4,346.6,40.200000000000045,0.13120104438642313
intersection,30.0,80,100,stale_acceptance_rate,0.052504208530990436,0.04972977082384612,-0.002774437707144313,-0.05284219655471447
intersection,30.0,80,100,authorization_latency_mean_ms,4.700433697594729,4.6239698673280945,-0.0764638302666345,-0.016267398964857648
intersection,30.0,80,100,authorization_latency_p95_ms,20.754149460962633,20.67993891955131,-0.07421054141132188,-0.0035756965878513914
intersection,30.0,80,100,messages_total,3163.9,3720.0,556.0999999999999,0.17576408862479848
intersection,30.0,80,100,messages_per_interaction,0.5422703888695266,0.5338989473133824,-0.008371441556144221,-0.01543776265120469
intersection,30.0,80,100,bytes_total,2228416.0,2620403.2,391987.2000000002,0.1759039604813465
intersection,30.0,80,100,bytes_per_interaction,381.9350692257767,376.0831828035068,-5.851886422269899,-0.015321678719192506
intersection,30.0,80,100,cache_entries_final,1307.8,1535.2,227.4000000000001,0.17387979813427137
intersection,30.0,80,100,cache_entries_peak,1307.8,1535.2,227.4000000000001,0.17387979813427137
smoke,0.0,20,40,observed_vehicle_count,20.0,40.0,20.0,1.0
smoke,0.0,20,40,interactions,1687.9,3128.2,1440.2999999999997,0.8533088453107409
smoke,0.0,20,40,mean_active_vehicles,17.8,32.944210526315786,15.144210526315785,0.8507983441750441
smoke,0.0,20,40,peak_active_vehicles,20.0,40.0,20.0,1.0
smoke,0.0,20,40,cache_hits,0.0,0.0,0.0,
smoke,0.0,20,40,cache_misses,1687.9,3128.2,1440.2999999999997,0.8533088453107409
smoke,0.0,20,40,cache_hit_rate,0.0,0.0,0.0,
smoke,0.0,20,40,v2i_queries,1687.9,3128.2,1440.2999999999997,0.8533088453107409
smoke,0.0,20,40,v2i_queries_avoided,0.0,0.0,0.0,
smoke,0.0,20,40,query_failures,0.0,0.0,0.0,
smoke,0.0,20,40,accepted,1260.8,2321.9,1061.1000000000001,0.8416085025380712
smoke,0.0,20,40,rejected,427.1,806.3,379.19999999999993,0.8878482790915474
smoke,0.0,20,40,anomaly_escalations,34.2,64.7,30.5,0.891812865497076
smoke,0.0,20,40,stale_trust_acceptances,0.0,0.0,0.0,
smoke,0.0,20,40,stale_acceptance_rate,0.0,0.0,0.0,
smoke,0.0,20,40,authorization_latency_mean_ms,16.965183631804962,16.89347404039689,-0.07170959140807298,-0.004226867976461959
smoke,0.0,20,40,authorization_latency_p95_ms,24.192379861897614,24.16590042376265,-0.026479438134963118,-0.0010945363079664422
smoke,0.0,20,40,messages_total,3446.8,6386.6,2939.8,0.852907044214924
smoke,0.0,20,40,messages_per_interaction,2.0420700868199266,2.041622706097626,-0.00044738072230066095,-0.0002190819625575916
smoke,0.0,20,40,bytes_total,2426995.2,4495897.6,2068902.3999999994,0.852454261137393
smoke,0.0,20,40,bytes_per_interaction,1437.8805002713343,1437.2149186922445,-0.6655815790898032,-0.00046289074715472186
smoke,0.0,20,40,cache_entries_final,72.5,116.6,44.099999999999994,0.6082758620689654
smoke,0.0,20,40,cache_entries_peak,72.5,116.6,44.099999999999994,0.6082758620689654
smoke,0.0,40,60,observed_vehicle_count,40.0,60.0,20.0,0.5
smoke,0.0,40,60,interactions,3128.2,4177.8,1049.6000000000004,0.3355284188990475
smoke,0.0,40,60,mean_active_vehicles,32.944210526315786,43.991578947368424,11.047368421052639,0.3353356551746176
smoke,0.0,40,60,peak_active_vehicles,40.0,60.0,20.0,0.5
smoke,0.0,40,60,cache_hits,0.0,0.0,0.0,
smoke,0.0,40,60,cache_misses,3128.2,4177.8,1049.6000000000004,0.3355284188990475
smoke,0.0,40,60,cache_hit_rate,0.0,0.0,0.0,
smoke,0.0,40,60,v2i_queries,3128.2,4177.8,1049.6000000000004,0.3355284188990475
smoke,0.0,40,60,v2i_queries_avoided,0.0,0.0,0.0,
smoke,0.0,40,60,query_failures,0.0,0.0,0.0,
smoke,0.0,40,60,accepted,2321.9,3296.6,974.6999999999998,0.41978552047891804
smoke,0.0,40,60,rejected,806.3,881.2,74.90000000000009,0.0928934639712267
smoke,0.0,40,60,anomaly_escalations,64.7,83.0,18.299999999999997,0.28284389489953626
smoke,0.0,40,60,stale_trust_acceptances,0.0,0.0,0.0,
smoke,0.0,40,60,stale_acceptance_rate,0.0,0.0,0.0,
smoke,0.0,40,60,authorization_latency_mean_ms,16.89347404039689,16.910936250127936,0.01746220973104684,0.0010336659996215078
smoke,0.0,40,60,authorization_latency_p95_ms,24.16590042376265,24.153318184257323,-0.012582239505327664,-0.0005206609017123724
smoke,0.0,40,60,messages_total,6386.6,8532.6,2146.0,0.33601603357028775
smoke,0.0,40,60,messages_per_interaction,2.041622706097626,2.042377308833913,0.0007546027362872465,0.00036960929854155093
smoke,0.0,40,60,bytes_total,4495897.6,6007577.6,1511680.0,0.3362354160379454
smoke,0.0,40,60,bytes_per_interaction,1437.2149186922445,1437.9831412193937,0.7682225271491916,0.0005345216760261682
smoke,0.0,40,60,cache_entries_final,116.6,178.8,62.20000000000002,0.5334476843910808
smoke,0.0,40,60,cache_entries_peak,116.6,178.8,62.20000000000002,0.5334476843910808
smoke,0.0,60,80,observed_vehicle_count,60.0,80.0,20.0,0.3333333333333333
smoke,0.0,60,80,interactions,4177.8,4875.7,697.8999999999996,0.1670496433529608
smoke,0.0,60,80,mean_active_vehicles,43.991578947368424,51.3378947368421,7.346315789473678,0.16699368300153125
smoke,0.0,60,80,peak_active_vehicles,60.0,80.0,20.0,0.3333333333333333
smoke,0.0,60,80,cache_hits,0.0,0.0,0.0,
smoke,0.0,60,80,cache_misses,4177.8,4875.7,697.8999999999996,0.1670496433529608
smoke,0.0,60,80,cache_hit_rate,0.0,0.0,0.0,
smoke,0.0,60,80,v2i_queries,4177.8,4875.7,697.8999999999996,0.1670496433529608
smoke,0.0,60,80,v2i_queries_avoided,0.0,0.0,0.0,
smoke,0.0,60,80,query_failures,0.0,0.0,0.0,
smoke,0.0,60,80,accepted,3296.6,4048.6,752.0,0.22811381423284596
smoke,0.0,60,80,rejected,881.2,827.1,-54.10000000000002,-0.06139355424421246
smoke,0.0,60,80,anomaly_escalations,83.0,97.2,14.200000000000003,0.17108433734939762
smoke,0.0,60,80,stale_trust_acceptances,0.0,0.0,0.0,
smoke,0.0,60,80,stale_acceptance_rate,0.0,0.0,0.0,
smoke,0.0,60,80,authorization_latency_mean_ms,16.910936250127936,16.911703928938863,0.0007676788109272081,4.539540564594113e-05
smoke,0.0,60,80,authorization_latency_p95_ms,24.153318184257323,24.163369278494113,0.010051094236789737,0.0004161372015270701
smoke,0.0,60,80,messages_total,8532.6,9956.4,1423.7999999999993,0.1668659025384993
smoke,0.0,60,80,messages_per_interaction,2.042377308833913,2.0420587360640665,-0.00031857276984670335,-0.00015598135000265506
smoke,0.0,60,80,bytes_total,6007577.6,7008499.2,1000921.6000000006,0.1666098495340286
smoke,0.0,60,80,bytes_per_interaction,1437.9831412193937,1437.44349914972,-0.5396420696736186,-0.00037527704894788137
smoke,0.0,60,80,cache_entries_final,178.8,241.1,62.29999999999998,0.3484340044742728
smoke,0.0,60,80,cache_entries_peak,178.8,241.1,62.29999999999998,0.3484340044742728
smoke,0.0,80,100,observed_vehicle_count,80.0,100.0,20.0,0.25
smoke,0.0,80,100,interactions,4875.7,5229.6,353.90000000000055,0.07258444941239219
smoke,0.0,80,100,mean_active_vehicles,51.3378947368421,55.06315789473685,3.7252631578947444,0.0725636136228498
smoke,0.0,80,100,peak_active_vehicles,80.0,100.0,20.0,0.25
smoke,0.0,80,100,cache_hits,0.0,0.0,0.0,
smoke,0.0,80,100,cache_misses,4875.7,5229.6,353.90000000000055,0.07258444941239219
smoke,0.0,80,100,cache_hit_rate,0.0,0.0,0.0,
smoke,0.0,80,100,v2i_queries,4875.7,5229.6,353.90000000000055,0.07258444941239219
smoke,0.0,80,100,v2i_queries_avoided,0.0,0.0,0.0,
smoke,0.0,80,100,query_failures,0.0,0.0,0.0,
smoke,0.0,80,100,accepted,4048.6,4485.7,437.0999999999999,0.10796324655436446
smoke,0.0,80,100,rejected,827.1,743.9,-83.20000000000005,-0.10059243138677311
smoke,0.0,80,100,anomaly_escalations,97.2,102.0,4.799999999999997,0.049382716049382686
smoke,0.0,80,100,stale_trust_acceptances,0.0,0.0,0.0,
smoke,0.0,80,100,stale_acceptance_rate,0.0,0.0,0.0,
smoke,0.0,80,100,authorization_latency_mean_ms,16.911703928938863,16.913962006196893,0.002258077258030511,0.00013352156988548908
smoke,0.0,80,100,authorization_latency_p95_ms,24.163369278494113,24.161261371734604,-0.002107906759508893,-8.723563072741568e-05
smoke,0.0,80,100,messages_total,9956.4,10678.6,722.2000000000007,0.07253625808525177
smoke,0.0,80,100,messages_per_interaction,2.0420587360640665,2.0419711431055694,-8.759295849714022e-05,-4.289443635983256e-05
smoke,0.0,80,100,bytes_total,7008499.2,7516480.0,507980.7999999998,0.07248068174139191
smoke,0.0,80,100,bytes_per_interaction,1437.44349914972,1437.306873337458,-0.13662581226208204,-9.504777915994559e-05
smoke,0.0,80,100,cache_entries_final,241.1,300.8,59.70000000000002,0.24761509746992957
smoke,0.0,80,100,cache_entries_peak,241.1,300.8,59.70000000000002,0.24761509746992957
smoke,1.0,20,40,observed_vehicle_count,20.0,40.0,20.0,1.0
smoke,1.0,20,40,interactions,1687.9,3128.2,1440.2999999999997,0.8533088453107409
smoke,1.0,20,40,mean_active_vehicles,17.8,32.944210526315786,15.144210526315785,0.8507983441750441
smoke,1.0,20,40,peak_active_vehicles,20.0,40.0,20.0,1.0
smoke,1.0,20,40,cache_hits,758.5,1292.6,534.0999999999999,0.704152933421226
smoke,1.0,20,40,cache_misses,929.4,1835.6,906.1999999999999,0.9750376587045405
smoke,1.0,20,40,cache_hit_rate,0.4493702856102481,0.4132084051997153,-0.03616188041053281,-0.08047234445291529
smoke,1.0,20,40,v2i_queries,929.4,1835.6,906.1999999999999,0.9750376587045405
smoke,1.0,20,40,v2i_queries_avoided,758.5,1292.6,534.0999999999999,0.704152933421226
smoke,1.0,20,40,query_failures,0.0,0.1,0.1,
smoke,1.0,20,40,accepted,1262.2,2322.6,1060.3999999999999,0.8401204246553635
smoke,1.0,20,40,rejected,425.7,805.6,379.90000000000003,0.89241249706366
smoke,1.0,20,40,anomaly_escalations,35.7,68.2,32.5,0.9103641456582632
smoke,1.0,20,40,stale_trust_acceptances,2.4,4.6,2.1999999999999997,0.9166666666666666
smoke,1.0,20,40,stale_acceptance_rate,0.00142289977001853,0.00147039085431406,4.749108429552996e-05,0.0333762681646308
smoke,1.0,20,40,authorization_latency_mean_ms,9.427946653856905,10.040435954232583,0.6124893003756782,0.06496529126255855
smoke,1.0,20,40,authorization_latency_p95_ms,22.537598621189368,22.79326145762489,0.2556628364355227,0.0113438366142147
smoke,1.0,20,40,messages_total,1893.3,3743.1,1849.8,0.9770242433845666
smoke,1.0,20,40,messages_per_interaction,1.1217008533799646,1.1965645570094885,0.07486370362952388,0.06674123800828079
smoke,1.0,20,40,bytes_total,1333376.0,2635366.4,1301990.4,0.9764615532302966
smoke,1.0,20,40,bytes_per_interaction,789.9703882162573,842.4525265874136,52.482138371156225,0.06643557676846622
smoke,1.0,20,40,cache_entries_final,72.5,116.6,44.099999999999994,0.6082758620689654
smoke,1.0,20,40,cache_entries_peak,72.5,116.6,44.099999999999994,0.6082758620689654
smoke,1.0,40,60,observed_vehicle_count,40.0,60.0,20.0,0.5
smoke,1.0,40,60,interactions,3128.2,4177.8,1049.6000000000004,0.3355284188990475
smoke,1.0,40,60,mean_active_vehicles,32.944210526315786,43.991578947368424,11.047368421052639,0.3353356551746176
smoke,1.0,40,60,peak_active_vehicles,40.0,60.0,20.0,0.5
smoke,1.0,40,60,cache_hits,1292.6,1671.9,379.3000000000002,0.2934395791428131
smoke,1.0,40,60,cache_misses,1835.6,2505.9,670.3000000000002,0.3651667029854
smoke,1.0,40,60,cache_hit_rate,0.4132084051997153,0.40016932769291974,-0.01303907750679556,-0.03155569282404458
smoke,1.0,40,60,v2i_queries,1835.6,2505.9,670.3000000000002,0.3651667029854
smoke,1.0,40,60,v2i_queries_avoided,1292.6,1671.9,379.3000000000002,0.2934395791428131
smoke,1.0,40,60,query_failures,0.1,0.2,0.1,1.0
smoke,1.0,40,60,accepted,2322.6,3301.6,979.0,0.4215103763024197
smoke,1.0,40,60,rejected,805.6,876.2,70.60000000000002,0.08763654419066537
smoke,1.0,40,60,anomaly_escalations,68.2,84.1,15.899999999999991,0.23313782991202334
smoke,1.0,40,60,stale_trust_acceptances,4.6,4.9,0.3000000000000007,0.06521739130434799
smoke,1.0,40,60,stale_acceptance_rate,0.00147039085431406,0.00117159583411263,-0.0002987950202014301,-0.20320788811000765
smoke,1.0,40,60,authorization_latency_mean_ms,10.040435954232583,10.25462580176271,0.21418984753012715,0.021332723848493315
smoke,1.0,40,60,authorization_latency_p95_ms,22.79326145762489,22.90907661993822,0.11581516231332856,0.005081114105966859
smoke,1.0,40,60,messages_total,3743.1,5112.3,1369.2000000000003,0.3657930592289814
smoke,1.0,40,60,messages_per_interaction,1.1965645570094885,1.2237224191627831,0.027157862153294632,0.022696528987260715
smoke,1.0,40,60,bytes_total,2635366.4,3599283.2,963916.8000000003,0.36576196767174396
smoke,1.0,40,60,bytes_per_interaction,842.4525265874136,861.55132645511,19.09879986769647,0.022670476097996203
smoke,1.0,40,60,cache_entries_final,116.6,178.8,62.20000000000002,0.5334476843910808
smoke,1.0,40,60,cache_entries_peak,116.6,178.8,62.20000000000002,0.5334476843910808
smoke,1.0,60,80,observed_vehicle_count,60.0,80.0,20.0,0.3333333333333333
smoke,1.0,60,80,interactions,4177.8,4875.7,697.8999999999996,0.1670496433529608
smoke,1.0,60,80,mean_active_vehicles,43.991578947368424,51.3378947368421,7.346315789473678,0.16699368300153125
smoke,1.0,60,80,peak_active_vehicles,60.0,80.0,20.0,0.3333333333333333
smoke,1.0,60,80,cache_hits,1671.9,1911.8,239.89999999999986,0.14348944314851358
smoke,1.0,60,80,cache_misses,2505.9,2963.9,458.0,0.18276866594836186
smoke,1.0,60,80,cache_hit_rate,0.40016932769291974,0.3920880901725822,-0.008081237520337514,-0.020194545061531705
smoke,1.0,60,80,v2i_queries,2505.9,2963.9,458.0,0.18276866594836186
smoke,1.0,60,80,v2i_queries_avoided,1671.9,1911.8,239.89999999999986,0.14348944314851358
smoke,1.0,60,80,query_failures,0.2,0.2,0.0,0.0
smoke,1.0,60,80,accepted,3301.6,4049.4,747.8000000000002,0.2264962442452145
smoke,1.0,60,80,rejected,876.2,826.3,-49.90000000000009,-0.05695046792969652
smoke,1.0,60,80,anomaly_escalations,84.1,101.5,17.400000000000006,0.206896551724138
smoke,1.0,60,80,stale_trust_acceptances,4.9,4.6,-0.3000000000000007,-0.061224489795918505
smoke,1.0,60,80,stale_acceptance_rate,0.00117159583411263,0.0009426612377550001,-0.00022893459635762992,-0.19540407168742252
smoke,1.0,60,80,authorization_latency_mean_ms,10.25462580176271,10.389949733585953,0.1353239318232422,0.013196379315955227
smoke,1.0,60,80,authorization_latency_p95_ms,22.90907661993822,22.970643629099566,0.061567009161347386,0.0026874504888496644
smoke,1.0,60,80,messages_total,5112.3,6048.7,936.3999999999996,0.183166089626978
smoke,1.0,60,80,messages_per_interaction,1.2237224191627831,1.2406292555317524,0.01690683636896928,0.013815908006765286
smoke,1.0,60,80,bytes_total,3599283.2,4258956.8,659673.5999999996,0.1832791595837748
smoke,1.0,60,80,bytes_per_interaction,861.55132645511,873.5376418626223,11.98631540751228,0.013912479778576268
smoke,1.0,60,80,cache_entries_final,178.8,241.1,62.29999999999998,0.3484340044742728
smoke,1.0,60,80,cache_entries_peak,178.8,241.1,62.29999999999998,0.3484340044742728
smoke,1.0,80,100,observed_vehicle_count,80.0,100.0,20.0,0.25
smoke,1.0,80,100,interactions,4875.7,5229.6,353.90000000000055,0.07258444941239219
smoke,1.0,80,100,mean_active_vehicles,51.3378947368421,55.06315789473685,3.7252631578947444,0.0725636136228498
smoke,1.0,80,100,peak_active_vehicles,80.0,100.0,20.0,0.25
smoke,1.0,80,100,cache_hits,1911.8,2039.3,127.5,0.06669107647243436
smoke,1.0,80,100,cache_misses,2963.9,3190.3,226.4000000000001,0.0763858429771585
smoke,1.0,80,100,cache_hit_rate,0.3920880901725822,0.3899157996661054,-0.002172290506476826,-0.005540312396432818
smoke,1.0,80,100,v2i_queries,2963.9,3190.3,226.4000000000001,0.0763858429771585
smoke,1.0,80,100,v2i_queries_avoided,1911.8,2039.3,127.5,0.06669107647243436
smoke,1.0,80,100,query_failures,0.2,0.2,0.0,0.0
smoke,1.0,80,100,accepted,4049.4,4481.7,432.2999999999997,0.10675655652689281
smoke,1.0,80,100,rejected,826.3,747.9,-78.39999999999998,-0.09488079390052037
smoke,1.0,80,100,anomaly_escalations,101.5,112.7,11.200000000000003,0.11034482758620692
smoke,1.0,80,100,stale_trust_acceptances,4.6,3.8,-0.7999999999999998,-0.17391304347826084
smoke,1.0,80,100,stale_acceptance_rate,0.0009426612377550001,0.00072637260558404,-0.00021628863217096003,-0.22944470771500416
smoke,1.0,80,100,authorization_latency_mean_ms,10.389949733585953,10.427872506418463,0.03792277283251089,0.003649947671057918
smoke,1.0,80,100,authorization_latency_p95_ms,22.970643629099566,22.97985778612678,0.009214157027212622,0.00040112750761323837
smoke,1.0,80,100,messages_total,6048.7,6509.8,461.10000000000036,0.07623125630300732
smoke,1.0,80,100,messages_per_interaction,1.2406292555317524,1.2448835186042266,0.004254263072474229,0.0034291171625247447
smoke,1.0,80,100,bytes_total,4258956.8,4583526.4,324569.60000000056,0.07620870913741144
smoke,1.0,80,100,bytes_per_interaction,873.5376418626223,876.5163019961004,2.9786601334781153,0.0034098818307666664
smoke,1.0,80,100,cache_entries_final,241.1,300.8,59.70000000000002,0.24761509746992957
smoke,1.0,80,100,cache_entries_peak,241.1,300.8,59.70000000000002,0.24761509746992957
smoke,2.0,20,40,observed_vehicle_count,20.0,40.0,20.0,1.0
smoke,2.0,20,40,interactions,1687.9,3128.2,1440.2999999999997,0.8533088453107409
smoke,2.0,20,40,mean_active_vehicles,17.8,32.944210526315786,15.144210526315785,0.8507983441750441
smoke,2.0,20,40,peak_active_vehicles,20.0,40.0,20.0,1.0
smoke,2.0,20,40,cache_hits,1025.6,1805.3,779.7,0.7602379095163808
smoke,2.0,20,40,cache_misses,662.3,1322.9,660.6000000000001,0.9974331873773218
smoke,2.0,20,40,cache_hit_rate,0.6076156028879287,0.577095445443569,-0.030520157444359652,-0.050229384004131516
smoke,2.0,20,40,v2i_queries,662.3,1322.9,660.6000000000001,0.9974331873773218
smoke,2.0,20,40,v2i_queries_avoided,1025.6,1805.3,779.7,0.7602379095163808
smoke,2.0,20,40,query_failures,0.0,0.1,0.1,
smoke,2.0,20,40,accepted,1262.7,2328.6,1065.8999999999999,0.844143502019482
smoke,2.0,20,40,rejected,425.2,799.6,374.40000000000003,0.8805268109125118
smoke,2.0,20,40,anomaly_escalations,39.0,66.9,27.900000000000006,0.7153846153846155
smoke,2.0,20,40,stale_trust_acceptances,5.6,8.6,3.0,0.5357142857142857
smoke,2.0,20,40,stale_acceptance_rate,0.0033190644646597907,0.00274912469960455,-0.0005699397650552407,-0.17171699167755106
smoke,2.0,20,40,authorization_latency_mean_ms,6.8135739485489974,7.325506355098641,0.5119324065496436,0.07513419688629981
smoke,2.0,20,40,authorization_latency_p95_ms,21.828422962229304,22.077959653587534,0.2495366913582302,0.011431732461388287
smoke,2.0,20,40,messages_total,1353.9,2704.1,1350.1999999999998,0.9972671541472781
smoke,2.0,20,40,messages_per_interaction,0.8021268165109582,0.8644520203872791,0.0623252038763209,0.07769993795671766
smoke,2.0,20,40,bytes_total,953638.4,1905881.6,952243.2000000001,0.9985369716655705
smoke,2.0,20,40,bytes_per_interaction,564.9892229817701,609.2754305132554,44.286207531485275,0.0783841633257387
smoke,2.0,20,40,cache_entries_final,72.5,116.6,44.099999999999994,0.6082758620689654
smoke,2.0,20,40,cache_entries_peak,72.5,116.6,44.099999999999994,0.6082758620689654
smoke,2.0,40,60,observed_vehicle_count,40.0,60.0,20.0,0.5
smoke,2.0,40,60,interactions,3128.2,4177.8,1049.6000000000004,0.3355284188990475
smoke,2.0,40,60,mean_active_vehicles,32.944210526315786,43.991578947368424,11.047368421052639,0.3353356551746176
smoke,2.0,40,60,peak_active_vehicles,40.0,60.0,20.0,0.5
smoke,2.0,40,60,cache_hits,1805.3,2354.9,549.6000000000001,0.3044369356893592
smoke,2.0,40,60,cache_misses,1322.9,1822.9,500.0,0.37795751757502455
smoke,2.0,40,60,cache_hit_rate,0.577095445443569,0.5636392813108728,-0.013456164132696236,-0.023317051345559506
smoke,2.0,40,60,v2i_queries,1322.9,1822.9,500.0,0.37795751757502455
smoke,2.0,40,60,v2i_queries_avoided,1805.3,2354.9,549.6000000000001,0.3044369356893592
smoke,2.0,40,60,query_failures,0.1,0.1,0.0,0.0
smoke,2.0,40,60,accepted,2328.6,3308.4,979.8000000000002,0.42076784333934564
smoke,2.0,40,60,rejected,799.6,869.4,69.79999999999995,0.08729364682341165
smoke,2.0,40,60,anomaly_escalations,66.9,80.8,13.899999999999991,0.20777279521674125
smoke,2.0,40,60,stale_trust_acceptances,8.6,10.9,2.3000000000000007,0.26744186046511637
smoke,2.0,40,60,stale_acceptance_rate,0.00274912469960455,0.0026082721375714603,-0.00014085256203308968,-0.051235421242750726
smoke,2.0,40,60,authorization_latency_mean_ms,7.325506355098641,7.544097622852176,0.21859126775353488,0.029839748565830226
smoke,2.0,40,60,authorization_latency_p95_ms,22.077959653587534,22.1845127448076,0.10655309122006429,0.004826220035362283
smoke,2.0,40,60,messages_total,2704.1,3723.9,1019.8000000000002,0.37713102326097414
smoke,2.0,40,60,messages_per_interaction,0.8644520203872791,0.8914199034811418,0.026967883093862666,0.031196506524191953
smoke,2.0,40,60,bytes_total,1905881.6,2624000.0,718118.3999999999,0.3767906673740907
smoke,2.0,40,60,bytes_per_interaction,609.2754305132554,628.1272690574634,18.85183854420802,0.030941406136018285
smoke,2.0,40,60,cache_entries_final,116.6,178.8,62.20000000000002,0.5334476843910808
smoke,2.0,40,60,cache_entries_peak,116.6,178.8,62.20000000000002,0.5334476843910808
smoke,2.0,60,80,observed_vehicle_count,60.0,80.0,20.0,0.3333333333333333
smoke,2.0,60,80,interactions,4177.8,4875.7,697.8999999999996,0.1670496433529608
smoke,2.0,60,80,mean_active_vehicles,43.991578947368424,51.3378947368421,7.346315789473678,0.16699368300153125
smoke,2.0,60,80,peak_active_vehicles,60.0,80.0,20.0,0.3333333333333333
smoke,2.0,60,80,cache_hits,2354.9,2710.9,356.0,0.15117414752218777
smoke,2.0,60,80,cache_misses,1822.9,2164.8,341.9000000000001,0.1875582862471886
smoke,2.0,60,80,cache_hit_rate,0.5636392813108728,0.5559681983258878,-0.007671082984984978,-0.01360991548911231
smoke,2.0,60,80,v2i_queries,1822.9,2164.8,341.9000000000001,0.1875582862471886
smoke,2.0,60,80,v2i_queries_avoided,2354.9,2710.9,356.0,0.15117414752218777
smoke,2.0,60,80,query_failures,0.1,0.1,0.0,0.0
smoke,2.0,60,80,accepted,3308.4,4060.3,751.9000000000001,0.22726997944625804
smoke,2.0,60,80,rejected,869.4,815.4,-54.0,-0.062111801242236024
smoke,2.0,60,80,anomaly_escalations,80.8,93.0,12.200000000000003,0.15099009900990104
smoke,2.0,60,80,stale_trust_acceptances,10.9,10.0,-0.9000000000000004,-0.08256880733944957
smoke,2.0,60,80,stale_acceptance_rate,0.0026082721375714603,0.00204926532751165,-0.0005590068100598104,-0.2143207382417913
smoke,2.0,60,80,authorization_latency_mean_ms,7.544097622852176,7.666712690573554,0.12261506772137842,0.016253112545887453
smoke,2.0,60,80,authorization_latency_p95_ms,22.1845127448076,22.2167962278078,0.032283483000203006,0.0014552261467973473
smoke,2.0,60,80,messages_total,3723.9,4421.5,697.5999999999999,0.18733048685517867
smoke,2.0,60,80,messages_per_interaction,0.8914199034811418,0.9069114883393778,0.015491584858236096,0.017378549433032516
smoke,2.0,60,80,bytes_total,2624000.0,3114931.2,490931.2000000002,0.18709268292682935
smoke,2.0,60,80,bytes_per_interaction,628.1272690574634,638.915508245906,10.788239188442617,0.017175244126291338
smoke,2.0,60,80,cache_entries_final,178.8,241.1,62.29999999999998,0.3484340044742728
smoke,2.0,60,80,cache_entries_peak,178.8,241.1,62.29999999999998,0.3484340044742728
smoke,2.0,80,100,observed_vehicle_count,80.0,100.0,20.0,0.25
smoke,2.0,80,100,interactions,4875.7,5229.6,353.90000000000055,0.07258444941239219
smoke,2.0,80,100,mean_active_vehicles,51.3378947368421,55.06315789473685,3.7252631578947444,0.0725636136228498
smoke,2.0,80,100,peak_active_vehicles,80.0,100.0,20.0,0.25
smoke,2.0,80,100,cache_hits,2710.9,2890.2,179.29999999999973,0.06614039617839083
smoke,2.0,80,100,cache_misses,2164.8,2339.4,174.5999999999999,0.08065410199556536
smoke,2.0,80,100,cache_hit_rate,0.5559681983258878,0.5526185854896571,-0.0033496128362306976,-0.006024828122034562
smoke,2.0,80,100,v2i_queries,2164.8,2339.4,174.5999999999999,0.08065410199556536
smoke,2.0,80,100,v2i_queries_avoided,2710.9,2890.2,179.29999999999973,0.06614039617839083
smoke,2.0,80,100,query_failures,0.1,0.1,0.0,0.0
smoke,2.0,80,100,accepted,4060.3,4490.6,430.3000000000002,0.1059773908331897
smoke,2.0,80,100,rejected,815.4,739.0,-76.39999999999998,-0.09369634535197446
smoke,2.0,80,100,anomaly_escalations,93.0,105.5,12.5,0.13440860215053763
smoke,2.0,80,100,stale_trust_acceptances,10.0,8.2,-1.8000000000000007,-0.18000000000000008
smoke,2.0,80,100,stale_acceptance_rate,0.00204926532751165,0.0015696917701951002,-0.00047957355731654975,-0.2340221887708796
smoke,2.0,80,100,authorization_latency_mean_ms,7.666712690573554,7.72561247373753,0.058899783163975705,0.007682534293530355
smoke,2.0,80,100,authorization_latency_p95_ms,22.2167962278078,22.249527552758273,0.03273132495047193,0.0014732693505782597
smoke,2.0,80,100,messages_total,4421.5,4778.5,357.0,0.0807418296958046
smoke,2.0,80,100,messages_per_interaction,0.9069114883393778,0.913826161734914,0.006914673395536197,0.007624419234337275
smoke,2.0,80,100,bytes_total,3114931.2,3366348.8,251417.59999999963,0.08071369280965165
smoke,2.0,80,100,bytes_per_interaction,638.915508245906,643.7697005795528,4.854192333646779,0.0075975497088395854
smoke,2.0,80,100,cache_entries_final,241.1,300.8,59.70000000000002,0.24761509746992957
smoke,2.0,80,100,cache_entries_peak,241.1,300.8,59.70000000000002,0.24761509746992957
smoke,5.0,20,40,observed_vehicle_count,20.0,40.0,20.0,1.0
smoke,5.0,20,40,interactions,1687.9,3128.2,1440.2999999999997,0.8533088453107409
smoke,5.0,20,40,mean_active_vehicles,17.8,32.944210526315786,15.144210526315785,0.8507983441750441
smoke,5.0,20,40,peak_active_vehicles,20.0,40.0,20.0,1.0
smoke,5.0,20,40,cache_hits,1304.4,2360.7,1056.2999999999997,0.8097976080956759
smoke,5.0,20,40,cache_misses,383.5,767.5,384.0,1.001303780964798
smoke,5.0,20,40,cache_hit_rate,0.7727923653790107,0.7546452840852357,-0.01814708129377507,-0.02348248003831528
smoke,5.0,20,40,v2i_queries,383.5,767.5,384.0,1.001303780964798
smoke,5.0,20,40,v2i_queries_avoided,1304.4,2360.7,1056.2999999999997,0.8097976080956759
smoke,5.0,20,40,query_failures,0.0,0.0,0.0,
smoke,5.0,20,40,accepted,1278.4,2347.9,1069.5,0.8365926157697121
smoke,5.0,20,40,rejected,409.5,780.3,370.79999999999995,0.9054945054945054
smoke,5.0,20,40,anomaly_escalations,32.3,63.7,31.400000000000006,0.972136222910217
smoke,5.0,20,40,stale_trust_acceptances,15.7,24.4,8.7,0.554140127388535
smoke,5.0,20,40,stale_acceptance_rate,0.0093024273307406,0.007799697166110541,-0.0015027301646300594,-0.16154172574551268
smoke,5.0,20,40,authorization_latency_mean_ms,4.058821378599366,4.351898496230409,0.29307711763104294,0.07220744405662392
smoke,5.0,20,40,authorization_latency_p95_ms,20.207274118200118,20.409915009089172,0.2026408908890538,0.010028116098377707
smoke,5.0,20,40,messages_total,783.1,1566.2,783.1,1.0
smoke,5.0,20,40,messages_per_interaction,0.46395452309729013,0.500683899786029,0.03672937668873888,0.07916589850992102
smoke,5.0,20,40,bytes_total,550092.8,1101260.8,551168.0,1.0019545793000744
smoke,5.0,20,40,bytes_per_interaction,325.90642981191485,352.0516635742443,26.14523376232944,0.08022312961857862
smoke,5.0,20,40,cache_entries_final,72.5,116.6,44.099999999999994,0.6082758620689654
smoke,5.0,20,40,cache_entries_peak,72.5,116.6,44.099999999999994,0.6082758620689654
smoke,5.0,40,60,observed_vehicle_count,40.0,60.0,20.0,0.5
smoke,5.0,40,60,interactions,3128.2,4177.8,1049.6000000000004,0.3355284188990475
smoke,5.0,40,60,mean_active_vehicles,32.944210526315786,43.991578947368424,11.047368421052639,0.3353356551746176
smoke,5.0,40,60,peak_active_vehicles,40.0,60.0,20.0,0.5
smoke,5.0,40,60,cache_hits,2360.7,3107.7,747.0,0.3164315669081205
smoke,5.0,40,60,cache_misses,767.5,1070.1,302.5999999999999,0.3942671009771986
smoke,5.0,40,60,cache_hit_rate,0.7546452840852357,0.7438382880038498,-0.010806996081385911,-0.01432063024747569
smoke,5.0,40,60,v2i_queries,767.5,1070.1,302.5999999999999,0.3942671009771986
smoke,5.0,40,60,v2i_queries_avoided,2360.7,3107.7,747.0,0.3164315669081205
smoke,5.0,40,60,query_failures,0.0,0.0,0.0,
smoke,5.0,40,60,accepted,2347.9,3322.3,974.4000000000001,0.4150091571191278
smoke,5.0,40,60,rejected,780.3,855.5,75.20000000000005,0.0963731897987954
smoke,5.0,40,60,anomaly_escalations,63.7,85.2,21.5,0.33751962323390894
smoke,5.0,40,60,stale_trust_acceptances,24.4,29.4,5.0,0.20491803278688525
smoke,5.0,40,60,stale_acceptance_rate,0.007799697166110541,0.00703322319317746,-0.0007664739729330806,-0.09826970927325075
smoke,5.0,40,60,authorization_latency_mean_ms,4.351898496230409,4.527947608772132,0.1760491125417234,0.04045340503557612
smoke,5.0,40,60,authorization_latency_p95_ms,20.409915009089172,20.583786748987148,0.17387173989797589,0.008518984024213005
smoke,5.0,40,60,messages_total,1566.2,2183.9,617.7,0.3943940748308007
smoke,5.0,40,60,messages_per_interaction,0.500683899786029,0.5227832447428381,0.022099344956809097,0.0441383175417732
smoke,5.0,40,60,bytes_total,1101260.8,1536883.2,435622.3999999999,0.3955669719652238
smoke,5.0,40,60,bytes_per_interaction,352.0516635742443,367.89983242137146,15.84816884712717,0.04501659979739009
smoke,5.0,40,60,cache_entries_final,116.6,178.8,62.20000000000002,0.5334476843910808
smoke,5.0,40,60,cache_entries_peak,116.6,178.8,62.20000000000002,0.5334476843910808
smoke,5.0,60,80,observed_vehicle_count,60.0,80.0,20.0,0.3333333333333333
smoke,5.0,60,80,interactions,4177.8,4875.7,697.8999999999996,0.1670496433529608
smoke,5.0,60,80,mean_active_vehicles,43.991578947368424,51.3378947368421,7.346315789473678,0.16699368300153125
smoke,5.0,60,80,peak_active_vehicles,60.0,80.0,20.0,0.3333333333333333
smoke,5.0,60,80,cache_hits,3107.7,3594.4,486.7000000000003,0.1566109984876276
smoke,5.0,60,80,cache_misses,1070.1,1281.3,211.20000000000005,0.1973647322680124
smoke,5.0,60,80,cache_hit_rate,0.7438382880038498,0.7371913007811838,-0.00664698722266599,-0.008936064908010742
smoke,5.0,60,80,v2i_queries,1070.1,1281.3,211.20000000000005,0.1973647322680124
smoke,5.0,60,80,v2i_queries_avoided,3107.7,3594.4,486.7000000000003,0.1566109984876276
smoke,5.0,60,80,query_failures,0.0,0.0,0.0,
smoke,5.0,60,80,accepted,3322.3,4073.3,751.0,0.22604821960689883
smoke,5.0,60,80,rejected,855.5,802.4,-53.10000000000002,-0.062068965517241406
smoke,5.0,60,80,anomaly_escalations,85.2,96.6,11.399999999999991,0.13380281690140836
smoke,5.0,60,80,stale_trust_acceptances,29.4,25.5,-3.8999999999999986,-0.13265306122448975
smoke,5.0,60,80,stale_acceptance_rate,0.00703322319317746,0.005229441587184689,-0.0018037816059927707,-0.2564658559026705
smoke,5.0,60,80,authorization_latency_mean_ms,4.527947608772132,4.638520609829881,0.11057300105774814,0.02442011494203945
smoke,5.0,60,80,authorization_latency_p95_ms,20.583786748987148,20.641686791781005,0.05790004279385741,0.0028128955813587824
smoke,5.0,60,80,messages_total,2183.9,2614.2,430.2999999999997,0.1970328311735884
smoke,5.0,60,80,messages_per_interaction,0.5227832447428381,0.5361976870648076,0.013414442321969533,0.025659663841308113
smoke,5.0,60,80,bytes_total,1536883.2,1839052.8,302169.6000000001,0.1966119481298254
smoke,5.0,60,80,bytes_per_interaction,367.89983242137146,377.20729724498705,9.30746482361559,0.02529891020160985
smoke,5.0,60,80,cache_entries_final,178.8,241.1,62.29999999999998,0.3484340044742728
smoke,5.0,60,80,cache_entries_peak,178.8,241.1,62.29999999999998,0.3484340044742728
smoke,5.0,80,100,observed_vehicle_count,80.0,100.0,20.0,0.25
smoke,5.0,80,100,interactions,4875.7,5229.6,353.90000000000055,0.07258444941239219
smoke,5.0,80,100,mean_active_vehicles,51.3378947368421,55.06315789473685,3.7252631578947444,0.0725636136228498
smoke,5.0,80,100,peak_active_vehicles,80.0,100.0,20.0,0.25
smoke,5.0,80,100,cache_hits,3594.4,3831.9,237.5,0.06607500556421099
smoke,5.0,80,100,cache_misses,1281.3,1397.7,116.40000000000009,0.0908452353078905
smoke,5.0,80,100,cache_hit_rate,0.7371913007811838,0.7326995785650017,-0.0044917222161821035,-0.006093021189238579
smoke,5.0,80,100,v2i_queries,1281.3,1397.7,116.40000000000009,0.0908452353078905
smoke,5.0,80,100,v2i_queries_avoided,3594.4,3831.9,237.5,0.06607500556421099
smoke,5.0,80,100,query_failures,0.0,0.1,0.1,
smoke,5.0,80,100,accepted,4073.3,4503.3,430.0,0.10556551199273316
smoke,5.0,80,100,rejected,802.4,726.3,-76.10000000000002,-0.0948404785643071
smoke,5.0,80,100,anomaly_escalations,96.6,107.5,10.900000000000006,0.11283643892339551
smoke,5.0,80,100,stale_trust_acceptances,25.5,22.5,-3.0,-0.11764705882352941
smoke,5.0,80,100,stale_acceptance_rate,0.005229441587184689,0.00429802047718698,-0.0009314211099977097,-0.17811100754624692
smoke,5.0,80,100,authorization_latency_mean_ms,4.638520609829881,4.714290475753447,0.07576986592356683,0.01633492061304988
smoke,5.0,80,100,authorization_latency_p95_ms,20.641686791781005,20.729294732141007,0.08760794036000163,0.004244223897190654
smoke,5.0,80,100,messages_total,2614.2,2851.9,237.70000000000027,0.09092647846377488
smoke,5.0,80,100,messages_per_interaction,0.5361976870648076,0.5454020855159264,0.009204398451118756,0.01716605400053929
smoke,5.0,80,100,bytes_total,1839052.8,2006438.4,167385.59999999986,0.09101728890002497
smoke,5.0,80,100,bytes_per_interaction,377.20729724498705,383.7151291963703,6.5078319513832525,0.01725266716448641
smoke,5.0,80,100,cache_entries_final,241.1,300.8,59.70000000000002,0.24761509746992957
smoke,5.0,80,100,cache_entries_peak,241.1,300.8,59.70000000000002,0.24761509746992957
smoke,10.0,20,40,observed_vehicle_count,20.0,40.0,20.0,1.0
smoke,10.0,20,40,interactions,1687.9,3128.2,1440.2999999999997,0.8533088453107409
smoke,10.0,20,40,mean_active_vehicles,17.8,32.944210526315786,15.144210526315785,0.8507983441750441
smoke,10.0,20,40,peak_active_vehicles,20.0,40.0,20.0,1.0
smoke,10.0,20,40,cache_hits,1435.8,2640.3,1204.5000000000002,0.8389051399916425
smoke,10.0,20,40,cache_misses,252.1,487.9,235.79999999999998,0.9353431178103927
smoke,10.0,20,40,cache_hit_rate,0.8506430517595801,0.8440256916259348,-0.006617360133645334,-0.007779244325757002
smoke,10.0,20,40,v2i_queries,252.1,487.9,235.79999999999998,0.9353431178103927
smoke,10.0,20,40,v2i_queries_avoided,1435.8,2640.3,1204.5000000000002,0.8389051399916425
smoke,10.0,20,40,query_failures,0.0,0.0,0.0,
smoke,10.0,20,40,accepted,1291.7,2376.7,1084.9999999999998,0.8399783231400478
smoke,10.0,20,40,rejected,396.2,751.5,355.3,0.8967693084300858
smoke,10.0,20,40,anomaly_escalations,35.1,60.6,25.5,0.7264957264957265
smoke,10.0,20,40,stale_trust_acceptances,31.3,51.3,19.999999999999996,0.6389776357827475
smoke,10.0,20,40,stale_acceptance_rate,0.0185518580226396,0.01639569559548846,-0.0021561624271511405,-0.1162235299838909
smoke,10.0,20,40,authorization_latency_mean_ms,2.711667959064226,2.8304066026398726,0.11873864357564656,0.04378804682879473
smoke,10.0,20,40,authorization_latency_p95_ms,18.542952754185432,18.720142958093273,0.17719020390784124,0.009555662803910594
smoke,10.0,20,40,messages_total,514.3,995.3,481.0,0.9352517985611511
smoke,10.0,20,40,messages_per_interaction,0.3046972593469205,0.31818105829383914,0.013483798946918646,0.04425310216383121
smoke,10.0,20,40,bytes_total,361036.8,699571.2,338534.39999999997,0.9376728355669006
smoke,10.0,20,40,bytes_per_interaction,213.89628381358452,223.6418060549422,9.74552224135769,0.04556190536648657
smoke,10.0,20,40,cache_entries_final,72.5,116.6,44.099999999999994,0.6082758620689654
smoke,10.0,20,40,cache_entries_peak,72.5,116.6,44.099999999999994,0.6082758620689654
smoke,10.0,40,60,observed_vehicle_count,40.0,60.0,20.0,0.5
smoke,10.0,40,60,interactions,3128.2,4177.8,1049.6000000000004,0.3355284188990475
smoke,10.0,40,60,mean_active_vehicles,32.944210526315786,43.991578947368424,11.047368421052639,0.3353356551746176
smoke,10.0,40,60,peak_active_vehicles,40.0,60.0,20.0,0.5
smoke,10.0,40,60,cache_hits,2640.3,3493.0,852.6999999999998,0.32295572472825046
smoke,10.0,40,60,cache_misses,487.9,684.8,196.89999999999998,0.4035663045706087
smoke,10.0,40,60,cache_hit_rate,0.8440256916259348,0.8360734891664594,-0.007952202459475366,-0.009421754027600995
smoke,10.0,40,60,v2i_queries,487.9,684.8,196.89999999999998,0.4035663045706087
smoke,10.0,40,60,v2i_queries_avoided,2640.3,3493.0,852.6999999999998,0.32295572472825046
smoke,10.0,40,60,query_failures,0.0,0.0,0.0,
smoke,10.0,40,60,accepted,2376.7,3354.4,977.7000000000003,0.4113687045062483
smoke,10.0,40,60,rejected,751.5,823.4,71.89999999999998,0.09567531603459745
smoke,10.0,40,60,anomaly_escalations,60.6,81.2,20.6,0.33993399339933994
smoke,10.0,40,60,stale_trust_acceptances,51.3,57.3,6.0,0.11695906432748539
smoke,10.0,40,60,stale_acceptance_rate,0.01639569559548846,0.01370344242252838,-0.002692253172960079,-0.1642048766568279
smoke,10.0,40,60,authorization_latency_mean_ms,2.8304066026398726,2.9683632377968117,0.137956635156939,0.04874092472377261
smoke,10.0,40,60,authorization_latency_p95_ms,18.720142958093273,18.95321085782617,0.2330678997328981,0.012450113241904273
smoke,10.0,40,60,messages_total,995.3,1397.7,402.4000000000001,0.4043002109916609
smoke,10.0,40,60,messages_per_interaction,0.31818105829383914,0.3345806468916663,0.01639958859782714,0.05154168725745508
smoke,10.0,40,60,bytes_total,699571.2,983398.4,283827.20000000007,0.4057159585757677
smoke,10.0,40,60,bytes_per_interaction,223.6418060549422,235.40747729557316,11.765671240630951,0.052609444755335556
smoke,10.0,40,60,cache_entries_final,116.6,178.8,62.20000000000002,0.5334476843910808
smoke,10.0,40,60,cache_entries_peak,116.6,178.8,62.20000000000002,0.5334476843910808
smoke,10.0,60,80,observed_vehicle_count,60.0,80.0,20.0,0.3333333333333333
smoke,10.0,60,80,interactions,4177.8,4875.7,697.8999999999996,0.1670496433529608
smoke,10.0,60,80,mean_active_vehicles,43.991578947368424,51.3378947368421,7.346315789473678,0.16699368300153125
smoke,10.0,60,80,peak_active_vehicles,60.0,80.0,20.0,0.3333333333333333
smoke,10.0,60,80,cache_hits,3493.0,4041.4,548.4000000000001,0.1569997137131406
smoke,10.0,60,80,cache_misses,684.8,834.3,149.5,0.21831191588785048
smoke,10.0,60,80,cache_hit_rate,0.8360734891664594,0.8288702912070027,-0.007203197959456675,-0.008615508149454722
smoke,10.0,60,80,v2i_queries,684.8,834.3,149.5,0.21831191588785048
smoke,10.0,60,80,v2i_queries_avoided,3493.0,4041.4,548.4000000000001,0.1569997137131406
smoke,10.0,60,80,query_failures,0.0,0.0,0.0,
smoke,10.0,60,80,accepted,3354.4,4109.0,754.5999999999999,0.2249582637729549
smoke,10.0,60,80,rejected,823.4,766.7,-56.69999999999993,-0.06886082098615488
smoke,10.0,60,80,anomaly_escalations,81.2,94.4,13.200000000000003,0.16256157635467983
smoke,10.0,60,80,stale_trust_acceptances,57.3,58.1,0.8000000000000043,0.013961605584642309
smoke,10.0,60,80,stale_acceptance_rate,0.01370344242252838,0.01190545957609409,-0.0017979828464342908,-0.13120665530570752
smoke,10.0,60,80,authorization_latency_mean_ms,2.9683632377968117,3.0918029553979194,0.12343971760110772,0.04158511196652858
smoke,10.0,60,80,authorization_latency_p95_ms,18.95321085782617,19.141149291752452,0.18793843392628062,0.009915915320948217
smoke,10.0,60,80,messages_total,1397.7,1703.3,305.5999999999999,0.21864491664878008
smoke,10.0,60,80,messages_per_interaction,0.3345806468916663,0.3493760483026421,0.014795401410975795,0.04422073287390825
smoke,10.0,60,80,bytes_total,983398.4,1199078.4,215679.99999999988,0.21932108085593782
smoke,10.0,60,80,bytes_per_interaction,235.40747729557316,245.9543193243435,10.546842028770328,0.04480249374376462
smoke,10.0,60,80,cache_entries_final,178.8,241.1,62.29999999999998,0.3484340044742728
smoke,10.0,60,80,cache_entries_peak,178.8,241.1,62.29999999999998,0.3484340044742728
smoke,10.0,80,100,observed_vehicle_count,80.0,100.0,20.0,0.25
smoke,10.0,80,100,interactions,4875.7,5229.6,353.90000000000055,0.07258444941239219
smoke,10.0,80,100,mean_active_vehicles,51.3378947368421,55.06315789473685,3.7252631578947444,0.0725636136228498
smoke,10.0,80,100,peak_active_vehicles,80.0,100.0,20.0,0.25
smoke,10.0,80,100,cache_hits,4041.4,4314.2,272.7999999999997,0.0675013609145345
smoke,10.0,80,100,cache_misses,834.3,915.4,81.10000000000002,0.09720723960206164
smoke,10.0,80,100,cache_hit_rate,0.8288702912070027,0.8249482062390244,-0.003922084967978301,-0.004731844064849945
smoke,10.0,80,100,v2i_queries,834.3,915.4,81.10000000000002,0.09720723960206164
smoke,10.0,80,100,v2i_queries_avoided,4041.4,4314.2,272.7999999999997,0.0675013609145345
smoke,10.0,80,100,query_failures,0.0,0.0,0.0,
smoke,10.0,80,100,accepted,4109.0,4531.8,422.8000000000002,0.10289608177172066
smoke,10.0,80,100,rejected,766.7,697.8,-68.90000000000009,-0.08986565801486904
smoke,10.0,80,100,anomaly_escalations,94.4,105.2,10.799999999999997,0.11440677966101691
smoke,10.0,80,100,stale_trust_acceptances,58.1,49.2,-8.899999999999999,-0.15318416523235798
smoke,10.0,80,100,stale_acceptance_rate,0.01190545957609409,0.00939487253438559,-0.0025105870417084994,-0.21087695318790592
smoke,10.0,80,100,authorization_latency_mean_ms,3.0918029553979194,3.157751044912185,0.06594808951426545,0.021329978160195478
smoke,10.0,80,100,authorization_latency_p95_ms,19.141149291752452,19.208338764274448,0.0671894725219957,0.0035102109856562443
smoke,10.0,80,100,messages_total,1703.3,1868.1,164.79999999999995,0.09675336112252683
smoke,10.0,80,100,messages_per_interaction,0.3493760483026421,0.3572351918981678,0.007859143595525753,0.022494797893866728
smoke,10.0,80,100,bytes_total,1199078.4,1314918.4,115840.0,0.09660752791477188
smoke,10.0,80,100,bytes_per_interaction,245.9543193243435,251.45344023573566,5.499120911392168,0.02235830184441851
smoke,10.0,80,100,cache_entries_final,241.1,300.8,59.70000000000002,0.24761509746992957
smoke,10.0,80,100,cache_entries_peak,241.1,300.8,59.70000000000002,0.24761509746992957
smoke,30.0,20,40,observed_vehicle_count,20.0,40.0,20.0,1.0
smoke,30.0,20,40,interactions,1687.9,3128.2,1440.2999999999997,0.8533088453107409
smoke,30.0,20,40,mean_active_vehicles,17.8,32.944210526315786,15.144210526315785,0.8507983441750441
smoke,30.0,20,40,peak_active_vehicles,20.0,40.0,20.0,1.0
smoke,30.0,20,40,cache_hits,1541.8,2866.1,1324.3,0.8589311194707485
smoke,30.0,20,40,cache_misses,146.1,262.1,116.00000000000003,0.7939767282683096
smoke,30.0,20,40,cache_hit_rate,0.9134432219698236,0.9162120455370631,0.002768823567239509,0.003031193949054208
smoke,30.0,20,40,v2i_queries,146.1,262.1,116.00000000000003,0.7939767282683096
smoke,30.0,20,40,v2i_queries_avoided,1541.8,2866.1,1324.3,0.8589311194707485
smoke,30.0,20,40,query_failures,0.0,0.0,0.0,
smoke,30.0,20,40,accepted,1332.3,2510.5,1178.2,0.8843353599039256
smoke,30.0,20,40,rejected,355.6,617.7,262.1,0.7370641169853769
smoke,30.0,20,40,anomaly_escalations,34.0,58.2,24.200000000000003,0.7117647058823531
smoke,30.0,20,40,stale_trust_acceptances,71.0,185.2,114.19999999999999,1.608450704225352
smoke,30.0,20,40,stale_acceptance_rate,0.04207474431415218,0.05918928101449346,0.017114536700341278,0.40676507913049076
smoke,30.0,20,40,authorization_latency_mean_ms,1.6954528405552611,1.6602819629055332,-0.03517087764972793,-0.02074423824033316
smoke,30.0,20,40,authorization_latency_p95_ms,15.939670228101685,15.954068817198566,0.014398589096881409,0.0009033178786532645
smoke,30.0,20,40,messages_total,298.4,535.2,236.80000000000007,0.7935656836461129
smoke,30.0,20,40,messages_per_interaction,0.176787084062831,0.17109164531685678,-0.005695438745974224,-0.03221637358954366
smoke,30.0,20,40,bytes_total,209894.4,376960.0,167065.6,0.795950725698256
smoke,30.0,20,40,bytes_per_interaction,124.35218277700976,120.50564929316394,-3.8465334838458176,-0.03093257712044734
smoke,30.0,20,40,cache_entries_final,72.5,116.6,44.099999999999994,0.6082758620689654
smoke,30.0,20,40,cache_entries_peak,72.5,116.6,44.099999999999994,0.6082758620689654
smoke,30.0,40,60,observed_vehicle_count,40.0,60.0,20.0,0.5
smoke,30.0,40,60,interactions,3128.2,4177.8,1049.6000000000004,0.3355284188990475
smoke,30.0,40,60,mean_active_vehicles,32.944210526315786,43.991578947368424,11.047368421052639,0.3353356551746176
smoke,30.0,40,60,peak_active_vehicles,40.0,60.0,20.0,0.5
smoke,30.0,40,60,cache_hits,2866.1,3801.2,935.0999999999999,0.3262621681029971
smoke,30.0,40,60,cache_misses,262.1,376.6,114.5,0.4368561617703166
smoke,30.0,40,60,cache_hit_rate,0.9162120455370631,0.9098580269754535,-0.0063540185616096645,-0.006935096075805334
smoke,30.0,40,60,v2i_queries,262.1,376.6,114.5,0.4368561617703166
smoke,30.0,40,60,v2i_queries_avoided,2866.1,3801.2,935.0999999999999,0.3262621681029971
smoke,30.0,40,60,query_failures,0.0,0.0,0.0,
smoke,30.0,40,60,accepted,2510.5,3492.0,981.5,0.39095797649870545
smoke,30.0,40,60,rejected,617.7,685.8,68.09999999999991,0.11024769305488086
smoke,30.0,40,60,anomaly_escalations,58.2,83.2,25.0,0.42955326460481097
smoke,30.0,40,60,stale_trust_acceptances,185.2,195.8,10.600000000000023,0.057235421166306824
smoke,30.0,40,60,stale_acceptance_rate,0.05918928101449346,0.04685887702992224,-0.01233040398457122,-0.2083215706160026
smoke,30.0,40,60,authorization_latency_mean_ms,1.6602819629055332,1.765876239302612,0.10559427639707875,0.06360020692647063
smoke,30.0,40,60,authorization_latency_p95_ms,15.954068817198566,16.435185169399144,0.48111635220057813,0.030156341790498753
smoke,30.0,40,60,messages_total,535.2,769.7,234.5,0.4381539611360239
smoke,30.0,40,60,messages_per_interaction,0.17109164531685678,0.18423653572589171,0.013144890409034937,0.07682952831911213
smoke,30.0,40,60,bytes_total,376960.0,541824.0,164864.0,0.43735144312393887
smoke,30.0,40,60,bytes_per_interaction,120.50564929316394,129.69251237629905,9.186863083135108,0.07623595355920182
smoke,30.0,40,60,cache_entries_final,116.6,178.8,62.20000000000002,0.5334476843910808
smoke,30.0,40,60,cache_entries_peak,116.6,178.8,62.20000000000002,0.5334476843910808
smoke,30.0,60,80,observed_vehicle_count,60.0,80.0,20.0,0.3333333333333333
smoke,30.0,60,80,interactions,4177.8,4875.7,697.8999999999996,0.1670496433529608
smoke,30.0,60,80,mean_active_vehicles,43.991578947368424,51.3378947368421,7.346315789473678,0.16699368300153125
smoke,30.0,60,80,peak_active_vehicles,60.0,80.0,20.0,0.3333333333333333
smoke,30.0,60,80,cache_hits,3801.2,4413.2,612.0,0.16100178890876565
smoke,30.0,60,80,cache_misses,376.6,462.5,85.89999999999998,0.22809346787041948
smoke,30.0,60,80,cache_hit_rate,0.9098580269754535,0.9051365770648555,-0.004721449910597975,-0.005189216087143837
smoke,30.0,60,80,v2i_queries,376.6,462.5,85.89999999999998,0.22809346787041948
smoke,30.0,60,80,v2i_queries_avoided,3801.2,4413.2,612.0,0.16100178890876565
smoke,30.0,60,80,query_failures,0.0,0.0,0.0,
smoke,30.0,60,80,accepted,3492.0,4235.7,743.6999999999998,0.21297250859106523
smoke,30.0,60,80,rejected,685.8,640.0,-45.799999999999955,-0.06678331875182263
smoke,30.0,60,80,anomaly_escalations,83.2,101.2,18.0,0.21634615384615383
smoke,30.0,60,80,stale_trust_acceptances,195.8,190.7,-5.100000000000023,-0.02604698672114414
smoke,30.0,60,80,stale_acceptance_rate,0.04685887702992224,0.03908540936595441,-0.007773467663967831,-0.1658910361638415
smoke,30.0,60,80,authorization_latency_mean_ms,1.765876239302612,1.8432698909451815,0.0773936516425695,0.04382733620852963
smoke,30.0,60,80,authorization_latency_p95_ms,16.435185169399144,16.69606234514668,0.26087717574753455,0.01587309014523698
smoke,30.0,60,80,messages_total,769.7,944.7,175.0,0.22736130960114329
smoke,30.0,60,80,messages_per_interaction,0.18423653572589171,0.19377171751882916,0.009535181792937442,0.05175510793974082
smoke,30.0,60,80,bytes_total,541824.0,665292.8,123468.80000000005,0.22787621072525405
smoke,30.0,60,80,bytes_per_interaction,129.69251237629905,136.46244139735634,6.769929021057294,0.052199844825386234
smoke,30.0,60,80,cache_entries_final,178.8,241.1,62.29999999999998,0.3484340044742728
smoke,30.0,60,80,cache_entries_peak,178.8,241.1,62.29999999999998,0.3484340044742728
smoke,30.0,80,100,observed_vehicle_count,80.0,100.0,20.0,0.25
smoke,30.0,80,100,interactions,4875.7,5229.6,353.90000000000055,0.07258444941239219
smoke,30.0,80,100,mean_active_vehicles,51.3378947368421,55.06315789473685,3.7252631578947444,0.0725636136228498
smoke,30.0,80,100,peak_active_vehicles,80.0,100.0,20.0,0.25
smoke,30.0,80,100,cache_hits,4413.2,4703.2,290.0,0.06571195504395903
smoke,30.0,80,100,cache_misses,462.5,526.4,63.89999999999998,0.13816216216216212
smoke,30.0,80,100,cache_hit_rate,0.9051365770648555,0.8993316282478581,-0.005804948816997446,-0.0064133402229987506
smoke,30.0,80,100,v2i_queries,462.5,526.4,63.89999999999998,0.13816216216216212
smoke,30.0,80,100,v2i_queries_avoided,4413.2,4703.2,290.0,0.06571195504395903
smoke,30.0,80,100,query_failures,0.0,0.0,0.0,
smoke,30.0,80,100,accepted,4235.7,4639.1,403.40000000000055,0.09523809523809537
smoke,30.0,80,100,rejected,640.0,590.5,-49.5,-0.07734375
smoke,30.0,80,100,anomaly_escalations,101.2,105.7,4.5,0.044466403162055336
smoke,30.0,80,100,stale_trust_acceptances,190.7,157.9,-32.79999999999998,-0.171997902464604
smoke,30.0,80,100,stale_acceptance_rate,0.03908540936595441,0.03019831493374599,-0.008887094432208417,-0.22737626588477225
smoke,30.0,80,100,authorization_latency_mean_ms,1.8432698909451815,1.9377934060288813,0.09452351508369983,0.05128034453773375
smoke,30.0,80,100,authorization_latency_p95_ms,16.69606234514668,16.99779352543064,0.3017311802839622,0.018071996501119403
smoke,30.0,80,100,messages_total,944.7,1074.8,130.0999999999999,0.13771567693447645
smoke,30.0,80,100,messages_per_interaction,0.19377171751882916,0.2055486177846519,0.011776900265822732,0.06077718883138015
smoke,30.0,80,100,bytes_total,665292.8,756659.2,91366.3999999999,0.1373326150531013
smoke,30.0,80,100,bytes_per_interaction,136.46244139735634,144.70795085728452,8.245509459928172,0.06042328845574875
smoke,30.0,80,100,cache_entries_final,241.1,300.8,59.70000000000002,0.24761509746992957
smoke,30.0,80,100,cache_entries_peak,241.1,300.8,59.70000000000002,0.24761509746992957
