topology,seed,requested_vehicle_count,observed_vehicle_count,ttl_seconds,interactions,mean_active_vehicles,peak_active_vehicles,cache_hits,cache_misses,cache_hit_rate,v2i_queries,v2i_queries_avoided,query_failures,accepted,rejected,anomaly_escalations,stale_trust_acceptances,stale_acceptance_rate,authorization_latency_mean_ms,authorization_latency_p95_ms,messages_total,messages_per_interaction,bytes_total,bytes_per_interaction,cache_entries_final,cache_entries_peak
smoke,1001,20,20,0.0,1689,17.8,20,0,1689,0.0,1689,0,0,1256,433,36,0,0.0,16.89148564470369,24.038468375471027,3458,2.0473653049141505,2434432,1441.345174659562,74,74
smoke,1001,20,20,1.0,1689,17.8,20,701,988,0.41503848431024276,988,701,0,1256,433,39,2,0.0011841326228537595,10.046539563786935,22.652445513882924,2005,1.1870929544108941,1406592,832.7957371225577,74,74
smoke,1001,20,20,2.0,1689,17.8,20,973,716,0.576080521018354,716,973,0,1253,436,44,5,0.002960331557134399,7.377800629299628,22.56185468777403,1476,0.8738898756660746,1041792,616.809946714032,74,74
smoke,1001,20,20,5.0,1689,17.8,20,1272,417,0.7531083481349912,417,1272,0,1280,409,28,18,0.010657193605683837,4.370710205280323,20.580403016315074,850,0.5032563647128478,599296,354.82297217288334,74,74
smoke,1001,20,20,10.0,1689,17.8,20,1396,293,0.8265245707519242,293,1396,0,1279,410,44,36,0.021314387211367674,3.127579182978931,19.082106575712032,596,0.35287152161042035,420480,248.95204262877442,74,74
smoke,1001,20,20,30.0,1689,17.8,20,1535,154,0.9088217880402605,154,1535,0,1326,363,37,73,0.04322084073416223,1.7923545168928212,16.262613319529606,313,0.1853167554766134,221696,131.25873297809355,74,74
smoke,1002,20,20,0.0,1689,17.8,20,0,1689,0.0,1689,0,0,1197,492,42,0,0.0,17.018491391263133,24.15783765753758,3456,2.0461811722912966,2434816,1441.5725281231498,73,73
smoke,1002,20,20,1.0,1689,17.8,20,770,919,0.45589105979869743,919,770,0,1202,487,33,0,0.0,9.485103923610183,22.874453215470677,1879,1.1124925991711072,1321472,782.3990526939017,73,73
smoke,1002,20,20,2.0,1689,17.8,20,1041,648,0.6163410301953819,648,1041,0,1200,489,42,7,0.0041444641799881585,6.611869197324836,21.70104762344156,1318,0.7803433984606276,930560,550.9532267613973,73,73
smoke,1002,20,20,5.0,1689,17.8,20,1308,381,0.7744227353463587,381,1308,0,1215,474,37,17,0.010065127294256957,3.9508248393377445,19.605906838521037,779,0.46121965660153935,548864,324.963883955003,73,73
smoke,1002,20,20,10.0,1689,17.8,20,1446,243,0.8561278863232682,243,1446,0,1226,463,28,17,0.010065127294256957,2.5960551682651314,18.013885965378048,492,0.2912966252220249,346368,205.0728241563055,73,73
smoke,1002,20,20,30.0,1689,17.8,20,1542,147,0.9129662522202486,147,1542,0,1277,412,35,77,0.045589105979869746,1.7570206340117005,16.799435642502647,301,0.17821195973949083,211456,125.1959739490823,73,73
smoke,1003,20,20,0.0,1689,17.8,20,0,1689,0.0,1689,0,0,1287,402,32,0,0.0,16.84034723514733,24.091130108934063,3441,2.0373001776198936,2419328,1432.4026050917703,72,72
smoke,1003,20,20,1.0,1689,17.8,20,793,896,0.4695085849615157,896,793,0,1292,397,27,4,0.002368265245707519,8.951591155488854,22.162777461386433,1823,1.0793368857312018,1286528,761.7098875074008,72,72
smoke,1003,20,20,2.0,1689,17.8,20,1057,632,0.625814091178212,632,1057,0,1290,399,31,7,0.0041444641799881585,6.497373362809709,21.664613022210233,1297,0.7679100059206632,910848,539.2824156305506,72,72
smoke,1003,20,20,5.0,1689,17.8,20,1326,363,0.7850799289520426,363,1326,0,1296,393,32,14,0.008288928359976317,3.888898939597383,20.46367000574953,743,0.4399052693901717,522624,309.42806394316165,72,72
smoke,1003,20,20,10.0,1689,17.8,20,1453,236,0.8602723505032563,236,1453,0,1305,384,39,28,0.016577856719952634,2.5365208072577676,17.937311614510065,484,0.28656009473060984,339840,201.20781527531082,72,72
smoke,1003,20,20,30.0,1689,17.8,20,1551,138,0.9182948490230906,138,1551,0,1363,326,28,76,0.044997039668442866,1.6369791555675848,15.815715649722149,283,0.167554766133807,198784,117.69330965068087,72,72
smoke,1004,20,20,0.0,1689,17.8,20,0,1689,0.0,1689,0,0,1242,447,26,0,0.0,17.224957796497698,24.693234030543465,3462,2.049733570159858,2436352,1442.4819419775015,73,73
smoke,1004,20,20,1.0,1689,17.8,20,738,951,0.4369449378330373,951,738,0,1242,447,34,1,0.0005920663114268798,9.833155313168135,23.01630564806345,1952,1.1557134399052693,1377792,815.7442273534635,73,73
smoke,1004,20,20,2.0,1689,17.8,20,1007,682,0.596210775606868,682,1007,0,1228,461,52,6,0.003552397868561279,7.068694713365273,22.17302003610548,1397,0.8271166370633511,987520,584.6773238602724,73,73
smoke,1004,20,20,5.0,1689,17.8,20,1295,394,0.7667258732978094,394,1295,0,1259,430,27,10,0.005920663114268798,4.135433292761978,20.158079517570116,806,0.4772054470100651,565632,334.8916518650089,73,73
smoke,1004,20,20,10.0,1689,17.8,20,1434,255,0.8490230905861457,255,1434,0,1276,413,27,30,0.017761989342806393,2.7271350776271666,18.81463393789211,522,0.30905861456483125,364800,215.98579040852576,73,73
smoke,1004,20,20,30.0,1689,17.8,20,1541,148,0.9123741859088218,148,1541,0,1306,383,35,66,0.03907637655417407,1.729760168747633,16.182318136903714,306,0.1811722912966252,212736,125.9538188277087,73,73
smoke,1005,20,20,0.0,1689,17.8,20,0,1689,0.0,1689,0,0,1240,449,33,0,0.0,17.10517457642443,24.570779673791776,3451,2.043220840734162,2435328,1441.8756660746003,68,68
smoke,1005,20,20,1.0,1689,17.8,20,752,937,0.44523386619301364,937,752,0,1238,451,36,1,0.0005920663114268798,9.446968717295542,22.554984660899535,1917,1.1349911190053286,1352704,800.890467732386,68,68
smoke,1005,20,20,2.0,1689,17.8,20,1010,679,0.5979869745411486,679,1010,0,1246,443,37,9,0.0053285968028419185,6.958573444270895,21.780861951685893,1382,0.8182356423919479,972032,575.5074008288929,68,68
smoke,1005,20,20,5.0,1689,17.8,20,1296,393,0.7673179396092362,393,1296,0,1256,433,37,16,0.009473060982830076,4.102452206811768,20.14307361397485,798,0.4724689165186501,559104,331.0266429840142,68,68
smoke,1005,20,20,10.0,1689,17.8,20,1435,254,0.8496151568975725,254,1435,0,1263,426,34,21,0.012433392539964476,2.771865255085626,18.74604960070556,515,0.3049141503848431,363008,214.9248075784488,68,68
smoke,1005,20,20,30.0,1689,17.8,20,1543,146,0.9135583185316756,146,1543,0,1303,386,35,63,0.037300177619893425,1.677330492812509,15.753141884987798,295,0.17465956187092954,208128,123.22557726465364,68,68
smoke,1006,20,20,0.0,1689,17.8,20,0,1689,0.0,1689,0,0,1265,424,27,0,0.0,16.648452140381455,23.954102817005207,3444,2.039076376554174,2430848,1439.223208999408,74,74
smoke,1006,20,20,1.0,1689,17.8,20,787,902,0.4659561870929544,902,787,0,1259,430,41,4,0.002368265245707519,9.136785880097051,22.428308309920904,1835,1.0864416814683244,1292288,765.1201894612196,74,74
smoke,1006,20,20,2.0,1689,17.8,20,1058,631,0.6264061574896388,631,1058,0,1267,422,35,5,0.002960331557134399,6.487607935297374,21.406762788994627,1285,0.7608052101835405,906880,536.9330965068087,74,74
smoke,1006,20,20,5.0,1689,17.8,20,1330,359,0.7874481941977501,359,1330,0,1283,406,25,15,0.008880994671403197,3.8262301657539743,19.820840864360886,729,0.43161634103019536,511872,303.06216696269985,74,74
smoke,1006,20,20,10.0,1689,17.8,20,1449,240,0.8579040852575488,240,1449,0,1287,402,34,29,0.017169923031379514,2.5284385321963367,17.80651194505864,487,0.28833629366489044,342400,202.72350503256365,74,74
smoke,1006,20,20,30.0,1689,17.8,20,1547,142,0.9159265837773831,142,1547,0,1333,356,33,71,0.04203670811130847,1.6158631283618998,15.872778739325353,290,0.17169923031379514,204160,120.87625814091179,74,74
smoke,1007,20,20,0.0,1689,17.8,20,0,1689,0.0,1689,0,0,1285,404,41,0,0.0,16.831270432563976,24.00586903531163,3435,2.0337477797513324,2416896,1430.96269982238,73,73
smoke,1007,20,20,1.0,1689,17.8,20,782,907,0.46299585553582,907,782,0,1292,397,31,2,0.0011841326228537595,9.254582487696364,22.416689994652472,1846,1.0929544108940201,1300480,769.9703966844287,73,73
smoke,1007,20,20,2.0,1689,17.8,20,1049,640,0.6210775606867969,640,1049,0,1294,395,36,3,0.0017761989342806395,6.5557672002505,21.719817243686634,1311,0.7761989342806395,923392,546.7092954410894,73,73
smoke,1007,20,20,5.0,1689,17.8,20,1318,371,0.7803433984606276,371,1318,0,1303,386,35,15,0.008880994671403197,3.940739614809125,20.121503873693314,761,0.45056246299585556,532608,315.3392539964476,73,73
smoke,1007,20,20,10.0,1689,17.8,20,1441,248,0.8531675547661338,248,1441,0,1319,370,37,29,0.017169923031379514,2.6895228330158165,18.87805656351702,503,0.29780935464772057,352768,208.86204854943753,73,73
smoke,1007,20,20,30.0,1689,17.8,20,1546,143,0.9153345174659562,143,1546,0,1360,329,29,63,0.037300177619893425,1.6243011433951977,14.947037505228154,290,0.17169923031379514,204160,120.87625814091179,73,73
smoke,1008,20,20,0.0,1678,17.8,20,0,1678,0.0,1678,0,0,1283,395,46,0,0.0,17.126540522511192,24.557138999314517,3442,2.0512514898688914,2417792,1440.8772348033374,73,73
smoke,1008,20,20,1.0,1678,17.8,20,742,936,0.44219308700834326,936,742,0,1303,375,35,5,0.0029797377830750892,9.400611411226073,22.707539431780777,1911,1.1388557806912991,1348480,803.6233611442193,73,73
smoke,1008,20,20,2.0,1678,17.8,20,1011,667,0.6025029797377831,667,1011,0,1296,382,43,9,0.005363528009535161,6.905772906696527,21.973994082967156,1361,0.8110846245530393,958592,571.2705601907032,73,73
smoke,1008,20,20,5.0,1678,17.8,20,1291,387,0.7693682955899881,387,1291,0,1309,369,37,18,0.010727056019070322,4.224807285610782,21.064441981121362,792,0.4719904648390942,553984,330.1454112038141,73,73
smoke,1008,20,20,10.0,1678,17.8,20,1428,250,0.8510131108462455,250,1428,0,1354,324,29,52,0.03098927294398093,2.7183728839783945,18.53418900160547,509,0.3033373063170441,356992,212.74851013110847,73,73
smoke,1008,20,20,30.0,1678,17.8,20,1534,144,0.9141835518474374,144,1534,0,1395,283,29,98,0.058402860548271755,1.6927637828141373,15.927491195032312,295,0.17580452920143028,208128,124.03337306317044,73,73
smoke,1009,20,20,0.0,1689,17.8,20,0,1689,0.0,1689,0,0,1283,406,33,0,0.0,17.057326492708263,24.04389639328315,3443,2.038484310242747,2425216,1435.8886915334517,73,73
smoke,1009,20,20,1.0,1689,17.8,20,770,919,0.45589105979869743,919,770,0,1270,419,49,4,0.002368265245707519,9.273212353342455,22.32897079553311,1861,1.1018354055654234,1306112,773.3049141503849,73,73
smoke,1009,20,20,2.0,1689,17.8,20,1040,649,0.6157489638839551,649,1040,0,1285,404,37,3,0.0017761989342806395,6.740321767442029,21.655842646644878,1329,0.7868561278863233,934272,553.1509769094139,73,73
smoke,1009,20,20,5.0,1689,17.8,20,1311,378,0.7761989342806395,378,1311,0,1295,394,33,15,0.008880994671403197,4.0354316774590275,20.18057356419547,775,0.45885139135583186,546048,323.2966252220249,73,73
smoke,1009,20,20,10.0,1689,17.8,20,1445,244,0.8555358200118414,244,1445,0,1318,371,33,36,0.021314387211367674,2.6347622359682044,18.979669956632957,503,0.29780935464772057,350080,207.27057430432208,73,73
smoke,1009,20,20,30.0,1689,17.8,20,1544,145,0.9141503848431024,145,1544,0,1320,369,35,39,0.023090586145648313,1.6895694056197317,16.130395482247188,296,0.17525162818235643,208384,123.37714624037892,73,73
smoke,1010,20,20,0.0,1689,17.8,20,0,1689,0.0,1689,0,0,1270,419,26,0,0.0,16.90779008584845,23.81134152778372,3436,2.034339846062759,2418944,1432.1752516281824,72,72
smoke,1010,20,20,1.0,1689,17.8,20,750,939,0.44404973357015987,939,750,0,1268,421,32,1,0.0005920663114268798,9.450915732857455,22.233511180303367,1904,1.1272942569567792,1341312,794.145648312611,72,72
smoke,1010,20,20,2.0,1689,17.8,20,1010,679,0.5979869745411486,679,1010,0,1268,421,33,2,0.0011841326228537595,6.9319583287332085,21.64641553878255,1383,0.8188277087033747,970496,574.5979869745412,72,72
smoke,1010,20,20,5.0,1689,17.8,20,1297,392,0.7679100059206632,392,1297,0,1288,401,32,19,0.011249259917110717,4.112685558571549,19.934247906499536,798,0.4724689165186501,560896,332.08762581409115,72,72
smoke,1010,20,20,10.0,1689,17.8,20,1431,258,0.8472468916518651,258,1431,0,1290,399,46,35,0.020722320899940794,2.7864276142688844,18.637112380842407,532,0.31497927767910006,373632,221.21492007104797,72,72
smoke,1010,20,20,30.0,1689,17.8,20,1535,154,0.9088217880402605,154,1535,0,1340,349,44,84,0.0497335701598579,1.7385859773293961,15.705774725537934,315,0.18650088809946713,221312,131.03137951450563,72,72
smoke,1001,40,40,0.0,3117,32.82105263157895,40,0,3117,0.0,3117,0,0,2382,735,66,0,0.0,16.874421983196083,24.064593470215275,6378,2.046198267564966,4497280,1442.8232274623035,118,118
smoke,1001,40,40,1.0,3117,32.82105263157895,40,1195,1922,0.3833814565287135,1922,1195,0,2391,726,63,4,0.0012832852101379532,10.547452065502872,22.77313283799174,3916,1.2563362207250561,2748800,881.8735964068014,118,118
smoke,1001,40,40,2.0,3117,32.82105263157895,40,1683,1434,0.5399422521655438,1434,1683,0,2391,726,62,9,0.0028873917228103944,7.993585370226731,22.664379369317796,2948,0.9457811998716715,2079872,667.2672441450112,118,118
smoke,1001,40,40,5.0,3117,32.82105263157895,40,2296,821,0.7366057106191851,821,2296,0,2421,696,49,26,0.008341353865896696,4.635623411287003,20.587398325724845,1672,0.5364132178376644,1178880,378.20981713185756,118,118
smoke,1001,40,40,10.0,3117,32.82105263157895,40,2596,521,0.8328521013795316,521,2596,0,2448,669,57,59,0.01892845684953481,3.011054506474741,19.087935217518744,1062,0.34071222329162654,747648,239.8614051973051,118,118
smoke,1001,40,40,30.0,3117,32.82105263157895,40,2837,280,0.9101700352903432,280,2837,0,2581,536,65,201,0.06448508180943215,1.7687917021631103,16.54189912322294,571,0.18318896374719282,402432,129.1087584215592,118,118
smoke,1002,40,40,0.0,3134,33.0,40,0,3134,0.0,3134,0,0,2130,1004,67,0,0.0,17.024265484042584,24.15884285904113,6408,2.0446713465220165,4512128,1439.7345245692406,118,118
smoke,1002,40,40,1.0,3134,33.0,40,1265,1869,0.4036375239310785,1869,1265,0,2117,1017,84,3,0.0009572431397574984,10.31128191058249,23.14883215111276,3812,1.2163369495851946,2677376,854.2999361837907,118,118
smoke,1002,40,40,2.0,3134,33.0,40,1789,1345,0.5708359923420548,1345,1789,0,2146,988,62,11,0.0035098915124441607,7.426865394751581,22.0304055971356,2746,0.8761965539246969,1940352,619.1295469049138,118,118
smoke,1002,40,40,5.0,3134,33.0,40,2348,786,0.7492022973835354,786,2348,0,2160,974,64,29,0.009253350350989151,4.420186382865714,20.272273042678002,1605,0.5121250797702617,1125888,359.24952137843013,118,118
smoke,1002,40,40,10.0,3134,33.0,40,2639,495,0.8420548819400128,495,2639,0,2199,935,60,65,0.020740268028079132,2.8378885308828794,18.458628693075596,1009,0.3219527760051053,710784,226.7977026164646,118,118
smoke,1002,40,40,30.0,3134,33.0,40,2857,277,0.9116145500957243,277,2857,0,2373,761,66,242,0.07721761327377154,1.7683268451118466,16.523997492800458,571,0.18219527760051052,403328,128.69432035737077,118,118
smoke,1003,40,40,0.0,3123,32.88421052631579,40,0,3123,0.0,3123,0,0,2347,776,70,0,0.0,16.815393186922034,24.133276660154472,6366,2.0384245917387127,4473600,1432.4687800192123,117,117
smoke,1003,40,40,1.0,3123,32.88421052631579,40,1346,1777,0.43099583733589497,1777,1346,0,2363,760,54,4,0.001280819724623759,9.67476807092157,22.622631301620892,3631,1.1626641050272175,2557568,818.9458853666347,117,117
smoke,1003,40,40,2.0,3123,32.88421052631579,40,1833,1290,0.5869356388088377,1290,1833,0,2362,761,67,9,0.002881844380403458,7.106393818451785,21.886007834532233,2639,0.8450208133205251,1855616,594.1773935318604,117,117
smoke,1003,40,40,5.0,3123,32.88421052631579,40,2378,745,0.7614473262888248,745,2378,0,2369,754,65,18,0.005763688760806916,4.223011845968619,20.302893637241194,1517,0.4857508805635607,1068416,342.11207172590457,117,117
smoke,1003,40,40,10.0,3123,32.88421052631579,40,2641,482,0.845661223182837,482,2641,0,2383,740,64,24,0.007684918347742555,2.8012075431349053,18.54415088289727,987,0.3160422670509126,695296,222.63720781300032,117,117
smoke,1003,40,40,30.0,3123,32.88421052631579,40,2860,263,0.9157861031059878,263,2860,0,2486,637,57,127,0.040666026256804357,1.6687228298981533,16.029948840365183,537,0.17195004803073968,376704,120.62247838616715,117,117
smoke,1004,40,40,0.0,3133,32.98947368421052,40,0,3133,0.0,3133,0,0,2351,782,63,0,0.0,17.050876061271076,24.39114423690395,6406,2.04468560485158,4509824,1439.4586658155122,113,113
smoke,1004,40,40,1.0,3133,32.98947368421052,40,1266,1867,0.4040855410150016,1867,1266,0,2353,780,67,5,0.0015959144589849984,10.299327633624008,23.083967601792207,3820,1.219278646664539,2693760,859.8021066070859,113,113
smoke,1004,40,40,2.0,3133,32.98947368421052,40,1780,1353,0.5681455473986594,1353,1780,1,2364,769,63,13,0.004149377593360996,7.513182969221529,22.281267738360455,2772,0.8847749760612831,1958656,625.1694861155443,113,113
smoke,1004,40,40,5.0,3133,32.98947368421052,40,2361,772,0.7535908075327162,772,2361,0,2380,753,55,19,0.006064474944142994,4.3582691796133375,20.341080099620957,1573,0.5020746887966805,1107840,353.6035748483881,113,113
smoke,1004,40,40,10.0,3133,32.98947368421052,40,2642,491,0.8432812001276732,491,2642,0,2401,732,60,42,0.013405681455473986,2.850929659205454,19.00227715140943,1005,0.3207788062559847,705280,225.11330992658793,113,113
smoke,1004,40,40,30.0,3133,32.98947368421052,40,2865,268,0.9144589849984041,268,2865,0,2553,580,64,209,0.06670922438557293,1.6956273136019744,16.34466503434595,552,0.17618895627194384,386816,123.46504947334823,113,113
smoke,1005,40,40,0.0,3146,33.126315789473686,40,0,3146,0.0,3146,0,0,2281,865,52,0,0.0,16.936399574818765,24.567427353195725,6426,2.0425937698664973,4531968,1440.5492689129053,116,116
smoke,1005,40,40,1.0,3146,33.126315789473686,40,1234,1912,0.3922441195168468,1912,1234,1,2283,863,55,4,0.0012714558169103624,10.387753424902089,22.73041355912113,3906,1.2415766052129689,2752512,874.9243483788938,116,116
smoke,1005,40,40,2.0,3146,33.126315789473686,40,1770,1376,0.5626191989828353,1376,1770,0,2277,869,76,9,0.002860775588048315,7.56149890726426,22.004560403871665,2795,0.8884297520661157,1966336,625.0273363000636,116,116
smoke,1005,40,40,5.0,3146,33.126315789473686,40,2336,810,0.7425301970756516,810,2336,0,2295,851,73,24,0.007628734901462174,4.528015162716406,20.477481530619457,1649,0.5241576605212969,1159552,368.5797838525111,116,116
smoke,1005,40,40,10.0,3146,33.126315789473686,40,2639,507,0.8388429752066116,507,2639,0,2328,818,54,47,0.014939605848696759,2.94413942395734,19.02497070467879,1038,0.32994278448823905,730752,232.27972027972027,116,116
smoke,1005,40,40,30.0,3146,33.126315789473686,40,2883,263,0.9164017800381437,263,2883,0,2471,675,54,190,0.06039415130324221,1.671778867880885,16.276477682207968,538,0.17101080737444374,380544,120.96122059758423,116,116
smoke,1006,40,40,0.0,3135,33.01052631578948,40,0,3135,0.0,3135,0,0,2205,930,60,0,0.0,16.68567385593004,23.933260709540598,6394,2.039553429027113,4503168,1436.4172248803827,115,115
smoke,1006,40,40,1.0,3135,33.01052631578948,40,1357,1778,0.4328548644338118,1778,1357,0,2182,953,83,6,0.0019138755980861245,9.724053680782102,22.66660842777526,3626,1.1566188197767144,2554496,814.831259968102,115,115
smoke,1006,40,40,2.0,3135,33.01052631578948,40,1876,1259,0.5984051036682616,1259,1876,0,2203,932,65,10,0.003189792663476874,6.964306863185216,21.98241951387913,2567,0.8188197767145136,1812992,578.3068580542265,115,115
smoke,1006,40,40,5.0,3135,33.01052631578948,40,2410,725,0.7687400318979266,725,2410,0,2232,903,68,29,0.009250398724082934,4.1173558705221405,20.04519066864603,1480,0.47208931419457734,1041920,332.35087719298247,115,115
smoke,1006,40,40,10.0,3135,33.01052631578948,40,2670,465,0.8516746411483254,465,2670,0,2271,864,60,75,0.023923444976076555,2.655255294703183,18.103564268186286,947,0.30207336523126,665344,212.23094098883573,115,115
smoke,1006,40,40,30.0,3135,33.01052631578948,40,2893,242,0.9228070175438596,242,2893,0,2392,743,50,186,0.05933014354066986,1.5345571896368106,15.346330432861405,491,0.15661881977671452,346112,110.40255183413078,115,115
smoke,1007,40,40,0.0,3123,32.88421052631579,40,0,3123,0.0,3123,0,0,2363,760,68,0,0.0,16.859198371939762,24.280339545737917,6355,2.0349023374959976,4468992,1430.9932756964458,117,117
smoke,1007,40,40,1.0,3123,32.88421052631579,40,1343,1780,0.43003522254242715,1780,1343,0,2372,751,64,7,0.002241434518091579,9.781045355261217,22.774235319069717,3617,1.1581812359910342,2547712,815.7899455651617,117,117
smoke,1007,40,40,2.0,3123,32.88421052631579,40,1859,1264,0.5952609670188921,1264,1859,0,2370,753,69,8,0.002561639449247518,6.972885173853953,22.00184702243177,2582,0.8267691322446366,1815936,581.4716618635927,117,117
smoke,1007,40,40,5.0,3123,32.88421052631579,40,2395,728,0.7668908101184758,728,2395,0,2401,722,59,32,0.010246557796990073,4.112837481976521,20.163375987637256,1491,0.47742555235350626,1046528,335.1034261927634,117,117
smoke,1007,40,40,10.0,3123,32.88421052631579,40,2651,472,0.8488632724943964,472,2651,0,2429,694,73,68,0.021773935318603905,2.760258855336003,18.72217066823366,956,0.30611591418507844,672128,215.21869996797952,117,117
smoke,1007,40,40,30.0,3123,32.88421052631579,40,2868,255,0.9183477425552353,255,2868,0,2557,566,59,191,0.061159141850784506,1.5922475192154961,15.247795751716604,517,0.16554594940762088,364416,116.68780019212296,117,117
smoke,1008,40,40,0.0,3115,32.85263157894737,40,0,3115,0.0,3115,0,0,2388,727,74,0,0.0,16.949749870546075,24.2357475276826,6378,2.0475120385232746,4487424,1440.5855537720706,118,118
smoke,1008,40,40,1.0,3115,32.85263157894737,40,1285,1830,0.41252006420545745,1830,1285,0,2397,718,71,4,0.0012841091492776886,9.981997849789979,22.825751650282196,3726,1.196147672552167,2625792,842.9508828250401,118,118
smoke,1008,40,40,2.0,3115,32.85263157894737,40,1797,1318,0.5768860353130016,1318,1797,0,2398,717,64,6,0.0019261637239165329,7.342491246452254,22.137370596173152,2693,0.8645264847512039,1898112,609.345746388443,118,118
smoke,1008,40,40,5.0,3115,32.85263157894737,40,2344,771,0.7524879614767255,771,2344,0,2407,708,72,18,0.005778491171749599,4.464359819136523,20.94754326655774,1576,0.5059390048154093,1105024,354.74285714285713,118,118
smoke,1008,40,40,10.0,3115,32.85263157894737,40,2623,492,0.8420545746388443,492,2623,0,2450,665,61,49,0.015730337078651686,2.8767442895312976,18.777027572970415,1000,0.32102728731942215,702208,225.4279293739968,118,118
smoke,1008,40,40,30.0,3115,32.85263157894737,40,2855,260,0.9165329052969502,260,2855,0,2581,534,51,176,0.0565008025682183,1.6649642340065804,15.848263380804879,530,0.17014446227929375,374016,120.069341894061,118,118
smoke,1009,40,40,0.0,3143,33.09473684210526,40,0,3143,0.0,3143,0,0,2346,797,57,0,0.0,16.93363601936822,24.036113672191206,6408,2.038816417435571,4507648,1434.186446070633,116,116
smoke,1009,40,40,1.0,3143,33.09473684210526,40,1344,1799,0.42761692650334077,1799,1344,0,2338,805,70,5,0.001590836780146357,9.716045792241983,22.825463712308647,3664,1.1657651924912504,2579456,820.6986955138403,116,116
smoke,1009,40,40,2.0,3143,33.09473684210526,40,1865,1278,0.5933821189945911,1278,1865,0,2331,812,78,3,0.0009545020680878142,7.073116807353817,21.893030779528996,2614,0.8316894686605154,1841152,585.7944638880051,116,116
smoke,1009,40,40,5.0,3143,33.09473684210526,40,2403,740,0.7645561565383392,740,2403,0,2356,787,69,23,0.007317849188673242,4.225416910218879,20.495148968308285,1513,0.4813872096722876,1063808,338.46897868278717,116,116
smoke,1009,40,40,10.0,3143,33.09473684210526,40,2677,466,0.8517340120903595,466,2677,0,2387,756,61,50,0.01590836780146357,2.7033641999201232,18.719215520826864,952,0.3028953229398664,665728,211.81291759465478,116,116
smoke,1009,40,40,30.0,3143,33.09473684210526,40,2884,259,0.9175946547884187,259,2884,0,2529,614,63,188,0.059815462933503025,1.6286706781408098,15.732268230793483,527,0.16767419662742603,370560,117.9000954502068,116,116
smoke,1010,40,40,0.0,3113,32.77894736842105,40,0,3113,0.0,3113,0,0,2426,687,70,0,0.0,16.805125995934233,23.858258202963604,6347,2.03886925795053,4466944,1434.932219723739,118,118
smoke,1010,40,40,1.0,3113,32.77894736842105,40,1291,1822,0.41471249598458076,1822,1291,0,2430,683,71,4,0.00128493414712496,9.980633758717515,22.481578015174353,3713,1.192740122068744,2616192,840.4086090587857,118,118
smoke,1010,40,40,2.0,3113,32.77894736842105,40,1801,1312,0.5785415997430132,1312,1801,0,2444,669,63,8,0.00256986829424992,7.300737000225276,21.89830768064453,2685,0.8625120462576293,1889792,607.0645679408931,118,118
smoke,1010,40,40,5.0,3113,32.77894736842105,40,2336,777,0.7504015419209765,777,2336,0,2458,655,63,26,0.008352071956312239,4.4339088979989425,20.466764563857964,1586,0.5094763893350466,1114752,358.0957275939608,118,118
smoke,1010,40,40,10.0,3113,32.77894736842105,40,2625,488,0.8432380340507549,488,2625,0,2471,642,56,34,0.01092194025056216,2.8632237232528004,18.76148890113569,997,0.3202698361708962,700544,225.03822679087696,118,118
smoke,1010,40,40,30.0,3113,32.77894736842105,40,2859,254,0.918406681657565,254,2859,0,2582,531,53,142,0.04561516222293607,1.609132449399665,15.649042202866779,518,0.1663989720526823,364672,117.14487632508833,118,118
smoke,1001,60,60,0.0,4167,43.873684210526314,60,0,4167,0.0,4167,0,0,3225,942,81,0,0.0,16.89901024571541,24.171062518428954,8518,2.0441564674826016,6005632,1441.2363810895129,179,179
smoke,1001,60,60,1.0,4167,43.873684210526314,60,1573,2594,0.37748980081593475,2594,1573,0,3231,936,81,7,0.00167986561075114,10.623516567729837,23.025239030267386,5287,1.2687784977201824,3714432,891.3923686105112,179,179
smoke,1001,60,60,2.0,4167,43.873684210526314,60,2255,1912,0.5411567074634029,1912,2255,0,3233,934,89,13,0.0031197504199664025,7.949464899336605,22.553472429922646,3920,0.9407247420206384,2763264,663.130309575234,179,179
smoke,1001,60,60,5.0,4167,43.873684210526314,60,3037,1130,0.7288216942644589,1130,3037,0,3258,909,87,39,0.009359251259899209,4.765703862974292,20.699902239022094,2301,0.5521958243340532,1623040,389.49844012479,179,179
smoke,1001,60,60,10.0,4167,43.873684210526314,60,3450,717,0.827933765298776,717,3450,0,3290,877,82,67,0.016078713702903768,3.098479415652016,19.313741772373124,1463,0.35109191264698825,1030400,247.2762179025678,179,179
smoke,1001,60,60,30.0,4167,43.873684210526314,60,3778,389,0.9066474682025438,389,3778,0,3494,673,91,276,0.06623470122390208,1.8359733002496754,16.764709284774426,792,0.1900647948164147,557568,133.80561555075593,179,179
smoke,1002,60,60,0.0,4175,43.95789473684211,60,0,4175,0.0,4175,0,0,3247,928,85,0,0.0,16.95932556447195,24.13566081307792,8532,2.0435928143712574,6008320,1439.1185628742514,176,176
smoke,1002,60,60,1.0,4175,43.95789473684211,60,1684,2491,0.40335329341317366,2491,1684,0,3267,908,82,4,0.0009580838323353293,10.277980763404285,23.210241553656264,5085,1.2179640718562874,3577600,856.9101796407185,176,176
smoke,1002,60,60,2.0,4175,43.95789473684211,60,2350,1825,0.562874251497006,1825,2350,0,3274,901,75,14,0.0033532934131736527,7.5538300721982194,22.18269927212475,3720,0.8910179640718563,2626944,629.2081437125748,176,176
smoke,1002,60,60,5.0,4175,43.95789473684211,60,3110,1065,0.7449101796407186,1065,3110,0,3285,890,84,36,0.008622754491017964,4.503967437122052,20.46091478180116,2174,0.5207185628742514,1528704,366.1566467065868,176,176
smoke,1002,60,60,10.0,4175,43.95789473684211,60,3488,687,0.8354491017964072,687,3488,0,3331,844,75,73,0.01748502994011976,2.961223385973045,18.711982480899522,1400,0.33532934131736525,987392,236.50107784431137,176,176
smoke,1002,60,60,30.0,4175,43.95789473684211,60,3802,373,0.9106586826347305,373,3802,0,3482,693,80,229,0.05485029940119761,1.7790484141580747,16.815932628966824,772,0.18491017964071857,543488,130.17676646706587,176,176
smoke,1003,60,60,0.0,4150,43.694736842105264,60,0,4150,0.0,4150,0,0,3282,868,73,0,0.0,16.860530459433484,24.098857063284022,8473,2.041686746987952,5956480,1435.2963855421688,184,184
smoke,1003,60,60,1.0,4150,43.694736842105264,60,1708,2442,0.41156626506024097,2442,1708,0,3278,872,89,6,0.0014457831325301205,10.021670714375325,22.75979541503936,4992,1.2028915662650603,3511680,846.187951807229,184,184
smoke,1003,60,60,2.0,4150,43.694736842105264,60,2372,1778,0.571566265060241,1778,2372,0,3291,859,78,14,0.0033734939759036144,7.421855527791703,22.201117462246238,3632,0.8751807228915662,2555136,615.695421686747,184,184
smoke,1003,60,60,5.0,4150,43.694736842105264,60,3102,1048,0.7474698795180723,1048,3102,0,3305,845,95,33,0.007951807228915662,4.4350505351783385,20.50733820554189,2135,0.5144578313253012,1503488,362.28626506024096,184,184
smoke,1003,60,60,10.0,4150,43.694736842105264,60,3482,668,0.8390361445783132,668,3482,0,3308,842,87,35,0.008433734939759036,2.893661569214653,18.417513567771238,1365,0.3289156626506024,961408,231.664578313253,184,184
smoke,1003,60,60,30.0,4150,43.694736842105264,60,3772,378,0.9089156626506024,378,3772,0,3467,683,79,189,0.0455421686746988,1.7963915977927878,16.665087878977225,775,0.18674698795180722,544256,131.14602409638553,184,184
smoke,1004,60,60,0.0,4180,44.01052631578948,60,0,4180,0.0,4180,0,0,3365,815,90,0,0.0,17.035557843013393,24.242795122297515,8545,2.0442583732057416,6017024,1439.4794258373206,177,177
smoke,1004,60,60,1.0,4180,44.01052631578948,60,1657,2523,0.3964114832535885,2523,1657,0,3382,798,73,5,0.0011961722488038277,10.409382192554071,23.266305692704485,5162,1.2349282296650719,3639424,870.6755980861244,177,177
smoke,1004,60,60,2.0,4180,44.01052631578948,60,2344,1836,0.5607655502392345,1836,2344,1,3389,791,79,14,0.0033492822966507177,7.5861045945305,22.19557264895755,3755,0.8983253588516746,2650240,634.0287081339712,177,177
smoke,1004,60,60,5.0,4180,44.01052631578948,60,3101,1079,0.741866028708134,1079,3101,0,3398,782,85,32,0.007655502392344498,4.554477096933755,20.656343158462676,2203,0.5270334928229665,1553152,371.56746411483255,177,177
smoke,1004,60,60,10.0,4180,44.01052631578948,60,3494,686,0.8358851674641148,686,3494,0,3427,753,71,44,0.010526315789473684,3.002172802792549,19.274752025919632,1404,0.33588516746411484,986624,236.03444976076554,177,177
smoke,1004,60,60,30.0,4180,44.01052631578948,60,3804,376,0.9100478468899521,376,3804,0,3537,643,86,167,0.03995215311004785,1.7712856432781423,16.487871364477495,773,0.18492822966507177,541952,129.65358851674642,177,177
smoke,1005,60,60,0.0,4190,44.11578947368421,60,0,4190,0.0,4190,0,0,3053,1137,89,0,0.0,16.9562230405289,24.347884802173585,8559,2.04272076372315,6036736,1440.748448687351,174,174
smoke,1005,60,60,1.0,4190,44.11578947368421,60,1615,2575,0.3854415274463007,2575,1615,1,3071,1119,80,6,0.001431980906921241,10.512545941371066,22.883887596785257,5269,1.2575178997613365,3713408,886.254892601432,174,174
smoke,1005,60,60,2.0,4190,44.11578947368421,60,2290,1900,0.5465393794749404,1900,2290,0,3076,1114,79,10,0.002386634844868735,7.842986596811357,22.273547010631486,3864,0.9221957040572792,2716672,648.3704057279236,174,174
smoke,1005,60,60,5.0,4190,44.11578947368421,60,3079,1111,0.7348448687350835,1111,3079,0,3082,1108,85,32,0.0076372315035799524,4.676049992413184,20.607477278370823,2266,0.5408114558472553,1594368,380.5174224343675,174,174
smoke,1005,60,60,10.0,4190,44.11578947368421,60,3479,711,0.830310262529833,711,3479,0,3122,1068,81,65,0.015513126491646777,3.096375314374509,19.16555149166114,1451,0.3463007159904535,1021056,243.68878281622912,174,174
smoke,1005,60,60,30.0,4190,44.11578947368421,60,3801,389,0.9071599045346062,389,3801,0,3239,951,109,200,0.0477326968973747,1.818047957556546,16.697732013761517,796,0.1899761336515513,561280,133.95704057279235,174,174
smoke,1006,60,60,0.0,4202,44.242105263157896,60,0,4202,0.0,4202,0,0,3386,816,79,0,0.0,16.778961954656783,24.116426163945448,8580,2.0418848167539267,6039424,1437.2736792003807,175,175
smoke,1006,60,60,1.0,4202,44.242105263157896,60,1729,2473,0.4114707282246549,2473,1729,0,3376,826,93,5,0.0011899095668729176,10.03932310347145,22.643654476680904,5034,1.1980009519276535,3548416,844.4588291289862,175,175
smoke,1006,60,60,2.0,4202,44.242105263157896,60,2442,1760,0.581151832460733,1760,2442,0,3390,812,71,9,0.002141837220371252,7.222154896416935,22.005654247480066,3588,0.8538791051880057,2532224,602.6235126130414,175,175
smoke,1006,60,60,5.0,4202,44.242105263157896,60,3174,1028,0.7553545930509281,1028,3174,0,3392,810,92,24,0.005711565920990005,4.318722791197248,20.228801662457307,2096,0.4988100904331271,1476480,351.37553545930507,175,175
smoke,1006,60,60,10.0,4202,44.242105263157896,60,3545,657,0.8436458829128987,657,3545,0,3438,764,83,62,0.014754878629224179,2.8092813319969814,18.281612079071152,1342,0.3193717277486911,942976,224.41123274631127,175,175
smoke,1006,60,60,30.0,4202,44.242105263157896,60,3832,370,0.9119466920514041,370,3832,0,3584,618,83,208,0.04950023798191337,1.7170753502402045,16.259120005246064,751,0.17872441694431224,529152,125.92860542598763,175,175
smoke,1007,60,60,0.0,4229,44.526315789473685,60,0,4229,0.0,4229,0,0,3392,837,85,0,0.0,16.80698414254164,24.12307530345288,8608,2.0354693781035706,6055552,1431.9110900922203,180,180
smoke,1007,60,60,1.0,4229,44.526315789473685,60,1721,2508,0.40695199810829985,2508,1721,0,3403,826,75,5,0.0011823126034523528,10.155925079515107,22.76938346748789,5104,1.2069047056041617,3596800,850.5083944194845,180,180
smoke,1007,60,60,2.0,4229,44.526315789473685,60,2416,1813,0.5712934499881769,1813,2416,0,3398,831,93,13,0.0030740127689761173,7.382176104065869,22.16662218623497,3707,0.8765665641995743,2609280,616.9969259872311,180,180
smoke,1007,60,60,5.0,4229,44.526315789473685,60,3171,1058,0.7498226531094822,1058,3171,0,3435,794,75,35,0.00827618822416647,4.38144797441234,20.343230581535106,2164,0.5117048947741782,1519872,359.3927642468669,180,180
smoke,1007,60,60,10.0,4229,44.526315789473685,60,3550,679,0.8394419484511705,679,3550,0,3466,763,89,70,0.01655237644833294,2.920552991852311,19.243745790834762,1381,0.3265547410735398,969088,229.15299125088674,180,180
smoke,1007,60,60,30.0,4229,44.526315789473685,60,3842,387,0.9084890044927879,387,3842,0,3554,675,101,174,0.04114447860014188,1.748477498412297,16.081467677643957,784,0.18538661622132893,551040,130.3003074012769,180,180
smoke,1008,60,60,0.0,4149,43.72631578947368,60,0,4149,0.0,4149,0,0,3371,778,96,0,0.0,16.990832588498222,24.25627305259752,8492,2.046758255001205,5976576,1440.4859002169198,182,182
smoke,1008,60,60,1.0,4149,43.72631578947368,60,1666,2483,0.40154254037117376,2483,1666,0,3386,763,76,3,0.0007230657989877079,10.210295240382983,22.953466926375654,5055,1.2183658712942878,3560064,858.053506869125,182,182
smoke,1008,60,60,2.0,4149,43.72631578947368,60,2333,1816,0.5623041696794409,1816,2333,0,3393,756,70,7,0.0016871535309713184,7.6106031492685755,22.28583398536159,3713,0.8949144372137865,2617088,630.7756085803808,182,182
smoke,1008,60,60,5.0,4149,43.72631578947368,60,3089,1060,0.7445167510243432,1060,3089,0,3392,757,78,10,0.002410219329959026,4.5876197443586255,20.88136065618853,2164,0.5215714630031333,1521664,366.75439865027715,182,182
smoke,1008,60,60,10.0,4149,43.72631578947368,60,3461,688,0.834176910098819,688,3461,0,3411,738,92,40,0.009640877319836105,3.015510773435882,19.209270458907916,1400,0.3374307061942637,983808,237.11930585683297,182,182
smoke,1008,60,60,30.0,4149,43.72631578947368,60,3785,364,0.9122680163894914,364,3785,0,3548,601,65,155,0.03735839961436491,1.7392093579682235,16.237896971182405,744,0.17932031814895155,526464,126.88937093275489,182,182
smoke,1009,60,60,0.0,4199,44.21052631578947,60,0,4199,0.0,4199,0,0,3306,893,76,0,0.0,17.00742586828192,24.15624198715207,8575,2.042152893546082,6036352,1437.5689449869017,176,176
smoke,1009,60,60,1.0,4199,44.21052631578947,60,1728,2471,0.41152655394141463,2471,1728,1,3289,910,103,7,0.0016670635865682305,10.014572706124873,22.908953006606225,5035,1.1990950226244343,3542400,843.6294355799,176,176
smoke,1009,60,60,2.0,4199,44.21052631578947,60,2440,1759,0.5810907358894974,1759,2440,0,3304,895,84,8,0.0019052155275065491,7.267585773439167,22.013570203377597,3597,0.8566325315551322,2535424,603.8161467015956,176,176
smoke,1009,60,60,5.0,4199,44.21052631578947,60,3160,1039,0.752560133365087,1039,3160,0,3329,870,81,29,0.00690640628721124,4.40347745328862,20.69599403922524,2122,0.5053584186711122,1493888,355.772326744463,176,176
smoke,1009,60,60,10.0,4199,44.21052631578947,60,3530,669,0.8406763515122648,669,3530,0,3361,838,81,65,0.015479876160990712,2.8891877980548584,18.92294290797878,1368,0.3257918552036199,960384,228.71731364610622,176,176
smoke,1009,60,60,30.0,4199,44.21052631578947,60,3829,370,0.9118837818528222,370,3829,0,3513,686,81,209,0.049773755656108594,1.704776944459151,16.10046841565378,754,0.17956656346749225,529920,126.20147654203382,176,176
smoke,1010,60,60,0.0,4137,43.55789473684211,60,0,4137,0.0,4137,0,0,3339,798,76,0,0.0,16.814510794137654,23.884905016163312,8444,2.041092579163645,5943680,1436.7125936669083,185,185
smoke,1010,60,60,1.0,4137,43.55789473684211,60,1638,2499,0.39593908629441626,2499,1638,0,3333,804,89,1,0.00024172105390379503,10.28104570869812,22.66983903377877,5100,1.2327773749093547,3588608,867.44210780759,185,185
smoke,1010,60,60,2.0,4137,43.55789473684211,60,2307,1830,0.5576504713560552,1830,2307,0,3336,801,90,7,0.001692047377326565,7.604214614662839,21.96703800173907,3743,0.9047619047619048,2633728,636.6275078559343,185,185
smoke,1010,60,60,5.0,4137,43.55789473684211,60,3054,1083,0.73821609862219,1083,3054,0,3347,790,90,24,0.005801305293691081,4.652959199842873,20.756504887266654,2214,0.5351704133430022,1554176,375.6770606719845,185,185
smoke,1010,60,60,10.0,4137,43.55789473684211,60,3451,686,0.8341793570219966,686,3451,0,3390,747,71,52,0.012569494802997341,2.997186994621312,18.990996002844433,1403,0.3391346386270244,990848,239.50882281846748,185,185
smoke,1010,60,60,30.0,4137,43.55789473684211,60,3767,370,0.9105632100555958,370,3767,0,3502,635,57,151,0.03649987913947305,1.748476328911017,16.241565453307768,756,0.18274111675126903,533120,128.8663282571912,185,185
smoke,1001,80,80,0.0,4868,51.252631578947366,80,0,4868,0.0,4868,0,0,3998,870,93,0,0.0,16.898669145545284,24.071972775914258,9951,2.044165981922761,7013120,1440.6573541495482,242,242
smoke,1001,80,80,1.0,4868,51.252631578947366,80,1855,3013,0.3810599835661463,3013,1855,0,3985,883,113,5,0.001027115858668858,10.575668366496869,22.99298962443749,6148,1.2629416598192276,4319232,887.2703368940016,242,242
smoke,1001,80,80,2.0,4868,51.252631578947366,80,2610,2258,0.5361544782251438,2258,2610,0,3988,880,107,11,0.0022596548890714873,8.049788736051347,22.593839053973127,4623,0.9496713229252259,3257728,669.2128184059162,242,242
smoke,1001,80,80,5.0,4868,51.252631578947366,80,3534,1334,0.7259654889071487,1334,3534,0,4020,848,98,27,0.005546425636811832,4.815644222055315,20.773088950387116,2717,0.5581347576006573,1914112,393.202958093673,242,242
smoke,1001,80,80,10.0,4868,51.252631578947366,80,4000,868,0.8216926869350862,868,4000,0,4069,799,89,68,0.013968775677896467,3.2000395065634795,19.393391726231705,1773,0.36421528348397697,1249536,256.68364831553,242,242
smoke,1001,80,80,30.0,4868,51.252631578947366,80,4402,466,0.9042728019720625,466,4402,0,4215,653,97,224,0.04601479046836483,1.8749072226832229,16.90201047405587,950,0.195152013147083,669696,137.57107641741987,242,242
smoke,1002,80,80,0.0,4873,51.305263157894736,80,0,4873,0.0,4873,0,0,3939,934,81,0,0.0,16.927910602616524,24.088502754517545,9958,2.0435050277036733,7014016,1439.3630207264519,237,237
smoke,1002,80,80,1.0,4873,51.305263157894736,80,1886,2987,0.3870305766468295,2987,1886,0,3916,957,107,4,0.0008208495793145906,10.568509270418607,23.280505421801934,6098,1.2513851836650933,4290304,880.4235583829263,237,237
smoke,1002,80,80,2.0,4873,51.305263157894736,80,2696,2177,0.553252616458034,2177,2696,0,3956,917,75,12,0.002462548737943772,7.68993911602833,22.175934182047282,4441,0.9113482454340243,3134080,643.152062384568,237,237
smoke,1002,80,80,5.0,4873,51.305263157894736,80,3585,1288,0.7356864354607018,1288,3585,0,3942,931,99,28,0.005745947055202134,4.655166585106104,20.475924232137285,2625,0.5386825364252,1846656,378.95670018469116,237,237
smoke,1002,80,80,10.0,4873,51.305263157894736,80,4049,824,0.8309049866611944,824,4049,0,4016,857,87,82,0.016827416375949106,3.0496921023651224,18.839589682399094,1683,0.345372460496614,1187072,243.60188795403243,237,237
smoke,1002,80,80,30.0,4873,51.305263157894736,80,4410,463,0.9049866611943361,463,4410,0,4161,712,107,250,0.05130309870716191,1.8668972172339893,17.10371228967062,955,0.19597783706135852,671872,137.87646213831314,237,237
smoke,1003,80,80,0.0,4841,50.96842105263158,80,0,4841,0.0,4841,0,0,4048,793,96,0,0.0,16.885288332356808,24.177595481631897,9889,2.0427597603800867,6953344,1436.3445569097294,244,244
smoke,1003,80,80,1.0,4841,50.96842105263158,80,1968,2873,0.4065275769469118,2873,1968,0,4067,774,86,6,0.0012394133443503407,10.109788672905687,22.80445843145884,5870,1.2125593885560835,4131584,853.4567238173931,244,244
smoke,1003,80,80,2.0,4841,50.96842105263158,80,2729,2112,0.56372650278868,2112,2729,0,4048,793,110,14,0.0028919644701507954,7.542688715040054,22.2144544299141,4308,0.8898987812435447,3030144,625.9334848171866,244,244
smoke,1003,80,80,5.0,4841,50.96842105263158,80,3608,1233,0.745300557736005,1233,3608,0,4077,764,94,27,0.005577360049576534,4.465693694521712,20.46930774606892,2512,0.5189010535013427,1767552,365.1212559388556,244,244
smoke,1003,80,80,10.0,4841,50.96842105263158,80,4025,816,0.8314397851683536,816,4025,0,4112,729,88,57,0.011774426771328238,3.020096966904226,18.70833091665247,1668,0.34455690972939473,1176960,243.12332162776286,244,244
smoke,1003,80,80,30.0,4841,50.96842105263158,80,4387,454,0.9062177236108242,454,4387,0,4274,567,87,216,0.04461888039661227,1.850917499391238,16.962985280244425,928,0.19169593059285273,651520,134.583763685189,244,244
smoke,1004,80,80,0.0,4875,51.32631578947368,80,0,4875,0.0,4875,0,0,4037,838,101,0,0.0,17.065855778547338,24.438257303518185,9961,2.043282051282051,7008512,1437.6434871794872,244,244
smoke,1004,80,80,1.0,4875,51.32631578947368,80,1880,2995,0.38564102564102565,2995,1880,0,4050,825,88,4,0.0008205128205128205,10.576140017260434,23.261451922854803,6123,1.256,4312832,884.6834871794872,244,244
smoke,1004,80,80,2.0,4875,51.32631578947368,80,2691,2184,0.552,2184,2691,1,4067,808,79,14,0.002871794871794872,7.695268006559267,22.180047901170582,4467,0.9163076923076923,3151488,646.459076923077,244,244
smoke,1004,80,80,5.0,4875,51.32631578947368,80,3580,1295,0.7343589743589743,1295,3580,0,4066,809,103,30,0.006153846153846154,4.685455026293453,20.819818189217187,2646,0.5427692307692308,1865472,382.6609230769231,244,244
smoke,1004,80,80,10.0,4875,51.32631578947368,80,4031,844,0.8268717948717949,844,4031,0,4093,782,94,51,0.010461538461538461,3.1641035839086697,19.358183410948726,1726,0.35405128205128206,1215104,249.25210256410256,244,244
smoke,1004,80,80,30.0,4875,51.32631578947368,80,4394,481,0.9013333333333333,481,4394,0,4219,656,114,189,0.03876923076923077,1.9156834494696784,16.870981890305718,988,0.20266666666666666,693760,142.3097435897436,244,244
smoke,1005,80,80,0.0,4876,51.33684210526316,80,0,4876,0.0,4876,0,0,3870,1006,101,0,0.0,16.937610923800534,24.394372846881396,9955,2.0416324856439703,7019520,1439.6062346185397,233,233
smoke,1005,80,80,1.0,4876,51.33684210526316,80,1840,3036,0.37735849056603776,3036,1840,1,3858,1018,120,5,0.001025430680885972,10.625575979465557,23.021128191254547,6208,1.273174733388023,4377600,897.7850697292863,233,233
smoke,1005,80,80,2.0,4876,51.33684210526316,80,2651,2225,0.5436833470057424,2225,2651,0,3876,1000,97,7,0.001435602953240361,7.9020818442089755,22.312856902228617,4522,0.9273995077932732,3179904,652.1542247744053,233,233
smoke,1005,80,80,5.0,4876,51.33684210526316,80,3551,1325,0.7282608695652174,1325,3551,0,3895,981,99,26,0.005332239540607055,4.809107889172706,20.75356861494182,2707,0.5551681706316653,1901696,390.01148482362595,233,233
smoke,1005,80,80,10.0,4876,51.33684210526316,80,4028,848,0.8260869565217391,848,4028,0,3908,968,94,38,0.007793273174733388,3.1642926393765203,19.330207151661227,1731,0.35500410172272356,1218176,249.83100902379,233,233
smoke,1005,80,80,30.0,4876,51.33684210526316,80,4419,457,0.9062756357670222,457,4419,0,4034,842,98,156,0.03199343724364233,1.8368649981081908,16.799407170234204,938,0.19237079573420837,662144,135.79655455291223,233,233
smoke,1006,80,80,0.0,4914,51.73684210526316,80,0,4914,0.0,4914,0,0,4071,843,106,0,0.0,16.783282395706898,24.134458324286356,10030,2.041107041107041,7058432,1436.3923483923484,243,243
smoke,1006,80,80,1.0,4914,51.73684210526316,80,1992,2922,0.4053724053724054,2922,1992,0,4079,835,95,5,0.0010175010175010174,10.109550452554851,22.61860595785414,5952,1.2112332112332111,4198272,854.3492063492064,243,243
smoke,1006,80,80,2.0,4914,51.73684210526316,80,2801,2113,0.57000407000407,2113,2801,0,4081,833,103,9,0.0018315018315018315,7.404187326235885,22.067037883143925,4310,0.877085877085877,3039616,618.5624745624746,243,243
smoke,1006,80,80,5.0,4914,51.73684210526316,80,3664,1250,0.7456247456247457,1250,3664,0,4095,819,101,24,0.004884004884004884,4.473894381281416,20.265408795610526,2548,0.5185185185185185,1793792,365.037037037037,243,243
smoke,1006,80,80,10.0,4914,51.73684210526316,80,4100,814,0.8343508343508343,814,4100,0,4139,775,100,60,0.01221001221001221,2.9777834112292183,18.6397841782672,1665,0.33882783882783885,1168128,237.71428571428572,243,243
smoke,1006,80,80,30.0,4914,51.73684210526316,80,4455,459,0.9065934065934066,459,4455,0,4268,646,105,194,0.03947903947903948,1.80173667965515,16.381928246066103,933,0.18986568986568986,657280,133.75661375661375,243,243
smoke,1007,80,80,0.0,4959,52.21052631578947,80,0,4959,0.0,4959,0,0,4233,726,109,0,0.0,16.806247513360063,24.10085380767164,10101,2.0369026013309135,7106176,1432.985682597298,239,239
smoke,1007,80,80,1.0,4959,52.21052631578947,80,1967,2992,0.3966525509175237,2992,1967,0,4244,715,100,4,0.0008066142367412785,10.333127803576515,22.946073852182263,6094,1.2288767896753379,4292864,865.6713046985279,239,239
smoke,1007,80,80,2.0,4959,52.21052631578947,80,2791,2168,0.562815083686227,2168,2791,0,4266,693,83,9,0.0018148820326678765,7.515782266429062,22.154514402474476,4436,0.8945351885460778,3120256,629.2107279693487,239,239
smoke,1007,80,80,5.0,4959,52.21052631578947,80,3676,1283,0.741278483565235,1283,3676,0,4267,692,105,22,0.004436378302077031,4.546191435289985,20.573923585676113,2624,0.5291389393022787,1843712,371.791086912684,239,239
smoke,1007,80,80,10.0,4959,52.21052631578947,80,4128,831,0.8324258923169994,831,4128,0,4301,658,98,58,0.011695906432748537,3.0349286721514788,19.376347164429575,1694,0.3416011292599314,1189888,239.9451502319016,239,239
smoke,1007,80,80,30.0,4959,52.21052631578947,80,4497,462,0.9068360556563824,462,4497,0,4397,562,102,153,0.030852994555353903,1.769930026411434,16.32373998408808,935,0.18854607783827385,656896,132.46541641459973,239,239
smoke,1008,80,80,0.0,4823,50.82105263157895,80,0,4823,0.0,4823,0,0,4151,672,88,0,0.0,16.933875104890177,24.18683708676639,9867,2.045822102425876,6942336,1439.422765913332,245,245
smoke,1008,80,80,1.0,4823,50.82105263157895,80,1894,2929,0.39270163798465685,2929,1894,0,4164,659,87,5,0.0010366991499066972,10.371699397629008,23.062687763469103,5970,1.2378187849885962,4205568,871.9817540949616,245,245
smoke,1008,80,80,2.0,4823,50.82105263157895,80,2687,2136,0.557122123159859,2136,2687,0,4160,663,93,5,0.0010366991499066972,7.69517570590667,22.262031793272282,4364,0.9048310180385652,3076736,637.9299191374663,245,245
smoke,1008,80,80,5.0,4823,50.82105263157895,80,3558,1265,0.7377151150736057,1265,3558,0,4171,652,97,21,0.0043541364296081275,4.675357909416166,20.802836371575488,2581,0.5351441011818371,1815680,376.46278250051836,245,245
smoke,1008,80,80,10.0,4823,50.82105263157895,80,4002,821,0.8297739995853204,821,4002,0,4211,612,84,47,0.009744972009122952,3.0873289301274665,19.290170401000495,1668,0.34584283640887414,1172480,243.10180385652083,245,245
smoke,1008,80,80,30.0,4823,50.82105263157895,80,4360,463,0.9040016587186398,463,4360,0,4262,561,110,126,0.026124818577648767,1.8571773432653291,16.563916099681812,944,0.19572879950238442,667264,138.35040431266847,245,245
smoke,1009,80,80,0.0,4913,51.72631578947368,80,0,4913,0.0,4913,0,0,3986,927,104,0,0.0,16.998774533452455,24.08317098283845,10027,2.0409118664766943,7056768,1436.3460207612457,239,239
smoke,1009,80,80,1.0,4913,51.72631578947368,80,1965,2948,0.39995929167514754,2948,1965,1,3990,923,102,7,0.0014247913698351314,10.20503141984787,22.921031475225103,6009,1.223081620191329,4230784,861.1406472623652,239,239
smoke,1009,80,80,2.0,4913,51.72631578947368,80,2795,2118,0.5688988398127417,2118,2795,0,4010,903,85,14,0.0028495827396702628,7.46361220431341,22.061836739413817,4334,0.8821493995522084,3056512,622.1274170567881,239,239
smoke,1009,80,80,5.0,4913,51.72631578947368,80,3648,1265,0.7425198453083656,1265,3648,0,4022,891,87,29,0.005902707103602686,4.564551996908733,20.764401462049847,2583,0.5257480154691635,1817088,369.85304294728274,239,239
smoke,1009,80,80,10.0,4913,51.72631578947368,80,4082,831,0.8308569102381437,831,4082,0,4055,858,108,83,0.016893954813759413,3.0568483724955224,19.24701602291634,1697,0.34541013637288825,1193344,242.89517606350498,239,239
smoke,1009,80,80,30.0,4913,51.72631578947368,80,4450,463,0.9057602279666191,463,4450,0,4251,662,107,282,0.057398738041929576,1.8213749445206255,16.628531458155724,942,0.19173621005495625,663168,134.98229187868918,239,239
smoke,1010,80,80,0.0,4815,50.694736842105264,80,0,4815,0.0,4815,0,0,4153,662,93,0,0.0,16.879524959112533,23.957671420915013,9825,2.040498442367601,6912768,1435.6735202492212,245,245
smoke,1010,80,80,1.0,4815,50.694736842105264,80,1871,2944,0.3885773624091381,2944,1871,0,4141,674,117,1,0.00020768431983385254,10.424405955704115,22.79750365045743,6015,1.249221183800623,4230528,878.6143302180685,245,245
smoke,1010,80,80,2.0,4815,50.694736842105264,80,2658,2157,0.5520249221183801,2157,2658,0,4151,664,98,5,0.0010384215991692627,7.708602984962541,22.14540899043982,4410,0.9158878504672897,3102848,644.4128764278297,245,245
smoke,1010,80,80,5.0,4815,50.694736842105264,80,3540,1275,0.735202492211838,1275,3540,0,4178,637,83,21,0.004361370716510903,4.694142958253213,20.718589970145736,2599,0.5397715472481828,1824768,378.97570093457944,245,245
smoke,1010,80,80,10.0,4815,50.694736842105264,80,3969,846,0.8242990654205608,846,3969,0,4186,629,102,37,0.0076843198338525445,3.1629153688574916,19.228472263017697,1728,0.35887850467289717,1220096,253.39480789200417,245,245
smoke,1010,80,80,30.0,4815,50.694736842105264,80,4358,457,0.9050882658359294,457,4358,0,4276,539,85,117,0.024299065420560748,1.8372095287129597,16.423410558964243,934,0.19397715472481827,659328,136.93208722741434,245,245
smoke,1001,100,100,0.0,5233,55.09473684210526,100,0,5233,0.0,5233,0,0,4486,747,101,0,0.0,16.90564282873763,24.10907792948649,10697,2.0441429390407033,7536512,1440.1895662144086,305,305
smoke,1001,100,100,1.0,5233,55.09473684210526,100,1958,3275,0.37416395948786546,3275,1958,0,4500,733,92,4,0.0007643798968087139,10.688905021220894,23.006742320733046,6681,1.2767055226447543,4694016,897.002866424613,305,305
smoke,1001,100,100,2.0,5233,55.09473684210526,100,2797,2436,0.5344926428434932,2436,2797,0,4502,731,92,8,0.0015287597936174278,8.070908640765778,22.560183656092644,4984,0.9524173514236576,3512320,671.1866997897955,305,305
smoke,1001,100,100,5.0,5233,55.09473684210526,100,3764,1469,0.7192814828969998,1469,3764,0,4513,720,101,28,0.005350659277660997,4.940634406413683,20.860021693448516,2992,0.571756162812918,2109056,403.03000191094975,305,305
smoke,1001,100,100,10.0,5233,55.09473684210526,100,4284,949,0.8186508694821326,949,4284,0,4541,692,98,51,0.009745843684311103,3.2514521231071214,19.38761109772428,1938,0.3703420600038219,1367040,261.2344735333461,305,305
smoke,1001,100,100,30.0,5233,55.09473684210526,100,4702,531,0.8985285686986432,531,4702,0,4671,562,101,183,0.03497038027899866,1.9636473916792507,17.152728124663952,1084,0.20714695203516148,764032,146.00267532963883,305,305
smoke,1002,100,100,0.0,5227,55.03157894736842,100,0,5227,0.0,5227,0,0,4462,765,110,0,0.0,16.93306821357613,24.118447156720176,10684,2.0440022957719535,7524224,1439.4918691409987,292,292
smoke,1002,100,100,1.0,5227,55.03157894736842,100,2038,3189,0.38989860340539506,3189,2038,0,4452,775,122,4,0.0007652573177731012,10.53427680473991,23.291476728090288,6521,1.2475607422995982,4586752,877.5113832026019,292,292
smoke,1002,100,100,2.0,5227,55.03157894736842,100,2889,2338,0.5527070977616223,2338,2889,0,4454,773,127,8,0.0015305146355462024,7.687664223804546,22.161310884435892,4770,0.9125693514444232,3366144,643.9915821695045,292,292
smoke,1002,100,100,5.0,5227,55.03157894736842,100,3840,1387,0.7346470250621772,1387,3840,0,4481,746,101,20,0.003826286588865506,4.669902856784312,20.59465266460165,2827,0.5408456093361392,1987968,380.3267648746891,292,292
smoke,1002,100,100,10.0,5227,55.03157894736842,100,4329,898,0.8281997321599388,898,4329,0,4534,693,88,62,0.011861488425483069,3.098831438414815,18.96539157643033,1833,0.35067916586952363,1292672,247.30667687009756,292,292
smoke,1002,100,100,30.0,5227,55.03157894736842,100,4717,510,0.9024296919839296,510,4717,0,4616,611,93,148,0.028314520757604746,1.9104985496849363,17.327331889207183,1052,0.20126267457432562,740608,141.68892290032522,292,292
smoke,1003,100,100,0.0,5197,54.71578947368421,100,0,5197,0.0,5197,0,0,4376,821,104,0,0.0,16.89382011038661,24.179599293236716,10611,2.0417548585722534,7461632,1435.7575524340966,303,303
smoke,1003,100,100,1.0,5197,54.71578947368421,100,2054,3143,0.39522801616317105,3143,2054,0,4365,832,116,6,0.0011545122185876468,10.301662546263188,22.856344483440694,6416,1.2345583990763902,4515968,868.956705791803,303,303
smoke,1003,100,100,2.0,5197,54.71578947368421,100,2906,2291,0.5591687512026169,2291,2906,0,4392,805,99,14,0.0026938618433711755,7.611640678597183,22.212416130273027,4673,0.8991725995766788,3287552,632.5864922070425,303,303
smoke,1003,100,100,5.0,5197,54.71578947368421,100,3826,1371,0.7361939580527227,1371,3826,0,4394,803,116,29,0.005580142389840293,4.611356326324913,20.514574012351616,2793,0.5374254377525496,1965824,378.261304598807,303,303
smoke,1003,100,100,10.0,5197,54.71578947368421,100,4300,897,0.8274004233211468,897,4300,0,4431,766,103,58,0.011160284779680585,3.0930233683368176,18.80037080219097,1832,0.35251106407542815,1291520,248.5126034250529,303,303
smoke,1003,100,100,30.0,5197,54.71578947368421,100,4672,525,0.8989801808735809,525,4672,0,4576,621,107,214,0.0411776024629594,1.9724648061570635,17.426451129897202,1071,0.20608043101789494,751744,144.64960554165864,303,303
smoke,1004,100,100,0.0,5227,55.03157894736842,100,0,5227,0.0,5227,0,0,4461,766,105,0,0.0,17.04893311019121,24.374316411346797,10685,2.0441936101013964,7514624,1437.6552515783433,305,305
smoke,1004,100,100,1.0,5227,55.03157894736842,100,1973,3254,0.3774631719915822,3254,1973,0,4460,767,114,4,0.0007652573177731012,10.704690263743544,23.21962409609534,6646,1.2714750334800076,4680576,895.4612588482877,305,305
smoke,1004,100,100,2.0,5227,55.03157894736842,100,2868,2359,0.5486894968433136,2359,2868,1,4470,757,109,11,0.002104457623876028,7.761643912253779,22.17727175699835,4824,0.92290032523436,3400576,650.5789171608953,305,305
smoke,1004,100,100,5.0,5227,55.03157894736842,100,3825,1402,0.731777310120528,1402,3825,0,4507,720,94,30,0.005739429883298259,4.727455296420783,20.868875298482866,2863,0.5477329251960972,2019584,386.3753587143677,305,305
smoke,1004,100,100,10.0,5227,55.03157894736842,100,4288,939,0.8203558446527645,939,4288,0,4511,716,106,41,0.007843887507174288,3.2746204261251393,19.447362705737703,1919,0.3671321982016453,1351424,258.54677635354886,305,305
smoke,1004,100,100,30.0,5227,55.03157894736842,100,4688,539,0.8968815764300746,539,4688,0,4615,612,110,155,0.029653721063707672,1.9878114536637908,17.01080220444879,1105,0.2114023340348192,776576,148.57011670174097,305,305
smoke,1005,100,100,0.0,5223,54.98947368421052,100,0,5223,0.0,5223,0,0,4235,988,102,0,0.0,16.938894270226807,24.311477219558945,10665,2.04192992533027,7522048,1440.1776756653264,292,292
smoke,1005,100,100,1.0,5223,54.98947368421052,100,1994,3229,0.3817729274363393,3229,1994,1,4226,997,119,3,0.0005743825387708214,10.544406698640334,22.976817230142643,6602,1.264024506988321,4654976,891.2456442657476,292,292
smoke,1005,100,100,2.0,5223,54.98947368421052,100,2823,2400,0.5404939689833429,2400,2823,0,4239,984,101,6,0.0011487650775416428,7.9550188704826255,22.35366382734867,4878,0.9339460080413555,3429632,656.6402450698832,292,292
smoke,1005,100,100,5.0,5223,54.98947368421052,100,3776,1447,0.7229561554662072,1447,3776,1,4237,986,125,21,0.00402067777139575,4.894738749858226,20.836869398050695,2957,0.566149722381773,2077696,397.79743442466014,292,292
smoke,1005,100,100,10.0,5223,54.98947368421052,100,4299,924,0.823090178058587,924,4299,0,4275,948,107,43,0.00823281638904844,3.2143610654134416,19.452415045532852,1886,0.3610951560405897,1327744,254.21098985257515,292,292
smoke,1005,100,100,30.0,5223,54.98947368421052,100,4708,515,0.9013976641776756,515,4708,0,4385,838,103,147,0.028144744399770247,1.9115964003875663,16.97054100029759,1054,0.20179973195481524,743808,142.41010913268238,292,292
smoke,1006,100,100,0.0,5274,55.526315789473685,100,0,5274,0.0,5274,0,0,4516,758,103,0,0.0,16.770596468413117,24.113517425129768,10758,2.0398179749715584,7571840,1435.6920743268865,302,302
smoke,1006,100,100,1.0,5274,55.526315789473685,100,2123,3151,0.4025407660219947,3151,2123,0,4518,756,108,4,0.0007584376185058779,10.169521927063153,22.66664647262644,6415,1.2163443306788018,4524672,857.9203640500568,302,302
smoke,1006,100,100,2.0,5274,55.526315789473685,100,2978,2296,0.5646568069776261,2296,2978,0,4529,745,93,5,0.0009480470231323473,7.528397481926563,22.193324995633642,4688,0.8888888888888888,3305728,626.7971179370497,302,302
smoke,1006,100,100,5.0,5274,55.526315789473685,100,3920,1354,0.7432688661357604,1354,3920,0,4551,723,93,24,0.004550625711035267,4.515714292205538,20.332920344191397,2761,0.5235115661736822,1942400,368.2973075464543,302,302
smoke,1006,100,100,10.0,5274,55.526315789473685,100,4373,901,0.829161926431551,901,4373,0,4567,707,110,58,0.010997345468335229,3.061001383066812,18.72723862515943,1842,0.3492605233219568,1292288,245.02995828593097,302,302
smoke,1006,100,100,30.0,5274,55.526315789473685,100,4746,528,0.8998862343572241,528,4746,0,4698,576,117,197,0.03735305271141449,1.9094198459635434,16.742423644985386,1075,0.2038301099734547,756352,143.41145240803945,302,302
smoke,1007,100,100,0.0,5342,56.242105263157896,100,0,5342,0.0,5342,0,0,4720,622,107,0,0.0,16.793889223756114,24.072820359404545,10875,2.03575439910146,7651968,1432.4163234743542,299,299
smoke,1007,100,100,1.0,5342,56.242105263157896,100,2143,3199,0.40116061400224634,3199,2143,0,4705,637,133,3,0.0005615874204417821,10.258781791494023,22.978428971993026,6517,1.2199550730063646,4589312,859.0999625608387,299,299
smoke,1007,100,100,2.0,5342,56.242105263157896,100,2999,2343,0.5614002246349682,2343,2999,0,4735,607,106,7,0.0013103706476974915,7.545575258320091,22.264520453842348,4793,0.8972295020591539,3372928,631.3979782852864,299,299
smoke,1007,100,100,5.0,5342,56.242105263157896,100,3951,1391,0.739610632721827,1391,3951,0,4743,599,112,24,0.004492699363534257,4.578876236626865,20.599263321697237,2845,0.5325720703856234,1998848,374.1759640584051,299,299
smoke,1007,100,100,10.0,5342,56.242105263157896,100,4416,926,0.8266566828903033,926,4416,0,4764,578,118,51,0.009546986147510296,3.114322837392425,19.29251067657844,1886,0.353051291651067,1324160,247.87719955073007,299,299
smoke,1007,100,100,30.0,5342,56.242105263157896,100,4806,536,0.899663047547735,536,4806,0,4809,533,120,94,0.01759640584050917,1.8901448514297436,16.745642362594637,1086,0.20329464619992513,762752,142.78397603893671,299,299
smoke,1008,100,100,0.0,5140,54.1578947368421,100,0,5140,0.0,5140,0,0,4507,633,96,0,0.0,16.952670671963944,24.18700528720734,10513,2.0453307392996107,7396224,1438.9540856031128,304,304
smoke,1008,100,100,1.0,5140,54.1578947368421,100,2012,3128,0.3914396887159533,3128,2012,0,4504,636,101,5,0.0009727626459143969,10.38720363063926,23.012554568889243,6374,1.2400778210116732,4491776,873.8863813229572,304,304
smoke,1008,100,100,2.0,5140,54.1578947368421,100,2852,2288,0.554863813229572,2288,2852,0,4507,633,103,12,0.0023346303501945525,7.727301483973742,22.272545869405036,4677,0.9099221789883268,3297536,641.5439688715953,304,304
smoke,1008,100,100,5.0,5140,54.1578947368421,100,3777,1363,0.7348249027237355,1363,3777,0,4511,629,101,17,0.0033073929961089494,4.714620363346616,20.825401057575025,2781,0.5410505836575875,1956480,380.63813229571986,304,304
smoke,1008,100,100,10.0,5140,54.1578947368421,100,4244,896,0.82568093385214,896,4244,0,4531,609,107,36,0.007003891050583658,3.1589399600162538,19.382929420809347,1821,0.35428015564202336,1279744,248.97743190661478,304,304
smoke,1008,100,100,30.0,5140,54.1578947368421,100,4607,533,0.8963035019455253,533,4607,0,4650,490,113,162,0.03151750972762646,1.9890509661443754,17.079625064625503,1086,0.211284046692607,766336,149.09260700389106,304,304
smoke,1009,100,100,0.0,5279,55.578947368421055,100,0,5279,0.0,5279,0,0,4486,793,112,0,0.0,16.989559838519217,24.092100675566282,10783,2.0426217086569425,7587200,1437.241901875355,300,300
smoke,1009,100,100,1.0,5279,55.578947368421055,100,2094,3185,0.39666603523394584,3185,2094,1,4495,784,114,5,0.0009471490812653912,10.270443425581345,23.030199940369293,6491,1.2295889372987308,4571008,865.8852055313506,300,300
smoke,1009,100,100,2.0,5279,55.578947368421055,100,2979,2300,0.5643114226179201,2300,2979,0,4495,784,111,8,0.0015154385300246258,7.553413779240419,22.079691380231026,4707,0.8916461451032393,3320448,628.9918545179012,300,300
smoke,1009,100,100,5.0,5279,55.578947368421055,100,3898,1381,0.7383974237544989,1381,3898,0,4512,767,104,21,0.003978026141314643,4.6460132752268954,21.049684529857867,2821,0.5343815116499337,1983744,375.78026141314643,300,300
smoke,1009,100,100,10.0,5279,55.578947368421055,100,4368,911,0.8274294373934458,911,4368,0,4553,726,104,64,0.012123508240197006,3.1132710754183295,19.2942567251837,1860,0.3523394582307255,1307648,247.70752036370524,300,300
smoke,1009,100,100,30.0,5279,55.578947368421055,100,4759,520,0.9014964955483993,520,4759,0,4687,592,100,191,0.03618109490433794,1.8879786192869856,16.74145317417838,1057,0.2002273157795037,743680,140.8751657510892,300,300
smoke,1010,100,100,0.0,5154,54.26315789473684,100,0,5154,0.0,5154,0,0,4608,546,80,0,0.0,16.91254532619816,24.054251959688948,10515,2.040162980209546,7398528,1435.4924330616996,306,306
smoke,1010,100,100,1.0,5154,54.26315789473684,100,2004,3150,0.38882421420256114,3150,2004,0,4592,562,108,0,0.0,10.418832954798976,22.75974304888776,6435,1.2485448195576252,4526208,878.1932479627474,306,306
smoke,1010,100,100,2.0,5154,54.26315789473684,100,2811,2343,0.5454016298020955,2343,2811,0,4583,571,114,3,0.0005820721769499418,7.814560408010575,22.220346573322118,4791,0.929569266589057,3370624,653.9821497865736,306,306
smoke,1010,100,100,5.0,5154,54.26315789473684,100,3742,1412,0.7260380287155608,1412,3742,0,4584,570,128,11,0.002134264648816453,4.843592954326644,20.810685001153214,2879,0.5585952658129608,2022784,392.4687621265037,306,306
smoke,1010,100,100,10.0,5154,54.26315789473684,100,4241,913,0.8228560341482344,913,4241,0,4611,543,111,28,0.00543267365153279,3.1976867718306954,19.33330096739743,1864,0.36166084594489717,1314944,255.13077221575475,306,306
smoke,1010,100,100,30.0,5154,54.26315789473684,100,4627,527,0.8977493209157935,527,4627,0,4684,470,93,88,0.017074117190531625,1.9553211758915552,16.780936659407782,1078,0.2091579355840124,760704,147.59487776484283,306,306
corridor,1001,20,20,0.0,1686,17.8,20,0,1686,0.0,1686,0,0,1354,332,36,0,0.0,16.885846696872903,24.052464345171167,3451,2.046856465005931,2429056,1440.7212336892053,221,221
corridor,1001,20,20,1.0,1686,17.8,20,724,962,0.4294187425860024,962,724,0,1347,339,45,3,0.0017793594306049821,9.811296285189128,22.538906974127748,1953,1.1583629893238434,1369984,812.5646500593119,221,221
corridor,1001,20,20,2.0,1686,17.8,20,948,738,0.5622775800711743,738,948,0,1355,331,40,4,0.002372479240806643,7.617055899936015,22.596004398714342,1521,0.902135231316726,1073920,636.9632265717674,221,221
corridor,1001,20,20,5.0,1686,17.8,20,1183,503,0.7016607354685647,503,1183,0,1354,332,49,10,0.005931198102016607,5.199030832678816,20.91116159600581,1024,0.6073546856465006,721792,428.1091340450771,221,221
corridor,1001,20,20,10.0,1686,17.8,20,1309,377,0.7763938315539739,377,1309,0,1373,313,29,20,0.011862396204033215,3.959127975049555,20.16211809228441,767,0.45492289442467376,541312,321.0628706998814,221,221
corridor,1001,20,20,30.0,1686,17.8,20,1398,288,0.8291814946619217,288,1398,0,1390,296,41,42,0.02491103202846975,3.137400972298103,19.351807687881806,587,0.34816132858837484,413696,245.37129300118625,221,221
corridor,1002,20,20,0.0,1686,17.8,20,0,1686,0.0,1686,0,0,1170,516,24,0,0.0,17.025282179507922,24.16280652434999,3450,2.0462633451957295,2430592,1441.632265717675,228,228
corridor,1002,20,20,1.0,1686,17.8,20,727,959,0.43119810201660735,959,727,0,1166,520,37,6,0.0035587188612099642,9.896765961845436,22.94146196848601,1960,1.162514827995255,1378048,817.3475682087782,228,228
corridor,1002,20,20,2.0,1686,17.8,20,958,728,0.5682087781731909,728,958,0,1173,513,32,9,0.005338078291814947,7.418875884345838,22.019984336792753,1483,0.8795966785290629,1046272,620.5646500593119,228,228
corridor,1002,20,20,5.0,1686,17.8,20,1194,492,0.708185053380783,492,1194,0,1198,488,29,27,0.01601423487544484,5.0593028221522385,20.4616977747083,1006,0.5966785290628707,707328,419.5302491103203,228,228
corridor,1002,20,20,10.0,1686,17.8,20,1299,387,0.7704626334519573,387,1299,0,1194,492,35,31,0.018386714116251483,4.036256635916048,19.99319885786832,789,0.4679715302491103,555904,329.71767497034404,228,228
corridor,1002,20,20,30.0,1686,17.8,20,1391,295,0.82502965599051,295,1391,0,1276,410,31,102,0.060498220640569395,3.257441921610087,20.049506013419816,607,0.3600237247924081,428672,254.2538552787663,228,228
corridor,1003,20,20,0.0,1686,17.8,20,0,1686,0.0,1686,0,0,1172,514,34,0,0.0,16.844596195565327,24.099857505241573,3435,2.0373665480427046,2415104,1432.4460260972717,205,205
corridor,1003,20,20,1.0,1686,17.8,20,735,951,0.4359430604982206,951,735,0,1176,510,37,5,0.0029655990510083037,9.513589633787896,22.443114936027797,1937,1.1488730723606169,1365888,810.1352313167259,205,205
corridor,1003,20,20,2.0,1686,17.8,20,962,724,0.5705812574139977,724,962,0,1176,510,44,9,0.005338078291814947,7.405499807986906,21.920939403109685,1484,0.8801897983392646,1042048,618.0593119810202,205,205
corridor,1003,20,20,5.0,1686,17.8,20,1208,478,0.7164887307236062,478,1208,0,1197,489,30,22,0.013048635824436536,5.019445409670526,21.127600610194808,977,0.5794780545670225,687360,407.6868327402135,205,205
corridor,1003,20,20,10.0,1686,17.8,20,1318,368,0.7817319098457889,368,1318,0,1215,471,33,45,0.026690391459074734,3.833451772291169,19.483724304016903,753,0.44661921708185054,529664,314.15421115065243,205,205
corridor,1003,20,20,30.0,1686,17.8,20,1405,281,0.8333333333333334,281,1405,0,1256,430,38,88,0.05219454329774614,3.064903141221236,19.21705128984641,574,0.3404507710557533,402304,238.61447212336893,205,205
corridor,1004,20,20,0.0,1686,17.8,20,0,1686,0.0,1686,0,0,1277,409,31,0,0.0,17.220525900138725,24.695082115748335,3456,2.0498220640569396,2432128,1442.5432977461446,224,224
corridor,1004,20,20,1.0,1686,17.8,20,731,955,0.433570581257414,955,731,0,1272,414,38,3,0.0017793594306049821,9.883879113863495,23.018814635427987,1960,1.162514827995255,1383424,820.5361803084223,224,224
corridor,1004,20,20,2.0,1686,17.8,20,952,734,0.564650059311981,734,952,0,1278,408,32,8,0.004744958481613286,7.602637319734312,22.452487227050177,1504,0.8920521945432978,1064192,631.1933570581258,224,224
corridor,1004,20,20,5.0,1686,17.8,20,1190,496,0.7058125741399762,496,1190,0,1283,403,36,15,0.008896797153024912,5.136145002909343,20.835507615604598,1013,0.6008303677342823,712704,422.7188612099644,224,224
corridor,1004,20,20,10.0,1686,17.8,20,1310,376,0.7769869513641756,376,1310,0,1311,375,28,34,0.020166073546856466,3.9394107204451743,19.745290116010672,772,0.4578884934756821,540800,320.7591933570581,224,224
corridor,1004,20,20,30.0,1686,17.8,20,1390,296,0.8244365361803084,296,1390,0,1324,362,39,59,0.03499406880189798,3.2093365748807763,19.15481251083584,609,0.3612099644128114,426496,252.9632265717675,224,224
corridor,1005,20,20,0.0,1686,17.8,20,0,1686,0.0,1686,0,0,1275,411,37,0,0.0,17.105620999191757,24.57129618890619,3444,2.0427046263345194,2430848,1441.7841043890867,214,214
corridor,1005,20,20,1.0,1686,17.8,20,734,952,0.43534994068801897,952,734,0,1283,403,37,4,0.002372479240806643,9.618015163567183,22.605140722702366,1949,1.1559905100830368,1375232,815.6773428232503,214,214
corridor,1005,20,20,2.0,1686,17.8,20,968,718,0.5741399762752076,718,968,0,1292,394,30,8,0.004744958481613286,7.349957696810702,21.806508220018728,1460,0.8659549228944247,1026944,609.1008303677343,214,214
corridor,1005,20,20,5.0,1686,17.8,20,1197,489,0.7099644128113879,489,1197,0,1286,400,39,11,0.006524317912218268,5.055504842784218,20.767674603596298,996,0.5907473309608541,699392,414.8232502965599,214,214
corridor,1005,20,20,10.0,1686,17.8,20,1317,369,0.7811387900355872,369,1317,0,1295,391,35,15,0.008896797153024912,3.9139981128550376,20.63462471133448,754,0.4472123368920522,531712,315.3689205219454,214,214
corridor,1005,20,20,30.0,1686,17.8,20,1400,286,0.830367734282325,286,1400,0,1329,357,47,55,0.03262158956109134,3.133299073604484,19.172758419864877,586,0.3475682087781732,413440,245.2194543297746,214,214
corridor,1006,20,20,0.0,1686,17.8,20,0,1686,0.0,1686,0,0,1247,439,30,0,0.0,16.65075745756457,23.955721131384777,3438,2.03914590747331,2426624,1439.2787663107947,230,230
corridor,1006,20,20,1.0,1686,17.8,20,711,975,0.42170818505338076,975,711,0,1242,444,42,2,0.0011862396204033216,9.870135113226725,22.655941292086368,1985,1.1773428232502965,1397888,829.1150652431792,230,230
corridor,1006,20,20,2.0,1686,17.8,20,935,751,0.5545670225385528,751,935,0,1265,421,27,11,0.006524317912218268,7.695972941130482,22.062292098596004,1527,0.905693950177936,1077248,638.9371293001186,230,230
corridor,1006,20,20,5.0,1686,17.8,20,1176,510,0.697508896797153,510,1176,0,1268,418,33,22,0.013048635824436536,5.284960252907126,21.020293648165378,1035,0.6138790035587188,727296,431.37366548042706,230,230
corridor,1006,20,20,10.0,1686,17.8,20,1287,399,0.7633451957295374,399,1287,0,1294,392,29,38,0.022538552787663108,4.057062830213157,19.72296597451617,810,0.4804270462633452,569344,337.6892052194543,230,230
corridor,1006,20,20,30.0,1686,17.8,20,1383,303,0.8202846975088968,303,1383,0,1300,386,44,60,0.03558718861209965,3.2477266129395774,19.073358254598105,614,0.3641755634638197,432256,256.3795966785291,230,230
corridor,1007,20,20,0.0,1686,17.8,20,0,1686,0.0,1686,0,0,1233,453,37,0,0.0,16.838961622152535,24.010347098218254,3429,2.0338078291814945,2412672,1431.0035587188613,225,225
corridor,1007,20,20,1.0,1686,17.8,20,724,962,0.4294187425860024,962,724,0,1244,442,28,4,0.002372479240806643,9.7927281000644,22.493713613063626,1956,1.1601423487544484,1377920,817.2716488730723,225,225
corridor,1007,20,20,2.0,1686,17.8,20,948,738,0.5622775800711743,738,948,0,1237,449,38,8,0.004744958481613286,7.559097335287317,22.3890064893002,1513,0.8973902728351127,1065600,632.0284697508897,225,225
corridor,1007,20,20,5.0,1686,17.8,20,1189,497,0.7052194543297746,497,1189,0,1247,439,37,15,0.008896797153024912,5.147261201911311,21.03449263162105,1017,0.603202846975089,711936,422.2633451957295,225,225
corridor,1007,20,20,10.0,1686,17.8,20,1296,390,0.7686832740213523,390,1296,0,1283,403,28,42,0.02491103202846975,4.0948242364106,20.40373338603274,791,0.46915776986951363,556416,330.02135231316726,225,225
corridor,1007,20,20,30.0,1686,17.8,20,1394,292,0.8268090154211151,292,1394,0,1327,359,28,89,0.0527876631079478,3.1030439419998945,19.1101931423443,593,0.3517200474495848,417024,247.34519572953738,225,225
corridor,1008,20,20,0.0,1686,17.8,20,0,1686,0.0,1686,0,0,1298,388,34,0,0.0,17.125636378046313,24.536605201182393,3458,2.0510083036773428,2429056,1440.7212336892053,230,230
corridor,1008,20,20,1.0,1686,17.8,20,718,968,0.4258600237247924,968,718,0,1292,394,37,1,0.0005931198102016608,9.680254742416224,22.823388637387865,1977,1.1725978647686832,1395840,827.9003558718862,230,230
corridor,1008,20,20,2.0,1686,17.8,20,949,737,0.5628706998813761,737,949,0,1310,376,23,6,0.0035587188612099642,7.599880218052864,22.21507425911895,1506,0.8932384341637011,1061120,629.3712930011862,230,230
corridor,1008,20,20,5.0,1686,17.8,20,1180,506,0.6998813760379596,506,1180,0,1304,382,38,11,0.006524317912218268,5.3552138204215005,21.704041731251067,1034,0.6132858837485172,722560,428.564650059312,230,230
corridor,1008,20,20,10.0,1686,17.8,20,1294,392,0.767497034400949,392,1294,0,1307,379,42,17,0.010083036773428233,4.112637732875154,20.471359347212115,798,0.47330960854092524,560896,332.6785290628707,230,230
corridor,1008,20,20,30.0,1686,17.8,20,1397,289,0.8285883748517201,289,1397,0,1366,320,25,60,0.03558718861209965,3.137543310771891,19.520514908967,588,0.3487544483985765,414848,246.05456702253855,230,230
corridor,1009,20,20,0.0,1686,17.8,20,0,1686,0.0,1686,0,0,1190,496,29,0,0.0,17.05931414741836,24.0458027127044,3437,2.0385527876631078,2420992,1435.938315539739,228,228
corridor,1009,20,20,1.0,1686,17.8,20,727,959,0.43119810201660735,959,727,0,1191,495,28,2,0.0011862396204033216,9.67187014740281,22.396966013577213,1941,1.1512455516014235,1362432,808.085409252669,228,228
corridor,1009,20,20,2.0,1686,17.8,20,960,726,0.5693950177935944,726,960,0,1197,489,32,7,0.004151838671411625,7.4971807274649676,21.784001893377702,1487,0.8819691577698695,1046400,620.6405693950178,228,228
corridor,1009,20,20,5.0,1686,17.8,20,1188,498,0.7046263345195729,498,1188,0,1198,488,36,13,0.00771055753262159,5.240714869803553,21.49256904780117,1018,0.6037959667852907,717568,425.6037959667853,228,228
corridor,1009,20,20,10.0,1686,17.8,20,1294,392,0.767497034400949,392,1294,0,1211,475,48,40,0.02372479240806643,4.082080580908493,20.527444733732914,801,0.4750889679715303,559872,332.0711743772242,228,228
corridor,1009,20,20,30.0,1686,17.8,20,1394,292,0.8268090154211151,292,1394,0,1277,409,28,87,0.051601423487544484,3.128252666057006,18.941582478264607,594,0.35231316725978645,418176,248.02846975088968,228,228
corridor,1010,20,20,0.0,1686,17.8,20,0,1686,0.0,1686,0,0,1212,474,38,0,0.0,16.90410846400185,23.819432468098256,3430,2.034400948991696,2414720,1432.2182680901542,224,224
corridor,1010,20,20,1.0,1686,17.8,20,722,964,0.42823250296559906,964,722,0,1215,471,36,3,0.0017793594306049821,9.709923489959442,22.253783309842845,1954,1.158956109134045,1376512,816.4365361803084,224,224
corridor,1010,20,20,2.0,1686,17.8,20,949,737,0.5628706998813761,737,949,0,1217,469,36,6,0.0035587188612099642,7.525656400886899,21.888921615129675,1503,0.891459074733096,1055872,626.258600237248,224,224
corridor,1010,20,20,5.0,1686,17.8,20,1192,494,0.7069988137603797,494,1192,0,1238,448,32,21,0.012455516014234875,5.143303105864772,20.847954617936537,1006,0.5966785290628707,706432,418.9988137603796,224,224
corridor,1010,20,20,10.0,1686,17.8,20,1301,385,0.7716488730723606,385,1301,0,1269,417,28,51,0.030249110320284697,4.065446650060943,20.183304495486,790,0.46856465005931197,555264,329.33807829181495,224,224
corridor,1010,20,20,30.0,1686,17.8,20,1395,291,0.8274021352313167,291,1395,0,1286,400,42,75,0.04448398576512456,3.1089081635515305,18.996770833384247,592,0.35112692763938314,416768,247.19335705812574,224,224
corridor,1001,40,40,0.0,3378,35.589473684210525,40,0,3378,0.0,3378,0,0,2418,960,73,0,0.0,16.88309966709547,24.078460325367463,6908,2.0449970396684427,4869504,1441.5346358792185,486,486
corridor,1001,40,40,1.0,3378,35.589473684210525,40,1381,1997,0.40882178804026054,1997,1381,0,2416,962,76,3,0.0008880994671403197,10.120692889641534,22.723570794403955,4069,1.204558910597987,2856064,845.48963883955,486,486
corridor,1001,40,40,2.0,3378,35.589473684210525,40,1858,1520,0.5500296033155714,1520,1858,0,2419,959,74,7,0.0020722320899940793,7.829958023078257,22.641322194559514,3122,0.9242155121373594,2202368,651.9739490822972,486,486
corridor,1001,40,40,5.0,3378,35.589473684210525,40,2342,1036,0.6933096506808762,1036,2342,0,2434,944,69,22,0.006512729425695678,5.35675041667186,20.960516354418417,2111,0.6249259917110717,1489280,440.8762581409118,486,486
corridor,1001,40,40,10.0,3378,35.589473684210525,40,2578,800,0.7631734754292481,800,2578,0,2455,923,66,38,0.011249259917110717,4.1756091394044255,20.547359793620497,1634,0.4837181764357608,1151232,340.80284191829486,486,486
corridor,1001,40,40,30.0,3378,35.589473684210525,40,2757,621,0.8161634103019538,621,2757,0,2586,792,81,178,0.0526939017169923,3.3451810085828018,19.469629341552068,1267,0.37507400828892834,893312,264.4499703966844,486,486
corridor,1002,40,40,0.0,3378,35.589473684210525,40,0,3378,0.0,3378,0,0,2449,929,51,0,0.0,17.036323716943002,24.163006672356776,6909,2.0452930728241565,4866176,1440.5494375370042,484,484
corridor,1002,40,40,1.0,3378,35.589473684210525,40,1384,1994,0.40970988750740084,1994,1384,0,2445,933,64,5,0.0014801657785671995,10.212361876245755,23.1420706009258,4068,1.2042628774422734,2858496,846.2095914742451,484,484
corridor,1002,40,40,2.0,3378,35.589473684210525,40,1873,1505,0.5544701006512729,1505,1873,0,2461,917,69,19,0.005624629958555358,7.685460946627008,22.16049163920708,3067,0.9079336885731202,2165888,641.174659561871,484,484
corridor,1002,40,40,5.0,3378,35.589473684210525,40,2339,1039,0.6924215512137359,1039,2339,0,2462,916,81,33,0.009769094138543518,5.384906355307656,21.041323986383986,2122,0.6281823564239195,1492096,441.7098875074008,484,484
corridor,1002,40,40,10.0,3378,35.589473684210525,40,2571,807,0.761101243339254,807,2571,0,2503,875,67,68,0.020130254588513915,4.202539980409856,20.12207883407235,1646,0.4872705743043221,1161472,343.83422143280046,484,484
corridor,1002,40,40,30.0,3378,35.589473684210525,40,2766,612,0.8188277087033747,612,2766,0,2581,797,76,149,0.04410894020130254,3.3175113958569096,19.889944741729327,1258,0.3724097098875074,885632,262.1764357608052,484,484
corridor,1003,40,40,0.0,3378,35.589473684210525,40,0,3378,0.0,3378,0,0,2623,755,69,0,0.0,16.829864491204027,24.14058448392353,6887,2.038780343398461,4841728,1433.312018946122,424,424
corridor,1003,40,40,1.0,3378,35.589473684210525,40,1411,1967,0.4177027827116637,1967,1411,0,2645,733,56,6,0.0017761989342806395,9.870284895996567,22.64039552613468,4019,1.189757252812315,2828928,837.4564831261101,424,424
corridor,1003,40,40,2.0,3378,35.589473684210525,40,1890,1488,0.5595026642984015,1488,1890,0,2630,748,77,4,0.0011841326228537595,7.616094115496873,22.29873662373727,3041,0.9002368265245707,2138624,633.1036116044997,424,424
corridor,1003,40,40,5.0,3378,35.589473684210525,40,2389,989,0.7072232089994079,989,2389,0,2653,725,65,17,0.005032563647128479,5.097208080495577,21.037855538889254,2016,0.5968028419182948,1420160,420.4144464179988,424,424
corridor,1003,40,40,10.0,3378,35.589473684210525,40,2628,750,0.7779751332149201,750,2628,0,2685,693,62,46,0.013617525162818236,3.8941157959682804,19.65981935559248,1533,0.45381882770870335,1081472,320.1515689757253,424,424
corridor,1003,40,40,30.0,3378,35.589473684210525,40,2820,558,0.8348134991119005,558,2820,0,2742,636,70,114,0.03374777975133215,3.055179663113069,19.262930703163033,1137,0.33658969804618116,798208,236.29603315571345,424,424
corridor,1004,40,40,0.0,3378,35.589473684210525,40,0,3378,0.0,3378,0,0,2490,888,66,0,0.0,17.083424771467563,24.368901823932955,6911,2.0458851391355832,4864000,1439.9052693901717,488,488
corridor,1004,40,40,1.0,3378,35.589473684210525,40,1378,2000,0.4079336885731202,2000,1378,0,2506,872,63,4,0.0011841326228537595,10.242569701551107,23.156579368960095,4090,1.2107756068679691,2882944,853.4470100651273,488,488
corridor,1004,40,40,2.0,3378,35.589473684210525,40,1840,1538,0.5447010065127295,1538,1840,1,2502,876,70,10,0.002960331557134399,7.859289699162882,22.325352349443147,3149,0.9322084073416222,2225408,658.7945529899349,488,488
corridor,1004,40,40,5.0,3378,35.589473684210525,40,2329,1049,0.6894612196566016,1049,2329,0,2516,862,61,19,0.005624629958555358,5.425818975889768,21.164504886004202,2142,0.6341030195381883,1509760,446.93901716992303,488,488
corridor,1004,40,40,10.0,3378,35.589473684210525,40,2571,807,0.761101243339254,807,2571,0,2561,817,55,62,0.018354055654233273,4.270586631038012,20.565226154619154,1651,0.48875074008288927,1162752,344.2131438721137,488,488
corridor,1004,40,40,30.0,3378,35.589473684210525,40,2757,621,0.8161634103019538,621,2757,0,2651,727,60,155,0.04588513913558318,3.341698498615861,19.32177563123396,1272,0.3765541740674956,895488,265.09413854351686,488,488
corridor,1005,40,40,0.0,3378,35.589473684210525,40,0,3378,0.0,3378,0,0,2630,748,66,0,0.0,16.926934762568937,24.491141255042205,6901,2.0429248075784487,4867712,1441.00414446418,435,435
corridor,1005,40,40,1.0,3378,35.589473684210525,40,1414,1964,0.418590882178804,1964,1414,1,2639,739,57,3,0.0008880994671403197,9.943968080694642,22.69740548884513,4014,1.1882770870337478,2829440,837.6080521018354,435,435
corridor,1005,40,40,2.0,3378,35.589473684210525,40,1891,1487,0.5597986974541148,1487,1891,0,2647,731,62,10,0.002960331557134399,7.6065431469873355,22.029513076499185,3023,0.8949082297217288,2125952,629.352279455299,435,435
corridor,1005,40,40,5.0,3378,35.589473684210525,40,2384,994,0.7057430432208407,994,2384,0,2654,724,74,26,0.0076968620485494375,5.145848691072891,20.870225131063325,2028,0.6003552397868561,1425920,422.1195973949082,435,435
corridor,1005,40,40,10.0,3378,35.589473684210525,40,2615,763,0.7741267021906454,763,2615,0,2659,719,65,25,0.007400828892835998,4.0470821881356605,20.469987291871643,1557,0.46092362344582594,1094784,324.09236234458257,435,435
corridor,1005,40,40,30.0,3378,35.589473684210525,40,2814,564,0.8330373001776199,564,2814,0,2790,588,64,157,0.04647720544701007,3.053549149951107,19.1582336313707,1153,0.3413262285375962,813952,240.95677915926584,435,435
corridor,1006,40,40,0.0,3378,35.589473684210525,40,0,3378,0.0,3378,0,0,2275,1103,63,0,0.0,16.712762541413525,24.011852847031886,6889,2.0393724097098875,4850304,1435.8507992895204,489,489
corridor,1006,40,40,1.0,3378,35.589473684210525,40,1384,1994,0.40970988750740084,1994,1384,0,2285,1093,67,10,0.002960331557134399,10.13558066039662,22.763082517791844,4063,1.2027827116637064,2862592,847.4221432800474,489,489
corridor,1006,40,40,2.0,3378,35.589473684210525,40,1856,1522,0.5494375370041444,1522,1856,0,2279,1099,72,15,0.004440497335701598,7.771069809788249,22.13538192628057,3103,0.918590882178804,2190336,648.4120781527531,489,489
corridor,1006,40,40,5.0,3378,35.589473684210525,40,2345,1033,0.6941977501480165,1033,2345,0,2304,1074,63,35,0.010361160449970397,5.334674959846709,20.929811029884604,2106,0.6234458259325044,1483520,439.17110716400236,489,489
corridor,1006,40,40,10.0,3378,35.589473684210525,40,2568,810,0.7602131438721137,810,2568,0,2344,1034,74,76,0.022498519834221433,4.196138466479059,20.169597169635264,1656,0.49023090586145646,1162240,344.0615748963884,489,489
corridor,1006,40,40,30.0,3378,35.589473684210525,40,2754,624,0.8152753108348135,624,2754,0,2521,857,70,249,0.07371225577264653,3.3129409479961,19.193695282386965,1272,0.3765541740674956,894592,264.82889283599764,489,489
corridor,1007,40,40,0.0,3378,35.589473684210525,40,0,3378,0.0,3378,0,0,2620,758,66,0,0.0,16.857500957350762,24.33828398429316,6875,2.035227945529899,4835968,1431.6068679692125,494,494
corridor,1007,40,40,1.0,3378,35.589473684210525,40,1350,2028,0.3996447602131439,2028,1350,0,2628,750,61,4,0.0011841326228537595,10.289641135557629,22.824312509689545,4124,1.2208407341622263,2904192,859.7371225577265,494,494
corridor,1007,40,40,2.0,3378,35.589473684210525,40,1818,1560,0.5381882770870338,1560,1818,0,2614,764,74,6,0.0017761989342806395,7.91197869311327,22.30513437850554,3187,0.9434576672587329,2240512,663.2658377738306,494,494
corridor,1007,40,40,5.0,3378,35.589473684210525,40,2310,1068,0.6838365896980462,1068,2310,0,2650,728,67,27,0.007992895204262877,5.469160592907138,20.91651345890035,2184,0.6465364120781527,1533952,454.10065127294257,494,494
corridor,1007,40,40,10.0,3378,35.589473684210525,40,2537,841,0.7510361160449971,841,2537,0,2676,702,66,52,0.015393724097098875,4.386947729254675,20.58718419598441,1714,0.507400828892836,1203968,356.4144464179988,494,494
corridor,1007,40,40,30.0,3378,35.589473684210525,40,2733,645,0.8090586145648313,645,2733,0,2774,604,74,155,0.04588513913558318,3.378394545899556,19.372583475520234,1308,0.3872113676731794,918144,271.80106571936057,494,494
corridor,1008,40,40,0.0,3378,35.589473684210525,40,0,3378,0.0,3378,0,0,2268,1110,64,0,0.0,16.973815853129903,24.26550192538066,6916,2.0473653049141505,4866176,1440.5494375370042,490,490
corridor,1008,40,40,1.0,3378,35.589473684210525,40,1354,2024,0.40082889283599765,2024,1354,0,2266,1112,71,5,0.0014801657785671995,10.20628927056645,22.920581097132242,4126,1.221432800473653,2906496,860.4191829484902,490,490
corridor,1008,40,40,2.0,3378,35.589473684210525,40,1824,1554,0.5399644760213144,1554,1824,0,2283,1095,70,17,0.005032563647128479,7.980139294125913,22.329734570839214,3174,0.9396092362344582,2236288,662.0153937240971,490,490
corridor,1008,40,40,5.0,3378,35.589473684210525,40,2327,1051,0.6888691533451746,1051,2327,0,2310,1068,68,41,0.012137359384251036,5.526328133189407,21.46770338398624,2146,0.635287152161042,1508992,446.7116637063351,490,490
corridor,1008,40,40,10.0,3378,35.589473684210525,40,2555,823,0.7563647128478389,823,2555,0,2348,1030,63,83,0.02457075192421551,4.310594196143249,20.526821648429912,1672,0.49496743635287155,1175296,347.9265837773831,490,490
corridor,1008,40,40,30.0,3378,35.589473684210525,40,2744,634,0.8123149792776792,634,2744,0,2473,905,69,206,0.06098283007696862,3.405933367425523,19.938117537151,1292,0.38247483718176434,911360,269.7927767910006,490,490
corridor,1009,40,40,0.0,3378,35.589473684210525,40,0,3378,0.0,3378,0,0,2504,874,60,0,0.0,16.945623913023656,24.04846710348174,6892,2.0402605091770276,4847488,1435.0171699230314,495,495
corridor,1009,40,40,1.0,3378,35.589473684210525,40,1381,1997,0.40882178804026054,1997,1381,0,2499,879,67,5,0.0014801657785671995,10.042895062491487,22.8846533638852,4071,1.2051509769094138,2866432,848.5589105979869,495,495
corridor,1009,40,40,2.0,3378,35.589473684210525,40,1859,1519,0.5503256364712847,1519,1859,0,2507,871,66,11,0.003256364712847839,7.797327026606673,22.15150503934992,3109,0.9203670811130846,2190976,648.6015393724097,495,495
corridor,1009,40,40,5.0,3378,35.589473684210525,40,2334,1044,0.6909413854351687,1044,2334,0,2536,842,66,39,0.011545293072824156,5.439286672217465,21.516401963787853,2132,0.6311426879810539,1500928,444.32445233866196,495,495
corridor,1009,40,40,10.0,3378,35.589473684210525,40,2557,821,0.7569567791592658,821,2557,0,2548,830,59,45,0.013321492007104795,4.287883100375477,20.44578403573247,1677,0.49644760213143874,1179264,349.101243339254,495,495
corridor,1009,40,40,30.0,3378,35.589473684210525,40,2752,626,0.8146832445233866,626,2752,0,2656,722,65,151,0.04470100651272942,3.3364268088654763,19.403393682372183,1275,0.3774422735346359,898048,265.8519834221433,495,495
corridor,1010,40,40,0.0,3378,35.589473684210525,40,0,3378,0.0,3378,0,0,2267,1111,78,0,0.0,16.7773740105341,23.868432262177915,6886,2.038484310242747,4845952,1434.5624629958556,486,486
corridor,1010,40,40,1.0,3378,35.589473684210525,40,1386,1992,0.4103019538188277,1992,1386,0,2291,1087,68,6,0.0017761989342806395,10.030898898125328,22.451817901539783,4060,1.2018946121965661,2859136,846.3990526939017,486,486
corridor,1010,40,40,2.0,3378,35.589473684210525,40,1847,1531,0.5467732386027235,1531,1847,0,2284,1094,69,14,0.0041444641799881585,7.814319478522329,22.191207657345473,3132,0.9271758436944938,2201344,651.6708111308467,486,486
corridor,1010,40,40,5.0,3378,35.589473684210525,40,2337,1041,0.6918294849023091,1041,2337,0,2318,1060,57,31,0.009177027827116636,5.418048880611281,21.2107189903289,2129,0.6302545885139136,1494784,442.50562462995856,486,486
corridor,1010,40,40,10.0,3378,35.589473684210525,40,2562,816,0.7584369449378331,816,2562,0,2356,1022,63,77,0.022794552989934873,4.2592931951481825,20.279555674217594,1667,0.4934872705743043,1176704,348.3433984606276,486,486
corridor,1010,40,40,30.0,3378,35.589473684210525,40,2753,625,0.8149792776791001,625,2753,0,2471,907,67,189,0.05595026642984014,3.335648437244311,19.43830948928955,1276,0.3777383066903493,900096,266.4582593250444,486,486
corridor,1001,60,60,0.0,4955,52.17894736842105,60,0,4955,0.0,4955,0,0,3787,1168,92,0,0.0,16.90774457558973,24.110249415824825,10130,2.0443995963673056,7136896,1440.3422805247226,586,586
corridor,1001,60,60,1.0,4955,52.17894736842105,60,2140,2815,0.4318869828456105,2815,2140,0,3793,1162,97,5,0.0010090817356205853,9.72093870426313,22.780077273338154,5742,1.1588294651866802,4033408,814.0076690211907,586,586
corridor,1001,60,60,2.0,4955,52.17894736842105,60,2856,2099,0.5763874873864783,2099,2856,0,3802,1153,94,13,0.0026236125126135215,7.375843833781806,22.300713245634185,4301,0.8680121089808275,3031040,611.7134207870838,586,586
corridor,1001,60,60,5.0,4955,52.17894736842105,60,3584,1371,0.7233097880928355,1371,3584,0,3810,1145,102,33,0.006659939455095863,4.858160763427276,20.771128299348618,2792,0.5634712411705348,1967360,397.04540867810294,586,586
corridor,1001,60,60,10.0,4955,52.17894736842105,60,3935,1020,0.7941473259334006,1020,3935,0,3854,1101,87,58,0.01170534813319879,3.6638962800899657,20.060902398104474,2086,0.42098890010090817,1470336,296.7378405650858,586,586
corridor,1001,60,60,30.0,4955,52.17894736842105,60,4185,770,0.8446014127144299,770,4185,0,3986,969,101,205,0.04137235116044399,2.874914807411663,19.018414139445387,1571,0.3170534813319879,1109120,223.8385469223007,586,586
corridor,1002,60,60,0.0,4963,52.26315789473684,60,0,4963,0.0,4963,0,0,3401,1562,93,0,0.0,16.91705312550119,24.074681146525013,10139,2.0429175901672374,7140992,1438.8458593592586,680,680
corridor,1002,60,60,1.0,4963,52.26315789473684,60,2091,2872,0.4213177513600645,2872,2091,0,3410,1553,89,12,0.0024178924037880313,9.97838983298943,23.109118416947535,5864,1.1815434213177514,4124672,831.0844247430989,680,680
corridor,1002,60,60,2.0,4963,52.26315789473684,60,2807,2156,0.5655853314527504,2156,2807,0,3428,1535,94,24,0.0048357848075760625,7.487199735007405,22.120489602281168,4398,0.8861575659883135,3103360,625.2992141849687,680,680
corridor,1002,60,60,5.0,4963,52.26315789473684,60,3515,1448,0.7082409832762442,1448,3515,0,3461,1502,83,52,0.010477533749748136,5.10487364657823,20.86294368560004,2950,0.5943985492645577,2075008,418.0955067499496,680,680
corridor,1002,60,60,10.0,4963,52.26315789473684,60,3840,1123,0.7737255692121701,1123,3840,0,3524,1439,85,122,0.024581906105178318,4.024918897160802,20.066460376776252,2289,0.461212976022567,1612800,324.96473906911143,680,680
corridor,1002,60,60,30.0,4963,52.26315789473684,60,4101,862,0.8263147289945597,862,4101,0,3734,1229,91,334,0.06729800523876688,3.1648578129014227,19.552128098758455,1767,0.35603465645778765,1246208,251.09973806165627,680,680
corridor,1003,60,60,0.0,4957,52.2,60,0,4957,0.0,4957,0,0,3635,1322,101,0,0.0,16.885459323491208,24.179599293236716,10122,2.041960863425459,7116928,1435.7329029655034,375,375
corridor,1003,60,60,1.0,4957,52.2,60,2257,2700,0.4553157151502925,2700,2257,0,3664,1293,86,10,0.0020173492031470646,9.28458774468798,22.54208355614651,5515,1.1125680855356062,3881216,782.9768004841638,375,375
corridor,1003,60,60,2.0,4957,52.2,60,3008,1949,0.6068186403066371,1949,3008,0,3671,1286,89,19,0.003832963485979423,6.835409158558,21.936304843436,3979,0.802703247932217,2798976,564.6512003227758,375,375
corridor,1003,60,60,5.0,4957,52.2,60,3780,1177,0.7625579987895905,1177,3780,0,3688,1269,96,46,0.009279806334476498,4.179269086223207,20.206616772112795,2399,0.48396207383498085,1688448,340.61892273552553,375,375
corridor,1003,60,60,10.0,4957,52.2,60,4135,822,0.8341738955013113,822,4135,0,3739,1218,91,90,0.018156142828323583,2.9784290563460494,18.688262477216707,1680,0.33891466612870685,1185408,239.1381884204156,375,375
corridor,1003,60,60,30.0,4957,52.2,60,4411,546,0.8898527335081703,546,4411,0,3885,1072,97,244,0.04922332055678838,2.121940443528912,17.738770947914865,1113,0.2245309663102683,781312,157.61791406092394,375,375
corridor,1004,60,60,0.0,4959,52.22105263157895,60,0,4959,0.0,4959,0,0,3578,1381,97,0,0.0,17.069778068521913,24.43646623937283,10136,2.0439604759023995,7131264,1438.0447670901392,490,490
corridor,1004,60,60,1.0,4959,52.22105263157895,60,2186,2773,0.4408146803791087,2773,2186,0,3580,1379,105,5,0.001008267795926598,9.667598314331403,23.020441598329988,5671,1.1435773341399476,3995520,805.7108287961282,490,490
corridor,1004,60,60,2.0,4959,52.22105263157895,60,2914,2045,0.5876184714660214,2045,2914,1,3597,1362,101,19,0.0038314176245210726,7.118403728755635,22.009235873708555,4180,0.842911877394636,2948992,594.674732809034,490,490
corridor,1004,60,60,5.0,4959,52.22105263157895,60,3679,1280,0.7418834442427908,1280,3679,0,3628,1331,97,44,0.008872756604154063,4.560177517367581,20.753873920760654,2615,0.5273240572696108,1844096,371.86852187941116,490,490
corridor,1004,60,60,10.0,4959,52.22105263157895,60,4021,938,0.8108489614841702,938,4021,0,3634,1325,104,55,0.01109094575519258,3.434691823536351,19.67244639217789,1917,0.38656987295825773,1350016,272.2355313571285,490,490
corridor,1004,60,60,30.0,4959,52.22105263157895,60,4286,673,0.8642871546682799,673,4286,0,3850,1109,111,284,0.05726961080863077,2.5313366413000944,18.343319015396265,1378,0.27787860455737046,970112,195.6265376083888,490,490
corridor,1005,60,60,0.0,4972,52.357894736842105,60,0,4972,0.0,4972,0,0,3597,1375,91,0,0.0,16.9363406812516,24.359177302105195,10148,2.0410297666934833,7155840,1439.2276749798873,731,731
corridor,1005,60,60,1.0,4972,52.357894736842105,60,2085,2887,0.41934835076427995,2887,2085,1,3604,1368,98,12,0.002413515687851971,9.95224512554332,22.816472169019164,5904,1.1874497184231698,4163584,837.4062751407885,730,730
corridor,1005,60,60,2.0,4972,52.357894736842105,60,2773,2199,0.5577232502011263,2199,2773,0,3606,1366,107,20,0.004022526146419952,7.660092063753421,22.263685171875736,4470,0.8990345937248592,3143296,632.1995172968624,731,731
corridor,1005,60,60,5.0,4972,52.357894736842105,60,3488,1484,0.7015285599356396,1484,3488,1,3643,1329,101,56,0.011263073209975865,5.2540178618789435,21.13712549073199,3032,0.6098149637972646,2130048,428.4086886564763,731,731
corridor,1005,60,60,10.0,4972,52.357894736842105,60,3818,1154,0.7679002413515688,1154,3818,0,3702,1270,99,111,0.022325020112630732,4.1442608189866,20.370937453827764,2355,0.47365245374094933,1658368,333.5414320193081,731,731
corridor,1005,60,60,30.0,4972,52.357894736842105,60,4057,915,0.8159694288012872,915,4057,0,3885,1087,115,307,0.06174577634754626,3.3285997768813105,19.541309350971755,1868,0.37570394207562346,1316864,264.8559935639582,731,731
corridor,1006,60,60,0.0,4938,52.0,60,0,4938,0.0,4938,0,0,3619,1319,101,0,0.0,16.785274117012197,24.133979994045074,10079,2.041109761036857,7093376,1436.487646820575,527,527
corridor,1006,60,60,1.0,4938,52.0,60,2157,2781,0.43681652490886996,2781,2157,0,3621,1317,103,7,0.0014175779667881733,9.58327252216488,22.496471781894197,5658,1.1458080194410694,3988608,807.737545565006,527,527
corridor,1006,60,60,2.0,4938,52.0,60,2887,2051,0.5846496557310652,2051,2887,0,3641,1297,100,14,0.0028351559335763467,7.160334750662969,22.000322472570353,4184,0.8473066018631025,2950912,597.5925475901174,527,527
corridor,1006,60,60,5.0,4938,52.0,60,3623,1315,0.733697853381936,1315,3623,0,3671,1267,108,43,0.008707978938841636,4.669873016798755,20.50248851638585,2681,0.5429323612798704,1886080,381.95220737140545,527,527
corridor,1006,60,60,10.0,4938,52.0,60,3977,961,0.8053867962737951,961,3977,0,3731,1207,89,92,0.01863102470635885,3.4626316913413304,19.467219074498477,1967,0.3983394086674767,1381632,279.7958687727825,527,527
corridor,1006,60,60,30.0,4938,52.0,60,4239,699,0.8584447144592953,699,4239,0,3897,1041,97,262,0.0530579181855002,2.611444977599826,18.55321694666578,1427,0.2889833940866748,1002368,202.99068448764683,527,527
corridor,1007,60,60,0.0,4913,51.73684210526316,60,0,4913,0.0,4913,0,0,3470,1443,105,0,0.0,16.81199237023757,24.108580263790454,10007,2.0368410339914513,7039104,1432.7506615102789,517,517
corridor,1007,60,60,1.0,4913,51.73684210526316,60,2148,2765,0.43720740891512316,2765,2148,0,3490,1423,92,15,0.003053124363932424,9.641473406638557,22.699750044435515,5627,1.1453287197231834,3964544,806.9497252188072,517,517
corridor,1007,60,60,2.0,4913,51.73684210526316,60,2886,2027,0.5874211276205984,2027,2886,0,3516,1397,82,25,0.00508854060655404,7.108356080029223,21.98871273030747,4146,0.8438835741909221,2916096,593.5469163443925,517,517
corridor,1007,60,60,5.0,4913,51.73684210526316,60,3607,1306,0.734174638713617,1306,3607,0,3498,1415,107,30,0.006106248727864848,4.663428497414071,20.624311390255908,2671,0.5436596784042337,1877248,382.09810706289437,517,517
corridor,1007,60,60,10.0,4913,51.73684210526316,60,3941,972,0.8021575412171789,972,3941,0,3575,1338,104,97,0.019743537553429676,3.525244042505751,19.798904629806195,1978,0.40260533279055566,1388928,282.7046611031956,517,517
corridor,1007,60,60,30.0,4913,51.73684210526316,60,4226,687,0.860166904131895,687,4226,0,3856,1057,81,367,0.07469977610421331,2.5471408640511446,18.30124734938749,1394,0.2837370242214533,979584,199.38611846122532,517,517
corridor,1008,60,60,0.0,4938,52.0,60,0,4938,0.0,4938,0,0,3555,1383,97,0,0.0,16.940306078527893,24.187246152932573,10102,2.045767517213447,7107328,1439.3130822195221,696,696
corridor,1008,60,60,1.0,4938,52.0,60,2061,2877,0.41737545565006073,2877,2061,0,3567,1371,110,11,0.0022276225192385582,9.960868213137122,22.961998830044013,5864,1.1875253138922641,4131840,836.7436208991495,696,696
corridor,1008,60,60,2.0,4938,52.0,60,2772,2166,0.5613608748481167,2166,2772,0,3583,1355,99,12,0.002430133657351154,7.611121513396934,22.236491946600268,4426,0.8963142972863507,3119488,631.7310652085865,696,696
corridor,1008,60,60,5.0,4938,52.0,60,3470,1468,0.7027136492507088,1468,3470,0,3606,1332,100,33,0.006682867557715674,5.249573030116747,21.183252820610928,2992,0.6059133252328878,2105472,426.3815309842041,696,696
corridor,1008,60,60,10.0,4938,52.0,60,3816,1122,0.772782503037667,1122,3816,0,3640,1298,87,70,0.014175779667881734,4.041988767730446,20.275643354078444,2280,0.4617253948967193,1602432,324.51032806804375,696,696
corridor,1008,60,60,30.0,4938,52.0,60,4065,873,0.8232077764277035,873,4065,0,3771,1167,99,208,0.042122316727420006,3.210846807410592,19.60195173782608,1779,0.3602673147023086,1254656,254.0818144997975,696,696
corridor,1009,60,60,0.0,4960,52.23157894736842,60,0,4960,0.0,4960,0,0,3732,1228,97,0,0.0,17.001141314729487,24.09654309023601,10127,2.0417338709677417,7126272,1436.7483870967742,561,561
corridor,1009,60,60,1.0,4960,52.23157894736842,60,2151,2809,0.43366935483870966,2809,2151,1,3738,1222,101,11,0.002217741935483871,9.637847230063842,22.807117251598186,5725,1.154233870967742,4029952,812.4903225806452,561,561
corridor,1009,60,60,2.0,4960,52.23157894736842,60,2860,2100,0.5766129032258065,2100,2860,0,3733,1227,108,10,0.0020161290322580645,7.3328637971777075,22.020861921824242,4296,0.8661290322580645,3028864,610.658064516129,561,561
corridor,1009,60,60,5.0,4960,52.23157894736842,60,3609,1351,0.7276209677419355,1351,3609,0,3766,1194,92,29,0.005846774193548387,4.8188603199430435,21.138339623881567,2758,0.5560483870967742,1938944,390.9161290322581,561,561
corridor,1009,60,60,10.0,4960,52.23157894736842,60,3955,1005,0.7973790322580645,1005,3955,0,3811,1149,88,69,0.013911290322580646,3.605695450316347,19.756031379048093,2050,0.41330645161290325,1440512,290.4258064516129,561,561
corridor,1009,60,60,30.0,4960,52.23157894736842,60,4212,748,0.8491935483870968,748,4212,0,3975,985,105,253,0.051008064516129034,2.7670190295770962,18.756487579777925,1523,0.30705645161290324,1074432,216.61935483870968,561,561
corridor,1010,60,60,0.0,4966,52.294736842105266,60,0,4966,0.0,4966,0,0,3538,1428,99,0,0.0,16.906351404174135,24.03474270869843,10132,2.040273862263391,7129344,1435.6310914216674,541,541
corridor,1010,60,60,1.0,4966,52.294736842105266,60,2175,2791,0.43797825211437774,2791,2175,0,3557,1409,93,14,0.002819170358437374,9.5863529064816,22.52846931181196,5698,1.1474023358840113,4006912,806.869109947644,541,541
corridor,1010,60,60,2.0,4966,52.294736842105266,60,2897,2069,0.5833668948852195,2069,2897,0,3566,1400,96,20,0.004027386226339106,7.187811880954104,21.904530786371446,4230,0.8517921868707209,2977024,599.4812726540475,541,541
corridor,1010,60,60,5.0,4966,52.294736842105266,60,3630,1336,0.7309706000805477,1336,3630,0,3586,1380,106,42,0.008457511075312122,4.764329181048396,20.771689405494342,2724,0.5485300040273863,1913216,385.26298832057995,541,541
corridor,1010,60,60,10.0,4966,52.294736842105266,60,3986,980,0.8026580749093838,980,3986,0,3645,1321,92,94,0.018928715263793798,3.5313130813484537,19.730251754259243,2000,0.4027386226339106,1411584,284.24969794603305,541,541
corridor,1010,60,60,30.0,4966,52.294736842105266,60,4244,722,0.8546113572291583,722,4244,0,3823,1143,109,284,0.057188884414015304,2.672154880675484,18.569610631981703,1476,0.297221103503826,1042688,209.9653644784535,541,541
corridor,1001,80,80,0.0,6288,66.2,80,0,6288,0.0,6288,0,0,4625,1663,109,0,0.0,16.8884265927979,24.090246910439102,12849,2.043416030534351,9055104,1440.0610687022902,670,670
corridor,1001,80,80,1.0,6288,66.2,80,2758,3530,0.43861323155216286,3530,2758,0,4636,1652,120,15,0.002385496183206107,9.604254600338653,22.6876660878073,7202,1.145356234096692,5061248,804.9058524173028,670,670
corridor,1001,80,80,2.0,6288,66.2,80,3692,2596,0.5871501272264631,2596,3692,0,4653,1635,112,27,0.004293893129770993,7.1946485335286505,22.288698239615456,5309,0.8443066157760815,3741568,595.0330788804072,670,670
corridor,1001,80,80,5.0,6288,66.2,80,4630,1658,0.736323155216285,1658,4630,0,4682,1606,124,59,0.009382951653944021,4.665265159749109,20.753472461878175,3381,0.5376908396946565,2383360,379.0330788804071,670,670
corridor,1001,80,80,10.0,6288,66.2,80,5048,1240,0.8027989821882952,1240,5048,0,4731,1557,149,132,0.02099236641221374,3.533825848515331,19.91712598750385,2537,0.40346692111959287,1788288,284.39694656488547,670,670
corridor,1001,80,80,30.0,6288,66.2,80,5397,891,0.8583015267175572,891,5397,0,4978,1310,129,370,0.058842239185750635,2.6285277480953098,18.683396785483808,1815,0.2886450381679389,1280896,203.70483460559797,670,670
corridor,1002,80,80,0.0,6308,66.41052631578947,80,0,6308,0.0,6308,0,0,4569,1739,141,0,0.0,16.95486262354777,24.285980864755885,12905,2.0458148383005708,9085568,1440.3246670894102,1072,1072
corridor,1002,80,80,1.0,6308,66.41052631578947,80,2547,3761,0.4037729866835764,3761,2547,0,4614,1694,107,14,0.0022194039315155357,10.304913772393204,23.25744806917669,7684,1.2181357006975269,5403264,856.57324032974,1072,1072
corridor,1002,80,80,2.0,6308,66.41052631578947,80,3409,2899,0.540424857324033,2899,3409,0,4594,1714,138,18,0.0028535193405199747,7.879997516089596,22.219254370729036,5918,0.9381737476220672,4171648,661.3265694356373,1072,1072
corridor,1002,80,80,5.0,6308,66.41052631578947,80,4288,2020,0.6797717184527584,2020,4288,0,4646,1662,123,55,0.008719086873811033,5.586649761570081,21.155597496914766,4122,0.6534559289790742,2904576,460.4590995561192,1072,1072
corridor,1002,80,80,10.0,6308,66.41052631578947,80,4684,1624,0.7425491439441978,1624,4684,0,4720,1588,118,126,0.019974635383639822,4.520604040123661,20.41089554523978,3310,0.5247305009511731,2330240,369.4102726696259,1072,1072
corridor,1002,80,80,30.0,6308,66.41052631578947,80,5017,1291,0.7953392517438174,1291,5017,0,4981,1327,116,389,0.06166772352568167,3.669413547183718,19.97900959253229,2635,0.4177235256816741,1859072,294.716550412175,1072,1072
corridor,1003,80,80,0.0,6292,66.2421052631579,80,0,6292,0.0,6292,0,0,4690,1602,126,0,0.0,16.897840336743336,24.18782518589566,12846,2.0416401780038145,9034624,1435.8906547997458,723,723
corridor,1003,80,80,1.0,6292,66.2421052631579,80,2724,3568,0.43293070565797837,3568,2724,0,4701,1591,137,13,0.002066115702479339,9.679872974314494,22.734178319294784,7290,1.1586141131595677,5131264,815.5219326128417,723,723
corridor,1003,80,80,2.0,6292,66.2421052631579,80,3645,2647,0.5793070565797839,2647,3645,0,4709,1583,134,25,0.003973299427844882,7.280130007223776,22.02343137379543,5402,0.8585505403687221,3801216,604.1347743165925,723,723
corridor,1003,80,80,5.0,6292,66.2421052631579,80,4587,1705,0.7290209790209791,1705,4587,0,4734,1558,135,45,0.0071519389701207884,4.717721114555928,20.536528528758424,3472,0.5518118245390973,2443392,388.33312142403054,723,723
corridor,1003,80,80,10.0,6292,66.2421052631579,80,5014,1278,0.7968849332485696,1278,5014,0,4807,1485,128,117,0.01859504132231405,3.6014481402612515,19.56199164715322,2607,0.4143356643356643,1835776,291.76350921805465,723,723
corridor,1003,80,80,30.0,6292,66.2421052631579,80,5346,946,0.8496503496503497,946,5346,0,5078,1214,129,384,0.06102987921169739,2.7862500195307747,18.94462512441981,1933,0.3072155117609663,1355008,215.35410044500955,723,723
corridor,1004,80,80,0.0,6280,66.11578947368422,80,0,6280,0.0,6280,0,0,4526,1754,132,0,0.0,17.02521153481366,24.242711145755518,12843,2.0450636942675158,9034752,1438.6547770700638,604,604
corridor,1004,80,80,1.0,6280,66.11578947368422,80,2784,3496,0.44331210191082804,3496,2784,0,4540,1740,126,13,0.002070063694267516,9.596466785046399,22.953715825538968,7143,1.137420382165605,5035392,801.8140127388535,604,604
corridor,1004,80,80,2.0,6280,66.11578947368422,80,3711,2569,0.5909235668789808,2569,3711,1,4534,1746,133,22,0.0035031847133757963,7.0709595371684815,21.877937227327482,5253,0.8364649681528662,3703040,589.656050955414,604,604
corridor,1004,80,80,5.0,6280,66.11578947368422,80,4666,1614,0.7429936305732484,1614,4666,0,4575,1705,134,61,0.009713375796178344,4.553591760200328,20.78051515786043,3297,0.525,2323328,369.95668789808917,604,604
corridor,1004,80,80,10.0,6280,66.11578947368422,80,5099,1181,0.8119426751592357,1181,5099,0,4645,1635,143,140,0.022292993630573247,3.395817928682645,19.5359064262657,2407,0.38328025477707006,1694080,269.7579617834395,604,604
corridor,1004,80,80,30.0,6280,66.11578947368422,80,5445,835,0.8670382165605095,835,5445,0,4884,1396,119,351,0.05589171974522293,2.4790892679628054,18.34218584823473,1711,0.2724522292993631,1204096,191.73503184713377,604,604
corridor,1005,80,80,0.0,6333,66.67368421052632,80,0,6333,0.0,6333,0,0,4580,1753,137,0,0.0,16.935723328691218,24.24883912046951,12950,2.0448444654981843,9126656,1441.1267961471656,434,434
corridor,1005,80,80,1.0,6333,66.67368421052632,80,2899,3434,0.45776093478604135,3434,2899,1,4584,1749,130,9,0.0014211274277593558,9.266152827123015,22.60055050280005,7018,1.1081635875572398,4946944,781.1375335543976,434,434
corridor,1005,80,80,2.0,6333,66.67368421052632,80,3870,2463,0.6110847939365229,2463,3870,0,4590,1743,144,24,0.0037896731406916154,6.769401761665393,21.926428910426655,5006,0.7904626559292595,3519744,555.7783041212696,434,434
corridor,1005,80,80,5.0,6333,66.67368421052632,80,4872,1461,0.7693036475603979,1461,4872,1,4623,1710,131,60,0.009474182851729039,4.115664180398941,20.31717733905598,2985,0.47134059687351965,2097408,331.18711511132165,434,434
corridor,1005,80,80,10.0,6333,66.67368421052632,80,5319,1014,0.8398863098057793,1014,5319,0,4698,1635,138,142,0.022422232749092056,2.936826577029045,19.050640171069222,2070,0.3268593083846518,1457280,230.10895310279489,434,434
corridor,1005,80,80,30.0,6333,66.67368421052632,80,5671,662,0.895468182535923,662,5671,0,5014,1319,121,434,0.0685299226275067,1.9904588112699293,17.099383145510657,1350,0.21316911416390336,953088,150.49549976314543,434,434
corridor,1006,80,80,0.0,6314,66.47368421052632,80,0,6314,0.0,6314,0,0,4615,1699,139,0,0.0,16.826468086940935,24.15674390663476,12883,2.040386442825467,9066496,1435.9353816914793,690,690
corridor,1006,80,80,1.0,6314,66.47368421052632,80,2749,3565,0.43538169147925243,3565,2749,0,4623,1691,140,12,0.0019005384859043396,9.63380984156622,22.56185739242511,7262,1.150142540386443,5122304,811.2613240418118,690,690
corridor,1006,80,80,2.0,6314,66.47368421052632,80,3668,2646,0.5809312638580931,2646,3668,0,4653,1661,122,17,0.0026924295216978144,7.249067370901323,22.07426271339318,5401,0.8554006968641115,3809920,603.4082990180551,690,690
corridor,1006,80,80,5.0,6314,66.47368421052632,80,4624,1690,0.7323408299018055,1690,4624,0,4664,1650,147,48,0.007602153943617358,4.716706166411965,20.58850598840287,3446,0.5457713018688628,2426880,384.36490338929366,690,690
corridor,1006,80,80,10.0,6314,66.47368421052632,80,5061,1253,0.8015521064301552,1253,5061,0,4756,1558,122,128,0.020272410516312955,3.5316094867092005,19.505353795582177,2559,0.4052898321191004,1798400,284.82736775419704,690,690
corridor,1006,80,80,30.0,6314,66.47368421052632,80,5391,923,0.8538169147925245,923,5391,0,4971,1343,128,352,0.05574912891986063,2.6915835128822763,18.577363426420483,1883,0.2982261640798226,1324288,209.73835920177385,690,690
corridor,1007,80,80,0.0,6238,65.67368421052632,80,0,6238,0.0,6238,0,0,4452,1786,124,0,0.0,16.818141191405587,24.18063449073315,12705,2.0367104841295287,8942976,1433.6287271561398,951,951
corridor,1007,80,80,1.0,6238,65.67368421052632,80,2573,3665,0.4124719461365822,3665,2573,0,4467,1771,125,12,0.0019236934915036871,10.068008266243623,22.82405060907315,7464,1.1965373517152933,5255552,842.5059313882655,951,951
corridor,1007,80,80,2.0,6238,65.67368421052632,80,3431,2807,0.5500160307790959,2807,3431,0,4476,1762,138,28,0.004488618146841937,7.751641590103132,22.284792616589755,5739,0.9200064123116384,4038912,647.469060596345,951,951
corridor,1007,80,80,5.0,6238,65.67368421052632,80,4318,1920,0.6922090413594101,1920,4318,0,4519,1719,128,62,0.009939083039435716,5.390739013281734,21.20746362677223,3926,0.629368387303623,2761216,442.6444373196537,951,951
corridor,1007,80,80,10.0,6238,65.67368421052632,80,4748,1490,0.7611413914716255,1490,4748,0,4575,1663,109,110,0.017633857005450466,4.186000949624891,20.277752557763584,3033,0.4862135299775569,2129408,341.36069252965694,951,951
corridor,1007,80,80,30.0,6238,65.67368421052632,80,5061,1177,0.8113177300416801,1177,5061,0,4833,1405,132,375,0.060115421609490224,3.3959933673706235,19.559539120398732,2396,0.38409746713690285,1683200,269.8300737415838,951,951
corridor,1008,80,80,0.0,6268,65.98947368421052,80,0,6268,0.0,6268,0,0,4547,1721,137,0,0.0,16.95593541756888,24.183687761670566,12827,2.046426292278239,9025280,1439.8978940650925,710,710
corridor,1008,80,80,1.0,6268,65.98947368421052,80,2719,3549,0.4337906828334397,3549,2719,0,4566,1702,123,11,0.0017549457562220803,9.68517100952893,22.862092688557922,7231,1.1536375239310785,5097344,813.2329291640077,710,710
corridor,1008,80,80,2.0,6268,65.98947368421052,80,3634,2634,0.5797702616464582,2634,3634,0,4595,1673,114,30,0.004786215698787492,7.327919443545018,22.214822130380263,5390,0.8599234205488194,3798144,605.9578813018506,710,710
corridor,1008,80,80,5.0,6268,65.98947368421052,80,4565,1703,0.7283024888321634,1703,4565,0,4618,1650,120,60,0.009572431397574984,4.8171927293285375,20.920200371236497,3470,0.5536056158264199,2441984,389.5954052329292,710,710
corridor,1008,80,80,10.0,6268,65.98947368421052,80,4994,1274,0.7967453733248245,1274,4994,0,4675,1593,131,129,0.020580727504786216,3.6531871423935867,20.04699928937085,2591,0.4133694958519464,1821824,290.65475430759415,710,710
corridor,1008,80,80,30.0,6268,65.98947368421052,80,5332,936,0.8506700701978303,936,5332,0,4971,1297,122,421,0.0671665603063178,2.748132155987109,18.859476221124535,1909,0.3045628589661774,1345280,214.62667517549457,710,710
corridor,1009,80,80,0.0,6296,66.28421052631579,80,0,6296,0.0,6296,0,0,4598,1698,119,0,0.0,16.994422421694193,24.118322698267747,12861,2.042725540025413,9049216,1437.2960609911054,460,460
corridor,1009,80,80,1.0,6296,66.28421052631579,80,2866,3430,0.4552096569250318,3430,2866,1,4619,1677,111,13,0.002064803049555273,9.309879632844886,22.773166525766438,6986,1.1095933926302415,4918144,781.15374841169,460,460
corridor,1009,80,80,2.0,6296,66.28421052631579,80,3840,2456,0.6099110546378653,2456,3840,0,4637,1659,109,28,0.0044472681067344345,6.7743225101182185,21.826321800908488,5021,0.7974904701397713,3541504,562.5006353240152,460,460
corridor,1009,80,80,5.0,6296,66.28421052631579,80,4814,1482,0.7646124523506989,1482,4814,0,4669,1627,115,69,0.010959339263024143,4.200509610144901,20.533877161671654,3025,0.48046378653113087,2128256,338.0330368487929,460,460
corridor,1009,80,80,10.0,6296,66.28421052631579,80,5263,1033,0.8359275730622617,1033,5263,0,4767,1529,125,165,0.026207115628970774,2.9628102569288854,19.007256810669837,2107,0.3346569250317662,1481088,235.24269377382464,460,460
corridor,1009,80,80,30.0,6296,66.28421052631579,80,5605,691,0.8902477763659467,691,5605,0,4969,1327,129,371,0.05892630241423126,2.0781434420312634,17.13397976764064,1407,0.22347522236340533,991872,157.5400254129606,460,460
corridor,1010,80,80,0.0,6316,66.49473684210527,80,0,6316,0.0,6316,0,0,4531,1785,126,0,0.0,16.913139042320854,24.098473427422107,12881,2.0394236858771375,9065088,1435.2577580747309,540,540
corridor,1010,80,80,1.0,6316,66.49473684210527,80,2832,3484,0.4483850538315389,3484,2832,0,4551,1765,124,7,0.0011082963901203294,9.435115600161383,22.554662248163382,7117,1.126820772640912,5006336,792.6434452184927,540,540
corridor,1010,80,80,2.0,6316,66.49473684210527,80,3773,2543,0.5973717542748576,2543,3773,0,4568,1748,130,23,0.003641545281823939,6.9740547765497265,21.941622424211715,5204,0.8239392020265991,3662720,579.9113362887904,540,540
corridor,1010,80,80,5.0,6316,66.49473684210527,80,4757,1559,0.7531665611146295,1559,4757,0,4593,1723,134,55,0.00870804306523116,4.380577636499073,20.529180765450405,3182,0.5037998733375554,2232960,353.5402153261558,540,540
corridor,1010,80,80,10.0,6316,66.49473684210527,80,5199,1117,0.8231475617479417,1117,5199,0,4665,1651,130,125,0.019791006966434453,3.19754849692414,19.386041191057135,2283,0.3614629512349588,1607680,254.54084863837872,540,540
corridor,1010,80,80,30.0,6316,66.49473684210527,80,5548,768,0.8784040531982267,768,5548,0,4920,1396,135,383,0.06063964534515516,2.275780837510824,17.774381041640197,1568,0.24825839138695377,1107456,175.34135528815708,540,540
corridor,1001,100,100,0.0,7451,78.4421052631579,100,0,7451,0.0,7451,0,0,5432,2019,173,0,0.0,16.893904503600236,24.11723866495663,15221,2.0428130452288285,10729472,1440.0042947255401,1047,1047
corridor,1001,100,100,1.0,7451,78.4421052631579,100,3131,4320,0.42021205207354717,4320,3131,0,5478,1973,141,10,0.0013421017313112334,9.900669388869938,22.762255385291752,8808,1.1821232049389343,6194560,831.3729700711314,1047,1047
corridor,1001,100,100,2.0,7451,78.4421052631579,100,4185,3266,0.5616695745537512,3266,4185,0,5500,1951,140,35,0.004697356059589317,7.631665230795259,22.423041219933992,6678,0.8962555361696417,4702208,631.0841497785532,1047,1047
corridor,1001,100,100,5.0,7451,78.4421052631579,100,5266,2185,0.7067507717084955,2185,5266,0,5511,1940,150,64,0.008589451080391894,5.140452965644831,20.99254652413407,4454,0.5977721111260234,3138304,421.1923231780969,1047,1047
corridor,1001,100,100,10.0,7451,78.4421052631579,100,5776,1675,0.7751979600053684,1675,5776,0,5584,1867,129,120,0.0161052207757348,4.010522484393328,20.4240412772414,3428,0.4600724734934908,2414208,324.011273654543,1047,1047
corridor,1001,100,100,30.0,7451,78.4421052631579,100,6168,1283,0.8278083478727688,1283,6168,0,5879,1572,156,420,0.056368272715071804,3.138146237368405,19.351456899002528,2615,0.3509596027378875,1840512,247.01543416991007,1047,1047
corridor,1002,100,100,0.0,7457,78.50526315789473,100,0,7457,0.0,7457,0,0,5517,1940,127,0,0.0,16.989144200418735,24.314176943221355,15248,2.0447901300791202,10732800,1439.2919404586294,1226,1226
corridor,1002,100,100,1.0,7457,78.50526315789473,100,3037,4420,0.40726833847391714,4420,3037,0,5512,1945,154,14,0.0018774306021188145,10.211860046081158,23.142616080724565,9024,1.2101381252514416,6348416,851.3364623843369,1226,1226
corridor,1002,100,100,2.0,7457,78.50526315789473,100,4060,3397,0.5444548746144562,3397,4060,0,5525,1932,145,29,0.0038889633901032588,7.8158265042075605,22.28662957440974,6939,0.9305350677216039,4889984,655.7575432479549,1226,1226
corridor,1002,100,100,5.0,7457,78.50526315789473,100,5099,2358,0.6837870457288454,2358,5099,0,5577,1880,162,82,0.010996379240981628,5.538960915651128,21.169052384203724,4812,0.6452997183854097,3390336,454.6514684189352,1226,1226
corridor,1002,100,100,10.0,7457,78.50526315789473,100,5590,1867,0.7496312189888695,1867,5590,0,5626,1831,154,117,0.015689955746278666,4.422822276905436,20.368936523001935,3805,0.5102588172187207,2680064,359.40244065978277,1226,1226
corridor,1002,100,100,30.0,7457,78.50526315789473,100,5968,1489,0.8003218452460775,1489,5968,0,5934,1523,149,430,0.057663939922220735,3.58287169729521,19.934318572876464,3038,0.40740244065978276,2143232,287.4120960171651,1226,1226
corridor,1003,100,100,0.0,7443,78.3578947368421,100,0,7443,0.0,7443,0,0,5508,1935,127,0,0.0,16.92301128019197,24.211891419940194,15193,2.0412468090823594,10687360,1435.894128711541,1038,1038
corridor,1003,100,100,1.0,7443,78.3578947368421,100,3120,4323,0.4191858121725111,4323,3120,0,5513,1930,141,12,0.0016122531237404273,9.888543989726339,22.692949513066907,8830,1.1863495902189978,6218112,835.4308746473197,1038,1038
corridor,1003,100,100,2.0,7443,78.3578947368421,100,4184,3259,0.5621389224774956,3259,4184,0,5530,1913,140,31,0.004164987236329437,7.563360822845267,22.126393452395376,6656,0.8942630659680236,4681344,628.9592906086256,1038,1038
corridor,1003,100,100,5.0,7443,78.3578947368421,100,5260,2183,0.7067042859062206,2183,5260,0,5578,1865,147,67,0.00900174660755072,5.124275212319614,21.036951007052096,4449,0.5977428456267634,3135232,421.2322988042456,1038,1038
corridor,1003,100,100,10.0,7443,78.3578947368421,100,5752,1691,0.7728066639795781,1691,5752,0,5645,1798,143,148,0.019884455192798602,4.004820348417341,19.75902961251989,3446,0.4629853553674594,2425088,325.82130861211874,1038,1038
corridor,1003,100,100,30.0,7443,78.3578947368421,100,6140,1303,0.8249361816471853,1303,6140,0,5894,1549,168,405,0.05441354292623942,3.2145531301097274,19.51134804211705,2668,0.35845761117828834,1873792,251.75225043665188,1038,1038
corridor,1004,100,100,0.0,7431,78.23157894736842,100,0,7431,0.0,7431,0,0,5408,2023,176,0,0.0,16.998089843950055,24.18129046258599,15193,2.0445431301305343,10687360,1438.2128919391737,1022,1022
corridor,1004,100,100,1.0,7431,78.23157894736842,100,3124,4307,0.4204010227425649,4307,3124,0,5450,1981,138,14,0.0018839994617144396,9.961432293592276,22.937780336171443,8805,1.18490109002826,6205440,835.074687121518,1022,1022
corridor,1004,100,100,2.0,7431,78.23157894736842,100,4183,3248,0.5629121248822501,3248,4183,1,5466,1965,138,28,0.003767998923428879,7.546667882731422,22.07036380652489,6632,0.8924774592921545,4671616,628.6658592383259,1022,1022
corridor,1004,100,100,5.0,7431,78.23157894736842,100,5262,2169,0.7081146548243843,2169,5262,0,5498,1933,130,64,0.008612568967837438,5.135876455049852,21.139811778965623,4423,0.5952092585116404,3115136,419.20818194051947,1022,1022
corridor,1004,100,100,10.0,7431,78.23157894736842,100,5749,1682,0.7736509218140223,1682,5749,0,5563,1868,159,154,0.020723994078858835,4.038384132744408,20.269154151129953,3428,0.4613107253397928,2411520,324.52159870811465,1022,1022
corridor,1004,100,100,30.0,7431,78.23157894736842,100,6151,1280,0.8277486206432513,1280,6151,0,5897,1534,143,466,0.06271026779706634,3.1676658382315357,19.295639535343412,2623,0.3529807562912125,1847936,248.67931637733818,1022,1022
corridor,1005,100,100,0.0,7479,78.73684210526316,100,0,7479,0.0,7479,0,0,5535,1944,123,0,0.0,16.925068228718356,24.189898779848562,15282,2.0433212996389893,10770176,1440.055622409413,936,936
corridor,1005,100,100,1.0,7479,78.73684210526316,100,3190,4289,0.4265276106431341,4289,3190,1,5525,1954,149,18,0.0024067388688327317,9.807374660417503,22.719501987090137,8763,1.171680705976735,6175872,825.7617328519856,936,936
corridor,1005,100,100,2.0,7479,78.73684210526316,100,4274,3205,0.5714667736328386,3205,4274,0,5553,1926,126,25,0.003342692873378794,7.434320382978462,22.24628542540614,6527,0.8727102553817355,4588288,613.4895039443776,936,936
corridor,1005,100,100,5.0,7479,78.73684210526316,100,5392,2087,0.7209519989303382,2087,5392,1,5596,1883,130,75,0.010028078620136383,4.919517455874733,20.947175671403073,4264,0.5701296964834871,2997376,400.77229576146544,935,935
corridor,1005,100,100,10.0,7479,78.73684210526316,100,5874,1605,0.7853991175290814,1605,5874,0,5630,1849,160,128,0.017114587511699426,3.85727651611609,20.188031659625235,3277,0.43816018184249234,2308352,308.6444711859874,936,936
corridor,1005,100,100,30.0,7479,78.73684210526316,100,6285,1194,0.8403529883674288,1194,6285,0,5976,1503,155,473,0.06324374916432678,2.928234645460394,18.847502961845905,2437,0.32584570129696483,1719680,229.93448321968177,936,936
corridor,1006,100,100,0.0,7501,78.96842105263158,100,0,7501,0.0,7501,0,0,5497,2004,145,0,0.0,16.862340705094578,24.20880007576187,15322,2.0426609785361953,10784000,1437.6749766697774,1089,1089
corridor,1006,100,100,1.0,7501,78.96842105263158,100,3113,4388,0.41501133182242367,4388,3113,0,5502,1999,153,8,0.0010665244634048793,9.991022337579292,22.76419926121065,8946,1.1926409812025063,6300672,839.9776029862685,1089,1089
corridor,1006,100,100,2.0,7501,78.96842105263158,100,4165,3336,0.5552592987601653,3336,4165,0,5530,1971,149,28,0.0037328356219170776,7.689477759826814,22.2351987084366,6818,0.9089454739368085,4804352,640.4948673510198,1089,1089
corridor,1006,100,100,5.0,7501,78.96842105263158,100,5243,2258,0.6989734702039728,2258,5243,0,5567,1934,144,70,0.009332089054792695,5.2672676449013345,20.988336648905204,4599,0.61311825089988,3242624,432.2922277029729,1089,1089
corridor,1006,100,100,10.0,7501,78.96842105263158,100,5766,1735,0.7686975069990668,1735,5766,0,5629,1872,135,124,0.01653112918277563,4.080907154009936,19.956039322178043,3549,0.4731369150779896,2497152,332.90921210505263,1089,1089
corridor,1006,100,100,30.0,7501,78.96842105263158,100,6151,1350,0.8200239968004266,1350,6151,0,5967,1534,135,455,0.060658578856152515,3.263314186195327,19.300978167080984,2756,0.36741767764298094,1941120,258.7814958005599,1089,1089
corridor,1007,100,100,0.0,7439,78.3157894736842,100,0,7439,0.0,7439,0,0,5407,2032,136,0,0.0,16.846228853879165,24.208705252613424,15149,2.0364296276381233,10667136,1433.947573598602,1307,1307
corridor,1007,100,100,1.0,7439,78.3157894736842,100,2973,4466,0.3996504906573464,4466,2973,0,5414,2025,149,20,0.0026885334050275574,10.27258135895826,22.90734021979688,9091,1.2220728592552763,6402304,860.6404086570776,1307,1307
corridor,1007,100,100,2.0,7439,78.3157894736842,100,3967,3472,0.533270600887216,3472,3967,0,5404,2035,176,34,0.004570506788546848,8.012779706412253,22.29759479555753,7099,0.9542949321145315,4996352,671.6429627638123,1307,1307
corridor,1007,100,100,5.0,7439,78.3157894736842,100,5012,2427,0.673746471299906,2427,5012,0,5480,1959,143,91,0.012232826992875387,5.693232663912455,21.397278531847498,4957,0.6663530044360801,3487488,468.81139938163733,1307,1307
corridor,1007,100,100,10.0,7439,78.3157894736842,100,5484,1955,0.7371958596585563,1955,5484,0,5544,1895,164,162,0.021777120580723217,4.587266013278753,20.417166951304466,3983,0.5354214276112381,2800000,376.39467670385807,1307,1307
corridor,1007,100,100,30.0,7439,78.3157894736842,100,5882,1557,0.7906976744186046,1557,5882,0,5928,1511,144,528,0.07097728189272752,3.740332110747292,19.912678279070658,3168,0.4258636913563651,2225792,299.2058072321549,1307,1307
corridor,1008,100,100,0.0,7417,78.08421052631579,100,0,7417,0.0,7417,0,0,5324,2093,161,0,0.0,16.955844281075084,24.190291631789762,15172,2.045570985573682,10679296,1439.840366725091,967,967
corridor,1008,100,100,1.0,7417,78.08421052631579,100,3128,4289,0.4217338546582176,4289,3128,0,5348,2069,157,13,0.0017527302143723878,9.870495219345434,22.841986020316085,8744,1.1789133072670892,6168320,831.646218147499,967,967
corridor,1008,100,100,2.0,7417,78.08421052631579,100,4188,3229,0.56464877983012,3229,4188,0,5366,2051,161,36,0.0048537144398004585,7.555148675467456,22.243567185944357,6605,0.8905217743022785,4657536,627.9541593636241,967,967
corridor,1008,100,100,5.0,7417,78.08421052631579,100,5294,2123,0.7137656734528786,2123,5294,0,5400,2017,152,74,0.009977079681812053,5.034306691740369,21.016062372672195,4328,0.5835243359848995,3043328,410.3179182958069,967,967
corridor,1008,100,100,10.0,7417,78.08421052631579,100,5812,1605,0.7836052312255629,1605,5812,0,5489,1928,142,149,0.020088984764729676,3.8575161270867473,20.10790546873551,3266,0.440339760010786,2295680,309.515976810031,967,967
corridor,1008,100,100,30.0,7417,78.08421052631579,100,6194,1223,0.83510853444789,1223,6194,0,5870,1547,152,540,0.07280571659700688,3.01006523794322,19.221878147720872,2492,0.33598489955507616,1757056,236.8957799649454,967,967
corridor,1009,100,100,0.0,7452,78.45263157894736,100,0,7452,0.0,7452,0,0,5337,2115,165,0,0.0,16.97653485164812,24.044792547910276,15221,2.0425389157273215,10711552,1437.406333870102,697,697
corridor,1009,100,100,1.0,7452,78.45263157894736,100,3301,4151,0.4429683306494901,4151,3301,1,5363,2089,141,19,0.002549651100375738,9.525213068300868,22.837878277879753,8455,1.1345947396672034,5954560,799.0552871712292,697,697
corridor,1009,100,100,2.0,7452,78.45263157894736,100,4411,3041,0.5919216317767042,3041,4411,0,5362,2090,171,33,0.004428341384863124,7.051330939516407,21.89217383745259,6217,0.8342726784755771,4379008,587.6285560923242,697,697
corridor,1009,100,100,5.0,7452,78.45263157894736,100,5563,1889,0.7465110037573806,1889,5563,0,5429,2023,150,86,0.011540526033279656,4.495268597791044,20.815114965392922,3856,0.5174449812130971,2712832,364.04079441760604,697,697
corridor,1009,100,100,10.0,7452,78.45263157894736,100,6052,1400,0.8121309715512615,1400,6052,0,5470,1982,181,153,0.020531400966183576,3.3703510231336593,19.544523929975096,2857,0.3833870101986044,2010880,269.8443370907139,697,697
corridor,1009,100,100,30.0,7452,78.45263157894736,100,6487,965,0.870504562533548,965,6487,0,5825,1627,145,473,0.06347289318303811,2.4061843365447704,18.06131419823256,1965,0.2636876006441224,1385600,185.93666129898014,697,697
corridor,1010,100,100,0.0,7477,78.71578947368421,100,0,7477,0.0,7477,0,0,5428,2049,132,0,0.0,16.93928542561439,24.127513345578677,15244,2.0387856092015513,10722816,1434.1067272970442,867,867
corridor,1010,100,100,1.0,7477,78.71578947368421,100,3226,4251,0.4314564664972583,4251,3226,0,5443,2034,135,16,0.0021398956800855956,9.746885859721141,22.756731961891315,8688,1.1619633542864785,6108288,816.9436939949178,867,867
corridor,1010,100,100,2.0,7477,78.71578947368421,100,4324,3153,0.5783068075431322,3153,4324,0,5443,2034,151,31,0.004146047880165842,7.294449159091752,22.144841729658538,6457,0.8635816503945433,4543488,607.6618964825465,867,867
corridor,1010,100,100,5.0,7477,78.71578947368421,100,5453,2024,0.7293031964691721,2024,5453,0,5487,1990,134,68,0.009094556640363783,4.79046603915823,20.794079868673517,4132,0.5526280593821051,2902656,388.21131469840844,867,867
corridor,1010,100,100,10.0,7477,78.71578947368421,100,5971,1506,0.7985823191119433,1506,5971,0,5569,1908,127,138,0.018456600240738263,3.613825739833162,19.862070352984773,3073,0.41099371405643975,2163840,289.399491774776,867,867
corridor,1010,100,100,30.0,7477,78.71578947368421,100,6360,1117,0.8506085328340244,1117,6360,0,5805,1672,130,374,0.0500200615220008,2.7461337031468136,18.800691878145415,2276,0.304400160492176,1605888,214.7770496188311,867,867
intersection,1001,20,20,0.0,1507,16.094736842105263,20,0,1507,0.0,1507,0,0,1068,439,23,0,0.0,16.841505209073606,23.971017512719328,3088,2.049104180491042,2173952,1442.5693430656934,147,147
intersection,1001,20,20,1.0,1507,16.094736842105263,20,656,851,0.43530192435301923,851,656,0,1068,439,29,1,0.0006635700066357001,9.695378760442459,22.480647700251666,1727,1.145985401459854,1212672,804.6927670869277,147,147
intersection,1001,20,20,2.0,1507,16.094736842105263,20,876,631,0.5812873258128732,631,876,0,1067,440,35,6,0.003981420039814201,7.257077515752829,22.536240798701,1300,0.8626410086264101,919680,610.2720637027206,147,147
intersection,1001,20,20,5.0,1507,16.094736842105263,20,1103,404,0.7319177173191772,404,1103,0,1089,418,28,20,0.013271400132714002,4.709300287918808,20.63441568797444,822,0.5454545454545454,579584,384.5945587259456,147,147
intersection,1001,20,20,10.0,1507,16.094736842105263,20,1204,303,0.7989382879893829,303,1204,0,1098,409,28,31,0.0205706702057067,3.587277875245879,19.555220111962512,616,0.40875912408759124,434560,288.3609820836098,147,147
intersection,1001,20,20,30.0,1507,16.094736842105263,20,1302,205,0.8639681486396815,205,1302,0,1161,346,20,90,0.059721300597213006,2.516102415046782,18.32120019106327,416,0.27604512276045123,293760,194.93032514930326,147,147
intersection,1002,20,20,0.0,1477,15.884210526315789,20,0,1477,0.0,1477,0,0,1166,311,30,0,0.0,16.980200421453645,24.094968269355377,3025,2.048070412999323,2132736,1443.9647935003386,158,158
intersection,1002,20,20,1.0,1477,15.884210526315789,20,667,810,0.4515910629654705,810,667,0,1172,305,25,2,0.0013540961408259986,9.558001831695817,22.95530757124098,1653,1.119160460392688,1163264,787.5856465809072,158,158
intersection,1002,20,20,2.0,1477,15.884210526315789,20,876,601,0.5930941096817874,601,876,0,1169,308,24,3,0.002031144211238998,6.973917612632822,21.804686870564183,1222,0.8273527420446851,863872,584.8828706838185,158,158
intersection,1002,20,20,5.0,1477,15.884210526315789,20,1086,391,0.7352742044685172,391,1086,0,1164,313,38,7,0.004739336492890996,4.589025863442362,20.04425409287336,799,0.5409614082599865,562944,381.1401489505755,158,158
intersection,1002,20,20,10.0,1477,15.884210526315789,20,1180,297,0.7989167230873392,297,1180,0,1185,292,22,17,0.011509817197020988,3.5794615358220048,19.629812667122337,603,0.4082599864590386,424960,287.7183480027082,158,158
intersection,1002,20,20,30.0,1477,15.884210526315789,20,1266,211,0.8571428571428571,211,1266,0,1220,257,22,47,0.03182125930941097,2.7130424613181776,18.70687934708855,436,0.29519295870006773,308736,209.02911306702777,158,158
intersection,1003,20,20,0.0,1438,15.526315789473685,20,0,1438,0.0,1438,0,0,1063,375,31,0,0.0,16.866068897595735,24.114428844302438,2929,2.036856745479833,2060672,1433.0125173852573,159,159
intersection,1003,20,20,1.0,1438,15.526315789473685,20,657,781,0.456884561891516,781,657,0,1065,373,31,3,0.002086230876216968,9.16874108446339,22.29668344799191,1592,1.1070931849791377,1124352,781.8859527121001,159,159
intersection,1003,20,20,2.0,1438,15.526315789473685,20,855,583,0.5945757997218358,583,855,0,1061,377,31,4,0.0027816411682892906,7.00772710851647,21.836124983767746,1199,0.8337969401947148,841856,585.4353268428373,159,159
intersection,1003,20,20,5.0,1438,15.526315789473685,20,1056,382,0.7343532684283728,382,1056,0,1070,368,35,9,0.006258692628650904,4.71609860454625,21.135314726204154,781,0.5431154381084841,549376,382.0417246175243,159,159
intersection,1003,20,20,10.0,1438,15.526315789473685,20,1146,292,0.7969401947148818,292,1146,0,1080,358,35,23,0.015994436717663423,3.549747608735116,19.18824457074635,599,0.41655076495132126,420352,292.317107093185,159,159
intersection,1003,20,20,30.0,1438,15.526315789473685,20,1218,220,0.847009735744089,220,1218,0,1142,296,33,87,0.06050069541029207,2.8185225200427353,18.94986946755699,449,0.31223922114047287,315648,219.5048678720445,159,159
intersection,1004,20,20,0.0,1451,15.56842105263158,20,0,1451,0.0,1451,0,0,1047,404,22,0,0.0,17.175568359838753,24.801190929688133,2969,2.0461750516884907,2087936,1438.9634734665747,159,159
intersection,1004,20,20,1.0,1451,15.56842105263158,20,646,805,0.44521019986216404,805,646,0,1046,405,29,0,0.0,9.68943609214692,23.16370677080215,1653,1.1392143349414197,1165056,802.9331495520331,159,159
intersection,1004,20,20,2.0,1451,15.56842105263158,20,853,598,0.5878704341833219,598,853,0,1047,404,26,2,0.0013783597518952446,7.223015938739445,22.142753870603826,1225,0.8442453480358374,865536,596.5099931082012,159,159
intersection,1004,20,20,5.0,1451,15.56842105263158,20,1070,381,0.7374224672639559,381,1070,0,1060,391,18,9,0.006202618883528601,4.631713197974198,20.766830135597658,780,0.5375603032391454,547328,377.2074431426602,159,159
intersection,1004,20,20,10.0,1451,15.56842105263158,20,1154,297,0.7953135768435562,297,1154,0,1065,386,35,29,0.019986216402481046,3.6228293218054244,19.427673982555405,608,0.41902136457615435,425344,293.13852515506545,159,159
intersection,1004,20,20,30.0,1451,15.56842105263158,20,1235,216,0.8511371467953136,216,1235,0,1103,348,30,64,0.04410751206064783,2.7650344394458832,18.715141289710857,447,0.30806340454858716,312448,215.3328738800827,159,159
intersection,1005,20,20,0.0,1514,16.210526315789473,20,0,1514,0.0,1514,0,0,1221,293,41,0,0.0,17.099785306483835,24.298575665317113,3094,2.043593130779392,2182656,1441.6486129458387,153,153
intersection,1005,20,20,1.0,1514,16.210526315789473,20,675,839,0.44583883751651254,839,675,0,1240,274,20,2,0.001321003963011889,9.46237710958217,22.57022079750612,1721,1.1367239101717306,1214720,802.3249669749009,153,153
intersection,1005,20,20,2.0,1514,16.210526315789473,20,891,623,0.5885072655217966,623,891,0,1233,281,29,4,0.002642007926023778,7.132256950294756,21.85514139066313,1268,0.8375165125495376,891776,589.0198150594451,153,153
intersection,1005,20,20,5.0,1514,16.210526315789473,20,1107,407,0.7311756935270806,407,1107,0,1235,279,33,7,0.004623513870541612,4.690624020574492,20.51405497743204,827,0.5462351387054161,579072,382.4782034346103,153,153
intersection,1005,20,20,10.0,1514,16.210526315789473,20,1224,290,0.808454425363276,290,1224,0,1248,266,20,9,0.0059445178335535,3.479599144301254,19.841649892470766,591,0.3903566710700132,417408,275.6988110964333,153,153
intersection,1005,20,20,30.0,1514,16.210526315789473,20,1292,222,0.8533685601056803,222,1292,0,1247,267,36,18,0.011889035667107,2.7395327449068714,18.85306229711787,451,0.29788639365918096,318848,210.5997357992074,153,153
intersection,1006,20,20,0.0,1429,15.326315789473684,20,0,1429,0.0,1429,0,0,1131,298,24,0,0.0,16.717334408743305,23.973133145331357,2917,2.0412876137158853,2062080,1443.0230930720784,150,150
intersection,1006,20,20,1.0,1429,15.326315789473684,20,656,773,0.45906228131560534,773,656,0,1137,292,23,2,0.0013995801259622112,9.223013888409552,22.39423904850355,1573,1.1007697690692793,1106944,774.6284114765571,150,150
intersection,1006,20,20,2.0,1429,15.326315789473684,20,852,577,0.596221133659902,577,852,0,1132,297,25,3,0.002099370188943317,6.984442246727349,21.56435146733741,1174,0.821553533939818,829184,580.2547235829251,150,150
intersection,1006,20,20,5.0,1429,15.326315789473684,20,1053,376,0.7368789363191043,376,1053,0,1135,294,37,11,0.007697690692792162,4.6733552198606985,20.561473913237187,763,0.5339398180545836,535808,374.95311406578026,150,150
intersection,1006,20,20,10.0,1429,15.326315789473684,20,1149,280,0.8040587823652904,280,1149,0,1150,279,26,20,0.013995801259622114,3.4145342220109343,18.808228849469792,567,0.3967809657102869,398720,279.02029391182646,150,150
intersection,1006,20,20,30.0,1429,15.326315789473684,20,1222,207,0.8551434569629112,207,1222,0,1158,271,27,28,0.01959412176347096,2.6749038081415124,18.30983698909847,420,0.2939118264520644,295680,206.91392582225333,150,150
intersection,1007,20,20,0.0,1422,15.284210526315789,20,0,1422,0.0,1422,0,0,1077,345,34,0,0.0,16.905934229618765,23.985551431862365,2894,2.0351617440225036,2035584,1431.493670886076,153,153
intersection,1007,20,20,1.0,1422,15.284210526315789,20,636,786,0.4472573839662447,786,636,0,1083,339,29,1,0.0007032348804500703,9.471586386205058,22.403527255122317,1597,1.1230661040787624,1126528,792.2137834036569,153,153
intersection,1007,20,20,2.0,1422,15.284210526315789,20,833,589,0.5857946554149086,589,833,0,1090,332,26,6,0.004219409282700422,7.15570916603022,22.002467340283616,1206,0.8481012658227848,849920,597.6933895921238,153,153
intersection,1007,20,20,5.0,1422,15.284210526315789,20,1044,378,0.7341772151898734,378,1044,0,1097,325,27,15,0.010548523206751054,4.726175815708658,21.005945192688465,775,0.5450070323488045,542464,381.47960618846696,153,153
intersection,1007,20,20,10.0,1422,15.284210526315789,20,1137,285,0.79957805907173,285,1137,0,1094,328,33,18,0.012658227848101266,3.569376527634543,20.165635986894472,578,0.40646976090014064,406016,285.52461322081575,153,153
intersection,1007,20,20,30.0,1422,15.284210526315789,20,1207,215,0.8488045007032349,215,1207,0,1130,292,30,50,0.035161744022503515,2.727779233816075,18.68404447901924,436,0.3066104078762307,306944,215.85372714486638,153,153
intersection,1008,20,20,0.0,1427,15.51578947368421,20,0,1427,0.0,1427,0,0,1120,307,33,0,0.0,17.130735990688315,24.784411448165855,2928,2.0518570427470215,2056832,1441.3679046951647,156,156
intersection,1008,20,20,1.0,1427,15.51578947368421,20,640,787,0.44849334267694463,787,640,0,1125,302,29,3,0.002102312543798178,9.371573954561038,22.966239267390876,1607,1.1261387526278908,1134464,794.999299229152,156,156
intersection,1008,20,20,2.0,1427,15.51578947368421,20,852,575,0.5970567624386826,575,852,0,1129,298,26,4,0.002803083391730904,6.96011282975104,21.929543680632694,1173,0.8220042046250876,826240,579.0049053959356,156,156
intersection,1008,20,20,5.0,1427,15.51578947368421,20,1058,369,0.7414155571128241,369,1058,0,1137,290,24,9,0.006306937631394534,4.716700317258233,21.61872925161301,755,0.5290819901892081,528384,370.2761037140855,156,156
intersection,1008,20,20,10.0,1427,15.51578947368421,20,1137,290,0.7967764540995095,290,1137,0,1154,273,20,22,0.015416958654519973,3.6330023411881998,20.2286529975229,590,0.41345480028030834,413568,289.8163980378416,156,156
intersection,1008,20,20,30.0,1427,15.51578947368421,20,1213,214,0.8500350385423966,214,1213,0,1170,257,28,45,0.03153468815697267,2.7908591858105396,19.11648359320992,436,0.3055360896986685,307840,215.72529782761038,156,156
intersection,1009,20,20,0.0,1402,15.08421052631579,20,0,1402,0.0,1402,0,0,1106,296,20,0,0.0,17.09796541524055,24.232716943546254,2858,2.0385164051355207,2012032,1435.1155492154066,152,152
intersection,1009,20,20,1.0,1402,15.08421052631579,20,637,765,0.4543509272467903,765,637,0,1095,307,38,1,0.0007132667617689016,9.327719019202597,22.352739021143364,1552,1.1069900142653353,1089024,776.7646219686162,152,152
intersection,1009,20,20,2.0,1402,15.08421052631579,20,832,570,0.5934379457917262,570,832,0,1110,292,21,4,0.0028530670470756064,7.100864402206347,21.6172015478028,1170,0.8345221112696148,821888,586.225392296719,152,152
intersection,1009,20,20,5.0,1402,15.08421052631579,20,1036,366,0.738944365192582,366,1036,0,1110,292,31,14,0.009985734664764621,4.661478541792189,20.708947526620136,750,0.5349500713266762,528000,376.60485021398,152,152
intersection,1009,20,20,10.0,1402,15.08421052631579,20,1116,286,0.7960057061340942,286,1116,0,1114,288,27,16,0.011412268188302425,3.6073048077237897,20.119493242036057,589,0.42011412268188303,410624,292.8844507845934,152,152
intersection,1009,20,20,30.0,1402,15.08421052631579,20,1187,215,0.8466476462196861,215,1187,0,1142,260,34,50,0.03566333808844508,2.8207246682074043,18.726487460745037,438,0.3124108416547789,308352,219.93723252496434,152,152
intersection,1010,20,20,0.0,1463,15.757894736842106,20,0,1463,0.0,1463,0,0,1080,383,32,0,0.0,16.87000259321006,23.747086338818235,2979,2.0362269309637733,2095872,1432.5850991114148,154,154
intersection,1010,20,20,1.0,1463,15.757894736842106,20,667,796,0.4559125085440875,796,667,0,1088,375,30,1,0.000683526999316473,9.236185516479535,22.11158385170009,1613,1.102529049897471,1136896,777.0991114149009,154,154
intersection,1010,20,20,2.0,1463,15.757894736842106,20,867,596,0.592617908407382,596,867,0,1098,365,23,2,0.001367053998632946,6.982333599458492,21.53052852621577,1214,0.8298017771701982,851968,582.3431305536569,154,154
intersection,1010,20,20,5.0,1463,15.757894736842106,20,1083,380,0.7402597402597403,380,1083,0,1109,354,19,13,0.00888585099111415,4.5589239613345605,20.195304649887895,773,0.5283663704716336,542848,371.05126452494875,154,154
intersection,1010,20,20,10.0,1463,15.757894736842106,20,1171,292,0.8004101161995899,292,1171,0,1096,367,29,9,0.006151742993848257,3.5701447124817443,19.547900759355482,600,0.4101161995898838,421504,288.10936431989063,154,154
intersection,1010,20,20,30.0,1463,15.757894736842106,20,1251,212,0.8550922761449077,212,1251,0,1166,297,28,84,0.05741626794258373,2.656635534333732,18.617704676913128,432,0.2952836637047163,304128,207.8796992481203,154,154
intersection,1001,40,40,0.0,3088,32.65263157894737,40,0,3088,0.0,3088,0,0,2319,769,60,0,0.0,16.874800326141393,24.070892058976806,6319,2.0463082901554404,4455296,1442.7772020725388,458,458
intersection,1001,40,40,1.0,3088,32.65263157894737,40,1202,1886,0.38924870466321243,1886,1202,0,2326,762,64,6,0.0019430051813471502,10.445044697150204,22.743137733996107,3841,1.2438471502590673,2696448,873.2020725388601,458,458
intersection,1001,40,40,2.0,3088,32.65263157894737,40,1621,1467,0.5249352331606217,1467,1621,0,2340,748,52,15,0.0048575129533678756,8.253236376168605,22.710461612941295,3014,0.9760362694300518,2126336,688.580310880829,458,458
intersection,1001,40,40,5.0,3088,32.65263157894737,40,2071,1017,0.6706606217616581,1017,2071,0,2360,728,53,35,0.01133419689119171,5.724996069833045,21.189168348187682,2073,0.6713082901554405,1462528,473.6165803108808,458,458
intersection,1001,40,40,10.0,3088,32.65263157894737,40,2292,796,0.7422279792746114,796,2292,0,2364,724,63,48,0.015544041450777202,4.526791449290555,20.802491948235865,1626,0.5265544041450777,1145600,370.98445595854923,458,458
intersection,1001,40,40,30.0,3088,32.65263157894737,40,2486,602,0.8050518134715026,602,2486,0,2494,594,57,172,0.05569948186528497,3.5408404404984704,19.758256435180495,1229,0.39799222797927464,866560,280.62176165803106,458,458
intersection,1002,40,40,0.0,3026,31.989473684210527,40,0,3026,0.0,3026,0,0,2190,836,69,0,0.0,17.002331387934436,24.137140269855806,6189,2.0452742894910774,4356608,1439.72504957039,466,466
intersection,1002,40,40,1.0,3026,31.989473684210527,40,1183,1843,0.39094514210178455,1843,1183,0,2202,824,58,4,0.0013218770654329147,10.521147642295457,23.186554922862257,3759,1.2422339722405815,2639616,872.3119629874421,466,466
intersection,1002,40,40,2.0,3026,31.989473684210527,40,1609,1417,0.5317250495703899,1417,1609,0,2223,803,45,14,0.004626569729015202,8.081468060657729,22.392363592475206,2890,0.9550561797752809,2041728,674.7283542630536,466,466
intersection,1002,40,40,5.0,3026,31.989473684210527,40,2039,987,0.6738268341044283,987,2039,0,2238,788,59,40,0.013218770654329148,5.686841470667199,21.1150832660163,2014,0.6655651024454726,1414272,467.3734302709848,466,466
intersection,1002,40,40,10.0,3026,31.989473684210527,40,2242,784,0.7409120951751487,784,2242,0,2249,777,62,54,0.01784534038334435,4.526980002561721,20.301857757916153,1599,0.5284203569068077,1127936,372.748182419035,466,466
intersection,1002,40,40,30.0,3026,31.989473684210527,40,2423,603,0.8007270323859881,603,2423,0,2390,636,55,197,0.06510244547257105,3.620992764537815,20.104616232654358,1240,0.4097818902842036,872960,288.4864507600793,466,466
intersection,1003,40,40,0.0,3029,32.01052631578948,40,0,3029,0.0,3029,0,0,2153,876,57,0,0.0,16.81677644761465,24.143394975538968,6176,2.0389567514031035,4338944,1432.4674810168372,463,463
intersection,1003,40,40,1.0,3029,32.01052631578948,40,1232,1797,0.4067348960052823,1797,1232,0,2155,874,63,5,0.001650709805216243,10.07942006801987,22.701086787191116,3672,1.2122812809508088,2585984,853.7418289864642,463,463
intersection,1003,40,40,2.0,3029,32.01052631578948,40,1637,1392,0.5404423902277979,1392,1637,0,2142,887,72,7,0.00231099372730274,7.915584697936586,22.300254572527933,2847,0.9399141630901288,2002944,661.2558600198086,463,463
intersection,1003,40,40,5.0,3029,32.01052631578948,40,2056,973,0.6787718719049192,973,2056,0,2171,858,59,22,0.007263123142951469,5.566178232263355,21.3383980233118,1981,0.6540112248266755,1395072,460.5718058765269,463,463
intersection,1003,40,40,10.0,3029,32.01052631578948,40,2256,773,0.7448002641135688,773,2256,0,2207,822,70,68,0.022449653350940905,4.447021851107554,20.106904434288705,1579,0.5212941564872895,1113856,367.7306041597887,463,463
intersection,1003,40,40,30.0,3029,32.01052631578948,40,2436,593,0.8042258171013535,593,2436,0,2343,686,62,195,0.06437768240343347,3.581492791461618,19.870571819802763,1208,0.3988114889402443,848640,280.17167381974247,463,463
intersection,1004,40,40,0.0,3004,31.757894736842104,40,0,3004,0.0,3004,0,0,2158,846,56,0,0.0,17.058646834524342,24.504828192121757,6142,2.044607190412783,4323968,1439.4034620505993,459,459
intersection,1004,40,40,1.0,3004,31.757894736842104,40,1190,1814,0.39613848202396806,1814,1190,0,2163,841,66,6,0.0019973368841544607,10.420194132126314,23.105910244003876,3711,1.235352862849534,2616576,871.0306258322237,459,459
intersection,1004,40,40,2.0,3004,31.757894736842104,40,1599,1405,0.5322902796271638,1405,1599,1,2169,835,68,15,0.004993342210386152,8.090525733843135,22.50114399858063,2876,0.9573901464713716,2031872,676.3888149134488,459,459
intersection,1004,40,40,5.0,3004,31.757894736842104,40,2026,978,0.6744340878828229,978,2026,0,2195,809,67,41,0.013648468708388815,5.681082740406501,21.34027068056099,1996,0.6644474034620506,1406080,468.06924101198405,459,459
intersection,1004,40,40,10.0,3004,31.757894736842104,40,2229,775,0.7420106524633822,775,2229,0,2210,794,56,45,0.014980026631158456,4.587373695585971,20.73166036065679,1584,0.5272969374167776,1114240,370.91877496671106,459,459
intersection,1004,40,40,30.0,3004,31.757894736842104,40,2416,588,0.8042609853528628,588,2416,0,2354,650,54,192,0.06391478029294274,3.545244547028281,19.598534731678495,1204,0.4007989347536618,846720,281.86418109187747,459,459
intersection,1005,40,40,0.0,3129,33.084210526315786,40,0,3129,0.0,3129,0,0,2357,772,51,0,0.0,16.9399045201752,24.57077967379888,6392,2.0428251837647813,4508032,1440.7261105784596,470,470
intersection,1005,40,40,1.0,3129,33.084210526315786,40,1210,1919,0.3867050175775008,1919,1210,1,2344,785,69,2,0.0006391818472355385,10.483234802838563,22.786004557939776,3921,1.2531160115052733,2763520,883.1959092361777,469,469
intersection,1005,40,40,2.0,3129,33.084210526315786,40,1622,1507,0.5183764781080218,1507,1622,0,2344,785,69,4,0.001278363694471077,8.298701953463873,22.242886872199108,3063,0.9789069990412272,2154112,688.4346436561202,470,470
intersection,1005,40,40,5.0,3129,33.084210526315786,40,2088,1041,0.6673058485139022,1041,2088,0,2362,767,56,20,0.006391818472355385,5.802186492280398,21.422117205477775,2124,0.6788111217641419,1493504,477.31032278683284,470,470
intersection,1005,40,40,10.0,3129,33.084210526315786,40,2319,810,0.7411313518696069,810,2319,0,2389,740,65,50,0.01597954618088846,4.60747352093599,20.899405661586453,1654,0.5286033876637903,1163520,371.85043144774687,470,470
intersection,1005,40,40,30.0,3129,33.084210526315786,40,2519,610,0.8050495365931608,610,2519,0,2467,662,59,119,0.03803131991051454,3.5070492782605793,19.85952871760332,1246,0.3982102908277405,879872,281.19910514541385,470,470
intersection,1006,40,40,0.0,2972,31.45263157894737,40,0,2972,0.0,2972,0,0,2156,816,66,0,0.0,16.68170087828914,23.952484502625634,6064,2.0403768506056528,4271744,1437.3297442799462,463,463
intersection,1006,40,40,1.0,2972,31.45263157894737,40,1211,1761,0.40746971736204574,1761,1211,0,2165,807,63,9,0.003028263795423957,10.154835481037333,22.79074715298534,3592,1.208613728129206,2530560,851.4670255720054,463,463
intersection,1006,40,40,2.0,2972,31.45263157894737,40,1591,1381,0.5353297442799462,1381,1591,0,2164,808,69,6,0.002018842530282638,8.010101704218679,22.220340759118425,2815,0.9471736204576043,1986688,668.4683714670256,463,463
intersection,1006,40,40,5.0,2972,31.45263157894737,40,2000,972,0.6729475100942126,972,2000,0,2191,781,62,31,0.010430686406460296,5.6938879346297915,21.065465112492983,1982,0.6668909825033648,1397120,470.0942126514132,463,463
intersection,1006,40,40,10.0,2972,31.45263157894737,40,2213,759,0.7446164199192463,759,2213,0,2233,739,56,64,0.021534320323014805,4.440170080273885,20.251613284017544,1551,0.5218707940780619,1088768,366.3418573351279,463,463
intersection,1006,40,40,30.0,2972,31.45263157894737,40,2379,593,0.800471063257066,593,2379,0,2313,659,54,147,0.04946164199192463,3.5594003168286683,19.455830275291586,1209,0.40679676985195157,850688,286.2341857335128,463,463
intersection,1007,40,40,0.0,3020,31.91578947368421,40,0,3020,0.0,3020,0,0,2093,927,57,0,0.0,16.855017828731015,24.27828248376942,6147,2.035430463576159,4323456,1431.6079470198677,475,475
intersection,1007,40,40,1.0,3020,31.91578947368421,40,1222,1798,0.40463576158940395,1798,1222,0,2102,918,51,5,0.0016556291390728477,10.200740259572447,22.914888760877258,3654,1.209933774834437,2573312,852.0900662251655,475,475
intersection,1007,40,40,2.0,3020,31.91578947368421,40,1628,1392,0.5390728476821192,1392,1628,0,2109,911,56,11,0.003642384105960265,7.915142576255068,22.2876604817312,2842,0.9410596026490067,1998080,661.615894039735,475,475
intersection,1007,40,40,5.0,3020,31.91578947368421,40,2038,982,0.6748344370860927,982,2038,0,2113,907,62,21,0.00695364238410596,5.621752475400607,21.04222875853736,2007,0.6645695364238411,1408896,466.5218543046358,475,475
intersection,1007,40,40,10.0,3020,31.91578947368421,40,2245,775,0.7433774834437086,775,2245,0,2124,896,53,30,0.009933774834437087,4.524465875175257,20.882267726371495,1579,0.5228476821192053,1107584,366.7496688741722,475,475
intersection,1007,40,40,30.0,3020,31.91578947368421,40,2411,609,0.7983443708609271,609,2411,0,2202,818,68,113,0.03741721854304636,3.5498592232560866,19.48805683721558,1236,0.40927152317880794,867456,287.23708609271523,475,475
intersection,1008,40,40,0.0,3043,32.1578947368421,40,0,3043,0.0,3043,0,0,2214,829,62,0,0.0,16.956899035969357,24.19435885684109,6230,2.047321721984883,4381440,1439.842260926717,469,469
intersection,1008,40,40,1.0,3043,32.1578947368421,40,1209,1834,0.39730529083141636,1834,1209,0,2222,821,57,6,0.001971738416036806,10.238815122270962,22.865373793825228,3735,1.2274071639829116,2632576,865.1252053894183,469,469
intersection,1008,40,40,2.0,3043,32.1578947368421,40,1608,1435,0.5284258954978639,1435,1608,0,2212,831,76,14,0.004600722970752547,8.17829641723091,22.349536733445774,2932,0.9635228393033191,2065920,678.9089714097929,469,469
intersection,1008,40,40,5.0,3043,32.1578947368421,40,2061,982,0.6772921459086428,982,2061,0,2251,792,50,30,0.009858692080184028,5.739623371508468,21.597911179996743,2005,0.6588892540256326,1408384,462.8274728885968,469,469
intersection,1008,40,40,10.0,3043,32.1578947368421,40,2257,786,0.7417022674991784,786,2257,0,2245,798,73,43,0.014130791981597108,4.542310591772105,20.630715447130402,1598,0.5251396648044693,1123200,369.10943148209003,469,469
intersection,1008,40,40,30.0,3043,32.1578947368421,40,2441,602,0.8021689122576405,602,2441,0,2378,665,63,174,0.05718041406506737,3.5669237666926925,20.23610464788632,1227,0.4032205060795268,865152,284.3089056851791,469,469
intersection,1009,40,40,0.0,2988,31.57894736842105,40,0,2988,0.0,2988,0,0,2169,819,69,0,0.0,16.954574980856272,24.08670226786107,6096,2.040160642570281,4288896,1435.3734939759036,457,457
intersection,1009,40,40,1.0,2988,31.57894736842105,40,1218,1770,0.40763052208835343,1770,1218,0,2180,808,60,3,0.001004016064257028,10.056915476859706,22.908035943043448,3605,1.2064926372155287,2537472,849.2208835341365,457,457
intersection,1009,40,40,2.0,2988,31.57894736842105,40,1613,1375,0.5398259705488622,1375,1613,0,2208,780,44,16,0.00535475234270415,7.976775732049994,22.17078111710933,2814,0.9417670682730924,1983744,663.9036144578313,457,457
intersection,1009,40,40,5.0,2988,31.57894736842105,40,2043,945,0.6837349397590361,945,2043,0,2223,765,46,37,0.012382864792503346,5.571277681290958,21.521933107760916,1932,0.6465863453815262,1360128,455.19678714859435,457,457
intersection,1009,40,40,10.0,2988,31.57894736842105,40,2228,760,0.7456492637215528,760,2228,0,2226,762,60,49,0.01639892904953146,4.478763962595685,20.509071956691827,1551,0.5190763052208835,1089664,364.6800535475234,457,457
intersection,1009,40,40,30.0,2988,31.57894736842105,40,2399,589,0.8028781793842035,589,2399,0,2361,627,59,180,0.060240963855421686,3.534072221796871,19.695147018512493,1199,0.40127175368139223,845440,282.9451137884873,457,457
intersection,1010,40,40,0.0,3042,32.1578947368421,40,0,3042,0.0,3042,0,0,2094,948,46,0,0.0,16.82113042161266,23.866556701899807,6203,2.039119000657462,4365568,1435.0979618671927,466,466
intersection,1010,40,40,1.0,3042,32.1578947368421,40,1228,1814,0.40368178829717294,1814,1228,0,2092,950,65,10,0.003287310979618672,10.165933513463218,22.52096184024186,3697,1.215318869165023,2604928,856.3208415516108,466,466
intersection,1010,40,40,2.0,3042,32.1578947368421,40,1632,1410,0.5364891518737672,1410,1632,0,2101,941,63,21,0.006903353057199211,8.003809380481405,22.233070675849298,2885,0.9483892176199868,2029696,667.22419460881,466,466
intersection,1010,40,40,5.0,3042,32.1578947368421,40,2064,978,0.6785009861932939,978,2064,0,2131,911,70,48,0.015779092702169626,5.649792309457574,21.331246841724294,2000,0.6574621959237343,1403520,461.3806706114398,466,466
intersection,1010,40,40,10.0,3042,32.1578947368421,40,2264,778,0.7442472057856673,778,2264,0,2144,898,72,69,0.022682445759368838,4.501478644919364,20.527577744240944,1590,0.5226824457593688,1122944,369.146614069691,466,466
intersection,1010,40,40,30.0,3042,32.1578947368421,40,2454,588,0.8067061143984221,588,2454,0,2323,719,44,228,0.07495069033530571,3.4755461916178656,19.676317002371846,1202,0.39513477975016437,848000,278.7639710716634,466,466
intersection,1001,60,60,0.0,4608,48.589473684210525,60,0,4608,0.0,4608,0,0,3428,1180,89,0,0.0,16.90263902072618,24.08735820546552,9420,2.0442708333333335,6641536,1441.3055555555557,923,923
intersection,1001,60,60,1.0,4608,48.589473684210525,60,1553,3055,0.3370225694444444,3055,1553,0,3440,1168,91,11,0.002387152777777778,11.318531028675887,23.22394305339692,6233,1.3526475694444444,4378624,950.2222222222222,923,923
intersection,1001,60,60,2.0,4608,48.589473684210525,60,2168,2440,0.4704861111111111,2440,2168,0,3450,1158,90,17,0.003689236111111111,9.148058006189821,22.830217137112626,4992,1.0833333333333333,3517952,763.4444444444445,923,923
intersection,1001,60,60,5.0,4608,48.589473684210525,60,2827,1781,0.6134982638888888,1781,2827,0,3464,1144,102,46,0.009982638888888888,6.706980728600266,21.769039814265764,3630,0.7877604166666666,2560000,555.5555555555555,923,923
intersection,1001,60,60,10.0,4608,48.589473684210525,60,3175,1433,0.6890190972222222,1433,3175,0,3498,1110,81,56,0.012152777777777778,5.425481352315867,21.39508537878427,2935,0.6369357638888888,2068480,448.8888888888889,923,923
intersection,1001,60,60,30.0,4608,48.589473684210525,60,3479,1129,0.7549913194444444,1129,3479,0,3658,950,83,220,0.04774305555555555,4.370620828207688,20.49973665456548,2303,0.4997829861111111,1621760,351.94444444444446,923,923
intersection,1002,60,60,0.0,4547,47.94736842105263,60,0,4547,0.0,4547,0,0,3117,1430,97,0,0.0,16.95542197542245,24.100031552921305,9294,2.0439850450846713,6545664,1439.5566307455465,932,932
intersection,1002,60,60,1.0,4547,47.94736842105263,60,1632,2915,0.35891796789091707,2915,1632,0,3121,1426,99,6,0.0013195513525401364,11.03810261559433,23.324895201167802,5951,1.3087750164943919,4185472,920.490873103145,932,932
intersection,1002,60,60,2.0,4547,47.94736842105263,60,2183,2364,0.48009676709918625,2364,2183,0,3135,1412,95,19,0.0041785792830437655,8.895247555261514,22.626966213104538,4823,1.0606993622168464,3403904,748.6043545194634,932,932
intersection,1002,60,60,5.0,4547,47.94736842105263,60,2817,1730,0.6195293600175941,1730,2817,0,3178,1369,85,57,0.012535737849131295,6.617643270060114,21.609265183385414,3533,0.776995821420717,2485888,546.7094787772157,932,932
intersection,1002,60,60,10.0,4547,47.94736842105263,60,3128,1419,0.6879261051242578,1419,3128,0,3196,1351,92,79,0.017374092808445128,5.431658956264047,21.040712344509416,2892,0.6360237519243457,2036864,447.95777435671874,932,932
intersection,1002,60,60,30.0,4547,47.94736842105263,60,3416,1131,0.7512645700461843,1131,3416,0,3416,1131,91,298,0.06553771717616011,4.408887265719246,20.63080750598089,2312,0.5084671211787992,1631232,358.749065317792,932,932
intersection,1003,60,60,0.0,4518,47.642105263157895,60,0,4518,0.0,4518,0,0,3181,1337,88,0,0.0,16.870483515774012,24.11473151027259,9229,2.0427180168216026,6490496,1436.5861000442674,934,934
intersection,1003,60,60,1.0,4518,47.642105263157895,60,1656,2862,0.3665338645418327,2862,1656,0,3191,1327,70,8,0.0017706949977866313,10.779549853187172,22.954718586901276,5847,1.294156706507304,4114944,910.7888446215139,934,934
intersection,1003,60,60,2.0,4518,47.642105263157895,60,2209,2309,0.48893315626383355,2309,2209,0,3180,1338,90,14,0.003098716246126605,8.781636172870504,22.614347563225568,4709,1.0422753430721559,3312896,733.2660469234174,934,934
intersection,1003,60,60,5.0,4518,47.642105263157895,60,2815,1703,0.6230633023461709,1703,2815,0,3213,1305,100,43,0.009517485613103144,6.466908576880712,21.866528504818913,3468,0.7675962815405046,2440576,540.1894643647631,934,934
intersection,1003,60,60,10.0,4518,47.642105263157895,60,3123,1395,0.6912350597609562,1395,3123,0,3234,1284,99,67,0.014829570606463036,5.352944374647603,20.754763974521843,2845,0.6297034085878708,2004224,443.6086764054892,934,934
intersection,1003,60,60,30.0,4518,47.642105263157895,60,3391,1127,0.7505533421868084,1127,3391,0,3400,1118,99,237,0.05245683930942895,4.458405785603836,20.761169540950416,2309,0.5110668437361664,1619712,358.50199203187253,934,934
intersection,1004,60,60,0.0,4511,47.578947368421055,60,0,4511,0.0,4511,0,0,3223,1288,97,0,0.0,17.056170007970728,24.356881943290887,9221,2.0441143870538685,6489344,1438.559964531146,932,932
intersection,1004,60,60,1.0,4511,47.578947368421055,60,1608,2903,0.3564619818222124,2903,1608,0,3240,1271,82,9,0.0019951230325870096,11.081183606007663,23.394474589451875,5937,1.3161161604965639,4181888,927.0423409443582,932,932
intersection,1004,60,60,2.0,4511,47.578947368421055,60,2211,2300,0.490135225005542,2300,2211,1,3269,1242,64,16,0.0035468853912657946,8.720310147646824,22.454495372545228,4704,1.0427843050321437,3316992,735.3119042340944,932,932
intersection,1004,60,60,5.0,4511,47.578947368421055,60,2816,1695,0.6242518288627799,1695,2816,0,3288,1223,79,54,0.011970738195522057,6.54211076207668,21.784952692151194,3462,0.7674573265351363,2439936,540.8858346264686,932,932
intersection,1004,60,60,10.0,4511,47.578947368421055,60,3115,1396,0.6905342496120594,1396,3115,0,3313,1198,93,85,0.018842828641099534,5.431543551280807,21.11437429350005,2842,0.6300155176235868,2001664,443.729549988916,932,932
intersection,1004,60,60,30.0,4511,47.578947368421055,60,3390,1121,0.7514963422744403,1121,3390,0,3514,997,83,275,0.06096209266238085,4.447334882846951,20.67057186659582,2298,0.5094214143205498,1618688,358.8313012635779,932,932
intersection,1005,60,60,0.0,4617,48.72631578947368,60,0,4617,0.0,4617,0,0,3364,1253,82,0,0.0,16.93795202729537,24.393093104172078,9431,2.0426683993935457,6648832,1440.0762399826726,903,903
intersection,1005,60,60,1.0,4617,48.72631578947368,60,1613,3004,0.34936105696339614,3004,1613,1,3379,1238,88,5,0.0010829542993285683,11.104362304188475,23.119824391994115,6143,1.330517652155079,4331392,938.1399176954733,902,902
intersection,1005,60,60,2.0,4617,48.72631578947368,60,2205,2412,0.4775828460038986,2412,2205,0,3389,1228,89,19,0.00411522633744856,9.009586622553188,22.727920494509135,4903,1.0619449859215941,3446784,746.541910331384,903,903
intersection,1005,60,60,5.0,4617,48.72631578947368,60,2870,1747,0.6216157678145983,1747,2870,1,3419,1198,77,43,0.009313406974225688,6.572731603117521,21.765927371639293,3569,0.773012778860732,2507648,543.1336365605372,903,903
intersection,1005,60,60,10.0,4617,48.72631578947368,60,3209,1408,0.6950400693090751,1408,3209,0,3461,1156,88,94,0.020359540827377086,5.363478944546611,21.159982754293335,2873,0.6222655403941953,2023936,438.36603855317304,903,903
intersection,1005,60,60,30.0,4617,48.72631578947368,60,3502,1115,0.7585011912497293,1115,3502,0,3582,1035,99,218,0.04721680745072558,4.300211997125137,20.55493181884458,2274,0.49252761533463285,1604480,347.51570283734026,903,903
intersection,1006,60,60,0.0,4469,47.16842105263158,60,0,4469,0.0,4469,0,0,3234,1235,89,0,0.0,16.784503876273856,24.1147293996363,9121,2.0409487581114343,6418944,1436.3266950100694,939,939
intersection,1006,60,60,1.0,4469,47.16842105263158,60,1605,2864,0.35914074737077645,2864,1605,0,3262,1207,80,13,0.002908928171850526,10.875325207341556,22.831038636482486,5831,1.3047661669277244,4112640,920.2595658984113,939,939
intersection,1006,60,60,2.0,4469,47.16842105263158,60,2175,2294,0.4866860595211457,2294,2175,0,3259,1210,91,23,0.005146565227120161,8.832560874275655,22.643933176350117,4684,1.0481091966882972,3302912,739.0718281494742,939,939
intersection,1006,60,60,5.0,4469,47.16842105263158,60,2774,1695,0.6207205191317968,1695,2774,0,3288,1181,96,49,0.010964421570821213,6.578756599200533,21.518013672510957,3456,0.7733273663011859,2433920,544.6229581561871,939,939
intersection,1006,60,60,10.0,4469,47.16842105263158,60,3082,1387,0.6896397404341016,1387,3082,0,3307,1162,96,71,0.015887223092414412,5.384375907763357,20.883451604679237,2837,0.6348176325799956,1995008,446.41038263593646,939,939
intersection,1006,60,60,30.0,4469,47.16842105263158,60,3342,1127,0.7478183038711121,1127,3342,0,3473,996,91,233,0.0521369433877825,4.468512349377336,20.156428436681036,2298,0.5142089953009622,1616000,361.6021481315731,939,939
intersection,1007,60,60,0.0,4553,47.98947368421052,60,0,4553,0.0,4553,0,0,3211,1342,81,0,0.0,16.814295120700244,24.108580263790454,9270,2.0360202064572808,6521600,1432.3742587305073,931,931
intersection,1007,60,60,1.0,4553,47.98947368421052,60,1666,2887,0.36591258510871955,2887,1666,0,3213,1340,79,12,0.002635624862727872,10.845751750916138,23.055326688263733,5880,1.291456182736657,4141312,909.578739292774,931,931
intersection,1007,60,60,2.0,4553,47.98947368421052,60,2225,2328,0.4886887766307929,2328,2225,0,3205,1348,112,24,0.005271249725455744,8.753973069704514,22.54945665557243,4761,1.0456841642872832,3349504,735.6696683505381,931,931
intersection,1007,60,60,5.0,4553,47.98947368421052,60,2865,1688,0.6292554359762794,1688,2865,0,3265,1288,73,53,0.0116406764770481,6.40869881857142,21.67495990980228,3451,0.7579617834394905,2425472,532.7195255875247,931,931
intersection,1007,60,60,10.0,4553,47.98947368421052,60,3160,1393,0.6940478805183395,1393,3160,0,3281,1272,97,74,0.016253019986821875,5.28316241035631,20.891002771003283,2832,0.6220074676037777,1988352,436.71249725455743,931,931
intersection,1007,60,60,30.0,4553,47.98947368421052,60,3423,1130,0.7518119920931254,1130,3423,0,3466,1087,91,267,0.058642653195695144,4.378041898829445,20.42174181191569,2299,0.5049417966176147,1616256,354.9870415110916,931,931
intersection,1008,60,60,0.0,4535,47.82105263157895,60,0,4535,0.0,4535,0,0,3268,1267,80,0,0.0,16.972444796573072,24.219039545597102,9280,2.0463065049614113,6529536,1439.8094818081588,911,911
intersection,1008,60,60,1.0,4535,47.82105263157895,60,1662,2873,0.3664829106945976,2873,1662,0,3272,1263,78,10,0.002205071664829107,10.808902278171395,23.15382061469151,5855,1.2910694597574421,4125056,909.6044101433297,911,911
intersection,1008,60,60,2.0,4535,47.82105263157895,60,2245,2290,0.49503858875413453,2290,2245,0,3288,1247,80,19,0.004189636163175303,8.732943049290823,22.614715438411892,4681,1.032194046306505,3300352,727.7512679162073,911,911
intersection,1008,60,60,5.0,4535,47.82105263157895,60,2868,1667,0.6324145534729879,1667,2868,0,3315,1220,81,44,0.009702315325248071,6.433464755087395,21.738842623815206,3397,0.7490628445424476,2390144,527.0438809261301,911,911
intersection,1008,60,60,10.0,4535,47.82105263157895,60,3165,1370,0.6979051819184123,1370,3165,0,3322,1213,88,63,0.013891951488423374,5.302280600581008,21.047462560716212,2787,0.6145534729878721,1958912,431.95413450937156,911,911
intersection,1008,60,60,30.0,4535,47.82105263157895,60,3431,1104,0.7565600882028666,1104,3431,0,3467,1068,91,210,0.04630650496141125,4.328131362865369,20.649133269770914,2252,0.49658213891951486,1588096,350.18654906284456,911,911
intersection,1009,60,60,0.0,4466,47.09473684210526,60,0,4466,0.0,4466,0,0,3196,1270,74,0,0.0,17.00071834310104,24.140741410670685,9115,2.040976265114196,6414720,1436.345723242275,935,935
intersection,1009,60,60,1.0,4466,47.09473684210526,60,1637,2829,0.3665472458575907,2829,1637,1,3206,1260,75,13,0.002910882221227049,10.751847592928856,23.06212239860912,5766,1.291088222122705,4059264,908.9261083743843,934,934
intersection,1009,60,60,2.0,4466,47.09473684210526,60,2205,2261,0.493730407523511,2261,2205,0,3208,1258,82,21,0.004702194357366771,8.729495076026543,22.374761297580648,4627,1.036050156739812,3265024,731.0846394984326,935,935
intersection,1009,60,60,5.0,4466,47.09473684210526,60,2788,1678,0.6242722794446932,1678,2788,0,3217,1249,90,39,0.008732646663681147,6.57141933653926,22.01132440229614,3423,0.7664576802507836,2410240,539.6865203761755,935,935
intersection,1009,60,60,10.0,4466,47.09473684210526,60,3066,1400,0.6865203761755486,1400,3066,0,3245,1221,111,79,0.01768920734437976,5.456640354767613,21.06558884455989,2857,0.6397223466188984,2010880,450.2642185400806,935,935
intersection,1009,60,60,30.0,4466,47.09473684210526,60,3345,1121,0.7489923869234214,1121,3345,0,3435,1031,87,262,0.05866547245857591,4.400755939920153,20.28522346385042,2284,0.5114196148678908,1609728,360.44066278549036,935,935
intersection,1010,60,60,0.0,4532,47.78947368421053,60,0,4532,0.0,4532,0,0,3199,1333,99,0,0.0,16.859005236684922,23.90257030396441,9247,2.040379523389232,6506752,1435.7352162400707,935,935
intersection,1010,60,60,1.0,4532,47.78947368421053,60,1632,2900,0.36010591350397175,2900,1632,0,3218,1314,92,11,0.0024271844660194173,10.902779002398734,22.92706553631127,5922,1.3067078552515445,4165504,919.1315092674316,935,935
intersection,1010,60,60,2.0,4532,47.78947368421053,60,2204,2328,0.48631950573698146,2328,2204,0,3229,1303,90,20,0.00441306266548985,8.80113596647937,22.45952398605091,4760,1.0503089143865842,3348352,738.8243601059135,935,935
intersection,1010,60,60,5.0,4532,47.78947368421053,60,2811,1721,0.6202559576345984,1721,2811,0,3262,1270,98,52,0.01147396293027361,6.593736324520298,21.62558492535105,3511,0.7747131509267432,2465920,544.1129744042365,935,935
intersection,1010,60,60,10.0,4532,47.78947368421053,60,3127,1405,0.6899823477493381,1405,3127,0,3301,1231,95,96,0.02118270079435128,5.410725631542662,21.206978093228198,2867,0.6326125330979699,2017920,445.2603706972639,935,935
intersection,1010,60,60,30.0,4532,47.78947368421053,60,3408,1124,0.7519858781994704,1124,3408,0,3463,1069,90,253,0.055825242718446605,4.391720575198949,20.420908974139703,2290,0.5052956751985879,1615744,356.5189761694616,935,935
intersection,1001,80,80,0.0,5896,62.14736842105263,80,0,5896,0.0,5896,0,0,4390,1506,118,0,0.0,16.893234219399925,24.153196485800166,12054,2.044436906377205,8494080,1440.651289009498,1284,1284
intersection,1001,80,80,1.0,5896,62.14736842105263,80,1984,3912,0.33649932157394846,3912,1984,0,4401,1495,120,10,0.0016960651289009499,11.297143360796714,23.139741204673214,7977,1.3529511533242877,5608192,951.1858887381276,1284,1284
intersection,1001,80,80,2.0,5896,62.14736842105263,80,2745,3151,0.4655698778833107,3151,2745,0,4416,1480,117,26,0.004409769335142469,9.246937480459806,22.802661899646637,6440,1.0922659430122117,4536448,769.4111261872456,1284,1284
intersection,1001,80,80,5.0,5896,62.14736842105263,80,3570,2326,0.6054952510176391,2326,3570,0,4459,1437,109,61,0.010345997286295794,6.83103833447995,21.93417879260018,4745,0.8047829036635007,3343616,567.0990502035278,1284,1284
intersection,1001,80,80,10.0,5896,62.14736842105263,80,3981,1915,0.6752035278154681,1915,3981,0,4476,1420,129,104,0.017639077340569877,5.695207084296661,21.572151110891724,3918,0.6645183175033921,2758272,467.82089552238807,1284,1284
intersection,1001,80,80,30.0,5896,62.14736842105263,80,4353,1543,0.7382971506105834,1543,4353,0,4654,1242,126,269,0.04562415196743555,4.641853330826727,20.78345227595335,3140,0.5325644504748982,2207872,374.4694708276798,1284,1284
intersection,1002,80,80,0.0,5842,61.55789473684211,80,0,5842,0.0,5842,0,0,4061,1781,116,0,0.0,16.96206882216613,24.287263607333642,11952,2.045874700445053,8416000,1440.6025333789798,1326,1326
intersection,1002,80,80,1.0,5842,61.55789473684211,80,2002,3840,0.34269085929476206,3840,2002,0,4069,1773,123,10,0.0017117425539198905,11.331552994994265,23.446001909492153,7844,1.3426908592947622,5516800,944.3341321465251,1326,1326
intersection,1002,80,80,2.0,5842,61.55789473684211,80,2728,3114,0.4669633687093461,3114,2728,0,4083,1759,124,21,0.00359465936323177,9.108054410260966,22.72302446459093,6361,1.0888394385484423,4483072,767.3865114686752,1326,1326
intersection,1002,80,80,5.0,5842,61.55789473684211,80,3542,2300,0.6062992125984252,2300,3542,0,4144,1698,96,70,0.011982197877439232,6.827104159778814,21.721601235525156,4694,0.8034919548099966,3307264,566.1184525847312,1326,1326
intersection,1002,80,80,10.0,5842,61.55789473684211,80,3945,1897,0.6752824375213968,1897,3945,0,4175,1667,107,110,0.018829168093118794,5.656763911656583,21.19279894635859,3866,0.6617596713454297,2723456,466.1855528928449,1326,1326
intersection,1002,80,80,30.0,5842,61.55789473684211,80,4282,1560,0.7329681615884971,1560,4282,0,4410,1432,112,351,0.06008216364258816,4.706099206594997,20.847187994493407,3182,0.5446764806573091,2243712,384.0657309140705,1326,1326
intersection,1003,80,80,0.0,5816,61.28421052631579,80,0,5816,0.0,5816,0,0,4211,1605,118,0,0.0,16.887948489044696,24.175116096188276,11871,2.041093535075653,8349568,1435.6203576341127,1352,1352
intersection,1003,80,80,1.0,5816,61.28421052631579,80,2022,3794,0.3476616231086658,3794,2022,0,4217,1599,130,10,0.0017193947730398899,11.086937692913887,22.96893668022193,7748,1.3321870701513068,5453696,937.7056396148556,1352,1352
intersection,1003,80,80,2.0,5816,61.28421052631579,80,2738,3078,0.4707702888583219,3078,2738,0,4227,1589,119,10,0.0017193947730398899,9.074054190229827,22.635874766150366,6286,1.080811554332875,4421760,760.2751031636864,1352,1352
intersection,1003,80,80,5.0,5816,61.28421052631579,80,3500,2316,0.6017881705639615,2316,3500,0,4252,1564,122,34,0.005845942228335626,6.870706409963404,22.11847645546161,4727,0.812757909215956,3330048,572.566712517194,1352,1352
intersection,1003,80,80,10.0,5816,61.28421052631579,80,3891,1925,0.6690165061898212,1925,3891,0,4293,1523,107,74,0.012723521320495186,5.728247312777672,21.075850285091846,3918,0.6736588720770289,2756480,473.9477303988996,1352,1352
intersection,1003,80,80,30.0,5816,61.28421052631579,80,4228,1588,0.7269601100412655,1588,4228,0,4537,1279,123,321,0.05519257221458047,4.8787955331523944,21.092710192437636,3255,0.5596629986244842,2286592,393.1554332874828,1352,1352
intersection,1004,80,80,0.0,5821,61.34736842105263,80,0,5821,0.0,5821,0,0,4194,1627,108,0,0.0,17.017460709015065,24.23054490968468,11898,2.043978697818244,8368128,1437.5756742827693,1342,1342
intersection,1004,80,80,1.0,5821,61.34736842105263,80,2028,3793,0.34839374677890395,3793,2028,0,4186,1635,129,13,0.0022332932485827177,11.184333763557241,23.35007602492567,7753,1.3319017350970623,5464832,938.8132623260608,1342,1342
intersection,1004,80,80,2.0,5821,61.34736842105263,80,2714,3107,0.46624291358873043,3107,2714,1,4217,1604,111,21,0.0036076275554028517,9.172051502150815,22.61727393049,6343,1.0896753135200137,4468608,767.6701597663632,1341,1341
intersection,1004,80,80,5.0,5821,61.34736842105263,80,3512,2309,0.6033327606940388,2309,3512,0,4253,1568,116,62,0.010651090877856038,6.896720596561959,21.951812066419052,4709,0.8089675313520014,3318272,570.0518811200825,1342,1342
intersection,1004,80,80,10.0,5821,61.34736842105263,80,3900,1921,0.6699879745748153,1921,3900,0,4288,1533,97,86,0.014774093798316441,5.781785258130717,21.447282186940697,3913,0.6722212678233981,2752512,472.8589589417626,1342,1342
intersection,1004,80,80,30.0,5821,61.34736842105263,80,4242,1579,0.7287407661913761,1579,4242,0,4451,1370,123,266,0.04569661570176946,4.834286960157165,20.960572180729997,3232,0.5552310599553342,2279808,391.6522934203745,1342,1342
intersection,1005,80,80,0.0,5898,62.2,80,0,5898,0.0,5898,0,0,4190,1708,115,0,0.0,16.936588801508105,24.257161308037567,12057,2.0442522889114954,8500224,1441.204476093591,1199,1199
intersection,1005,80,80,1.0,5898,62.2,80,2032,3866,0.34452356731095285,3866,2032,1,4199,1699,124,14,0.002373685995252628,11.172641784570388,23.101680336947084,7899,1.3392675483214649,5568512,944.1356391997288,1198,1198
intersection,1005,80,80,2.0,5898,62.2,80,2818,3080,0.47778908104442186,3080,2818,0,4207,1691,138,29,0.004916920990166158,8.996109498876368,22.714831040799055,6270,1.0630722278738556,4409600,747.6432689047134,1199,1199
intersection,1005,80,80,5.0,5898,62.2,80,3673,2225,0.622753475754493,2225,3673,1,4244,1654,112,64,0.010851135978297729,6.559259638257722,21.775945093432366,4548,0.7711088504577823,3199104,542.4048830111902,1199,1199
intersection,1005,80,80,10.0,5898,62.2,80,4070,1828,0.6900644286198712,1828,4070,0,4287,1611,132,113,0.019159036961681926,5.442524692343108,21.231513533206932,3740,0.6341132587317735,2635648,446.871481858257,1199,1199
intersection,1005,80,80,30.0,5898,62.2,80,4440,1458,0.7527975584944049,1458,4440,0,4499,1399,124,324,0.054933875890132246,4.394219564305429,20.56543991244597,2981,0.5054255679891488,2104448,356.8070532383859,1199,1199
intersection,1006,80,80,0.0,5775,60.8421052631579,80,0,5775,0.0,5775,0,0,4159,1616,136,0,0.0,16.80357929169864,24.13433874173645,11786,2.040865800865801,8292864,1435.9937662337663,1337,1337
intersection,1006,80,80,1.0,5775,60.8421052631579,80,1995,3780,0.34545454545454546,3780,1995,0,4185,1590,116,15,0.0025974025974025974,11.13316040061768,22.89724808288298,7704,1.3340259740259741,5433472,940.8609523809524,1337,1337
intersection,1006,80,80,2.0,5775,60.8421052631579,80,2716,3059,0.4703030303030303,3059,2716,0,4196,1579,123,22,0.0038095238095238095,9.114653162890987,22.717344984225466,6249,1.082077922077922,4405120,762.7913419913419,1337,1337
intersection,1006,80,80,5.0,5775,60.8421052631579,80,3481,2294,0.6027705627705627,2294,3481,0,4238,1537,114,59,0.010216450216450217,6.868669422588241,21.69221792215339,4674,0.8093506493506494,3294976,570.5586147186148,1337,1337
intersection,1006,80,80,10.0,5775,60.8421052631579,80,3856,1919,0.6677056277056277,1919,3856,0,4251,1524,137,90,0.015584415584415584,5.753919838860611,21.04852421345314,3924,0.6794805194805195,2764288,478.66458874458874,1337,1337
intersection,1006,80,80,30.0,5775,60.8421052631579,80,4194,1581,0.7262337662337662,1581,4194,0,4468,1307,117,284,0.04917748917748918,4.8309586309914865,20.588742153008617,3229,0.5591341991341992,2271872,393.3977489177489,1337,1337
intersection,1007,80,80,0.0,5868,61.82105263157895,80,0,5868,0.0,5868,0,0,4130,1738,131,0,0.0,16.803186470590628,24.136547047841006,11946,2.0357873210633946,8406400,1432.583503749148,1329,1329
intersection,1007,80,80,1.0,5868,61.82105263157895,80,1971,3897,0.33588957055214724,3897,1971,0,4156,1712,117,13,0.0022154055896387186,11.355336204943777,23.19790032226584,7938,1.352760736196319,5590144,952.6489434219495,1329,1329
intersection,1007,80,80,2.0,5868,61.82105263157895,80,2750,3118,0.46864349011588274,3118,2750,0,4178,1690,98,24,0.00408997955010225,9.091805040109598,22.608539395997155,6374,1.0862304021813225,4486400,764.5535105657805,1329,1329
intersection,1007,80,80,5.0,5868,61.82105263157895,80,3542,2326,0.603612815269257,2326,3542,0,4193,1675,131,59,0.01005453306066803,6.858292198335827,21.944937875492336,4748,0.809134287661895,3339904,569.1724608043627,1329,1329
intersection,1007,80,80,10.0,5868,61.82105263157895,80,3930,1938,0.6697341513292433,1938,3930,0,4267,1601,100,115,0.019597818677573278,5.701206800054288,21.20827390619979,3949,0.6729720518064076,2776064,473.0852079072938,1329,1329
intersection,1007,80,80,30.0,5868,61.82105263157895,80,4282,1586,0.7297205180640763,1586,4282,0,4464,1404,127,329,0.056066802999318335,4.760252502927425,20.7317480161965,3227,0.549931833674165,2266880,386.3122017723245,1329,1329
intersection,1008,80,80,0.0,5834,61.473684210526315,80,0,5834,0.0,5834,0,0,4294,1540,108,0,0.0,16.969938790934947,24.19063918083264,11941,2.046794652039767,8402432,1440.2523140212547,1260,1260
intersection,1008,80,80,1.0,5834,61.473684210526315,80,2117,3717,0.36287281453548165,3717,2117,0,4309,1525,104,12,0.002056907781967775,10.865958555764278,23.15382183453174,7571,1.2977374014398355,5337600,914.9125814192664,1260,1260
intersection,1008,80,80,2.0,5834,61.473684210526315,80,2836,2998,0.4861158724717175,2998,2836,0,4303,1531,111,15,0.002571134727459719,8.878514121463427,22.664318063380048,6135,1.051594103531025,4323968,741.1669523483031,1260,1260
intersection,1008,80,80,5.0,5834,61.473684210526315,80,3621,2213,0.6206719232087762,2213,3621,0,4352,1482,102,50,0.008570449091532397,6.606488895125766,21.838420581102724,4515,0.7739115529653754,3171840,543.6818649297223,1260,1260
intersection,1008,80,80,10.0,5834,61.473684210526315,80,4018,1816,0.6887212889955434,1816,4018,0,4374,1460,100,73,0.012512855673637299,5.43927724229083,21.075822079470893,3701,0.634384641755228,2600576,445.76208433321904,1260,1260
intersection,1008,80,80,30.0,5834,61.473684210526315,80,4352,1482,0.7459718889269797,1482,4352,0,4582,1252,105,286,0.049022968803565305,4.487239601461649,20.66409245598848,3023,0.5181693520740487,2128640,364.86801508399043,1260,1260
intersection,1009,80,80,0.0,5782,60.915789473684214,80,0,5782,0.0,5782,0,0,4023,1759,121,0,0.0,16.977459032769104,24.07725433703103,11804,2.041508128675199,8303744,1436.1369768246282,1334,1334
intersection,1009,80,80,1.0,5782,60.915789473684214,80,1986,3796,0.3434797647872708,3796,1986,1,4035,1747,118,8,0.0013836042891732965,11.171202081618336,23.20827030889916,7730,1.3369076444136976,5444608,941.6478727084054,1334,1334
intersection,1009,80,80,2.0,5782,60.915789473684214,80,2724,3058,0.47111726046350744,3058,2724,0,4055,1727,116,22,0.0038049117952265654,9.067951475099578,22.575794966457075,6251,1.0811138014527846,4402944,761.4915254237288,1334,1334
intersection,1009,80,80,5.0,5782,60.915789473684214,80,3492,2290,0.6039432722241439,2290,3492,0,4078,1704,125,45,0.007782774126599792,6.864209194393923,22.002515979528066,4665,0.8068142511241785,3283712,567.9197509512279,1334,1334
intersection,1009,80,80,10.0,5782,60.915789473684214,80,3877,1905,0.6705292286406088,1905,3877,0,4148,1634,118,122,0.02109996540989277,5.724856689178605,21.284785726992084,3885,0.6719128329297821,2734592,472.9491525423729,1334,1334
intersection,1009,80,80,30.0,5782,60.915789473684214,80,4219,1563,0.7296783120027672,1563,4219,0,4332,1450,101,293,0.05067450709097198,4.735046247821013,20.547891601135813,3183,0.5505015565548254,2243072,387.9405050155655,1334,1334
intersection,1010,80,80,0.0,5822,61.357894736842105,80,0,5822,0.0,5822,0,0,4231,1591,123,0,0.0,16.926001366041,24.112739466293927,11877,2.0400206114737203,8357376,1435.4819649604947,1315,1315
intersection,1010,80,80,1.0,5822,61.357894736842105,80,1952,3870,0.33527997251803504,3870,1952,0,4260,1562,107,15,0.002576434215046376,11.3300004666777,23.17233188568153,7909,1.3584678804534525,5563008,955.5149433184473,1315,1315
intersection,1010,80,80,2.0,5822,61.357894736842105,80,2717,3105,0.4666781174854002,3105,2717,0,4260,1562,113,17,0.0029199587770525593,9.157248688050935,22.795393086801493,6359,1.0922363448986603,4474496,768.5496392992098,1315,1315
intersection,1010,80,80,5.0,5822,61.357894736842105,80,3501,2321,0.6013397457918241,2321,3501,0,4298,1524,119,54,0.009275163174166953,6.937105715112344,21.870737641881274,4737,0.8136379251116455,3325440,571.1851597389214,1315,1315
intersection,1010,80,80,10.0,5822,61.357894736842105,80,3895,1927,0.6690140845070423,1927,3895,0,4333,1489,109,91,0.015630367571281348,5.7727787567412765,21.42069026801785,3931,0.6751975266231536,2766976,475.26210924081073,1315,1315
intersection,1010,80,80,30.0,5822,61.357894736842105,80,4260,1562,0.7317073170731707,1562,4260,0,4590,1232,114,341,0.058570937822054275,4.735585397709006,20.759657827236566,3187,0.5474063895568533,2251264,386.6822397801443,1315,1315
intersection,1001,100,100,0.0,7013,73.90526315789474,100,0,7013,0.0,7013,0,0,5143,1870,132,0,0.0,16.907520103732104,24.14180581132541,14327,2.0429202908883504,10102784,1440.579495223157,1484,1484
intersection,1001,100,100,1.0,7013,73.90526315789474,100,2393,4620,0.3412234421788108,4620,2393,0,5162,1851,135,12,0.0017111079423926994,11.20536624810291,23.124621885324352,9424,1.3437901040923999,6628224,945.1338941964922,1484,1484
intersection,1001,100,100,2.0,7013,73.90526315789474,100,3324,3689,0.4739769000427777,3689,3324,0,5152,1861,146,23,0.0032796235562526734,9.088292919124484,22.747565614290007,7535,1.0744331954940824,5306880,756.7203764437473,1484,1484
intersection,1001,100,100,5.0,7013,73.90526315789474,100,4315,2698,0.6152858976187081,2698,4315,0,5195,1818,143,61,0.008698132040496222,6.683926815982259,21.840217509000578,5505,0.7849707685726508,3880448,553.3221160701554,1484,1484
intersection,1001,100,100,10.0,7013,73.90526315789474,100,4794,2219,0.6835876229858834,2219,4794,0,5273,1740,138,130,0.018537002709254242,5.528395239061804,21.36322986588652,4536,0.6467988022244403,3192448,455.21859403964066,1484,1484
intersection,1001,100,100,30.0,7013,73.90526315789474,100,5224,1789,0.7449023242549551,1789,5224,0,5515,1498,139,366,0.05218879224297733,4.527958754633933,20.624394338511816,3642,0.5193212605161842,2561280,365.2188792242977,1484,1484
intersection,1002,100,100,0.0,6966,73.38947368421053,100,0,6966,0.0,6966,0,0,4967,1999,154,0,0.0,16.961364183626614,24.286408445620467,14241,2.0443583118001722,10024320,1439.0353143841517,1557,1557
intersection,1002,100,100,1.0,6966,73.38947368421053,100,2376,4590,0.34108527131782945,4590,2376,0,4994,1972,144,11,0.0015790984783232845,11.304201866725995,23.356931811347792,9372,1.3453919035314383,6591616,946.2555268446741,1557,1557
intersection,1002,100,100,2.0,6966,73.38947368421053,100,3294,3672,0.4728682170542636,3672,3294,0,5025,1941,118,26,0.0037324145851277634,9.004247561565474,22.641839404929698,7498,1.0763709445879988,5284864,758.6655182314097,1557,1557
intersection,1002,100,100,5.0,6966,73.38947368421053,100,4260,2706,0.611541774332472,2706,4260,1,5058,1908,144,76,0.010910134941142693,6.766285526740397,21.899707706617722,5535,0.7945736434108527,3898880,559.7014068331898,1557,1557
intersection,1002,100,100,10.0,6966,73.38947368421053,100,4722,2244,0.67786391042205,2244,4722,0,5114,1852,137,118,0.016939420040195233,5.6009984769651515,21.100991122116497,4572,0.6563307493540051,3220480,462.3140970427792,1557,1557
intersection,1002,100,100,30.0,6966,73.38947368421053,100,5116,1850,0.7344243468274476,1850,5116,0,5349,1617,134,362,0.05196669537754809,4.664088590689635,20.728555100558488,3773,0.5416307780648866,2662016,382.14412862474876,1557,1557
intersection,1003,100,100,0.0,6943,73.14736842105263,100,0,6943,0.0,6943,0,0,4992,1951,138,0,0.0,16.91760126793534,24.191944275035837,14172,2.0411925680541554,9969920,1435.9671611695233,1594,1594
intersection,1003,100,100,1.0,6943,73.14736842105263,100,2409,4534,0.34696816937923086,4534,2409,0,5001,1942,140,9,0.001296269624081809,11.098111306702203,22.95279637541725,9257,1.3332853233472561,6519168,938.9554947429066,1594,1594
intersection,1003,100,100,2.0,6943,73.14736842105263,100,3293,3650,0.4742906524557108,3650,3293,0,5003,1940,142,21,0.0030246291228575545,9.055339153771916,22.708471807715114,7451,1.0731672187815064,5241472,754.9289932305919,1594,1594
intersection,1003,100,100,5.0,6943,73.14736842105263,100,4232,2711,0.6095347832349128,2711,4232,0,5037,1906,125,36,0.005185078496327236,6.7582802978225125,22.060936327676473,5530,0.796485669019156,3898496,561.5002160449374,1594,1594
intersection,1003,100,100,10.0,6943,73.14736842105263,100,4694,2249,0.676076623937779,2249,4694,0,5103,1840,129,99,0.014258965864899898,5.614988439337735,21.0029311216644,4578,0.6593691487829468,3221120,463.9377790580441,1594,1594
intersection,1003,100,100,30.0,6943,73.14736842105263,100,5068,1875,0.7299438283162898,1875,5068,0,5313,1630,129,323,0.04652167650871381,4.8145227919097655,21.01857302415979,3842,0.5533630995247011,2697600,388.53521532478754,1594,1594
intersection,1004,100,100,0.0,6956,73.29473684210527,100,0,6956,0.0,6956,0,0,5020,1936,151,0,0.0,16.985204443235002,24.188367040556713,14218,2.0439907993099484,9999616,1437.5526164462335,1564,1564
intersection,1004,100,100,1.0,6956,73.29473684210527,100,2394,4562,0.3441633122484186,4562,2394,0,5024,1932,160,14,0.0020126509488211618,11.236587723352287,23.343133507608194,9326,1.3407130534790108,6573568,945.0212765957447,1564,1564
intersection,1004,100,100,2.0,6956,73.29473684210527,100,3304,3652,0.4749856239217941,3652,3304,1,5043,1913,137,19,0.0027314548591144336,9.033848956477794,22.664517407566365,7453,1.0714491086831512,5249152,754.6221966647498,1563,1563
intersection,1004,100,100,5.0,6956,73.29473684210527,100,4253,2703,0.6114146060954572,2703,4253,0,5100,1856,114,51,0.007331799884991374,6.760272299508716,21.960091890722566,5510,0.7921219091431857,3883520,558.2978723404256,1564,1564
intersection,1004,100,100,10.0,6956,73.29473684210527,100,4708,2248,0.6768257619321449,2248,4708,0,5148,1808,121,111,0.015957446808510637,5.671307495016485,21.349998922831404,4584,0.6589994249568718,3222656,463.2915468660149,1564,1564
intersection,1004,100,100,30.0,6956,73.29473684210527,100,5105,1851,0.7338987924094307,1851,5105,0,5330,1626,138,310,0.044565842438182866,4.71352811984154,20.73179469037356,3789,0.5447096032202415,2671488,384.05520414031054,1564,1564
intersection,1005,100,100,0.0,7048,74.29473684210527,100,0,7048,0.0,7048,0,0,5080,1968,136,0,0.0,16.93499421884906,24.22306261946296,14409,2.044409761634506,10155136,1440.8535754824063,1402,1402
intersection,1005,100,100,1.0,7048,74.29473684210527,100,2493,4555,0.35371736662883085,4555,2493,1,5084,1964,131,12,0.00170261066969353,11.036951743440492,23.094931790490847,9303,1.3199489216799092,6557824,930.4517593643587,1402,1402
intersection,1005,100,100,2.0,7048,74.29473684210527,100,3418,3630,0.48496027241770717,3630,3418,0,5092,1956,154,28,0.003972758229284903,8.88498047810349,22.726762311054216,7389,1.048382519863791,5195136,737.1078320090805,1402,1402
intersection,1005,100,100,5.0,7048,74.29473684210527,100,4427,2621,0.6281214528944381,2621,4427,1,5143,1905,135,72,0.01021566401816118,6.466140846275633,21.763909753926214,5355,0.7597900113507378,3764992,534.1929625425653,1401,1401
intersection,1005,100,100,10.0,7048,74.29473684210527,100,4911,2137,0.6967934165720772,2137,4911,0,5188,1860,136,117,0.016600454029511918,5.327202456483105,21.21531420749889,4381,0.621594778660613,3084672,437.6662883087401,1402,1402
intersection,1005,100,100,30.0,7048,74.29473684210527,100,5350,1698,0.7590805902383655,1698,5350,0,5432,1616,136,358,0.05079455164585698,4.289453921247426,20.550101906743734,3476,0.4931895573212259,2452480,347.9682179341657,1402,1402
intersection,1006,100,100,0.0,6917,72.85263157894737,100,0,6917,0.0,6917,0,0,4992,1925,148,0,0.0,16.864721724397093,24.190862234871698,14126,2.0422148330200955,9945600,1437.8487783721266,1590,1590
intersection,1006,100,100,1.0,6917,72.85263157894737,100,2443,4474,0.353187798178401,4474,2443,0,5020,1897,146,12,0.0017348561515107706,11.028421836599664,22.9958439417544,9121,1.3186352464941449,6423424,928.6430533468266,1590,1590
intersection,1006,100,100,2.0,6917,72.85263157894737,100,3331,3586,0.48156715339019807,3586,3331,0,5009,1908,147,19,0.0027468555732253867,8.917356581025077,22.632595298381197,7328,1.0594188231892439,5162496,746.3489952291455,1590,1590
intersection,1006,100,100,5.0,6917,72.85263157894737,100,4226,2691,0.6109585080237097,2691,4226,0,5057,1860,146,57,0.00824056671967616,6.720001114804233,21.712918499110856,5484,0.7928292612404222,3865216,558.7994795431546,1590,1590
intersection,1006,100,100,10.0,6917,72.85263157894737,100,4667,2250,0.6747144715917305,2250,4667,0,5111,1806,125,96,0.013878849212086165,5.612840102387522,21.01898568874674,4594,0.6641607633367067,3235072,467.69871331502094,1590,1590
intersection,1006,100,100,30.0,6917,72.85263157894737,100,5028,1889,0.7269047274830128,1889,5028,0,5288,1629,147,293,0.04235940436605465,4.794132093749231,20.533981736446094,3858,0.5577562527107127,2714240,392.40133005638285,1590,1590
intersection,1007,100,100,0.0,7000,73.73684210526316,100,0,7000,0.0,7000,0,0,4983,2017,133,0,0.0,16.84554705643094,24.22427207733335,14260,2.037142857142857,10040832,1434.4045714285714,1605,1605
intersection,1007,100,100,1.0,7000,73.73684210526316,100,2338,4662,0.334,4662,2338,0,4988,2012,147,13,0.0018571428571428571,11.371396181426794,23.17908484627713,9492,1.356,6685056,955.008,1605,1605
intersection,1007,100,100,2.0,7000,73.73684210526316,100,3275,3725,0.46785714285714286,3725,3275,0,5003,1997,146,32,0.004571428571428572,9.11282664014107,22.618691000200283,7613,1.0875714285714286,5358208,765.4582857142857,1605,1605
intersection,1007,100,100,5.0,7000,73.73684210526316,100,4237,2763,0.6052857142857143,2763,4237,0,5046,1954,146,70,0.01,6.816358799791795,21.91178859749349,5644,0.8062857142857143,3970688,567.2411428571429,1605,1605
intersection,1007,100,100,10.0,7000,73.73684210526316,100,4691,2309,0.6701428571428572,2309,4691,0,5113,1887,141,133,0.019,5.6944103972417714,21.264686230423813,4703,0.6718571428571428,3305984,472.28342857142854,1605,1605
intersection,1007,100,100,30.0,7000,73.73684210526316,100,5110,1890,0.73,1890,5110,0,5369,1631,129,381,0.05442857142857143,4.748953479961371,20.736998178921688,3846,0.5494285714285714,2704896,386.41371428571426,1605,1605
intersection,1008,100,100,0.0,6971,73.43157894736842,100,0,6971,0.0,6971,0,0,4981,1990,128,0,0.0,16.965757753454913,24.19337502121266,14268,2.0467651699899583,10041088,1440.4085497059245,1479,1479
intersection,1008,100,100,1.0,6971,73.43157894736842,100,2565,4406,0.3679529479271267,4406,2565,0,4983,1988,135,13,0.0018648687419308564,10.755956078822317,23.079685264892902,8982,1.2884808492325348,6336768,909.0185052359776,1479,1479
intersection,1008,100,100,2.0,6971,73.43157894736842,100,3446,3525,0.49433366805336393,3525,3446,0,4988,1983,140,15,0.002151771625304834,8.738336265923179,22.635101883810904,7206,1.0337110887964425,5080192,728.7608664467078,1479,1479
intersection,1008,100,100,5.0,6971,73.43157894736842,100,4380,2591,0.6283173145890116,2591,4380,0,5026,1945,141,58,0.00832018361784536,6.462226717563345,21.703428408049064,5283,0.7578539664323627,3711616,532.4366661884952,1479,1479
intersection,1008,100,100,10.0,6971,73.43157894736842,100,4845,2126,0.6950222349734615,2126,4845,0,5065,1906,144,101,0.014488595610385884,5.327626610584878,20.986880201650848,4336,0.6220054511547841,3048960,437.37770764596183,1479,1479
intersection,1008,100,100,30.0,6971,73.43157894736842,100,5220,1751,0.7488165256060824,1751,5220,0,5261,1710,146,294,0.042174723855974754,4.453459437454406,20.66515993168494,3571,0.5122650982642376,2516224,360.9559604074021,1479,1479
intersection,1009,100,100,0.0,6915,72.84210526315789,100,0,6915,0.0,6915,0,0,4954,1961,133,0,0.0,16.98281462699139,24.08175846882691,14126,2.0428054953000725,9940224,1437.487201735358,1536,1536
intersection,1009,100,100,1.0,6915,72.84210526315789,100,2500,4415,0.3615328994938539,4415,2500,1,4978,1937,127,18,0.0026030368763557484,10.881872525522772,23.178281319917982,8991,1.3002169197396962,6331904,915.6766449746927,1536,1536
intersection,1009,100,100,2.0,6915,72.84210526315789,100,3358,3557,0.4856109906001446,3557,3358,0,4978,1937,143,30,0.004338394793926247,8.808922473275278,22.423790479285444,7263,1.0503253796095444,5113600,739.4938539407086,1536,1536
intersection,1009,100,100,5.0,6915,72.84210526315789,100,4280,2635,0.618944323933478,2635,4280,0,5034,1881,127,69,0.009978308026030369,6.605902812850912,21.838554772050852,5368,0.7762834417932032,3779968,546.6331164135936,1536,1536
intersection,1009,100,100,10.0,6915,72.84210526315789,100,4732,2183,0.6843094721619667,2183,4732,0,5121,1794,145,165,0.02386117136659436,5.495213479439135,21.152473649574674,4453,0.6439624005784527,3134464,453.28474331164136,1536,1536
intersection,1009,100,100,30.0,6915,72.84210526315789,100,5104,1811,0.7381055676066522,1811,5104,0,5330,1585,139,371,0.053651482284887926,4.595489710100343,20.47840652371881,3685,0.5328994938539408,2598272,375.744323933478,1536,1536
intersection,1010,100,100,0.0,6957,73.29473684210527,100,0,6957,0.0,6957,0,0,5042,1915,123,0,0.0,16.925129841511385,24.127513345578677,14181,2.0383786114704616,9981184,1434.696564611183,1541,1541
intersection,1010,100,100,1.0,6957,73.29473684210527,100,2425,4532,0.34856978582722437,4532,2425,0,5039,1918,146,16,0.002299841885870346,11.126510972902564,23.202041241499668,9267,1.3320396722725312,6518144,936.9187868334052,1541,1541
intersection,1010,100,100,2.0,6957,73.29473684210527,100,3314,3643,0.4763547506108955,3643,3314,0,5065,1892,132,25,0.0035935029466724164,8.98782759624485,22.688825746435267,7452,1.071151358344114,5242624,753.5753916918212,1541,1541
intersection,1010,100,100,5.0,6957,73.29473684210527,100,4254,2703,0.6114704614057783,2703,4254,0,5099,1858,137,72,0.01034928848641656,6.758047402151494,21.79641415762177,5525,0.794164151214604,3881088,557.8680465717982,1541,1541
intersection,1010,100,100,10.0,6957,73.29473684210527,100,4739,2218,0.6811844185712232,2218,4739,0,5156,1801,127,117,0.016817593790426907,5.573815619570375,21.3941124619339,4526,0.6505677734655743,3187200,458.128503665373,1541,1541
intersection,1010,100,100,30.0,6957,73.29473684210527,100,5134,1823,0.7379617651286474,1823,5134,0,5444,1513,129,408,0.058645968089693835,4.638111773693287,20.731423764394208,3718,0.5344257582291218,2625536,377.39485410378035,1541,1541
grid,1001,20,20,0.0,1466,16.263157894736842,20,0,1466,0.0,1466,0,0,1082,384,24,0,0.0,16.826219356429288,23.97292867671119,3004,2.049113233287858,2114816,1442.5757162346522,105,105
grid,1001,20,20,1.0,1466,16.263157894736842,20,683,783,0.465893587994543,783,683,0,1084,382,18,2,0.001364256480218281,9.217615928430199,22.407453673499944,1591,1.0852660300136425,1116928,761.8881309686221,105,105
grid,1001,20,20,2.0,1466,16.263157894736842,20,913,553,0.6227830832196453,553,913,0,1088,378,21,5,0.0034106412005457027,6.5513585624317425,22.13952777623085,1140,0.7776261937244202,807040,550.5047748976808,105,105
grid,1001,20,20,5.0,1466,16.263157894736842,20,1138,328,0.7762619372442019,328,1138,0,1091,375,28,11,0.007503410641200546,3.978600289741224,20.22569909004801,667,0.45497953615279674,470016,320.61118690313776,105,105
grid,1001,20,20,10.0,1466,16.263157894736842,20,1238,228,0.844474761255116,228,1238,0,1115,351,15,29,0.019781718963165076,2.815476909969595,18.749750500834494,464,0.3165075034106412,327552,223.4324693042292,105,105
grid,1001,20,20,30.0,1466,16.263157894736842,20,1306,160,0.8908594815825375,160,1306,0,1143,323,28,68,0.04638472032742155,2.088884619386311,17.93842011108282,325,0.22169167803547066,230144,156.98772169167805,105,105
grid,1002,20,20,0.0,1358,15.936842105263159,20,0,1358,0.0,1358,0,0,1000,358,34,0,0.0,16.976592943713342,24.1084875854888,2783,2.0493372606774667,1963264,1445.7025036818852,117,117
grid,1002,20,20,1.0,1358,15.936842105263159,20,639,719,0.47054491899852724,719,639,0,1019,339,18,4,0.0029455081001472753,9.260129687065115,22.925112045035153,1469,1.0817378497790868,1032832,760.5537555228277,117,117
grid,1002,20,20,2.0,1358,15.936842105263159,20,836,522,0.6156111929307806,522,836,0,1020,338,26,13,0.009572901325478646,6.546772881412545,21.531243861216254,1060,0.780559646539028,748032,550.8335787923417,117,117
grid,1002,20,20,5.0,1358,15.936842105263159,20,1045,313,0.7695139911634757,313,1045,0,1030,328,27,18,0.013254786450662739,3.986775118502054,19.553136122312857,639,0.47054491899852724,449408,330.9337260677467,117,117
grid,1002,20,20,10.0,1358,15.936842105263159,20,1137,221,0.8372606774668631,221,1137,0,1058,300,23,45,0.03313696612665685,2.902162334118691,18.371231511392406,445,0.3276877761413844,313728,231.0220913107511,117,117
grid,1002,20,20,30.0,1358,15.936842105263159,20,1192,166,0.8777614138438881,166,1192,0,1073,285,26,65,0.04786450662739323,2.3401896103681064,18.27773648395556,342,0.25184094256259204,241664,177.95581737849778,117,117
grid,1003,20,20,0.0,1357,15.757894736842106,20,0,1357,0.0,1357,0,0,989,368,23,0,0.0,16.835476664946842,24.150191212373787,2762,2.0353721444362565,1944448,1432.9019896831246,120,120
grid,1003,20,20,1.0,1357,15.757894736842106,20,626,731,0.4613117170228445,731,626,0,989,368,31,6,0.004421518054532056,9.059741222002442,22.101232005016413,1491,1.0987472365512159,1052800,775.8290346352247,120,120
grid,1003,20,20,2.0,1357,15.757894736842106,20,841,516,0.6197494473102432,516,841,0,989,368,33,9,0.006632277081798084,6.570736655260277,21.744991538479756,1057,0.7789240972733972,740992,546.0515843773029,120,120
grid,1003,20,20,5.0,1357,15.757894736842106,20,1056,301,0.7781871775976419,301,1056,0,1015,342,16,24,0.017686072218128224,3.985298991366984,20.51457401234842,615,0.45320560058953574,432512,318.72660280029476,120,120
grid,1003,20,20,10.0,1357,15.757894736842106,20,1145,212,0.8437730287398674,212,1145,0,1019,338,29,36,0.026529108327192335,2.81091680830618,18.554029807077658,435,0.32056005895357403,305792,225.34414148857775,120,120
grid,1003,20,20,30.0,1357,15.757894736842106,20,1187,170,0.8747236551215918,170,1187,0,1060,297,30,80,0.058953574060427415,2.3708311350003486,18.453538678861037,347,0.2557111274871039,243840,179.69049373618276,120,120
grid,1004,20,20,0.0,1361,15.74736842105263,20,0,1361,0.0,1361,0,0,989,372,30,0,0.0,17.20939852812623,24.822951671506388,2784,2.0455547391623807,1959040,1439.4121969140338,114,114
grid,1004,20,20,1.0,1361,15.74736842105263,20,635,726,0.4665686994856723,726,635,0,987,374,37,3,0.002204261572373255,9.331800529374092,23.03857322843328,1492,1.0962527553269654,1051264,772.4202792064658,114,114
grid,1004,20,20,2.0,1361,15.74736842105263,20,839,522,0.6164584864070536,522,839,0,1007,354,23,6,0.00440852314474651,6.738467835235091,22.118258418430514,1069,0.7854518736223365,754816,554.6039676708302,114,114
grid,1004,20,20,5.0,1361,15.74736842105263,20,1045,316,0.7678177810433505,316,1045,0,998,363,33,8,0.005878030859662013,4.127929929982397,20.10636778169328,647,0.47538574577516535,453248,333.02571638501104,114,114
grid,1004,20,20,10.0,1361,15.74736842105263,20,1137,224,0.8354151359294636,224,1137,0,1027,334,29,33,0.024246877296105803,2.9443427656677215,19.027792075050343,456,0.33504775900073475,319232,234.556943423953,114,114
grid,1004,20,20,30.0,1361,15.74736842105263,20,1193,168,0.8765613519470977,168,1193,0,1055,306,36,65,0.04775900073475386,2.3278041411012884,17.562559621387308,347,0.25495958853783984,242048,177.84570168993386,114,114
grid,1005,20,20,0.0,1432,16.042105263157893,20,0,1432,0.0,1432,0,0,1065,367,23,0,0.0,17.078767853402386,24.442724926795737,2928,2.0446927374301676,2066688,1443.217877094972,126,126
grid,1005,20,20,1.0,1432,16.042105263157893,20,666,766,0.4650837988826816,766,666,0,1058,374,31,0,0.0,9.141133659286984,22.53018714125652,1567,1.0942737430167597,1104512,771.3072625698323,126,126
grid,1005,20,20,2.0,1432,16.042105263157893,20,884,548,0.61731843575419,548,884,0,1061,371,32,5,0.0034916201117318434,6.656265804271037,21.73067484298006,1117,0.7800279329608939,785024,548.2011173184358,126,126
grid,1005,20,20,5.0,1432,16.042105263157893,20,1107,325,0.7730446927374302,325,1107,0,1064,368,28,8,0.00558659217877095,3.9740453396069904,19.81297935869364,658,0.4594972067039106,461440,322.23463687150837,126,126
grid,1005,20,20,10.0,1432,16.042105263157893,20,1191,241,0.8317039106145251,241,1191,0,1087,345,34,31,0.02164804469273743,3.0696329886521085,19.331819464700576,488,0.3407821229050279,343552,239.91061452513966,126,126
grid,1005,20,20,30.0,1432,16.042105263157893,20,1253,179,0.875,179,1253,0,1149,283,30,91,0.06354748603351955,2.354289163167378,17.815409108173522,363,0.2534916201117318,256000,178.7709497206704,126,126
grid,1006,20,20,0.0,1345,15.757894736842106,20,0,1345,0.0,1345,0,0,990,355,29,0,0.0,16.753631667018272,23.884478659694963,2747,2.0423791821561337,1943296,1444.8297397769518,122,122
grid,1006,20,20,1.0,1345,15.757894736842106,20,623,722,0.46319702602230484,722,623,0,984,361,31,1,0.0007434944237918215,9.157132086844237,22.38155448596899,1471,1.0936802973977695,1035136,769.617843866171,122,122
grid,1006,20,20,2.0,1345,15.757894736842106,20,836,509,0.6215613382899629,509,836,0,996,349,22,7,0.0052044609665427505,6.5623284450446855,21.403359823452206,1034,0.7687732342007435,730624,543.2148698884758,122,122
grid,1006,20,20,5.0,1345,15.757894736842106,20,1035,310,0.7695167286245354,310,1035,0,998,347,24,13,0.009665427509293681,4.120411158639191,19.95884431366477,628,0.46691449814126396,441216,328.04163568773237,122,122
grid,1006,20,20,10.0,1345,15.757894736842106,20,1117,228,0.8304832713754647,228,1117,0,1001,344,32,19,0.01412639405204461,2.962601825614536,18.268239919743223,463,0.3442379182156134,325504,242.01040892193308,122,122
grid,1006,20,20,30.0,1345,15.757894736842106,20,1172,173,0.8713754646840148,173,1172,0,1036,309,32,53,0.03940520446096654,2.3697367461113563,17.54506721322855,352,0.2617100371747212,247808,184.24386617100373,122,122
grid,1007,20,20,0.0,1365,15.631578947368421,20,0,1365,0.0,1365,0,0,984,381,20,0,0.0,16.927174734638143,23.978335376395417,2779,2.0358974358974358,1954176,1431.6307692307691,115,115
grid,1007,20,20,1.0,1365,15.631578947368421,20,631,734,0.4622710622710623,734,631,0,988,377,25,2,0.0014652014652014652,9.240157878484125,22.35107374705052,1491,1.0923076923076922,1051904,770.625641025641,115,115
grid,1007,20,20,2.0,1365,15.631578947368421,20,842,523,0.6168498168498169,523,842,0,990,375,25,7,0.005128205128205128,6.632191517502764,21.720656017191686,1072,0.7853479853479853,754688,552.8849816849817,115,115
grid,1007,20,20,5.0,1365,15.631578947368421,20,1055,310,0.7728937728937729,310,1055,0,997,368,27,18,0.013186813186813187,4.0597825149003395,20.301573523045136,638,0.4673992673992674,446464,327.07985347985345,115,115
grid,1007,20,20,10.0,1365,15.631578947368421,20,1145,220,0.8388278388278388,220,1145,0,1009,356,29,26,0.01904761904761905,2.903297106739255,19.167509797668448,446,0.32673992673992674,312192,228.71208791208792,115,115
grid,1007,20,20,30.0,1365,15.631578947368421,20,1187,178,0.8695970695970696,178,1187,0,1059,306,41,86,0.063003663003663,2.381938283311136,17.383697371319325,361,0.2644688644688645,254592,186.5142857142857,115,115
grid,1008,20,20,0.0,1371,15.810526315789474,20,0,1371,0.0,1371,0,0,1033,338,27,0,0.0,17.113699836023603,24.855233976797564,2813,2.0517870167760757,1976320,1441.5171407731582,111,111
grid,1008,20,20,1.0,1371,15.810526315789474,20,645,726,0.47045951859956237,726,645,0,1038,333,23,5,0.0036469730123997084,9.05241088843543,22.998266596651717,1484,1.0824215900802334,1047424,763.9854121079504,111,111
grid,1008,20,20,2.0,1371,15.810526315789474,20,853,518,0.6221735959153902,518,853,0,1040,331,29,9,0.006564551422319475,6.548740713712234,21.706179585697427,1057,0.7709700948212983,743680,542.436177972283,111,111
grid,1008,20,20,5.0,1371,15.810526315789474,20,1071,300,0.7811816192560175,300,1071,0,1070,301,17,28,0.020423048869438368,4.08682578333804,21.075699539892412,614,0.44784828592268416,430464,313.9781181619256,111,111
grid,1008,20,20,10.0,1371,15.810526315789474,20,1155,216,0.8424507658643327,216,1155,0,1084,287,23,48,0.0350109409190372,2.877345108513814,18.68658931136835,439,0.3202042304886944,306816,223.78993435448578,111,111
grid,1008,20,20,30.0,1371,15.810526315789474,20,1205,166,0.8789204959883297,166,1205,0,1110,261,30,81,0.05908096280087528,2.28765429740664,17.878589322576133,340,0.24799416484318015,240256,175.24142961342085,111,111
grid,1009,20,20,0.0,1350,15.526315789473685,20,0,1350,0.0,1350,0,0,998,352,30,0,0.0,17.128677392266425,24.199904932677182,2754,2.04,1938816,1436.16,117,117
grid,1009,20,20,1.0,1350,15.526315789473685,20,629,721,0.4659259259259259,721,629,0,1002,348,33,4,0.002962962962962963,9.119080235644477,22.302107519961467,1462,1.082962962962963,1025664,759.7511111111111,117,117
grid,1009,20,20,2.0,1350,15.526315789473685,20,834,516,0.6177777777777778,516,834,0,1014,336,26,7,0.005185185185185185,6.670267988063994,21.372675120051454,1060,0.7851851851851852,744448,551.442962962963,117,117
grid,1009,20,20,5.0,1350,15.526315789473685,20,1040,310,0.7703703703703704,310,1040,0,1009,341,31,10,0.007407407407407408,4.137324560771096,20.22281499937701,636,0.4711111111111111,448640,332.3259259259259,117,117
grid,1009,20,20,10.0,1350,15.526315789473685,20,1116,234,0.8266666666666667,234,1116,0,1011,339,46,24,0.017777777777777778,3.1026358521079302,19.527387316758553,483,0.35777777777777775,336000,248.88888888888889,117,117
grid,1009,20,20,30.0,1350,15.526315789473685,20,1188,162,0.88,162,1188,0,1057,293,22,53,0.03925925925925926,2.2550222029059928,17.573249835962187,331,0.24518518518518517,232576,172.27851851851852,117,117
grid,1010,20,20,0.0,1404,15.926315789473684,20,0,1404,0.0,1404,0,0,1016,388,34,0,0.0,16.879224113309018,23.746772265806726,2858,2.0356125356125356,2011136,1432.4330484330485,110,110
grid,1010,20,20,1.0,1404,15.926315789473684,20,658,746,0.4686609686609687,746,658,0,1019,385,31,3,0.002136752136752137,9.020665041376851,22.110966005866928,1510,1.0754985754985755,1063936,757.7891737891738,110,110
grid,1010,20,20,2.0,1404,15.926315789473684,20,868,536,0.6182336182336182,536,868,0,1026,378,29,8,0.005698005698005698,6.55375708597949,21.398524546428455,1090,0.7763532763532763,766464,545.9145299145299,110,110
grid,1010,20,20,5.0,1404,15.926315789473684,20,1076,328,0.7663817663817664,328,1076,0,1037,367,28,20,0.014245014245014245,4.13571806256989,19.937970521839077,669,0.47649572649572647,469632,334.4957264957265,110,110
grid,1010,20,20,10.0,1404,15.926315789473684,20,1184,220,0.8433048433048433,220,1184,0,1054,350,24,32,0.022792022792022793,2.85271251079787,18.765000838440926,454,0.32336182336182334,319616,227.64672364672364,110,110
grid,1010,20,20,30.0,1404,15.926315789473684,20,1241,163,0.8839031339031339,163,1241,0,1092,312,28,73,0.051994301994301995,2.1620334899508387,17.134772606742377,333,0.23717948717948717,233984,166.65527065527064,110,110
grid,1001,40,40,0.0,3002,32.01052631578948,40,0,3002,0.0,3002,0,0,2138,864,62,0,0.0,16.868607544281648,24.04075883640998,6143,2.046302465023318,4331392,1442.8354430379748,331,331
grid,1001,40,40,1.0,3002,32.01052631578948,40,1324,1678,0.44103930712858097,1678,1324,0,2152,850,55,8,0.002664890073284477,9.57781375690696,22.474066834187134,3414,1.1372418387741505,2398976,799.1259160559626,331,331
grid,1001,40,40,2.0,3002,32.01052631578948,40,1759,1243,0.5859427048634244,1243,1759,0,2144,858,56,4,0.0013324450366422385,7.234246932248261,22.545370090629113,2554,0.8507661558960693,1802496,600.4317121918721,331,331
grid,1001,40,40,5.0,3002,32.01052631578948,40,2184,818,0.7275149900066622,818,2184,0,2177,825,60,34,0.011325782811459028,4.786877136776102,20.67253594000639,1666,0.5549633577614923,1174656,391.2911392405063,331,331
grid,1001,40,40,10.0,3002,32.01052631578948,40,2388,614,0.7954696868754164,614,2388,0,2205,797,52,57,0.0189873417721519,3.643220411228103,20.046226525512974,1254,0.4177215189873418,883712,294.3744170552965,331,331
grid,1001,40,40,30.0,3002,32.01052631578948,40,2540,462,0.8461025982678214,462,2540,0,2307,695,74,185,0.06162558294470353,2.8620451006573653,19.189423573323324,942,0.31379080612924715,664064,221.20719520319787,331,331
grid,1002,40,40,0.0,2963,31.926315789473684,40,0,2963,0.0,2963,0,0,2286,677,56,0,0.0,17.022262797841623,24.161159376227204,6061,2.045561930475869,4265600,1439.622004724941,351,351
grid,1002,40,40,1.0,2963,31.926315789473684,40,1332,1631,0.44954438069524133,1631,1332,0,2290,673,58,5,0.0016874789065136687,9.528185136305233,22.913059570590022,3329,1.1235234559568006,2338688,789.2973337833278,351,351
grid,1002,40,40,2.0,2963,31.926315789473684,40,1746,1217,0.5892676341545731,1217,1746,0,2280,683,66,5,0.0016874789065136687,7.113611919417094,21.977838109738467,2485,0.8386770165372933,1756160,592.6965912926088,351,351
grid,1002,40,40,5.0,2963,31.926315789473684,40,2165,798,0.7306783665204185,798,2165,0,2306,657,50,13,0.004387445156935539,4.7260363767786835,20.434829432577928,1629,0.5497806277421532,1142784,385.68477894026324,351,351
grid,1002,40,40,10.0,2963,31.926315789473684,40,2357,606,0.7954775565305434,606,2357,0,2329,634,53,39,0.013162335470806615,3.630107174842506,19.792116586306467,1238,0.41781977725278435,873344,294.7499156260547,351,351
grid,1002,40,40,30.0,2963,31.926315789473684,40,2500,463,0.8437394532568343,463,2500,0,2373,590,54,82,0.027674654066824164,2.909176557401698,19.25868292336048,955,0.3223084711441107,671872,226.7539655754303,351,351
grid,1003,40,40,0.0,3063,32.61052631578947,40,0,3063,0.0,3063,0,0,2115,948,66,0,0.0,16.81416041261623,24.13724509312232,6245,2.038850799869409,4387968,1432.5719882468168,351,351
grid,1003,40,40,1.0,3063,32.61052631578947,40,1379,1684,0.4502122102513875,1684,1379,0,2129,934,54,7,0.002285341168788769,9.342739916926961,22.462207473804696,3439,1.1227554684949397,2424192,791.4436826640549,351,351
grid,1003,40,40,2.0,3063,32.61052631578947,40,1824,1239,0.5954946131243879,1239,1824,0,2133,930,53,8,0.002611818478615736,6.9608077462887925,21.811323245497864,2535,0.8276199804113614,1782400,581.913157035586,351,351
grid,1003,40,40,5.0,3063,32.61052631578947,40,2260,803,0.7378387202089455,803,2260,0,2156,907,44,27,0.00881488736532811,4.604240851444343,20.580651457310495,1636,0.534116878876918,1151744,376.0182827293503,351,351
grid,1003,40,40,10.0,3063,32.61052631578947,40,2443,620,0.7975840679072804,620,2443,0,2159,904,67,46,0.015017956252040483,3.5726514665615543,19.18505746994939,1268,0.4139732288605942,892672,291.4371531178583,351,351
grid,1003,40,40,30.0,3063,32.61052631578947,40,2589,474,0.8452497551420176,474,2589,0,2279,784,63,171,0.05582761998041136,2.8881214115554,19.191675387802583,968,0.31603003591250406,679680,221.90009794319295,351,351
grid,1004,40,40,0.0,3047,32.65263157894737,40,0,3047,0.0,3047,0,0,2098,949,52,0,0.0,17.05117264966397,24.494186633753387,6230,2.0446340662947162,4386816,1439.7164424023629,357,357
grid,1004,40,40,1.0,3047,32.65263157894737,40,1354,1693,0.44437151296357075,1693,1354,0,2101,946,67,9,0.002953724975385625,9.617980207033089,22.86845966821467,3460,1.135543157203807,2440320,800.8926813258943,357,357
grid,1004,40,40,2.0,3047,32.65263157894737,40,1811,1236,0.5943551033803741,1236,1811,0,2116,931,53,13,0.00426649163111257,7.087536725960208,22.10231003603446,2530,0.8303249097472925,1787392,586.6071545782737,357,357
grid,1004,40,40,5.0,3047,32.65263157894737,40,2232,815,0.732523793895635,815,2232,0,2141,906,54,37,0.012143091565474237,4.7019378052753265,20.675629979556295,1661,0.5451263537906137,1169792,383.9159829340335,357,357
grid,1004,40,40,10.0,3047,32.65263157894737,40,2421,626,0.7945520183787331,626,2421,0,2151,896,68,55,0.018050541516245487,3.6933642335073427,19.973747859764753,1279,0.41975713816869054,897280,294.4798162126682,357,357
grid,1004,40,40,30.0,3047,32.65263157894737,40,2576,471,0.8454217262881523,471,2576,0,2304,743,53,204,0.06695109944207417,2.8626415865454033,18.951787491186415,968,0.3176895306859206,679680,223.0653101411224,357,357
grid,1005,40,40,0.0,3046,32.473684210526315,40,0,3046,0.0,3046,0,0,2301,745,51,0,0.0,16.934241222552185,24.54226642048951,6223,2.0430072225869993,4387712,1440.4832567301378,367,367
grid,1005,40,40,1.0,3046,32.473684210526315,40,1359,1687,0.4461588969139856,1687,1359,1,2296,750,58,6,0.001969796454366382,9.471044697916122,22.610192408023977,3448,1.1319763624425476,2429184,797.499671700591,367,367
grid,1005,40,40,2.0,3046,32.473684210526315,40,1777,1269,0.5833880499015102,1269,1777,0,2306,740,55,10,0.003282994090610637,7.201354545070765,21.901511738798174,2577,0.8460275771503611,1811968,594.8680236375575,367,367
grid,1005,40,40,5.0,3046,32.473684210526315,40,2221,825,0.7291529875246224,825,2221,0,2323,723,48,18,0.005909389363099146,4.7527786050205885,20.5943421762953,1680,0.551543007222587,1180928,387.69796454366383,367,367
grid,1005,40,40,10.0,3046,32.473684210526315,40,2400,646,0.7879185817465528,646,2400,0,2328,718,63,35,0.01149047931713723,3.79505481998826,19.86948157625079,1321,0.43368351936966515,929536,305.1661195009849,367,367
grid,1005,40,40,30.0,3046,32.473684210526315,40,2568,478,0.8430728824688115,478,2568,0,2439,607,58,144,0.04727511490479317,2.9056422082245903,18.872373946841492,980,0.3217334208798424,691712,227.0886408404465,367,367
grid,1006,40,40,0.0,2959,31.557894736842105,40,0,2959,0.0,2959,0,0,2091,868,54,0,0.0,16.683308755420942,23.948708435739974,6037,2.040216289286921,4253184,1437.3720851639068,358,358
grid,1006,40,40,1.0,2959,31.557894736842105,40,1321,1638,0.4464346062859074,1638,1321,0,2098,861,46,10,0.0033795201081446434,9.455836222158025,22.4479023626472,3340,1.128759716120311,2354944,795.8580601554579,358,358
grid,1006,40,40,2.0,2959,31.557894736842105,40,1718,1241,0.5806015545792498,1241,1718,0,2089,870,65,11,0.0037174721189591076,7.256357402192796,22.0361921444006,2530,0.8550185873605948,1787392,604.0527205136871,358,358
grid,1006,40,40,5.0,2959,31.557894736842105,40,2152,807,0.7272727272727273,807,2152,0,2114,845,66,34,0.011490368367691788,4.794425099817377,20.516549264225148,1645,0.5559310577897939,1157632,391.22406218316996,358,358
grid,1006,40,40,10.0,2959,31.557894736842105,40,2338,621,0.7901318012842177,621,2338,0,2115,844,73,42,0.014193984454207503,3.6868457426388863,19.55432435227635,1270,0.42919905373436973,892288,301.5505238256168,358,358
grid,1006,40,40,30.0,2959,31.557894736842105,40,2479,480,0.8377830348090571,480,2479,0,2241,718,66,159,0.05373436971949983,2.9439966840642815,18.840298873073635,976,0.3298411625549172,687104,232.20817843866172,358,358
grid,1007,40,40,0.0,3016,32.1578947368421,40,0,3016,0.0,3016,0,0,2227,789,63,0,0.0,16.852516428642698,24.26734589509394,6139,2.035477453580902,4317824,1431.6392572944296,351,351
grid,1007,40,40,1.0,3016,32.1578947368421,40,1363,1653,0.4519230769230769,1653,1363,0,2241,775,57,7,0.0023209549071618036,9.384281779011014,22.43833312925414,3357,1.1130636604774535,2363776,783.7453580901857,351,351
grid,1007,40,40,2.0,3016,32.1578947368421,40,1804,1212,0.5981432360742706,1212,1804,0,2246,770,45,7,0.0023209549071618036,6.94644502867589,21.99292984301593,2478,0.8216180371352785,1742720,577.8249336870026,351,351
grid,1007,40,40,5.0,3016,32.1578947368421,40,2230,786,0.7393899204244032,786,2230,0,2273,743,46,30,0.009946949602122016,4.567128252120401,20.580263244612595,1610,0.5338196286472149,1130752,374.9177718832891,351,351
grid,1007,40,40,10.0,3016,32.1578947368421,40,2409,607,0.7987400530503979,607,2409,0,2264,752,59,35,0.011604774535809019,3.6070359783144577,20.109843662375226,1235,0.40948275862068967,867200,287.53315649867375,351,351
grid,1007,40,40,30.0,3016,32.1578947368421,40,2545,471,0.8438328912466844,471,2545,0,2335,681,63,109,0.03614058355437666,2.7905627980674903,18.815899590709506,953,0.3159814323607427,669568,222.0053050397878,351,351
grid,1008,40,40,0.0,2923,31.33684210526316,40,0,2923,0.0,2923,0,0,2159,764,77,0,0.0,16.977109363495472,24.244744426366083,5984,2.0472117687307563,4210048,1440.317482039001,334,334
grid,1008,40,40,1.0,2923,31.33684210526316,40,1323,1600,0.4526171741361615,1600,1323,0,2189,734,53,6,0.0020526855969893944,9.33651400624368,22.708636901023027,3260,1.115292507697571,2297728,786.0855285665413,334,334
grid,1008,40,40,2.0,2923,31.33684210526316,40,1741,1182,0.5956209373930893,1182,1741,0,2185,738,58,9,0.003079028395484092,7.024439121362159,22.095530948150714,2415,0.8262059527882313,1702400,582.4153267191242,334,334
grid,1008,40,40,5.0,2923,31.33684210526316,40,2136,787,0.7307560725282244,787,2136,0,2189,734,69,21,0.007184399589462881,4.832081161674375,21.140833041818752,1608,0.5501197399931577,1127552,385.75162504276426,334,334
grid,1008,40,40,10.0,2923,31.33684210526316,40,2340,583,0.8005473828258638,583,2340,0,2223,700,53,47,0.016079370509750255,3.562594059903431,19.954326910891503,1187,0.40608963393773523,832512,284.8142319534725,334,334
grid,1008,40,40,30.0,2923,31.33684210526316,40,2476,447,0.8470749230242901,447,2476,0,2287,636,61,115,0.03934314060896339,2.8152850113354138,19.003894276583825,912,0.31200821074238794,644736,220.57338351009238,334,334
grid,1009,40,40,0.0,2935,31.410526315789475,40,0,2935,0.0,2935,0,0,2104,831,52,0,0.0,16.959233735416554,24.081758468829403,5988,2.040204429301533,4211968,1435.082793867121,348,348
grid,1009,40,40,1.0,2935,31.410526315789475,40,1327,1608,0.452129471890971,1608,1327,0,2099,836,71,6,0.0020442930153321977,9.324378258624753,22.748990808285185,3274,1.1155025553662692,2304000,785.0085178875639,348,348
grid,1009,40,40,2.0,2935,31.410526315789475,40,1741,1194,0.5931856899488926,1194,1741,0,2116,819,54,8,0.00272572402044293,7.089381529969948,21.95687260681449,2442,0.8320272572402044,1720064,586.0524701873935,348,348
grid,1009,40,40,5.0,2935,31.410526315789475,40,2157,778,0.7349233390119251,778,2157,0,2126,809,53,23,0.007836456558773424,4.729940887707103,21.13457017161977,1590,0.5417376490630323,1117568,380.77274275979556,348,348
grid,1009,40,40,10.0,2935,31.410526315789475,40,2331,604,0.7942078364565588,604,2331,0,2157,778,69,57,0.019420783645655876,3.6447697259941605,19.798215081885214,1235,0.42078364565587734,865408,294.8579216354344,348,348
grid,1009,40,40,30.0,2935,31.410526315789475,40,2465,470,0.8398637137989778,470,2465,0,2247,688,63,145,0.049403747870528106,2.9212332631676166,18.88487432382248,956,0.32572402044293014,673024,229.30971039182282,348,348
grid,1010,40,40,0.0,3036,32.43157894736842,40,0,3036,0.0,3036,0,0,2266,770,54,0,0.0,16.8161748407708,23.855017063446837,6190,2.038866930171278,4356864,1435.0671936758893,342,342
grid,1010,40,40,1.0,3036,32.43157894736842,40,1378,1658,0.4538866930171278,1658,1378,0,2273,763,55,6,0.001976284584980237,9.327410607725954,22.279781609574556,3375,1.1116600790513833,2376448,782.7562582345191,342,342
grid,1010,40,40,2.0,3036,32.43157894736842,40,1797,1239,0.591897233201581,1239,1797,0,2260,776,66,6,0.001976284584980237,7.063157050841049,21.768211860671016,2535,0.8349802371541502,1784192,587.6785243741765,342,342
grid,1010,40,40,5.0,3036,32.43157894736842,40,2234,802,0.735836627140975,802,2234,0,2288,748,44,17,0.005599472990777339,4.680377524821614,20.600925364595348,1638,0.5395256916996047,1150464,378.94071146245057,342,342
grid,1010,40,40,10.0,3036,32.43157894736842,40,2425,611,0.7987483530961792,611,2425,0,2290,746,55,26,0.008563899868247694,3.599855504892543,19.719925789578596,1249,0.4113965744400527,880640,290.0658761528327,342,342
grid,1010,40,40,30.0,3036,32.43157894736842,40,2582,454,0.8504611330698287,454,2582,0,2389,647,46,120,0.039525691699604744,2.747008734554889,18.75566585140298,928,0.30566534914361,655104,215.77865612648222,342,342
grid,1001,60,60,0.0,4611,48.85263157894737,60,0,4611,0.0,4611,0,0,3420,1191,88,0,0.0,16.904327806615186,24.084688841436108,9426,2.044242029928432,6645760,1441.2838863587074,680,680
grid,1001,60,60,1.0,4611,48.85263157894737,60,1911,2700,0.41444372153545866,2700,1911,0,3426,1185,84,5,0.0010843634786380394,10.001661463328533,22.802861780277794,5504,1.1936673172847538,3865856,838.3986120147473,680,680
grid,1001,60,60,2.0,4611,48.85263157894737,60,2537,2074,0.5502060290609412,2074,2537,0,3444,1167,83,23,0.004988072001734982,7.810428691212972,22.4708435297174,4251,0.9219258295380611,2995840,649.7158967685968,680,680
grid,1001,60,60,5.0,4611,48.85263157894737,60,3169,1442,0.6872695727607894,1442,3169,0,3475,1136,83,48,0.01040988939492518,5.467190458059418,21.168015576940036,2936,0.6367382346562568,2068736,448.65235306874865,680,680
grid,1001,60,60,10.0,4611,48.85263157894737,60,3471,1140,0.752765126870527,1140,3471,0,3483,1128,88,70,0.015181088700932552,4.359361785951425,20.635165516360132,2332,0.5057471264367817,1644416,356.62893081761007,680,680
grid,1001,60,60,30.0,4611,48.85263157894737,60,3724,887,0.8076339188896118,887,3724,0,3648,963,107,250,0.054218173931901974,3.475521485073945,19.60804399214311,1807,0.39188896117978744,1275264,276.56994144437215,680,680
grid,1002,60,60,0.0,4558,48.463157894736845,60,0,4558,0.0,4558,0,0,3526,1032,87,0,0.0,16.95620824279713,24.094419382474182,9317,2.044098288723124,6561408,1439.5366388767004,704,704
grid,1002,60,60,1.0,4558,48.463157894736845,60,1906,2652,0.418165862220272,2652,1906,0,3536,1022,92,8,0.0017551557700745941,10.020245577334506,23.173433833412282,5416,1.1882404563405002,3811072,836.1281263712154,704,704
grid,1002,60,60,2.0,4558,48.463157894736845,60,2500,2058,0.5484861781483107,2058,2500,0,3547,1011,94,17,0.0037297060114085123,7.796886078407365,22.3462679762207,4195,0.9203598069328653,2961792,649.8007898200965,704,704
grid,1002,60,60,5.0,4558,48.463157894736845,60,3133,1425,0.687362878455463,1425,3133,0,3569,989,91,35,0.007678806494076349,5.450942783560502,21.07899631349816,2904,0.6371215445370777,2042624,448.140412461606,704,704
grid,1002,60,60,10.0,4558,48.463157894736845,60,3421,1137,0.7505484861781483,1137,3421,0,3593,965,88,63,0.013821851689337429,4.4108958107199845,20.373389732927897,2317,0.5083369899078544,1632512,358.164107064502,704,704
grid,1002,60,60,30.0,4558,48.463157894736845,60,3661,897,0.8032031592803861,897,3661,0,3674,884,96,152,0.03334795963141729,3.5446045484080444,19.91522785094801,1837,0.4030276437033787,1295488,284.22290478279945,704,704
grid,1003,60,60,0.0,4631,49.01052631578948,60,0,4631,0.0,4631,0,0,3398,1233,83,0,0.0,16.8654876557248,24.125430167092787,9461,2.042971280500972,6652928,1436.6072122651694,701,701
grid,1003,60,60,1.0,4631,49.01052631578948,60,1956,2675,0.4223709781904556,2675,1956,0,3405,1226,83,5,0.0010796804145972792,9.827185789753754,22.66941236318587,5464,1.1798747570719068,3845760,830.4383502483265,701,701
grid,1003,60,60,2.0,4631,49.01052631578948,60,2580,2051,0.557115093932196,2051,2580,0,3416,1215,85,20,0.004318721658389117,7.653810417792774,22.28706484846299,4185,0.9036925070179227,2944000,635.715828114878,701,701
grid,1003,60,60,5.0,4631,49.01052631578948,60,3214,1417,0.6940185705031311,1417,3214,0,3437,1194,90,38,0.008205571150939322,5.302159528805874,21.01493017570988,2887,0.623407471388469,2031104,438.58864176203843,701,701
grid,1003,60,60,10.0,4631,49.01052631578948,60,3497,1134,0.7551284819693371,1134,3497,0,3462,1169,89,67,0.014467717555603542,4.281111264463334,20.005413427956142,2316,0.5001079680414597,1630464,352.0760095011876,701,701
grid,1003,60,60,30.0,4631,49.01052631578948,60,3730,901,0.8054415892895703,901,3730,0,3627,1004,100,240,0.0518246599006694,3.528820698247044,19.801424015966518,1841,0.3975383286547182,1290240,278.6093716259987,701,701
grid,1004,60,60,0.0,4638,49.252631578947366,60,0,4638,0.0,4638,0,0,3318,1320,92,0,0.0,17.044985912214756,24.352028099660572,9478,2.0435532557136695,6670720,1438.2751185855973,713,713
grid,1004,60,60,1.0,4638,49.252631578947366,60,1973,2665,0.42539887882708066,2665,1973,0,3333,1305,87,6,0.00129366106080207,9.926126487307702,23.071869231355,5450,1.17507546356188,3842176,828.4122466580422,713,713
grid,1004,60,60,2.0,4638,49.252631578947366,60,2595,2043,0.5595084087968952,2043,2595,1,3342,1296,87,19,0.004096593359206554,7.58663945416498,22.17886240366589,4176,0.9003880983182406,2946176,635.2255282449331,713,713
grid,1004,60,60,5.0,4638,49.252631578947366,60,3199,1439,0.6897369555843036,1439,3199,0,3362,1276,95,39,0.008408796895213453,5.43585707637296,21.306708994062973,2938,0.6334626994394136,2071936,446.7304872789996,713,713
grid,1004,60,60,10.0,4638,49.252631578947366,60,3499,1139,0.7544200086244071,1139,3499,0,3381,1257,85,51,0.010996119016817595,4.367696225623482,20.64004650730009,2323,0.5008624407072014,1634944,352.51056489866323,713,713
grid,1004,60,60,30.0,4638,49.252631578947366,60,3741,897,0.8065976714100905,897,3741,0,3602,1036,84,281,0.06058645968089694,3.50080802149478,19.605908775346656,1838,0.3962915049590341,1293056,278.79603277274686,713,713
grid,1005,60,60,0.0,4654,49.252631578947366,60,0,4654,0.0,4654,0,0,3419,1235,98,0,0.0,16.93582832954488,24.364301626531038,9505,2.0423291792006877,6700928,1439.8212290502793,725,725
grid,1005,60,60,1.0,4654,49.252631578947366,60,1970,2684,0.42329179200687583,2684,1970,1,3426,1228,98,11,0.002363558229480017,9.87908399186266,22.791408912267737,5492,1.1800601633003867,3871744,831.9174903308982,724,724
grid,1005,60,60,2.0,4654,49.252631578947366,60,2592,2062,0.5569402664374732,2062,2592,0,3449,1205,84,19,0.0040825096691018475,7.673430569098719,22.265203364654695,4192,0.9007305543618392,2947584,633.3442200257842,725,725
grid,1005,60,60,5.0,4654,49.252631578947366,60,3204,1450,0.6884400515685432,1450,3204,1,3461,1193,97,42,0.009024495058014611,5.471815095817726,21.276295630011077,2963,0.6366566394499356,2081920,447.33992264718523,725,725
grid,1005,60,60,10.0,4654,49.252631578947366,60,3494,1160,0.7507520412548345,1160,3494,0,3499,1155,91,79,0.016974645466265578,4.4308623383010906,20.605400857686718,2368,0.5088096261280619,1667968,358.39449935539324,725,725
grid,1005,60,60,30.0,4654,49.252631578947366,60,3743,911,0.804254404813064,911,3743,0,3615,1039,95,201,0.0431886549204985,3.5214864947608975,19.815216427060623,1859,0.3994413407821229,1310080,281.495487752471,725,725
grid,1006,60,60,0.0,4535,48.02105263157895,60,0,4535,0.0,4535,0,0,3151,1384,94,0,0.0,16.789681448068848,24.136847530914274,9257,2.0412348401323044,6512896,1436.140242557883,720,720
grid,1006,60,60,1.0,4535,48.02105263157895,60,1935,2600,0.42668136714443217,2600,1935,0,3164,1371,85,11,0.0024255788313120178,9.767958639456387,22.57144705252969,5292,1.1669239250275634,3730048,822.5023153252481,720,720
grid,1006,60,60,2.0,4535,48.02105263157895,60,2528,2007,0.5574421168687982,2007,2528,0,3191,1344,80,25,0.005512679162072767,7.618499490615552,22.1364453889926,4093,0.9025358324145535,2887296,636.6694597574422,720,720
grid,1006,60,60,5.0,4535,48.02105263157895,60,3135,1400,0.6912899669239251,1400,3135,0,3230,1305,71,69,0.015214994487320837,5.390125629531058,20.973640809898345,2857,0.6299889746416758,2010880,443.41345093715546,720,720
grid,1006,60,60,10.0,4535,48.02105263157895,60,3409,1126,0.7517089305402426,1126,3409,0,3241,1294,94,99,0.02183020948180816,4.3609520674152655,20.221359112322194,2303,0.5078280044101433,1618176,356.8194046306505,720,720
grid,1006,60,60,30.0,4535,48.02105263157895,60,3633,902,0.8011025358324145,902,3633,0,3400,1135,97,252,0.0555678059536935,3.57170551249918,19.489930593553595,1841,0.40595369349503857,1294720,285.49503858875414,720,720
grid,1007,60,60,0.0,4571,48.36842105263158,60,0,4571,0.0,4571,0,0,3365,1206,86,0,0.0,16.815833992974742,24.10195874234411,9309,2.036534675125793,6548608,1432.6423102165827,713,713
grid,1007,60,60,1.0,4571,48.36842105263158,60,1957,2614,0.42813388755195797,2614,1957,0,3354,1217,100,8,0.0017501640778823015,9.807472769954344,22.72517847196376,5320,1.1638591117917305,3748864,820.1408882082695,713,713
grid,1007,60,60,2.0,4571,48.36842105263158,60,2574,1997,0.5631152920586305,1997,2574,0,3389,1182,79,16,0.003500328155764603,7.507230237179844,22.184368775636898,4086,0.8938963027783855,2873856,628.7149420258149,713,713
grid,1007,60,60,5.0,4571,48.36842105263158,60,3163,1408,0.691971122292715,1408,3163,0,3393,1178,99,39,0.008532049879676219,5.382930346777474,21.058903543845986,2884,0.6309341500765697,2024960,443.00153139356814,713,713
grid,1007,60,60,10.0,4571,48.36842105263158,60,3436,1135,0.7516954714504485,1135,3436,0,3396,1175,104,55,0.012032378035440822,4.344470594243403,20.408328272402798,2310,0.5053598774885145,1620864,354.59724349157733,713,713
grid,1007,60,60,30.0,4571,48.36842105263158,60,3669,902,0.8026690002187705,902,3669,0,3575,996,97,215,0.04703565959308685,3.5112083699012913,19.567120760079604,1830,0.40035003281557646,1285632,281.25836797199736,713,713
grid,1008,60,60,0.0,4529,48.06315789473684,60,0,4529,0.0,4529,0,0,3359,1170,96,0,0.0,16.972243844547346,24.224272202484077,9268,2.046367851622875,6521088,1439.8516228748067,694,694
grid,1008,60,60,1.0,4529,48.06315789473684,60,1946,2583,0.42967542503863987,2583,1946,0,3370,1159,97,10,0.00220799293442261,9.750840185516717,22.922360379453718,5261,1.161625082799735,3705088,818.0808125413998,694,694
grid,1008,60,60,2.0,4529,48.06315789473684,60,2541,1988,0.5610510046367851,1988,2541,0,3374,1155,91,18,0.003974387281960698,7.628963252154674,22.27647767259668,4062,0.8968867299624641,2863232,632.1996025612718,694,694
grid,1008,60,60,5.0,4529,48.06315789473684,60,3151,1378,0.6957385736365643,1378,3151,0,3410,1119,79,43,0.009494369618017221,5.369577891808463,21.217438639310153,2812,0.6208876131596379,1978752,436.9070434974608,694,694
grid,1008,60,60,10.0,4529,48.06315789473684,60,3418,1111,0.754691984985648,1111,3418,0,3445,1084,83,80,0.01766394347538088,4.343442339014544,20.438891339589198,2258,0.4985648045926253,1586944,350.3961139324354,694,694
grid,1008,60,60,30.0,4529,48.06315789473684,60,3649,880,0.8056966217708104,880,3649,0,3564,965,94,214,0.04725104879664385,3.5034264865246656,19.90450607507057,1794,0.3961139324354162,1265664,279.4577169353058,694,694
grid,1009,60,60,0.0,4554,48.294736842105266,60,0,4554,0.0,4554,0,0,3266,1288,90,0,0.0,16.99001804342712,24.112259352225237,9295,2.0410628019323673,6541440,1436.4163372859025,713,713
grid,1009,60,60,1.0,4554,48.294736842105266,60,1924,2630,0.4224857268335529,2630,1924,1,3260,1294,113,13,0.002854633289415898,9.821057814010885,22.833347785631727,5360,1.1769872639437857,3771648,828.205533596838,713,713
grid,1009,60,60,2.0,4554,48.294736842105266,60,2514,2040,0.5520421607378129,2040,2514,0,3278,1276,92,21,0.00461133069828722,7.747999613779438,22.114061888053623,4173,0.9163372859025033,2941824,645.9868247694335,713,713
grid,1009,60,60,5.0,4554,48.294736842105266,60,3115,1439,0.6840140535792709,1439,3115,0,3300,1254,103,44,0.00966183574879227,5.55562541191624,21.517499207404708,2938,0.645147123407993,2066560,453.79007465963986,713,713
grid,1009,60,60,10.0,4554,48.294736842105266,60,3410,1144,0.748792270531401,1144,3410,0,3309,1245,97,52,0.011418533157663592,4.4100158376960215,20.428357669907623,2334,0.5125164690382081,1639552,360.0245937637242,713,713
grid,1009,60,60,30.0,4554,48.294736842105266,60,3655,899,0.8025911286780852,899,3655,0,3458,1096,86,193,0.04238032498902064,3.5370644118157153,19.80157027831594,1831,0.4020641194554238,1291264,283.54501537110235,713,713
grid,1010,60,60,0.0,4606,48.77894736842105,60,0,4606,0.0,4606,0,0,3396,1210,85,0,0.0,16.86050032572865,23.903801403726277,9398,2.040382110290925,6613504,1435.8454190186712,702,702
grid,1010,60,60,1.0,4606,48.77894736842105,60,1947,2659,0.42270950933564916,2659,1947,0,3413,1193,87,10,0.0021710811984368217,9.834408480170417,22.552607621058485,5425,1.1778115501519757,3816960,828.693009118541,702,702
grid,1010,60,60,2.0,4606,48.77894736842105,60,2549,2057,0.5534085974815458,2057,2549,0,3414,1192,92,20,0.004342162396873643,7.682158279855968,22.09143851523976,4206,0.9131567520625271,2960128,642.6678245766392,702,702
grid,1010,60,60,5.0,4606,48.77894736842105,60,3170,1436,0.6882327399044724,1436,3170,0,3458,1148,98,58,0.012592270950933565,5.477061411836276,21.249447808724398,2930,0.6361267911419887,2057344,446.6660877116804,702,702
grid,1010,60,60,10.0,4606,48.77894736842105,60,3464,1142,0.752062527138515,1142,3464,0,3473,1133,104,74,0.01606600086843248,4.383230417066712,20.594425310877185,2334,0.5067303517151541,1643136,356.73816760746854,702,702
grid,1010,60,60,30.0,4606,48.77894736842105,60,3715,891,0.8065566652192792,891,3715,0,3676,930,81,273,0.05927051671732523,3.460339237576773,19.411989142286146,1817,0.3944854537559705,1283200,278.59313938341296,702,702
grid,1001,80,80,0.0,6250,66.0,80,0,6250,0.0,6250,0,0,4625,1625,124,0,0.0,16.888542599490137,24.089292678697653,12772,2.04352,9001344,1440.21504,1091,1091
grid,1001,80,80,1.0,6250,66.0,80,2328,3922,0.37248,3922,2328,0,4648,1602,124,12,0.00192,10.696315519933352,22.942800584038274,7997,1.27952,5622272,899.56352,1091,1091
grid,1001,80,80,2.0,6250,66.0,80,3165,3085,0.5064,3085,3165,0,4629,1621,143,23,0.00368,8.560243516242695,22.66075223251658,6306,1.00896,4442112,710.73792,1091,1091
grid,1001,80,80,5.0,6250,66.0,80,4046,2204,0.64736,2204,4046,0,4675,1575,133,52,0.00832,6.131011676252043,21.48912749594451,4494,0.71904,3165568,506.49088,1091,1091
grid,1001,80,80,10.0,6250,66.0,80,4490,1760,0.7184,1760,4490,0,4713,1537,117,82,0.01312,4.970028277449286,21.14613645668654,3603,0.57648,2536960,405.9136,1091,1091
grid,1001,80,80,30.0,6250,66.0,80,4871,1379,0.77936,1379,4871,0,4923,1327,116,284,0.04544,3.9552380150430357,20.303456426834643,2811,0.44976,1976704,316.27264,1091,1091
grid,1002,80,80,0.0,6230,65.77894736842106,80,0,6230,0.0,6230,0,0,4766,1464,117,0,0.0,16.955079949747613,24.27880894509186,12747,2.046067415730337,8975232,1440.647191011236,1127,1127
grid,1002,80,80,1.0,6230,65.77894736842106,80,2459,3771,0.39470304975922954,3771,2459,0,4768,1462,130,11,0.001765650080256822,10.45946481578142,23.28516487270313,7704,1.236597110754414,5417344,869.5576243980738,1127,1127
grid,1002,80,80,2.0,6230,65.77894736842106,80,3259,2971,0.5231139646869984,2971,3259,0,4779,1451,130,24,0.0038523274478330658,8.172177649542334,22.41993192508218,6068,0.9739967897271268,4277248,686.5566613162118,1127,1127
grid,1002,80,80,5.0,6230,65.77894736842106,80,4067,2163,0.6528089887640449,2163,4067,0,4758,1472,150,23,0.0036918138041733546,6.034281252664033,21.318720402567944,4412,0.7081861958266452,3107840,498.85072231139645,1127,1127
grid,1002,80,80,10.0,6230,65.77894736842106,80,4480,1750,0.7191011235955056,1750,4480,0,4850,1380,121,89,0.014285714285714285,4.925255244829675,20.693877093160378,3568,0.5727126805778491,2512768,403.3335473515249,1127,1127
grid,1002,80,80,30.0,6230,65.77894736842106,80,4854,1376,0.7791332263242375,1376,4854,0,5015,1215,117,256,0.041091492776886035,3.935537071635531,20.156395143998292,2807,0.45056179775280897,1980160,317.8426966292135,1127,1127
grid,1003,80,80,0.0,6236,65.82105263157895,80,0,6236,0.0,6236,0,0,4617,1619,137,0,0.0,16.89559755251529,24.18810041065811,12731,2.0415330339961515,8954112,1435.8742783835792,1136,1136
grid,1003,80,80,1.0,6236,65.82105263157895,80,2433,3803,0.3901539448364336,3803,2433,0,4628,1608,122,12,0.001924310455420141,10.38003519871513,22.80746004747236,7766,1.245349583066068,5466368,876.5824246311738,1136,1136
grid,1003,80,80,2.0,6236,65.82105263157895,80,3241,2995,0.5197241821680565,2995,3241,0,4638,1598,120,20,0.003207184092366902,8.255977148530437,22.379460628265235,6119,0.9812379730596537,4304640,690.288646568313,1136,1136
grid,1003,80,80,5.0,6236,65.82105263157895,80,4060,2176,0.6510583707504811,2176,4060,0,4661,1575,136,54,0.008659397049390635,6.050203620488338,21.68918755107896,4435,0.7111930724823605,3125376,501.1828094932649,1136,1136
grid,1003,80,80,10.0,6236,65.82105263157895,80,4478,1758,0.7180885182809493,1758,4478,0,4699,1537,115,73,0.011706221937139192,4.906095163631107,20.426747129585365,3581,0.5742463117382938,2519680,404.05388069275176,1136,1136
grid,1003,80,80,30.0,6236,65.82105263157895,80,4836,1400,0.7754971135343168,1400,4836,0,4877,1359,109,249,0.03992944194996793,4.052653153205282,20.428184538104688,2868,0.45991019884541373,2015488,323.2020525978191,1136,1136
grid,1004,80,80,0.0,6242,66.0,80,0,6242,0.0,6242,0,0,4435,1807,123,0,0.0,17.025364155758627,24.26271076580839,12766,2.045177827619353,8980992,1438.80038449215,1119,1119
grid,1004,80,80,1.0,6242,66.0,80,2495,3747,0.39971163088753603,3747,2495,0,4449,1793,130,13,0.0020826658122396666,10.315903870060842,23.083643448164892,7657,1.2266901634091638,5398144,864.8099967958988,1119,1119
grid,1004,80,80,2.0,6242,66.0,80,3284,2958,0.5261134251842359,2958,3284,1,4457,1785,138,22,0.003524511374559436,8.170251896169296,22.27863873445557,6043,0.9681191925664852,4257408,682.0583146427427,1118,1118
grid,1004,80,80,5.0,6242,66.0,80,4115,2127,0.6592438321050945,2127,4115,0,4491,1751,128,58,0.009291893623838513,5.953489397831472,21.600029025693956,4335,0.6944889458506889,3053184,489.1355334828581,1119,1119
grid,1004,80,80,10.0,6242,66.0,80,4494,1748,0.7199615507850048,1748,4494,0,4505,1737,149,82,0.013136815123357898,4.941381802654937,20.90597073170883,3560,0.5703300224287088,2504448,401.2252483178468,1119,1119
grid,1004,80,80,30.0,6242,66.0,80,4869,1373,0.7800384492149952,1373,4869,0,4807,1435,110,365,0.05847484780519065,3.973742406512829,20.178711369177904,2812,0.4504966356936879,1982336,317.5802627363025,1119,1119
grid,1005,80,80,0.0,6230,65.77894736842106,80,0,6230,0.0,6230,0,0,4566,1664,125,0,0.0,16.925997258845936,24.24379865060757,12741,2.045104333868379,8979968,1441.4073836276084,1146,1146
grid,1005,80,80,1.0,6230,65.77894736842106,80,2450,3780,0.39325842696629215,3780,2450,1,4568,1662,138,14,0.0022471910112359553,10.364249919044655,22.89437301202266,7724,1.2398073836276085,5444864,873.9749598715891,1146,1146
grid,1005,80,80,2.0,6230,65.77894736842106,80,3270,2960,0.5248796147672552,2960,3270,0,4607,1623,107,32,0.005136436597110754,8.225503888966832,22.49014063817892,6025,0.9670947030497592,4236672,680.0436597110754,1146,1146
grid,1005,80,80,5.0,6230,65.77894736842106,80,4084,2146,0.65553772070626,2146,4084,1,4618,1612,110,49,0.007865168539325843,6.014346956736757,21.584157103505675,4385,0.7038523274478331,3083008,494.8648475120385,1145,1145
grid,1005,80,80,10.0,6230,65.77894736842106,80,4482,1748,0.719422150882825,1748,4482,0,4685,1545,118,112,0.017977528089887642,4.961509593115491,20.99246692533172,3572,0.5733547351524879,2517376,404.07319422150886,1146,1146
grid,1005,80,80,30.0,6230,65.77894736842106,80,4824,1406,0.7743178170144462,1406,4824,0,4876,1354,126,321,0.051524879614767254,4.036644779390223,20.397554944474194,2875,0.46147672552166935,2030720,325.9582664526485,1146,1146
grid,1006,80,80,0.0,6156,65.01052631578948,80,0,6156,0.0,6156,0,0,4275,1881,119,0,0.0,16.802856542236515,24.128985864439123,12559,2.0401234567901234,8838400,1435.7374918778428,1142,1142
grid,1006,80,80,1.0,6156,65.01052631578948,80,2457,3699,0.3991228070175439,3699,2457,0,4299,1857,128,17,0.002761533463287849,10.23966133890502,22.729602732900034,7538,1.2244964262508122,5316608,863.6465237166991,1142,1142
grid,1006,80,80,2.0,6156,65.01052631578948,80,3242,2914,0.5266406757634828,2914,3242,0,4312,1844,113,26,0.004223521767381416,8.17344100699219,22.396239683554864,5949,0.966374269005848,4195712,681.5646523716699,1142,1142
grid,1006,80,80,5.0,6156,65.01052631578948,80,4044,2112,0.6569200779727096,2112,4044,0,4324,1832,132,57,0.009259259259259259,5.967829484867758,21.279841313951664,4300,0.6985055230669266,3030784,492.33008447043534,1142,1142
grid,1006,80,80,10.0,6156,65.01052631578948,80,4439,1717,0.7210851202079273,1717,4439,0,4396,1760,109,111,0.018031189083820662,4.8742118312151685,20.506450400834098,3513,0.5706627680311891,2471808,401.52826510721246,1142,1142
grid,1006,80,80,30.0,6156,65.01052631578948,80,4759,1397,0.7730669265756985,1397,4759,0,4579,1577,124,314,0.051007147498375566,4.046811711273412,19.98766545312236,2854,0.4636127355425601,2008320,326.23781676413256,1142,1142
grid,1007,80,80,0.0,6199,65.43157894736842,80,0,6199,0.0,6199,0,0,4496,1703,109,0,0.0,16.812271693128164,24.139436776552955,12626,2.036780125826746,8886912,1433.6041296983385,1139,1139
grid,1007,80,80,1.0,6199,65.43157894736842,80,2471,3728,0.39861267946442974,3728,2471,0,4492,1707,147,11,0.0017744797547991611,10.303937136298472,22.915782545212682,7595,1.225197612518148,5348224,862.7559283755445,1139,1139
grid,1007,80,80,2.0,6199,65.43157894736842,80,3261,2938,0.5260525891272786,2938,3261,0,4495,1704,132,30,0.004839490240361349,8.147659758763117,22.38285093197234,6001,0.9680593644136151,4223360,681.2969833844169,1139,1139
grid,1007,80,80,5.0,6199,65.43157894736842,80,4077,2122,0.6576867236651073,2122,4077,0,4515,1684,130,35,0.00564607194708824,5.958826800047346,21.493881860313014,4334,0.6991450233908695,3048448,491.7644781416357,1139,1139
grid,1007,80,80,10.0,6199,65.43157894736842,80,4471,1728,0.7212453621551863,1728,4471,0,4571,1628,112,75,0.012098725600903372,4.8447044275187165,20.58128757249733,3516,0.5671882561703501,2470784,398.57783513469917,1139,1139
grid,1007,80,80,30.0,6199,65.43157894736842,80,4782,1417,0.771414744313599,1417,4782,0,4728,1471,139,261,0.042103565091143734,4.062097079661903,20.25782830556792,2885,0.4653976447814164,2026112,326.8449749959671,1139,1139
grid,1008,80,80,0.0,6261,66.08421052631579,80,0,6261,0.0,6261,0,0,4634,1627,122,0,0.0,16.954500687779845,24.186214713807885,12812,2.046318479476122,9014272,1439.7495607730395,1117,1117
grid,1008,80,80,1.0,6261,66.08421052631579,80,2495,3766,0.39849864238939464,3766,2495,0,4648,1613,121,10,0.0015971889474524837,10.275707179415724,23.009790639022754,7672,1.2253633604855454,5409152,863.9437789490497,1117,1117
grid,1008,80,80,2.0,6261,66.08421052631579,80,3300,2961,0.5270723526593196,2961,3300,0,4655,1606,127,25,0.003992972368631209,8.20318258778902,22.568474361385427,6060,0.967896502156205,4271616,682.2577862961189,1117,1117
grid,1008,80,80,5.0,6261,66.08421052631579,80,4132,2129,0.6599584730873662,2129,4132,0,4684,1577,135,64,0.010222009263695896,5.933881093441004,21.542995014684152,4340,0.6931800031943779,3051776,487.42628973007504,1117,1117
grid,1008,80,80,10.0,6261,66.08421052631579,80,4541,1720,0.7252835010381729,1720,4541,0,4727,1534,116,88,0.014055262737581856,4.832051055375781,20.636152948782183,3503,0.559495288292605,2461184,393.09758824468935,1117,1117
grid,1008,80,80,30.0,6261,66.08421052631579,80,4872,1389,0.7781504551988501,1389,4872,0,4902,1359,131,271,0.043283820475962305,3.9550312836580783,20.34559879611919,2834,0.4526433477080339,1996032,318.80402491614757,1117,1117
grid,1009,80,80,0.0,6154,65.01052631578948,80,0,6154,0.0,6154,0,0,4560,1594,131,0,0.0,16.991081305860632,24.098648709885136,12571,2.0427364315892103,8843264,1436.9944751381215,1146,1146
grid,1009,80,80,1.0,6154,65.01052631578948,80,2449,3705,0.39795255118622036,3705,2449,1,4576,1578,124,11,0.0017874553136171597,10.26589200346157,23.060420924254288,7547,1.2263568410789731,5315328,863.7192070198245,1145,1145
grid,1009,80,80,2.0,6154,65.01052631578948,80,3224,2930,0.5238869028274293,2930,3224,0,4588,1566,129,23,0.003737406564835879,8.192097128576755,22.235550484577615,5990,0.9733506662333442,4220544,685.8212544686382,1146,1146
grid,1009,80,80,5.0,6154,65.01052631578948,80,4032,2122,0.6551836204094897,2122,4032,0,4618,1536,116,48,0.007799805004874878,6.008382281260465,21.73459885017478,4326,0.7029574260643484,3044608,494.73643158921027,1146,1146
grid,1009,80,80,10.0,6154,65.01052631578948,80,4427,1727,0.719369515762106,1727,4427,0,4644,1510,113,76,0.012349691257718558,4.921039233767853,20.763483104311906,3521,0.5721481962950926,2479232,402.8651283717907,1146,1146
grid,1009,80,80,30.0,6154,65.01052631578948,80,4731,1423,0.7687682807929802,1423,4731,0,4813,1341,145,262,0.04257393565160871,4.081899715620759,20.070109270920604,2898,0.47091322716932077,2041088,331.6685082872928,1146,1146
grid,1010,80,80,0.0,6216,65.63157894736842,80,0,6216,0.0,6216,0,0,4598,1618,125,0,0.0,16.917069358523488,24.098473427422107,12678,2.0395752895752897,8921728,1435.2844272844272,1129,1129
grid,1010,80,80,1.0,6216,65.63157894736842,80,2414,3802,0.38835263835263834,3802,2414,0,4621,1595,127,7,0.0011261261261261261,10.448702468246529,22.921949642936923,7768,1.2496782496782497,5463296,878.9086229086229,1129,1129
grid,1010,80,80,2.0,6216,65.63157894736842,80,3237,2979,0.5207528957528957,2979,3237,0,4630,1586,123,20,0.0032175032175032173,8.24494996991636,22.450217443306997,6095,0.9805341055341056,4289536,690.079794079794,1129,1129
grid,1010,80,80,5.0,6216,65.63157894736842,80,4081,2135,0.6565315315315315,2135,4081,0,4659,1557,123,45,0.00723938223938224,6.0191091889076676,21.44671297479306,4358,0.7010939510939511,3060864,492.41698841698843,1129,1129
grid,1010,80,80,10.0,6216,65.63157894736842,80,4468,1748,0.7187902187902188,1748,4468,0,4703,1513,147,108,0.017374517374517374,4.950659418484253,20.9718303874471,3568,0.574002574002574,2510976,403.95366795366795,1129,1129
grid,1010,80,80,30.0,6216,65.63157894736842,80,4823,1393,0.7759009009009009,1393,4823,0,4942,1274,110,325,0.05228442728442728,3.997898704828148,20.15341157602535,2841,0.45704633204633205,2004992,322.5534105534106,1129,1129
grid,1001,100,100,0.0,7713,81.37894736842105,100,0,7713,0.0,7713,0,0,5690,2023,148,0,0.0,16.892275900121124,24.147394359292207,15759,2.0431738623103852,11107328,1440.078827952807,1643,1643
grid,1001,100,100,1.0,7713,81.37894736842105,100,2653,5060,0.34396473486321794,5060,2653,0,5673,2040,173,7,0.0009075586671852716,11.139459931087927,23.106247948702215,10313,1.3370932192402438,7254528,940.5585375340335,1643,1643
grid,1001,100,100,2.0,7713,81.37894736842105,100,3680,4033,0.47711655646311424,4033,3680,0,5711,2002,152,26,0.0033709321924024374,9.022972103909876,22.737808985414883,8241,1.0684558537534032,5804800,752.599507325295,1643,1643
grid,1001,100,100,5.0,7713,81.37894736842105,100,4723,2990,0.6123427978737197,2990,4723,0,5745,1968,145,61,0.007908725528328796,6.722838011958122,21.82378249393366,6098,0.790613250356541,4295680,556.940230779204,1643,1643
grid,1001,100,100,10.0,7713,81.37894736842105,100,5265,2448,0.6826137689614936,2448,5265,0,5807,1906,140,111,0.014391287436795021,5.552786107542614,21.408089917325412,5004,0.6487747957992999,3521024,456.5051212239077,1643,1643
grid,1001,100,100,30.0,7713,81.37894736842105,100,5721,1992,0.7417347335667056,1992,5721,0,6021,1692,149,342,0.044340723453908985,4.589119735243054,20.697898579821214,4059,0.5262543757292882,2854400,370.0764942305199,1643,1643
grid,1002,100,100,0.0,7701,81.23157894736842,100,0,7701,0.0,7701,0,0,5779,1922,139,0,0.0,16.999350053348046,24.320167004983517,15745,2.0445396701727048,11083136,1439.181405012336,1701,1701
grid,1002,100,100,1.0,7701,81.23157894736842,100,2850,4851,0.37008180755746006,4851,2850,0,5789,1912,142,7,0.0009089728606674458,10.798655327948913,23.25833888758666,9907,1.286456304376055,6969600,905.0253213868328,1701,1701
grid,1002,100,100,2.0,7701,81.23157894736842,100,3760,3941,0.488248279444228,3941,3760,0,5773,1928,151,15,0.0019477989871445266,8.766053522196234,22.611821803561583,8051,1.0454486430333723,5671936,736.5194130632385,1701,1701
grid,1002,100,100,5.0,7701,81.23157894736842,100,4747,2954,0.6164134527983379,2954,4747,1,5790,1911,168,44,0.005713543695623945,6.674350064975092,21.801033508087635,6038,0.7840540189585768,4254336,552.4394234514998,1701,1701
grid,1002,100,100,10.0,7701,81.23157894736842,100,5247,2454,0.6813400857031554,2454,5247,0,5846,1855,150,78,0.01012855473315154,5.534205167584448,21.022145947512172,4996,0.6487469159849371,3518080,456.8341773795611,1701,1701
grid,1002,100,100,30.0,7701,81.23157894736842,100,5669,2032,0.7361381638748214,2032,5669,0,6060,1641,163,316,0.04103363199584469,4.6426962301627865,20.71724196478897,4149,0.538761199844176,2924032,379.695104531879,1701,1701
grid,1003,100,100,0.0,7692,81.12631578947368,100,0,7692,0.0,7692,0,0,5654,2038,157,0,0.0,16.93793383326242,24.265230406530947,15705,2.041731669266771,11048704,1436.3889755590224,1701,1701
grid,1003,100,100,1.0,7692,81.12631578947368,100,2871,4821,0.37324492979719187,4821,2871,0,5693,1999,146,14,0.0018200728029121164,10.660764097630754,22.837825202483764,9847,1.280161206448258,6936320,901.7576703068123,1701,1701
grid,1003,100,100,2.0,7692,81.12631578947368,100,3747,3945,0.4871294851794072,3945,3747,0,5696,1996,149,20,0.0026001040041601664,8.848932333767358,22.60523461256554,8052,1.046801872074883,5666816,736.7155486219449,1701,1701
grid,1003,100,100,5.0,7692,81.12631578947368,100,4731,2961,0.6150546021840874,2961,4731,0,5716,1976,170,53,0.006890275611024441,6.6623292925576125,21.95787251513579,6040,0.7852314092563702,4256640,553.3853354134166,1701,1701
grid,1003,100,100,10.0,7692,81.12631578947368,100,5238,2454,0.6809672386895476,2454,5238,0,5773,1919,158,104,0.013520540821632865,5.538775846206156,21.00526232489912,4996,0.6495059802392096,3516288,457.13572542901716,1701,1701
grid,1003,100,100,30.0,7692,81.12631578947368,100,5661,2031,0.7359594383775351,2031,5661,0,5963,1729,157,300,0.0390015600624025,4.718181168032308,20.983762386861923,4159,0.5406916276651066,2921216,379.7732709308372,1701,1701
grid,1004,100,100,0.0,7701,81.33684210526316,100,0,7701,0.0,7701,0,0,5788,1913,158,0,0.0,16.990013948865354,24.184645146654304,15745,2.0445396701727048,11075072,1438.1342682768473,1710,1710
grid,1004,100,100,1.0,7701,81.33684210526316,100,2894,4807,0.375795351253084,4807,2894,0,5799,1902,153,14,0.0018179457213348916,10.704534324697654,23.169801611992114,9827,1.2760680431112843,6928512,899.6899104012466,1710,1710
grid,1004,100,100,2.0,7701,81.33684210526316,100,3785,3916,0.4914946110894689,3916,3785,1,5820,1881,162,31,0.0040254512400986885,8.753866067574467,22.572061836890352,7988,1.0372678872873653,5626240,730.5856382288015,1710,1710
grid,1004,100,100,5.0,7701,81.33684210526316,100,4754,2947,0.6173224256590053,2947,4754,0,5853,1848,149,54,0.007012076353720296,6.655043798208866,21.897359563027408,6010,0.780418127515907,4233728,549.7634073496948,1710,1710
grid,1004,100,100,10.0,7701,81.33684210526316,100,5243,2458,0.6808206726399169,2458,5243,0,5903,1798,161,121,0.01571224516296585,5.611233925337325,21.319390824487527,5016,0.6513439813011297,3528576,458.19711725749903,1710,1710
grid,1004,100,100,30.0,7701,81.33684210526316,100,5647,2054,0.7332813920270095,2054,5647,0,6129,1572,177,349,0.04531878976756266,4.729661884991504,20.771514351082487,4204,0.545903129463706,2963200,384.78119724711075,1710,1710
grid,1005,100,100,0.0,7725,81.50526315789473,100,0,7725,0.0,7725,0,0,5767,1958,146,0,0.0,16.927740120801847,24.225179153053478,15786,2.043495145631068,11121408,1439.6644660194174,1734,1734
grid,1005,100,100,1.0,7725,81.50526315789473,100,2852,4873,0.36919093851132684,4873,2852,1,5760,1965,157,8,0.001035598705501618,10.7752580384024,23.021975145717555,9951,1.2881553398058252,7016704,908.3111974110033,1733,1733
grid,1005,100,100,2.0,7725,81.50526315789473,100,3776,3949,0.48880258899676376,3949,3776,0,5778,1947,169,26,0.003365695792880259,8.815624918163918,22.71936528298823,8035,1.0401294498381877,5650816,731.4972168284789,1734,1734
grid,1005,100,100,5.0,7725,81.50526315789473,100,4756,2969,0.6156634304207119,2969,4756,1,5799,1926,158,55,0.007119741100323625,6.674704062279072,21.894317325558884,6070,0.7857605177993527,4264320,552.0155339805825,1734,1734
grid,1005,100,100,10.0,7725,81.50526315789473,100,5250,2475,0.6796116504854369,2475,5250,0,5912,1813,157,150,0.019417475728155338,5.626454856145303,21.442785655239025,5072,0.6565695792880258,3571584,462.34097087378643,1734,1734
grid,1005,100,100,30.0,7725,81.50526315789473,100,5675,2050,0.7346278317152104,2050,5675,0,6114,1611,160,362,0.04686084142394822,4.690308099041156,20.694643968853292,4193,0.5427831715210356,2959488,383.1052427184466,1734,1734
grid,1006,100,100,0.0,7604,80.22105263157894,100,0,7604,0.0,7604,0,0,5475,2129,148,0,0.0,16.853787898914877,24.24838368390903,15531,2.0424776433456078,10931584,1437.6096791162547,1716,1716
grid,1006,100,100,1.0,7604,80.22105263157894,100,2819,4785,0.37072593371909524,4785,2819,0,5483,2121,152,13,0.0017096265123619147,10.736692085787192,22.890962924770438,9751,1.2823513940031563,6866944,903.0699631772751,1716,1716
grid,1006,100,100,2.0,7604,80.22105263157894,100,3732,3872,0.4907943187795897,3872,3732,0,5499,2105,152,26,0.0034192530247238295,8.771435838592978,22.65495375258766,7910,1.040241977906365,5571328,732.6838506049447,1716,1716
grid,1006,100,100,5.0,7604,80.22105263157894,100,4706,2898,0.6188847974750131,2898,4706,0,5526,2078,162,66,0.008679642293529721,6.587798472139868,21.66569575940399,5907,0.77682798527091,4161664,547.299316149395,1716,1716
grid,1006,100,100,10.0,7604,80.22105263157894,100,5161,2443,0.6787217254076802,2443,5161,0,5590,2014,167,122,0.01604418726985797,5.553279136364618,21.01451717437381,4988,0.6559705418200947,3513344,462.03892688058914,1716,1716
grid,1006,100,100,30.0,7604,80.22105263157894,100,5570,2034,0.7325092056812205,2034,5570,0,5795,1809,150,326,0.042872172540768014,4.703707434551693,20.467771571760803,4151,0.5458968963703315,2920064,384.01683324566017,1716,1716
grid,1007,100,100,0.0,7661,80.8,100,0,7661,0.0,7661,0,0,5638,2023,162,0,0.0,16.85826009725698,24.222851987254046,15604,2.03680981595092,10988800,1434.3819344733063,1733,1733
grid,1007,100,100,1.0,7661,80.8,100,2913,4748,0.3802375668972719,4748,2913,0,5656,2005,140,10,0.0013053126223730584,10.590537479926075,22.974074717943438,9665,1.261584649523561,6807296,888.564939302963,1733,1733
grid,1007,100,100,2.0,7661,80.8,100,3838,3823,0.5009789844667798,3823,3838,0,5659,2002,157,22,0.0028716877692207283,8.564275962881213,22.52586001545609,7812,1.0197102205978332,5496960,717.5251272679807,1733,1733
grid,1007,100,100,5.0,7661,80.8,100,4779,2882,0.6238089022320846,2882,4779,0,5708,1953,145,65,0.008484532045424879,6.498377838661881,21.69618420479935,5886,0.7683070095287822,4140160,540.4203106644042,1733,1733
grid,1007,100,100,10.0,7661,80.8,100,5213,2448,0.6804594700430753,2448,5213,0,5764,1897,166,132,0.01723012661532437,5.5316163368083355,21.200558154930604,4985,0.6506983422529696,3504512,457.44837488578514,1733,1733
grid,1007,100,100,30.0,7661,80.8,100,5592,2069,0.7299308184310143,2069,5592,0,5965,1696,167,332,0.043336379062785535,4.749004804473788,20.747009023693863,4211,0.5496671452812949,2960512,386.4393682286908,1733,1733
grid,1008,100,100,0.0,7667,80.97894736842105,100,0,7667,0.0,7667,0,0,5653,2014,152,0,0.0,16.94579305841281,24.19386693902368,15675,2.0444763271162123,11032960,1439.0191730794313,1736,1736
grid,1008,100,100,1.0,7667,80.97894736842105,100,2835,4832,0.3697665318899178,4832,2835,0,5668,1999,143,13,0.0016955784531107344,10.746323209031747,23.11988734706176,9849,1.284596321899048,6948480,906.2840746054519,1736,1736
grid,1008,100,100,2.0,7667,80.97894736842105,100,3751,3916,0.48923959827833574,3916,3751,0,5663,2004,169,31,0.004043302465110213,8.80685101514386,22.650015296408554,8005,1.0440850397808792,5642240,735.9123516368853,1736,1736
grid,1008,100,100,5.0,7667,80.97894736842105,100,4723,2944,0.6160166949263075,2944,4723,0,5707,1960,153,64,0.008347463153775922,6.652247779313582,21.727333021796365,6001,0.7827050997782705,4220672,550.4985000652146,1736,1736
grid,1008,100,100,10.0,7667,80.97894736842105,100,5197,2470,0.6778400939089605,2470,5197,0,5749,1918,174,118,0.015390635189774357,5.6176210635975465,21.192249475048186,5043,0.6577540106951871,3544448,462.29920438241817,1736,1736
grid,1008,100,100,30.0,7667,80.97894736842105,100,5623,2044,0.7334028955262815,2044,5623,0,5973,1694,141,316,0.04121559932176862,4.6972444460834115,20.80070419519373,4171,0.5440198252249903,2937728,383.1652536846224,1736,1736
grid,1009,100,100,0.0,7621,80.37894736842105,100,0,7621,0.0,7621,0,0,5666,1955,169,0,0.0,16.97403581233924,24.04448160962147,15568,2.0427765385120065,10955392,1437.526833748852,1718,1718
grid,1009,100,100,1.0,7621,80.37894736842105,100,2850,4771,0.3739666710405459,4771,2850,1,5694,1927,134,9,0.0011809473822333026,10.673360538588906,23.109421978297814,9712,1.2743734418055372,6840832,897.6291825219787,1717,1717
grid,1009,100,100,2.0,7621,80.37894736842105,100,3739,3882,0.49061802913003544,3882,3739,0,5674,1947,182,23,0.003017976643485107,8.719833853695713,22.416804317089145,7925,1.0398897782443248,5578752,732.0236189476446,1718,1718
grid,1009,100,100,5.0,7621,80.37894736842105,100,4716,2905,0.6188164282902506,2905,4716,0,5717,1904,143,40,0.005248655032148012,6.61490447692134,21.86049188616579,5923,0.7771945938853169,4171136,547.3213489043433,1718,1718
grid,1009,100,100,10.0,7621,80.37894736842105,100,5169,2452,0.6782574465293268,2452,5169,0,5727,1894,154,57,0.007479333420810917,5.593640857875572,21.213962769039085,4997,0.6556882298910904,3518336,461.6632987796877,1718,1718
grid,1009,100,100,30.0,7621,80.37894736842105,100,5586,2035,0.7329746752394699,2035,5586,0,6001,1620,138,326,0.0427765385120063,4.688231679187649,20.5377624737082,4145,0.5438918777063377,2922112,383.4289463325023,1718,1718
grid,1010,100,100,0.0,7693,81.15789473684211,100,0,7693,0.0,7693,0,0,5672,2021,155,0,0.0,16.937634308793758,24.135870464330363,15686,2.0389964903158715,11033088,1434.172364487196,1712,1712
grid,1010,100,100,1.0,7693,81.15789473684211,100,2815,4878,0.36591706746392827,4878,2815,0,5674,2019,159,14,0.0018198362147406734,10.832024915318879,23.151476867934658,9975,1.2966333030027297,7015680,911.9563239308462,1712,1712
grid,1010,100,100,2.0,7693,81.15789473684211,100,3780,3913,0.4913557779799818,3913,3780,0,5715,1978,142,35,0.004549590536851683,8.73691293192881,22.53669516805985,8001,1.0400363967242947,5630464,731.8944494995451,1712,1712
grid,1010,100,100,5.0,7693,81.15789473684211,100,4748,2945,0.617184453399194,2945,4748,0,5707,1986,172,57,0.007409333160015599,6.661784092359112,21.77196095069291,6022,0.7827895489405954,4229632,549.8026777590017,1712,1712
grid,1010,100,100,10.0,7693,81.15789473684211,100,5234,2459,0.680358767710906,2459,5234,0,5764,1929,166,101,0.01312881840634343,5.596183266617662,21.4469341626156,5017,0.6521513063824256,3532416,459.1727544520993,1712,1712
grid,1010,100,100,30.0,7693,81.15789473684211,100,5654,2039,0.7349538541531262,2039,5654,0,6013,1680,141,330,0.04289613934745873,4.688920178553345,20.743337624830357,4164,0.5412712855842974,2940416,382.2196802287794,1712,1712
