message_id,original_message_id,case_id,observation_root_id,seed,sender_vehicle_id,pseudonym,message_type,generated_at,true_x,true_y,true_speed_mps,true_acceleration_mps2,reported_x,reported_y,reported_speed_mps,reported_acceleration_mps2,nonce,certificate_valid,denm_claimed,attack_type,ground_truth_malicious,retransmission_index,payload
cam-1001-veh_000-000000,cam-1001-veh_000-000000,case-grid-1001-veh_000-benign,root-cdc9f869cf524b35d42110a1,1001,veh_000,ps-0b6a8266609a146f,CAM,1.0,8.3,-1.6,12.0,0.0,8.3,-1.6,12.0,0.0,nonce-cdc9f869cf524b35d421,True,False,benign,False,0,"{""attack_ended_at"": 1.0, ""case_opened_at"": 1.0, ""lane_id"": ""g00_g10_0"", ""road_id"": ""g00_g10""}"
cam-1001-veh_000-000001,cam-1001-veh_000-000001,case-grid-1001-veh_000-benign,root-183cc94014dd12223f9014d0,1001,veh_000,ps-0b6a8266609a146f,CAM,2.0,19.78046910113888,-1.6,11.480469101138883,-0.5195308988611167,19.78046910113888,-1.6,11.480469101138883,-0.5195308988611167,nonce-183cc94014dd12223f90,True,False,benign,False,0,"{""attack_ended_at"": 2.0, ""case_opened_at"": 2.0, ""lane_id"": ""g00_g10_0"", ""road_id"": ""g00_g10""}"
cam-1001-veh_001-000000,cam-1001-veh_001-000000,case-grid-1001-veh_001-benign,root-d891f6c8cbc045bdbf04a246,1001,veh_001,ps-11b4aa50327f89a0,CAM,2.0,798.4,791.6999999999999,13.0,0.0,798.4,791.6999999999999,13.0,0.0,nonce-d891f6c8cbc045bdbf04,True,False,benign,False,0,"{""attack_ended_at"": 2.0, ""case_opened_at"": 2.0, ""lane_id"": ""g22_g21_0"", ""road_id"": ""g22_g21""}"
cam-1001-veh_000-000002,cam-1001-veh_000-000002,case-grid-1001-veh_000-benign,root-a636bac97b95bab191d2bf2b,1001,veh_000,ps-0b6a8266609a146f,CAM,3.0,31.005281172981494,-1.6,11.224812071842612,-0.25565702929627143,31.005281172981494,-1.6,11.224812071842612,-0.25565702929627143,nonce-a636bac97b95bab191d2,True,False,benign,False,0,"{""attack_ended_at"": 3.0, ""case_opened_at"": 3.0, ""lane_id"": ""g00_g10_0"", ""road_id"": ""g00_g10""}"
cam-1001-veh_001-000001,cam-1001-veh_001-000001,case-grid-1001-veh_001-benign,root-0d16555e056404a7dd0f068d,1001,veh_001,ps-11b4aa50327f89a0,CAM,3.0,798.4,779.0078690551561,12.692130944843798,-0.30786905515620155,798.4,779.0078690551561,12.692130944843798,-0.30786905515620155,nonce-0d16555e056404a7dd0f,True,False,benign,False,0,"{""attack_ended_at"": 3.0, ""case_opened_at"": 3.0, ""lane_id"": ""g22_g21_0"", ""road_id"": ""g22_g21""}"
cam-1001-veh_002-000000,cam-1001-veh_002-000000,case-grid-1001-veh_002-benign,root-4e4d51c7dbe4be39b2e283c3,1001,veh_002,ps-e0bc27433007a32c,CAM,3.0,8.3,798.4,12.0,0.0,8.3,798.4,12.0,0.0,nonce-4e4d51c7dbe4be39b2e2,True,False,benign,False,0,"{""attack_ended_at"": 3.0, ""case_opened_at"": 3.0, ""lane_id"": ""g02_g12_0"", ""road_id"": ""g02_g12""}"
cam-1001-veh_000-000003,cam-1001-veh_000-000003,case-grid-1001-veh_000-benign,root-5a8753e0d710f8d27e96754f,1001,veh_000,ps-0b6a8266609a146f,CAM,4.0,42.70773760445185,-1.6,11.70245643147035,0.4776443596277389,42.70773760445185,-1.6,11.70245643147035,0.4776443596277389,nonce-5a8753e0d710f8d27e96,True,False,benign,False,0,"{""attack_ended_at"": 4.0, ""case_opened_at"": 4.0, ""lane_id"": ""g00_g10_0"", ""road_id"": ""g00_g10""}"
cam-1001-veh_001-000002,cam-1001-veh_001-000002,case-grid-1001-veh_001-benign,root-e32f65c71e5f3b7cb949e54c,1001,veh_001,ps-11b4aa50327f89a0,CAM,4.0,798.4,766.6446314105887,12.36323764456755,-0.3288933002762491,798.4,766.6446314105887,12.36323764456755,-0.3288933002762491,nonce-e32f65c71e5f3b7cb949,True,False,benign,False,0,"{""attack_ended_at"": 4.0, ""case_opened_at"": 4.0, ""lane_id"": ""g22_g21_0"", ""road_id"": ""g22_g21""}"
cam-1001-veh_002-000001,cam-1001-veh_002-000001,case-grid-1001-veh_002-benign,root-c3ce91ae9c7712c494296ec4,1001,veh_002,ps-e0bc27433007a32c,CAM,4.0,20.987086903729793,798.4,12.687086903729796,0.6870869037297958,20.987086903729793,798.4,12.687086903729796,0.6870869037297958,nonce-c3ce91ae9c7712c49429,True,False,benign,False,0,"{""attack_ended_at"": 4.0, ""case_opened_at"": 4.0, ""lane_id"": ""g02_g12_0"", ""road_id"": ""g02_g12""}"
cam-1001-veh_003-000000,cam-1001-veh_003-000000,case-grid-1001-veh_003-benign,root-97a2193d3695cf2ead5e2664,1001,veh_003,ps-13247f0afc865149,CAM,4.0,801.6,8.3,13.0,0.0,801.6,8.3,13.0,0.0,nonce-97a2193d3695cf2ead5e,True,False,benign,False,0,"{""attack_ended_at"": 4.0, ""case_opened_at"": 4.0, ""lane_id"": ""g20_g21_0"", ""road_id"": ""g20_g21""}"
cam-1001-veh_000-000004,cam-1001-veh_000-000004,case-grid-1001-veh_000-benign,root-5d22def66e8027073950d90e,1001,veh_000,ps-0b6a8266609a146f,CAM,5.0,54.37200599155857,-1.6,11.664268387106718,-0.038188044363632656,54.37200599155857,-1.6,11.664268387106718,-0.038188044363632656,nonce-5d22def66e8027073950,True,False,benign,False,0,"{""attack_ended_at"": 5.0, ""case_opened_at"": 5.0, ""lane_id"": ""g00_g10_0"", ""road_id"": ""g00_g10""}"
cam-1001-veh_001-000003,cam-1001-veh_001-000003,case-grid-1001-veh_001-benign,root-050b83e620fe322831673f27,1001,veh_001,ps-11b4aa50327f89a0,CAM,5.0,798.4,753.781942536812,12.86268887377663,0.4994512292090807,798.4,753.781942536812,12.86268887377663,0.4994512292090807,nonce-050b83e620fe32283167,True,False,benign,False,0,"{""attack_ended_at"": 5.0, ""case_opened_at"": 5.0, ""lane_id"": ""g22_g21_0"", ""road_id"": ""g22_g21""}"
cam-1001-veh_002-000002,cam-1001-veh_002-000002,case-grid-1001-veh_002-benign,root-cb70afaf3ed817b1a1ee3ef7,1001,veh_002,ps-e0bc27433007a32c,CAM,5.0,33.30500735348527,798.4,12.317920449755475,-0.36916645397432113,33.30500735348527,798.4,12.317920449755475,-0.36916645397432113,nonce-cb70afaf3ed817b1a1ee,True,False,benign,False,0,"{""attack_ended_at"": 5.0, ""case_opened_at"": 5.0, ""lane_id"": ""g02_g12_0"", ""road_id"": ""g02_g12""}"
cam-1001-veh_003-000001,cam-1001-veh_003-000001,case-grid-1001-veh_003-benign,root-64dff210201ab24e60b4fc16,1001,veh_003,ps-13247f0afc865149,CAM,5.0,801.6,20.785463744400463,12.485463744400464,-0.5145362555995359,801.6,20.785463744400463,12.485463744400464,-0.5145362555995359,nonce-64dff210201ab24e60b4,True,False,benign,False,0,"{""attack_ended_at"": 5.0, ""case_opened_at"": 5.0, ""lane_id"": ""g20_g21_0"", ""road_id"": ""g20_g21""}"
cam-1001-veh_004-000000,cam-1001-veh_004-000000,case-grid-1001-veh_004-benign,root-d5fba6a51199142862d88566,1001,veh_004,ps-b7dd5d779d6fb997,CAM,5.0,12.3,398.4,12.0,0.0,12.3,398.4,12.0,0.0,nonce-d5fba6a51199142862d8,True,False,benign,False,0,"{""attack_ended_at"": 5.0, ""case_opened_at"": 5.0, ""lane_id"": ""g01_g11_0"", ""road_id"": ""g01_g11""}"
cam-1001-veh_000-000005,cam-1001-veh_000-000005,case-grid-1001-veh_000-benign,root-6f013999997ad2778f6f75f2,1001,veh_000,ps-0b6a8266609a146f,CAM,6.0,65.86764023331695,-1.6,11.495634241758385,-0.16863414534833332,65.86764023331695,-1.6,11.495634241758385,-0.16863414534833332,nonce-6f013999997ad2778f6f,True,False,benign,False,0,"{""attack_ended_at"": 6.0, ""case_opened_at"": 6.0, ""lane_id"": ""g00_g10_0"", ""road_id"": ""g00_g10""}"
cam-1001-veh_001-000004,cam-1001-veh_001-000004,case-grid-1001-veh_001-benign,root-d93121558db6b6fc65f46ea4,1001,veh_001,ps-11b4aa50327f89a0,CAM,6.0,798.4,741.2808184232063,12.501124113605753,-0.3615647601708769,798.4,741.2808184232063,12.501124113605753,-0.3615647601708769,nonce-d93121558db6b6fc65f4,True,False,benign,False,0,"{""attack_ended_at"": 6.0, ""case_opened_at"": 6.0, ""lane_id"": ""g22_g21_0"", ""road_id"": ""g22_g21""}"
cam-1001-veh_002-000003,cam-1001-veh_002-000003,case-grid-1001-veh_002-benign,root-cc74dfaf5d280dcf04bd2ae4,1001,veh_002,ps-e0bc27433007a32c,CAM,6.0,45.66821618173927,798.4,12.363208828253992,0.04528837849851719,45.66821618173927,798.4,12.363208828253992,0.04528837849851719,nonce-cc74dfaf5d280dcf04bd,True,False,benign,False,0,"{""attack_ended_at"": 6.0, ""case_opened_at"": 6.0, ""lane_id"": ""g02_g12_0"", ""road_id"": ""g02_g12""}"
cam-1001-veh_003-000002,cam-1001-veh_003-000002,case-grid-1001-veh_003-benign,root-af160b8880c5f02b95881d0b,1001,veh_003,ps-13247f0afc865149,CAM,6.0,801.6,33.643750217256,12.85828647285553,0.37282272845506625,801.6,33.643750217256,12.85828647285553,0.37282272845506625,nonce-af160b8880c5f02b9588,True,False,benign,False,0,"{""attack_ended_at"": 6.0, ""case_opened_at"": 6.0, ""lane_id"": ""g20_g21_0"", ""road_id"": ""g20_g21""}"
cam-1001-veh_004-000001,cam-1001-veh_004-000001,case-grid-1001-veh_004-benign,root-ad99a8f8b544d0c02864bb3e,1001,veh_004,ps-b7dd5d779d6fb997,CAM,6.0,25.37440287990971,398.4,13.07440287990971,1.0744028799097105,25.37440287990971,398.4,13.07440287990971,1.0744028799097105,nonce-ad99a8f8b544d0c02864,True,False,benign,False,0,"{""attack_ended_at"": 6.0, ""case_opened_at"": 6.0, ""lane_id"": ""g01_g11_0"", ""road_id"": ""g01_g11""}"
cam-1001-veh_005-000000,cam-1001-veh_005-000000,case-grid-1001-veh_005-benign,root-2cb96c362b7fc626a20c5f91,1001,veh_005,ps-fedb1f4cae953d51,CAM,6.0,787.6999999999999,401.6,13.0,0.0,787.6999999999999,401.6,13.0,0.0,nonce-2cb96c362b7fc626a20c,True,False,benign,False,0,"{""attack_ended_at"": 6.0, ""case_opened_at"": 6.0, ""lane_id"": ""g21_g11_0"", ""road_id"": ""g21_g11""}"
cam-1001-veh_000-000006,cam-1001-veh_000-000006,case-grid-1001-veh_000-benign,root-425515c7a11d1e2605bc74b9,1001,veh_000,ps-0b6a8266609a146f,CAM,7.0,77.8038068796322,-1.6,11.936166646315256,0.4405324045568708,77.8038068796322,-1.6,11.936166646315256,0.4405324045568708,nonce-425515c7a11d1e2605bc,True,False,benign,False,0,"{""attack_ended_at"": 7.0, ""case_opened_at"": 7.0, ""lane_id"": ""g00_g10_0"", ""road_id"": ""g00_g10""}"
cam-1001-veh_001-000005,cam-1001-veh_001-000005,case-grid-1001-veh_001-benign,root-2bdcfaa2598b4cf9840c08b4,1001,veh_001,ps-11b4aa50327f89a0,CAM,7.0,798.4,728.3378779958355,12.942940427370765,0.4418163137650115,798.4,728.3378779958355,12.942940427370765,0.4418163137650115,nonce-2bdcfaa2598b4cf9840c,True,False,benign,False,0,"{""attack_ended_at"": 7.0, ""case_opened_at"": 7.0, ""lane_id"": ""g22_g21_0"", ""road_id"": ""g22_g21""}"
cam-1001-veh_002-000004,cam-1001-veh_002-000004,case-grid-1001-veh_002-benign,root-c2d1fa8fe638af47eb254deb,1001,veh_002,ps-e0bc27433007a32c,CAM,7.0,58.2002169203054,798.4,12.532000738566131,0.16879191031213914,58.2002169203054,798.4,12.532000738566131,0.16879191031213914,nonce-c2d1fa8fe638af47eb25,True,False,benign,False,0,"{""attack_ended_at"": 7.0, ""case_opened_at"": 7.0, ""lane_id"": ""g02_g12_0"", ""road_id"": ""g02_g12""}"
cam-1001-veh_003-000003,cam-1001-veh_003-000003,case-grid-1001-veh_003-benign,root-e6c2516de5a1ed8474c201b1,1001,veh_003,ps-13247f0afc865149,CAM,7.0,801.6,46.58817618600584,12.944425968749844,0.08613949589431336,801.6,46.58817618600584,12.944425968749844,0.08613949589431336,nonce-e6c2516de5a1ed8474c2,True,False,benign,False,0,"{""attack_ended_at"": 7.0, ""case_opened_at"": 7.0, ""lane_id"": ""g20_g21_0"", ""road_id"": ""g20_g21""}"
cam-1001-veh_004-000002,cam-1001-veh_004-000002,case-grid-1001-veh_004-benign,root-1843fbd2cdd3cb012bafdfaf,1001,veh_004,ps-b7dd5d779d6fb997,CAM,7.0,38.15014380660859,398.4,12.775740926698878,-0.2986619532108321,38.15014380660859,398.4,12.775740926698878,-0.2986619532108321,nonce-1843fbd2cdd3cb012baf,True,False,benign,False,0,"{""attack_ended_at"": 7.0, ""case_opened_at"": 7.0, ""lane_id"": ""g01_g11_0"", ""road_id"": ""g01_g11""}"
cam-1001-veh_005-000001,cam-1001-veh_005-000001,case-grid-1001-veh_005-benign,root-cc08c44a6a7cb4a043c2e8f8,1001,veh_005,ps-fedb1f4cae953d51,CAM,7.0,775.0313573466182,401.6,12.668642653381795,-0.33135734661820493,775.0313573466182,401.6,12.668642653381795,-0.33135734661820493,nonce-cc08c44a6a7cb4a043c2,True,False,benign,False,0,"{""attack_ended_at"": 7.0, ""case_opened_at"": 7.0, ""lane_id"": ""g21_g11_0"", ""road_id"": ""g21_g11""}"
cam-1001-veh_006-000000,cam-1001-veh_006-000000,case-grid-1001-veh_006-benign,root-4f112074e1b9c4114fc642aa,1001,veh_006,ps-402cdb4ee382d9ca,CAM,7.0,401.6,12.3,12.0,0.0,401.6,12.3,12.0,0.0,nonce-4f112074e1b9c4114fc6,True,False,benign,False,0,"{""attack_ended_at"": 7.0, ""case_opened_at"": 7.0, ""lane_id"": ""g10_g11_0"", ""road_id"": ""g10_g11""}"
cam-1001-veh_000-000007,cam-1001-veh_000-000007,case-grid-1001-veh_000-benign,root-b647ee66ce3097c12f7960c3,1001,veh_000,ps-0b6a8266609a146f,CAM,8.0,89.67405452010458,-1.6,11.870247640472376,-0.06591900584287913,89.67405452010458,-1.6,11.870247640472376,-0.06591900584287913,nonce-b647ee66ce3097c12f79,True,False,benign,False,0,"{""attack_ended_at"": 8.0, ""case_opened_at"": 8.0, ""lane_id"": ""g00_g10_0"", ""road_id"": ""g00_g10""}"
cam-1001-veh_001-000006,cam-1001-veh_001-000006,case-grid-1001-veh_001-benign,root-aa1bb6a0377f5cec08e3e9cb,1001,veh_001,ps-11b4aa50327f89a0,CAM,8.0,798.4,715.6429676731717,12.69491032266377,-0.24803010470699505,798.4,715.6429676731717,12.69491032266377,-0.24803010470699505,nonce-aa1bb6a0377f5cec08e3,True,False,benign,False,0,"{""attack_ended_at"": 8.0, ""case_opened_at"": 8.0, ""lane_id"": ""g22_g21_0"", ""road_id"": ""g22_g21""}"
cam-1001-veh_002-000005,cam-1001-veh_002-000005,case-grid-1001-veh_002-benign,root-5e66b6a10f6f2b85f263fe49,1001,veh_002,ps-e0bc27433007a32c,CAM,8.0,71.0044539228936,798.4,12.804237002588199,0.2722362640220677,71.0044539228936,798.4,12.804237002588199,0.2722362640220677,nonce-5e66b6a10f6f2b85f263,True,False,benign,False,0,"{""attack_ended_at"": 8.0, ""case_opened_at"": 8.0, ""lane_id"": ""g02_g12_0"", ""road_id"": ""g02_g12""}"
cam-1001-veh_003-000004,cam-1001-veh_003-000004,case-grid-1001-veh_003-benign,root-9a0918a9806b015332aced67,1001,veh_003,ps-13247f0afc865149,CAM,8.0,801.6,59.50502865786076,12.916852471854932,-0.027573496894911287,801.6,59.50502865786076,12.916852471854932,-0.027573496894911287,nonce-9a0918a9806b015332ac,True,False,benign,False,0,"{""attack_ended_at"": 8.0, ""case_opened_at"": 8.0, ""lane_id"": ""g20_g21_0"", ""road_id"": ""g20_g21""}"
cam-1001-veh_004-000003,cam-1001-veh_004-000003,case-grid-1001-veh_004-benign,root-824a87bb34c7810c22cc186f,1001,veh_004,ps-b7dd5d779d6fb997,CAM,8.0,51.423861014689614,398.4,13.273717208081022,0.4979762813821438,51.423861014689614,398.4,13.273717208081022,0.4979762813821438,nonce-824a87bb34c7810c22cc,True,False,benign,False,0,"{""attack_ended_at"": 8.0, ""case_opened_at"": 8.0, ""lane_id"": ""g01_g11_0"", ""road_id"": ""g01_g11""}"
cam-1001-veh_005-000002,cam-1001-veh_005-000002,case-grid-1001-veh_005-benign,root-a8a22612bdb3fcb2535a1014,1001,veh_005,ps-fedb1f4cae953d51,CAM,8.0,761.9147669861486,401.6,13.116590360469527,0.4479477070877316,761.9147669861486,401.6,13.116590360469527,0.4479477070877316,nonce-a8a22612bdb3fcb2535a,True,False,benign,False,0,"{""attack_ended_at"": 8.0, ""case_opened_at"": 8.0, ""lane_id"": ""g21_g11_0"", ""road_id"": ""g21_g11""}"
cam-1001-veh_006-000001,cam-1001-veh_006-000001,case-grid-1001-veh_006-benign,root-4220122c379dd3af085d564e,1001,veh_006,ps-402cdb4ee382d9ca,CAM,8.0,401.6,24.907124524501025,12.607124524501026,0.6071245245010264,401.6,24.907124524501025,12.607124524501026,0.6071245245010264,nonce-4220122c379dd3af085d,True,False,benign,False,0,"{""attack_ended_at"": 8.0, ""case_opened_at"": 8.0, ""lane_id"": ""g10_g11_0"", ""road_id"": ""g10_g11""}"
cam-1001-veh_007-000000,cam-1001-veh_007-000000,case-grid-1001-veh_007-benign,root-80fc20c4ea907a89f24df223,1001,veh_007,ps-20a8fd281b9c6e27,CAM,8.0,398.4,787.6999999999999,13.0,0.0,398.4,787.6999999999999,13.0,0.0,nonce-80fc20c4ea907a89f24d,True,False,benign,False,0,"{""attack_ended_at"": 8.0, ""case_opened_at"": 8.0, ""lane_id"": ""g12_g11_0"", ""road_id"": ""g12_g11""}"
cam-1001-veh_000-000008,cam-1001-veh_000-000008,case-grid-1001-veh_000-benign,root-5127e28008f42314d21608f9,1001,veh_000,ps-0b6a8266609a146f,CAM,9.0,101.66734749311121,-1.6,11.993292973006614,0.12304533253423777,101.66734749311121,-1.6,11.993292973006614,0.12304533253423777,nonce-5127e28008f42314d216,True,False,benign,False,0,"{""attack_ended_at"": 9.0, ""case_opened_at"": 9.0, ""lane_id"": ""g00_g10_0"", ""road_id"": ""g00_g10""}"
cam-1001-veh_001-000007,cam-1001-veh_001-000007,case-grid-1001-veh_001-benign,root-eb98d186cf09b875ef98ef90,1001,veh_001,ps-11b4aa50327f89a0,CAM,9.0,798.4,702.792983749887,12.849983923284732,0.15507360062096254,798.4,702.792983749887,12.849983923284732,0.15507360062096254,nonce-eb98d186cf09b875ef98,True,False,benign,False,0,"{""attack_ended_at"": 9.0, ""case_opened_at"": 9.0, ""lane_id"": ""g22_g21_0"", ""road_id"": ""g22_g21""}"
cam-1001-veh_002-000006,cam-1001-veh_002-000006,case-grid-1001-veh_002-benign,root-85ed8d539f7ac3b6965fe595,1001,veh_002,ps-e0bc27433007a32c,CAM,9.0,83.80110367132265,798.4,12.796649748429045,-0.007587254159153289,83.80110367132265,798.4,12.796649748429045,-0.007587254159153289,nonce-85ed8d539f7ac3b6965f,True,False,benign,False,0,"{""attack_ended_at"": 9.0, ""case_opened_at"": 9.0, ""lane_id"": ""g02_g12_0"", ""road_id"": ""g02_g12""}"
cam-1001-veh_003-000005,cam-1001-veh_003-000005,case-grid-1001-veh_003-benign,root-77373a87184aefd75166bb08,1001,veh_003,ps-13247f0afc865149,CAM,9.0,801.6,72.13770596076,12.632677302899234,-0.2841751689556986,801.6,72.13770596076,12.632677302899234,-0.2841751689556986,nonce-77373a87184aefd75166,True,False,benign,False,0,"{""attack_ended_at"": 9.0, ""case_opened_at"": 9.0, ""lane_id"": ""g20_g21_0"", ""road_id"": ""g20_g21""}"
cam-1001-veh_004-000004,cam-1001-veh_004-000004,case-grid-1001-veh_004-benign,root-ecd1520e66ac4e972e02c4d4,1001,veh_004,ps-b7dd5d779d6fb997,CAM,9.0,64.15753739644812,398.4,12.733676381758512,-0.5400408263225103,64.15753739644812,398.4,12.733676381758512,-0.5400408263225103,nonce-ecd1520e66ac4e972e02,True,False,benign,False,0,"{""attack_ended_at"": 9.0, ""case_opened_at"": 9.0, ""lane_id"": ""g01_g11_0"", ""road_id"": ""g01_g11""}"
cam-1001-veh_005-000003,cam-1001-veh_005-000003,case-grid-1001-veh_005-benign,root-14b9004adff32305fe1b88d2,1001,veh_005,ps-fedb1f4cae953d51,CAM,9.0,748.8430959633001,401.6,13.071671022848568,-0.0449193376209589,748.8430959633001,401.6,13.071671022848568,-0.0449193376209589,nonce-14b9004adff32305fe1b,True,False,benign,False,0,"{""attack_ended_at"": 9.0, ""case_opened_at"": 9.0, ""lane_id"": ""g21_g11_0"", ""road_id"": ""g21_g11""}"
cam-1001-veh_006-000002,cam-1001-veh_006-000002,case-grid-1001-veh_006-benign,root-4bc7e18d53fb06f6e347b771,1001,veh_006,ps-402cdb4ee382d9ca,CAM,9.0,401.6,37.75353594745577,12.846411422954747,0.2392868984537202,401.6,37.75353594745577,12.846411422954747,0.2392868984537202,nonce-4bc7e18d53fb06f6e347,True,False,benign,False,0,"{""attack_ended_at"": 9.0, ""case_opened_at"": 9.0, ""lane_id"": ""g10_g11_0"", ""road_id"": ""g10_g11""}"
cam-1001-veh_007-000001,cam-1001-veh_007-000001,case-grid-1001-veh_007-benign,root-63db85701c78c8ad2f403fb3,1001,veh_007,ps-20a8fd281b9c6e27,CAM,9.0,398.4,774.8009598661787,12.899040133821241,-0.10095986617875852,398.4,774.8009598661787,12.899040133821241,-0.10095986617875852,nonce-63db85701c78c8ad2f40,True,False,benign,False,0,"{""attack_ended_at"": 9.0, ""case_opened_at"": 9.0, ""lane_id"": ""g12_g11_0"", ""road_id"": ""g12_g11""}"
cam-1001-veh_008-000000,cam-1001-veh_008-000000,case-grid-1001-veh_008-benign,root-62b95efdcc2d9048b15936a7,1001,veh_008,ps-0441a16dd8d22b44,CAM,9.0,8.3,-1.6,12.0,0.0,8.3,-1.6,12.0,0.0,nonce-62b95efdcc2d9048b159,True,False,benign,False,0,"{""attack_ended_at"": 9.0, ""case_opened_at"": 9.0, ""lane_id"": ""g00_g10_0"", ""road_id"": ""g00_g10""}"
cam-1001-veh_000-000009,cam-1001-veh_000-000009,case-grid-1001-veh_000-benign,root-29bebd33040d07072a031c8d,1001,veh_000,ps-0b6a8266609a146f,CAM,10.0,113.07346698510698,-1.6,11.406119491995783,-0.5871734810108311,113.07346698510698,-1.6,11.406119491995783,-0.5871734810108311,nonce-29bebd33040d07072a03,True,False,benign,False,0,"{""attack_ended_at"": 10.0, ""case_opened_at"": 10.0, ""lane_id"": ""g00_g10_0"", ""road_id"": ""g00_g10""}"
cam-1001-veh_001-000008,cam-1001-veh_001-000008,case-grid-1001-veh_001-benign,root-79303229732674ea8e0eccd8,1001,veh_001,ps-11b4aa50327f89a0,CAM,10.0,798.4,689.8898855335568,12.903098216330097,0.05311429304536475,798.4,689.8898855335568,12.903098216330097,0.05311429304536475,nonce-79303229732674ea8e0e,True,False,benign,False,0,"{""attack_ended_at"": 10.0, ""case_opened_at"": 10.0, ""lane_id"": ""g22_g21_0"", ""road_id"": ""g22_g21""}"
cam-1001-veh_002-000007,cam-1001-veh_002-000007,case-grid-1001-veh_002-benign,root-f717a888e8a1ce0627e8a60c,1001,veh_002,ps-e0bc27433007a32c,CAM,10.0,95.99422829340345,798.4,12.193124622080795,-0.6035251263482504,95.99422829340345,798.4,12.193124622080795,-0.6035251263482504,nonce-f717a888e8a1ce0627e8,True,False,benign,False,0,"{""attack_ended_at"": 10.0, ""case_opened_at"": 10.0, ""lane_id"": ""g02_g12_0"", ""road_id"": ""g02_g12""}"
cam-1001-veh_003-000006,cam-1001-veh_003-000006,case-grid-1001-veh_003-benign,root-38cb1399927f0d8701e53997,1001,veh_003,ps-13247f0afc865149,CAM,10.0,801.6,84.64788341897125,12.510177458211244,-0.12249984468799013,801.6,84.64788341897125,12.510177458211244,-0.12249984468799013,nonce-38cb1399927f0d8701e5,True,False,benign,False,0,"{""attack_ended_at"": 10.0, ""case_opened_at"": 10.0, ""lane_id"": ""g20_g21_0"", ""road_id"": ""g20_g21""}"
cam-1001-veh_004-000005,cam-1001-veh_004-000005,case-grid-1001-veh_004-benign,root-88e646d392255c8e404ab050,1001,veh_004,ps-b7dd5d779d6fb997,CAM,10.0,76.83707721845762,398.4,12.67953982200949,-0.054136559749021984,76.83707721845762,398.4,12.67953982200949,-0.054136559749021984,nonce-88e646d392255c8e404a,True,False,benign,False,0,"{""attack_ended_at"": 10.0, ""case_opened_at"": 10.0, ""lane_id"": ""g01_g11_0"", ""road_id"": ""g01_g11""}"
cam-1001-veh_005-000004,cam-1001-veh_005-000004,case-grid-1001-veh_005-benign,root-71fe36319a3c8230152e7543,1001,veh_005,ps-fedb1f4cae953d51,CAM,10.0,736.2169445259166,401.6,12.626151437383488,-0.44551958546507997,736.2169445259166,401.6,12.626151437383488,-0.44551958546507997,nonce-71fe36319a3c8230152e,True,False,benign,False,0,"{""attack_ended_at"": 10.0, ""case_opened_at"": 10.0, ""lane_id"": ""g21_g11_0"", ""road_id"": ""g21_g11""}"
cam-1001-veh_006-000003,cam-1001-veh_006-000003,case-grid-1001-veh_006-benign,root-b6ce9a1c508146e11532f4cc,1001,veh_006,ps-402cdb4ee382d9ca,CAM,10.0,401.6,49.93475667598526,12.18122072852949,-0.6651906944252559,401.6,49.93475667598526,12.18122072852949,-0.6651906944252559,nonce-b6ce9a1c508146e11532,True,False,benign,False,0,"{""attack_ended_at"": 10.0, ""case_opened_at"": 10.0, ""lane_id"": ""g10_g11_0"", ""road_id"": ""g10_g11""}"
cam-1001-veh_007-000002,cam-1001-veh_007-000002,case-grid-1001-veh_007-benign,root-ee944c588d9ac93ab1d7cbd3,1001,veh_007,ps-20a8fd281b9c6e27,CAM,10.0,398.4,761.8346962558414,12.966263610337325,0.06722347651608374,398.4,761.8346962558414,12.966263610337325,0.06722347651608374,nonce-ee944c588d9ac93ab1d7,True,False,benign,False,0,"{""attack_ended_at"": 10.0, ""case_opened_at"": 10.0, ""lane_id"": ""g12_g11_0"", ""road_id"": ""g12_g11""}"
cam-1001-veh_008-000001,cam-1001-veh_008-000001,case-grid-1001-veh_008-benign,root-b63ec14900c9fbb17361d7d6,1001,veh_008,ps-0441a16dd8d22b44,CAM,10.0,22.240641922662032,-1.6,13.940641922662035,1.940641922662035,22.240641922662032,-1.6,13.940641922662035,1.940641922662035,nonce-b63ec14900c9fbb17361,True,False,benign,False,0,"{""attack_ended_at"": 10.0, ""case_opened_at"": 10.0, ""lane_id"": ""g00_g10_0"", ""road_id"": ""g00_g10""}"
cam-1001-veh_009-000000,cam-1001-veh_009-000000,case-grid-1001-veh_009-benign,root-9147704c62702fef959df5e3,1001,veh_009,ps-8e3b87e1d6235c50,CAM,10.0,798.4,791.6999999999999,13.0,0.0,798.4,791.6999999999999,13.0,0.0,nonce-9147704c62702fef959d,True,False,benign,False,0,"{""attack_ended_at"": 10.0, ""case_opened_at"": 10.0, ""lane_id"": ""g22_g21_0"", ""road_id"": ""g22_g21""}"
cam-1001-veh_000-000010,cam-1001-veh_000-000010,case-grid-1001-veh_000-benign,root-86eba1468977bc1384e1bc7b,1001,veh_000,ps-0b6a8266609a146f,CAM,11.0,124.48907565270555,-1.6,11.415608667598576,0.009489175602793054,124.48907565270555,-1.6,11.415608667598576,0.009489175602793054,nonce-86eba1468977bc1384e1,True,False,benign,False,0,"{""attack_ended_at"": 11.0, ""case_opened_at"": 11.0, ""lane_id"": ""g00_g10_0"", ""road_id"": ""g00_g10""}"
cam-1001-veh_001-000009,cam-1001-veh_001-000009,case-grid-1001-veh_001-benign,root-33df68b2fc0f185f69f28541,1001,veh_001,ps-11b4aa50327f89a0,CAM,11.0,798.4,677.2020818905897,12.687803642967179,-0.21529457336291813,798.4,677.2020818905897,12.687803642967179,-0.21529457336291813,nonce-33df68b2fc0f185f69f2,True,False,benign,False,0,"{""attack_ended_at"": 11.0, ""case_opened_at"": 11.0, ""lane_id"": ""g22_g21_0"", ""road_id"": ""g22_g21""}"
cam-1001-veh_002-000008,cam-1001-veh_002-000008,case-grid-1001-veh_002-benign,root-2add0da539b35edbc60a9740,1001,veh_002,ps-e0bc27433007a32c,CAM,11.0,108.67266295609882,798.4,12.678434662695363,0.48531004061456784,108.67266295609882,798.4,12.678434662695363,0.48531004061456784,nonce-2add0da539b35edbc60a,True,False,benign,False,0,"{""attack_ended_at"": 11.0, ""case_opened_at"": 11.0, ""lane_id"": ""g02_g12_0"", ""road_id"": ""g02_g12""}"
cam-1001-veh_003-000007,cam-1001-veh_003-000007,case-grid-1001-veh_003-benign,root-91b6cdea06a0f4da95633992,1001,veh_003,ps-13247f0afc865149,CAM,11.0,801.6,96.99000597550437,12.342122556533129,-0.168054901678115,801.6,96.99000597550437,12.342122556533129,-0.168054901678115,nonce-91b6cdea06a0f4da9563,True,False,benign,False,0,"{""attack_ended_at"": 11.0, ""case_opened_at"": 11.0, ""lane_id"": ""g20_g21_0"", ""road_id"": ""g20_g21""}"
cam-1001-veh_004-000006,cam-1001-veh_004-000006,case-grid-1001-veh_004-benign,root-8d03103a086276323ab70fbd,1001,veh_004,ps-b7dd5d779d6fb997,CAM,11.0,89.73906409267862,398.4,12.90198687422099,0.22244705221149985,89.73906409267862,398.4,12.90198687422099,0.22244705221149985,nonce-8d03103a086276323ab7,True,False,benign,False,0,"{""attack_ended_at"": 11.0, ""case_opened_at"": 11.0, ""lane_id"": ""g01_g11_0"", ""road_id"": ""g01_g11""}"
cam-1001-veh_005-000005,cam-1001-veh_005-000005,case-grid-1001-veh_005-benign,root-63b81ff7ad3b3cdb969f5ef4,1001,veh_005,ps-fedb1f4cae953d51,CAM,11.0,723.4698389141477,401.6,12.747105611768893,0.12095417438540501,723.4698389141477,401.6,12.747105611768893,0.12095417438540501,nonce-63b81ff7ad3b3cdb969f,True,False,benign,False,0,"{""attack_ended_at"": 11.0, ""case_opened_at"": 11.0, ""lane_id"": ""g21_g11_0"", ""road_id"": ""g21_g11""}"
cam-1001-veh_006-000004,cam-1001-veh_006-000004,case-grid-1001-veh_006-benign,root-e2b279e228d0731d649706fc,1001,veh_006,ps-402cdb4ee382d9ca,CAM,11.0,401.6,62.064081667802725,12.12932499181746,-0.05189573671203007,401.6,62.064081667802725,12.12932499181746,-0.05189573671203007,nonce-e2b279e228d0731d6497,True,False,benign,False,0,"{""attack_ended_at"": 11.0, ""case_opened_at"": 11.0, ""lane_id"": ""g10_g11_0"", ""road_id"": ""g10_g11""}"
cam-1001-veh_007-000003,cam-1001-veh_007-000003,case-grid-1001-veh_007-benign,root-d2dc52b80009fbb2079197a4,1001,veh_007,ps-20a8fd281b9c6e27,CAM,11.0,398.4,749.1947470826979,12.639949173143528,-0.3263144371937976,398.4,749.1947470826979,12.639949173143528,-0.3263144371937976,nonce-d2dc52b80009fbb20791,True,False,benign,False,0,"{""attack_ended_at"": 11.0, ""case_opened_at"": 11.0, ""lane_id"": ""g12_g11_0"", ""road_id"": ""g12_g11""}"
cam-1001-veh_008-000002,cam-1001-veh_008-000002,case-grid-1001-veh_008-benign,root-490160c34c213236e9741f9e,1001,veh_008,ps-0441a16dd8d22b44,CAM,11.0,38.59429546303116,-1.6,16.353653540369127,2.4130116177070917,38.59429546303116,-1.6,16.353653540369127,2.4130116177070917,nonce-490160c34c213236e974,True,False,benign,False,0,"{""attack_ended_at"": 11.0, ""case_opened_at"": 11.0, ""lane_id"": ""g00_g10_0"", ""road_id"": ""g00_g10""}"
cam-1001-veh_009-000001,cam-1001-veh_009-000001,case-grid-1001-veh_009-benign,root-d15a60273cf69e065aacdd8d,1001,veh_009,ps-8e3b87e1d6235c50,CAM,11.0,798.4,777.6896134864145,14.010386513585418,1.0103865135854182,798.4,777.6896134864145,14.010386513585418,1.0103865135854182,nonce-d15a60273cf69e065aac,True,False,benign,False,0,"{""attack_ended_at"": 11.0, ""case_opened_at"": 11.0, ""lane_id"": ""g22_g21_0"", ""road_id"": ""g22_g21""}"
cam-1001-veh_010-000000,cam-1001-veh_010-000000,case-grid-1001-veh_010-benign,root-e12dfed46ac2870464e29e2c,1001,veh_010,ps-bf5c5fe0f587553a,CAM,11.0,8.3,798.4,12.0,0.0,8.3,798.4,12.0,0.0,nonce-e12dfed46ac2870464e2,True,False,benign,False,0,"{""attack_ended_at"": 11.0, ""case_opened_at"": 11.0, ""lane_id"": ""g02_g12_0"", ""road_id"": ""g02_g12""}"
cam-1001-veh_000-000011,cam-1001-veh_000-000011,case-grid-1001-veh_000-benign,root-ad6cc6db77bc84306b226ce8,1001,veh_000,ps-0b6a8266609a146f,CAM,12.0,135.75291819966168,-1.6,11.263842546956154,-0.15176612064242256,135.75291819966168,-1.6,11.263842546956154,-0.15176612064242256,nonce-ad6cc6db77bc84306b22,True,False,benign,False,0,"{""attack_ended_at"": 12.0, ""case_opened_at"": 12.0, ""lane_id"": ""g00_g10_0"", ""road_id"": ""g00_g10""}"
cam-1001-veh_001-000010,cam-1001-veh_001-000010,case-grid-1001-veh_001-benign,root-b23acec987f19265624bf187,1001,veh_001,ps-11b4aa50327f89a0,CAM,12.0,798.4,664.5285670861656,12.673514804424181,-0.01428883854299734,798.4,664.5285670861656,12.673514804424181,-0.01428883854299734,nonce-b23acec987f19265624b,True,False,benign,False,0,"{""attack_ended_at"": 12.0, ""case_opened_at"": 12.0, ""lane_id"": ""g22_g21_0"", ""road_id"": ""g22_g21""}"
cam-1001-veh_002-000009,cam-1001-veh_002-000009,case-grid-1001-veh_002-benign,root-3ed8c1a22a648cacfcac5ec7,1001,veh_002,ps-e0bc27433007a32c,CAM,12.0,120.92364206375191,798.4,12.250979107653112,-0.4274555550422505,120.92364206375191,798.4,12.250979107653112,-0.4274555550422505,nonce-3ed8c1a22a648cacfcac,True,False,benign,False,0,"{""attack_ended_at"": 12.0, ""case_opened_at"": 12.0, ""lane_id"": ""g02_g12_0"", ""road_id"": ""g02_g12""}"
cam-1001-veh_003-000008,cam-1001-veh_003-000008,case-grid-1001-veh_003-benign,root-4c84e1a5f6818150cf648ebd,1001,veh_003,ps-13247f0afc865149,CAM,12.0,801.6,109.72977915010172,12.739773174597346,0.3976506180642172,801.6,109.72977915010172,12.739773174597346,0.3976506180642172,nonce-4c84e1a5f6818150cf64,True,False,benign,False,0,"{""attack_ended_at"": 12.0, ""case_opened_at"": 12.0, ""lane_id"": ""g20_g21_0"", ""road_id"": ""g20_g21""}"
cam-1001-veh_004-000007,cam-1001-veh_004-000007,case-grid-1001-veh_004-benign,root-2ad8837ef4b7dedd36b7d8c2,1001,veh_004,ps-b7dd5d779d6fb997,CAM,12.0,102.3221651971254,398.4,12.583101104446785,-0.31888576977420513,102.3221651971254,398.4,12.583101104446785,-0.31888576977420513,nonce-2ad8837ef4b7dedd36b7,True,False,benign,False,0,"{""attack_ended_at"": 12.0, ""case_opened_at"": 12.0, ""lane_id"": ""g01_g11_0"", ""road_id"": ""g01_g11""}"
cam-1001-veh_005-000006,cam-1001-veh_005-000006,case-grid-1001-veh_005-benign,root-118357ace02ff0d41b084475,1001,veh_005,ps-fedb1f4cae953d51,CAM,12.0,710.8378095087332,401.6,12.63202940541447,-0.1150762063544235,710.8378095087332,401.6,12.63202940541447,-0.1150762063544235,nonce-118357ace02ff0d41b08,True,False,benign,False,0,"{""attack_ended_at"": 12.0, ""case_opened_at"": 12.0, ""lane_id"": ""g21_g11_0"", ""road_id"": ""g21_g11""}"
cam-1001-veh_006-000005,cam-1001-veh_006-000005,case-grid-1001-veh_006-benign,root-3e5ebd60cdd88c1509d186bd,1001,veh_006,ps-402cdb4ee382d9ca,CAM,12.0,401.6,74.74493578916353,12.680854121360802,0.5515291295433418,401.6,74.74493578916353,12.680854121360802,0.5515291295433418,nonce-3e5ebd60cdd88c1509d1,True,False,benign,False,0,"{""attack_ended_at"": 12.0, ""case_opened_at"": 12.0, ""lane_id"": ""g10_g11_0"", ""road_id"": ""g10_g11""}"
cam-1001-veh_007-000004,cam-1001-veh_007-000004,case-grid-1001-veh_007-benign,root-e07b22561c1eb312b2da0049,1001,veh_007,ps-20a8fd281b9c6e27,CAM,12.0,398.4,736.2789745336969,12.915772549000964,0.27582337585743666,398.4,736.2789745336969,12.915772549000964,0.27582337585743666,nonce-e07b22561c1eb312b2da,True,False,benign,False,0,"{""attack_ended_at"": 12.0, ""case_opened_at"": 12.0, ""lane_id"": ""g12_g11_0"", ""road_id"": ""g12_g11""}"
cam-1001-veh_008-000003,cam-1001-veh_008-000003,case-grid-1001-veh_008-benign,root-e5565e5aa7ba74bbecbafd9b,1001,veh_008,ps-0441a16dd8d22b44,CAM,12.0,54.69529061714188,-1.6,16.100995154110716,-0.2526583862584104,54.69529061714188,-1.6,16.100995154110716,-0.2526583862584104,nonce-e5565e5aa7ba74bbecba,True,False,benign,False,0,"{""attack_ended_at"": 12.0, ""case_opened_at"": 12.0, ""lane_id"": ""g00_g10_0"", ""road_id"": ""g00_g10""}"
cam-1001-veh_009-000002,cam-1001-veh_009-000002,case-grid-1001-veh_009-benign,root-bd9eb8e88502ff50dad33df7,1001,veh_009,ps-8e3b87e1d6235c50,CAM,12.0,798.4,763.4308221859583,14.258791300456235,0.24840478687081635,798.4,763.4308221859583,14.258791300456235,0.24840478687081635,nonce-bd9eb8e88502ff50dad3,True,False,benign,False,0,"{""attack_ended_at"": 12.0, ""case_opened_at"": 12.0, ""lane_id"": ""g22_g21_0"", ""road_id"": ""g22_g21""}"
cam-1001-veh_010-000001,cam-1001-veh_010-000001,case-grid-1001-veh_010-benign,root-465ebfe507fd5640d9e99f57,1001,veh_010,ps-bf5c5fe0f587553a,CAM,12.0,22.33431079572998,798.4,14.03431079572998,2.0343107957299793,22.33431079572998,798.4,14.03431079572998,2.0343107957299793,nonce-465ebfe507fd5640d9e9,True,False,benign,False,0,"{""attack_ended_at"": 12.0, ""case_opened_at"": 12.0, ""lane_id"": ""g02_g12_0"", ""road_id"": ""g02_g12""}"
cam-1001-veh_011-000000,cam-1001-veh_011-000000,case-grid-1001-veh_011-benign,root-6e03cb1f066199482bec8dbb,1001,veh_011,ps-298210176c98c50a,CAM,12.0,801.6,8.3,13.0,0.0,801.6,8.3,13.0,0.0,nonce-6e03cb1f066199482bec,True,False,benign,False,0,"{""attack_ended_at"": 12.0, ""case_opened_at"": 12.0, ""lane_id"": ""g20_g21_0"", ""road_id"": ""g20_g21""}"
cam-1001-veh_000-000012,cam-1001-veh_000-000012,case-grid-1001-veh_000-benign,root-6078d9ca219fba185381ade8,1001,veh_000,ps-0b6a8266609a146f,CAM,13.0,147.14679784263487,-1.6,11.393879642973193,0.1300370960170394,147.14679784263487,-1.6,11.393879642973193,0.1300370960170394,nonce-6078d9ca219fba185381,True,False,benign,False,0,"{""attack_ended_at"": 13.0, ""case_opened_at"": 13.0, ""lane_id"": ""g00_g10_0"", ""road_id"": ""g00_g10""}"
cam-1001-veh_001-000011,cam-1001-veh_001-000011,case-grid-1001-veh_001-benign,root-1bd8bef6192047e4d1d4d845,1001,veh_001,ps-11b4aa50327f89a0,CAM,13.0,798.4,652.1237301287031,12.404836957462527,-0.26867784696165486,798.4,652.1237301287031,12.404836957462527,-0.26867784696165486,nonce-1bd8bef6192047e4d1d4,True,False,benign,False,0,"{""attack_ended_at"": 13.0, ""case_opened_at"": 13.0, ""lane_id"": ""g22_g21_0"", ""road_id"": ""g22_g21""}"
cam-1001-veh_002-000010,cam-1001-veh_002-000010,case-grid-1001-veh_002-benign,root-0da3ccc8b7cbafaa8e749e0a,1001,veh_002,ps-e0bc27433007a32c,CAM,13.0,133.16194774604725,798.4,12.238305682295323,-0.01267342535778937,133.16194774604725,798.4,12.238305682295323,-0.01267342535778937,nonce-0da3ccc8b7cbafaa8e74,True,False,benign,False,0,"{""attack_ended_at"": 13.0, ""case_opened_at"": 13.0, ""lane_id"": ""g02_g12_0"", ""road_id"": ""g02_g12""}"
cam-1001-veh_003-000009,cam-1001-veh_003-000009,case-grid-1001-veh_003-benign,root-c5d01bd7b8bdb3d3347299b8,1001,veh_003,ps-13247f0afc865149,CAM,13.0,801.6,122.59286659075023,12.863087440648512,0.12331426605116569,801.6,122.59286659075023,12.863087440648512,0.12331426605116569,nonce-c5d01bd7b8bdb3d33472,True,False,benign,False,0,"{""attack_ended_at"": 13.0, ""case_opened_at"": 13.0, ""lane_id"": ""g20_g21_0"", ""road_id"": ""g20_g21""}"
cam-1001-veh_004-000008,cam-1001-veh_004-000008,case-grid-1001-veh_004-benign,root-155267f8c9ae4f2850287f71,1001,veh_004,ps-b7dd5d779d6fb997,CAM,13.0,115.41558075122614,398.4,13.093415554100746,0.5103144496539613,115.41558075122614,398.4,13.093415554100746,0.5103144496539613,nonce-155267f8c9ae4f285028,True,False,benign,False,0,"{""attack_ended_at"": 13.0, ""case_opened_at"": 13.0, ""lane_id"": ""g01_g11_0"", ""road_id"": ""g01_g11""}"
cam-1001-veh_005-000007,cam-1001-veh_005-000007,case-grid-1001-veh_005-benign,root-c162cb0d321df10c1c640f49,1001,veh_005,ps-fedb1f4cae953d51,CAM,13.0,698.2777647700491,401.6,12.560044738684192,-0.07198466673027681,698.2777647700491,401.6,12.560044738684192,-0.07198466673027681,nonce-c162cb0d321df10c1c64,True,False,benign,False,0,"{""attack_ended_at"": 13.0, ""case_opened_at"": 13.0, ""lane_id"": ""g21_g11_0"", ""road_id"": ""g21_g11""}"
cam-1001-veh_006-000006,cam-1001-veh_006-000006,case-grid-1001-veh_006-benign,root-567fad3fece9e8941ec5ae98,1001,veh_006,ps-402cdb4ee382d9ca,CAM,13.0,401.6,87.05697059042957,12.31203480126603,-0.36881932009477225,401.6,87.05697059042957,12.31203480126603,-0.36881932009477225,nonce-567fad3fece9e8941ec5,True,False,benign,False,0,"{""attack_ended_at"": 13.0, ""case_opened_at"": 13.0, ""lane_id"": ""g10_g11_0"", ""road_id"": ""g10_g11""}"
cam-1001-veh_007-000005,cam-1001-veh_007-000005,case-grid-1001-veh_007-benign,root-3c0c9acb82a2f6ea155f09f7,1001,veh_007,ps-20a8fd281b9c6e27,CAM,13.0,398.4,723.603923603555,12.675050930141866,-0.24072161885909793,398.4,723.603923603555,12.675050930141866,-0.24072161885909793,nonce-3c0c9acb82a2f6ea155f,True,False,benign,False,0,"{""attack_ended_at"": 13.0, ""case_opened_at"": 13.0, ""lane_id"": ""g12_g11_0"", ""road_id"": ""g12_g11""}"
cam-1001-veh_008-000004,cam-1001-veh_008-000004,case-grid-1001-veh_008-benign,root-b6ef3cc5eb221aedf012f61e,1001,veh_008,ps-0441a16dd8d22b44,CAM,13.0,71.2176229678793,-1.6,16.52233235073742,0.4213371966267019,71.2176229678793,-1.6,16.52233235073742,0.4213371966267019,nonce-b6ef3cc5eb221aedf012,True,False,benign,False,0,"{""attack_ended_at"": 13.0, ""case_opened_at"": 13.0, ""lane_id"": ""g00_g10_0"", ""road_id"": ""g00_g10""}"
cam-1001-veh_009-000003,cam-1001-veh_009-000003,case-grid-1001-veh_009-benign,root-62d3e53c3fe1a95a237079a5,1001,veh_009,ps-8e3b87e1d6235c50,CAM,13.0,798.4,748.9224611075487,14.508361078409672,0.24956977795343782,798.4,748.9224611075487,14.508361078409672,0.24956977795343782,nonce-62d3e53c3fe1a95a2370,True,False,benign,False,0,"{""attack_ended_at"": 13.0, ""case_opened_at"": 13.0, ""lane_id"": ""g22_g21_0"", ""road_id"": ""g22_g21""}"
cam-1001-veh_010-000002,cam-1001-veh_010-000002,case-grid-1001-veh_010-benign,root-1dc826d5b6d5cbaca2a39ab2,1001,veh_010,ps-bf5c5fe0f587553a,CAM,13.0,37.500996056768926,798.4,15.166685261038944,1.1323744653089651,37.500996056768926,798.4,15.166685261038944,1.1323744653089651,nonce-1dc826d5b6d5cbaca2a3,True,False,benign,False,0,"{""attack_ended_at"": 13.0, ""case_opened_at"": 13.0, ""lane_id"": ""g02_g12_0"", ""road_id"": ""g02_g12""}"
cam-1001-veh_011-000001,cam-1001-veh_011-000001,case-grid-1001-veh_011-benign,root-5233b38ebff4c6c994fd9195,1001,veh_011,ps-298210176c98c50a,CAM,13.0,801.6,22.070765247119315,13.770765247119314,0.7707652471193143,801.6,22.070765247119315,13.770765247119314,0.7707652471193143,nonce-5233b38ebff4c6c994fd,True,False,benign,False,0,"{""attack_ended_at"": 13.0, ""case_opened_at"": 13.0, ""lane_id"": ""g20_g21_0"", ""road_id"": ""g20_g21""}"
cam-1001-veh_012-000000,cam-1001-veh_012-000000,case-grid-1001-veh_012-benign,root-b4ecc8e1185249a9d876ddd8,1001,veh_012,ps-a2d8503b0d2b7ea8,CAM,13.0,12.3,398.4,12.0,0.0,12.3,398.4,12.0,0.0,nonce-b4ecc8e1185249a9d876,True,False,benign,False,0,"{""attack_ended_at"": 13.0, ""case_opened_at"": 13.0, ""lane_id"": ""g01_g11_0"", ""road_id"": ""g01_g11""}"
cam-1001-veh_000-000013,cam-1001-veh_000-000013,case-grid-1001-veh_000-benign,root-43706370ca15e731faaab8df,1001,veh_000,ps-0b6a8266609a146f,CAM,14.0,158.73741597864546,-1.6,11.590618136010603,0.19673849303740987,158.73741597864546,-1.6,11.590618136010603,0.19673849303740987,nonce-43706370ca15e731faaa,True,False,benign,False,0,"{""attack_ended_at"": 14.0, ""case_opened_at"": 14.0, ""lane_id"": ""g00_g10_0"", ""road_id"": ""g00_g10""}"
cam-1001-veh_001-000012,cam-1001-veh_001-000012,case-grid-1001-veh_001-benign,root-417a92d2150a0c2417915236,1001,veh_001,ps-11b4aa50327f89a0,CAM,14.0,798.4,639.5307788539155,12.59295127478747,0.18811431732494377,798.4,639.5307788539155,12.59295127478747,0.18811431732494377,nonce-417a92d2150a0c241791,True,False,benign,False,0,"{""attack_ended_at"": 14.0, ""case_opened_at"": 14.0, ""lane_id"": ""g22_g21_0"", ""road_id"": ""g22_g21""}"
cam-1001-veh_002-000011,cam-1001-veh_002-000011,case-grid-1001-veh_002-benign,root-bfd5aea78e7d89c8d037084c,1001,veh_002,ps-e0bc27433007a32c,CAM,14.0,145.99065831832198,798.4,12.828710572274723,0.5904048899793999,145.99065831832198,798.4,12.828710572274723,0.5904048899793999,nonce-bfd5aea78e7d89c8d037,True,False,benign,False,0,"{""attack_ended_at"": 14.0, ""case_opened_at"": 14.0, ""lane_id"": ""g02_g12_0"", ""road_id"": ""g02_g12""}"
cam-1001-veh_003-000010,cam-1001-veh_003-000010,case-grid-1001-veh_003-benign,root-d7b79b7f79a83433e2b6e6f3,1001,veh_003,ps-13247f0afc865149,CAM,14.0,801.6,135.42696500714797,12.834098416397744,-0.02898902425076777,801.6,135.42696500714797,12.834098416397744,-0.02898902425076777,nonce-d7b79b7f79a83433e2b6,True,False,benign,False,0,"{""attack_ended_at"": 14.0, ""case_opened_at"": 14.0, ""lane_id"": ""g20_g21_0"", ""road_id"": ""g20_g21""}"
cam-1001-veh_004-000009,cam-1001-veh_004-000009,case-grid-1001-veh_004-benign,root-834dc8be92f6da1300bf620e,1001,veh_004,ps-b7dd5d779d6fb997,CAM,14.0,128.65237462111372,398.4,13.236793869887576,0.1433783157868298,128.65237462111372,398.4,13.236793869887576,0.1433783157868298,nonce-834dc8be92f6da1300bf,True,False,benign,False,0,"{""attack_ended_at"": 14.0, ""case_opened_at"": 14.0, ""lane_id"": ""g01_g11_0"", ""road_id"": ""g01_g11""}"
cam-1001-veh_005-000008,cam-1001-veh_005-000008,case-grid-1001-veh_005-benign,root-35e6ae0f695c2f8d291a651d,1001,veh_005,ps-fedb1f4cae953d51,CAM,14.0,685.1473639496779,401.6,13.130400820371106,0.5703560816869135,685.1473639496779,401.6,13.130400820371106,0.5703560816869135,nonce-35e6ae0f695c2f8d291a,True,False,benign,False,0,"{""attack_ended_at"": 14.0, ""case_opened_at"": 14.0, ""lane_id"": ""g21_g11_0"", ""road_id"": ""g21_g11""}"
cam-1001-veh_006-000007,cam-1001-veh_006-000007,case-grid-1001-veh_006-benign,root-8a224980c28573745103b700,1001,veh_006,ps-402cdb4ee382d9ca,CAM,14.0,401.6,99.75984311825603,12.702872527826452,0.3908377265604219,401.6,99.75984311825603,12.702872527826452,0.3908377265604219,nonce-8a224980c28573745103,True,False,benign,False,0,"{""attack_ended_at"": 14.0, ""case_opened_at"": 14.0, ""lane_id"": ""g10_g11_0"", ""road_id"": ""g10_g11""}"
cam-1001-veh_007-000006,cam-1001-veh_007-000006,case-grid-1001-veh_007-benign,root-39673b2e070bc921623a03f6,1001,veh_007,ps-20a8fd281b9c6e27,CAM,14.0,398.4,710.7242290177703,12.879694585784733,0.20464365564286702,398.4,710.7242290177703,12.879694585784733,0.20464365564286702,nonce-39673b2e070bc921623a,True,False,benign,False,0,"{""attack_ended_at"": 14.0, ""case_opened_at"": 14.0, ""lane_id"": ""g12_g11_0"", ""road_id"": ""g12_g11""}"
cam-1001-veh_008-000005,cam-1001-veh_008-000005,case-grid-1001-veh_008-benign,root-75caa2f04d1499a6bf15a77a,1001,veh_008,ps-0441a16dd8d22b44,CAM,14.0,87.18725565531757,-1.6,15.969632687438281,-0.552699663299137,87.18725565531757,-1.6,15.969632687438281,-0.552699663299137,nonce-75caa2f04d1499a6bf15,True,False,benign,False,0,"{""attack_ended_at"": 14.0, ""case_opened_at"": 14.0, ""lane_id"": ""g00_g10_0"", ""road_id"": ""g00_g10""}"
cam-1001-veh_009-000004,cam-1001-veh_009-000004,case-grid-1001-veh_009-benign,root-f303cbbb2a162601f17bbf51,1001,veh_009,ps-8e3b87e1d6235c50,CAM,14.0,798.4,734.700069053393,14.222392054155662,-0.28596902425401005,798.4,734.700069053393,14.222392054155662,-0.28596902425401005,nonce-f303cbbb2a162601f17b,True,False,benign,False,0,"{""attack_ended_at"": 14.0, ""case_opened_at"": 14.0, ""lane_id"": ""g22_g21_0"", ""road_id"": ""g22_g21""}"
cam-1001-veh_010-000003,cam-1001-veh_010-000003,case-grid-1001-veh_010-benign,root-4676ff23939352e5a33bf0a8,1001,veh_010,ps-bf5c5fe0f587553a,CAM,14.0,52.86138904192368,798.4,15.360392985154755,0.19370772411581072,52.86138904192368,798.4,15.360392985154755,0.19370772411581072,nonce-4676ff23939352e5a33b,True,False,benign,False,0,"{""attack_ended_at"": 14.0, ""case_opened_at"": 14.0, ""lane_id"": ""g02_g12_0"", ""road_id"": ""g02_g12""}"
cam-1001-veh_011-000002,cam-1001-veh_011-000002,case-grid-1001-veh_011-benign,root-229723c7929b9c709b48cf3f,1001,veh_011,ps-298210176c98c50a,CAM,14.0,801.6,35.373111948427194,13.302346701307878,-0.4684185458114367,801.6,35.373111948427194,13.302346701307878,-0.4684185458114367,nonce-229723c7929b9c709b48,True,False,benign,False,0,"{""attack_ended_at"": 14.0, ""case_opened_at"": 14.0, ""lane_id"": ""g20_g21_0"", ""road_id"": ""g20_g21""}"
cam-1001-veh_012-000001,cam-1001-veh_012-000001,case-grid-1001-veh_012-benign,root-6920ab6552e7ad77ff347a65,1001,veh_012,ps-a2d8503b0d2b7ea8,CAM,14.0,26.660369737665167,398.4,14.360369737665168,2.3603697376651684,26.660369737665167,398.4,14.360369737665168,2.3603697376651684,nonce-6920ab6552e7ad77ff34,True,False,benign,False,0,"{""attack_ended_at"": 14.0, ""case_opened_at"": 14.0, ""lane_id"": ""g01_g11_0"", ""road_id"": ""g01_g11""}"
cam-1001-veh_013-000000,cam-1001-veh_013-000000,case-grid-1001-veh_013-benign,root-00fbb48107031cf8e8e8f68d,1001,veh_013,ps-ffb1bac62aa27994,CAM,14.0,787.6999999999999,401.6,13.0,0.0,787.6999999999999,401.6,13.0,0.0,nonce-00fbb48107031cf8e8e8,True,False,benign,False,0,"{""attack_ended_at"": 14.0, ""case_opened_at"": 14.0, ""lane_id"": ""g21_g11_0"", ""road_id"": ""g21_g11""}"
cam-1001-veh_000-000014,cam-1001-veh_000-000014,case-grid-1001-veh_000-benign,root-775d10e9c00e3279e6081bc6,1001,veh_000,ps-0b6a8266609a146f,CAM,15.0,170.47595400222113,-1.6,11.73853802357568,0.14791988756507735,170.47595400222113,-1.6,11.73853802357568,0.14791988756507735,nonce-775d10e9c00e3279e608,True,False,benign,False,0,"{""attack_ended_at"": 15.0, ""case_opened_at"": 15.0, ""lane_id"": ""g00_g10_0"", ""road_id"": ""g00_g10""}"
cam-1001-veh_001-000013,cam-1001-veh_001-000013,case-grid-1001-veh_001-benign,root-5c54bce36b3d85b38df03a36,1001,veh_001,ps-11b4aa50327f89a0,CAM,15.0,798.4,626.8516167609072,12.679162093008332,0.08621081822086119,798.4,626.8516167609072,12.679162093008332,0.08621081822086119,nonce-5c54bce36b3d85b38df0,True,False,benign,False,0,"{""attack_ended_at"": 15.0, ""case_opened_at"": 15.0, ""lane_id"": ""g22_g21_0"", ""road_id"": ""g22_g21""}"
cam-1001-veh_002-000012,cam-1001-veh_002-000012,case-grid-1001-veh_002-benign,root-7302907cceb1d6e382cb8ad2,1001,veh_002,ps-e0bc27433007a32c,CAM,15.0,158.30712738060686,798.4,12.316469062284886,-0.5122415099898365,158.30712738060686,798.4,12.316469062284886,-0.5122415099898365,nonce-7302907cceb1d6e382cb,True,False,benign,False,0,"{""attack_ended_at"": 15.0, ""case_opened_at"": 15.0, ""lane_id"": ""g02_g12_0"", ""road_id"": ""g02_g12""}"
cam-1001-veh_003-000011,cam-1001-veh_003-000011,case-grid-1001-veh_003-benign,root-1adce7cb17a54213e4f41e00,1001,veh_003,ps-13247f0afc865149,CAM,15.0,801.6,148.2566666301318,12.829701622983835,-0.0043967934139086395,801.6,148.2566666301318,12.829701622983835,-0.0043967934139086395,nonce-1adce7cb17a54213e4f4,True,False,benign,False,0,"{""attack_ended_at"": 15.0, ""case_opened_at"": 15.0, ""lane_id"": ""g20_g21_0"", ""road_id"": ""g20_g21""}"
cam-1001-veh_004-000010,cam-1001-veh_004-000010,case-grid-1001-veh_004-benign,root-90e97bf5c76fa225b77d82d6,1001,veh_004,ps-b7dd5d779d6fb997,CAM,15.0,141.99775593001027,398.4,13.345381308896565,0.10858743900898915,141.99775593001027,398.4,13.345381308896565,0.10858743900898915,nonce-90e97bf5c76fa225b77d,True,False,benign,False,0,"{""attack_ended_at"": 15.0, ""case_opened_at"": 15.0, ""lane_id"": ""g01_g11_0"", ""road_id"": ""g01_g11""}"
cam-1001-veh_005-000009,cam-1001-veh_005-000009,case-grid-1001-veh_005-benign,root-d2c4a7dccc7550aff65674eb,1001,veh_005,ps-fedb1f4cae953d51,CAM,15.0,672.476826989127,401.6,12.670536960550926,-0.45986385982017985,672.476826989127,401.6,12.670536960550926,-0.45986385982017985,nonce-d2c4a7dccc7550aff656,True,False,benign,False,0,"{""attack_ended_at"": 15.0, ""case_opened_at"": 15.0, ""lane_id"": ""g21_g11_0"", ""road_id"": ""g21_g11""}"
cam-1001-veh_006-000008,cam-1001-veh_006-000008,case-grid-1001-veh_006-benign,root-fc26ae63ae5ad267e29b185d,1001,veh_006,ps-402cdb4ee382d9ca,CAM,15.0,401.6,112.27861250430618,12.518769386050165,-0.18410314177628706,401.6,112.27861250430618,12.518769386050165,-0.18410314177628706,nonce-fc26ae63ae5ad267e29b,True,False,benign,False,0,"{""attack_ended_at"": 15.0, ""case_opened_at"": 15.0, ""lane_id"": ""g10_g11_0"", ""road_id"": ""g10_g11""}"
cam-1001-veh_007-000007,cam-1001-veh_007-000007,case-grid-1001-veh_007-benign,root-037158e9b6b5b0d0c2a6f716,1001,veh_007,ps-20a8fd281b9c6e27,CAM,15.0,398.4,698.1947029163791,12.529526101391227,-0.3501684843935067,398.4,698.1947029163791,12.529526101391227,-0.3501684843935067,nonce-037158e9b6b5b0d0c2a6,True,False,benign,False,0,"{""attack_ended_at"": 15.0, ""case_opened_at"": 15.0, ""lane_id"": ""g12_g11_0"", ""road_id"": ""g12_g11""}"
cam-1001-veh_008-000006,cam-1001-veh_008-000006,case-grid-1001-veh_008-benign,root-44547ae66b407a81ab7f9a46,1001,veh_008,ps-0441a16dd8d22b44,CAM,15.0,103.27009001068771,-1.6,16.082834355370142,0.11320166793186104,103.27009001068771,-1.6,16.082834355370142,0.11320166793186104,nonce-44547ae66b407a81ab7f,True,False,benign,False,0,"{""attack_ended_at"": 15.0, ""case_opened_at"": 15.0, ""lane_id"": ""g00_g10_0"", ""road_id"": ""g00_g10""}"
cam-1001-veh_009-000005,cam-1001-veh_009-000005,case-grid-1001-veh_009-benign,root-53e24647952c648d29502bfd,1001,veh_009,ps-8e3b87e1d6235c50,CAM,15.0,798.4,720.4595176391946,14.240551414198436,0.018159360042773187,798.4,720.4595176391946,14.240551414198436,0.018159360042773187,nonce-53e24647952c648d2950,True,False,benign,False,0,"{""attack_ended_at"": 15.0, ""case_opened_at"": 15.0, ""lane_id"": ""g22_g21_0"", ""road_id"": ""g22_g21""}"
cam-1001-veh_010-000004,cam-1001-veh_010-000004,case-grid-1001-veh_010-benign,root-e318d41ec490e8a3ec15d861,1001,veh_010,ps-bf5c5fe0f587553a,CAM,15.0,68.35160360663721,798.4,15.490214564713531,0.12982157955877582,68.35160360663721,798.4,15.490214564713531,0.12982157955877582,nonce-e318d41ec490e8a3ec15,True,False,benign,False,0,"{""attack_ended_at"": 15.0, ""case_opened_at"": 15.0, ""lane_id"": ""g02_g12_0"", ""road_id"": ""g02_g12""}"
cam-1001-veh_011-000003,cam-1001-veh_011-000003,case-grid-1001-veh_011-benign,root-2c8b214f0fdc375717f8b892,1001,veh_011,ps-298210176c98c50a,CAM,15.0,801.6,48.79106386774044,13.417951919313245,0.11560521800536705,801.6,48.79106386774044,13.417951919313245,0.11560521800536705,nonce-2c8b214f0fdc375717f8,True,False,benign,False,0,"{""attack_ended_at"": 15.0, ""case_opened_at"": 15.0, ""lane_id"": ""g20_g21_0"", ""road_id"": ""g20_g21""}"
cam-1001-veh_012-000002,cam-1001-veh_012-000002,case-grid-1001-veh_012-benign,root-f7a5384a889f705b7ce244d3,1001,veh_012,ps-a2d8503b0d2b7ea8,CAM,15.0,41.578581120888515,398.4,14.91821138322334,0.5578416455581721,41.578581120888515,398.4,14.91821138322334,0.5578416455581721,nonce-f7a5384a889f705b7ce2,True,False,benign,False,0,"{""attack_ended_at"": 15.0, ""case_opened_at"": 15.0, ""lane_id"": ""g01_g11_0"", ""road_id"": ""g01_g11""}"
cam-1001-veh_013-000001,cam-1001-veh_013-000001,case-grid-1001-veh_013-benign,root-b0d2332d22a0615fc3a30caa,1001,veh_013,ps-ffb1bac62aa27994,CAM,15.0,774.5285214017281,401.6,13.171478598271921,0.17147859827192136,774.5285214017281,401.6,13.171478598271921,0.17147859827192136,nonce-b0d2332d22a0615fc3a3,True,False,benign,False,0,"{""attack_ended_at"": 15.0, ""case_opened_at"": 15.0, ""lane_id"": ""g21_g11_0"", ""road_id"": ""g21_g11""}"
cam-1001-veh_014-000000,cam-1001-veh_014-000000,case-grid-1001-veh_014-benign,root-f71248a401ead794496cdafa,1001,veh_014,ps-0c5027fa621fc8a7,CAM,15.0,401.6,12.3,12.0,0.0,401.6,12.3,12.0,0.0,nonce-f71248a401ead794496c,True,False,benign,False,0,"{""attack_ended_at"": 15.0, ""case_opened_at"": 15.0, ""lane_id"": ""g10_g11_0"", ""road_id"": ""g10_g11""}"
cam-1001-veh_000-000015,cam-1001-veh_000-000015,case-grid-1001-veh_000-benign,root-e3ac685aaad052ab59e473a1,1001,veh_000,ps-0b6a8266609a146f,CAM,16.0,182.04069410401632,-1.6,11.564740101795183,-0.1737979217804977,182.04069410401632,-1.6,11.564740101795183,-0.1737979217804977,nonce-e3ac685aaad052ab59e4,True,False,benign,False,0,"{""attack_ended_at"": 16.0, ""case_opened_at"": 16.0, ""lane_id"": ""g00_g10_0"", ""road_id"": ""g00_g10""}"
cam-1001-veh_001-000014,cam-1001-veh_001-000014,case-grid-1001-veh_001-benign,root-7f6d95a35fd86ff7fb29072f,1001,veh_001,ps-11b4aa50327f89a0,CAM,16.0,798.4,614.2711722909492,12.580444469958007,-0.09871762305032483,798.4,614.2711722909492,12.580444469958007,-0.09871762305032483,nonce-7f6d95a35fd86ff7fb29,True,False,benign,False,0,"{""attack_ended_at"": 16.0, ""case_opened_at"": 16.0, ""lane_id"": ""g22_g21_0"", ""road_id"": ""g22_g21""}"
cam-1001-veh_002-000013,cam-1001-veh_002-000013,case-grid-1001-veh_002-benign,root-253ced29092d08b2628870a1,1001,veh_002,ps-e0bc27433007a32c,CAM,16.0,170.92337195637216,798.4,12.616244575765304,0.29977551348041764,170.92337195637216,798.4,12.616244575765304,0.29977551348041764,nonce-253ced29092d08b26288,True,False,benign,False,0,"{""attack_ended_at"": 16.0, ""case_opened_at"": 16.0, ""lane_id"": ""g02_g12_0"", ""road_id"": ""g02_g12""}"
cam-1001-veh_003-000012,cam-1001-veh_003-000012,case-grid-1001-veh_003-benign,root-0e74f04ce846659f96ec622a,1001,veh_003,ps-13247f0afc865149,CAM,16.0,801.6,161.22596919518531,12.9693025650535,0.13960094206966467,801.6,161.22596919518531,12.9693025650535,0.13960094206966467,nonce-0e74f04ce846659f96ec,True,False,benign,False,0,"{""attack_ended_at"": 16.0, ""case_opened_at"": 16.0, ""lane_id"": ""g20_g21_0"", ""road_id"": ""g20_g21""}"
cam-1001-veh_004-000011,cam-1001-veh_004-000011,case-grid-1001-veh_004-benign,root-343ebcdddc8ebd35a0c46845,1001,veh_004,ps-b7dd5d779d6fb997,CAM,16.0,155.3225971834186,398.4,13.324841253408328,-0.020540055488236675,155.3225971834186,398.4,13.324841253408328,-0.020540055488236675,nonce-343ebcdddc8ebd35a0c4,True,False,benign,False,0,"{""attack_ended_at"": 16.0, ""case_opened_at"": 16.0, ""lane_id"": ""g01_g11_0"", ""road_id"": ""g01_g11""}"
cam-1001-veh_005-000010,cam-1001-veh_005-000010,case-grid-1001-veh_005-benign,root-06747d411e83ba69075e0f56,1001,veh_005,ps-fedb1f4cae953d51,CAM,16.0,659.7911305612058,401.6,12.685696427921176,0.015159467370249757,659.7911305612058,401.6,12.685696427921176,0.015159467370249757,nonce-06747d411e83ba69075e,True,False,benign,False,0,"{""attack_ended_at"": 16.0, ""case_opened_at"": 16.0, ""lane_id"": ""g21_g11_0"", ""road_id"": ""g21_g11""}"
cam-1001-veh_006-000009,cam-1001-veh_006-000009,case-grid-1001-veh_006-benign,root-debd944747e99fc963a53aa9,1001,veh_006,ps-402cdb4ee382d9ca,CAM,16.0,401.6,125.0417362131698,12.763123708863617,0.24435432281345193,401.6,125.0417362131698,12.763123708863617,0.24435432281345193,nonce-debd944747e99fc963a5,True,False,benign,False,0,"{""attack_ended_at"": 16.0, ""case_opened_at"": 16.0, ""lane_id"": ""g10_g11_0"", ""road_id"": ""g10_g11""}"
cam-1001-veh_007-000008,cam-1001-veh_007-000008,case-grid-1001-veh_007-benign,root-f253f1cc7366f6adf3431284,1001,veh_007,ps-20a8fd281b9c6e27,CAM,16.0,398.4,685.9537990489673,12.240903867411822,-0.2886222339794049,398.4,685.9537990489673,12.240903867411822,-0.2886222339794049,nonce-f253f1cc7366f6adf343,True,False,benign,False,0,"{""attack_ended_at"": 16.0, ""case_opened_at"": 16.0, ""lane_id"": ""g12_g11_0"", ""road_id"": ""g12_g11""}"
cam-1001-veh_008-000007,cam-1001-veh_008-000007,case-grid-1001-veh_008-benign,root-4d78ea6aa4b14418018d7bea,1001,veh_008,ps-0441a16dd8d22b44,CAM,16.0,119.37012043184136,-1.6,16.100030421153644,0.017196065783501524,119.37012043184136,-1.6,16.100030421153644,0.017196065783501524,nonce-4d78ea6aa4b14418018d,True,False,benign,False,0,"{""attack_ended_at"": 16.0, ""case_opened_at"": 16.0, ""lane_id"": ""g00_g10_0"", ""road_id"": ""g00_g10""}"
cam-1001-veh_009-000006,cam-1001-veh_009-000006,case-grid-1001-veh_009-benign,root-5e4b713541b3404ed7293370,1001,veh_009,ps-8e3b87e1d6235c50,CAM,16.0,798.4,706.1984504417671,14.261067197427348,0.020515783228912454,798.4,706.1984504417671,14.261067197427348,0.020515783228912454,nonce-5e4b713541b3404ed729,True,False,benign,False,0,"{""attack_ended_at"": 16.0, ""case_opened_at"": 16.0, ""lane_id"": ""g22_g21_0"", ""road_id"": ""g22_g21""}"
cam-1001-veh_010-000005,cam-1001-veh_010-000005,case-grid-1001-veh_010-benign,root-02f1fed803de9b538dc4396a,1001,veh_010,ps-bf5c5fe0f587553a,CAM,16.0,83.18200205182423,798.4,14.830398445187017,-0.6598161195265142,83.18200205182423,798.4,14.830398445187017,-0.6598161195265142,nonce-02f1fed803de9b538dc4,True,False,benign,False,0,"{""attack_ended_at"": 16.0, ""case_opened_at"": 16.0, ""lane_id"": ""g02_g12_0"", ""road_id"": ""g02_g12""}"
cam-1001-veh_011-000004,cam-1001-veh_011-000004,case-grid-1001-veh_011-benign,root-3d556fc1860c1920c74759b2,1001,veh_011,ps-298210176c98c50a,CAM,16.0,801.6,61.8648988023082,13.073834934567756,-0.34411698474548835,801.6,61.8648988023082,13.073834934567756,-0.34411698474548835,nonce-3d556fc1860c1920c747,True,False,benign,False,0,"{""attack_ended_at"": 16.0, ""case_opened_at"": 16.0, ""lane_id"": ""g20_g21_0"", ""road_id"": ""g20_g21""}"
cam-1001-veh_012-000003,cam-1001-veh_012-000003,case-grid-1001-veh_012-benign,root-2bf25d8d39540e6690d2537d,1001,veh_012,ps-a2d8503b0d2b7ea8,CAM,16.0,55.96244228694084,398.4,14.383861166052327,-0.5343502171710135,55.96244228694084,398.4,14.383861166052327,-0.5343502171710135,nonce-2bf25d8d39540e6690d2,True,False,benign,False,0,"{""attack_ended_at"": 16.0, ""case_opened_at"": 16.0, ""lane_id"": ""g01_g11_0"", ""road_id"": ""g01_g11""}"
cam-1001-veh_013-000002,cam-1001-veh_013-000002,case-grid-1001-veh_013-benign,root-5fe0576c1437cbe0a13a1be8,1001,veh_013,ps-ffb1bac62aa27994,CAM,16.0,761.2246056929082,401.6,13.30391570881983,0.13243711054790808,761.2246056929082,401.6,13.30391570881983,0.13243711054790808,nonce-5fe0576c1437cbe0a13a,True,False,benign,False,0,"{""attack_ended_at"": 16.0, ""case_opened_at"": 16.0, ""lane_id"": ""g21_g11_0"", ""road_id"": ""g21_g11""}"
cam-1001-veh_014-000001,cam-1001-veh_014-000001,case-grid-1001-veh_014-benign,root-00145a180acc5e400ceb2f6f,1001,veh_014,ps-0c5027fa621fc8a7,CAM,16.0,401.6,25.62794394067092,13.327943940670924,1.3279439406709237,401.6,25.62794394067092,13.327943940670924,1.3279439406709237,nonce-00145a180acc5e400ceb,True,False,benign,False,0,"{""attack_ended_at"": 16.0, ""case_opened_at"": 16.0, ""lane_id"": ""g10_g11_0"", ""road_id"": ""g10_g11""}"
cam-1001-veh_015-000000,cam-1001-veh_015-000000,case-grid-1001-veh_015-benign,root-3a0d5e2522d80df84b715811,1001,veh_015,ps-43db3038c74a6947,CAM,16.0,398.4,787.6999999999999,13.0,0.0,398.4,787.6999999999999,13.0,0.0,nonce-3a0d5e2522d80df84b71,True,False,benign,False,0,"{""attack_ended_at"": 16.0, ""case_opened_at"": 16.0, ""lane_id"": ""g12_g11_0"", ""road_id"": ""g12_g11""}"
cam-1001-veh_000-000016,cam-1001-veh_000-000016,case-grid-1001-veh_000-benign,root-473086e9b431d39b8d3e64d0,1001,veh_000,ps-0b6a8266609a146f,CAM,17.0,193.5453437719215,-1.6,11.504649667905182,-0.06009043389000013,193.5453437719215,-1.6,11.504649667905182,-0.06009043389000013,nonce-473086e9b431d39b8d3e,True,False,benign,False,0,"{""attack_ended_at"": 17.0, ""case_opened_at"": 17.0, ""lane_id"": ""g00_g10_0"", ""road_id"": ""g00_g10""}"
cam-1001-veh_001-000015,cam-1001-veh_001-000015,case-grid-1001-veh_001-benign,root-d5cc620b173671bd66bbf010,1001,veh_001,ps-11b4aa50327f89a0,CAM,17.0,798.4,601.4825598956586,12.78861239529068,0.20816792533267403,798.4,601.4825598956586,12.78861239529068,0.20816792533267403,nonce-d5cc620b173671bd66bb,True,False,benign,False,0,"{""attack_ended_at"": 17.0, ""case_opened_at"": 17.0, ""lane_id"": ""g22_g21_0"", ""road_id"": ""g22_g21""}"
cam-1001-veh_002-000014,cam-1001-veh_002-000014,case-grid-1001-veh_002-benign,root-e4e6942d5db98692ddc0117f,1001,veh_002,ps-e0bc27433007a32c,CAM,17.0,183.79751641230456,798.4,12.8741444559324,0.25789988016709664,183.79751641230456,798.4,12.8741444559324,0.25789988016709664,nonce-e4e6942d5db98692ddc0,True,False,benign,False,0,"{""attack_ended_at"": 17.0, ""case_opened_at"": 17.0, ""lane_id"": ""g02_g12_0"", ""road_id"": ""g02_g12""}"
cam-1001-veh_003-000013,cam-1001-veh_003-000013,case-grid-1001-veh_003-benign,root-074035fadd367be72c315bc5,1001,veh_003,ps-13247f0afc865149,CAM,17.0,801.6,173.66378074518826,12.437811550002941,-0.531491015050559,801.6,173.66378074518826,12.437811550002941,-0.531491015050559,nonce-074035fadd367be72c31,True,False,benign,False,0,"{""attack_ended_at"": 17.0, ""case_opened_at"": 17.0, ""lane_id"": ""g20_g21_0"", ""road_id"": ""g20_g21""}"
cam-1001-veh_004-000012,cam-1001-veh_004-000012,case-grid-1001-veh_004-benign,root-28ca4ee04253cb236e15ca74,1001,veh_004,ps-b7dd5d779d6fb997,CAM,17.0,168.5228700394521,398.4,13.200272856033505,-0.12456839737482284,168.5228700394521,398.4,13.200272856033505,-0.12456839737482284,nonce-28ca4ee04253cb236e15,True,False,benign,False,0,"{""attack_ended_at"": 17.0, ""case_opened_at"": 17.0, ""lane_id"": ""g01_g11_0"", ""road_id"": ""g01_g11""}"
cam-1001-veh_005-000011,cam-1001-veh_005-000011,case-grid-1001-veh_005-benign,root-6d910c481c0b67e395c445a9,1001,veh_005,ps-fedb1f4cae953d51,CAM,17.0,646.7732198740914,401.6,13.017910687114455,0.33221425919327885,646.7732198740914,401.6,13.017910687114455,0.33221425919327885,nonce-6d910c481c0b67e395c4,True,False,benign,False,0,"{""attack_ended_at"": 17.0, ""case_opened_at"": 17.0, ""lane_id"": ""g21_g11_0"", ""road_id"": ""g21_g11""}"
cam-1001-veh_006-000010,cam-1001-veh_006-000010,case-grid-1001-veh_006-benign,root-1ddb5c9c422163e2e7d5a2b8,1001,veh_006,ps-402cdb4ee382d9ca,CAM,17.0,401.6,137.1878652199904,12.146129006820605,-0.6169947020430122,401.6,137.1878652199904,12.146129006820605,-0.6169947020430122,nonce-1ddb5c9c422163e2e7d5,True,False,benign,False,0,"{""attack_ended_at"": 17.0, ""case_opened_at"": 17.0, ""lane_id"": ""g10_g11_0"", ""road_id"": ""g10_g11""}"
cam-1001-veh_007-000009,cam-1001-veh_007-000009,case-grid-1001-veh_007-benign,root-ec052208109cf31a04e97df5,1001,veh_007,ps-20a8fd281b9c6e27,CAM,17.0,398.4,673.0969411265703,12.856857922397017,0.6159540549851954,398.4,673.0969411265703,12.856857922397017,0.6159540549851954,nonce-ec052208109cf31a04e9,True,False,benign,False,0,"{""attack_ended_at"": 17.0, ""case_opened_at"": 17.0, ""lane_id"": ""g12_g11_0"", ""road_id"": ""g12_g11""}"
cam-1001-veh_008-000008,cam-1001-veh_008-000008,case-grid-1001-veh_008-benign,root-3a570858f92e55e633992820,1001,veh_008,ps-0441a16dd8d22b44,CAM,17.0,135.93479428665245,-1.6,16.56467385481112,0.46464343365747496,135.93479428665245,-1.6,16.56467385481112,0.46464343365747496,nonce-3a570858f92e55e63399,True,False,benign,False,0,"{""attack_ended_at"": 17.0, ""case_opened_at"": 17.0, ""lane_id"": ""g00_g10_0"", ""road_id"": ""g00_g10""}"
cam-1001-veh_009-000007,cam-1001-veh_009-000007,case-grid-1001-veh_009-benign,root-dcedfa5c3968b62c29942dbc,1001,veh_009,ps-8e3b87e1d6235c50,CAM,17.0,798.4,691.496888852133,14.70156158963424,0.440494392206892,798.4,691.496888852133,14.70156158963424,0.440494392206892,nonce-dcedfa5c3968b62c2994,True,False,benign,False,0,"{""attack_ended_at"": 17.0, ""case_opened_at"": 17.0, ""lane_id"": ""g22_g21_0"", ""road_id"": ""g22_g21""}"
cam-1001-veh_010-000006,cam-1001-veh_010-000006,case-grid-1001-veh_010-benign,root-025f22bbca9f76be3bc28eb6,1001,veh_010,ps-bf5c5fe0f587553a,CAM,17.0,98.46686642697487,798.4,15.284864375150644,0.4544659299636269,98.46686642697487,798.4,15.284864375150644,0.4544659299636269,nonce-025f22bbca9f76be3bc2,True,False,benign,False,0,"{""attack_ended_at"": 17.0, ""case_opened_at"": 17.0, ""lane_id"": ""g02_g12_0"", ""road_id"": ""g02_g12""}"
cam-1001-veh_011-000005,cam-1001-veh_011-000005,case-grid-1001-veh_011-benign,root-1588203b95abce9616353863,1001,veh_011,ps-298210176c98c50a,CAM,17.0,801.6,75.02254739998237,13.157648597674168,0.0838136631064117,801.6,75.02254739998237,13.157648597674168,0.0838136631064117,nonce-1588203b95abce961635,True,False,benign,False,0,"{""attack_ended_at"": 17.0, ""case_opened_at"": 17.0, ""lane_id"": ""g20_g21_0"", ""road_id"": ""g20_g21""}"
cam-1001-veh_012-000004,cam-1001-veh_012-000004,case-grid-1001-veh_012-benign,root-2e2d5819ce0e126cc3f81cc0,1001,veh_012,ps-a2d8503b0d2b7ea8,CAM,17.0,70.72230583597849,398.4,14.759863549037643,0.3760023829853161,70.72230583597849,398.4,14.759863549037643,0.3760023829853161,nonce-2e2d5819ce0e126cc3f8,True,False,benign,False,0,"{""attack_ended_at"": 17.0, ""case_opened_at"": 17.0, ""lane_id"": ""g01_g11_0"", ""road_id"": ""g01_g11""}"
cam-1001-veh_013-000003,cam-1001-veh_013-000003,case-grid-1001-veh_013-benign,root-a9173a89b560a0f7fe1a4dc6,1001,veh_013,ps-ffb1bac62aa27994,CAM,17.0,748.2855972959926,401.6,12.939008396915586,-0.3649073119042434,748.2855972959926,401.6,12.939008396915586,-0.3649073119042434,nonce-a9173a89b560a0f7fe1a,True,False,benign,False,0,"{""attack_ended_at"": 17.0, ""case_opened_at"": 17.0, ""lane_id"": ""g21_g11_0"", ""road_id"": ""g21_g11""}"
cam-1001-veh_014-000002,cam-1001-veh_014-000002,case-grid-1001-veh_014-benign,root-f9bfaef8958149e3654918fc,1001,veh_014,ps-0c5027fa621fc8a7,CAM,17.0,401.6,39.44703183717699,13.819087896506066,0.4911439558351418,401.6,39.44703183717699,13.819087896506066,0.4911439558351418,nonce-f9bfaef8958149e36549,True,False,benign,False,0,"{""attack_ended_at"": 17.0, ""case_opened_at"": 17.0, ""lane_id"": ""g10_g11_0"", ""road_id"": ""g10_g11""}"
cam-1001-veh_015-000001,cam-1001-veh_015-000001,case-grid-1001-veh_015-benign,root-ff70c19b684a83ffc49f8eed,1001,veh_015,ps-43db3038c74a6947,CAM,17.0,398.4,774.6030234293033,13.096976570696668,0.09697657069666832,398.4,774.6030234293033,13.096976570696668,0.09697657069666832,nonce-ff70c19b684a83ffc49f,True,False,benign,False,0,"{""attack_ended_at"": 17.0, ""case_opened_at"": 17.0, ""lane_id"": ""g12_g11_0"", ""road_id"": ""g12_g11""}"
cam-1001-veh_016-000000,cam-1001-veh_016-000000,case-grid-1001-veh_016-benign,root-8562961a32b20d941bd86432,1001,veh_016,ps-cbbef243035097ce,CAM,17.0,8.3,-1.6,12.0,0.0,8.3,-1.6,12.0,0.0,nonce-8562961a32b20d941bd8,True,False,benign,False,0,"{""attack_ended_at"": 17.0, ""case_opened_at"": 17.0, ""lane_id"": ""g00_g10_0"", ""road_id"": ""g00_g10""}"
cam-1001-veh_000-000017,cam-1001-veh_000-000017,case-grid-1001-veh_000-benign,root-7691cf5cab63d27e21a5895c,1001,veh_000,ps-0b6a8266609a146f,CAM,18.0,205.32582923675653,-1.6,11.78048546483508,0.275835796929897,205.32582923675653,-1.6,11.78048546483508,0.275835796929897,nonce-7691cf5cab63d27e21a5,True,False,benign,False,0,"{""attack_ended_at"": 18.0, ""case_opened_at"": 18.0, ""lane_id"": ""g00_g10_0"", ""road_id"": ""g00_g10""}"
cam-1001-veh_001-000016,cam-1001-veh_001-000016,case-grid-1001-veh_001-benign,root-352b078c30ee50b2b2afcd51,1001,veh_001,ps-11b4aa50327f89a0,CAM,18.0,798.4,588.8209036624573,12.661656233201198,-0.12695616208948302,798.4,588.8209036624573,12.661656233201198,-0.12695616208948302,nonce-352b078c30ee50b2b2af,True,False,benign,False,0,"{""attack_ended_at"": 18.0, ""case_opened_at"": 18.0, ""lane_id"": ""g22_g21_0"", ""road_id"": ""g22_g21""}"
cam-1001-veh_002-000015,cam-1001-veh_002-000015,case-grid-1001-veh_002-position_offset,root-6d6763244885c97bfec0d118,1001,veh_002,ps-e0bc27433007a32c,CAM,18.0,196.2153474708695,798.4,12.417831058564916,-0.45631339736748444,261.21534747086946,814.65,12.417831058564916,-0.45631339736748444,nonce-6d6763244885c97bfec0,True,False,position_offset,True,0,"{""attack_ended_at"": 70.0, ""case_opened_at"": 18.0, ""lane_id"": ""g02_g12_0"", ""road_id"": ""g02_g12""}"
cam-1001-veh_003-000014,cam-1001-veh_003-000014,case-grid-1001-veh_003-benign,root-978c36d7db932d10425ae096,1001,veh_003,ps-13247f0afc865149,CAM,18.0,801.6,186.3168098290292,12.653029083840943,0.21521753383800224,801.6,186.3168098290292,12.653029083840943,0.21521753383800224,nonce-978c36d7db932d10425a,True,False,benign,False,0,"{""attack_ended_at"": 18.0, ""case_opened_at"": 18.0, ""lane_id"": ""g20_g21_0"", ""road_id"": ""g20_g21""}"
cam-1001-veh_004-000013,cam-1001-veh_004-000013,case-grid-1001-veh_004-benign,root-3d03a86d32c0b8adf4460f7c,1001,veh_004,ps-b7dd5d779d6fb997,CAM,18.0,181.47634651282462,398.4,12.953476473372527,-0.24679638266097825,181.47634651282462,398.4,12.953476473372527,-0.24679638266097825,nonce-3d03a86d32c0b8adf446,True,False,benign,False,0,"{""attack_ended_at"": 18.0, ""case_opened_at"": 18.0, ""lane_id"": ""g01_g11_0"", ""road_id"": ""g01_g11""}"
cam-1001-veh_005-000012,cam-1001-veh_005-000012,case-grid-1001-veh_005-benign,root-b856ba220f8fb24eff61a8ea,1001,veh_005,ps-fedb1f4cae953d51,CAM,18.0,633.9348406462032,401.6,12.838379227888181,-0.17953145922627378,633.9348406462032,401.6,12.838379227888181,-0.17953145922627378,nonce-b856ba220f8fb24eff61,True,False,benign,False,0,"{""attack_ended_at"": 18.0, ""case_opened_at"": 18.0, ""lane_id"": ""g21_g11_0"", ""road_id"": ""g21_g11""}"
cam-1001-veh_006-000011,cam-1001-veh_006-000011,case-grid-1001-veh_006-benign,root-55cf5c413e6560d70ca215ff,1001,veh_006,ps-402cdb4ee382d9ca,CAM,18.0,401.6,149.61574761008055,12.427882390090138,0.2817533832695336,401.6,149.61574761008055,12.427882390090138,0.2817533832695336,nonce-55cf5c413e6560d70ca2,True,False,benign,False,0,"{""attack_ended_at"": 18.0, ""case_opened_at"": 18.0, ""lane_id"": ""g10_g11_0"", ""road_id"": ""g10_g11""}"
cam-1001-veh_007-000010,cam-1001-veh_007-000010,case-grid-1001-veh_007-benign,root-f741ded5dc43faca5adda5e0,1001,veh_007,ps-20a8fd281b9c6e27,CAM,18.0,398.4,660.4232620401827,12.673679086387553,-0.18317883600946416,398.4,660.4232620401827,12.673679086387553,-0.18317883600946416,nonce-f741ded5dc43faca5add,True,False,benign,False,0,"{""attack_ended_at"": 18.0, ""case_opened_at"": 18.0, ""lane_id"": ""g12_g11_0"", ""road_id"": ""g12_g11""}"
cam-1001-veh_008-000009,cam-1001-veh_008-000009,case-grid-1001-veh_008-benign,root-a88e57875a3ef3d9e560e266,1001,veh_008,ps-0441a16dd8d22b44,CAM,18.0,152.54238107480106,-1.6,16.60758678814862,0.0429129333375009,152.54238107480106,-1.6,16.60758678814862,0.0429129333375009,nonce-a88e57875a3ef3d9e560,True,False,benign,False,0,"{""attack_ended_at"": 18.0, ""case_opened_at"": 18.0, ""lane_id"": ""g00_g10_0"", ""road_id"": ""g00_g10""}"
cam-1001-veh_009-000008,cam-1001-veh_009-000008,case-grid-1001-veh_009-benign,root-4eddb81cc994feeca68305ec,1001,veh_009,ps-8e3b87e1d6235c50,CAM,18.0,798.4,677.259954751164,14.236934100968957,-0.4646274886652826,798.4,677.259954751164,14.236934100968957,-0.4646274886652826,nonce-4eddb81cc994feeca683,True,False,benign,False,0,"{""attack_ended_at"": 18.0, ""case_opened_at"": 18.0, ""lane_id"": ""g22_g21_0"", ""road_id"": ""g22_g21""}"
cam-1001-veh_010-000007,cam-1001-veh_010-000007,case-grid-1001-veh_010-benign,root-e2d93f774efbe9cd55b9d326,1001,veh_010,ps-bf5c5fe0f587553a,CAM,18.0,113.82765622739329,798.4,15.360789800418422,0.07592542526777812,113.82765622739329,798.4,15.360789800418422,0.07592542526777812,nonce-e2d93f774efbe9cd55b9,True,False,benign,False,0,"{""attack_ended_at"": 18.0, ""case_opened_at"": 18.0, ""lane_id"": ""g02_g12_0"", ""road_id"": ""g02_g12""}"
cam-1001-veh_011-000006,cam-1001-veh_011-000006,case-grid-1001-veh_011-benign,root-95d11a9b0469c1b000451250,1001,veh_011,ps-298210176c98c50a,CAM,18.0,801.6,88.23609802902325,13.213550629040881,0.055902031366713345,801.6,88.23609802902325,13.213550629040881,0.055902031366713345,nonce-95d11a9b0469c1b00045,True,False,benign,False,0,"{""attack_ended_at"": 18.0, ""case_opened_at"": 18.0, ""lane_id"": ""g20_g21_0"", ""road_id"": ""g20_g21""}"
cam-1001-veh_012-000005,cam-1001-veh_012-000005,case-grid-1001-veh_012-benign,root-2660e6ef422e889c816c203d,1001,veh_012,ps-a2d8503b0d2b7ea8,CAM,18.0,85.34438331554567,398.4,14.622077479567185,-0.13778606947045802,85.34438331554567,398.4,14.622077479567185,-0.13778606947045802,nonce-2660e6ef422e889c816c,True,False,benign,False,0,"{""attack_ended_at"": 18.0, ""case_opened_at"": 18.0, ""lane_id"": ""g01_g11_0"", ""road_id"": ""g01_g11""}"
cam-1001-veh_013-000004,cam-1001-veh_013-000004,case-grid-1001-veh_013-benign,root-bd0a780780590c3f6d10a08b,1001,veh_013,ps-ffb1bac62aa27994,CAM,18.0,735.1999277119088,401.6,13.085669584083796,0.14666118716820975,735.1999277119088,401.6,13.085669584083796,0.14666118716820975,nonce-bd0a780780590c3f6d10,True,False,benign,False,0,"{""attack_ended_at"": 18.0, ""case_opened_at"": 18.0, ""lane_id"": ""g21_g11_0"", ""road_id"": ""g21_g11""}"
cam-1001-veh_014-000003,cam-1001-veh_014-000003,case-grid-1001-veh_014-benign,root-185e229eae7830da6b625ee4,1001,veh_014,ps-0c5027fa621fc8a7,CAM,18.0,401.6,53.18822173659433,13.741189899417334,-0.07789799708873169,401.6,53.18822173659433,13.741189899417334,-0.07789799708873169,nonce-185e229eae7830da6b62,True,False,benign,False,0,"{""attack_ended_at"": 18.0, ""case_opened_at"": 18.0, ""lane_id"": ""g10_g11_0"", ""road_id"": ""g10_g11""}"
cam-1001-veh_015-000002,cam-1001-veh_015-000002,case-grid-1001-veh_015-benign,root-3c8f80f9b8803549767bd25e,1001,veh_015,ps-43db3038c74a6947,CAM,18.0,398.4,761.9411054983873,12.661917930916049,-0.4350586397806193,398.4,761.9411054983873,12.661917930916049,-0.4350586397806193,nonce-3c8f80f9b8803549767b,True,False,benign,False,0,"{""attack_ended_at"": 18.0, ""case_opened_at"": 18.0, ""lane_id"": ""g12_g11_0"", ""road_id"": ""g12_g11""}"
cam-1001-veh_016-000001,cam-1001-veh_016-000001,case-grid-1001-veh_016-benign,root-1dbe10e79a1663ce54b43f61,1001,veh_016,ps-cbbef243035097ce,CAM,18.0,22.125471267849203,-1.6,13.825471267849206,1.8254712678492062,22.125471267849203,-1.6,13.825471267849206,1.8254712678492062,nonce-1dbe10e79a1663ce54b4,True,False,benign,False,0,"{""attack_ended_at"": 18.0, ""case_opened_at"": 18.0, ""lane_id"": ""g00_g10_0"", ""road_id"": ""g00_g10""}"
cam-1001-veh_017-000000,cam-1001-veh_017-000000,case-grid-1001-veh_017-benign,root-3b03d6599db473512083e1d2,1001,veh_017,ps-c4cb9175e03371fc,CAM,18.0,798.4,791.6999999999999,13.0,0.0,798.4,791.6999999999999,13.0,0.0,nonce-3b03d6599db473512083,True,False,benign,False,0,"{""attack_ended_at"": 18.0, ""case_opened_at"": 18.0, ""lane_id"": ""g22_g21_0"", ""road_id"": ""g22_g21""}"
cam-1001-veh_000-000018,cam-1001-veh_000-000018,case-grid-1001-veh_000-benign,root-9cd5ace1204465e957977f5b,1001,veh_000,ps-0b6a8266609a146f,CAM,19.0,216.57653822150084,-1.6,11.250708984744275,-0.5297764800908045,216.57653822150084,-1.6,11.250708984744275,-0.5297764800908045,nonce-9cd5ace1204465e95797,True,False,benign,False,0,"{""attack_ended_at"": 19.0, ""case_opened_at"": 19.0, ""lane_id"": ""g00_g10_0"", ""road_id"": ""g00_g10""}"
cam-1001-veh_001-000017,cam-1001-veh_001-000017,case-grid-1001-veh_001-benign,root-d2f030d114d282e2bbd3f296,1001,veh_001,ps-11b4aa50327f89a0,CAM,19.0,798.4,576.4665203665446,12.35438329591269,-0.30727293728850746,798.4,576.4665203665446,12.35438329591269,-0.30727293728850746,nonce-d2f030d114d282e2bbd3,True,False,benign,False,0,"{""attack_ended_at"": 19.0, ""case_opened_at"": 19.0, ""lane_id"": ""g22_g21_0"", ""road_id"": ""g22_g21""}"
cam-1001-veh_002-000016,cam-1001-veh_002-000016,case-grid-1001-veh_002-position_offset,root-9e9cb7a6b4c7a78eefc5e712,1001,veh_002,ps-e0bc27433007a32c,CAM,19.0,209.02083073534774,798.4,12.805483264478244,0.3876522059133283,274.0208307353478,814.65,12.805483264478244,0.3876522059133283,nonce-9e9cb7a6b4c7a78eefc5,True,False,position_offset,True,0,"{""attack_ended_at"": 70.0, ""case_opened_at"": 18.0, ""lane_id"": ""g02_g12_0"", ""road_id"": ""g02_g12""}"
cam-1001-veh_003-000015,cam-1001-veh_003-000015,case-grid-1001-veh_003-benign,root-7c5888f5bf8a8ee9f7511809,1001,veh_003,ps-13247f0afc865149,CAM,19.0,801.6,199.05087256307374,12.734062734044551,0.08103365020360798,801.6,199.05087256307374,12.734062734044551,0.08103365020360798,nonce-7c5888f5bf8a8ee9f751,True,False,benign,False,0,"{""attack_ended_at"": 19.0, ""case_opened_at"": 19.0, ""lane_id"": ""g20_g21_0"", ""road_id"": ""g20_g21""}"
cam-1001-veh_004-000014,cam-1001-veh_004-000014,case-grid-1001-veh_004-benign,root-cdcc1c43ecbb800ea2ddd786,1001,veh_004,ps-b7dd5d779d6fb997,CAM,19.0,194.79903479111516,398.4,13.32268827829054,0.3692118049180131,194.79903479111516,398.4,13.32268827829054,0.3692118049180131,nonce-cdcc1c43ecbb800ea2dd,True,False,benign,False,0,"{""attack_ended_at"": 19.0, ""case_opened_at"": 19.0, ""lane_id"": ""g01_g11_0"", ""road_id"": ""g01_g11""}"
cam-1001-veh_005-000013,cam-1001-veh_005-000013,case-grid-1001-veh_005-benign,root-7ceabc420970b76596ba12d6,1001,veh_005,ps-fedb1f4cae953d51,CAM,19.0,620.8220949756886,401.6,13.112745670514524,0.27436644262634324,620.8220949756886,401.6,13.112745670514524,0.27436644262634324,nonce-7ceabc420970b76596ba,True,False,benign,False,0,"{""attack_ended_at"": 19.0, ""case_opened_at"": 19.0, ""lane_id"": ""g21_g11_0"", ""road_id"": ""g21_g11""}"
cam-1001-veh_006-000012,cam-1001-veh_006-000012,case-grid-1001-veh_006-benign,root-e685cc25bd7b355fd757e166,1001,veh_006,ps-402cdb4ee382d9ca,CAM,19.0,401.6,161.79692725744974,12.181179647369184,-0.24670274272095405,401.6,161.79692725744974,12.181179647369184,-0.24670274272095405,nonce-e685cc25bd7b355fd757,True,False,benign,False,0,"{""attack_ended_at"": 19.0, ""case_opened_at"": 19.0, ""lane_id"": ""g10_g11_0"", ""road_id"": ""g10_g11""}"
cam-1001-veh_007-000011,cam-1001-veh_007-000011,case-grid-1001-veh_007-benign,root-e55a183c2ad8ae67d5033884,1001,veh_007,ps-20a8fd281b9c6e27,CAM,19.0,398.4,647.5282002319464,12.895061808236338,0.22138272184878538,398.4,647.5282002319464,12.895061808236338,0.22138272184878538,nonce-e55a183c2ad8ae67d503,True,False,benign,False,0,"{""attack_ended_at"": 19.0, ""case_opened_at"": 19.0, ""lane_id"": ""g12_g11_0"", ""road_id"": ""g12_g11""}"
cam-1001-veh_008-000010,cam-1001-veh_008-000010,case-grid-1001-veh_008-benign,root-b4b1c71fd667bd58e260ceb1,1001,veh_008,ps-0441a16dd8d22b44,CAM,19.0,168.50316342112606,-1.6,15.960782346324997,-0.6468044418236225,168.50316342112606,-1.6,15.960782346324997,-0.6468044418236225,nonce-b4b1c71fd667bd58e260,True,False,benign,False,0,"{""attack_ended_at"": 19.0, ""case_opened_at"": 19.0, ""lane_id"": ""g00_g10_0"", ""road_id"": ""g00_g10""}"
cam-1001-veh_009-000009,cam-1001-veh_009-000009,case-grid-1001-veh_009-benign,root-b4950238cccef44e5058deac,1001,veh_009,ps-8e3b87e1d6235c50,CAM,19.0,798.4,663.0439159913967,14.216038759767272,-0.020895341201685014,798.4,663.0439159913967,14.216038759767272,-0.020895341201685014,nonce-b4950238cccef44e5058,True,False,benign,False,0,"{""attack_ended_at"": 19.0, ""case_opened_at"": 19.0, ""lane_id"": ""g22_g21_0"", ""road_id"": ""g22_g21""}"
cam-1001-veh_010-000008,cam-1001-veh_010-000008,case-grid-1001-veh_010-benign,root-7eea34bc3263d2c1dacfd2d1,1001,veh_010,ps-bf5c5fe0f587553a,CAM,19.0,128.75632658498185,798.4,14.92867035758856,-0.4321194428298618,128.75632658498185,798.4,14.92867035758856,-0.4321194428298618,nonce-7eea34bc3263d2c1dacf,True,False,benign,False,0,"{""attack_ended_at"": 19.0, ""case_opened_at"": 19.0, ""lane_id"": ""g02_g12_0"", ""road_id"": ""g02_g12""}"
cam-1001-veh_011-000007,cam-1001-veh_011-000007,case-grid-1001-veh_011-benign,root-a836703e362c8fddbad89fd9,1001,veh_011,ps-298210176c98c50a,CAM,19.0,801.6,101.35902925789722,13.122931228873975,-0.09061940016690606,801.6,101.35902925789722,13.122931228873975,-0.09061940016690606,nonce-a836703e362c8fddbad8,True,False,benign,False,0,"{""attack_ended_at"": 19.0, ""case_opened_at"": 19.0, ""lane_id"": ""g20_g21_0"", ""road_id"": ""g20_g21""}"
cam-1001-veh_012-000006,cam-1001-veh_012-000006,case-grid-1001-veh_012-benign,root-ffba0628fea3a2f172a804f3,1001,veh_012,ps-a2d8503b0d2b7ea8,CAM,19.0,99.60362329461981,398.4,14.259239979074144,-0.36283750049304153,99.60362329461981,398.4,14.259239979074144,-0.36283750049304153,nonce-ffba0628fea3a2f172a8,True,False,benign,False,0,"{""attack_ended_at"": 19.0, ""case_opened_at"": 19.0, ""lane_id"": ""g01_g11_0"", ""road_id"": ""g01_g11""}"
cam-1001-veh_013-000005,cam-1001-veh_013-000005,case-grid-1001-veh_013-benign,root-b729e163e77fa2ad44697e00,1001,veh_013,ps-ffb1bac62aa27994,CAM,19.0,722.1894851038118,401.6,13.010442608097062,-0.07522697598673389,722.1894851038118,401.6,13.010442608097062,-0.07522697598673389,nonce-b729e163e77fa2ad4469,True,False,benign,False,0,"{""attack_ended_at"": 19.0, ""case_opened_at"": 19.0, ""lane_id"": ""g21_g11_0"", ""road_id"": ""g21_g11""}"
cam-1001-veh_014-000004,cam-1001-veh_014-000004,case-grid-1001-veh_014-benign,root-d1da2b81afd96179ccbb4101,1001,veh_014,ps-0c5027fa621fc8a7,CAM,19.0,401.6,66.79315419675595,13.60493246016162,-0.1362574392557132,401.6,66.79315419675595,13.60493246016162,-0.1362574392557132,nonce-d1da2b81afd96179ccbb,True,False,benign,False,0,"{""attack_ended_at"": 19.0, ""case_opened_at"": 19.0, ""lane_id"": ""g10_g11_0"", ""road_id"": ""g10_g11""}"
cam-1001-veh_015-000003,cam-1001-veh_015-000003,case-grid-1001-veh_015-benign,root-a3770edbbe24edd107058176,1001,veh_015,ps-43db3038c74a6947,CAM,19.0,398.4,749.0005745362394,12.940530962147848,0.27861303123179937,398.4,749.0005745362394,12.940530962147848,0.27861303123179937,nonce-a3770edbbe24edd10705,True,False,benign,False,0,"{""attack_ended_at"": 19.0, ""case_opened_at"": 19.0, ""lane_id"": ""g12_g11_0"", ""road_id"": ""g12_g11""}"
cam-1001-veh_016-000002,cam-1001-veh_016-000002,case-grid-1001-veh_016-benign,root-dfc0ce7bb3cf90bce80e5e93,1001,veh_016,ps-cbbef243035097ce,CAM,19.0,37.91416614516173,-1.6,15.788694877312519,1.9632236094633129,37.91416614516173,-1.6,15.788694877312519,1.9632236094633129,nonce-dfc0ce7bb3cf90bce80e,True,False,benign,False,0,"{""attack_ended_at"": 19.0, ""case_opened_at"": 19.0, ""lane_id"": ""g00_g10_0"", ""road_id"": ""g00_g10""}"
cam-1001-veh_017-000001,cam-1001-veh_017-000001,case-grid-1001-veh_017-benign,root-960de1ada261a60baf752204,1001,veh_017,ps-c4cb9175e03371fc,CAM,19.0,798.4,777.3150445131959,14.384955486804083,1.384955486804083,798.4,777.3150445131959,14.384955486804083,1.384955486804083,nonce-960de1ada261a60baf75,True,False,benign,False,0,"{""attack_ended_at"": 19.0, ""case_opened_at"": 19.0, ""lane_id"": ""g22_g21_0"", ""road_id"": ""g22_g21""}"
cam-1001-veh_018-000000,cam-1001-veh_018-000000,case-grid-1001-veh_018-benign,root-19303df2691e758d23329d94,1001,veh_018,ps-f5eb5907dca15325,CAM,19.0,8.3,798.4,12.0,0.0,8.3,798.4,12.0,0.0,nonce-19303df2691e758d2332,True,False,benign,False,0,"{""attack_ended_at"": 19.0, ""case_opened_at"": 19.0, ""lane_id"": ""g02_g12_0"", ""road_id"": ""g02_g12""}"
cam-1001-veh_000-000019,cam-1001-veh_000-000019,case-grid-1001-veh_000-benign,root-8ec79769012fefb04f89e6ac,1001,veh_000,ps-0b6a8266609a146f,CAM,20.0,228.33681408059087,-1.6,11.760275859090038,0.5095668743457633,228.33681408059087,-1.6,11.760275859090038,0.5095668743457633,nonce-8ec79769012fefb04f89,True,False,benign,False,0,"{""attack_ended_at"": 20.0, ""case_opened_at"": 20.0, ""lane_id"": ""g00_g10_0"", ""road_id"": ""g00_g10""}"
cam-1001-veh_001-000018,cam-1001-veh_001-000018,case-grid-1001-veh_001-benign,root-7cc1b6851410bb5fbf0d18ff,1001,veh_001,ps-11b4aa50327f89a0,CAM,20.0,798.4,563.6386151297469,12.827905236797802,0.4735219408851119,798.4,563.6386151297469,12.827905236797802,0.4735219408851119,nonce-7cc1b6851410bb5fbf0d,True,False,benign,False,0,"{""attack_ended_at"": 20.0, ""case_opened_at"": 20.0, ""lane_id"": ""g22_g21_0"", ""road_id"": ""g22_g21""}"
cam-1001-veh_002-000017,cam-1001-veh_002-000017,case-grid-1001-veh_002-position_offset,root-e4a38d8d99fd0fe96478b587,1001,veh_002,ps-e0bc27433007a32c,CAM,20.0,221.6804647854016,798.4,12.659634050053866,-0.14584921442437881,286.68046478540157,814.65,12.659634050053866,-0.14584921442437881,nonce-e4a38d8d99fd0fe96478,True,False,position_offset,True,0,"{""attack_ended_at"": 70.0, ""case_opened_at"": 18.0, ""lane_id"": ""g02_g12_0"", ""road_id"": ""g02_g12""}"
cam-1001-veh_003-000016,cam-1001-veh_003-000016,case-grid-1001-veh_003-benign,root-805dd0ee4b357836b81e0a94,1001,veh_003,ps-13247f0afc865149,CAM,20.0,801.6,211.3700728546081,12.319200291534349,-0.4148624425102021,801.6,211.3700728546081,12.319200291534349,-0.4148624425102021,nonce-805dd0ee4b357836b81e,True,False,benign,False,0,"{""attack_ended_at"": 20.0, ""case_opened_at"": 20.0, ""lane_id"": ""g20_g21_0"", ""road_id"": ""g20_g21""}"
cam-1001-veh_004-000015,cam-1001-veh_004-000015,case-grid-1001-veh_004-speed_offset,root-66d608379fc4e3a4b774b536,1001,veh_004,ps-b7dd5d779d6fb997,CAM,20.0,207.97942584166913,398.4,13.180391050553979,-0.14229722773656128,207.97942584166913,398.4,24.18039105055398,-0.14229722773656128,nonce-66d608379fc4e3a4b774,True,False,speed_offset,True,0,"{""attack_ended_at"": 72.0, ""case_opened_at"": 20.0, ""lane_id"": ""g01_g11_0"", ""road_id"": ""g01_g11""}"
cam-1001-veh_005-000014,cam-1001-veh_005-000014,case-grid-1001-veh_005-benign,root-581a6e3de8e3d5c3b0c9da8a,1001,veh_005,ps-fedb1f4cae953d51,CAM,20.0,608.20714115901,401.6,12.614953816678717,-0.4977918538358068,608.20714115901,401.6,12.614953816678717,-0.4977918538358068,nonce-581a6e3de8e3d5c3b0c9,True,False,benign,False,0,"{""attack_ended_at"": 20.0, ""case_opened_at"": 20.0, ""lane_id"": ""g21_g11_0"", ""road_id"": ""g21_g11""}"
cam-1001-veh_006-000013,cam-1001-veh_006-000013,case-grid-1001-veh_006-benign,root-5c7a4513fe3be1054abc600a,1001,veh_006,ps-402cdb4ee382d9ca,CAM,20.0,401.6,174.59536314421544,12.798435886765704,0.6172562393965197,401.6,174.59536314421544,12.798435886765704,0.6172562393965197,nonce-5c7a4513fe3be1054abc,True,False,benign,False,0,"{""attack_ended_at"": 20.0, ""case_opened_at"": 20.0, ""lane_id"": ""g10_g11_0"", ""road_id"": ""g10_g11""}"
cam-1001-veh_007-000012,cam-1001-veh_007-000012,case-grid-1001-veh_007-benign,root-49326c344e118e2c4795eede,1001,veh_007,ps-20a8fd281b9c6e27,CAM,20.0,398.4,635.0407113714739,12.487488860472501,-0.40757294776383723,398.4,635.0407113714739,12.487488860472501,-0.40757294776383723,nonce-49326c344e118e2c4795,True,False,benign,False,0,"{""attack_ended_at"": 20.0, ""case_opened_at"": 20.0, ""lane_id"": ""g12_g11_0"", ""road_id"": ""g12_g11""}"
cam-1001-veh_008-000011,cam-1001-veh_008-000011,case-grid-1001-veh_008-benign,root-18947129631692cf9e93b303,1001,veh_008,ps-0441a16dd8d22b44,CAM,20.0,184.97654259003232,-1.6,16.473379168906252,0.5125968225812549,184.97654259003232,-1.6,16.473379168906252,0.5125968225812549,nonce-18947129631692cf9e93,True,False,benign,False,0,"{""attack_ended_at"": 20.0, ""case_opened_at"": 20.0, ""lane_id"": ""g00_g10_0"", ""road_id"": ""g00_g10""}"
cam-1001-veh_009-000010,cam-1001-veh_009-000010,case-grid-1001-veh_009-benign,root-7963dbc301779b9b04e5e574,1001,veh_009,ps-8e3b87e1d6235c50,CAM,20.0,798.4,648.8837114845662,14.160204506830507,-0.055834252936765694,798.4,648.8837114845662,14.160204506830507,-0.055834252936765694,nonce-7963dbc301779b9b04e5,True,False,benign,False,0,"{""attack_ended_at"": 20.0, ""case_opened_at"": 20.0, ""lane_id"": ""g22_g21_0"", ""road_id"": ""g22_g21""}"
cam-1001-veh_010-000009,cam-1001-veh_010-000009,case-grid-1001-veh_010-benign,root-e9487eb35ac170fad537512b,1001,veh_010,ps-bf5c5fe0f587553a,CAM,20.0,143.78787380899763,798.4,15.03154722401581,0.10287686642725014,143.78787380899763,798.4,15.03154722401581,0.10287686642725014,nonce-e9487eb35ac170fad537,True,False,benign,False,0,"{""attack_ended_at"": 20.0, ""case_opened_at"": 20.0, ""lane_id"": ""g02_g12_0"", ""road_id"": ""g02_g12""}"
cam-1001-veh_011-000008,cam-1001-veh_011-000008,case-grid-1001-veh_011-benign,root-d2e049ad80a8497eda059686,1001,veh_011,ps-298210176c98c50a,CAM,20.0,801.6,114.68408546164785,13.325056203750616,0.20212497487664116,801.6,114.68408546164785,13.325056203750616,0.20212497487664116,nonce-d2e049ad80a8497eda05,True,False,benign,False,0,"{""attack_ended_at"": 20.0, ""case_opened_at"": 20.0, ""lane_id"": ""g20_g21_0"", ""road_id"": ""g20_g21""}"
cam-1001-veh_012-000007,cam-1001-veh_012-000007,case-grid-1001-veh_012-benign,root-660808d964f300024ae7cab5,1001,veh_012,ps-a2d8503b0d2b7ea8,CAM,20.0,114.1479260412825,398.4,14.544302746662677,0.2850627675885331,114.1479260412825,398.4,14.544302746662677,0.2850627675885331,nonce-660808d964f300024ae7,True,False,benign,False,0,"{""attack_ended_at"": 20.0, ""case_opened_at"": 20.0, ""lane_id"": ""g01_g11_0"", ""road_id"": ""g01_g11""}"
cam-1001-veh_013-000006,cam-1001-veh_013-000006,case-grid-1001-veh_013-benign,root-228871c140db888b75b0af66,1001,veh_013,ps-ffb1bac62aa27994,CAM,20.0,708.8214067522224,401.6,13.368078351589345,0.357635743492283,708.8214067522224,401.6,13.368078351589345,0.357635743492283,nonce-228871c140db888b75b0,True,False,benign,False,0,"{""attack_ended_at"": 20.0, ""case_opened_at"": 20.0, ""lane_id"": ""g21_g11_0"", ""road_id"": ""g21_g11""}"
cam-1001-veh_014-000005,cam-1001-veh_014-000005,case-grid-1001-veh_014-benign,root-7e1b8bbe517307487f0247a6,1001,veh_014,ps-0c5027fa621fc8a7,CAM,20.0,401.6,80.1537268155848,13.360572618828849,-0.24435984133277167,401.6,80.1537268155848,13.360572618828849,-0.24435984133277167,nonce-7e1b8bbe517307487f02,True,False,benign,False,0,"{""attack_ended_at"": 20.0, ""case_opened_at"": 20.0, ""lane_id"": ""g10_g11_0"", ""road_id"": ""g10_g11""}"
cam-1001-veh_015-000004,cam-1001-veh_015-000004,case-grid-1001-veh_015-benign,root-a7f14f37812fa5f95835ca82,1001,veh_015,ps-43db3038c74a6947,CAM,20.0,398.4,735.83944018478,13.16113435145943,0.22060338931158086,398.4,735.83944018478,13.16113435145943,0.22060338931158086,nonce-a7f14f37812fa5f95835,True,False,benign,False,0,"{""attack_ended_at"": 20.0, ""case_opened_at"": 20.0, ""lane_id"": ""g12_g11_0"", ""road_id"": ""g12_g11""}"
cam-1001-veh_016-000003,cam-1001-veh_016-000003,case-grid-1001-veh_016-benign,root-12bd2192ac36c5f6c7a7034a,1001,veh_016,ps-cbbef243035097ce,CAM,20.0,54.042932164556255,-1.6,16.128766019394526,0.3400711420820066,54.042932164556255,-1.6,16.128766019394526,0.3400711420820066,nonce-12bd2192ac36c5f6c7a7,True,False,benign,False,0,"{""attack_ended_at"": 20.0, ""case_opened_at"": 20.0, ""lane_id"": ""g00_g10_0"", ""road_id"": ""g00_g10""}"
cam-1001-veh_017-000002,cam-1001-veh_017-000002,case-grid-1001-veh_017-benign,root-b8d8841d780028011726f0a0,1001,veh_017,ps-c4cb9175e03371fc,CAM,20.0,798.4,763.2192996300201,14.095744883175776,-0.2892106036283071,798.4,763.2192996300201,14.095744883175776,-0.2892106036283071,nonce-b8d8841d780028011726,True,False,benign,False,0,"{""attack_ended_at"": 20.0, ""case_opened_at"": 20.0, ""lane_id"": ""g22_g21_0"", ""road_id"": ""g22_g21""}"
cam-1001-veh_018-000001,cam-1001-veh_018-000001,case-grid-1001-veh_018-benign,root-0df140907e69045cc0306e7b,1001,veh_018,ps-f5eb5907dca15325,CAM,20.0,21.648391843459418,798.4,13.34839184345942,1.3483918434594209,21.648391843459418,798.4,13.34839184345942,1.3483918434594209,nonce-0df140907e69045cc030,True,False,benign,False,0,"{""attack_ended_at"": 20.0, ""case_opened_at"": 20.0, ""lane_id"": ""g02_g12_0"", ""road_id"": ""g02_g12""}"
cam-1001-veh_019-000000,cam-1001-veh_019-000000,case-grid-1001-veh_019-benign,root-1c167d21d813551f50f1c9d9,1001,veh_019,ps-bfc295509368822d,CAM,20.0,801.6,8.3,13.0,0.0,801.6,8.3,13.0,0.0,nonce-1c167d21d813551f50f1,True,False,benign,False,0,"{""attack_ended_at"": 20.0, ""case_opened_at"": 20.0, ""lane_id"": ""g20_g21_0"", ""road_id"": ""g20_g21""}"
cam-1001-veh_000-000020,cam-1001-veh_000-000020,case-grid-1001-veh_000-benign,root-2476f3288e4a1e7886e13c15,1001,veh_000,ps-0b6a8266609a146f,CAM,21.0,239.90814292252065,-1.6,11.571328841929795,-0.18894701716024365,239.90814292252065,-1.6,11.571328841929795,-0.18894701716024365,nonce-2476f3288e4a1e7886e1,True,False,benign,False,0,"{""attack_ended_at"": 21.0, ""case_opened_at"": 21.0, ""lane_id"": ""g00_g10_0"", ""road_id"": ""g00_g10""}"
cam-1001-veh_001-000019,cam-1001-veh_001-000019,case-grid-1001-veh_001-benign,root-27575e5cbd1a6f53a12b8d93,1001,veh_001,ps-11b4aa50327f89a0,CAM,21.0,798.4,550.7171515491744,12.921463580572441,0.09355834377463879,798.4,550.7171515491744,12.921463580572441,0.09355834377463879,nonce-27575e5cbd1a6f53a12b,True,False,benign,False,0,"{""attack_ended_at"": 21.0, ""case_opened_at"": 21.0, ""lane_id"": ""g22_g21_0"", ""road_id"": ""g22_g21""}"
cam-1001-veh_002-000018,cam-1001-veh_002-000018,case-grid-1001-veh_002-position_offset,root-5a17ac41799c57cd4c322755,1001,veh_002,ps-e0bc27433007a32c,CAM,21.0,234.26586396618487,798.4,12.585399180783279,-0.07423486927058676,299.26586396618484,814.65,12.585399180783279,-0.07423486927058676,nonce-5a17ac41799c57cd4c32,True,False,position_offset,True,0,"{""attack_ended_at"": 70.0, ""case_opened_at"": 18.0, ""lane_id"": ""g02_g12_0"", ""road_id"": ""g02_g12""}"
cam-1001-veh_003-000017,cam-1001-veh_003-000017,case-grid-1001-veh_003-benign,root-dccc0171ff13c7d1ecaea9e2,1001,veh_003,ps-13247f0afc865149,CAM,21.0,801.6,223.90567729202866,12.53560443742054,0.21640414588619095,801.6,223.90567729202866,12.53560443742054,0.21640414588619095,nonce-dccc0171ff13c7d1ecae,True,False,benign,False,0,"{""attack_ended_at"": 21.0, ""case_opened_at"": 21.0, ""lane_id"": ""g20_g21_0"", ""road_id"": ""g20_g21""}"
cam-1001-veh_004-000016,cam-1001-veh_004-000016,case-grid-1001-veh_004-speed_offset,root-e06282ddd1c0df9a2cd7bc8e,1001,veh_004,ps-b7dd5d779d6fb997,CAM,21.0,221.08363205386945,398.4,13.104206212200323,-0.0761848383536563,221.08363205386945,398.4,24.104206212200324,-0.0761848383536563,nonce-e06282ddd1c0df9a2cd7,True,False,speed_offset,True,0,"{""attack_ended_at"": 72.0, ""case_opened_at"": 20.0, ""lane_id"": ""g01_g11_0"", ""road_id"": ""g01_g11""}"
cam-1001-veh_005-000015,cam-1001-veh_005-000015,case-grid-1001-veh_005-benign,root-08c8b737929eac77e97f6bd6,1001,veh_005,ps-fedb1f4cae953d51,CAM,21.0,595.6213953671878,401.6,12.585745791822083,-0.02920802485663465,595.6213953671878,401.6,12.585745791822083,-0.02920802485663465,nonce-08c8b737929eac77e97f,True,False,benign,False,0,"{""attack_ended_at"": 21.0, ""case_opened_at"": 21.0, ""lane_id"": ""g21_g11_0"", ""road_id"": ""g21_g11""}"
cam-1001-veh_006-000014,cam-1001-veh_006-000014,case-grid-1001-veh_006-benign,root-faba00bbc28a3744e084f767,1001,veh_006,ps-402cdb4ee382d9ca,CAM,21.0,401.6,186.88279930842586,12.287436164210424,-0.5109997225552796,401.6,186.88279930842586,12.287436164210424,-0.5109997225552796,nonce-faba00bbc28a3744e084,True,False,benign,False,0,"{""attack_ended_at"": 21.0, ""case_opened_at"": 21.0, ""lane_id"": ""g10_g11_0"", ""road_id"": ""g10_g11""}"
cam-1001-veh_007-000013,cam-1001-veh_007-000013,case-grid-1001-veh_007-benign,root-53d7ead79e989ac696bf75c4,1001,veh_007,ps-20a8fd281b9c6e27,CAM,21.0,398.4,622.6703115763473,12.370399795126565,-0.11708906534593666,398.4,622.6703115763473,12.370399795126565,-0.11708906534593666,nonce-53d7ead79e989ac696bf,True,False,benign,False,0,"{""attack_ended_at"": 21.0, ""case_opened_at"": 21.0, ""lane_id"": ""g12_g11_0"", ""road_id"": ""g12_g11""}"
cam-1001-veh_008-000012,cam-1001-veh_008-000012,case-grid-1001-veh_008-benign,root-c37d3294ada3c350ecb9b987,1001,veh_008,ps-0441a16dd8d22b44,CAM,21.0,201.1035682650702,-1.6,16.127025675037878,-0.34635349386837433,201.1035682650702,-1.6,16.127025675037878,-0.34635349386837433,nonce-c37d3294ada3c350ecb9,True,False,benign,False,0,"{""attack_ended_at"": 21.0, ""case_opened_at"": 21.0, ""lane_id"": ""g00_g10_0"", ""road_id"": ""g00_g10""}"
cam-1001-veh_009-000011,cam-1001-veh_009-000011,case-grid-1001-veh_009-benign,root-94b1b9764c51ef785b479b89,1001,veh_009,ps-8e3b87e1d6235c50,CAM,21.0,798.4,634.279947407358,14.603764077208199,0.4435595703776922,798.4,634.279947407358,14.603764077208199,0.4435595703776922,nonce-94b1b9764c51ef785b47,True,False,benign,False,0,"{""attack_ended_at"": 21.0, ""case_opened_at"": 21.0, ""lane_id"": ""g22_g21_0"", ""road_id"": ""g22_g21""}"
cam-1001-veh_010-000010,cam-1001-veh_010-000010,case-grid-1001-veh_010-benign,root-a7e4bb53db01f47cd4fd0088,1001,veh_010,ps-bf5c5fe0f587553a,CAM,21.0,158.81321084383578,798.4,15.025337034838156,-0.006210189177654257,158.81321084383578,798.4,15.025337034838156,-0.006210189177654257,nonce-a7e4bb53db01f47cd4fd,True,False,benign,False,0,"{""attack_ended_at"": 21.0, ""case_opened_at"": 21.0, ""lane_id"": ""g02_g12_0"", ""road_id"": ""g02_g12""}"
cam-1001-veh_011-000009,cam-1001-veh_011-000009,case-grid-1001-veh_011-benign,root-c383738ef706f53fdfba4201,1001,veh_011,ps-298210176c98c50a,CAM,21.0,801.6,128.2883746696863,13.604289208038434,0.2792330042878177,801.6,128.2883746696863,13.604289208038434,0.2792330042878177,nonce-c383738ef706f53fdfba,True,False,benign,False,0,"{""attack_ended_at"": 21.0, ""case_opened_at"": 21.0, ""lane_id"": ""g20_g21_0"", ""road_id"": ""g20_g21""}"
cam-1001-veh_012-000008,cam-1001-veh_012-000008,case-grid-1001-veh_012-benign,root-2446057dfc3b884c243b2b7e,1001,veh_012,ps-a2d8503b0d2b7ea8,CAM,21.0,128.76101467084004,398.4,14.613088629557557,0.06878588289488086,128.76101467084004,398.4,14.613088629557557,0.06878588289488086,nonce-2446057dfc3b884c243b,True,False,benign,False,0,"{""attack_ended_at"": 21.0, ""case_opened_at"": 21.0, ""lane_id"": ""g01_g11_0"", ""road_id"": ""g01_g11""}"
cam-1001-veh_013-000007,cam-1001-veh_013-000007,case-grid-1001-veh_013-benign,root-89631e5e9e378dc7a24b875e,1001,veh_013,ps-ffb1bac62aa27994,CAM,21.0,695.6784852929989,401.6,13.142921459223569,-0.22515689236577607,695.6784852929989,401.6,13.142921459223569,-0.22515689236577607,nonce-89631e5e9e378dc7a24b,True,False,benign,False,0,"{""attack_ended_at"": 21.0, ""case_opened_at"": 21.0, ""lane_id"": ""g21_g11_0"", ""road_id"": ""g21_g11""}"
cam-1001-veh_014-000006,cam-1001-veh_014-000006,case-grid-1001-veh_014-benign,root-149205d74c232416676c3339,1001,veh_014,ps-0c5027fa621fc8a7,CAM,21.0,401.6,93.25302968959276,13.099302874007956,-0.2612697448208934,401.6,93.25302968959276,13.099302874007956,-0.2612697448208934,nonce-149205d74c232416676c,True,False,benign,False,0,"{""attack_ended_at"": 21.0, ""case_opened_at"": 21.0, ""lane_id"": ""g10_g11_0"", ""road_id"": ""g10_g11""}"
cam-1001-veh_015-000005,cam-1001-veh_015-000005,case-grid-1001-veh_015-benign,root-26c6444b43edf7b36d900f58,1001,veh_015,ps-43db3038c74a6947,CAM,21.0,398.4,723.1925461060781,12.646894078701832,-0.514240272757597,398.4,723.1925461060781,12.646894078701832,-0.514240272757597,nonce-26c6444b43edf7b36d90,True,False,benign,False,0,"{""attack_ended_at"": 21.0, ""case_opened_at"": 21.0, ""lane_id"": ""g12_g11_0"", ""road_id"": ""g12_g11""}"
cam-1001-veh_016-000004,cam-1001-veh_016-000004,case-grid-1001-veh_016-benign,root-c944ad6a34e1dfa85eba71fc,1001,veh_016,ps-cbbef243035097ce,CAM,21.0,70.08143356535379,-1.6,16.038501400797532,-0.09026461859699353,70.08143356535379,-1.6,16.038501400797532,-0.09026461859699353,nonce-c944ad6a34e1dfa85eba,True,False,benign,False,0,"{""attack_ended_at"": 21.0, ""case_opened_at"": 21.0, ""lane_id"": ""g00_g10_0"", ""road_id"": ""g00_g10""}"
cam-1001-veh_017-000003,cam-1001-veh_017-000003,case-grid-1001-veh_017-benign,root-0ab58100ad15dcaa74c674e9,1001,veh_017,ps-c4cb9175e03371fc,CAM,21.0,798.4,749.0105717360977,14.208727893922315,0.11298301074653949,798.4,749.0105717360977,14.208727893922315,0.11298301074653949,nonce-0ab58100ad15dcaa74c6,True,False,benign,False,0,"{""attack_ended_at"": 21.0, ""case_opened_at"": 21.0, ""lane_id"": ""g22_g21_0"", ""road_id"": ""g22_g21""}"
cam-1001-veh_018-000002,cam-1001-veh_018-000002,case-grid-1001-veh_018-benign,root-c6233d3b5f251cdc05dde176,1001,veh_018,ps-f5eb5907dca15325,CAM,21.0,34.93325175804149,798.4,13.284859914582075,-0.06353192887734593,34.93325175804149,798.4,13.284859914582075,-0.06353192887734593,nonce-c6233d3b5f251cdc05dd,True,False,benign,False,0,"{""attack_ended_at"": 21.0, ""case_opened_at"": 21.0, ""lane_id"": ""g02_g12_0"", ""road_id"": ""g02_g12""}"
cam-1001-veh_019-000001,cam-1001-veh_019-000001,case-grid-1001-veh_019-benign,root-1fb5143d277e8088d1047a33,1001,veh_019,ps-bfc295509368822d,CAM,21.0,801.6,22.41060952830924,14.110609528309242,1.1106095283092419,801.6,22.41060952830924,14.110609528309242,1.1106095283092419,nonce-1fb5143d277e8088d104,True,False,benign,False,0,"{""attack_ended_at"": 21.0, ""case_opened_at"": 21.0, ""lane_id"": ""g20_g21_0"", ""road_id"": ""g20_g21""}"
cam-1001-veh_020-000000,cam-1001-veh_020-000000,case-grid-1001-veh_020-benign,root-3b0356e9ee709370c05c5ac5,1001,veh_020,ps-ebb98a241b250d58,CAM,21.0,12.3,398.4,12.0,0.0,12.3,398.4,12.0,0.0,nonce-3b0356e9ee709370c05c,True,False,benign,False,0,"{""attack_ended_at"": 21.0, ""case_opened_at"": 21.0, ""lane_id"": ""g01_g11_0"", ""road_id"": ""g01_g11""}"
cam-1001-veh_000-000021,cam-1001-veh_000-000021,case-grid-1001-veh_000-benign,root-4220d43b93f72d5faead1f44,1001,veh_000,ps-0b6a8266609a146f,CAM,22.0,251.14502257666786,-1.6,11.236879654147202,-0.33444918778259236,251.14502257666786,-1.6,11.236879654147202,-0.33444918778259236,nonce-4220d43b93f72d5faead,True,False,benign,False,0,"{""attack_ended_at"": 22.0, ""case_opened_at"": 22.0, ""lane_id"": ""g00_g10_0"", ""road_id"": ""g00_g10""}"
cam-1001-veh_001-000020,cam-1001-veh_001-000020,case-grid-1001-veh_001-benign,root-62adea4b6583d71498541c0f,1001,veh_001,ps-11b4aa50327f89a0,CAM,22.0,798.4,537.873879731909,12.843271817265473,-0.0781917633069682,798.4,537.873879731909,12.843271817265473,-0.0781917633069682,nonce-62adea4b6583d7149854,True,False,benign,False,0,"{""attack_ended_at"": 22.0, ""case_opened_at"": 22.0, ""lane_id"": ""g22_g21_0"", ""road_id"": ""g22_g21""}"
cam-1001-veh_002-000019,cam-1001-veh_002-000019,case-grid-1001-veh_002-position_offset,root-a764d746e57b492ee6d2d9cd,1001,veh_002,ps-e0bc27433007a32c,CAM,22.0,246.98590443080712,798.4,12.72004046462229,0.1346412838390112,311.9859044308071,814.65,12.72004046462229,0.1346412838390112,nonce-a764d746e57b492ee6d2,True,False,position_offset,True,0,"{""attack_ended_at"": 70.0, ""case_opened_at"": 18.0, ""lane_id"": ""g02_g12_0"", ""road_id"": ""g02_g12""}"
cam-1001-veh_003-000018,cam-1001-veh_003-000018,case-grid-1001-veh_003-benign,root-cc822ebb6f6f33cfd56a0a59,1001,veh_003,ps-13247f0afc865149,CAM,22.0,801.6,236.53027245614828,12.624595164119661,0.08899072669912123,801.6,236.53027245614828,12.624595164119661,0.08899072669912123,nonce-cc822ebb6f6f33cfd56a,True,False,benign,False,0,"{""attack_ended_at"": 22.0, ""case_opened_at"": 22.0, ""lane_id"": ""g20_g21_0"", ""road_id"": ""g20_g21""}"
cam-1001-veh_004-000017,cam-1001-veh_004-000017,case-grid-1001-veh_004-speed_offset,root-8eb943445a071312eab08bae,1001,veh_004,ps-b7dd5d779d6fb997,CAM,22.0,233.6631826800636,398.4,12.579550626194202,-0.524655586006121,233.6631826800636,398.4,23.5795506261942,-0.524655586006121,nonce-8eb943445a071312eab0,True,False,speed_offset,True,0,"{""attack_ended_at"": 72.0, ""case_opened_at"": 20.0, ""lane_id"": ""g01_g11_0"", ""road_id"": ""g01_g11""}"
cam-1001-veh_005-000016,cam-1001-veh_005-000016,case-grid-1001-veh_005-benign,root-ab0582f91d79a1fb40c9e60a,1001,veh_005,ps-fedb1f4cae953d51,CAM,22.0,582.5731990776472,401.6,13.048196289540611,0.4624504977185282,582.5731990776472,401.6,13.048196289540611,0.4624504977185282,nonce-ab0582f91d79a1fb40c9,True,False,benign,False,0,"{""attack_ended_at"": 22.0, ""case_opened_at"": 22.0, ""lane_id"": ""g21_g11_0"", ""road_id"": ""g21_g11""}"
replay-cam-1001-veh_006-000015,cam-1001-veh_006-000011,case-grid-1001-veh_006-replay,root-55cf5c413e6560d70ca215ff,1001,veh_006,ps-402cdb4ee382d9ca,CAM,18.0,401.6,149.61574761008055,12.427882390090138,0.2817533832695336,401.6,149.61574761008055,12.427882390090138,0.2817533832695336,nonce-55cf5c413e6560d70ca2,True,False,replay,True,1,"{""attack_ended_at"": 18.0, ""case_opened_at"": 18.0, ""lane_id"": ""g10_g11_0"", ""road_id"": ""g10_g11""}"
cam-1001-veh_007-000014,cam-1001-veh_007-000014,case-grid-1001-veh_007-benign,root-90610b26752e7861970a7a6c,1001,veh_007,ps-20a8fd281b9c6e27,CAM,22.0,398.4,609.7784113010783,12.891900275268988,0.5215004801424232,398.4,609.7784113010783,12.891900275268988,0.5215004801424232,nonce-90610b26752e7861970a,True,False,benign,False,0,"{""attack_ended_at"": 22.0, ""case_opened_at"": 22.0, ""lane_id"": ""g12_g11_0"", ""road_id"": ""g12_g11""}"
cam-1001-veh_008-000013,cam-1001-veh_008-000013,case-grid-1001-veh_008-benign,root-c50ca64856a5dfc2a534871e,1001,veh_008,ps-0441a16dd8d22b44,CAM,22.0,217.07332710226066,-1.6,15.969758837190458,-0.1572668378474198,217.07332710226066,-1.6,15.969758837190458,-0.1572668378474198,nonce-c50ca64856a5dfc2a534,True,False,benign,False,0,"{""attack_ended_at"": 22.0, ""case_opened_at"": 22.0, ""lane_id"": ""g00_g10_0"", ""road_id"": ""g00_g10""}"
cam-1001-veh_009-000012,cam-1001-veh_009-000012,case-grid-1001-veh_009-benign,root-67fb9e9666c77408bbdf084c,1001,veh_009,ps-8e3b87e1d6235c50,CAM,22.0,798.4,620.0050267736087,14.2749206337493,-0.32884344345889893,798.4,620.0050267736087,14.2749206337493,-0.32884344345889893,nonce-67fb9e9666c77408bbdf,True,False,benign,False,0,"{""attack_ended_at"": 22.0, ""case_opened_at"": 22.0, ""lane_id"": ""g22_g21_0"", ""road_id"": ""g22_g21""}"
cam-1001-veh_010-000011,cam-1001-veh_010-000011,case-grid-1001-veh_010-benign,root-ee14cad850d9f2d37f29a840,1001,veh_010,ps-bf5c5fe0f587553a,CAM,22.0,174.08203811399517,798.4,15.26882727015938,0.24349023532122338,174.08203811399517,798.4,15.26882727015938,0.24349023532122338,nonce-ee14cad850d9f2d37f29,True,False,benign,False,0,"{""attack_ended_at"": 22.0, ""case_opened_at"": 22.0, ""lane_id"": ""g02_g12_0"", ""road_id"": ""g02_g12""}"
cam-1001-veh_011-000010,cam-1001-veh_011-000010,case-grid-1001-veh_011-benign,root-0551d47452b27516446b80c5,1001,veh_011,ps-298210176c98c50a,CAM,22.0,801.6,141.49776623278115,13.209391563094876,-0.3948976449435584,801.6,141.49776623278115,13.209391563094876,-0.3948976449435584,nonce-0551d47452b27516446b,True,False,benign,False,0,"{""attack_ended_at"": 22.0, ""case_opened_at"": 22.0, ""lane_id"": ""g20_g21_0"", ""road_id"": ""g20_g21""}"
cam-1001-veh_012-000009,cam-1001-veh_012-000009,case-grid-1001-veh_012-benign,root-419fcb92d72cc3edef3516f9,1001,veh_012,ps-a2d8503b0d2b7ea8,CAM,22.0,143.04295238016948,398.4,14.281937709329457,-0.3311509202281009,143.04295238016948,398.4,14.281937709329457,-0.3311509202281009,nonce-419fcb92d72cc3edef35,True,False,benign,False,0,"{""attack_ended_at"": 22.0, ""case_opened_at"": 22.0, ""lane_id"": ""g01_g11_0"", ""road_id"": ""g01_g11""}"
cam-1001-veh_013-000008,cam-1001-veh_013-000008,case-grid-1001-veh_013-benign,root-0f1c35fc88a17d459cb41c72,1001,veh_013,ps-ffb1bac62aa27994,CAM,22.0,682.0641463351122,401.6,13.614338957886638,0.4714174986630688,682.0641463351122,401.6,13.614338957886638,0.4714174986630688,nonce-0f1c35fc88a17d459cb4,True,False,benign,False,0,"{""attack_ended_at"": 22.0, ""case_opened_at"": 22.0, ""lane_id"": ""g21_g11_0"", ""road_id"": ""g21_g11""}"
cam-1001-veh_014-000007,cam-1001-veh_014-000007,case-grid-1001-veh_014-benign,root-f2f062d254182b165930974a,1001,veh_014,ps-0c5027fa621fc8a7,CAM,22.0,401.6,106.98453616795618,13.73150647836341,0.6322036043554551,401.6,106.98453616795618,13.73150647836341,0.6322036043554551,nonce-f2f062d254182b165930,True,False,benign,False,0,"{""attack_ended_at"": 22.0, ""case_opened_at"": 22.0, ""lane_id"": ""g10_g11_0"", ""road_id"": ""g10_g11""}"
cam-1001-veh_015-000006,cam-1001-veh_015-000006,case-grid-1001-veh_015-benign,root-362e9d6eaacdda4036e1a84d,1001,veh_015,ps-43db3038c74a6947,CAM,22.0,398.4,710.5509480214439,12.641598084634268,-0.005295994067564536,398.4,710.5509480214439,12.641598084634268,-0.005295994067564536,nonce-362e9d6eaacdda4036e1,True,False,benign,False,0,"{""attack_ended_at"": 22.0, ""case_opened_at"": 22.0, ""lane_id"": ""g12_g11_0"", ""road_id"": ""g12_g11""}"
cam-1001-veh_016-000005,cam-1001-veh_016-000005,case-grid-1001-veh_016-benign,root-3937425187b1dd2ee2df1498,1001,veh_016,ps-cbbef243035097ce,CAM,22.0,85.93996699816705,-1.6,15.858533432813266,-0.1799679679842665,85.93996699816705,-1.6,15.858533432813266,-0.1799679679842665,nonce-3937425187b1dd2ee2df,True,False,benign,False,0,"{""attack_ended_at"": 22.0, ""case_opened_at"": 22.0, ""lane_id"": ""g00_g10_0"", ""road_id"": ""g00_g10""}"
cam-1001-veh_017-000004,cam-1001-veh_017-000004,case-grid-1001-veh_017-benign,root-64e2cf343f66b0a84acdd913,1001,veh_017,ps-c4cb9175e03371fc,CAM,22.0,798.4,734.7418342238019,14.268737512295901,0.06000961837358609,798.4,734.7418342238019,14.268737512295901,0.06000961837358609,nonce-64e2cf343f66b0a84acd,True,False,benign,False,0,"{""attack_ended_at"": 22.0, ""case_opened_at"": 22.0, ""lane_id"": ""g22_g21_0"", ""road_id"": ""g22_g21""}"
cam-1001-veh_018-000003,cam-1001-veh_018-000003,case-grid-1001-veh_018-benign,root-d5400b07bdd8541b02a57a1f,1001,veh_018,ps-f5eb5907dca15325,CAM,22.0,48.722137220602974,798.4,13.788885462561474,0.5040255479793991,48.722137220602974,798.4,13.788885462561474,0.5040255479793991,nonce-d5400b07bdd8541b02a5,True,False,benign,False,0,"{""attack_ended_at"": 22.0, ""case_opened_at"": 22.0, ""lane_id"": ""g02_g12_0"", ""road_id"": ""g02_g12""}"
cam-1001-veh_019-000002,cam-1001-veh_019-000002,case-grid-1001-veh_019-benign,root-d5deecd4514db2e453fa9f47,1001,veh_019,ps-bfc295509368822d,CAM,22.0,801.6,36.17024553127316,13.759636002963916,-0.3509735253453261,801.6,36.17024553127316,13.759636002963916,-0.3509735253453261,nonce-d5deecd4514db2e453fa,True,False,benign,False,0,"{""attack_ended_at"": 22.0, ""case_opened_at"": 22.0, ""lane_id"": ""g20_g21_0"", ""road_id"": ""g20_g21""}"
cam-1001-veh_020-000001,cam-1001-veh_020-000001,case-grid-1001-veh_020-benign,root-fabff8bfb8b2415ea07dbcae,1001,veh_020,ps-ebb98a241b250d58,CAM,22.0,24.927340019912545,398.4,12.627340019912548,0.6273400199125483,24.927340019912545,398.4,12.627340019912548,0.6273400199125483,nonce-fabff8bfb8b2415ea07d,True,False,benign,False,0,"{""attack_ended_at"": 22.0, ""case_opened_at"": 22.0, ""lane_id"": ""g01_g11_0"", ""road_id"": ""g01_g11""}"
cam-1001-veh_021-000000,cam-1001-veh_021-000000,case-grid-1001-veh_021-benign,root-9d513c0dc51878348ea19a33,1001,veh_021,ps-c17e704b00a194fa,CAM,22.0,787.6999999999999,401.6,13.0,0.0,787.6999999999999,401.6,13.0,0.0,nonce-9d513c0dc51878348ea1,True,False,benign,False,0,"{""attack_ended_at"": 22.0, ""case_opened_at"": 22.0, ""lane_id"": ""g21_g11_0"", ""road_id"": ""g21_g11""}"
cam-1001-veh_000-000022,cam-1001-veh_000-000022,case-grid-1001-veh_000-benign,root-923eca1966e8bed8cb73eca2,1001,veh_000,ps-0b6a8266609a146f,CAM,23.0,262.4503115393734,-1.6,11.305288962705532,0.06840930855832994,262.4503115393734,-1.6,11.305288962705532,0.06840930855832994,nonce-923eca1966e8bed8cb73,True,False,benign,False,0,"{""attack_ended_at"": 23.0, ""case_opened_at"": 23.0, ""lane_id"": ""g00_g10_0"", ""road_id"": ""g00_g10""}"
cam-1001-veh_001-000021,cam-1001-veh_001-000021,case-grid-1001-veh_001-benign,root-3dedb1840e790cb7f0a7d2da,1001,veh_001,ps-11b4aa50327f89a0,CAM,23.0,798.4,525.3240349009429,12.549844830966018,-0.29342698629945474,798.4,525.3240349009429,12.549844830966018,-0.29342698629945474,nonce-3dedb1840e790cb7f0a7,True,False,benign,False,0,"{""attack_ended_at"": 23.0, ""case_opened_at"": 23.0, ""lane_id"": ""g22_g21_0"", ""road_id"": ""g22_g21""}"
cam-1001-veh_002-000020,cam-1001-veh_002-000020,case-grid-1001-veh_002-position_offset,root-e38554d7d406ae8b07dda395,1001,veh_002,ps-e0bc27433007a32c,CAM,23.0,259.5238058946905,798.4,12.537901463883319,-0.18213900073897094,324.5238058946905,814.65,12.537901463883319,-0.18213900073897094,nonce-e38554d7d406ae8b07dd,True,False,position_offset,True,0,"{""attack_ended_at"": 70.0, ""case_opened_at"": 18.0, ""lane_id"": ""g02_g12_0"", ""road_id"": ""g02_g12""}"
cam-1001-veh_003-000019,cam-1001-veh_003-000019,case-grid-1001-veh_003-benign,root-f18564e2ee5273eccb4fd19c,1001,veh_003,ps-13247f0afc865149,CAM,23.0,801.6,249.21668645451783,12.686413998369522,0.0618188342498609,801.6,249.21668645451783,12.686413998369522,0.0618188342498609,nonce-f18564e2ee5273eccb4f,True,False,benign,False,0,"{""attack_ended_at"": 23.0, ""case_opened_at"": 23.0, ""lane_id"": ""g20_g21_0"", ""road_id"": ""g20_g21""}"
cam-1001-veh_004-000018,cam-1001-veh_004-000018,case-grid-1001-veh_004-speed_offset,root-919d12a25824c8c2fbeb6908,1001,veh_004,ps-b7dd5d779d6fb997,CAM,23.0,246.47274826957084,398.4,12.809565589507208,0.23001496331300686,246.47274826957084,398.4,23.80956558950721,0.23001496331300686,nonce-919d12a25824c8c2fbeb,True,False,speed_offset,True,0,"{""attack_ended_at"": 72.0, ""case_opened_at"": 20.0, ""lane_id"": ""g01_g11_0"", ""road_id"": ""g01_g11""}"
cam-1001-veh_005-000017,cam-1001-veh_005-000017,case-grid-1001-veh_005-benign,root-8eb6527b17f447c19080e21d,1001,veh_005,ps-fedb1f4cae953d51,CAM,23.0,569.5099599447909,401.6,13.063239132856362,0.015042843315750787,569.5099599447909,401.6,13.063239132856362,0.015042843315750787,nonce-8eb6527b17f447c19080,True,False,benign,False,0,"{""attack_ended_at"": 23.0, ""case_opened_at"": 23.0, ""lane_id"": ""g21_g11_0"", ""road_id"": ""g21_g11""}"
replay-cam-1001-veh_006-000016,cam-1001-veh_006-000012,case-grid-1001-veh_006-replay,root-e685cc25bd7b355fd757e166,1001,veh_006,ps-402cdb4ee382d9ca,CAM,19.0,401.6,161.79692725744974,12.181179647369184,-0.24670274272095405,401.6,161.79692725744974,12.181179647369184,-0.24670274272095405,nonce-e685cc25bd7b355fd757,True,False,replay,True,1,"{""attack_ended_at"": 19.0, ""case_opened_at"": 19.0, ""lane_id"": ""g10_g11_0"", ""road_id"": ""g10_g11""}"
cam-1001-veh_007-000015,cam-1001-veh_007-000015,case-grid-1001-veh_007-benign,root-ac6f919601cebbac2b274a6c,1001,veh_007,ps-20a8fd281b9c6e27,CAM,23.0,398.4,597.0520603978575,12.726350903220869,-0.16554937204811893,398.4,597.0520603978575,12.726350903220869,-0.16554937204811893,nonce-ac6f919601cebbac2b27,True,False,benign,False,0,"{""attack_ended_at"": 23.0, ""case_opened_at"": 23.0, ""lane_id"": ""g12_g11_0"", ""road_id"": ""g12_g11""}"
cam-1001-veh_008-000014,cam-1001-veh_008-000014,case-grid-1001-veh_008-benign,root-a12553b047911603e63e2c52,1001,veh_008,ps-0441a16dd8d22b44,CAM,23.0,232.65301216049667,-1.6,15.579685058236015,-0.3900737789544433,232.65301216049667,-1.6,15.579685058236015,-0.3900737789544433,nonce-a12553b047911603e63e,True,False,benign,False,0,"{""attack_ended_at"": 23.0, ""case_opened_at"": 23.0, ""lane_id"": ""g00_g10_0"", ""road_id"": ""g00_g10""}"
cam-1001-veh_009-000013,cam-1001-veh_009-000013,case-grid-1001-veh_009-benign,root-b7b97fed6ce0478cec1cf907,1001,veh_009,ps-8e3b87e1d6235c50,CAM,23.0,798.4,605.5197138538829,14.485312919725859,0.21039228597655857,798.4,605.5197138538829,14.485312919725859,0.21039228597655857,nonce-b7b97fed6ce0478cec1c,True,False,benign,False,0,"{""attack_ended_at"": 23.0, ""case_opened_at"": 23.0, ""lane_id"": ""g22_g21_0"", ""road_id"": ""g22_g21""}"
cam-1001-veh_010-000012,cam-1001-veh_010-000012,case-grid-1001-veh_010-benign,root-9b1e793b58b941137ccdc2d1,1001,veh_010,ps-bf5c5fe0f587553a,CAM,23.0,189.42260043972223,798.4,15.340562325727076,0.07173505556769655,189.42260043972223,798.4,15.340562325727076,0.07173505556769655,nonce-9b1e793b58b941137ccd,True,False,benign,False,0,"{""attack_ended_at"": 23.0, ""case_opened_at"": 23.0, ""lane_id"": ""g02_g12_0"", ""road_id"": ""g02_g12""}"
cam-1001-veh_011-000011,cam-1001-veh_011-000011,case-grid-1001-veh_011-benign,root-ffd54b704b382480780c887a,1001,veh_011,ps-298210176c98c50a,CAM,23.0,801.6,154.63226593150733,13.134499698726184,-0.07489186436869133,801.6,154.63226593150733,13.134499698726184,-0.07489186436869133,nonce-ffd54b704b382480780c,True,False,benign,False,0,"{""attack_ended_at"": 23.0, ""case_opened_at"": 23.0, ""lane_id"": ""g20_g21_0"", ""road_id"": ""g20_g21""}"
cam-1001-veh_012-000010,cam-1001-veh_012-000010,case-grid-1001-veh_012-benign,root-d6458780b889f353e88418a5,1001,veh_012,ps-a2d8503b0d2b7ea8,CAM,23.0,157.94908738418306,398.4,14.906135004013583,0.6241972946841265,157.94908738418306,398.4,14.906135004013583,0.6241972946841265,nonce-d6458780b889f353e884,True,False,benign,False,0,"{""attack_ended_at"": 23.0, ""case_opened_at"": 23.0, ""lane_id"": ""g01_g11_0"", ""road_id"": ""g01_g11""}"
cam-1001-veh_013-000009,cam-1001-veh_013-000009,case-grid-1001-veh_013-benign,root-15ada878bc9b7a2f85a54b09,1001,veh_013,ps-ffb1bac62aa27994,CAM,23.0,668.9155390208688,401.6,13.148607314243407,-0.46573164364323105,668.9155390208688,401.6,13.148607314243407,-0.46573164364323105,nonce-15ada878bc9b7a2f85a5,True,False,benign,False,0,"{""attack_ended_at"": 23.0, ""case_opened_at"": 23.0, ""lane_id"": ""g21_g11_0"", ""road_id"": ""g21_g11""}"
cam-1001-veh_014-000008,cam-1001-veh_014-000008,case-grid-1001-veh_014-benign,root-fc58a6d321ad7f69c58467f3,1001,veh_014,ps-0c5027fa621fc8a7,CAM,23.0,401.6,120.42769048980529,13.443154321849109,-0.2883521565143017,401.6,120.42769048980529,13.443154321849109,-0.2883521565143017,nonce-fc58a6d321ad7f69c584,True,False,benign,False,0,"{""attack_ended_at"": 23.0, ""case_opened_at"": 23.0, ""lane_id"": ""g10_g11_0"", ""road_id"": ""g10_g11""}"
cam-1001-veh_015-000007,cam-1001-veh_015-000007,case-grid-1001-veh_015-benign,root-1d54be903844154dd763ac13,1001,veh_015,ps-43db3038c74a6947,CAM,23.0,398.4,697.4647989138674,13.086149107576446,0.4445510229421785,398.4,697.4647989138674,13.086149107576446,0.4445510229421785,nonce-1d54be903844154dd763,True,False,benign,False,0,"{""attack_ended_at"": 23.0, ""case_opened_at"": 23.0, ""lane_id"": ""g12_g11_0"", ""road_id"": ""g12_g11""}"
cam-1001-veh_016-000006,cam-1001-veh_016-000006,case-grid-1001-veh_016-benign,root-730552c196040e6e51f5a185,1001,veh_016,ps-cbbef243035097ce,CAM,23.0,101.93242383930424,-1.6,15.992456841137164,0.13392340832389849,101.93242383930424,-1.6,15.992456841137164,0.13392340832389849,nonce-730552c196040e6e51f5,True,False,benign,False,0,"{""attack_ended_at"": 23.0, ""case_opened_at"": 23.0, ""lane_id"": ""g00_g10_0"", ""road_id"": ""g00_g10""}"
cam-1001-veh_017-000005,cam-1001-veh_017-000005,case-grid-1001-veh_017-benign,root-918825bb7a594b68d024c46a,1001,veh_017,ps-c4cb9175e03371fc,CAM,23.0,798.4,720.3063237075469,14.435510516254999,0.1667730039590971,798.4,720.3063237075469,14.435510516254999,0.1667730039590971,nonce-918825bb7a594b68d024,True,False,benign,False,0,"{""attack_ended_at"": 23.0, ""case_opened_at"": 23.0, ""lane_id"": ""g22_g21_0"", ""road_id"": ""g22_g21""}"
cam-1001-veh_018-000004,cam-1001-veh_018-000004,case-grid-1001-veh_018-benign,root-547613fa01ea112f612fafb0,1001,veh_018,ps-f5eb5907dca15325,CAM,23.0,61.78767164258879,798.4,13.06553442198582,-0.723351040575654,61.78767164258879,798.4,13.06553442198582,-0.723351040575654,nonce-547613fa01ea112f612f,True,False,benign,False,0,"{""attack_ended_at"": 23.0, ""case_opened_at"": 23.0, ""lane_id"": ""g02_g12_0"", ""road_id"": ""g02_g12""}"
cam-1001-veh_019-000003,cam-1001-veh_019-000003,case-grid-1001-veh_019-benign,root-4f32bc3cbc8df1b1c68655e0,1001,veh_019,ps-bfc295509368822d,CAM,23.0,801.6,50.41222233432404,14.241976803050884,0.482340800086968,801.6,50.41222233432404,14.241976803050884,0.482340800086968,nonce-4f32bc3cbc8df1b1c686,True,False,benign,False,0,"{""attack_ended_at"": 23.0, ""case_opened_at"": 23.0, ""lane_id"": ""g20_g21_0"", ""road_id"": ""g20_g21""}"
cam-1001-veh_020-000002,cam-1001-veh_020-000002,case-grid-1001-veh_020-benign,root-38cfed705040ad47eec1cd25,1001,veh_020,ps-ebb98a241b250d58,CAM,23.0,37.35801290652547,398.4,12.430672886612916,-0.19666713329963237,37.35801290652547,398.4,12.430672886612916,-0.19666713329963237,nonce-38cfed705040ad47eec1,True,False,benign,False,0,"{""attack_ended_at"": 23.0, ""case_opened_at"": 23.0, ""lane_id"": ""g01_g11_0"", ""road_id"": ""g01_g11""}"
cam-1001-veh_021-000001,cam-1001-veh_021-000001,case-grid-1001-veh_021-benign,root-3cee72565ad483959a2a1fd9,1001,veh_021,ps-c17e704b00a194fa,CAM,23.0,772.4575406005653,401.6,15.242459399434738,2.242459399434738,772.4575406005653,401.6,15.242459399434738,2.242459399434738,nonce-3cee72565ad483959a2a,True,False,benign,False,0,"{""attack_ended_at"": 23.0, ""case_opened_at"": 23.0, ""lane_id"": ""g21_g11_0"", ""road_id"": ""g21_g11""}"
cam-1001-veh_022-000000,cam-1001-veh_022-000000,case-grid-1001-veh_022-benign,root-bf91efd8872c112515a430cc,1001,veh_022,ps-37f1e0f2b964b078,CAM,23.0,401.6,12.3,12.0,0.0,401.6,12.3,12.0,0.0,nonce-bf91efd8872c112515a4,True,False,benign,False,0,"{""attack_ended_at"": 23.0, ""case_opened_at"": 23.0, ""lane_id"": ""g10_g11_0"", ""road_id"": ""g10_g11""}"
cam-1001-veh_000-000023,cam-1001-veh_000-000023,case-grid-1001-veh_000-benign,root-d539f76707e2f3b8856cbb41,1001,veh_000,ps-0b6a8266609a146f,CAM,24.0,273.7341823909083,-1.6,11.28387085153489,-0.021418111170643073,273.7341823909083,-1.6,11.28387085153489,-0.021418111170643073,nonce-d539f76707e2f3b8856c,True,False,benign,False,0,"{""attack_ended_at"": 24.0, ""case_opened_at"": 24.0, ""lane_id"": ""g00_g10_0"", ""road_id"": ""g00_g10""}"
cam-1001-veh_001-000022,cam-1001-veh_001-000022,case-grid-1001-veh_001-benign,root-ea8859877bcd768ea6698d87,1001,veh_001,ps-11b4aa50327f89a0,CAM,24.0,798.4,512.6383497304978,12.685685170445055,0.13584033947903684,798.4,512.6383497304978,12.685685170445055,0.13584033947903684,nonce-ea8859877bcd768ea669,True,False,benign,False,0,"{""attack_ended_at"": 24.0, ""case_opened_at"": 24.0, ""lane_id"": ""g22_g21_0"", ""road_id"": ""g22_g21""}"
cam-1001-veh_002-000021,cam-1001-veh_002-000021,case-grid-1001-veh_002-position_offset,root-6b3641ce47c03736a1960fcf,1001,veh_002,ps-e0bc27433007a32c,CAM,24.0,272.36741765411966,798.4,12.843611759429187,0.30571029554586815,337.36741765411966,814.65,12.843611759429187,0.30571029554586815,nonce-6b3641ce47c03736a196,True,False,position_offset,True,0,"{""attack_ended_at"": 70.0, ""case_opened_at"": 18.0, ""lane_id"": ""g02_g12_0"", ""road_id"": ""g02_g12""}"
cam-1001-veh_003-000020,cam-1001-veh_003-000020,case-grid-1001-veh_003-benign,root-9bcf320baffc18ab39cbaa45,1001,veh_003,ps-13247f0afc865149,CAM,24.0,801.6,261.52947933632277,12.312792881804913,-0.3736211165646086,801.6,261.52947933632277,12.312792881804913,-0.3736211165646086,nonce-9bcf320baffc18ab39cb,True,False,benign,False,0,"{""attack_ended_at"": 24.0, ""case_opened_at"": 24.0, ""lane_id"": ""g20_g21_0"", ""road_id"": ""g20_g21""}"
cam-1001-veh_004-000019,cam-1001-veh_004-000019,case-grid-1001-veh_004-speed_offset,root-3fdf8a01bcacaec7abed31dc,1001,veh_004,ps-b7dd5d779d6fb997,CAM,24.0,259.43231228703814,398.4,12.959564017467299,0.14999842796009055,259.43231228703814,398.4,23.9595640174673,0.14999842796009055,nonce-3fdf8a01bcacaec7abed,True,False,speed_offset,True,0,"{""attack_ended_at"": 72.0, ""case_opened_at"": 20.0, ""lane_id"": ""g01_g11_0"", ""road_id"": ""g01_g11""}"
cam-1001-veh_005-000018,cam-1001-veh_005-000018,case-grid-1001-veh_005-benign,root-122a4817f61d095899fa5ad3,1001,veh_005,ps-fedb1f4cae953d51,CAM,24.0,556.467005718672,401.6,13.042954226118855,-0.020284906737506603,556.467005718672,401.6,13.042954226118855,-0.020284906737506603,nonce-122a4817f61d095899fa,True,False,benign,False,0,"{""attack_ended_at"": 24.0, ""case_opened_at"": 24.0, ""lane_id"": ""g21_g11_0"", ""road_id"": ""g21_g11""}"
replay-cam-1001-veh_006-000017,cam-1001-veh_006-000013,case-grid-1001-veh_006-replay,root-5c7a4513fe3be1054abc600a,1001,veh_006,ps-402cdb4ee382d9ca,CAM,20.0,401.6,174.59536314421544,12.798435886765704,0.6172562393965197,401.6,174.59536314421544,12.798435886765704,0.6172562393965197,nonce-5c7a4513fe3be1054abc,True,False,replay,True,1,"{""attack_ended_at"": 20.0, ""case_opened_at"": 20.0, ""lane_id"": ""g10_g11_0"", ""road_id"": ""g10_g11""}"
cam-1001-veh_007-000016,cam-1001-veh_007-000016,case-grid-1001-veh_007-benign,root-5fa44dd5639bfba46bed897a,1001,veh_007,ps-20a8fd281b9c6e27,CAM,24.0,398.4,584.5317317258755,12.520328671981975,-0.20602223123889374,398.4,584.5317317258755,12.520328671981975,-0.20602223123889374,nonce-5fa44dd5639bfba46bed,True,False,benign,False,0,"{""attack_ended_at"": 24.0, ""case_opened_at"": 24.0, ""lane_id"": ""g12_g11_0"", ""road_id"": ""g12_g11""}"
cam-1001-veh_008-000015,cam-1001-veh_008-000015,case-grid-1001-veh_008-certificate_tamper,root-e7c13812f0d1e9183c2e45c9,1001,veh_008,ps-0441a16dd8d22b44,CAM,24.0,247.1153545887195,-1.6,14.4623424282228,-1.1173426300132139,247.1153545887195,-1.6,14.4623424282228,-1.1173426300132139,nonce-e7c13812f0d1e9183c2e,False,False,certificate_tamper,True,0,"{""attack_ended_at"": 76.0, ""case_opened_at"": 24.0, ""lane_id"": ""g00_g10_0"", ""road_id"": ""g00_g10""}"
cam-1001-veh_009-000014,cam-1001-veh_009-000014,case-grid-1001-veh_009-benign,root-9350c535041ef07acc683cbe,1001,veh_009,ps-8e3b87e1d6235c50,CAM,24.0,798.4,591.0231463890002,14.496567464882702,0.01125454515684332,798.4,591.0231463890002,14.496567464882702,0.01125454515684332,nonce-9350c535041ef07acc68,True,False,benign,False,0,"{""attack_ended_at"": 24.0, ""case_opened_at"": 24.0, ""lane_id"": ""g22_g21_0"", ""road_id"": ""g22_g21""}"
cam-1001-veh_010-000013,cam-1001-veh_010-000013,case-grid-1001-veh_010-benign,root-b18b1a7f6ef5a939738efc80,1001,veh_010,ps-bf5c5fe0f587553a,CAM,24.0,204.18250203201774,798.4,14.759901592295497,-0.5806607334315785,204.18250203201774,798.4,14.759901592295497,-0.5806607334315785,nonce-b18b1a7f6ef5a939738e,True,False,benign,False,0,"{""attack_ended_at"": 24.0, ""case_opened_at"": 24.0, ""lane_id"": ""g02_g12_0"", ""road_id"": ""g02_g12""}"
cam-1001-veh_011-000012,cam-1001-veh_011-000012,case-grid-1001-veh_011-benign,root-eabf9a74ed072d5339b0de7e,1001,veh_011,ps-298210176c98c50a,CAM,24.0,801.6,168.19405167064392,13.561785739136583,0.4272860404103991,801.6,168.19405167064392,13.561785739136583,0.4272860404103991,nonce-eabf9a74ed072d5339b0,True,False,benign,False,0,"{""attack_ended_at"": 24.0, ""case_opened_at"": 24.0, ""lane_id"": ""g20_g21_0"", ""road_id"": ""g20_g21""}"
cam-1001-veh_012-000011,cam-1001-veh_012-000011,case-grid-1001-veh_012-benign,root-c3f9ba75279488bac6613a47,1001,veh_012,ps-a2d8503b0d2b7ea8,CAM,24.0,172.79553300176087,398.4,14.8464456175778,-0.059689386435783476,172.79553300176087,398.4,14.8464456175778,-0.059689386435783476,nonce-c3f9ba75279488bac661,True,False,benign,False,0,"{""attack_ended_at"": 24.0, ""case_opened_at"": 24.0, ""lane_id"": ""g01_g11_0"", ""road_id"": ""g01_g11""}"
cam-1001-veh_013-000010,cam-1001-veh_013-000010,case-grid-1001-veh_013-benign,root-1d3c37d29c684103b9624cf6,1001,veh_013,ps-ffb1bac62aa27994,CAM,24.0,655.4180027584549,401.6,13.497536262413913,0.34892894817050646,655.4180027584549,401.6,13.497536262413913,0.34892894817050646,nonce-1d3c37d29c684103b962,True,False,benign,False,0,"{""attack_ended_at"": 24.0, ""case_opened_at"": 24.0, ""lane_id"": ""g21_g11_0"", ""road_id"": ""g21_g11""}"
cam-1001-veh_014-000009,cam-1001-veh_014-000009,case-grid-1001-veh_014-benign,root-189141783a47e7a8b6f7e7fc,1001,veh_014,ps-0c5027fa621fc8a7,CAM,24.0,401.6,134.0567771950287,13.62908670522342,0.18593238337431117,401.6,134.0567771950287,13.62908670522342,0.18593238337431117,nonce-189141783a47e7a8b6f7,True,False,benign,False,0,"{""attack_ended_at"": 24.0, ""case_opened_at"": 24.0, ""lane_id"": ""g10_g11_0"", ""road_id"": ""g10_g11""}"
cam-1001-veh_015-000008,cam-1001-veh_015-000008,case-grid-1001-veh_015-benign,root-2c99fe5a7a03a8f5638201b6,1001,veh_015,ps-43db3038c74a6947,CAM,24.0,398.4,684.2797270938001,13.18507182006734,0.0989227124908929,398.4,684.2797270938001,13.18507182006734,0.0989227124908929,nonce-2c99fe5a7a03a8f56382,True,False,benign,False,0,"{""attack_ended_at"": 24.0, ""case_opened_at"": 24.0, ""lane_id"": ""g12_g11_0"", ""road_id"": ""g12_g11""}"
cam-1001-veh_016-000007,cam-1001-veh_016-000007,case-grid-1001-veh_016-benign,root-20055c6d032365178ca226c2,1001,veh_016,ps-cbbef243035097ce,CAM,24.0,117.81575634563761,-1.6,15.883332506333382,-0.10912433480378247,117.81575634563761,-1.6,15.883332506333382,-0.10912433480378247,nonce-20055c6d032365178ca2,True,False,benign,False,0,"{""attack_ended_at"": 24.0, ""case_opened_at"": 24.0, ""lane_id"": ""g00_g10_0"", ""road_id"": ""g00_g10""}"
cam-1001-veh_017-000006,cam-1001-veh_017-000006,case-grid-1001-veh_017-benign,root-4a1f0a448d870ff96c8c8aa4,1001,veh_017,ps-c4cb9175e03371fc,CAM,24.0,798.4,706.1456652485449,14.160658459001988,-0.27485205725301043,798.4,706.1456652485449,14.160658459001988,-0.27485205725301043,nonce-4a1f0a448d870ff96c8c,True,False,benign,False,0,"{""attack_ended_at"": 24.0, ""case_opened_at"": 24.0, ""lane_id"": ""g22_g21_0"", ""road_id"": ""g22_g21""}"
cam-1001-veh_018-000005,cam-1001-veh_018-000005,case-grid-1001-veh_018-benign,root-2476800326e59b434e5caa41,1001,veh_018,ps-f5eb5907dca15325,CAM,24.0,75.16598537088764,798.4,13.378313728298844,0.31277930631302375,75.16598537088764,798.4,13.378313728298844,0.31277930631302375,nonce-2476800326e59b434e5c,True,False,benign,False,0,"{""attack_ended_at"": 24.0, ""case_opened_at"": 24.0, ""lane_id"": ""g02_g12_0"", ""road_id"": ""g02_g12""}"
cam-1001-veh_019-000004,cam-1001-veh_019-000004,case-grid-1001-veh_019-benign,root-0980fc6bc441792359694785,1001,veh_019,ps-bfc295509368822d,CAM,24.0,801.6,64.44721234261912,14.03499000829509,-0.20698679475579418,801.6,64.44721234261912,14.03499000829509,-0.20698679475579418,nonce-0980fc6bc44179235969,True,False,benign,False,0,"{""attack_ended_at"": 24.0, ""case_opened_at"": 24.0, ""lane_id"": ""g20_g21_0"", ""road_id"": ""g20_g21""}"
cam-1001-veh_020-000003,cam-1001-veh_020-000003,case-grid-1001-veh_020-benign,root-dc18b0292a2dc78e42d1dc74,1001,veh_020,ps-ebb98a241b250d58,CAM,24.0,50.20613911790521,398.4,12.848126211379745,0.4174533247668286,50.20613911790521,398.4,12.848126211379745,0.4174533247668286,nonce-dc18b0292a2dc78e42d1,True,False,benign,False,0,"{""attack_ended_at"": 24.0, ""case_opened_at"": 24.0, ""lane_id"": ""g01_g11_0"", ""road_id"": ""g01_g11""}"
cam-1001-veh_021-000002,cam-1001-veh_021-000002,case-grid-1001-veh_021-benign,root-6b73df300f2ff3e0f70874e8,1001,veh_021,ps-c17e704b00a194fa,CAM,24.0,756.7853139664466,401.6,15.672226634118699,0.42976723468396116,756.7853139664466,401.6,15.672226634118699,0.42976723468396116,nonce-6b73df300f2ff3e0f708,True,False,benign,False,0,"{""attack_ended_at"": 24.0, ""case_opened_at"": 24.0, ""lane_id"": ""g21_g11_0"", ""road_id"": ""g21_g11""}"
cam-1001-veh_022-000001,cam-1001-veh_022-000001,case-grid-1001-veh_022-benign,root-f23d65d6153bec555b918b98,1001,veh_022,ps-37f1e0f2b964b078,CAM,24.0,401.6,26.39537753644865,14.09537753644865,2.09537753644865,401.6,26.39537753644865,14.09537753644865,2.09537753644865,nonce-f23d65d6153bec555b91,True,False,benign,False,0,"{""attack_ended_at"": 24.0, ""case_opened_at"": 24.0, ""lane_id"": ""g10_g11_0"", ""road_id"": ""g10_g11""}"
cam-1001-veh_023-000000,cam-1001-veh_023-000000,case-grid-1001-veh_023-benign,root-ecfd749c1e3a9e28da2588bd,1001,veh_023,ps-88766211387813b1,CAM,24.0,398.4,787.6999999999999,13.0,0.0,398.4,787.6999999999999,13.0,0.0,nonce-ecfd749c1e3a9e28da25,True,False,benign,False,0,"{""attack_ended_at"": 24.0, ""case_opened_at"": 24.0, ""lane_id"": ""g12_g11_0"", ""road_id"": ""g12_g11""}"
cam-1001-veh_000-000024,cam-1001-veh_000-000024,case-grid-1001-veh_000-benign,root-86a1e766d82b1873849a2bc5,1001,veh_000,ps-0b6a8266609a146f,CAM,25.0,285.53172808317476,-1.6,11.797545692266436,0.5136748407315466,285.53172808317476,-1.6,11.797545692266436,0.5136748407315466,nonce-86a1e766d82b1873849a,True,False,benign,False,0,"{""attack_ended_at"": 25.0, ""case_opened_at"": 25.0, ""lane_id"": ""g00_g10_0"", ""road_id"": ""g00_g10""}"
cam-1001-veh_001-000023,cam-1001-veh_001-000023,case-grid-1001-veh_001-benign,root-90afbe3dd79068485fb9bab7,1001,veh_001,ps-11b4aa50327f89a0,CAM,25.0,798.4,500.33864155492864,12.299708175569236,-0.3859769948758185,798.4,500.33864155492864,12.299708175569236,-0.3859769948758185,nonce-90afbe3dd79068485fb9,True,False,benign,False,0,"{""attack_ended_at"": 25.0, ""case_opened_at"": 25.0, ""lane_id"": ""g22_g21_0"", ""road_id"": ""g22_g21""}"
cam-1001-veh_002-000022,cam-1001-veh_002-000022,case-grid-1001-veh_002-position_offset,root-15080053e228eee5557ce519,1001,veh_002,ps-e0bc27433007a32c,CAM,25.0,284.7039406919867,798.4,12.33652303786701,-0.5070887215621767,349.7039406919867,814.65,12.33652303786701,-0.5070887215621767,nonce-15080053e228eee5557c,True,False,position_offset,True,0,"{""attack_ended_at"": 70.0, ""case_opened_at"": 18.0, ""lane_id"": ""g02_g12_0"", ""road_id"": ""g02_g12""}"
cam-1001-veh_003-000021,cam-1001-veh_003-000021,case-grid-1001-veh_003-benign,root-f8bc0f26f9342d6882d8266d,1001,veh_003,ps-13247f0afc865149,CAM,25.0,801.6,274.0230437821913,12.493564445868529,0.1807715640636154,801.6,274.0230437821913,12.493564445868529,0.1807715640636154,nonce-f8bc0f26f9342d6882d8,True,False,benign,False,0,"{""attack_ended_at"": 25.0, ""case_opened_at"": 25.0, ""lane_id"": ""g20_g21_0"", ""road_id"": ""g20_g21""}"
cam-1001-veh_004-000020,cam-1001-veh_004-000020,case-grid-1001-veh_004-speed_offset,root-0c6bc43e80775dd1e1ba983d,1001,veh_004,ps-b7dd5d779d6fb997,CAM,25.0,272.7845514315805,398.4,13.352239144542352,0.39267512707505325,272.7845514315805,398.4,24.352239144542352,0.39267512707505325,nonce-0c6bc43e80775dd1e1ba,True,False,speed_offset,True,0,"{""attack_ended_at"": 72.0, ""case_opened_at"": 20.0, ""lane_id"": ""g01_g11_0"", ""road_id"": ""g01_g11""}"
cam-1001-veh_005-000019,cam-1001-veh_005-000019,case-grid-1001-veh_005-benign,root-4a2c9171c3b9f42cde583274,1001,veh_005,ps-fedb1f4cae953d51,CAM,25.0,543.3762919362857,401.6,13.090713782386265,0.04775955626741002,543.3762919362857,401.6,13.090713782386265,0.04775955626741002,nonce-4a2c9171c3b9f42cde58,True,False,benign,False,0,"{""attack_ended_at"": 25.0, ""case_opened_at"": 25.0, ""lane_id"": ""g21_g11_0"", ""road_id"": ""g21_g11""}"
replay-cam-1001-veh_006-000018,cam-1001-veh_006-000014,case-grid-1001-veh_006-replay,root-faba00bbc28a3744e084f767,1001,veh_006,ps-402cdb4ee382d9ca,CAM,21.0,401.6,186.88279930842586,12.287436164210424,-0.5109997225552796,401.6,186.88279930842586,12.287436164210424,-0.5109997225552796,nonce-faba00bbc28a3744e084,True,False,replay,True,1,"{""attack_ended_at"": 21.0, ""case_opened_at"": 21.0, ""lane_id"": ""g10_g11_0"", ""road_id"": ""g10_g11""}"
cam-1001-veh_007-000017,cam-1001-veh_007-000017,case-grid-1001-veh_007-benign,root-645544886c30288659423d4b,1001,veh_007,ps-20a8fd281b9c6e27,CAM,25.0,398.4,571.9620793508988,12.569652374976709,0.049323702994733765,398.4,571.9620793508988,12.569652374976709,0.049323702994733765,nonce-645544886c3028865942,True,False,benign,False,0,"{""attack_ended_at"": 25.0, ""case_opened_at"": 25.0, ""lane_id"": ""g12_g11_0"", ""road_id"": ""g12_g11""}"
cam-1001-veh_008-000016,cam-1001-veh_008-000016,case-grid-1001-veh_008-certificate_tamper,root-88400277fcbc24b1820afe70,1001,veh_008,ps-0441a16dd8d22b44,CAM,25.0,260.5048072092023,-1.6,13.389452620482809,-1.0728898077399922,260.5048072092023,-1.6,13.389452620482809,-1.0728898077399922,nonce-88400277fcbc24b1820a,False,False,certificate_tamper,True,0,"{""attack_ended_at"": 76.0, ""case_opened_at"": 24.0, ""lane_id"": ""g00_g10_0"", ""road_id"": ""g00_g10""}"
cam-1001-veh_009-000015,cam-1001-veh_009-000015,case-grid-1001-veh_009-benign,root-16933801d65c4b095ba3a7e2,1001,veh_009,ps-8e3b87e1d6235c50,CAM,25.0,798.4,576.541535211291,14.481611177709148,-0.014956287173554017,798.4,576.541535211291,14.481611177709148,-0.014956287173554017,nonce-16933801d65c4b095ba3,True,False,benign,False,0,"{""attack_ended_at"": 25.0, ""case_opened_at"": 25.0, ""lane_id"": ""g22_g21_0"", ""road_id"": ""g22_g21""}"
cam-1001-veh_010-000014,cam-1001-veh_010-000014,case-grid-1001-veh_010-benign,root-9a09c6c6044020b00e83f5d6,1001,veh_010,ps-bf5c5fe0f587553a,CAM,25.0,219.49219813596858,798.4,15.309696103950843,0.549794511655346,219.49219813596858,798.4,15.309696103950843,0.549794511655346,nonce-9a09c6c6044020b00e83,True,False,benign,False,0,"{""attack_ended_at"": 25.0, ""case_opened_at"": 25.0, ""lane_id"": ""g02_g12_0"", ""road_id"": ""g02_g12""}"
cam-1001-veh_011-000013,cam-1001-veh_011-000013,case-grid-1001-veh_011-benign,root-f0f4157e75a931e69ece3087,1001,veh_011,ps-298210176c98c50a,CAM,25.0,801.6,181.69091006244545,13.49685839180155,-0.06492734733503269,801.6,181.69091006244545,13.49685839180155,-0.06492734733503269,nonce-f0f4157e75a931e69ece,True,False,benign,False,0,"{""attack_ended_at"": 25.0, ""case_opened_at"": 25.0, ""lane_id"": ""g20_g21_0"", ""road_id"": ""g20_g21""}"
cam-1001-veh_012-000012,cam-1001-veh_012-000012,case-grid-1001-veh_012-benign,root-4897a7c6f755da08f9725ab5,1001,veh_012,ps-a2d8503b0d2b7ea8,CAM,25.0,187.45060549585867,398.4,14.655072494097793,-0.19137312348000712,187.45060549585867,398.4,14.655072494097793,-0.19137312348000712,nonce-4897a7c6f755da08f972,True,False,benign,False,0,"{""attack_ended_at"": 25.0, ""case_opened_at"": 25.0, ""lane_id"": ""g01_g11_0"", ""road_id"": ""g01_g11""}"
cam-1001-veh_013-000011,cam-1001-veh_013-000011,case-grid-1001-veh_013-benign,root-a393cced3d6eca72ca071422,1001,veh_013,ps-ffb1bac62aa27994,CAM,25.0,642.464055507998,401.6,12.953947250456975,-0.5435890119569375,642.464055507998,401.6,12.953947250456975,-0.5435890119569375,nonce-a393cced3d6eca72ca07,True,False,benign,False,0,"{""attack_ended_at"": 25.0, ""case_opened_at"": 25.0, ""lane_id"": ""g21_g11_0"", ""road_id"": ""g21_g11""}"
cam-1001-veh_014-000010,cam-1001-veh_014-000010,case-grid-1001-veh_014-benign,root-cd2222d2b83b6b98a142819c,1001,veh_014,ps-0c5027fa621fc8a7,CAM,25.0,401.6,147.67213218771616,13.615354992687465,-0.01373171253595551,401.6,147.67213218771616,13.615354992687465,-0.01373171253595551,nonce-cd2222d2b83b6b98a142,True,False,benign,False,0,"{""attack_ended_at"": 25.0, ""case_opened_at"": 25.0, ""lane_id"": ""g10_g11_0"", ""road_id"": ""g10_g11""}"
cam-1001-veh_015-000009,cam-1001-veh_015-000009,case-grid-1001-veh_015-benign,root-a7e171c090b37a933a6f98d6,1001,veh_015,ps-43db3038c74a6947,CAM,25.0,398.4,671.4762980403882,12.803429053411916,-0.38164276665542296,398.4,671.4762980403882,12.803429053411916,-0.38164276665542296,nonce-a7e171c090b37a933a6f,True,False,benign,False,0,"{""attack_ended_at"": 25.0, ""case_opened_at"": 25.0, ""lane_id"": ""g12_g11_0"", ""road_id"": ""g12_g11""}"
cam-1001-veh_016-000008,cam-1001-veh_016-000008,case-grid-1001-veh_016-benign,root-0218aa22ff0e32e5b6c3417c,1001,veh_016,ps-cbbef243035097ce,CAM,25.0,133.88453555079957,-1.6,16.06877920516198,0.1854466988285992,133.88453555079957,-1.6,16.06877920516198,0.1854466988285992,nonce-0218aa22ff0e32e5b6c3,True,False,benign,False,0,"{""attack_ended_at"": 25.0, ""case_opened_at"": 25.0, ""lane_id"": ""g00_g10_0"", ""road_id"": ""g00_g10""}"
cam-1001-veh_017-000007,cam-1001-veh_017-000007,case-grid-1001-veh_017-benign,root-67eeb16e1dbb585cb4a342e8,1001,veh_017,ps-c4cb9175e03371fc,CAM,25.0,798.4,691.7298634808755,14.415801767669455,0.25514330866746704,798.4,691.7298634808755,14.415801767669455,0.25514330866746704,nonce-67eeb16e1dbb585cb4a3,True,False,benign,False,0,"{""attack_ended_at"": 25.0, ""case_opened_at"": 25.0, ""lane_id"": ""g22_g21_0"", ""road_id"": ""g22_g21""}"
cam-1001-veh_018-000006,cam-1001-veh_018-000006,case-grid-1001-veh_018-benign,root-b9057cecb95351143dbee6bd,1001,veh_018,ps-f5eb5907dca15325,CAM,25.0,88.79835192704299,798.4,13.632366556155347,0.25405282785650307,88.79835192704299,798.4,13.632366556155347,0.25405282785650307,nonce-b9057cecb95351143dbe,True,False,benign,False,0,"{""attack_ended_at"": 25.0, ""case_opened_at"": 25.0, ""lane_id"": ""g02_g12_0"", ""road_id"": ""g02_g12""}"
cam-1001-veh_019-000005,cam-1001-veh_019-000005,case-grid-1001-veh_019-benign,root-182024c2dfc0277c0631a0ec,1001,veh_019,ps-bfc295509368822d,CAM,25.0,801.6,78.23813259388108,13.79092025126195,-0.24406975703313982,801.6,78.23813259388108,13.79092025126195,-0.24406975703313982,nonce-182024c2dfc0277c0631,True,False,benign,False,0,"{""attack_ended_at"": 25.0, ""case_opened_at"": 25.0, ""lane_id"": ""g20_g21_0"", ""road_id"": ""g20_g21""}"
cam-1001-veh_020-000004,cam-1001-veh_020-000004,case-grid-1001-veh_020-benign,root-05c5402f72bccdd86aa39b0e,1001,veh_020,ps-ebb98a241b250d58,CAM,25.0,62.59540639225057,398.4,12.389267274345361,-0.45885893703438363,62.59540639225057,398.4,12.389267274345361,-0.45885893703438363,nonce-05c5402f72bccdd86aa3,True,False,benign,False,0,"{""attack_ended_at"": 25.0, ""case_opened_at"": 25.0, ""lane_id"": ""g01_g11_0"", ""road_id"": ""g01_g11""}"
cam-1001-veh_021-000003,cam-1001-veh_021-000003,case-grid-1001-veh_021-benign,root-11af06f6b057098d73ad9bb9,1001,veh_021,ps-c17e704b00a194fa,CAM,25.0,741.6171966573037,401.6,15.16811730914283,-0.5041093249758699,741.6171966573037,401.6,15.16811730914283,-0.5041093249758699,nonce-11af06f6b057098d73ad,True,False,benign,False,0,"{""attack_ended_at"": 25.0, ""case_opened_at"": 25.0, ""lane_id"": ""g21_g11_0"", ""road_id"": ""g21_g11""}"
cam-1001-veh_022-000002,cam-1001-veh_022-000002,case-grid-1001-veh_022-benign,root-028294f194241f62952f613c,1001,veh_022,ps-37f1e0f2b964b078,CAM,25.0,401.6,42.060920499251836,15.665542962803187,1.5701654263545368,401.6,42.060920499251836,15.665542962803187,1.5701654263545368,nonce-028294f194241f62952f,True,False,benign,False,0,"{""attack_ended_at"": 25.0, ""case_opened_at"": 25.0, ""lane_id"": ""g10_g11_0"", ""road_id"": ""g10_g11""}"
cam-1001-veh_023-000001,cam-1001-veh_023-000001,case-grid-1001-veh_023-benign,root-f361373a8df1f02eadbd6704,1001,veh_023,ps-88766211387813b1,CAM,25.0,398.4,774.5473682302581,13.152631769741781,0.15263176974178094,398.4,774.5473682302581,13.152631769741781,0.15263176974178094,nonce-f361373a8df1f02eadbd,True,False,benign,False,0,"{""attack_ended_at"": 25.0, ""case_opened_at"": 25.0, ""lane_id"": ""g12_g11_0"", ""road_id"": ""g12_g11""}"
cam-1001-veh_000-000025,cam-1001-veh_000-000025,case-grid-1001-veh_000-benign,root-8a2db8ade16cf959e6ca28d6,1001,veh_000,ps-0b6a8266609a146f,CAM,26.0,297.33234334870485,-1.6,11.800615265530073,0.0030695732636374373,297.33234334870485,-1.6,11.800615265530073,0.0030695732636374373,nonce-8a2db8ade16cf959e6ca,True,False,benign,False,0,"{""attack_ended_at"": 26.0, ""case_opened_at"": 26.0, ""lane_id"": ""g00_g10_0"", ""road_id"": ""g00_g10""}"
cam-1001-veh_001-000024,cam-1001-veh_001-000024,case-grid-1001-veh_001-benign,root-fffacd738911b9927fa05f7c,1001,veh_001,ps-11b4aa50327f89a0,CAM,26.0,798.4,487.60226457922056,12.736376975708104,0.4366688001388681,798.4,487.60226457922056,12.736376975708104,0.4366688001388681,nonce-fffacd738911b9927fa0,True,False,benign,False,0,"{""attack_ended_at"": 26.0, ""case_opened_at"": 26.0, ""lane_id"": ""g22_g21_0"", ""road_id"": ""g22_g21""}"
cam-1001-veh_002-000023,cam-1001-veh_002-000023,case-grid-1001-veh_002-position_offset,root-b7748eb4e5c0b9c00dd362b3,1001,veh_002,ps-e0bc27433007a32c,CAM,26.0,296.9051851880634,798.4,12.201244496076688,-0.1352785417903224,361.9051851880634,814.65,12.201244496076688,-0.1352785417903224,nonce-b7748eb4e5c0b9c00dd3,True,False,position_offset,True,0,"{""attack_ended_at"": 70.0, ""case_opened_at"": 18.0, ""lane_id"": ""g02_g12_0"", ""road_id"": ""g02_g12""}"
cam-1001-veh_003-000022,cam-1001-veh_003-000022,case-grid-1001-veh_003-benign,root-3dfdd32d4fd9fd7b69ce17dc,1001,veh_003,ps-13247f0afc865149,CAM,26.0,801.6,286.56670677043064,12.543662988239364,0.050098542370834664,801.6,286.56670677043064,12.543662988239364,0.050098542370834664,nonce-3dfdd32d4fd9fd7b69ce,True,False,benign,False,0,"{""attack_ended_at"": 26.0, ""case_opened_at"": 26.0, ""lane_id"": ""g20_g21_0"", ""road_id"": ""g20_g21""}"
cam-1001-veh_004-000021,cam-1001-veh_004-000021,case-grid-1001-veh_004-speed_offset,root-c16ddc1cdba7e065c416a280,1001,veh_004,ps-b7dd5d779d6fb997,CAM,26.0,285.47237318267315,398.4,12.687821751092658,-0.6644173934496944,285.47237318267315,398.4,23.687821751092656,-0.6644173934496944,nonce-c16ddc1cdba7e065c416,True,False,speed_offset,True,0,"{""attack_ended_at"": 72.0, ""case_opened_at"": 20.0, ""lane_id"": ""g01_g11_0"", ""road_id"": ""g01_g11""}"
cam-1001-veh_005-000020,cam-1001-veh_005-000020,case-grid-1001-veh_005-benign,root-21210d982a4611d0bcc09ee6,1001,veh_005,ps-fedb1f4cae953d51,CAM,26.0,530.3883227160644,401.6,12.987969220221386,-0.10274456216487948,530.3883227160644,401.6,12.987969220221386,-0.10274456216487948,nonce-21210d982a4611d0bcc0,True,False,benign,False,0,"{""attack_ended_at"": 26.0, ""case_opened_at"": 26.0, ""lane_id"": ""g21_g11_0"", ""road_id"": ""g21_g11""}"
replay-cam-1001-veh_006-000019,cam-1001-veh_006-000011,case-grid-1001-veh_006-replay,root-55cf5c413e6560d70ca215ff,1001,veh_006,ps-402cdb4ee382d9ca,CAM,18.0,401.6,149.61574761008055,12.427882390090138,0.2817533832695336,401.6,149.61574761008055,12.427882390090138,0.2817533832695336,nonce-55cf5c413e6560d70ca2,True,False,replay,True,2,"{""attack_ended_at"": 18.0, ""case_opened_at"": 18.0, ""lane_id"": ""g10_g11_0"", ""road_id"": ""g10_g11""}"
cam-1001-veh_007-000018,cam-1001-veh_007-000018,case-grid-1001-veh_007-benign,root-bfdd3cdd953ca48566b64e58,1001,veh_007,ps-20a8fd281b9c6e27,CAM,26.0,398.4,559.3830873731322,12.57899197776655,0.009339602789841805,398.4,559.3830873731322,12.57899197776655,0.009339602789841805,nonce-bfdd3cdd953ca48566b6,True,False,benign,False,0,"{""attack_ended_at"": 26.0, ""case_opened_at"": 26.0, ""lane_id"": ""g12_g11_0"", ""road_id"": ""g12_g11""}"
cam-1001-veh_008-000017,cam-1001-veh_008-000017,case-grid-1001-veh_008-certificate_tamper,root-9a5de1fc9e5d64cf45fd6ce9,1001,veh_008,ps-0441a16dd8d22b44,CAM,26.0,273.468543563714,-1.6,12.96373635451167,-0.425716265971138,273.468543563714,-1.6,12.96373635451167,-0.425716265971138,nonce-9a5de1fc9e5d64cf45fd,False,False,certificate_tamper,True,0,"{""attack_ended_at"": 76.0, ""case_opened_at"": 24.0, ""lane_id"": ""g00_g10_0"", ""road_id"": ""g00_g10""}"
cam-1001-veh_009-000016,cam-1001-veh_009-000016,case-grid-1001-veh_009-benign,root-a7503f19f91f409465561a30,1001,veh_009,ps-8e3b87e1d6235c50,CAM,26.0,798.4,562.3634556430528,14.178079568238191,-0.3035316094709568,798.4,562.3634556430528,14.178079568238191,-0.3035316094709568,nonce-a7503f19f91f40946556,True,False,benign,False,0,"{""attack_ended_at"": 26.0, ""case_opened_at"": 26.0, ""lane_id"": ""g22_g21_0"", ""road_id"": ""g22_g21""}"
cam-1001-veh_010-000015-f0,cam-1001-veh_010-000015,case-grid-1001-veh_010-flood,root-fcee4c2c72819fe90a8c9db7,1001,veh_010,ps-bf5c5fe0f587553a,CAM,26.0,234.7304648613242,798.4,15.23826672535564,-0.07142937859520337,234.7304648613242,798.4,15.23826672535564,-0.07142937859520337,nonce-fcee4c2c72819fe90a8c,True,False,flood,True,0,"{""attack_ended_at"": 78.0, ""case_opened_at"": 26.0, ""lane_id"": ""g02_g12_0"", ""road_id"": ""g02_g12""}"
cam-1001-veh_010-000015-f1,cam-1001-veh_010-000015,case-grid-1001-veh_010-flood,root-fcee4c2c72819fe90a8c9db7,1001,veh_010,ps-bf5c5fe0f587553a,CAM,26.0,234.7304648613242,798.4,15.23826672535564,-0.07142937859520337,234.7304648613242,798.4,15.23826672535564,-0.07142937859520337,nonce-fcee4c2c72819fe90a8c,True,False,flood,True,1,"{""attack_ended_at"": 78.0, ""case_opened_at"": 26.0, ""lane_id"": ""g02_g12_0"", ""road_id"": ""g02_g12""}"
cam-1001-veh_010-000015-f2,cam-1001-veh_010-000015,case-grid-1001-veh_010-flood,root-fcee4c2c72819fe90a8c9db7,1001,veh_010,ps-bf5c5fe0f587553a,CAM,26.0,234.7304648613242,798.4,15.23826672535564,-0.07142937859520337,234.7304648613242,798.4,15.23826672535564,-0.07142937859520337,nonce-fcee4c2c72819fe90a8c,True,False,flood,True,2,"{""attack_ended_at"": 78.0, ""case_opened_at"": 26.0, ""lane_id"": ""g02_g12_0"", ""road_id"": ""g02_g12""}"
cam-1001-veh_010-000015-f3,cam-1001-veh_010-000015,case-grid-1001-veh_010-flood,root-fcee4c2c72819fe90a8c9db7,1001,veh_010,ps-bf5c5fe0f587553a,CAM,26.0,234.7304648613242,798.4,15.23826672535564,-0.07142937859520337,234.7304648613242,798.4,15.23826672535564,-0.07142937859520337,nonce-fcee4c2c72819fe90a8c,True,False,flood,True,3,"{""attack_ended_at"": 78.0, ""case_opened_at"": 26.0, ""lane_id"": ""g02_g12_0"", ""road_id"": ""g02_g12""}"
cam-1001-veh_010-000015-f4,cam-1001-veh_010-000015,case-grid-1001-veh_010-flood,root-fcee4c2c72819fe90a8c9db7,1001,veh_010,ps-bf5c5fe0f587553a,CAM,26.0,234.7304648613242,798.4,15.23826672535564,-0.07142937859520337,234.7304648613242,798.4,15.23826672535564,-0.07142937859520337,nonce-fcee4c2c72819fe90a8c,True,False,flood,True,4,"{""attack_ended_at"": 78.0, ""case_opened_at"": 26.0, ""lane_id"": ""g02_g12_0"", ""road_id"": ""g02_g12""}"
cam-1001-veh_011-000014,cam-1001-veh_011-000014,case-grid-1001-veh_011-benign,root-0af7612f36b3d9a481cd7e50,1001,veh_011,ps-298210176c98c50a,CAM,26.0,801.6,195.39396111360549,13.703051051160044,0.20619265935849285,801.6,195.39396111360549,13.703051051160044,0.20619265935849285,nonce-0af7612f36b3d9a481cd,True,False,benign,False,0,"{""attack_ended_at"": 26.0, ""case_opened_at"": 26.0, ""lane_id"": ""g20_g21_0"", ""road_id"": ""g20_g21""}"
cam-1001-veh_012-000013,cam-1001-veh_012-000013,case-grid-1001-veh_012-benign,root-05c1d2a27de734a5e57c24b2,1001,veh_012,ps-a2d8503b0d2b7ea8,CAM,26.0,202.22269280291394,398.4,14.772087307055287,0.11701481295749439,202.22269280291394,398.4,14.772087307055287,0.11701481295749439,nonce-05c1d2a27de734a5e57c,True,False,benign,False,0,"{""attack_ended_at"": 26.0, ""case_opened_at"": 26.0, ""lane_id"": ""g01_g11_0"", ""road_id"": ""g01_g11""}"
cam-1001-veh_013-000012,cam-1001-veh_013-000012,case-grid-1001-veh_013-benign,root-cedac2c2d18b7b80be24bc94,1001,veh_013,ps-ffb1bac62aa27994,CAM,26.0,629.5529297863501,401.6,12.91112572164783,-0.042821528809145804,629.5529297863501,401.6,12.91112572164783,-0.042821528809145804,nonce-cedac2c2d18b7b80be24,True,False,benign,False,0,"{""attack_ended_at"": 26.0, ""case_opened_at"": 26.0, ""lane_id"": ""g21_g11_0"", ""road_id"": ""g21_g11""}"
cam-1001-veh_014-000011,cam-1001-veh_014-000011,case-grid-1001-veh_014-benign,root-a0a5dfc16504e76e0c51166c,1001,veh_014,ps-0c5027fa621fc8a7,CAM,26.0,401.6,160.86431844738144,13.19218625966529,-0.42316873302217495,401.6,160.86431844738144,13.19218625966529,-0.42316873302217495,nonce-a0a5dfc16504e76e0c51,True,False,benign,False,0,"{""attack_ended_at"": 26.0, ""case_opened_at"": 26.0, ""lane_id"": ""g10_g11_0"", ""road_id"": ""g10_g11""}"
cam-1001-veh_015-000010,cam-1001-veh_015-000010,case-grid-1001-veh_015-benign,root-1016888ec4d39b899faffcaf,1001,veh_015,ps-43db3038c74a6947,CAM,26.0,398.4,658.1577550078639,13.318543032524273,0.5151139791123569,398.4,658.1577550078639,13.318543032524273,0.5151139791123569,nonce-1016888ec4d39b899faf,True,False,benign,False,0,"{""attack_ended_at"": 26.0, ""case_opened_at"": 26.0, ""lane_id"": ""g12_g11_0"", ""road_id"": ""g12_g11""}"
cam-1001-veh_016-000009,cam-1001-veh_016-000009,case-grid-1001-veh_016-benign,root-24692a0a7e2c52557d26bb03,1001,veh_016,ps-cbbef243035097ce,CAM,26.0,149.8265651942904,-1.6,15.942029643490814,-0.1267495616711667,149.8265651942904,-1.6,15.942029643490814,-0.1267495616711667,nonce-24692a0a7e2c52557d26,True,False,benign,False,0,"{""attack_ended_at"": 26.0, ""case_opened_at"": 26.0, ""lane_id"": ""g00_g10_0"", ""road_id"": ""g00_g10""}"
cam-1001-veh_017-000008,cam-1001-veh_017-000008,case-grid-1001-veh_017-benign,root-dce5338915c5f8baadd8fc5c,1001,veh_017,ps-c4cb9175e03371fc,CAM,26.0,798.4,677.5658020352073,14.164061445668176,-0.2517403220012788,798.4,677.5658020352073,14.164061445668176,-0.2517403220012788,nonce-dce5338915c5f8baadd8,True,False,benign,False,0,"{""attack_ended_at"": 26.0, ""case_opened_at"": 26.0, ""lane_id"": ""g22_g21_0"", ""road_id"": ""g22_g21""}"
cam-1001-veh_018-000007,cam-1001-veh_018-000007,case-grid-1001-veh_018-benign,root-3eb4a625a4730b5c332b9fd3,1001,veh_018,ps-f5eb5907dca15325,CAM,26.0,102.24241007369933,798.4,13.444058146656342,-0.18830840949900463,102.24241007369933,798.4,13.444058146656342,-0.18830840949900463,nonce-3eb4a625a4730b5c332b,True,False,benign,False,0,"{""attack_ended_at"": 26.0, ""case_opened_at"": 26.0, ""lane_id"": ""g02_g12_0"", ""road_id"": ""g02_g12""}"
cam-1001-veh_019-000006,cam-1001-veh_019-000006,case-grid-1001-veh_019-benign,root-c2b598fd2ff73d5f29d3c86b,1001,veh_019,ps-bfc295509368822d,CAM,26.0,801.6,92.03457086358803,13.79643826970695,0.00551801844500055,801.6,92.03457086358803,13.79643826970695,0.00551801844500055,nonce-c2b598fd2ff73d5f29d3,True,False,benign,False,0,"{""attack_ended_at"": 26.0, ""case_opened_at"": 26.0, ""lane_id"": ""g20_g21_0"", ""road_id"": ""g20_g21""}"
cam-1001-veh_020-000005,cam-1001-veh_020-000005,case-grid-1001-veh_020-benign,root-fd175714004668e63a8375ae,1001,veh_020,ps-ebb98a241b250d58,CAM,26.0,75.58924016552557,398.4,12.993833773274996,0.6045664989296355,75.58924016552557,398.4,12.993833773274996,0.6045664989296355,nonce-fd175714004668e63a83,True,False,benign,False,0,"{""attack_ended_at"": 26.0, ""case_opened_at"": 26.0, ""lane_id"": ""g01_g11_0"", ""road_id"": ""g01_g11""}"
cam-1001-veh_021-000004,cam-1001-veh_021-000004,case-grid-1001-veh_021-benign,root-19c28f9bec47f43f185c72d3,1001,veh_021,ps-c17e704b00a194fa,CAM,26.0,725.7705723892525,401.6,15.84662426805123,0.6785069589084003,725.7705723892525,401.6,15.84662426805123,0.6785069589084003,nonce-19c28f9bec47f43f185c,True,False,benign,False,0,"{""attack_ended_at"": 26.0, ""case_opened_at"": 26.0, ""lane_id"": ""g21_g11_0"", ""road_id"": ""g21_g11""}"
cam-1001-veh_022-000003,cam-1001-veh_022-000003,case-grid-1001-veh_022-benign,root-7fd0f38198a67020b0026366,1001,veh_022,ps-37f1e0f2b964b078,CAM,26.0,401.6,57.92978853518266,15.868868035930822,0.20332507312763504,401.6,57.92978853518266,15.868868035930822,0.20332507312763504,nonce-7fd0f38198a67020b002,True,False,benign,False,0,"{""attack_ended_at"": 26.0, ""case_opened_at"": 26.0, ""lane_id"": ""g10_g11_0"", ""road_id"": ""g10_g11""}"
cam-1001-veh_023-000002,cam-1001-veh_023-000002,case-grid-1001-veh_023-benign,root-03d7782b4cfef449ea05dc73,1001,veh_023,ps-88766211387813b1,CAM,26.0,398.4,761.1342582773456,13.413109952912562,0.26047818317078075,398.4,761.1342582773456,13.413109952912562,0.26047818317078075,nonce-03d7782b4cfef449ea05,True,False,benign,False,0,"{""attack_ended_at"": 26.0, ""case_opened_at"": 26.0, ""lane_id"": ""g12_g11_0"", ""road_id"": ""g12_g11""}"
cam-1001-veh_000-000026,cam-1001-veh_000-000026,case-grid-1001-veh_000-benign,root-98da94b0ea1af02246da6b6f,1001,veh_000,ps-0b6a8266609a146f,CAM,27.0,309.0235976218154,-1.6,11.69125427311054,-0.10936099241953379,309.0235976218154,-1.6,11.69125427311054,-0.10936099241953379,nonce-98da94b0ea1af02246da,True,False,benign,False,0,"{""attack_ended_at"": 27.0, ""case_opened_at"": 27.0, ""lane_id"": ""g00_g10_0"", ""road_id"": ""g00_g10""}"
cam-1001-veh_001-000025,cam-1001-veh_001-000025,case-grid-1001-veh_001-benign,root-dd63c07032b1fc80fa79effc,1001,veh_001,ps-11b4aa50327f89a0,CAM,27.0,798.4,474.92162878076493,12.680635798455612,-0.055741177252492946,798.4,474.92162878076493,12.680635798455612,-0.055741177252492946,nonce-dd63c07032b1fc80fa79,True,False,benign,False,0,"{""attack_ended_at"": 27.0, ""case_opened_at"": 27.0, ""lane_id"": ""g22_g21_0"", ""road_id"": ""g22_g21""}"
cam-1001-veh_002-000024,cam-1001-veh_002-000024,case-grid-1001-veh_002-position_offset,root-2c766f707024a8d3368ecd89,1001,veh_002,ps-e0bc27433007a32c,CAM,27.0,309.5220306791331,798.4,12.61684549106969,0.4156009949930013,374.5220306791331,814.65,12.61684549106969,0.4156009949930013,nonce-2c766f707024a8d3368e,True,False,position_offset,True,0,"{""attack_ended_at"": 70.0, ""case_opened_at"": 18.0, ""lane_id"": ""g02_g12_0"", ""road_id"": ""g02_g12""}"
cam-1001-veh_003-000023,cam-1001-veh_003-000023,case-grid-1001-veh_003-benign,root-1d884245b802988b6b1da520,1001,veh_003,ps-13247f0afc865149,CAM,27.0,801.6,299.2955904352048,12.728883664774171,0.1852206765348079,801.6,299.2955904352048,12.728883664774171,0.1852206765348079,nonce-1d884245b802988b6b1d,True,False,benign,False,0,"{""attack_ended_at"": 27.0, ""case_opened_at"": 27.0, ""lane_id"": ""g20_g21_0"", ""road_id"": ""g20_g21""}"
cam-1001-veh_004-000022,cam-1001-veh_004-000022,case-grid-1001-veh_004-speed_offset,root-8d2b92ad0c4d884f544f0ef1,1001,veh_004,ps-b7dd5d779d6fb997,CAM,27.0,298.3872364221814,398.4,12.91486323950822,0.22704148841556204,298.3872364221814,398.4,23.91486323950822,0.22704148841556204,nonce-8d2b92ad0c4d884f544f,True,False,speed_offset,True,0,"{""attack_ended_at"": 72.0, ""case_opened_at"": 20.0, ""lane_id"": ""g01_g11_0"", ""road_id"": ""g01_g11""}"
cam-1001-veh_005-000021,cam-1001-veh_005-000021,case-grid-1001-veh_005-benign,root-cffb928f4ae04aac4712b3e4,1001,veh_005,ps-fedb1f4cae953d51,CAM,27.0,517.7131877272867,401.6,12.675134988777682,-0.3128342314437038,517.7131877272867,401.6,12.675134988777682,-0.3128342314437038,nonce-cffb928f4ae04aac4712,True,False,benign,False,0,"{""attack_ended_at"": 27.0, ""case_opened_at"": 27.0, ""lane_id"": ""g21_g11_0"", ""road_id"": ""g21_g11""}"
replay-cam-1001-veh_006-000020,cam-1001-veh_006-000012,case-grid-1001-veh_006-replay,root-e685cc25bd7b355fd757e166,1001,veh_006,ps-402cdb4ee382d9ca,CAM,19.0,401.6,161.79692725744974,12.181179647369184,-0.24670274272095405,401.6,161.79692725744974,12.181179647369184,-0.24670274272095405,nonce-e685cc25bd7b355fd757,True,False,replay,True,2,"{""attack_ended_at"": 19.0, ""case_opened_at"": 19.0, ""lane_id"": ""g10_g11_0"", ""road_id"": ""g10_g11""}"
cam-1001-veh_007-000019,cam-1001-veh_007-000019,case-grid-1001-veh_007-benign,root-f83726aab177a47120939f1f,1001,veh_007,ps-20a8fd281b9c6e27,CAM,27.0,398.4,546.6584262738703,12.724661099261999,0.1456691214954482,398.4,546.6584262738703,12.724661099261999,0.1456691214954482,nonce-f83726aab177a4712093,True,False,benign,False,0,"{""attack_ended_at"": 27.0, ""case_opened_at"": 27.0, ""lane_id"": ""g12_g11_0"", ""road_id"": ""g12_g11""}"
cam-1001-veh_008-000018,cam-1001-veh_008-000018,case-grid-1001-veh_008-certificate_tamper,root-b8a6623b3f6a431e39a498e7,1001,veh_008,ps-0441a16dd8d22b44,CAM,27.0,286.67390916365974,-1.6,13.205365599945782,0.2416292454341118,286.67390916365974,-1.6,13.205365599945782,0.2416292454341118,nonce-b8a6623b3f6a431e39a4,False,False,certificate_tamper,True,0,"{""attack_ended_at"": 76.0, ""case_opened_at"": 24.0, ""lane_id"": ""g00_g10_0"", ""road_id"": ""g00_g10""}"
cam-1001-veh_009-000017,cam-1001-veh_009-000017,case-grid-1001-veh_009-benign,root-8cee029227106d58aae4914e,1001,veh_009,ps-8e3b87e1d6235c50,CAM,27.0,798.4,547.8589039002615,14.504551742791392,0.3264721745532011,798.4,547.8589039002615,14.504551742791392,0.3264721745532011,nonce-8cee029227106d58aae4,True,False,benign,False,0,"{""attack_ended_at"": 27.0, ""case_opened_at"": 27.0, ""lane_id"": ""g22_g21_0"", ""road_id"": ""g22_g21""}"
cam-1001-veh_010-000016-f0,cam-1001-veh_010-000016,case-grid-1001-veh_010-flood,root-94326dec11992657e4e77782,1001,veh_010,ps-bf5c5fe0f587553a,CAM,27.0,250.16699849672435,798.4,15.436533635400117,0.19826691004447738,250.16699849672435,798.4,15.436533635400117,0.19826691004447738,nonce-94326dec11992657e4e7,True,False,flood,True,0,"{""attack_ended_at"": 78.0, ""case_opened_at"": 26.0, ""lane_id"": ""g02_g12_0"", ""road_id"": ""g02_g12""}"
cam-1001-veh_010-000016-f1,cam-1001-veh_010-000016,case-grid-1001-veh_010-flood,root-94326dec11992657e4e77782,1001,veh_010,ps-bf5c5fe0f587553a,CAM,27.0,250.16699849672435,798.4,15.436533635400117,0.19826691004447738,250.16699849672435,798.4,15.436533635400117,0.19826691004447738,nonce-94326dec11992657e4e7,True,False,flood,True,1,"{""attack_ended_at"": 78.0, ""case_opened_at"": 26.0, ""lane_id"": ""g02_g12_0"", ""road_id"": ""g02_g12""}"
cam-1001-veh_010-000016-f2,cam-1001-veh_010-000016,case-grid-1001-veh_010-flood,root-94326dec11992657e4e77782,1001,veh_010,ps-bf5c5fe0f587553a,CAM,27.0,250.16699849672435,798.4,15.436533635400117,0.19826691004447738,250.16699849672435,798.4,15.436533635400117,0.19826691004447738,nonce-94326dec11992657e4e7,True,False,flood,True,2,"{""attack_ended_at"": 78.0, ""case_opened_at"": 26.0, ""lane_id"": ""g02_g12_0"", ""road_id"": ""g02_g12""}"
cam-1001-veh_010-000016-f3,cam-1001-veh_010-000016,case-grid-1001-veh_010-flood,root-94326dec11992657e4e77782,1001,veh_010,ps-bf5c5fe0f587553a,CAM,27.0,250.16699849672435,798.4,15.436533635400117,0.19826691004447738,250.16699849672435,798.4,15.436533635400117,0.19826691004447738,nonce-94326dec11992657e4e7,True,False,flood,True,3,"{""attack_ended_at"": 78.0, ""case_opened_at"": 26.0, ""lane_id"": ""g02_g12_0"", ""road_id"": ""g02_g12""}"
cam-1001-veh_010-000016-f4,cam-1001-veh_010-000016,case-grid-1001-veh_010-flood,root-94326dec11992657e4e77782,1001,veh_010,ps-bf5c5fe0f587553a,CAM,27.0,250.16699849672435,798.4,15.436533635400117,0.19826691004447738,250.16699849672435,798.4,15.436533635400117,0.19826691004447738,nonce-94326dec11992657e4e7,True,False,flood,True,4,"{""attack_ended_at"": 78.0, ""case_opened_at"": 26.0, ""lane_id"": ""g02_g12_0"", ""road_id"": ""g02_g12""}"
cam-1001-veh_011-000015,cam-1001-veh_011-000015,case-grid-1001-veh_011-benign,root-9a4843b8b802cbf5a1ec9c47,1001,veh_011,ps-298210176c98c50a,CAM,27.0,801.6,208.5010965591581,13.107135445552602,-0.5959156056074413,801.6,208.5010965591581,13.107135445552602,-0.5959156056074413,nonce-9a4843b8b802cbf5a1ec,True,False,benign,False,0,"{""attack_ended_at"": 27.0, ""case_opened_at"": 27.0, ""lane_id"": ""g20_g21_0"", ""road_id"": ""g20_g21""}"
cam-1001-veh_012-000014,cam-1001-veh_012-000014,case-grid-1001-veh_012-benign,root-1b4e82b483ca79706ec2e9cf,1001,veh_012,ps-a2d8503b0d2b7ea8,CAM,27.0,217.16285738483288,398.4,14.940164581918895,0.16807727486360768,217.16285738483288,398.4,14.940164581918895,0.16807727486360768,nonce-1b4e82b483ca79706ec2,True,False,benign,False,0,"{""attack_ended_at"": 27.0, ""case_opened_at"": 27.0, ""lane_id"": ""g01_g11_0"", ""road_id"": ""g01_g11""}"
cam-1001-veh_013-000013,cam-1001-veh_013-000013,case-grid-1001-veh_013-benign,root-c3ac5a6974b675b61f765a8f,1001,veh_013,ps-ffb1bac62aa27994,CAM,27.0,616.635265231872,401.6,12.917664554478094,0.006538832830264241,616.635265231872,401.6,12.917664554478094,0.006538832830264241,nonce-c3ac5a6974b675b61f76,True,False,benign,False,0,"{""attack_ended_at"": 27.0, ""case_opened_at"": 27.0, ""lane_id"": ""g21_g11_0"", ""road_id"": ""g21_g11""}"
cam-1001-veh_014-000012,cam-1001-veh_014-000012,case-grid-1001-veh_014-benign,root-5f89a6977253dfdceca87d53,1001,veh_014,ps-0c5027fa621fc8a7,CAM,27.0,401.6,174.51416789951634,13.649849452134916,0.45766319246962617,401.6,174.51416789951634,13.649849452134916,0.45766319246962617,nonce-5f89a6977253dfdceca8,True,False,benign,False,0,"{""attack_ended_at"": 27.0, ""case_opened_at"": 27.0, ""lane_id"": ""g10_g11_0"", ""road_id"": ""g10_g11""}"
cam-1001-veh_015-000011,cam-1001-veh_015-000011,case-grid-1001-veh_015-benign,root-9a66450563c577307bb22bc9,1001,veh_015,ps-43db3038c74a6947,CAM,27.0,398.4,645.131804842538,13.025950165325874,-0.2925928671983993,398.4,645.131804842538,13.025950165325874,-0.2925928671983993,nonce-9a66450563c577307bb2,True,False,benign,False,0,"{""attack_ended_at"": 27.0, ""case_opened_at"": 27.0, ""lane_id"": ""g12_g11_0"", ""road_id"": ""g12_g11""}"
cam-1001-veh_016-000010,cam-1001-veh_016-000010,case-grid-1001-veh_016-benign,root-8d25fa2545a00f929a915c4c,1001,veh_016,ps-cbbef243035097ce,CAM,27.0,165.81182157994823,-1.6,15.985256385657841,0.043226742167027155,165.81182157994823,-1.6,15.985256385657841,0.043226742167027155,nonce-8d25fa2545a00f929a91,True,False,benign,False,0,"{""attack_ended_at"": 27.0, ""case_opened_at"": 27.0, ""lane_id"": ""g00_g10_0"", ""road_id"": ""g00_g10""}"
cam-1001-veh_017-000009,cam-1001-veh_017-000009,case-grid-1001-veh_017-benign,root-b3c38f33adbc0f245d819a32,1001,veh_017,ps-c4cb9175e03371fc,CAM,27.0,798.4,663.6479318735577,13.917870161649608,-0.24619128401856827,798.4,663.6479318735577,13.917870161649608,-0.24619128401856827,nonce-b3c38f33adbc0f245d81,True,False,benign,False,0,"{""attack_ended_at"": 27.0, ""case_opened_at"": 27.0, ""lane_id"": ""g22_g21_0"", ""road_id"": ""g22_g21""}"
cam-1001-veh_018-000008,cam-1001-veh_018-000008,case-grid-1001-veh_018-benign,root-5f903ddf28f7d6e0b3882b5c,1001,veh_018,ps-f5eb5907dca15325,CAM,27.0,115.53161226046059,798.4,13.289202186761276,-0.15485595989506606,115.53161226046059,798.4,13.289202186761276,-0.15485595989506606,nonce-5f903ddf28f7d6e0b388,True,False,benign,False,0,"{""attack_ended_at"": 27.0, ""case_opened_at"": 27.0, ""lane_id"": ""g02_g12_0"", ""road_id"": ""g02_g12""}"
cam-1001-veh_019-000007,cam-1001-veh_019-000007,case-grid-1001-veh_019-benign,root-d92cdec0a06bcd408b6b0ba3,1001,veh_019,ps-bfc295509368822d,CAM,27.0,801.6,105.95576067334024,13.921189809752205,0.12475154004525457,801.6,105.95576067334024,13.921189809752205,0.12475154004525457,nonce-d92cdec0a06bcd408b6b,True,False,benign,False,0,"{""attack_ended_at"": 27.0, ""case_opened_at"": 27.0, ""lane_id"": ""g20_g21_0"", ""road_id"": ""g20_g21""}"
cam-1001-veh_020-000006,cam-1001-veh_020-000006,case-grid-1001-veh_020-benign,root-9575641e801ee2e58f74f689,1001,veh_020,ps-ebb98a241b250d58,CAM,27.0,88.2789899271257,398.4,12.689749761600137,-0.30408401167485977,88.2789899271257,398.4,12.689749761600137,-0.30408401167485977,nonce-9575641e801ee2e58f74,True,False,benign,False,0,"{""attack_ended_at"": 27.0, ""case_opened_at"": 27.0, ""lane_id"": ""g01_g11_0"", ""road_id"": ""g01_g11""}"
cam-1001-veh_021-000005,cam-1001-veh_021-000005,case-grid-1001-veh_021-benign,root-b7d839155b87815e7232d5e2,1001,veh_021,ps-c17e704b00a194fa,CAM,27.0,710.1552222850593,401.6,15.615350104193196,-0.2312741638580338,710.1552222850593,401.6,15.615350104193196,-0.2312741638580338,nonce-b7d839155b87815e7232,True,False,benign,False,0,"{""attack_ended_at"": 27.0, ""case_opened_at"": 27.0, ""lane_id"": ""g21_g11_0"", ""road_id"": ""g21_g11""}"
cam-1001-veh_022-000004,cam-1001-veh_022-000004,case-grid-1001-veh_022-benign,root-299fb3b88bfe9a91b3c58572,1001,veh_022,ps-37f1e0f2b964b078,CAM,27.0,401.6,74.02635945734751,16.096570922164858,0.22770288623403623,401.6,74.02635945734751,16.096570922164858,0.22770288623403623,nonce-299fb3b88bfe9a91b3c5,True,False,benign,False,0,"{""attack_ended_at"": 27.0, ""case_opened_at"": 27.0, ""lane_id"": ""g10_g11_0"", ""road_id"": ""g10_g11""}"
cam-1001-veh_023-000003,cam-1001-veh_023-000003,case-grid-1001-veh_023-benign,root-4ba2741d2893252596ae7296,1001,veh_023,ps-88766211387813b1,CAM,27.0,398.4,747.4741717022856,13.660086575060047,0.2469766221474856,398.4,747.4741717022856,13.660086575060047,0.2469766221474856,nonce-4ba2741d2893252596ae,True,False,benign,False,0,"{""attack_ended_at"": 27.0, ""case_opened_at"": 27.0, ""lane_id"": ""g12_g11_0"", ""road_id"": ""g12_g11""}"
cam-1001-veh_000-000027,cam-1001-veh_000-000027,case-grid-1001-veh_000-benign,root-af662fef2992ea3aa59e2634,1001,veh_000,ps-0b6a8266609a146f,CAM,28.0,320.6551478866931,-1.6,11.631550264877738,-0.05970400823280109,320.6551478866931,-1.6,11.631550264877738,-0.05970400823280109,nonce-af662fef2992ea3aa59e,True,False,benign,False,0,"{""attack_ended_at"": 28.0, ""case_opened_at"": 28.0, ""lane_id"": ""g00_g10_0"", ""road_id"": ""g00_g10""}"
cam-1001-veh_001-000026,cam-1001-veh_001-000026,case-grid-1001-veh_001-benign,root-6429b2c1eac6d7ce90b6e001,1001,veh_001,ps-11b4aa50327f89a0,CAM,28.0,798.4,462.32555812783636,12.596070652928598,-0.084565145527014,798.4,462.32555812783636,12.596070652928598,-0.084565145527014,nonce-6429b2c1eac6d7ce90b6,True,False,benign,False,0,"{""attack_ended_at"": 28.0, ""case_opened_at"": 28.0, ""lane_id"": ""g22_g21_0"", ""road_id"": ""g22_g21""}"
cam-1001-veh_002-000025,cam-1001-veh_002-000025,case-grid-1001-veh_002-position_offset,root-3e1d485140f26e04b58d5386,1001,veh_002,ps-e0bc27433007a32c,CAM,28.0,322.14714231283745,798.4,12.625111633704364,0.008266142634674623,387.14714231283745,814.65,12.625111633704364,0.008266142634674623,nonce-3e1d485140f26e04b58d,True,False,position_offset,True,0,"{""attack_ended_at"": 70.0, ""case_opened_at"": 18.0, ""lane_id"": ""g02_g12_0"", ""road_id"": ""g02_g12""}"
cam-1001-veh_003-000024,cam-1001-veh_003-000024,case-grid-1001-veh_003-benign,root-ac8aafe6376412b309dc9502,1001,veh_003,ps-13247f0afc865149,CAM,28.0,801.6,311.9959363735441,12.700345938339293,-0.028537726434878508,801.6,311.9959363735441,12.700345938339293,-0.028537726434878508,nonce-ac8aafe6376412b309dc,True,False,benign,False,0,"{""attack_ended_at"": 28.0, ""case_opened_at"": 28.0, ""lane_id"": ""g20_g21_0"", ""road_id"": ""g20_g21""}"
cam-1001-veh_004-000023,cam-1001-veh_004-000023,case-grid-1001-veh_004-speed_offset,root-8d29deabc93f43c58f407cc2,1001,veh_004,ps-b7dd5d779d6fb997,CAM,28.0,311.0289543789275,398.4,12.641717956746096,-0.27314528276212435,311.0289543789275,398.4,23.641717956746096,-0.27314528276212435,nonce-8d29deabc93f43c58f40,True,False,speed_offset,True,0,"{""attack_ended_at"": 72.0, ""case_opened_at"": 20.0, ""lane_id"": ""g01_g11_0"", ""road_id"": ""g01_g11""}"
cam-1001-veh_005-000022,cam-1001-veh_005-000022,case-grid-1001-veh_005-benign,root-48efc9c8a779ec47b724d7af,1001,veh_005,ps-fedb1f4cae953d51,CAM,28.0,504.4754080392559,401.6,13.237779688030823,0.5626446992531413,504.4754080392559,401.6,13.237779688030823,0.5626446992531413,nonce-48efc9c8a779ec47b724,True,False,benign,False,0,"{""attack_ended_at"": 28.0, ""case_opened_at"": 28.0, ""lane_id"": ""g21_g11_0"", ""road_id"": ""g21_g11""}"
replay-cam-1001-veh_006-000021,cam-1001-veh_006-000013,case-grid-1001-veh_006-replay,root-5c7a4513fe3be1054abc600a,1001,veh_006,ps-402cdb4ee382d9ca,CAM,20.0,401.6,174.59536314421544,12.798435886765704,0.6172562393965197,401.6,174.59536314421544,12.798435886765704,0.6172562393965197,nonce-5c7a4513fe3be1054abc,True,False,replay,True,2,"{""attack_ended_at"": 20.0, ""case_opened_at"": 20.0, ""lane_id"": ""g10_g11_0"", ""road_id"": ""g10_g11""}"
cam-1001-veh_007-000020,cam-1001-veh_007-000020,case-grid-1001-veh_007-benign,root-34ce0674cefb102264f6b208,1001,veh_007,ps-20a8fd281b9c6e27,CAM,28.0,398.4,533.6847596435077,12.973666630362555,0.2490055311005559,398.4,533.6847596435077,12.973666630362555,0.2490055311005559,nonce-34ce0674cefb102264f6,True,False,benign,False,0,"{""attack_ended_at"": 28.0, ""case_opened_at"": 28.0, ""lane_id"": ""g12_g11_0"", ""road_id"": ""g12_g11""}"
cam-1001-veh_008-000019,cam-1001-veh_008-000019,case-grid-1001-veh_008-certificate_tamper,root-370fcc049b99619e1d04242e,1001,veh_008,ps-0441a16dd8d22b44,CAM,28.0,299.2939228184809,-1.6,12.620013654821179,-0.5853519451246036,299.2939228184809,-1.6,12.620013654821179,-0.5853519451246036,nonce-370fcc049b99619e1d04,False,False,certificate_tamper,True,0,"{""attack_ended_at"": 76.0, ""case_opened_at"": 24.0, ""lane_id"": ""g00_g10_0"", ""road_id"": ""g00_g10""}"
cam-1001-veh_009-000018,cam-1001-veh_009-000018,case-grid-1001-veh_009-benign,root-abb5b0d0faea1f8503e79a93,1001,veh_009,ps-8e3b87e1d6235c50,CAM,28.0,798.4,533.5392530284824,14.319650871779032,-0.18490087101235986,798.4,533.5392530284824,14.319650871779032,-0.18490087101235986,nonce-abb5b0d0faea1f8503e7,True,False,benign,False,0,"{""attack_ended_at"": 28.0, ""case_opened_at"": 28.0, ""lane_id"": ""g22_g21_0"", ""road_id"": ""g22_g21""}"
cam-1001-veh_010-000017-f0,cam-1001-veh_010-000017,case-grid-1001-veh_010-flood,root-5786046ffd9b7be355eb66d5,1001,veh_010,ps-bf5c5fe0f587553a,CAM,28.0,265.3876466972706,798.4,15.220648200546272,-0.21588543485384548,265.3876466972706,798.4,15.220648200546272,-0.21588543485384548,nonce-5786046ffd9b7be355eb,True,False,flood,True,0,"{""attack_ended_at"": 78.0, ""case_opened_at"": 26.0, ""lane_id"": ""g02_g12_0"", ""road_id"": ""g02_g12""}"
cam-1001-veh_010-000017-f1,cam-1001-veh_010-000017,case-grid-1001-veh_010-flood,root-5786046ffd9b7be355eb66d5,1001,veh_010,ps-bf5c5fe0f587553a,CAM,28.0,265.3876466972706,798.4,15.220648200546272,-0.21588543485384548,265.3876466972706,798.4,15.220648200546272,-0.21588543485384548,nonce-5786046ffd9b7be355eb,True,False,flood,True,1,"{""attack_ended_at"": 78.0, ""case_opened_at"": 26.0, ""lane_id"": ""g02_g12_0"", ""road_id"": ""g02_g12""}"
cam-1001-veh_010-000017-f2,cam-1001-veh_010-000017,case-grid-1001-veh_010-flood,root-5786046ffd9b7be355eb66d5,1001,veh_010,ps-bf5c5fe0f587553a,CAM,28.0,265.3876466972706,798.4,15.220648200546272,-0.21588543485384548,265.3876466972706,798.4,15.220648200546272,-0.21588543485384548,nonce-5786046ffd9b7be355eb,True,False,flood,True,2,"{""attack_ended_at"": 78.0, ""case_opened_at"": 26.0, ""lane_id"": ""g02_g12_0"", ""road_id"": ""g02_g12""}"
cam-1001-veh_010-000017-f3,cam-1001-veh_010-000017,case-grid-1001-veh_010-flood,root-5786046ffd9b7be355eb66d5,1001,veh_010,ps-bf5c5fe0f587553a,CAM,28.0,265.3876466972706,798.4,15.220648200546272,-0.21588543485384548,265.3876466972706,798.4,15.220648200546272,-0.21588543485384548,nonce-5786046ffd9b7be355eb,True,False,flood,True,3,"{""attack_ended_at"": 78.0, ""case_opened_at"": 26.0, ""lane_id"": ""g02_g12_0"", ""road_id"": ""g02_g12""}"
cam-1001-veh_010-000017-f4,cam-1001-veh_010-000017,case-grid-1001-veh_010-flood,root-5786046ffd9b7be355eb66d5,1001,veh_010,ps-bf5c5fe0f587553a,CAM,28.0,265.3876466972706,798.4,15.220648200546272,-0.21588543485384548,265.3876466972706,798.4,15.220648200546272,-0.21588543485384548,nonce-5786046ffd9b7be355eb,True,False,flood,True,4,"{""attack_ended_at"": 78.0, ""case_opened_at"": 26.0, ""lane_id"": ""g02_g12_0"", ""road_id"": ""g02_g12""}"
cam-1001-veh_011-000016,cam-1001-veh_011-000016,case-grid-1001-veh_011-benign,root-9f7870b1ef418115426d6ede,1001,veh_011,ps-298210176c98c50a,CAM,28.0,801.6,221.75815134987536,13.257054790717273,0.14991934516467076,801.6,221.75815134987536,13.257054790717273,0.14991934516467076,nonce-9f7870b1ef418115426d,True,False,benign,False,0,"{""attack_ended_at"": 28.0, ""case_opened_at"": 28.0, ""lane_id"": ""g20_g21_0"", ""road_id"": ""g20_g21""}"
cam-1001-veh_012-000015,cam-1001-veh_012-000015,case-grid-1001-veh_012-false_denm,root-3c39b7d10eb0a76184ba328d,1001,veh_012,ps-a2d8503b0d2b7ea8,DENM,28.0,232.0046888744618,398.4,14.841831489628918,-0.09833309228997678,232.0046888744618,398.4,14.841831489628918,-0.09833309228997678,nonce-3c39b7d10eb0a76184ba,True,True,false_denm,True,0,"{""attack_ended_at"": 80.0, ""case_opened_at"": 28.0, ""lane_id"": ""g01_g11_0"", ""road_id"": ""g01_g11""}"
cam-1001-veh_013-000014,cam-1001-veh_013-000014,case-grid-1001-veh_013-benign,root-57aaa6e1aa2acbe979485184,1001,veh_013,ps-ffb1bac62aa27994,CAM,28.0,603.4418439806938,401.6,13.193421251178213,0.27575669670011926,603.4418439806938,401.6,13.193421251178213,0.27575669670011926,nonce-57aaa6e1aa2acbe97948,True,False,benign,False,0,"{""attack_ended_at"": 28.0, ""case_opened_at"": 28.0, ""lane_id"": ""g21_g11_0"", ""road_id"": ""g21_g11""}"
cam-1001-veh_014-000013,cam-1001-veh_014-000013,case-grid-1001-veh_014-benign,root-3e266c7ddfcb46a372de31e3,1001,veh_014,ps-0c5027fa621fc8a7,CAM,28.0,401.6,188.24093284345201,13.72676494393567,0.07691549180075441,401.6,188.24093284345201,13.72676494393567,0.07691549180075441,nonce-3e266c7ddfcb46a372de,True,False,benign,False,0,"{""attack_ended_at"": 28.0, ""case_opened_at"": 28.0, ""lane_id"": ""g10_g11_0"", ""road_id"": ""g10_g11""}"
cam-1001-veh_015-000012,cam-1001-veh_015-000012,case-grid-1001-veh_015-benign,root-bdfd0056d59b6ee7a418ddd6,1001,veh_015,ps-43db3038c74a6947,CAM,28.0,398.4,631.89533687021,13.236467972328052,0.21051780700217826,398.4,631.89533687021,13.236467972328052,0.21051780700217826,nonce-bdfd0056d59b6ee7a418,True,False,benign,False,0,"{""attack_ended_at"": 28.0, ""case_opened_at"": 28.0, ""lane_id"": ""g12_g11_0"", ""road_id"": ""g12_g11""}"
cam-1001-veh_016-000011,cam-1001-veh_016-000011,case-grid-1001-veh_016-benign,root-b84d3efe0325477881902cf1,1001,veh_016,ps-cbbef243035097ce,CAM,28.0,181.93594441122383,-1.6,16.124122831275592,0.13886644561775086,181.93594441122383,-1.6,16.124122831275592,0.13886644561775086,nonce-b84d3efe032547788190,True,False,benign,False,0,"{""attack_ended_at"": 28.0, ""case_opened_at"": 28.0, ""lane_id"": ""g00_g10_0"", ""road_id"": ""g00_g10""}"
cam-1001-veh_017-000010,cam-1001-veh_017-000010,case-grid-1001-veh_017-benign,root-b27c88b89fe9c5dfea9df162,1001,veh_017,ps-c4cb9175e03371fc,CAM,28.0,798.4,649.2780148832842,14.369916990273468,0.45204682862386036,798.4,649.2780148832842,14.369916990273468,0.45204682862386036,nonce-b27c88b89fe9c5dfea9d,True,False,benign,False,0,"{""attack_ended_at"": 28.0, ""case_opened_at"": 28.0, ""lane_id"": ""g22_g21_0"", ""road_id"": ""g22_g21""}"
cam-1001-veh_018-000009,cam-1001-veh_018-000009,case-grid-1001-veh_018-benign,root-a0422eb0d916da8b377bbcca,1001,veh_018,ps-f5eb5907dca15325,CAM,28.0,129.25831873705664,798.4,13.726706476596036,0.4375042898347594,129.25831873705664,798.4,13.726706476596036,0.4375042898347594,nonce-a0422eb0d916da8b377b,True,False,benign,False,0,"{""attack_ended_at"": 28.0, ""case_opened_at"": 28.0, ""lane_id"": ""g02_g12_0"", ""road_id"": ""g02_g12""}"
cam-1001-veh_019-000008,cam-1001-veh_019-000008,case-grid-1001-veh_019-benign,root-956d9fcf9e2b9bfeb54f5034,1001,veh_019,ps-bfc295509368822d,CAM,28.0,801.6,120.236179196847,14.28041852350677,0.35922871375456467,801.6,120.236179196847,14.28041852350677,0.35922871375456467,nonce-956d9fcf9e2b9bfeb54f,True,False,benign,False,0,"{""attack_ended_at"": 28.0, ""case_opened_at"": 28.0, ""lane_id"": ""g20_g21_0"", ""road_id"": ""g20_g21""}"
cam-1001-veh_020-000007,cam-1001-veh_020-000007,case-grid-1001-veh_020-benign,root-69fd32e39f889b0422883296,1001,veh_020,ps-ebb98a241b250d58,CAM,28.0,101.14682578695815,398.4,12.867835859832445,0.17808609823230803,101.14682578695815,398.4,12.867835859832445,0.17808609823230803,nonce-69fd32e39f889b042288,True,False,benign,False,0,"{""attack_ended_at"": 28.0, ""case_opened_at"": 28.0, ""lane_id"": ""g01_g11_0"", ""road_id"": ""g01_g11""}"
cam-1001-veh_021-000006,cam-1001-veh_021-000006,case-grid-1001-veh_021-benign,root-9ad7e0948f0d9cc265ef88e1,1001,veh_021,ps-c17e704b00a194fa,CAM,28.0,694.6300787123572,401.6,15.525143572702065,-0.09020653149113045,694.6300787123572,401.6,15.525143572702065,-0.09020653149113045,nonce-9ad7e0948f0d9cc265ef,True,False,benign,False,0,"{""attack_ended_at"": 28.0, ""case_opened_at"": 28.0, ""lane_id"": ""g21_g11_0"", ""road_id"": ""g21_g11""}"
cam-1001-veh_022-000005,cam-1001-veh_022-000005,case-grid-1001-veh_022-benign,root-13dbbe9f458f62763c2f17c7,1001,veh_022,ps-37f1e0f2b964b078,CAM,28.0,401.6,90.20185445979482,16.17549500244731,0.07892408028245157,401.6,90.20185445979482,16.17549500244731,0.07892408028245157,nonce-13dbbe9f458f62763c2f,True,False,benign,False,0,"{""attack_ended_at"": 28.0, ""case_opened_at"": 28.0, ""lane_id"": ""g10_g11_0"", ""road_id"": ""g10_g11""}"
cam-1001-veh_023-000004,cam-1001-veh_023-000004,case-grid-1001-veh_023-benign,root-f89a1148ec35230cc4666383,1001,veh_023,ps-88766211387813b1,CAM,28.0,398.4,734.0570748050403,13.41709689724528,-0.24298967781476755,398.4,734.0570748050403,13.41709689724528,-0.24298967781476755,nonce-f89a1148ec35230cc466,True,False,benign,False,0,"{""attack_ended_at"": 28.0, ""case_opened_at"": 28.0, ""lane_id"": ""g12_g11_0"", ""road_id"": ""g12_g11""}"
cam-1001-veh_000-000028,cam-1001-veh_000-000028,case-grid-1001-veh_000-benign,root-fdd8c129be0a4dc5765fa438,1001,veh_000,ps-0b6a8266609a146f,CAM,29.0,331.9921354126978,-1.6,11.336987526004673,-0.29456273887306494,331.9921354126978,-1.6,11.336987526004673,-0.29456273887306494,nonce-fdd8c129be0a4dc5765f,True,False,benign,False,0,"{""attack_ended_at"": 29.0, ""case_opened_at"": 29.0, ""lane_id"": ""g00_g10_0"", ""road_id"": ""g00_g10""}"
cam-1001-veh_001-000027,cam-1001-veh_001-000027,case-grid-1001-veh_001-benign,root-496ca7000f7c20206eb0f7b9,1001,veh_001,ps-11b4aa50327f89a0,CAM,29.0,798.4,449.65478017756027,12.670777950276085,0.07470729734748716,798.4,449.65478017756027,12.670777950276085,0.07470729734748716,nonce-496ca7000f7c20206eb0,True,False,benign,False,0,"{""attack_ended_at"": 29.0, ""case_opened_at"": 29.0, ""lane_id"": ""g22_g21_0"", ""road_id"": ""g22_g21""}"
cam-1001-veh_002-000026,cam-1001-veh_002-000026,case-grid-1001-veh_002-position_offset,root-6c91455dcff693c3f90f8a7c,1001,veh_002,ps-e0bc27433007a32c,CAM,29.0,334.62310185263027,798.4,12.475959539792822,-0.1491520939115425,399.62310185263027,814.65,12.475959539792822,-0.1491520939115425,nonce-6c91455dcff693c3f90f,True,False,position_offset,True,0,"{""attack_ended_at"": 70.0, ""case_opened_at"": 18.0, ""lane_id"": ""g02_g12_0"", ""road_id"": ""g02_g12""}"
cam-1001-veh_003-000025,cam-1001-veh_003-000025,case-grid-1001-veh_003-benign,root-3bd2c80821b7a424e30f0b31,1001,veh_003,ps-13247f0afc865149,CAM,29.0,801.6,324.97585631551743,12.979919941973336,0.2795740036340426,801.6,324.97585631551743,12.979919941973336,0.2795740036340426,nonce-3bd2c80821b7a424e30f,True,False,benign,False,0,"{""attack_ended_at"": 29.0, ""case_opened_at"": 29.0, ""lane_id"": ""g20_g21_0"", ""road_id"": ""g20_g21""}"
cam-1001-veh_004-000024,cam-1001-veh_004-000024,case-grid-1001-veh_004-speed_offset,root-ae91988b85a84af34ca7dd00,1001,veh_004,ps-b7dd5d779d6fb997,CAM,29.0,323.6316204842203,398.4,12.602666105292835,-0.03905185145326051,323.6316204842203,398.4,23.602666105292833,-0.03905185145326051,nonce-ae91988b85a84af34ca7,True,False,speed_offset,True,0,"{""attack_ended_at"": 72.0, ""case_opened_at"": 20.0, ""lane_id"": ""g01_g11_0"", ""road_id"": ""g01_g11""}"
cam-1001-veh_005-000023,cam-1001-veh_005-000023,case-grid-1001-veh_005-benign,root-fa4f16707468cdd0bbe542e2,1001,veh_005,ps-fedb1f4cae953d51,CAM,29.0,491.28892294743895,401.6,13.186485091816976,-0.05129459621384669,491.28892294743895,401.6,13.186485091816976,-0.05129459621384669,nonce-fa4f16707468cdd0bbe5,True,False,benign,False,0,"{""attack_ended_at"": 29.0, ""case_opened_at"": 29.0, ""lane_id"": ""g21_g11_0"", ""road_id"": ""g21_g11""}"
replay-cam-1001-veh_006-000022,cam-1001-veh_006-000014,case-grid-1001-veh_006-replay,root-faba00bbc28a3744e084f767,1001,veh_006,ps-402cdb4ee382d9ca,CAM,21.0,401.6,186.88279930842586,12.287436164210424,-0.5109997225552796,401.6,186.88279930842586,12.287436164210424,-0.5109997225552796,nonce-faba00bbc28a3744e084,True,False,replay,True,2,"{""attack_ended_at"": 21.0, ""case_opened_at"": 21.0, ""lane_id"": ""g10_g11_0"", ""road_id"": ""g10_g11""}"
cam-1001-veh_007-000021,cam-1001-veh_007-000021,case-grid-1001-veh_007-benign,root-61a22b4b3b6331de0789d479,1001,veh_007,ps-20a8fd281b9c6e27,CAM,29.0,398.4,520.9490103897016,12.735749253806121,-0.23791737655643352,398.4,520.9490103897016,12.735749253806121,-0.23791737655643352,nonce-61a22b4b3b6331de0789,True,False,benign,False,0,"{""attack_ended_at"": 29.0, ""case_opened_at"": 29.0, ""lane_id"": ""g12_g11_0"", ""road_id"": ""g12_g11""}"
cam-1001-veh_008-000020,cam-1001-veh_008-000020,case-grid-1001-veh_008-certificate_tamper,root-f32526b106022eb168cec83c,1001,veh_008,ps-0441a16dd8d22b44,CAM,29.0,311.1720178961522,-1.6,11.87809507767133,-0.741918577149848,311.1720178961522,-1.6,11.87809507767133,-0.741918577149848,nonce-f32526b106022eb168ce,False,False,certificate_tamper,True,0,"{""attack_ended_at"": 76.0, ""case_opened_at"": 24.0, ""lane_id"": ""g00_g10_0"", ""road_id"": ""g00_g10""}"
cam-1001-veh_009-000019,cam-1001-veh_009-000019,case-grid-1001-veh_009-benign,root-61973a2931f72c96fd5ba461,1001,veh_009,ps-8e3b87e1d6235c50,CAM,29.0,798.4,518.9505290421407,14.588723986341812,0.2690731145627794,798.4,518.9505290421407,14.588723986341812,0.2690731145627794,nonce-61973a2931f72c96fd5b,True,False,benign,False,0,"{""attack_ended_at"": 29.0, ""case_opened_at"": 29.0, ""lane_id"": ""g22_g21_0"", ""road_id"": ""g22_g21""}"
cam-1001-veh_010-000018-f0,cam-1001-veh_010-000018,case-grid-1001-veh_010-flood,root-8fd120602500ebf9d644c9bd,1001,veh_010,ps-bf5c5fe0f587553a,CAM,29.0,280.48874802104365,798.4,15.101101323773035,-0.11954687677323683,280.48874802104365,798.4,15.101101323773035,-0.11954687677323683,nonce-8fd120602500ebf9d644,True,False,flood,True,0,"{""attack_ended_at"": 78.0, ""case_opened_at"": 26.0, ""lane_id"": ""g02_g12_0"", ""road_id"": ""g02_g12""}"
cam-1001-veh_010-000018-f1,cam-1001-veh_010-000018,case-grid-1001-veh_010-flood,root-8fd120602500ebf9d644c9bd,1001,veh_010,ps-bf5c5fe0f587553a,CAM,29.0,280.48874802104365,798.4,15.101101323773035,-0.11954687677323683,280.48874802104365,798.4,15.101101323773035,-0.11954687677323683,nonce-8fd120602500ebf9d644,True,False,flood,True,1,"{""attack_ended_at"": 78.0, ""case_opened_at"": 26.0, ""lane_id"": ""g02_g12_0"", ""road_id"": ""g02_g12""}"
cam-1001-veh_010-000018-f2,cam-1001-veh_010-000018,case-grid-1001-veh_010-flood,root-8fd120602500ebf9d644c9bd,1001,veh_010,ps-bf5c5fe0f587553a,CAM,29.0,280.48874802104365,798.4,15.101101323773035,-0.11954687677323683,280.48874802104365,798.4,15.101101323773035,-0.11954687677323683,nonce-8fd120602500ebf9d644,True,False,flood,True,2,"{""attack_ended_at"": 78.0, ""case_opened_at"": 26.0, ""lane_id"": ""g02_g12_0"", ""road_id"": ""g02_g12""}"
cam-1001-veh_010-000018-f3,cam-1001-veh_010-000018,case-grid-1001-veh_010-flood,root-8fd120602500ebf9d644c9bd,1001,veh_010,ps-bf5c5fe0f587553a,CAM,29.0,280.48874802104365,798.4,15.101101323773035,-0.11954687677323683,280.48874802104365,798.4,15.101101323773035,-0.11954687677323683,nonce-8fd120602500ebf9d644,True,False,flood,True,3,"{""attack_ended_at"": 78.0, ""case_opened_at"": 26.0, ""lane_id"": ""g02_g12_0"", ""road_id"": ""g02_g12""}"
cam-1001-veh_010-000018-f4,cam-1001-veh_010-000018,case-grid-1001-veh_010-flood,root-8fd120602500ebf9d644c9bd,1001,veh_010,ps-bf5c5fe0f587553a,CAM,29.0,280.48874802104365,798.4,15.101101323773035,-0.11954687677323683,280.48874802104365,798.4,15.101101323773035,-0.11954687677323683,nonce-8fd120602500ebf9d644,True,False,flood,True,4,"{""attack_ended_at"": 78.0, ""case_opened_at"": 26.0, ""lane_id"": ""g02_g12_0"", ""road_id"": ""g02_g12""}"
cam-1001-veh_011-000017,cam-1001-veh_011-000017,case-grid-1001-veh_011-benign,root-09a4c74b9f60138f9f8bb644,1001,veh_011,ps-298210176c98c50a,CAM,29.0,801.6,234.87481229660656,13.11666094673118,-0.140393843986093,801.6,234.87481229660656,13.11666094673118,-0.140393843986093,nonce-09a4c74b9f60138f9f8b,True,False,benign,False,0,"{""attack_ended_at"": 29.0, ""case_opened_at"": 29.0, ""lane_id"": ""g20_g21_0"", ""road_id"": ""g20_g21""}"
cam-1001-veh_012-000016,cam-1001-veh_012-000016,case-grid-1001-veh_012-false_denm,root-ce6231a09fc1fd05992ae2f0,1001,veh_012,ps-a2d8503b0d2b7ea8,CAM,29.0,246.3904562531709,398.4,14.385767378709085,-0.4560641109198329,246.3904562531709,398.4,14.385767378709085,-0.4560641109198329,nonce-ce6231a09fc1fd05992a,True,False,false_denm,True,0,"{""attack_ended_at"": 80.0, ""case_opened_at"": 28.0, ""lane_id"": ""g01_g11_0"", ""road_id"": ""g01_g11""}"
cam-1001-veh_013-000015,cam-1001-veh_013-000015,case-grid-1001-veh_013-benign,root-009e6cd4d0c30abac79eb939,1001,veh_013,ps-ffb1bac62aa27994,CAM,29.0,590.3817818455847,401.6,13.060062135109172,-0.13335911606904105,590.3817818455847,401.6,13.060062135109172,-0.13335911606904105,nonce-009e6cd4d0c30abac79e,True,False,benign,False,0,"{""attack_ended_at"": 29.0, ""case_opened_at"": 29.0, ""lane_id"": ""g21_g11_0"", ""road_id"": ""g21_g11""}"
cam-1001-veh_014-000014,cam-1001-veh_014-000014,case-grid-1001-veh_014-benign,root-b0f52f1f379242d19867d6fc,1001,veh_014,ps-0c5027fa621fc8a7,CAM,29.0,401.6,201.88992521652526,13.648992373073236,-0.07777257086243416,401.6,201.88992521652526,13.648992373073236,-0.07777257086243416,nonce-b0f52f1f379242d19867,True,False,benign,False,0,"{""attack_ended_at"": 29.0, ""case_opened_at"": 29.0, ""lane_id"": ""g10_g11_0"", ""road_id"": ""g10_g11""}"
cam-1001-veh_015-000013,cam-1001-veh_015-000013,case-grid-1001-veh_015-benign,root-20f694c6b2dec12e4c9cfc47,1001,veh_015,ps-43db3038c74a6947,CAM,29.0,398.4,619.1322588508657,12.763078019344345,-0.4733899529837071,398.4,619.1322588508657,12.763078019344345,-0.4733899529837071,nonce-20f694c6b2dec12e4c9c,True,False,benign,False,0,"{""attack_ended_at"": 29.0, ""case_opened_at"": 29.0, ""lane_id"": ""g12_g11_0"", ""road_id"": ""g12_g11""}"
cam-1001-veh_016-000012,cam-1001-veh_016-000012,case-grid-1001-veh_016-benign,root-f778d944defdf473a84124b0,1001,veh_016,ps-cbbef243035097ce,CAM,29.0,197.88211473903525,-1.6,15.946170327811407,-0.17795250346418534,197.88211473903525,-1.6,15.946170327811407,-0.17795250346418534,nonce-f778d944defdf473a841,True,False,benign,False,0,"{""attack_ended_at"": 29.0, ""case_opened_at"": 29.0, ""lane_id"": ""g00_g10_0"", ""road_id"": ""g00_g10""}"
cam-1001-veh_017-000011,cam-1001-veh_017-000011,case-grid-1001-veh_017-benign,root-671ab552c398980de62c68ef,1001,veh_017,ps-c4cb9175e03371fc,CAM,29.0,798.4,635.0098440323183,14.268170850965962,-0.10174613930750631,798.4,635.0098440323183,14.268170850965962,-0.10174613930750631,nonce-671ab552c398980de62c,True,False,benign,False,0,"{""attack_ended_at"": 29.0, ""case_opened_at"": 29.0, ""lane_id"": ""g22_g21_0"", ""road_id"": ""g22_g21""}"
cam-1001-veh_018-000010,cam-1001-veh_018-000010,case-grid-1001-veh_018-benign,root-b3b71f567f8b9ba34d0a2350,1001,veh_018,ps-f5eb5907dca15325,CAM,29.0,142.46234030329938,798.4,13.204021566242762,-0.5226849103532736,142.46234030329938,798.4,13.204021566242762,-0.5226849103532736,nonce-b3b71f567f8b9ba34d0a,True,False,benign,False,0,"{""attack_ended_at"": 29.0, ""case_opened_at"": 29.0, ""lane_id"": ""g02_g12_0"", ""road_id"": ""g02_g12""}"
cam-1001-veh_019-000009,cam-1001-veh_019-000009,case-grid-1001-veh_019-benign,root-bc32b0eaadf6d0bee4f6a156,1001,veh_019,ps-bfc295509368822d,CAM,29.0,801.6,134.02942755662545,13.793248359778472,-0.48717016372829747,801.6,134.02942755662545,13.793248359778472,-0.48717016372829747,nonce-bc32b0eaadf6d0bee4f6,True,False,benign,False,0,"{""attack_ended_at"": 29.0, ""case_opened_at"": 29.0, ""lane_id"": ""g20_g21_0"", ""road_id"": ""g20_g21""}"
cam-1001-veh_020-000008,cam-1001-veh_020-000008,case-grid-1001-veh_020-benign,root-95a36f0e5cc842d3a1b345a7,1001,veh_020,ps-ebb98a241b250d58,CAM,29.0,113.61089660829657,398.4,12.464070821338423,-0.4037650384940221,113.61089660829657,398.4,12.464070821338423,-0.4037650384940221,nonce-95a36f0e5cc842d3a1b3,True,False,benign,False,0,"{""attack_ended_at"": 29.0, ""case_opened_at"": 29.0, ""lane_id"": ""g01_g11_0"", ""road_id"": ""g01_g11""}"
cam-1001-veh_021-000007,cam-1001-veh_021-000007,case-grid-1001-veh_021-benign,root-d9a636d510a7d539a64eddc0,1001,veh_021,ps-c17e704b00a194fa,CAM,29.0,679.0068937396212,401.6,15.623184972736047,0.09804140003398132,679.0068937396212,401.6,15.623184972736047,0.09804140003398132,nonce-d9a636d510a7d539a64e,True,False,benign,False,0,"{""attack_ended_at"": 29.0, ""case_opened_at"": 29.0, ""lane_id"": ""g21_g11_0"", ""road_id"": ""g21_g11""}"
cam-1001-veh_022-000006,cam-1001-veh_022-000006,case-grid-1001-veh_022-benign,root-f6371d237982e537ae04beed,1001,veh_022,ps-37f1e0f2b964b078,CAM,29.0,401.6,105.90578165398286,15.70392719418803,-0.47156780825928024,401.6,105.90578165398286,15.70392719418803,-0.47156780825928024,nonce-f6371d237982e537ae04,True,False,benign,False,0,"{""attack_ended_at"": 29.0, ""case_opened_at"": 29.0, ""lane_id"": ""g10_g11_0"", ""road_id"": ""g10_g11""}"
cam-1001-veh_023-000005,cam-1001-veh_023-000005,case-grid-1001-veh_023-benign,root-aa59479014f424fd11912f51,1001,veh_023,ps-88766211387813b1,CAM,29.0,398.4,720.4916693046787,13.565405500361592,0.14830860311631255,398.4,720.4916693046787,13.565405500361592,0.14830860311631255,nonce-aa59479014f424fd1191,True,False,benign,False,0,"{""attack_ended_at"": 29.0, ""case_opened_at"": 29.0, ""lane_id"": ""g12_g11_0"", ""road_id"": ""g12_g11""}"
cam-1001-veh_000-000029,cam-1001-veh_000-000029,case-grid-1001-veh_000-benign,root-47810af5d176140dcc70166b,1001,veh_000,ps-0b6a8266609a146f,CAM,30.0,343.40912392623966,-1.6,11.41698851354188,0.08000098753720586,343.40912392623966,-1.6,11.41698851354188,0.08000098753720586,nonce-47810af5d176140dcc70,True,False,benign,False,0,"{""attack_ended_at"": 30.0, ""case_opened_at"": 30.0, ""lane_id"": ""g00_g10_0"", ""road_id"": ""g00_g10""}"
cam-1001-veh_001-000028,cam-1001-veh_001-000028,case-grid-1001-veh_001-benign,root-d1f3cd4e869ef5cd6517bf9a,1001,veh_001,ps-11b4aa50327f89a0,CAM,30.0,798.4,436.7783217761239,12.87645840143638,0.20568045116029587,798.4,436.7783217761239,12.87645840143638,0.20568045116029587,nonce-d1f3cd4e869ef5cd6517,True,False,benign,False,0,"{""attack_ended_at"": 30.0, ""case_opened_at"": 30.0, ""lane_id"": ""g22_g21_0"", ""road_id"": ""g22_g21""}"
cam-1001-veh_002-000027,cam-1001-veh_002-000027,case-grid-1001-veh_002-position_offset,root-42045af75616c3cd5fb842a5,1001,veh_002,ps-e0bc27433007a32c,CAM,30.0,346.84725913885825,798.4,12.224157286228001,-0.25180225356482033,411.84725913885825,814.65,12.224157286228001,-0.25180225356482033,nonce-42045af75616c3cd5fb8,True,False,position_offset,True,0,"{""attack_ended_at"": 70.0, ""case_opened_at"": 18.0, ""lane_id"": ""g02_g12_0"", ""road_id"": ""g02_g12""}"
cam-1001-veh_003-000026,cam-1001-veh_003-000026,case-grid-1001-veh_003-benign,root-c0aedc38f6b85304d511851c,1001,veh_003,ps-13247f0afc865149,CAM,30.0,801.6,337.8268752149716,12.851018899454198,-0.12890104251913748,801.6,337.8268752149716,12.851018899454198,-0.12890104251913748,nonce-c0aedc38f6b85304d511,True,False,benign,False,0,"{""attack_ended_at"": 30.0, ""case_opened_at"": 30.0, ""lane_id"": ""g20_g21_0"", ""road_id"": ""g20_g21""}"
cam-1001-veh_004-000025,cam-1001-veh_004-000025,case-grid-1001-veh_004-speed_offset,root-6f9c5cea234d53995c91da85,1001,veh_004,ps-b7dd5d779d6fb997,CAM,30.0,336.231900996829,398.4,12.600280512608686,-0.0023855926841491737,336.231900996829,398.4,23.600280512608684,-0.0023855926841491737,nonce-6f9c5cea234d53995c91,True,False,speed_offset,True,0,"{""attack_ended_at"": 72.0, ""case_opened_at"": 20.0, ""lane_id"": ""g01_g11_0"", ""road_id"": ""g01_g11""}"
cam-1001-veh_005-000024,cam-1001-veh_005-000024,case-grid-1001-veh_005-benign,root-898b9a48bdf6d6cc46a072ee,1001,veh_005,ps-fedb1f4cae953d51,CAM,30.0,478.59002733928355,401.6,12.6988956081554,-0.4875894836615764,478.59002733928355,401.6,12.6988956081554,-0.4875894836615764,nonce-898b9a48bdf6d6cc46a0,True,False,benign,False,0,"{""attack_ended_at"": 30.0, ""case_opened_at"": 30.0, ""lane_id"": ""g21_g11_0"", ""road_id"": ""g21_g11""}"
replay-cam-1001-veh_006-000023,cam-1001-veh_006-000011,case-grid-1001-veh_006-replay,root-55cf5c413e6560d70ca215ff,1001,veh_006,ps-402cdb4ee382d9ca,CAM,18.0,401.6,149.61574761008055,12.427882390090138,0.2817533832695336,401.6,149.61574761008055,12.427882390090138,0.2817533832695336,nonce-55cf5c413e6560d70ca2,True,False,replay,True,3,"{""attack_ended_at"": 18.0, ""case_opened_at"": 18.0, ""lane_id"": ""g10_g11_0"", ""road_id"": ""g10_g11""}"
cam-1001-veh_007-000022,cam-1001-veh_007-000022,case-grid-1001-veh_007-benign,root-ca251d554806c26eac81a6c0,1001,veh_007,ps-20a8fd281b9c6e27,CAM,30.0,398.4,508.582380132456,12.366630257245548,-0.369118996560573,398.4,508.582380132456,12.366630257245548,-0.369118996560573,nonce-ca251d554806c26eac81,True,False,benign,False,0,"{""attack_ended_at"": 30.0, ""case_opened_at"": 30.0, ""lane_id"": ""g12_g11_0"", ""road_id"": ""g12_g11""}"
cam-1001-veh_008-000021,cam-1001-veh_008-000021,case-grid-1001-veh_008-certificate_tamper,root-364ecb6aff62dea0290e944a,1001,veh_008,ps-0441a16dd8d22b44,CAM,30.0,322.93482746928663,-1.6,11.762809573134405,-0.1152855045369261,322.93482746928663,-1.6,11.762809573134405,-0.1152855045369261,nonce-364ecb6aff62dea0290e,False,False,certificate_tamper,True,0,"{""attack_ended_at"": 76.0, ""case_opened_at"": 24.0, ""lane_id"": ""g00_g10_0"", ""road_id"": ""g00_g10""}"
cam-1001-veh_009-000020,cam-1001-veh_009-000020,case-grid-1001-veh_009-benign,root-56a3b2ad0195a8c62f1a3db4,1001,veh_009,ps-8e3b87e1d6235c50,CAM,30.0,798.4,504.4735924652693,14.476936576871395,-0.11178740947041632,798.4,504.4735924652693,14.476936576871395,-0.11178740947041632,nonce-56a3b2ad0195a8c62f1a,True,False,benign,False,0,"{""attack_ended_at"": 30.0, ""case_opened_at"": 30.0, ""lane_id"": ""g22_g21_0"", ""road_id"": ""g22_g21""}"
cam-1001-veh_010-000019-f0,cam-1001-veh_010-000019,case-grid-1001-veh_010-flood,root-efc748bcc1f7f1b7949b4a1e,1001,veh_010,ps-bf5c5fe0f587553a,CAM,30.0,295.3289684163394,798.4,14.840220395295761,-0.26088092847727395,295.3289684163394,798.4,14.840220395295761,-0.26088092847727395,nonce-efc748bcc1f7f1b7949b,True,False,flood,True,0,"{""attack_ended_at"": 78.0, ""case_opened_at"": 26.0, ""lane_id"": ""g02_g12_0"", ""road_id"": ""g02_g12""}"
cam-1001-veh_010-000019-f1,cam-1001-veh_010-000019,case-grid-1001-veh_010-flood,root-efc748bcc1f7f1b7949b4a1e,1001,veh_010,ps-bf5c5fe0f587553a,CAM,30.0,295.3289684163394,798.4,14.840220395295761,-0.26088092847727395,295.3289684163394,798.4,14.840220395295761,-0.26088092847727395,nonce-efc748bcc1f7f1b7949b,True,False,flood,True,1,"{""attack_ended_at"": 78.0, ""case_opened_at"": 26.0, ""lane_id"": ""g02_g12_0"", ""road_id"": ""g02_g12""}"
cam-1001-veh_010-000019-f2,cam-1001-veh_010-000019,case-grid-1001-veh_010-flood,root-efc748bcc1f7f1b7949b4a1e,1001,veh_010,ps-bf5c5fe0f587553a,CAM,30.0,295.3289684163394,798.4,14.840220395295761,-0.26088092847727395,295.3289684163394,798.4,14.840220395295761,-0.26088092847727395,nonce-efc748bcc1f7f1b7949b,True,False,flood,True,2,"{""attack_ended_at"": 78.0, ""case_opened_at"": 26.0, ""lane_id"": ""g02_g12_0"", ""road_id"": ""g02_g12""}"
cam-1001-veh_010-000019-f3,cam-1001-veh_010-000019,case-grid-1001-veh_010-flood,root-efc748bcc1f7f1b7949b4a1e,1001,veh_010,ps-bf5c5fe0f587553a,CAM,30.0,295.3289684163394,798.4,14.840220395295761,-0.26088092847727395,295.3289684163394,798.4,14.840220395295761,-0.26088092847727395,nonce-efc748bcc1f7f1b7949b,True,False,flood,True,3,"{""attack_ended_at"": 78.0, ""case_opened_at"": 26.0, ""lane_id"": ""g02_g12_0"", ""road_id"": ""g02_g12""}"
cam-1001-veh_010-000019-f4,cam-1001-veh_010-000019,case-grid-1001-veh_010-flood,root-efc748bcc1f7f1b7949b4a1e,1001,veh_010,ps-bf5c5fe0f587553a,CAM,30.0,295.3289684163394,798.4,14.840220395295761,-0.26088092847727395,295.3289684163394,798.4,14.840220395295761,-0.26088092847727395,nonce-efc748bcc1f7f1b7949b,True,False,flood,True,4,"{""attack_ended_at"": 78.0, ""case_opened_at"": 26.0, ""lane_id"": ""g02_g12_0"", ""road_id"": ""g02_g12""}"
cam-1001-veh_011-000018,cam-1001-veh_011-000018,case-grid-1001-veh_011-benign,root-02613e54f50fd61249659b86,1001,veh_011,ps-298210176c98c50a,CAM,30.0,801.6,248.25196347764563,13.377151181039125,0.2604902343079445,801.6,248.25196347764563,13.377151181039125,0.2604902343079445,nonce-02613e54f50fd6124965,True,False,benign,False,0,"{""attack_ended_at"": 30.0, ""case_opened_at"": 30.0, ""lane_id"": ""g20_g21_0"", ""road_id"": ""g20_g21""}"
cam-1001-veh_012-000017,cam-1001-veh_012-000017,case-grid-1001-veh_012-false_denm,root-b5cf6dc69ca9c1e8ff3b6996,1001,veh_012,ps-a2d8503b0d2b7ea8,CAM,30.0,261.16790993516497,398.4,14.777453681994036,0.3916863032849509,261.16790993516497,398.4,14.777453681994036,0.3916863032849509,nonce-b5cf6dc69ca9c1e8ff3b,True,False,false_denm,True,0,"{""attack_ended_at"": 80.0, ""case_opened_at"": 28.0, ""lane_id"": ""g01_g11_0"", ""road_id"": ""g01_g11""}"
cam-1001-veh_013-000016,cam-1001-veh_013-000016,case-grid-1001-veh_013-benign,root-86543bbcef715ee6b21e0dc3,1001,veh_013,ps-ffb1bac62aa27994,CAM,30.0,577.1779162337004,401.6,13.203865611884238,0.14380347677506577,577.1779162337004,401.6,13.203865611884238,0.14380347677506577,nonce-86543bbcef715ee6b21e,True,False,benign,False,0,"{""attack_ended_at"": 30.0, ""case_opened_at"": 30.0, ""lane_id"": ""g21_g11_0"", ""road_id"": ""g21_g11""}"
cam-1001-veh_014-000015-m0,cam-1001-veh_014-000015,case-grid-1001-veh_014-mixed,root-ec3adcc97e78161c63229d5d,1001,veh_014,ps-0c5027fa621fc8a7,DENM,30.0,401.6,215.04915188446284,13.159226667937585,-0.48976570513565143,446.6,224.04915188446284,21.159226667937585,-0.48976570513565143,nonce-ec3adcc97e78161c6322,True,True,mixed,True,0,"{""attack_ended_at"": 82.0, ""case_opened_at"": 30.0, ""lane_id"": ""g10_g11_0"", ""road_id"": ""g10_g11""}"
cam-1001-veh_014-000015-m1,cam-1001-veh_014-000015,case-grid-1001-veh_014-mixed,root-ec3adcc97e78161c63229d5d,1001,veh_014,ps-0c5027fa621fc8a7,DENM,30.0,401.6,215.04915188446284,13.159226667937585,-0.48976570513565143,446.6,224.04915188446284,21.159226667937585,-0.48976570513565143,nonce-ec3adcc97e78161c6322,True,True,mixed,True,1,"{""attack_ended_at"": 82.0, ""case_opened_at"": 30.0, ""lane_id"": ""g10_g11_0"", ""road_id"": ""g10_g11""}"
cam-1001-veh_014-000015-m2,cam-1001-veh_014-000015,case-grid-1001-veh_014-mixed,root-ec3adcc97e78161c63229d5d,1001,veh_014,ps-0c5027fa621fc8a7,DENM,30.0,401.6,215.04915188446284,13.159226667937585,-0.48976570513565143,446.6,224.04915188446284,21.159226667937585,-0.48976570513565143,nonce-ec3adcc97e78161c6322,True,True,mixed,True,2,"{""attack_ended_at"": 82.0, ""case_opened_at"": 30.0, ""lane_id"": ""g10_g11_0"", ""road_id"": ""g10_g11""}"
cam-1001-veh_014-000015-m3,cam-1001-veh_014-000015,case-grid-1001-veh_014-mixed,root-ec3adcc97e78161c63229d5d,1001,veh_014,ps-0c5027fa621fc8a7,DENM,30.0,401.6,215.04915188446284,13.159226667937585,-0.48976570513565143,446.6,224.04915188446284,21.159226667937585,-0.48976570513565143,nonce-ec3adcc97e78161c6322,True,True,mixed,True,3,"{""attack_ended_at"": 82.0, ""case_opened_at"": 30.0, ""lane_id"": ""g10_g11_0"", ""road_id"": ""g10_g11""}"
cam-1001-veh_015-000014,cam-1001-veh_015-000014,case-grid-1001-veh_015-benign,root-93e779477b15e4001ab98a93,1001,veh_015,ps-43db3038c74a6947,CAM,30.0,398.4,606.3719731392791,12.760285711586572,-0.0027923077577725053,398.4,606.3719731392791,12.760285711586572,-0.0027923077577725053,nonce-93e779477b15e4001ab9,True,False,benign,False,0,"{""attack_ended_at"": 30.0, ""case_opened_at"": 30.0, ""lane_id"": ""g12_g11_0"", ""road_id"": ""g12_g11""}"
cam-1001-veh_016-000013,cam-1001-veh_016-000013,case-grid-1001-veh_016-benign,root-fc7aca4faab6490f81d08cbe,1001,veh_016,ps-cbbef243035097ce,CAM,30.0,214.36747316052944,-1.6,16.48535842149416,0.5391880936827516,214.36747316052944,-1.6,16.48535842149416,0.5391880936827516,nonce-fc7aca4faab6490f81d0,True,False,benign,False,0,"{""attack_ended_at"": 30.0, ""case_opened_at"": 30.0, ""lane_id"": ""g00_g10_0"", ""road_id"": ""g00_g10""}"
cam-1001-veh_017-000012,cam-1001-veh_017-000012,case-grid-1001-veh_017-benign,root-95a155c950e54e6507adecc4,1001,veh_017,ps-c4cb9175e03371fc,CAM,30.0,798.4,621.0941657425669,13.915678289751359,-0.3524925612146035,798.4,621.0941657425669,13.915678289751359,-0.3524925612146035,nonce-95a155c950e54e6507ad,True,False,benign,False,0,"{""attack_ended_at"": 30.0, ""case_opened_at"": 30.0, ""lane_id"": ""g22_g21_0"", ""road_id"": ""g22_g21""}"
cam-1001-veh_018-000011,cam-1001-veh_018-000011,case-grid-1001-veh_018-benign,root-ecff5b68d940ada992213662,1001,veh_018,ps-f5eb5907dca15325,CAM,30.0,155.9476033923926,798.4,13.485263089093232,0.2812415228504701,155.9476033923926,798.4,13.485263089093232,0.2812415228504701,nonce-ecff5b68d940ada99221,True,False,benign,False,0,"{""attack_ended_at"": 30.0, ""case_opened_at"": 30.0, ""lane_id"": ""g02_g12_0"", ""road_id"": ""g02_g12""}"
cam-1001-veh_019-000010,cam-1001-veh_019-000010,case-grid-1001-veh_019-benign,root-1941cfc0be1c144b84ac3129,1001,veh_019,ps-bfc295509368822d,CAM,30.0,801.6,147.95998761749865,13.930560060873203,0.13731170109473112,801.6,147.95998761749865,13.930560060873203,0.13731170109473112,nonce-1941cfc0be1c144b84ac,True,False,benign,False,0,"{""attack_ended_at"": 30.0, ""case_opened_at"": 30.0, ""lane_id"": ""g20_g21_0"", ""road_id"": ""g20_g21""}"
cam-1001-veh_020-000009,cam-1001-veh_020-000009,case-grid-1001-veh_020-benign,root-a030acf1564258fde5caffce,1001,veh_020,ps-ebb98a241b250d58,CAM,30.0,126.36358952759008,398.4,12.752692919293509,0.288622097955086,126.36358952759008,398.4,12.752692919293509,0.288622097955086,nonce-a030acf1564258fde5ca,True,False,benign,False,0,"{""attack_ended_at"": 30.0, ""case_opened_at"": 30.0, ""lane_id"": ""g01_g11_0"", ""road_id"": ""g01_g11""}"
cam-1001-veh_021-000008,cam-1001-veh_021-000008,case-grid-1001-veh_021-benign,root-b435f0fbc89994f2a26e740d,1001,veh_021,ps-c17e704b00a194fa,CAM,30.0,663.639281670861,401.6,15.367612068760202,-0.2555729039758443,663.639281670861,401.6,15.367612068760202,-0.2555729039758443,nonce-b435f0fbc89994f2a26e,True,False,benign,False,0,"{""attack_ended_at"": 30.0, ""case_opened_at"": 30.0, ""lane_id"": ""g21_g11_0"", ""road_id"": ""g21_g11""}"
cam-1001-veh_022-000007,cam-1001-veh_022-000007,case-grid-1001-veh_022-benign,root-97d5ff1a31b101910293594c,1001,veh_022,ps-37f1e0f2b964b078,CAM,30.0,401.6,122.00020876496465,16.09442711098181,0.3904999167937788,401.6,122.00020876496465,16.09442711098181,0.3904999167937788,nonce-97d5ff1a31b101910293,True,False,benign,False,0,"{""attack_ended_at"": 30.0, ""case_opened_at"": 30.0, ""lane_id"": ""g10_g11_0"", ""road_id"": ""g10_g11""}"
cam-1001-veh_023-000006,cam-1001-veh_023-000006,case-grid-1001-veh_023-benign,root-09d473c72b10dad5bc78dc8c,1001,veh_023,ps-88766211387813b1,CAM,30.0,398.4,707.324588249263,13.16708105541569,-0.3983244449459029,398.4,707.324588249263,13.16708105541569,-0.3983244449459029,nonce-09d473c72b10dad5bc78,True,False,benign,False,0,"{""attack_ended_at"": 30.0, ""case_opened_at"": 30.0, ""lane_id"": ""g12_g11_0"", ""road_id"": ""g12_g11""}"
cam-1001-veh_000-000030,cam-1001-veh_000-000030,case-grid-1001-veh_000-benign,root-748786c3005337d90ddd5bdd,1001,veh_000,ps-0b6a8266609a146f,CAM,31.0,355.0076180108638,-1.6,11.598494084624113,0.18150557108223353,355.0076180108638,-1.6,11.598494084624113,0.18150557108223353,nonce-748786c3005337d90ddd,True,False,benign,False,0,"{""attack_ended_at"": 31.0, ""case_opened_at"": 31.0, ""lane_id"": ""g00_g10_0"", ""road_id"": ""g00_g10""}"
cam-1001-veh_001-000029,cam-1001-veh_001-000029,case-grid-1001-veh_001-benign,root-a13233fb532a6a11c5c84966,1001,veh_001,ps-11b4aa50327f89a0,CAM,31.0,798.4,424.378981307308,12.399340468815923,-0.4771179326204571,798.4,424.378981307308,12.399340468815923,-0.4771179326204571,nonce-a13233fb532a6a11c5c8,True,False,benign,False,0,"{""attack_ended_at"": 31.0, ""case_opened_at"": 31.0, ""lane_id"": ""g22_g21_0"", ""road_id"": ""g22_g21""}"
cam-1001-veh_002-000028,cam-1001-veh_002-000028,case-grid-1001-veh_002-position_offset,root-7d666c7f77b4399f31cec220,1001,veh_002,ps-e0bc27433007a32c,CAM,31.0,359.5179777801276,798.4,12.67071864126934,0.4465613550413394,424.5179777801276,814.65,12.67071864126934,0.4465613550413394,nonce-7d666c7f77b4399f31ce,True,False,position_offset,True,0,"{""attack_ended_at"": 70.0, ""case_opened_at"": 18.0, ""lane_id"": ""g02_g12_0"", ""road_id"": ""g02_g12""}"
cam-1001-veh_003-000027,cam-1001-veh_003-000027,case-grid-1001-veh_003-benign,root-0a26e62c0745d0316bf128cf,1001,veh_003,ps-13247f0afc865149,CAM,31.0,801.6,350.32960740280566,12.502732187834033,-0.34828671162016533,801.6,350.32960740280566,12.502732187834033,-0.34828671162016533,nonce-0a26e62c0745d0316bf1,True,False,benign,False,0,"{""attack_ended_at"": 31.0, ""case_opened_at"": 31.0, ""lane_id"": ""g20_g21_0"", ""road_id"": ""g20_g21""}"
cam-1001-veh_004-000026,cam-1001-veh_004-000026,case-grid-1001-veh_004-speed_offset,root-c41f387a7eac21e60ec3f5a6,1001,veh_004,ps-b7dd5d779d6fb997,CAM,31.0,349.00810738694173,398.4,12.776206390112737,0.1759258775040511,349.00810738694173,398.4,23.776206390112737,0.1759258775040511,nonce-c41f387a7eac21e60ec3,True,False,speed_offset,True,0,"{""attack_ended_at"": 72.0, ""case_opened_at"": 20.0, ""lane_id"": ""g01_g11_0"", ""road_id"": ""g01_g11""}"
cam-1001-veh_005-000025,cam-1001-veh_005-000025,case-grid-1001-veh_005-benign,root-7dc0434989fc9c61db81d786,1001,veh_005,ps-fedb1f4cae953d51,CAM,31.0,465.6931252193924,401.6,12.896902119891129,0.1980065117357288,465.6931252193924,401.6,12.896902119891129,0.1980065117357288,nonce-7dc0434989fc9c61db81,True,False,benign,False,0,"{""attack_ended_at"": 31.0, ""case_opened_at"": 31.0, ""lane_id"": ""g21_g11_0"", ""road_id"": ""g21_g11""}"
replay-cam-1001-veh_006-000024,cam-1001-veh_006-000012,case-grid-1001-veh_006-replay,root-e685cc25bd7b355fd757e166,1001,veh_006,ps-402cdb4ee382d9ca,CAM,19.0,401.6,161.79692725744974,12.181179647369184,-0.24670274272095405,401.6,161.79692725744974,12.181179647369184,-0.24670274272095405,nonce-e685cc25bd7b355fd757,True,False,replay,True,3,"{""attack_ended_at"": 19.0, ""case_opened_at"": 19.0, ""lane_id"": ""g10_g11_0"", ""road_id"": ""g10_g11""}"
cam-1001-veh_007-000023,cam-1001-veh_007-000023,case-grid-1001-veh_007-benign,root-e445a49dc0a8341662436502,1001,veh_007,ps-20a8fd281b9c6e27,CAM,31.0,398.4,495.85307864764826,12.72930148480779,0.3626712275622417,398.4,495.85307864764826,12.72930148480779,0.3626712275622417,nonce-e445a49dc0a834166243,True,False,benign,False,0,"{""attack_ended_at"": 31.0, ""case_opened_at"": 31.0, ""lane_id"": ""g12_g11_0"", ""road_id"": ""g12_g11""}"
cam-1001-veh_008-000022,cam-1001-veh_008-000022,case-grid-1001-veh_008-certificate_tamper,root-61f682ace85b29f2bf6535dc,1001,veh_008,ps-0441a16dd8d22b44,CAM,31.0,334.75676757577276,-1.6,11.821940106486123,0.05913053335171803,334.75676757577276,-1.6,11.821940106486123,0.05913053335171803,nonce-61f682ace85b29f2bf65,False,False,certificate_tamper,True,0,"{""attack_ended_at"": 76.0, ""case_opened_at"": 24.0, ""lane_id"": ""g00_g10_0"", ""road_id"": ""g00_g10""}"
cam-1001-veh_009-000021,cam-1001-veh_009-000021,case-grid-1001-veh_009-benign,root-03ba122743063244050b9f8a,1001,veh_009,ps-8e3b87e1d6235c50,CAM,31.0,798.4,490.1236134911829,14.349978974086426,-0.12695760278496948,798.4,490.1236134911829,14.349978974086426,-0.12695760278496948,nonce-03ba122743063244050b,True,False,benign,False,0,"{""attack_ended_at"": 31.0, ""case_opened_at"": 31.0, ""lane_id"": ""g22_g21_0"", ""road_id"": ""g22_g21""}"
cam-1001-veh_010-000020-f0,cam-1001-veh_010-000020,case-grid-1001-veh_010-flood,root-0acce9b494574098901e076a,1001,veh_010,ps-bf5c5fe0f587553a,CAM,31.0,310.6367314783349,798.4,15.3077630619955,0.4675426666997389,310.6367314783349,798.4,15.3077630619955,0.4675426666997389,nonce-0acce9b494574098901e,True,False,flood,True,0,"{""attack_ended_at"": 78.0, ""case_opened_at"": 26.0, ""lane_id"": ""g02_g12_0"", ""road_id"": ""g02_g12""}"
cam-1001-veh_010-000020-f1,cam-1001-veh_010-000020,case-grid-1001-veh_010-flood,root-0acce9b494574098901e076a,1001,veh_010,ps-bf5c5fe0f587553a,CAM,31.0,310.6367314783349,798.4,15.3077630619955,0.4675426666997389,310.6367314783349,798.4,15.3077630619955,0.4675426666997389,nonce-0acce9b494574098901e,True,False,flood,True,1,"{""attack_ended_at"": 78.0, ""case_opened_at"": 26.0, ""lane_id"": ""g02_g12_0"", ""road_id"": ""g02_g12""}"
cam-1001-veh_010-000020-f2,cam-1001-veh_010-000020,case-grid-1001-veh_010-flood,root-0acce9b494574098901e076a,1001,veh_010,ps-bf5c5fe0f587553a,CAM,31.0,310.6367314783349,798.4,15.3077630619955,0.4675426666997389,310.6367314783349,798.4,15.3077630619955,0.4675426666997389,nonce-0acce9b494574098901e,True,False,flood,True,2,"{""attack_ended_at"": 78.0, ""case_opened_at"": 26.0, ""lane_id"": ""g02_g12_0"", ""road_id"": ""g02_g12""}"
cam-1001-veh_010-000020-f3,cam-1001-veh_010-000020,case-grid-1001-veh_010-flood,root-0acce9b494574098901e076a,1001,veh_010,ps-bf5c5fe0f587553a,CAM,31.0,310.6367314783349,798.4,15.3077630619955,0.4675426666997389,310.6367314783349,798.4,15.3077630619955,0.4675426666997389,nonce-0acce9b494574098901e,True,False,flood,True,3,"{""attack_ended_at"": 78.0, ""case_opened_at"": 26.0, ""lane_id"": ""g02_g12_0"", ""road_id"": ""g02_g12""}"
cam-1001-veh_010-000020-f4,cam-1001-veh_010-000020,case-grid-1001-veh_010-flood,root-0acce9b494574098901e076a,1001,veh_010,ps-bf5c5fe0f587553a,CAM,31.0,310.6367314783349,798.4,15.3077630619955,0.4675426666997389,310.6367314783349,798.4,15.3077630619955,0.4675426666997389,nonce-0acce9b494574098901e,True,False,flood,True,4,"{""attack_ended_at"": 78.0, ""case_opened_at"": 26.0, ""lane_id"": ""g02_g12_0"", ""road_id"": ""g02_g12""}"
cam-1001-veh_011-000019,cam-1001-veh_011-000019,case-grid-1001-veh_011-benign,root-aaddcdeb1f162b570a3f78ab,1001,veh_011,ps-298210176c98c50a,CAM,31.0,801.6,261.9482558521641,13.696292374518423,0.3191411934792985,801.6,261.9482558521641,13.696292374518423,0.3191411934792985,nonce-aaddcdeb1f162b570a3f,True,False,benign,False,0,"{""attack_ended_at"": 31.0, ""case_opened_at"": 31.0, ""lane_id"": ""g20_g21_0"", ""road_id"": ""g20_g21""}"
cam-1001-veh_012-000018,cam-1001-veh_012-000018,case-grid-1001-veh_012-false_denm,root-c86c4f3afc551cf3b98f3821,1001,veh_012,ps-a2d8503b0d2b7ea8,CAM,31.0,275.6424114026376,398.4,14.47450146747268,-0.30295221452135657,275.6424114026376,398.4,14.47450146747268,-0.30295221452135657,nonce-c86c4f3afc551cf3b98f,True,False,false_denm,True,0,"{""attack_ended_at"": 80.0, ""case_opened_at"": 28.0, ""lane_id"": ""g01_g11_0"", ""road_id"": ""g01_g11""}"
cam-1001-veh_013-000017,cam-1001-veh_013-000017,case-grid-1001-veh_013-benign,root-8dccbbd792e763ff5afa5c18,1001,veh_013,ps-ffb1bac62aa27994,CAM,31.0,563.6930270718524,401.6,13.484889161847958,0.28102354996372014,563.6930270718524,401.6,13.484889161847958,0.28102354996372014,nonce-8dccbbd792e763ff5afa,True,False,benign,False,0,"{""attack_ended_at"": 31.0, ""case_opened_at"": 31.0, ""lane_id"": ""g21_g11_0"", ""road_id"": ""g21_g11""}"
cam-1001-veh_014-000016-m0,cam-1001-veh_014-000016,case-grid-1001-veh_014-mixed,root-8c8b9204e632591bbf189605,1001,veh_014,ps-0c5027fa621fc8a7,DENM,31.0,401.6,228.7197835324443,13.670631647981466,0.5114049800438814,446.6,237.7197835324443,21.670631647981466,0.5114049800438814,nonce-8c8b9204e632591bbf18,True,True,mixed,True,0,"{""attack_ended_at"": 82.0, ""case_opened_at"": 30.0, ""lane_id"": ""g10_g11_0"", ""road_id"": ""g10_g11""}"
cam-1001-veh_014-000016-m1,cam-1001-veh_014-000016,case-grid-1001-veh_014-mixed,root-8c8b9204e632591bbf189605,1001,veh_014,ps-0c5027fa621fc8a7,DENM,31.0,401.6,228.7197835324443,13.670631647981466,0.5114049800438814,446.6,237.7197835324443,21.670631647981466,0.5114049800438814,nonce-8c8b9204e632591bbf18,True,True,mixed,True,1,"{""attack_ended_at"": 82.0, ""case_opened_at"": 30.0, ""lane_id"": ""g10_g11_0"", ""road_id"": ""g10_g11""}"
cam-1001-veh_014-000016-m2,cam-1001-veh_014-000016,case-grid-1001-veh_014-mixed,root-8c8b9204e632591bbf189605,1001,veh_014,ps-0c5027fa621fc8a7,DENM,31.0,401.6,228.7197835324443,13.670631647981466,0.5114049800438814,446.6,237.7197835324443,21.670631647981466,0.5114049800438814,nonce-8c8b9204e632591bbf18,True,True,mixed,True,2,"{""attack_ended_at"": 82.0, ""case_opened_at"": 30.0, ""lane_id"": ""g10_g11_0"", ""road_id"": ""g10_g11""}"
cam-1001-veh_014-000016-m3,cam-1001-veh_014-000016,case-grid-1001-veh_014-mixed,root-8c8b9204e632591bbf189605,1001,veh_014,ps-0c5027fa621fc8a7,DENM,31.0,401.6,228.7197835324443,13.670631647981466,0.5114049800438814,446.6,237.7197835324443,21.670631647981466,0.5114049800438814,nonce-8c8b9204e632591bbf18,True,True,mixed,True,3,"{""attack_ended_at"": 82.0, ""case_opened_at"": 30.0, ""lane_id"": ""g10_g11_0"", ""road_id"": ""g10_g11""}"
cam-1001-veh_015-000015,cam-1001-veh_015-000015,case-grid-1001-veh_015-benign,root-a6b658739703f665244039cd,1001,veh_015,ps-43db3038c74a6947,CAM,31.0,398.4,593.0248893536427,13.347083785636448,0.5867980740498755,398.4,593.0248893536427,13.347083785636448,0.5867980740498755,nonce-a6b658739703f6652440,True,False,benign,False,0,"{""attack_ended_at"": 31.0, ""case_opened_at"": 31.0, ""lane_id"": ""g12_g11_0"", ""road_id"": ""g12_g11""}"
cam-1001-veh_016-000014,cam-1001-veh_016-000014,case-grid-1001-veh_016-benign,root-67b41983e541d9cf3e395771,1001,veh_016,ps-cbbef243035097ce,CAM,31.0,230.69920085727404,-1.6,16.33172769674463,-0.15363072474952943,230.69920085727404,-1.6,16.33172769674463,-0.15363072474952943,nonce-67b41983e541d9cf3e39,True,False,benign,False,0,"{""attack_ended_at"": 31.0, ""case_opened_at"": 31.0, ""lane_id"": ""g00_g10_0"", ""road_id"": ""g00_g10""}"
cam-1001-veh_017-000013,cam-1001-veh_017-000013,case-grid-1001-veh_017-benign,root-2add98953fc24fb94cab9f80,1001,veh_017,ps-c4cb9175e03371fc,CAM,31.0,798.4,607.2568914772592,13.83727426530777,-0.07840402444358929,798.4,607.2568914772592,13.83727426530777,-0.07840402444358929,nonce-2add98953fc24fb94cab,True,False,benign,False,0,"{""attack_ended_at"": 31.0, ""case_opened_at"": 31.0, ""lane_id"": ""g22_g21_0"", ""road_id"": ""g22_g21""}"
cam-1001-veh_018-000012,cam-1001-veh_018-000012,case-grid-1001-veh_018-benign,root-3f038e9a2f0ba097a9493187,1001,veh_018,ps-f5eb5907dca15325,CAM,31.0,169.38475624962157,798.4,13.437152857228966,-0.048110231864265884,169.38475624962157,798.4,13.437152857228966,-0.048110231864265884,nonce-3f038e9a2f0ba097a949,True,False,benign,False,0,"{""attack_ended_at"": 31.0, ""case_opened_at"": 31.0, ""lane_id"": ""g02_g12_0"", ""road_id"": ""g02_g12""}"
cam-1001-veh_019-000011,cam-1001-veh_019-000011,case-grid-1001-veh_019-benign,root-fcba6163202f8e3548ae833e,1001,veh_019,ps-bfc295509368822d,CAM,31.0,801.6,162.3387129831444,14.37872536564576,0.4481653047725569,801.6,162.3387129831444,14.37872536564576,0.4481653047725569,nonce-fcba6163202f8e3548ae,True,False,benign,False,0,"{""attack_ended_at"": 31.0, ""case_opened_at"": 31.0, ""lane_id"": ""g20_g21_0"", ""road_id"": ""g20_g21""}"
cam-1001-veh_020-000010,cam-1001-veh_020-000010,case-grid-1001-veh_020-benign,root-f232fb3b387363387911a2e1,1001,veh_020,ps-ebb98a241b250d58,CAM,31.0,139.18241540880962,398.4,12.81882588121956,0.06613296192605134,139.18241540880962,398.4,12.81882588121956,0.06613296192605134,nonce-f232fb3b387363387911,True,False,benign,False,0,"{""attack_ended_at"": 31.0, ""case_opened_at"": 31.0, ""lane_id"": ""g01_g11_0"", ""road_id"": ""g01_g11""}"
cam-1001-veh_021-000009,cam-1001-veh_021-000009,case-grid-1001-veh_021-benign,root-a6bf719ece1125d6cfb9e42a,1001,veh_021,ps-c17e704b00a194fa,CAM,31.0,648.0878612635238,401.6,15.55142040733713,0.18380833857692735,648.0878612635238,401.6,15.55142040733713,0.18380833857692735,nonce-a6bf719ece1125d6cfb9,True,False,benign,False,0,"{""attack_ended_at"": 31.0, ""case_opened_at"": 31.0, ""lane_id"": ""g21_g11_0"", ""road_id"": ""g21_g11""}"
cam-1001-veh_022-000008,cam-1001-veh_022-000008,case-grid-1001-veh_022-benign,root-5627cf9d4b626a84ba327b3f,1001,veh_022,ps-37f1e0f2b964b078,CAM,31.0,401.6,138.2543315930847,16.254122828120046,0.15969571713823782,401.6,138.2543315930847,16.254122828120046,0.15969571713823782,nonce-5627cf9d4b626a84ba32,True,False,benign,False,0,"{""attack_ended_at"": 31.0, ""case_opened_at"": 31.0, ""lane_id"": ""g10_g11_0"", ""road_id"": ""g10_g11""}"
cam-1001-veh_023-000007,cam-1001-veh_023-000007,case-grid-1001-veh_023-benign,root-679e578c942374a8940ed832,1001,veh_023,ps-88766211387813b1,CAM,31.0,398.4,693.8361793745772,13.488408874685772,0.321327819270083,398.4,693.8361793745772,13.488408874685772,0.321327819270083,nonce-679e578c942374a8940e,True,False,benign,False,0,"{""attack_ended_at"": 31.0, ""case_opened_at"": 31.0, ""lane_id"": ""g12_g11_0"", ""road_id"": ""g12_g11""}"
cam-1001-veh_000-000031,cam-1001-veh_000-000031,case-grid-1001-veh_000-benign,root-1c7a65d7c5b16e62a2dbbe2a,1001,veh_000,ps-0b6a8266609a146f,CAM,32.0,366.6136746595079,-1.6,11.606056648644158,0.0075625640200449595,366.6136746595079,-1.6,11.606056648644158,0.0075625640200449595,nonce-1c7a65d7c5b16e62a2db,True,False,benign,False,0,"{""attack_ended_at"": 32.0, ""case_opened_at"": 32.0, ""lane_id"": ""g00_g10_0"", ""road_id"": ""g00_g10""}"
cam-1001-veh_001-000030,cam-1001-veh_001-000030,case-grid-1001-veh_001-benign,root-40d321a1b01e9858eb7de0c7,1001,veh_001,ps-11b4aa50327f89a0,CAM,32.0,798.4,411.47650983346847,12.90247147383953,0.5031310050236062,798.4,411.47650983346847,12.90247147383953,0.5031310050236062,nonce-40d321a1b01e9858eb7d,True,False,benign,False,0,"{""attack_ended_at"": 32.0, ""case_opened_at"": 32.0, ""lane_id"": ""g22_g21_0"", ""road_id"": ""g22_g21""}"
cam-1001-veh_002-000029,cam-1001-veh_002-000029,case-grid-1001-veh_002-position_offset,root-101924d8db8aac0e6f8f37e2,1001,veh_002,ps-e0bc27433007a32c,CAM,32.0,371.7082913545128,798.4,12.190313574385218,-0.48040506688412243,436.7082913545128,814.65,12.190313574385218,-0.48040506688412243,nonce-101924d8db8aac0e6f8f,True,False,position_offset,True,0,"{""attack_ended_at"": 70.0, ""case_opened_at"": 18.0, ""lane_id"": ""g02_g12_0"", ""road_id"": ""g02_g12""}"
cam-1001-veh_003-000028,cam-1001-veh_003-000028,case-grid-1001-veh_003-benign,root-399a8bcb0d68aad922821615,1001,veh_003,ps-13247f0afc865149,CAM,32.0,801.6,362.5660532088353,12.236445806029648,-0.2662863818043846,801.6,362.5660532088353,12.236445806029648,-0.2662863818043846,nonce-399a8bcb0d68aad92282,True,False,benign,False,0,"{""attack_ended_at"": 32.0, ""case_opened_at"": 32.0, ""lane_id"": ""g20_g21_0"", ""road_id"": ""g20_g21""}"
cam-1001-veh_004-000027,cam-1001-veh_004-000027,case-grid-1001-veh_004-speed_offset,root-f4639fc265baa667a6605585,1001,veh_004,ps-b7dd5d779d6fb997,CAM,32.0,362.1164659750162,398.4,13.10835858807443,0.33215219796169393,362.1164659750162,398.4,24.10835858807443,0.33215219796169393,nonce-f4639fc265baa667a660,True,False,speed_offset,True,0,"{""attack_ended_at"": 72.0, ""case_opened_at"": 20.0, ""lane_id"": ""g01_g11_0"", ""road_id"": ""g01_g11""}"
cam-1001-veh_005-000026,cam-1001-veh_005-000026,case-grid-1001-veh_005-benign,root-a1a7ea6aee059efb1276d90f,1001,veh_005,ps-fedb1f4cae953d51,CAM,32.0,452.569861665484,401.6,13.123263553908437,0.22636143401730813,452.569861665484,401.6,13.123263553908437,0.22636143401730813,nonce-a1a7ea6aee059efb1276,True,False,benign,False,0,"{""attack_ended_at"": 32.0, ""case_opened_at"": 32.0, ""lane_id"": ""g21_g11_0"", ""road_id"": ""g21_g11""}"
replay-cam-1001-veh_006-000025,cam-1001-veh_006-000013,case-grid-1001-veh_006-replay,root-5c7a4513fe3be1054abc600a,1001,veh_006,ps-402cdb4ee382d9ca,CAM,20.0,401.6,174.59536314421544,12.798435886765704,0.6172562393965197,401.6,174.59536314421544,12.798435886765704,0.6172562393965197,nonce-5c7a4513fe3be1054abc,True,False,replay,True,3,"{""attack_ended_at"": 20.0, ""case_opened_at"": 20.0, ""lane_id"": ""g10_g11_0"", ""road_id"": ""g10_g11""}"
cam-1001-veh_007-000024,cam-1001-veh_007-000024,case-grid-1001-veh_007-benign,root-b9694891fad2b30c5ee5c468,1001,veh_007,ps-20a8fd281b9c6e27,CAM,32.0,398.4,483.27770695694056,12.575371690707676,-0.15392979410011343,398.4,483.27770695694056,12.575371690707676,-0.15392979410011343,nonce-b9694891fad2b30c5ee5,True,False,benign,False,0,"{""attack_ended_at"": 32.0, ""case_opened_at"": 32.0, ""lane_id"": ""g12_g11_0"", ""road_id"": ""g12_g11""}"
cam-1001-veh_008-000023,cam-1001-veh_008-000023,case-grid-1001-veh_008-certificate_tamper,root-4ea9859b0d6a3934e8396d15,1001,veh_008,ps-0441a16dd8d22b44,CAM,32.0,346.36135843445226,-1.6,11.604590858679526,-0.21734924780659703,346.36135843445226,-1.6,11.604590858679526,-0.21734924780659703,nonce-4ea9859b0d6a3934e839,False,False,certificate_tamper,True,0,"{""attack_ended_at"": 76.0, ""case_opened_at"": 24.0, ""lane_id"": ""g00_g10_0"", ""road_id"": ""g00_g10""}"
cam-1001-veh_009-000022,cam-1001-veh_009-000022,case-grid-1001-veh_009-benign,root-5e9139f47b3a222f8b9fd170,1001,veh_009,ps-8e3b87e1d6235c50,CAM,32.0,798.4,475.6660506845792,14.457562806603693,0.10758383251726755,798.4,475.6660506845792,14.457562806603693,0.10758383251726755,nonce-5e9139f47b3a222f8b9f,True,False,benign,False,0,"{""attack_ended_at"": 32.0, ""case_opened_at"": 32.0, ""lane_id"": ""g22_g21_0"", ""road_id"": ""g22_g21""}"
cam-1001-veh_010-000021-f0,cam-1001-veh_010-000021,case-grid-1001-veh_010-flood,root-c3bb2050235fbe7215cd2827,1001,veh_010,ps-bf5c5fe0f587553a,CAM,32.0,325.56508667792883,798.4,14.928355199593932,-0.37940786240156754,325.56508667792883,798.4,14.928355199593932,-0.37940786240156754,nonce-c3bb2050235fbe7215cd,True,False,flood,True,0,"{""attack_ended_at"": 78.0, ""case_opened_at"": 26.0, ""lane_id"": ""g02_g12_0"", ""road_id"": ""g02_g12""}"
cam-1001-veh_010-000021-f1,cam-1001-veh_010-000021,case-grid-1001-veh_010-flood,root-c3bb2050235fbe7215cd2827,1001,veh_010,ps-bf5c5fe0f587553a,CAM,32.0,325.56508667792883,798.4,14.928355199593932,-0.37940786240156754,325.56508667792883,798.4,14.928355199593932,-0.37940786240156754,nonce-c3bb2050235fbe7215cd,True,False,flood,True,1,"{""attack_ended_at"": 78.0, ""case_opened_at"": 26.0, ""lane_id"": ""g02_g12_0"", ""road_id"": ""g02_g12""}"
cam-1001-veh_010-000021-f2,cam-1001-veh_010-000021,case-grid-1001-veh_010-flood,root-c3bb2050235fbe7215cd2827,1001,veh_010,ps-bf5c5fe0f587553a,CAM,32.0,325.56508667792883,798.4,14.928355199593932,-0.37940786240156754,325.56508667792883,798.4,14.928355199593932,-0.37940786240156754,nonce-c3bb2050235fbe7215cd,True,False,flood,True,2,"{""attack_ended_at"": 78.0, ""case_opened_at"": 26.0, ""lane_id"": ""g02_g12_0"", ""road_id"": ""g02_g12""}"
cam-1001-veh_010-000021-f3,cam-1001-veh_010-000021,case-grid-1001-veh_010-flood,root-c3bb2050235fbe7215cd2827,1001,veh_010,ps-bf5c5fe0f587553a,CAM,32.0,325.56508667792883,798.4,14.928355199593932,-0.37940786240156754,325.56508667792883,798.4,14.928355199593932,-0.37940786240156754,nonce-c3bb2050235fbe7215cd,True,False,flood,True,3,"{""attack_ended_at"": 78.0, ""case_opened_at"": 26.0, ""lane_id"": ""g02_g12_0"", ""road_id"": ""g02_g12""}"
cam-1001-veh_010-000021-f4,cam-1001-veh_010-000021,case-grid-1001-veh_010-flood,root-c3bb2050235fbe7215cd2827,1001,veh_010,ps-bf5c5fe0f587553a,CAM,32.0,325.56508667792883,798.4,14.928355199593932,-0.37940786240156754,325.56508667792883,798.4,14.928355199593932,-0.37940786240156754,nonce-c3bb2050235fbe7215cd,True,False,flood,True,4,"{""attack_ended_at"": 78.0, ""case_opened_at"": 26.0, ""lane_id"": ""g02_g12_0"", ""road_id"": ""g02_g12""}"
cam-1001-veh_011-000020,cam-1001-veh_011-000020,case-grid-1001-veh_011-benign,root-9ab087648a42ce05ca2eddf5,1001,veh_011,ps-298210176c98c50a,CAM,32.0,801.6,275.21294598554175,13.264690133377634,-0.43160224114078893,801.6,275.21294598554175,13.264690133377634,-0.43160224114078893,nonce-9ab087648a42ce05ca2e,True,False,benign,False,0,"{""attack_ended_at"": 32.0, ""case_opened_at"": 32.0, ""lane_id"": ""g20_g21_0"", ""road_id"": ""g20_g21""}"
cam-1001-veh_012-000019,cam-1001-veh_012-000019,case-grid-1001-veh_012-false_denm,root-e9b798b78731f8747f31c6fe,1001,veh_012,ps-a2d8503b0d2b7ea8,CAM,32.0,289.9014418791992,398.4,14.259030476561554,-0.21547099091112543,289.9014418791992,398.4,14.259030476561554,-0.21547099091112543,nonce-e9b798b78731f8747f31,True,False,false_denm,True,0,"{""attack_ended_at"": 80.0, ""case_opened_at"": 28.0, ""lane_id"": ""g01_g11_0"", ""road_id"": ""g01_g11""}"
cam-1001-veh_013-000018,cam-1001-veh_013-000018,case-grid-1001-veh_013-benign,root-62473086b2f42726131cfd12,1001,veh_013,ps-ffb1bac62aa27994,CAM,32.0,550.3012490067274,401.6,13.391778065124953,-0.0931110967230051,550.3012490067274,401.6,13.391778065124953,-0.0931110967230051,nonce-62473086b2f42726131c,True,False,benign,False,0,"{""attack_ended_at"": 32.0, ""case_opened_at"": 32.0, ""lane_id"": ""g21_g11_0"", ""road_id"": ""g21_g11""}"
cam-1001-veh_014-000017-m0,cam-1001-veh_014-000017,case-grid-1001-veh_014-mixed,root-a8dccd3198c89746ca5b3442,1001,veh_014,ps-0c5027fa621fc8a7,DENM,32.0,401.6,242.05354982172852,13.333766289284215,-0.336865358697251,446.6,251.05354982172852,21.333766289284213,-0.336865358697251,nonce-a8dccd3198c89746ca5b,True,True,mixed,True,0,"{""attack_ended_at"": 82.0, ""case_opened_at"": 30.0, ""lane_id"": ""g10_g11_0"", ""road_id"": ""g10_g11""}"
cam-1001-veh_014-000017-m1,cam-1001-veh_014-000017,case-grid-1001-veh_014-mixed,root-a8dccd3198c89746ca5b3442,1001,veh_014,ps-0c5027fa621fc8a7,DENM,32.0,401.6,242.05354982172852,13.333766289284215,-0.336865358697251,446.6,251.05354982172852,21.333766289284213,-0.336865358697251,nonce-a8dccd3198c89746ca5b,True,True,mixed,True,1,"{""attack_ended_at"": 82.0, ""case_opened_at"": 30.0, ""lane_id"": ""g10_g11_0"", ""road_id"": ""g10_g11""}"
cam-1001-veh_014-000017-m2,cam-1001-veh_014-000017,case-grid-1001-veh_014-mixed,root-a8dccd3198c89746ca5b3442,1001,veh_014,ps-0c5027fa621fc8a7,DENM,32.0,401.6,242.05354982172852,13.333766289284215,-0.336865358697251,446.6,251.05354982172852,21.333766289284213,-0.336865358697251,nonce-a8dccd3198c89746ca5b,True,True,mixed,True,2,"{""attack_ended_at"": 82.0, ""case_opened_at"": 30.0, ""lane_id"": ""g10_g11_0"", ""road_id"": ""g10_g11""}"
cam-1001-veh_014-000017-m3,cam-1001-veh_014-000017,case-grid-1001-veh_014-mixed,root-a8dccd3198c89746ca5b3442,1001,veh_014,ps-0c5027fa621fc8a7,DENM,32.0,401.6,242.05354982172852,13.333766289284215,-0.336865358697251,446.6,251.05354982172852,21.333766289284213,-0.336865358697251,nonce-a8dccd3198c89746ca5b,True,True,mixed,True,3,"{""attack_ended_at"": 82.0, ""case_opened_at"": 30.0, ""lane_id"": ""g10_g11_0"", ""road_id"": ""g10_g11""}"
cam-1001-veh_015-000016,cam-1001-veh_015-000016,case-grid-1001-veh_015-benign,root-139b4b538de4b8bd4682b65b,1001,veh_015,ps-43db3038c74a6947,CAM,32.0,398.4,579.8158802854393,13.209009068203256,-0.13807471743319155,398.4,579.8158802854393,13.209009068203256,-0.13807471743319155,nonce-139b4b538de4b8bd4682,True,False,benign,False,0,"{""attack_ended_at"": 32.0, ""case_opened_at"": 32.0, ""lane_id"": ""g12_g11_0"", ""road_id"": ""g12_g11""}"
cam-1001-veh_016-000015,cam-1001-veh_016-000015,case-grid-1001-veh_016-benign,root-4b97948d3900bcb80c6692b2,1001,veh_016,ps-cbbef243035097ce,CAM,32.0,246.63808101820823,-1.6,15.938880160934197,-0.3928475358104322,246.63808101820823,-1.6,15.938880160934197,-0.3928475358104322,nonce-4b97948d3900bcb80c66,True,False,benign,False,0,"{""attack_ended_at"": 32.0, ""case_opened_at"": 32.0, ""lane_id"": ""g00_g10_0"", ""road_id"": ""g00_g10""}"
cam-1001-veh_017-000014,cam-1001-veh_017-000014,case-grid-1001-veh_017-benign,root-c761b16b67ad4a36447bcc88,1001,veh_017,ps-c4cb9175e03371fc,CAM,32.0,798.4,593.0441207595238,14.21277071773524,0.37549645242746976,798.4,593.0441207595238,14.21277071773524,0.37549645242746976,nonce-c761b16b67ad4a36447b,True,False,benign,False,0,"{""attack_ended_at"": 32.0, ""case_opened_at"": 32.0, ""lane_id"": ""g22_g21_0"", ""road_id"": ""g22_g21""}"
cam-1001-veh_018-000013,cam-1001-veh_018-000013,case-grid-1001-veh_018-benign,root-ac83203d4ecd9c4c96a23dad,1001,veh_018,ps-f5eb5907dca15325,CAM,32.0,183.19135928031235,798.4,13.806603030690775,0.369450173461809,183.19135928031235,798.4,13.806603030690775,0.369450173461809,nonce-ac83203d4ecd9c4c96a2,True,False,benign,False,0,"{""attack_ended_at"": 32.0, ""case_opened_at"": 32.0, ""lane_id"": ""g02_g12_0"", ""road_id"": ""g02_g12""}"
cam-1001-veh_019-000012,cam-1001-veh_019-000012,case-grid-1001-veh_019-benign,root-69927b2058d8c6b6dc224805,1001,veh_019,ps-bfc295509368822d,CAM,32.0,801.6,176.49034866236383,14.151635679219426,-0.22708968642633387,801.6,176.49034866236383,14.151635679219426,-0.22708968642633387,nonce-69927b2058d8c6b6dc22,True,False,benign,False,0,"{""attack_ended_at"": 32.0, ""case_opened_at"": 32.0, ""lane_id"": ""g20_g21_0"", ""road_id"": ""g20_g21""}"
cam-1001-veh_020-000011,cam-1001-veh_020-000011,case-grid-1001-veh_020-benign,root-19874dca3294fff293681a3f,1001,veh_020,ps-ebb98a241b250d58,CAM,32.0,151.63521694714672,398.4,12.452801538337113,-0.36602434288244723,151.63521694714672,398.4,12.452801538337113,-0.36602434288244723,nonce-19874dca3294fff29368,True,False,benign,False,0,"{""attack_ended_at"": 32.0, ""case_opened_at"": 32.0, ""lane_id"": ""g01_g11_0"", ""road_id"": ""g01_g11""}"
cam-1001-veh_021-000010,cam-1001-veh_021-000010,case-grid-1001-veh_021-benign,root-a8cbdce7af79ca1efc65b48d,1001,veh_021,ps-c17e704b00a194fa,CAM,32.0,632.6475130554196,401.6,15.440348208104254,-0.11107219923287559,632.6475130554196,401.6,15.440348208104254,-0.11107219923287559,nonce-a8cbdce7af79ca1efc65,True,False,benign,False,0,"{""attack_ended_at"": 32.0, ""case_opened_at"": 32.0, ""lane_id"": ""g21_g11_0"", ""road_id"": ""g21_g11""}"
cam-1001-veh_022-000009,cam-1001-veh_022-000009,case-grid-1001-veh_022-benign,root-83847c3ead9300196531c145,1001,veh_022,ps-37f1e0f2b964b078,CAM,32.0,401.6,154.54186480733122,16.287533214246537,0.03341038612649072,401.6,154.54186480733122,16.287533214246537,0.03341038612649072,nonce-83847c3ead9300196531,True,False,benign,False,0,"{""attack_ended_at"": 32.0, ""case_opened_at"": 32.0, ""lane_id"": ""g10_g11_0"", ""road_id"": ""g10_g11""}"
cam-1001-veh_023-000008,cam-1001-veh_023-000008,case-grid-1001-veh_023-benign,root-0bd1782be2c114ca2f875711,1001,veh_023,ps-88766211387813b1,CAM,32.0,398.4,680.6219631904288,13.21421618414846,-0.274192690537312,398.4,680.6219631904288,13.21421618414846,-0.274192690537312,nonce-0bd1782be2c114ca2f87,True,False,benign,False,0,"{""attack_ended_at"": 32.0, ""case_opened_at"": 32.0, ""lane_id"": ""g12_g11_0"", ""road_id"": ""g12_g11""}"
cam-1001-veh_000-000032,cam-1001-veh_000-000032,case-grid-1001-veh_000-benign,root-21ca2558ef6aba2d90399c9f,1001,veh_000,ps-0b6a8266609a146f,CAM,33.0,378.3877036292666,-1.6,11.77402896975866,0.16797232111450278,378.3877036292666,-1.6,11.77402896975866,0.16797232111450278,nonce-21ca2558ef6aba2d9039,True,False,benign,False,0,"{""attack_ended_at"": 33.0, ""case_opened_at"": 33.0, ""lane_id"": ""g00_g10_0"", ""road_id"": ""g00_g10""}"
cam-1001-veh_001-000031,cam-1001-veh_001-000031,case-grid-1001-veh_001-benign,root-591088e5f4dd6f84c4b4618c,1001,veh_001,ps-11b4aa50327f89a0,CAM,33.0,798.4,398.587812030673,12.888697802795493,-0.013773671044036817,798.4,398.587812030673,12.888697802795493,-0.013773671044036817,nonce-591088e5f4dd6f84c4b4,True,False,benign,False,0,"{""attack_ended_at"": 33.0, ""case_opened_at"": 33.0, ""lane_id"": "":g21_1_0"", ""road_id"": "":g21_1""}"
cam-1001-veh_002-000030,cam-1001-veh_002-000030,case-grid-1001-veh_002-position_offset,root-ec5680610a4956a204699535,1001,veh_002,ps-e0bc27433007a32c,CAM,33.0,384.56779498055613,798.4,12.859503626043297,0.6691900516580791,449.56779498055613,814.65,12.859503626043297,0.6691900516580791,nonce-ec5680610a4956a20469,True,False,position_offset,True,0,"{""attack_ended_at"": 70.0, ""case_opened_at"": 18.0, ""lane_id"": ""g02_g12_0"", ""road_id"": ""g02_g12""}"
cam-1001-veh_003-000029,cam-1001-veh_003-000029,case-grid-1001-veh_003-benign,root-6e9928600058c57bf1fcb2a9,1001,veh_003,ps-13247f0afc865149,CAM,33.0,801.6,375.1084824743022,12.542429265466915,0.30598345943726635,801.6,375.1084824743022,12.542429265466915,0.30598345943726635,nonce-6e9928600058c57bf1fc,True,False,benign,False,0,"{""attack_ended_at"": 33.0, ""case_opened_at"": 33.0, ""lane_id"": ""g20_g21_0"", ""road_id"": ""g20_g21""}"
cam-1001-veh_004-000028,cam-1001-veh_004-000028,case-grid-1001-veh_004-speed_offset,root-00aac1c37a2786b2871fcdce,1001,veh_004,ps-b7dd5d779d6fb997,CAM,33.0,375.25169370826603,398.4,13.135227733249874,0.02686914517544281,375.25169370826603,398.4,24.135227733249874,0.02686914517544281,nonce-00aac1c37a2786b2871f,True,False,speed_offset,True,0,"{""attack_ended_at"": 72.0, ""case_opened_at"": 20.0, ""lane_id"": ""g01_g11_0"", ""road_id"": ""g01_g11""}"
cam-1001-veh_005-000027,cam-1001-veh_005-000027,case-grid-1001-veh_005-benign,root-ca69382cd40a945b973e152f,1001,veh_005,ps-fedb1f4cae953d51,CAM,33.0,439.54702046148765,401.6,13.022841203996324,-0.10042234991211352,439.54702046148765,401.6,13.022841203996324,-0.10042234991211352,nonce-ca69382cd40a945b973e,True,False,benign,False,0,"{""attack_ended_at"": 33.0, ""case_opened_at"": 33.0, ""lane_id"": ""g21_g11_0"", ""road_id"": ""g21_g11""}"
replay-cam-1001-veh_006-000026,cam-1001-veh_006-000014,case-grid-1001-veh_006-replay,root-faba00bbc28a3744e084f767,1001,veh_006,ps-402cdb4ee382d9ca,CAM,21.0,401.6,186.88279930842586,12.287436164210424,-0.5109997225552796,401.6,186.88279930842586,12.287436164210424,-0.5109997225552796,nonce-faba00bbc28a3744e084,True,False,replay,True,3,"{""attack_ended_at"": 21.0, ""case_opened_at"": 21.0, ""lane_id"": ""g10_g11_0"", ""road_id"": ""g10_g11""}"
cam-1001-veh_007-000025,cam-1001-veh_007-000025,case-grid-1001-veh_007-benign,root-fcb8b9e30645aab704d2d1e5,1001,veh_007,ps-20a8fd281b9c6e27,CAM,33.0,398.4,470.9831869876985,12.294519969242089,-0.2808517214655879,398.4,470.9831869876985,12.294519969242089,-0.2808517214655879,nonce-fcb8b9e30645aab704d2,True,False,benign,False,0,"{""attack_ended_at"": 33.0, ""case_opened_at"": 33.0, ""lane_id"": ""g12_g11_0"", ""road_id"": ""g12_g11""}"
cam-1001-veh_008-000024,cam-1001-veh_008-000024,case-grid-1001-veh_008-certificate_tamper,root-c2e3389811a202b642fb52cd,1001,veh_008,ps-0441a16dd8d22b44,CAM,33.0,358.11734578663226,-1.6,11.755987352180007,0.15139649350048145,358.11734578663226,-1.6,11.755987352180007,0.15139649350048145,nonce-c2e3389811a202b642fb,False,False,certificate_tamper,True,0,"{""attack_ended_at"": 76.0, ""case_opened_at"": 24.0, ""lane_id"": ""g00_g10_0"", ""road_id"": ""g00_g10""}"
cam-1001-veh_009-000023,cam-1001-veh_009-000023,case-grid-1001-veh_009-benign,root-1694feaa527256aa86771511,1001,veh_009,ps-8e3b87e1d6235c50,CAM,33.0,798.4,461.1698717988602,14.496178885719003,0.038616079115309176,798.4,461.1698717988602,14.496178885719003,0.038616079115309176,nonce-1694feaa527256aa8677,True,False,benign,False,0,"{""attack_ended_at"": 33.0, ""case_opened_at"": 33.0, ""lane_id"": ""g22_g21_0"", ""road_id"": ""g22_g21""}"
cam-1001-veh_010-000022-f0,cam-1001-veh_010-000022,case-grid-1001-veh_010-flood,root-c18fdeb6026533202756760e,1001,veh_010,ps-bf5c5fe0f587553a,CAM,33.0,341.08397211218653,798.4,15.51888543425768,0.5905302346637473,341.08397211218653,798.4,15.51888543425768,0.5905302346637473,nonce-c18fdeb6026533202756,True,False,flood,True,0,"{""attack_ended_at"": 78.0, ""case_opened_at"": 26.0, ""lane_id"": ""g02_g12_0"", ""road_id"": ""g02_g12""}"
cam-1001-veh_010-000022-f1,cam-1001-veh_010-000022,case-grid-1001-veh_010-flood,root-c18fdeb6026533202756760e,1001,veh_010,ps-bf5c5fe0f587553a,CAM,33.0,341.08397211218653,798.4,15.51888543425768,0.5905302346637473,341.08397211218653,798.4,15.51888543425768,0.5905302346637473,nonce-c18fdeb6026533202756,True,False,flood,True,1,"{""attack_ended_at"": 78.0, ""case_opened_at"": 26.0, ""lane_id"": ""g02_g12_0"", ""road_id"": ""g02_g12""}"
cam-1001-veh_010-000022-f2,cam-1001-veh_010-000022,case-grid-1001-veh_010-flood,root-c18fdeb6026533202756760e,1001,veh_010,ps-bf5c5fe0f587553a,CAM,33.0,341.08397211218653,798.4,15.51888543425768,0.5905302346637473,341.08397211218653,798.4,15.51888543425768,0.5905302346637473,nonce-c18fdeb6026533202756,True,False,flood,True,2,"{""attack_ended_at"": 78.0, ""case_opened_at"": 26.0, ""lane_id"": ""g02_g12_0"", ""road_id"": ""g02_g12""}"
cam-1001-veh_010-000022-f3,cam-1001-veh_010-000022,case-grid-1001-veh_010-flood,root-c18fdeb6026533202756760e,1001,veh_010,ps-bf5c5fe0f587553a,CAM,33.0,341.08397211218653,798.4,15.51888543425768,0.5905302346637473,341.08397211218653,798.4,15.51888543425768,0.5905302346637473,nonce-c18fdeb6026533202756,True,False,flood,True,3,"{""attack_ended_at"": 78.0, ""case_opened_at"": 26.0, ""lane_id"": ""g02_g12_0"", ""road_id"": ""g02_g12""}"
cam-1001-veh_010-000022-f4,cam-1001-veh_010-000022,case-grid-1001-veh_010-flood,root-c18fdeb6026533202756760e,1001,veh_010,ps-bf5c5fe0f587553a,CAM,33.0,341.08397211218653,798.4,15.51888543425768,0.5905302346637473,341.08397211218653,798.4,15.51888543425768,0.5905302346637473,nonce-c18fdeb6026533202756,True,False,flood,True,4,"{""attack_ended_at"": 78.0, ""case_opened_at"": 26.0, ""lane_id"": ""g02_g12_0"", ""road_id"": ""g02_g12""}"
cam-1001-veh_011-000021,cam-1001-veh_011-000021,case-grid-1001-veh_011-benign,root-d426aa872b70f5b320f1cd1c,1001,veh_011,ps-298210176c98c50a,CAM,33.0,801.6,288.9672175899211,13.754271604379362,0.48958147100172766,801.6,288.9672175899211,13.754271604379362,0.48958147100172766,nonce-d426aa872b70f5b320f1,True,False,benign,False,0,"{""attack_ended_at"": 33.0, ""case_opened_at"": 33.0, ""lane_id"": ""g20_g21_0"", ""road_id"": ""g20_g21""}"
cam-1001-veh_012-000020,cam-1001-veh_012-000020,case-grid-1001-veh_012-false_denm,root-77415bb37c8f2b524d7b0323,1001,veh_012,ps-a2d8503b0d2b7ea8,DENM,33.0,304.2270749880477,398.4,14.325633108848512,0.0666026322869584,304.2270749880477,398.4,14.325633108848512,0.0666026322869584,nonce-77415bb37c8f2b524d7b,True,True,false_denm,True,0,"{""attack_ended_at"": 80.0, ""case_opened_at"": 28.0, ""lane_id"": ""g01_g11_0"", ""road_id"": ""g01_g11""}"
cam-1001-veh_013-000019,cam-1001-veh_013-000019,case-grid-1001-veh_013-benign,root-bffacb201a1dfa2d407f3132,1001,veh_013,ps-ffb1bac62aa27994,CAM,33.0,536.8876305134233,401.6,13.413618493304082,0.02184042817912868,536.8876305134233,401.6,13.413618493304082,0.02184042817912868,nonce-bffacb201a1dfa2d407f,True,False,benign,False,0,"{""attack_ended_at"": 33.0, ""case_opened_at"": 33.0, ""lane_id"": ""g21_g11_0"", ""road_id"": ""g21_g11""}"
cam-1001-veh_014-000018-m0,cam-1001-veh_014-000018,case-grid-1001-veh_014-mixed,root-ac547bc760dcc60ead54b645,1001,veh_014,ps-0c5027fa621fc8a7,DENM,33.0,401.6,255.71309767284748,13.659547851118953,0.32578156183473794,446.6,264.7130976728475,21.65954785111895,0.32578156183473794,nonce-ac547bc760dcc60ead54,True,True,mixed,True,0,"{""attack_ended_at"": 82.0, ""case_opened_at"": 30.0, ""lane_id"": ""g10_g11_0"", ""road_id"": ""g10_g11""}"
cam-1001-veh_014-000018-m1,cam-1001-veh_014-000018,case-grid-1001-veh_014-mixed,root-ac547bc760dcc60ead54b645,1001,veh_014,ps-0c5027fa621fc8a7,DENM,33.0,401.6,255.71309767284748,13.659547851118953,0.32578156183473794,446.6,264.7130976728475,21.65954785111895,0.32578156183473794,nonce-ac547bc760dcc60ead54,True,True,mixed,True,1,"{""attack_ended_at"": 82.0, ""case_opened_at"": 30.0, ""lane_id"": ""g10_g11_0"", ""road_id"": ""g10_g11""}"
cam-1001-veh_014-000018-m2,cam-1001-veh_014-000018,case-grid-1001-veh_014-mixed,root-ac547bc760dcc60ead54b645,1001,veh_014,ps-0c5027fa621fc8a7,DENM,33.0,401.6,255.71309767284748,13.659547851118953,0.32578156183473794,446.6,264.7130976728475,21.65954785111895,0.32578156183473794,nonce-ac547bc760dcc60ead54,True,True,mixed,True,2,"{""attack_ended_at"": 82.0, ""case_opened_at"": 30.0, ""lane_id"": ""g10_g11_0"", ""road_id"": ""g10_g11""}"
cam-1001-veh_014-000018-m3,cam-1001-veh_014-000018,case-grid-1001-veh_014-mixed,root-ac547bc760dcc60ead54b645,1001,veh_014,ps-0c5027fa621fc8a7,DENM,33.0,401.6,255.71309767284748,13.659547851118953,0.32578156183473794,446.6,264.7130976728475,21.65954785111895,0.32578156183473794,nonce-ac547bc760dcc60ead54,True,True,mixed,True,3,"{""attack_ended_at"": 82.0, ""case_opened_at"": 30.0, ""lane_id"": ""g10_g11_0"", ""road_id"": ""g10_g11""}"
cam-1001-veh_015-000017,cam-1001-veh_015-000017,case-grid-1001-veh_015-benign,root-47ecbbcc55114a4d686d3f72,1001,veh_015,ps-43db3038c74a6947,CAM,33.0,398.4,567.1273128808134,12.688567404626035,-0.5204416635772215,398.4,567.1273128808134,12.688567404626035,-0.5204416635772215,nonce-47ecbbcc55114a4d686d,True,False,benign,False,0,"{""attack_ended_at"": 33.0, ""case_opened_at"": 33.0, ""lane_id"": ""g12_g11_0"", ""road_id"": ""g12_g11""}"
cam-1001-veh_016-000016,cam-1001-veh_016-000016,case-grid-1001-veh_016-benign,root-fe000044c6ed516a895d3d38,1001,veh_016,ps-cbbef243035097ce,CAM,33.0,262.9098386789296,-1.6,16.271757660721335,0.33287749978713776,262.9098386789296,-1.6,16.271757660721335,0.33287749978713776,nonce-fe000044c6ed516a895d,True,False,benign,False,0,"{""attack_ended_at"": 33.0, ""case_opened_at"": 33.0, ""lane_id"": ""g00_g10_0"", ""road_id"": ""g00_g10""}"
cam-1001-veh_017-000015,cam-1001-veh_017-000015,case-grid-1001-veh_017-benign,root-a001995e7fefb2505fce31f1,1001,veh_017,ps-c4cb9175e03371fc,CAM,33.0,798.4,579.1258457628056,13.918274996718228,-0.29449572101701094,798.4,579.1258457628056,13.918274996718228,-0.29449572101701094,nonce-a001995e7fefb2505fce,True,False,benign,False,0,"{""attack_ended_at"": 33.0, ""case_opened_at"": 33.0, ""lane_id"": ""g22_g21_0"", ""road_id"": ""g22_g21""}"
cam-1001-veh_018-000014,cam-1001-veh_018-000014,case-grid-1001-veh_018-benign,root-c0e4e1f364c2f6d4796b868c,1001,veh_018,ps-f5eb5907dca15325,CAM,33.0,196.67755195324287,798.4,13.48619267293051,-0.32041035776026483,196.67755195324287,798.4,13.48619267293051,-0.32041035776026483,nonce-c0e4e1f364c2f6d4796b,True,False,benign,False,0,"{""attack_ended_at"": 33.0, ""case_opened_at"": 33.0, ""lane_id"": ""g02_g12_0"", ""road_id"": ""g02_g12""}"
cam-1001-veh_019-000013,cam-1001-veh_019-000013,case-grid-1001-veh_019-benign,root-dc180c1b5ed37cfeb16854ec,1001,veh_019,ps-bfc295509368822d,CAM,33.0,801.6,190.36644611719163,13.876097454827786,-0.27553822439164044,801.6,190.36644611719163,13.876097454827786,-0.27553822439164044,nonce-dc180c1b5ed37cfeb168,True,False,benign,False,0,"{""attack_ended_at"": 33.0, ""case_opened_at"": 33.0, ""lane_id"": ""g20_g21_0"", ""road_id"": ""g20_g21""}"
cam-1001-veh_020-000012,cam-1001-veh_020-000012,case-grid-1001-veh_020-benign,root-5bd491d59e3e1af2c744ed4a,1001,veh_020,ps-ebb98a241b250d58,CAM,33.0,164.01590734337842,398.4,12.380690396231689,-0.07211114210542391,164.01590734337842,398.4,12.380690396231689,-0.07211114210542391,nonce-5bd491d59e3e1af2c744,True,False,benign,False,0,"{""attack_ended_at"": 33.0, ""case_opened_at"": 33.0, ""lane_id"": ""g01_g11_0"", ""road_id"": ""g01_g11""}"
cam-1001-veh_021-000011,cam-1001-veh_021-000011,case-grid-1001-veh_021-benign,root-c6d3fe2dfd019f516a144929,1001,veh_021,ps-c17e704b00a194fa,CAM,33.0,617.4891680898238,401.6,15.158344965595745,-0.28200324250850883,617.4891680898238,401.6,15.158344965595745,-0.28200324250850883,nonce-c6d3fe2dfd019f516a14,True,False,benign,False,0,"{""attack_ended_at"": 33.0, ""case_opened_at"": 33.0, ""lane_id"": ""g21_g11_0"", ""road_id"": ""g21_g11""}"
cam-1001-veh_022-000010,cam-1001-veh_022-000010,case-grid-1001-veh_022-benign,root-46f7bd6f0eb3c8a68368dd10,1001,veh_022,ps-37f1e0f2b964b078,CAM,33.0,401.6,170.70790024425452,16.1660354369233,-0.12149777732323841,401.6,170.70790024425452,16.1660354369233,-0.12149777732323841,nonce-46f7bd6f0eb3c8a68368,True,False,benign,False,0,"{""attack_ended_at"": 33.0, ""case_opened_at"": 33.0, ""lane_id"": ""g10_g11_0"", ""road_id"": ""g10_g11""}"
cam-1001-veh_023-000009,cam-1001-veh_023-000009,case-grid-1001-veh_023-benign,root-b403578412f8b5f3b00de53e,1001,veh_023,ps-88766211387813b1,CAM,33.0,398.4,667.0910343719171,13.530928818511672,0.3167126343632116,398.4,667.0910343719171,13.530928818511672,0.3167126343632116,nonce-b403578412f8b5f3b00d,True,False,benign,False,0,"{""attack_ended_at"": 33.0, ""case_opened_at"": 33.0, ""lane_id"": ""g12_g11_0"", ""road_id"": ""g12_g11""}"
cam-1001-veh_000-000033,cam-1001-veh_000-000033,case-grid-1001-veh_000-benign,root-f5bdeb464cb1fce022740118,1001,veh_000,ps-0b6a8266609a146f,CAM,34.0,389.89646679097564,-1.6,11.508763161709071,-0.2652658080495893,389.89646679097564,-1.6,11.508763161709071,-0.2652658080495893,nonce-f5bdeb464cb1fce02274,True,False,benign,False,0,"{""attack_ended_at"": 34.0, ""case_opened_at"": 34.0, ""lane_id"": ""g00_g10_0"", ""road_id"": ""g00_g10""}"
cam-1001-veh_001-000032,cam-1001-veh_001-000032,case-grid-1001-veh_001-benign,root-84f9f58046aad000799633d2,1001,veh_001,ps-11b4aa50327f89a0,CAM,34.0,798.4,386.01816362183126,12.569648408841736,-0.3190493939537564,798.4,386.01816362183126,12.569648408841736,-0.3190493939537564,nonce-84f9f58046aad0007996,True,False,benign,False,0,"{""attack_ended_at"": 34.0, ""case_opened_at"": 34.0, ""lane_id"": ""g21_g20_0"", ""road_id"": ""g21_g20""}"
cam-1001-veh_002-000031,cam-1001-veh_002-000031,case-grid-1001-veh_002-position_offset,root-b69563d28df91cb9c392b2ef,1001,veh_002,ps-e0bc27433007a32c,CAM,34.0,397.3396238367285,798.4,12.77182885617236,-0.08767476987093659,462.3396238367285,814.65,12.77182885617236,-0.08767476987093659,nonce-b69563d28df91cb9c392,True,False,position_offset,True,0,"{""attack_ended_at"": 70.0, ""case_opened_at"": 18.0, ""lane_id"": "":g12_5_0"", ""road_id"": "":g12_5""}"
cam-1001-veh_003-000030,cam-1001-veh_003-000030,case-grid-1001-veh_003-benign,root-decec1dbc5066652335c5b3f,1001,veh_003,ps-13247f0afc865149,CAM,34.0,801.6,388.0125473620721,12.904064887769914,0.36163562230299995,801.6,388.0125473620721,12.904064887769914,0.36163562230299995,nonce-decec1dbc5066652335c,True,False,benign,False,0,"{""attack_ended_at"": 34.0, ""case_opened_at"": 34.0, ""lane_id"": ""g20_g21_0"", ""road_id"": ""g20_g21""}"
cam-1001-veh_004-000029,cam-1001-veh_004-000029,case-grid-1001-veh_004-speed_offset,root-3439a8d078c707567e4644a1,1001,veh_004,ps-b7dd5d779d6fb997,CAM,34.0,385.24256635238163,398.4,9.990872644115585,-3.1443550891342884,385.24256635238163,398.4,20.990872644115584,-3.1443550891342884,nonce-3439a8d078c707567e46,True,False,speed_offset,True,0,"{""attack_ended_at"": 72.0, ""case_opened_at"": 20.0, ""lane_id"": ""g01_g11_0"", ""road_id"": ""g01_g11""}"
cam-1001-veh_005-000028,cam-1001-veh_005-000028,case-grid-1001-veh_005-benign,root-f1c83f053acc32f41ffb22d3,1001,veh_005,ps-fedb1f4cae953d51,CAM,34.0,426.68326422398604,401.6,12.86375623750162,-0.15908496649470294,426.68326422398604,401.6,12.86375623750162,-0.15908496649470294,nonce-f1c83f053acc32f41ffb,True,False,benign,False,0,"{""attack_ended_at"": 34.0, ""case_opened_at"": 34.0, ""lane_id"": ""g21_g11_0"", ""road_id"": ""g21_g11""}"
replay-cam-1001-veh_006-000027,cam-1001-veh_006-000011,case-grid-1001-veh_006-replay,root-55cf5c413e6560d70ca215ff,1001,veh_006,ps-402cdb4ee382d9ca,CAM,18.0,401.6,149.61574761008055,12.427882390090138,0.2817533832695336,401.6,149.61574761008055,12.427882390090138,0.2817533832695336,nonce-55cf5c413e6560d70ca2,True,False,replay,True,4,"{""attack_ended_at"": 18.0, ""case_opened_at"": 18.0, ""lane_id"": ""g10_g11_0"", ""road_id"": ""g10_g11""}"
cam-1001-veh_007-000026,cam-1001-veh_007-000026,case-grid-1001-veh_007-benign,root-a241d8784049c32274861535,1001,veh_007,ps-20a8fd281b9c6e27,CAM,34.0,398.4,458.2633868177105,12.719800169987998,0.42528020074590955,398.4,458.2633868177105,12.719800169987998,0.42528020074590955,nonce-a241d8784049c3227486,True,False,benign,False,0,"{""attack_ended_at"": 34.0, ""case_opened_at"": 34.0, ""lane_id"": ""g12_g11_0"", ""road_id"": ""g12_g11""}"
cam-1001-veh_008-000025,cam-1001-veh_008-000025,case-grid-1001-veh_008-certificate_tamper,root-476f720545d09000463d1087,1001,veh_008,ps-0441a16dd8d22b44,CAM,34.0,369.47898152058343,-1.6,11.36163573395116,-0.39435161822884623,369.47898152058343,-1.6,11.36163573395116,-0.39435161822884623,nonce-476f720545d09000463d,False,False,certificate_tamper,True,0,"{""attack_ended_at"": 76.0, ""case_opened_at"": 24.0, ""lane_id"": ""g00_g10_0"", ""road_id"": ""g00_g10""}"
cam-1001-veh_009-000024,cam-1001-veh_009-000024,case-grid-1001-veh_009-benign,root-1528cbac76cecb670a9378a5,1001,veh_009,ps-8e3b87e1d6235c50,CAM,34.0,798.4,446.54519848944346,14.624673309416705,0.1284944236977026,798.4,446.54519848944346,14.624673309416705,0.1284944236977026,nonce-1528cbac76cecb670a93,True,False,benign,False,0,"{""attack_ended_at"": 34.0, ""case_opened_at"": 34.0, ""lane_id"": ""g22_g21_0"", ""road_id"": ""g22_g21""}"
cam-1001-veh_010-000023-f0,cam-1001-veh_010-000023,case-grid-1001-veh_010-flood,root-1ab119635007703d1245dd8f,1001,veh_010,ps-bf5c5fe0f587553a,CAM,34.0,356.0264283652102,798.4,14.9424562530237,-0.5764291812339799,356.0264283652102,798.4,14.9424562530237,-0.5764291812339799,nonce-1ab119635007703d1245,True,False,flood,True,0,"{""attack_ended_at"": 78.0, ""case_opened_at"": 26.0, ""lane_id"": ""g02_g12_0"", ""road_id"": ""g02_g12""}"
cam-1001-veh_010-000023-f1,cam-1001-veh_010-000023,case-grid-1001-veh_010-flood,root-1ab119635007703d1245dd8f,1001,veh_010,ps-bf5c5fe0f587553a,CAM,34.0,356.0264283652102,798.4,14.9424562530237,-0.5764291812339799,356.0264283652102,798.4,14.9424562530237,-0.5764291812339799,nonce-1ab119635007703d1245,True,False,flood,True,1,"{""attack_ended_at"": 78.0, ""case_opened_at"": 26.0, ""lane_id"": ""g02_g12_0"", ""road_id"": ""g02_g12""}"
cam-1001-veh_010-000023-f2,cam-1001-veh_010-000023,case-grid-1001-veh_010-flood,root-1ab119635007703d1245dd8f,1001,veh_010,ps-bf5c5fe0f587553a,CAM,34.0,356.0264283652102,798.4,14.9424562530237,-0.5764291812339799,356.0264283652102,798.4,14.9424562530237,-0.5764291812339799,nonce-1ab119635007703d1245,True,False,flood,True,2,"{""attack_ended_at"": 78.0, ""case_opened_at"": 26.0, ""lane_id"": ""g02_g12_0"", ""road_id"": ""g02_g12""}"
cam-1001-veh_010-000023-f3,cam-1001-veh_010-000023,case-grid-1001-veh_010-flood,root-1ab119635007703d1245dd8f,1001,veh_010,ps-bf5c5fe0f587553a,CAM,34.0,356.0264283652102,798.4,14.9424562530237,-0.5764291812339799,356.0264283652102,798.4,14.9424562530237,-0.5764291812339799,nonce-1ab119635007703d1245,True,False,flood,True,3,"{""attack_ended_at"": 78.0, ""case_opened_at"": 26.0, ""lane_id"": ""g02_g12_0"", ""road_id"": ""g02_g12""}"
cam-1001-veh_010-000023-f4,cam-1001-veh_010-000023,case-grid-1001-veh_010-flood,root-1ab119635007703d1245dd8f,1001,veh_010,ps-bf5c5fe0f587553a,CAM,34.0,356.0264283652102,798.4,14.9424562530237,-0.5764291812339799,356.0264283652102,798.4,14.9424562530237,-0.5764291812339799,nonce-1ab119635007703d1245,True,False,flood,True,4,"{""attack_ended_at"": 78.0, ""case_opened_at"": 26.0, ""lane_id"": ""g02_g12_0"", ""road_id"": ""g02_g12""}"
cam-1001-veh_011-000022,cam-1001-veh_011-000022,case-grid-1001-veh_011-benign,root-62c6dd802a254a152f30e41f,1001,veh_011,ps-298210176c98c50a,CAM,34.0,801.6,302.3510353266303,13.383817736709213,-0.37045386767014854,801.6,302.3510353266303,13.383817736709213,-0.37045386767014854,nonce-62c6dd802a254a152f30,True,False,benign,False,0,"{""attack_ended_at"": 34.0, ""case_opened_at"": 34.0, ""lane_id"": ""g20_g21_0"", ""road_id"": ""g20_g21""}"
cam-1001-veh_012-000021,cam-1001-veh_012-000021,case-grid-1001-veh_012-false_denm,root-9763d1775fcd29bb63f77f3b,1001,veh_012,ps-a2d8503b0d2b7ea8,CAM,34.0,318.5494703581658,398.4,14.322395370118127,-0.0032377387303856864,318.5494703581658,398.4,14.322395370118127,-0.0032377387303856864,nonce-9763d1775fcd29bb63f7,True,False,false_denm,True,0,"{""attack_ended_at"": 80.0, ""case_opened_at"": 28.0, ""lane_id"": ""g01_g11_0"", ""road_id"": ""g01_g11""}"
cam-1001-veh_013-000020,cam-1001-veh_013-000020,case-grid-1001-veh_013-benign,root-67ff06bf952528fbd4f71852,1001,veh_013,ps-ffb1bac62aa27994,CAM,34.0,523.848623168893,401.6,13.03900734453039,-0.37461114877369184,523.848623168893,401.6,13.03900734453039,-0.37461114877369184,nonce-67ff06bf952528fbd4f7,True,False,benign,False,0,"{""attack_ended_at"": 34.0, ""case_opened_at"": 34.0, ""lane_id"": ""g21_g11_0"", ""road_id"": ""g21_g11""}"
cam-1001-veh_014-000019-m0,cam-1001-veh_014-000019,case-grid-1001-veh_014-mixed,root-d211f1abafa42169d9619a14,1001,veh_014,ps-0c5027fa621fc8a7,DENM,34.0,401.6,268.9355224480053,13.222424775157817,-0.43712307596113575,446.6,277.9355224480053,21.22242477515782,-0.43712307596113575,nonce-d211f1abafa42169d961,True,True,mixed,True,0,"{""attack_ended_at"": 82.0, ""case_opened_at"": 30.0, ""lane_id"": ""g10_g11_0"", ""road_id"": ""g10_g11""}"
cam-1001-veh_014-000019-m1,cam-1001-veh_014-000019,case-grid-1001-veh_014-mixed,root-d211f1abafa42169d9619a14,1001,veh_014,ps-0c5027fa621fc8a7,DENM,34.0,401.6,268.9355224480053,13.222424775157817,-0.43712307596113575,446.6,277.9355224480053,21.22242477515782,-0.43712307596113575,nonce-d211f1abafa42169d961,True,True,mixed,True,1,"{""attack_ended_at"": 82.0, ""case_opened_at"": 30.0, ""lane_id"": ""g10_g11_0"", ""road_id"": ""g10_g11""}"
cam-1001-veh_014-000019-m2,cam-1001-veh_014-000019,case-grid-1001-veh_014-mixed,root-d211f1abafa42169d9619a14,1001,veh_014,ps-0c5027fa621fc8a7,DENM,34.0,401.6,268.9355224480053,13.222424775157817,-0.43712307596113575,446.6,277.9355224480053,21.22242477515782,-0.43712307596113575,nonce-d211f1abafa42169d961,True,True,mixed,True,2,"{""attack_ended_at"": 82.0, ""case_opened_at"": 30.0, ""lane_id"": ""g10_g11_0"", ""road_id"": ""g10_g11""}"
cam-1001-veh_014-000019-m3,cam-1001-veh_014-000019,case-grid-1001-veh_014-mixed,root-d211f1abafa42169d9619a14,1001,veh_014,ps-0c5027fa621fc8a7,DENM,34.0,401.6,268.9355224480053,13.222424775157817,-0.43712307596113575,446.6,277.9355224480053,21.22242477515782,-0.43712307596113575,nonce-d211f1abafa42169d961,True,True,mixed,True,3,"{""attack_ended_at"": 82.0, ""case_opened_at"": 30.0, ""lane_id"": ""g10_g11_0"", ""road_id"": ""g10_g11""}"
cam-1001-veh_015-000018,cam-1001-veh_015-000018,case-grid-1001-veh_015-benign,root-61d24605df99479d9c6c2d84,1001,veh_015,ps-43db3038c74a6947,CAM,34.0,398.4,554.0435695296649,13.08374335114854,0.3951759465225049,398.4,554.0435695296649,13.08374335114854,0.3951759465225049,nonce-61d24605df99479d9c6c,True,False,benign,False,0,"{""attack_ended_at"": 34.0, ""case_opened_at"": 34.0, ""lane_id"": ""g12_g11_0"", ""road_id"": ""g12_g11""}"
cam-1001-veh_016-000017,cam-1001-veh_016-000017,case-grid-1001-veh_016-benign,root-0ec743db5dded88f67d5d22b,1001,veh_016,ps-cbbef243035097ce,CAM,34.0,279.00818551511367,-1.6,16.098346836184056,-0.17341082453727807,279.00818551511367,-1.6,16.098346836184056,-0.17341082453727807,nonce-0ec743db5dded88f67d5,True,False,benign,False,0,"{""attack_ended_at"": 34.0, ""case_opened_at"": 34.0, ""lane_id"": ""g00_g10_0"", ""road_id"": ""g00_g10""}"
cam-1001-veh_017-000016,cam-1001-veh_017-000016,case-grid-1001-veh_017-benign,root-8bcae67f1d05f049b891d2e1,1001,veh_017,ps-c4cb9175e03371fc,CAM,34.0,798.4,565.1591020345946,13.966743728210986,0.048468731492757655,798.4,565.1591020345946,13.966743728210986,0.048468731492757655,nonce-8bcae67f1d05f049b891,True,False,benign,False,0,"{""attack_ended_at"": 34.0, ""case_opened_at"": 34.0, ""lane_id"": ""g22_g21_0"", ""road_id"": ""g22_g21""}"
cam-1001-veh_018-000015,cam-1001-veh_018-000015,case-grid-1001-veh_018-benign,root-ca64ce8c4c3e6121c40dbb35,1001,veh_018,ps-f5eb5907dca15325,CAM,34.0,209.7377074257588,798.4,13.060155472515934,-0.4260372004145765,209.7377074257588,798.4,13.060155472515934,-0.4260372004145765,nonce-ca64ce8c4c3e6121c40d,True,False,benign,False,0,"{""attack_ended_at"": 34.0, ""case_opened_at"": 34.0, ""lane_id"": ""g02_g12_0"", ""road_id"": ""g02_g12""}"
cam-1001-veh_019-000014,cam-1001-veh_019-000014,case-grid-1001-veh_019-benign,root-a41d085a8b56e274bccebcef,1001,veh_019,ps-bfc295509368822d,CAM,34.0,801.6,204.20941651583146,13.842970398639837,-0.03312705618794887,801.6,204.20941651583146,13.842970398639837,-0.03312705618794887,nonce-a41d085a8b56e274bcce,True,False,benign,False,0,"{""attack_ended_at"": 34.0, ""case_opened_at"": 34.0, ""lane_id"": ""g20_g21_0"", ""road_id"": ""g20_g21""}"
cam-1001-veh_020-000013,cam-1001-veh_020-000013,case-grid-1001-veh_020-benign,root-c397aa458f8e54f845df49a4,1001,veh_020,ps-ebb98a241b250d58,CAM,34.0,176.48468534837312,398.4,12.468778004994705,0.08808760876301669,176.48468534837312,398.4,12.468778004994705,0.08808760876301669,nonce-c397aa458f8e54f845df,True,False,benign,False,0,"{""attack_ended_at"": 34.0, ""case_opened_at"": 34.0, ""lane_id"": ""g01_g11_0"", ""road_id"": ""g01_g11""}"
cam-1001-veh_021-000012,cam-1001-veh_021-000012,case-grid-1001-veh_021-benign,root-03d2b2de0a7661231f2e9c55,1001,veh_021,ps-c17e704b00a194fa,CAM,34.0,601.8349911665265,401.6,15.654176923297339,0.4958319577015935,601.8349911665265,401.6,15.654176923297339,0.4958319577015935,nonce-03d2b2de0a7661231f2e,True,False,benign,False,0,"{""attack_ended_at"": 34.0, ""case_opened_at"": 34.0, ""lane_id"": ""g21_g11_0"", ""road_id"": ""g21_g11""}"
cam-1001-veh_022-000011,cam-1001-veh_022-000011,case-grid-1001-veh_022-benign,root-cea87503164922d2bd5ee623,1001,veh_022,ps-37f1e0f2b964b078,CAM,34.0,401.6,187.07817076317178,16.370270518917273,0.2042350819939749,401.6,187.07817076317178,16.370270518917273,0.2042350819939749,nonce-cea87503164922d2bd5e,True,False,benign,False,0,"{""attack_ended_at"": 34.0, ""case_opened_at"": 34.0, ""lane_id"": ""g10_g11_0"", ""road_id"": ""g10_g11""}"
cam-1001-veh_023-000010,cam-1001-veh_023-000010,case-grid-1001-veh_023-benign,root-0a0904f887b3adcc720a74a0,1001,veh_023,ps-88766211387813b1,CAM,34.0,398.4,654.1016778579178,12.989356513999299,-0.541572304512373,398.4,654.1016778579178,12.989356513999299,-0.541572304512373,nonce-0a0904f887b3adcc720a,True,False,benign,False,0,"{""attack_ended_at"": 34.0, ""case_opened_at"": 34.0, ""lane_id"": ""g12_g11_0"", ""road_id"": ""g12_g11""}"
cam-1001-veh_000-000034,cam-1001-veh_000-000034,case-grid-1001-veh_000-benign,root-949463eb38e7026095f02679,1001,veh_000,ps-0b6a8266609a146f,CAM,35.0,401.5606731985743,-1.6,11.66420640759869,0.15544324588961977,401.5606731985743,-1.6,11.66420640759869,0.15544324588961977,nonce-949463eb38e7026095f0,True,False,benign,False,0,"{""attack_ended_at"": 35.0, ""case_opened_at"": 35.0, ""lane_id"": "":g10_4_0"", ""road_id"": "":g10_4""}"
cam-1001-veh_001-000033,cam-1001-veh_001-000033,case-grid-1001-veh_001-benign,root-1f4a7b26f48ef3c78dc00069,1001,veh_001,ps-11b4aa50327f89a0,CAM,35.0,798.4,373.4461475430076,12.57201607882364,0.0023676699819041858,798.4,373.4461475430076,12.57201607882364,0.0023676699819041858,nonce-1f4a7b26f48ef3c78dc0,True,False,benign,False,0,"{""attack_ended_at"": 35.0, ""case_opened_at"": 35.0, ""lane_id"": ""g21_g20_0"", ""road_id"": ""g21_g20""}"
cam-1001-veh_002-000032,cam-1001-veh_002-000032,case-grid-1001-veh_002-position_offset,root-194a51aa43e817266717105c,1001,veh_002,ps-e0bc27433007a32c,CAM,35.0,409.94304726726847,798.4,12.603423430539989,-0.16840542563237193,474.94304726726847,814.65,12.603423430539989,-0.16840542563237193,nonce-194a51aa43e817266717,True,False,position_offset,True,0,"{""attack_ended_at"": 70.0, ""case_opened_at"": 18.0, ""lane_id"": ""g12_g22_0"", ""road_id"": ""g12_g22""}"
cam-1001-veh_003-000031,cam-1001-veh_003-000031,case-grid-1001-veh_003-benign,root-dff1d46a9b1617f4730b24ab,1001,veh_003,ps-13247f0afc865149,CAM,35.0,801.6,400.6930253583343,12.680477996262185,-0.22358689150772904,801.6,400.6930253583343,12.680477996262185,-0.22358689150772904,nonce-dff1d46a9b1617f4730b,True,False,benign,False,0,"{""attack_ended_at"": 35.0, ""case_opened_at"": 35.0, ""lane_id"": "":g21_2_0"", ""road_id"": "":g21_2""}"
cam-1001-veh_004-000030,cam-1001-veh_004-000030,case-grid-1001-veh_004-speed_offset,root-5d5d7d6059459351d01c833a,1001,veh_004,ps-b7dd5d779d6fb997,CAM,35.0,390.9329769820642,398.4,5.690410629682585,-4.300462014433,390.9329769820642,398.4,16.690410629682585,-4.300462014433,nonce-5d5d7d6059459351d01c,True,False,speed_offset,True,0,"{""attack_ended_at"": 72.0, ""case_opened_at"": 20.0, ""lane_id"": ""g01_g11_0"", ""road_id"": ""g01_g11""}"
cam-1001-veh_005-000029,cam-1001-veh_005-000029,case-grid-1001-veh_005-benign,root-c7a583c4d6b004827258a596,1001,veh_005,ps-fedb1f4cae953d51,CAM,35.0,415.92923269969486,401.6,10.754031524291177,-2.1097247132104435,415.92923269969486,401.6,10.754031524291177,-2.1097247132104435,nonce-c7a583c4d6b004827258,True,False,benign,False,0,"{""attack_ended_at"": 35.0, ""case_opened_at"": 35.0, ""lane_id"": ""g21_g11_0"", ""road_id"": ""g21_g11""}"
replay-cam-1001-veh_006-000028,cam-1001-veh_006-000012,case-grid-1001-veh_006-replay,root-e685cc25bd7b355fd757e166,1001,veh_006,ps-402cdb4ee382d9ca,CAM,19.0,401.6,161.79692725744974,12.181179647369184,-0.24670274272095405,401.6,161.79692725744974,12.181179647369184,-0.24670274272095405,nonce-e685cc25bd7b355fd757,True,False,replay,True,4,"{""attack_ended_at"": 19.0, ""case_opened_at"": 19.0, ""lane_id"": ""g10_g11_0"", ""road_id"": ""g10_g11""}"
cam-1001-veh_007-000027,cam-1001-veh_007-000027,case-grid-1001-veh_007-benign,root-ec6b01958786943b9df77aea,1001,veh_007,ps-20a8fd281b9c6e27,CAM,35.0,398.4,445.56213719500005,12.701249622710444,-0.01855054727755423,398.4,445.56213719500005,12.701249622710444,-0.01855054727755423,nonce-ec6b01958786943b9df7,True,False,benign,False,0,"{""attack_ended_at"": 35.0, ""case_opened_at"": 35.0, ""lane_id"": ""g12_g11_0"", ""road_id"": ""g12_g11""}"
cam-1001-veh_008-000026,cam-1001-veh_008-000026,case-grid-1001-veh_008-certificate_tamper,root-8e862116d7d3c7df5f6656da,1001,veh_008,ps-0441a16dd8d22b44,CAM,35.0,381.3215340073378,-1.6,11.842552486754355,0.48091675280319457,381.3215340073378,-1.6,11.842552486754355,0.48091675280319457,nonce-8e862116d7d3c7df5f66,False,False,certificate_tamper,True,0,"{""attack_ended_at"": 76.0, ""case_opened_at"": 24.0, ""lane_id"": ""g00_g10_0"", ""road_id"": ""g00_g10""}"
cam-1001-veh_009-000025,cam-1001-veh_009-000025,case-grid-1001-veh_009-benign,root-5e932bcaf3a8c6062470e853,1001,veh_009,ps-8e3b87e1d6235c50,CAM,35.0,798.4,432.39426724984764,14.150931239595831,-0.4737420698208741,798.4,432.39426724984764,14.150931239595831,-0.4737420698208741,nonce-5e932bcaf3a8c6062470,True,False,benign,False,0,"{""attack_ended_at"": 35.0, ""case_opened_at"": 35.0, ""lane_id"": ""g22_g21_0"", ""road_id"": ""g22_g21""}"
cam-1001-veh_010-000024-f0,cam-1001-veh_010-000024,case-grid-1001-veh_010-flood,root-15ee2a198505fc777fca93f0,1001,veh_010,ps-bf5c5fe0f587553a,CAM,35.0,370.8107378216349,798.4,14.784309456424669,-0.15814679659903064,370.8107378216349,798.4,14.784309456424669,-0.15814679659903064,nonce-15ee2a198505fc777fca,True,False,flood,True,0,"{""attack_ended_at"": 78.0, ""case_opened_at"": 26.0, ""lane_id"": ""g02_g12_0"", ""road_id"": ""g02_g12""}"
cam-1001-veh_010-000024-f1,cam-1001-veh_010-000024,case-grid-1001-veh_010-flood,root-15ee2a198505fc777fca93f0,1001,veh_010,ps-bf5c5fe0f587553a,CAM,35.0,370.8107378216349,798.4,14.784309456424669,-0.15814679659903064,370.8107378216349,798.4,14.784309456424669,-0.15814679659903064,nonce-15ee2a198505fc777fca,True,False,flood,True,1,"{""attack_ended_at"": 78.0, ""case_opened_at"": 26.0, ""lane_id"": ""g02_g12_0"", ""road_id"": ""g02_g12""}"
cam-1001-veh_010-000024-f2,cam-1001-veh_010-000024,case-grid-1001-veh_010-flood,root-15ee2a198505fc777fca93f0,1001,veh_010,ps-bf5c5fe0f587553a,CAM,35.0,370.8107378216349,798.4,14.784309456424669,-0.15814679659903064,370.8107378216349,798.4,14.784309456424669,-0.15814679659903064,nonce-15ee2a198505fc777fca,True,False,flood,True,2,"{""attack_ended_at"": 78.0, ""case_opened_at"": 26.0, ""lane_id"": ""g02_g12_0"", ""road_id"": ""g02_g12""}"
cam-1001-veh_010-000024-f3,cam-1001-veh_010-000024,case-grid-1001-veh_010-flood,root-15ee2a198505fc777fca93f0,1001,veh_010,ps-bf5c5fe0f587553a,CAM,35.0,370.8107378216349,798.4,14.784309456424669,-0.15814679659903064,370.8107378216349,798.4,14.784309456424669,-0.15814679659903064,nonce-15ee2a198505fc777fca,True,False,flood,True,3,"{""attack_ended_at"": 78.0, ""case_opened_at"": 26.0, ""lane_id"": ""g02_g12_0"", ""road_id"": ""g02_g12""}"
cam-1001-veh_010-000024-f4,cam-1001-veh_010-000024,case-grid-1001-veh_010-flood,root-15ee2a198505fc777fca93f0,1001,veh_010,ps-bf5c5fe0f587553a,CAM,35.0,370.8107378216349,798.4,14.784309456424669,-0.15814679659903064,370.8107378216349,798.4,14.784309456424669,-0.15814679659903064,nonce-15ee2a198505fc777fca,True,False,flood,True,4,"{""attack_ended_at"": 78.0, ""case_opened_at"": 26.0, ""lane_id"": ""g02_g12_0"", ""road_id"": ""g02_g12""}"
cam-1001-veh_011-000023,cam-1001-veh_011-000023,case-grid-1001-veh_011-benign,root-1c7d9f1a10935384797dd78a,1001,veh_011,ps-298210176c98c50a,CAM,35.0,801.6,316.1173138368429,13.766278510212622,0.3824607735034089,801.6,316.1173138368429,13.766278510212622,0.3824607735034089,nonce-1c7d9f1a10935384797d,True,False,benign,False,0,"{""attack_ended_at"": 35.0, ""case_opened_at"": 35.0, ""lane_id"": ""g20_g21_0"", ""road_id"": ""g20_g21""}"
cam-1001-veh_012-000022,cam-1001-veh_012-000022,case-grid-1001-veh_012-false_denm,root-0deaf9488586c13f92d82fdc,1001,veh_012,ps-a2d8503b0d2b7ea8,CAM,35.0,333.1280730538589,398.4,14.578602695693068,0.2562073255749411,333.1280730538589,398.4,14.578602695693068,0.2562073255749411,nonce-0deaf9488586c13f92d8,True,False,false_denm,True,0,"{""attack_ended_at"": 80.0, ""case_opened_at"": 28.0, ""lane_id"": ""g01_g11_0"", ""road_id"": ""g01_g11""}"
cam-1001-veh_013-000021,cam-1001-veh_013-000021,case-grid-1001-veh_013-benign,root-1e6d79d16a4f844831db6b7e,1001,veh_013,ps-ffb1bac62aa27994,CAM,35.0,510.6667327313501,401.6,13.181890437542886,0.1428830930124967,510.6667327313501,401.6,13.181890437542886,0.1428830930124967,nonce-1e6d79d16a4f844831db,True,False,benign,False,0,"{""attack_ended_at"": 35.0, ""case_opened_at"": 35.0, ""lane_id"": ""g21_g11_0"", ""road_id"": ""g21_g11""}"
cam-1001-veh_014-000020-m0,cam-1001-veh_014-000020,case-grid-1001-veh_014-mixed,root-2a06362e9aeab7879c4cd5d9,1001,veh_014,ps-0c5027fa621fc8a7,DENM,35.0,401.6,282.7192252848157,13.783702836810374,0.5612780616525566,446.6,291.7192252848157,21.783702836810374,0.5612780616525566,nonce-2a06362e9aeab7879c4c,True,True,mixed,True,0,"{""attack_ended_at"": 82.0, ""case_opened_at"": 30.0, ""lane_id"": ""g10_g11_0"", ""road_id"": ""g10_g11""}"
cam-1001-veh_014-000020-m1,cam-1001-veh_014-000020,case-grid-1001-veh_014-mixed,root-2a06362e9aeab7879c4cd5d9,1001,veh_014,ps-0c5027fa621fc8a7,DENM,35.0,401.6,282.7192252848157,13.783702836810374,0.5612780616525566,446.6,291.7192252848157,21.783702836810374,0.5612780616525566,nonce-2a06362e9aeab7879c4c,True,True,mixed,True,1,"{""attack_ended_at"": 82.0, ""case_opened_at"": 30.0, ""lane_id"": ""g10_g11_0"", ""road_id"": ""g10_g11""}"
cam-1001-veh_014-000020-m2,cam-1001-veh_014-000020,case-grid-1001-veh_014-mixed,root-2a06362e9aeab7879c4cd5d9,1001,veh_014,ps-0c5027fa621fc8a7,DENM,35.0,401.6,282.7192252848157,13.783702836810374,0.5612780616525566,446.6,291.7192252848157,21.783702836810374,0.5612780616525566,nonce-2a06362e9aeab7879c4c,True,True,mixed,True,2,"{""attack_ended_at"": 82.0, ""case_opened_at"": 30.0, ""lane_id"": ""g10_g11_0"", ""road_id"": ""g10_g11""}"
cam-1001-veh_014-000020-m3,cam-1001-veh_014-000020,case-grid-1001-veh_014-mixed,root-2a06362e9aeab7879c4cd5d9,1001,veh_014,ps-0c5027fa621fc8a7,DENM,35.0,401.6,282.7192252848157,13.783702836810374,0.5612780616525566,446.6,291.7192252848157,21.783702836810374,0.5612780616525566,nonce-2a06362e9aeab7879c4c,True,True,mixed,True,3,"{""attack_ended_at"": 82.0, ""case_opened_at"": 30.0, ""lane_id"": ""g10_g11_0"", ""road_id"": ""g10_g11""}"
cam-1001-veh_015-000019,cam-1001-veh_015-000019,case-grid-1001-veh_015-benign,root-381bd3c799f0d54bdbd278d4,1001,veh_015,ps-43db3038c74a6947,CAM,35.0,398.4,541.340431732501,12.703137797163897,-0.38060555398464224,398.4,541.340431732501,12.703137797163897,-0.38060555398464224,nonce-381bd3c799f0d54bdbd2,True,False,benign,False,0,"{""attack_ended_at"": 35.0, ""case_opened_at"": 35.0, ""lane_id"": ""g12_g11_0"", ""road_id"": ""g12_g11""}"
cam-1001-veh_016-000018,cam-1001-veh_016-000018,case-grid-1001-veh_016-benign,root-21988a74e4261a5df8f61757,1001,veh_016,ps-cbbef243035097ce,CAM,35.0,294.9153380796382,-1.6,15.907152564524576,-0.1911942716594801,294.9153380796382,-1.6,15.907152564524576,-0.1911942716594801,nonce-21988a74e4261a5df8f6,True,False,benign,False,0,"{""attack_ended_at"": 35.0, ""case_opened_at"": 35.0, ""lane_id"": ""g00_g10_0"", ""road_id"": ""g00_g10""}"
cam-1001-veh_017-000017,cam-1001-veh_017-000017,case-grid-1001-veh_017-benign,root-75c36f4f360e34a43174158e,1001,veh_017,ps-c4cb9175e03371fc,CAM,35.0,798.4,550.6423592753549,14.516742759239696,0.54999903102871,798.4,550.6423592753549,14.516742759239696,0.54999903102871,nonce-75c36f4f360e34a43174,True,False,benign,False,0,"{""attack_ended_at"": 35.0, ""case_opened_at"": 35.0, ""lane_id"": ""g22_g21_0"", ""road_id"": ""g22_g21""}"
cam-1001-veh_018-000016,cam-1001-veh_018-000016,case-grid-1001-veh_018-benign,root-c531bbf3ebd8d92109d67dc0,1001,veh_018,ps-f5eb5907dca15325,CAM,35.0,223.22236056183036,798.4,13.4846531360716,0.4244976635556661,223.22236056183036,798.4,13.4846531360716,0.4244976635556661,nonce-c531bbf3ebd8d92109d6,True,False,benign,False,0,"{""attack_ended_at"": 35.0, ""case_opened_at"": 35.0, ""lane_id"": ""g02_g12_0"", ""road_id"": ""g02_g12""}"
cam-1001-veh_019-000015,cam-1001-veh_019-000015,case-grid-1001-veh_019-benign,root-52c0d9e8187c21d778c2be41,1001,veh_019,ps-bfc295509368822d,CAM,35.0,801.6,218.3800893056748,14.17067278984333,0.3277023912034931,801.6,218.3800893056748,14.17067278984333,0.3277023912034931,nonce-52c0d9e8187c21d778c2,True,False,benign,False,0,"{""attack_ended_at"": 35.0, ""case_opened_at"": 35.0, ""lane_id"": ""g20_g21_0"", ""road_id"": ""g20_g21""}"
cam-1001-veh_020-000014,cam-1001-veh_020-000014,case-grid-1001-veh_020-benign,root-79c2092fa275571a21dccb41,1001,veh_020,ps-ebb98a241b250d58,CAM,35.0,189.2656964254261,398.4,12.781011077053003,0.312233072058298,189.2656964254261,398.4,12.781011077053003,0.312233072058298,nonce-79c2092fa275571a21dc,True,False,benign,False,0,"{""attack_ended_at"": 35.0, ""case_opened_at"": 35.0, ""lane_id"": ""g01_g11_0"", ""road_id"": ""g01_g11""}"
cam-1001-veh_021-000013,cam-1001-veh_021-000013,case-grid-1001-veh_021-benign,root-a901b12a2bb67eea0acd47a1,1001,veh_021,ps-c17e704b00a194fa,CAM,35.0,586.1796601449885,401.6,15.655331021537998,0.0011540982406597067,586.1796601449885,401.6,15.655331021537998,0.0011540982406597067,nonce-a901b12a2bb67eea0acd,True,False,benign,False,0,"{""attack_ended_at"": 35.0, ""case_opened_at"": 35.0, ""lane_id"": ""g21_g11_0"", ""road_id"": ""g21_g11""}"
cam-1001-veh_022-000012,cam-1001-veh_022-000012,case-grid-1001-veh_022-benign,root-82104edbab648f1166a986b6,1001,veh_022,ps-37f1e0f2b964b078,CAM,35.0,401.6,203.2866880696427,16.208517306470924,-0.16175321244634944,401.6,203.2866880696427,16.208517306470924,-0.16175321244634944,nonce-82104edbab648f1166a9,True,False,benign,False,0,"{""attack_ended_at"": 35.0, ""case_opened_at"": 35.0, ""lane_id"": ""g10_g11_0"", ""road_id"": ""g10_g11""}"
cam-1001-veh_023-000011,cam-1001-veh_023-000011,case-grid-1001-veh_023-benign,root-247f804e6736e77ab631861b,1001,veh_023,ps-88766211387813b1,CAM,35.0,398.4,640.4488581203839,13.652819737533935,0.6634632235346363,398.4,640.4488581203839,13.652819737533935,0.6634632235346363,nonce-247f804e6736e77ab631,True,False,benign,False,0,"{""attack_ended_at"": 35.0, ""case_opened_at"": 35.0, ""lane_id"": ""g12_g11_0"", ""road_id"": ""g12_g11""}"
cam-1001-veh_000-000035,cam-1001-veh_000-000035,case-grid-1001-veh_000-benign,root-6db03a4c788236439a51d263,1001,veh_000,ps-0b6a8266609a146f,CAM,36.0,412.9061081006402,-1.6,11.345434902065904,-0.3187715055327871,412.9061081006402,-1.6,11.345434902065904,-0.3187715055327871,nonce-6db03a4c788236439a51,True,False,benign,False,0,"{""attack_ended_at"": 36.0, ""case_opened_at"": 36.0, ""lane_id"": ""g10_g20_0"", ""road_id"": ""g10_g20""}"
cam-1001-veh_001-000034,cam-1001-veh_001-000034,case-grid-1001-veh_001-benign,root-c9889e1164cef613cfee8eb5,1001,veh_001,ps-11b4aa50327f89a0,CAM,36.0,798.4,361.21744769574025,12.228699847267404,-0.34331623155623703,798.4,361.21744769574025,12.228699847267404,-0.34331623155623703,nonce-c9889e1164cef613cfee,True,False,benign,False,0,"{""attack_ended_at"": 36.0, ""case_opened_at"": 36.0, ""lane_id"": ""g21_g20_0"", ""road_id"": ""g21_g20""}"
cam-1001-veh_002-000033,cam-1001-veh_002-000033,case-grid-1001-veh_002-position_offset,root-0954eda8ba487c1b6778d1b8,1001,veh_002,ps-e0bc27433007a32c,CAM,36.0,422.4347397395199,798.4,12.491692472251453,-0.11173095828853619,487.4347397395199,814.65,12.491692472251453,-0.11173095828853619,nonce-0954eda8ba487c1b6778,True,False,position_offset,True,0,"{""attack_ended_at"": 70.0, ""case_opened_at"": 18.0, ""lane_id"": ""g12_g22_0"", ""road_id"": ""g12_g22""}"
cam-1001-veh_003-000032,cam-1001-veh_003-000032,case-grid-1001-veh_003-benign,root-180bf4e54d93c01127cac15a,1001,veh_003,ps-13247f0afc865149,CAM,36.0,801.6,413.6023891460798,12.909363787745521,0.22888579148333577,801.6,413.6023891460798,12.909363787745521,0.22888579148333577,nonce-180bf4e54d93c01127ca,True,False,benign,False,0,"{""attack_ended_at"": 36.0, ""case_opened_at"": 36.0, ""lane_id"": ""g21_g22_0"", ""road_id"": ""g21_g22""}"
cam-1001-veh_004-000031,cam-1001-veh_004-000031,case-grid-1001-veh_004-speed_offset,root-1f5988f3258aa63d36931f4f,1001,veh_004,ps-b7dd5d779d6fb997,CAM,36.0,392.2587569351496,398.4,1.3257799530854113,-4.364630676597174,392.2587569351496,398.4,12.325779953085412,-4.364630676597174,nonce-1f5988f3258aa63d3693,True,False,speed_offset,True,0,"{""attack_ended_at"": 72.0, ""case_opened_at"": 20.0, ""lane_id"": ""g01_g11_0"", ""road_id"": ""g01_g11""}"
cam-1001-veh_005-000030,cam-1001-veh_005-000030,case-grid-1001-veh_005-benign,root-3bd52f13c79a2b02f82923eb,1001,veh_005,ps-fedb1f4cae953d51,CAM,36.0,409.6752011754037,401.6,6.254031524291177,-4.5,409.6752011754037,401.6,6.254031524291177,-4.5,nonce-3bd52f13c79a2b02f829,True,False,benign,False,0,"{""attack_ended_at"": 36.0, ""case_opened_at"": 36.0, ""lane_id"": ""g21_g11_0"", ""road_id"": ""g21_g11""}"
replay-cam-1001-veh_006-000029,cam-1001-veh_006-000013,case-grid-1001-veh_006-replay,root-5c7a4513fe3be1054abc600a,1001,veh_006,ps-402cdb4ee382d9ca,CAM,20.0,401.6,174.59536314421544,12.798435886765704,0.6172562393965197,401.6,174.59536314421544,12.798435886765704,0.6172562393965197,nonce-5c7a4513fe3be1054abc,True,False,replay,True,4,"{""attack_ended_at"": 20.0, ""case_opened_at"": 20.0, ""lane_id"": ""g10_g11_0"", ""road_id"": ""g10_g11""}"
cam-1001-veh_007-000028,cam-1001-veh_007-000028,case-grid-1001-veh_007-benign,root-cf3506b926aa65c7b601a881,1001,veh_007,ps-20a8fd281b9c6e27,CAM,36.0,398.4,433.2293918898461,12.332745305153937,-0.36850431755650703,398.4,433.2293918898461,12.332745305153937,-0.36850431755650703,nonce-cf3506b926aa65c7b601,True,False,benign,False,0,"{""attack_ended_at"": 36.0, ""case_opened_at"": 36.0, ""lane_id"": ""g12_g11_0"", ""road_id"": ""g12_g11""}"
cam-1001-veh_008-000027,cam-1001-veh_008-000027,case-grid-1001-veh_008-certificate_tamper,root-9e25aa5d2e2e6eeed45e4c85,1001,veh_008,ps-0441a16dd8d22b44,CAM,36.0,393.10516931900133,-1.6,11.78363531166352,-0.05891717509083527,393.10516931900133,-1.6,11.78363531166352,-0.05891717509083527,nonce-9e25aa5d2e2e6eeed45e,False,False,certificate_tamper,True,0,"{""attack_ended_at"": 76.0, ""case_opened_at"": 24.0, ""lane_id"": "":g10_4_0"", ""road_id"": "":g10_4""}"
cam-1001-veh_009-000026,cam-1001-veh_009-000026,case-grid-1001-veh_009-benign,root-6399bd7ed7fc3d00d512ba3f,1001,veh_009,ps-8e3b87e1d6235c50,CAM,36.0,798.4,418.13440146242516,14.259865787422479,0.10893454782664769,798.4,418.13440146242516,14.259865787422479,0.10893454782664769,nonce-6399bd7ed7fc3d00d512,True,False,benign,False,0,"{""attack_ended_at"": 36.0, ""case_opened_at"": 36.0, ""lane_id"": ""g22_g21_0"", ""road_id"": ""g22_g21""}"
cam-1001-veh_010-000025-f0,cam-1001-veh_010-000025,case-grid-1001-veh_010-flood,root-3d0695d852c46c5c0ef0837f,1001,veh_010,ps-bf5c5fe0f587553a,CAM,36.0,386.24804235007144,798.4,15.437304528436504,0.6529950720118354,386.24804235007144,798.4,15.437304528436504,0.6529950720118354,nonce-3d0695d852c46c5c0ef0,True,False,flood,True,0,"{""attack_ended_at"": 78.0, ""case_opened_at"": 26.0, ""lane_id"": ""g02_g12_0"", ""road_id"": ""g02_g12""}"
cam-1001-veh_010-000025-f1,cam-1001-veh_010-000025,case-grid-1001-veh_010-flood,root-3d0695d852c46c5c0ef0837f,1001,veh_010,ps-bf5c5fe0f587553a,CAM,36.0,386.24804235007144,798.4,15.437304528436504,0.6529950720118354,386.24804235007144,798.4,15.437304528436504,0.6529950720118354,nonce-3d0695d852c46c5c0ef0,True,False,flood,True,1,"{""attack_ended_at"": 78.0, ""case_opened_at"": 26.0, ""lane_id"": ""g02_g12_0"", ""road_id"": ""g02_g12""}"
cam-1001-veh_010-000025-f2,cam-1001-veh_010-000025,case-grid-1001-veh_010-flood,root-3d0695d852c46c5c0ef0837f,1001,veh_010,ps-bf5c5fe0f587553a,CAM,36.0,386.24804235007144,798.4,15.437304528436504,0.6529950720118354,386.24804235007144,798.4,15.437304528436504,0.6529950720118354,nonce-3d0695d852c46c5c0ef0,True,False,flood,True,2,"{""attack_ended_at"": 78.0, ""case_opened_at"": 26.0, ""lane_id"": ""g02_g12_0"", ""road_id"": ""g02_g12""}"
cam-1001-veh_010-000025-f3,cam-1001-veh_010-000025,case-grid-1001-veh_010-flood,root-3d0695d852c46c5c0ef0837f,1001,veh_010,ps-bf5c5fe0f587553a,CAM,36.0,386.24804235007144,798.4,15.437304528436504,0.6529950720118354,386.24804235007144,798.4,15.437304528436504,0.6529950720118354,nonce-3d0695d852c46c5c0ef0,True,False,flood,True,3,"{""attack_ended_at"": 78.0, ""case_opened_at"": 26.0, ""lane_id"": ""g02_g12_0"", ""road_id"": ""g02_g12""}"
cam-1001-veh_010-000025-f4,cam-1001-veh_010-000025,case-grid-1001-veh_010-flood,root-3d0695d852c46c5c0ef0837f,1001,veh_010,ps-bf5c5fe0f587553a,CAM,36.0,386.24804235007144,798.4,15.437304528436504,0.6529950720118354,386.24804235007144,798.4,15.437304528436504,0.6529950720118354,nonce-3d0695d852c46c5c0ef0,True,False,flood,True,4,"{""attack_ended_at"": 78.0, ""case_opened_at"": 26.0, ""lane_id"": ""g02_g12_0"", ""road_id"": ""g02_g12""}"
cam-1001-veh_011-000024,cam-1001-veh_011-000024,case-grid-1001-veh_011-benign,root-2bd3b13c3cc61bb501e6d4cf,1001,veh_011,ps-298210176c98c50a,CAM,36.0,801.6,329.3928403577347,13.27552652089177,-0.4907519893208523,801.6,329.3928403577347,13.27552652089177,-0.4907519893208523,nonce-2bd3b13c3cc61bb501e6,True,False,benign,False,0,"{""attack_ended_at"": 36.0, ""case_opened_at"": 36.0, ""lane_id"": ""g20_g21_0"", ""road_id"": ""g20_g21""}"
cam-1001-veh_012-000023,cam-1001-veh_012-000023,case-grid-1001-veh_012-false_denm,root-13b62be77f1c4d2359020f18,1001,veh_012,ps-a2d8503b0d2b7ea8,CAM,36.0,347.5071026461017,398.4,14.37902959224283,-0.1995731034502377,347.5071026461017,398.4,14.37902959224283,-0.1995731034502377,nonce-13b62be77f1c4d235902,True,False,false_denm,True,0,"{""attack_ended_at"": 80.0, ""case_opened_at"": 28.0, ""lane_id"": ""g01_g11_0"", ""road_id"": ""g01_g11""}"
cam-1001-veh_013-000022,cam-1001-veh_013-000022,case-grid-1001-veh_013-benign,root-4d42cf9cb77f83ede2285f05,1001,veh_013,ps-ffb1bac62aa27994,CAM,36.0,497.5129935546312,401.6,13.153739176718943,-0.028151260823943147,497.5129935546312,401.6,13.153739176718943,-0.028151260823943147,nonce-4d42cf9cb77f83ede228,True,False,benign,False,0,"{""attack_ended_at"": 36.0, ""case_opened_at"": 36.0, ""lane_id"": ""g21_g11_0"", ""road_id"": ""g21_g11""}"
cam-1001-veh_014-000021-m0,cam-1001-veh_014-000021,case-grid-1001-veh_014-mixed,root-f1d3409b06e15c13ccffad94,1001,veh_014,ps-0c5027fa621fc8a7,DENM,36.0,401.6,295.98181976690483,13.262594482089156,-0.5211083547212176,446.6,304.98181976690483,21.262594482089156,-0.5211083547212176,nonce-f1d3409b06e15c13ccff,True,True,mixed,True,0,"{""attack_ended_at"": 82.0, ""case_opened_at"": 30.0, ""lane_id"": ""g10_g11_0"", ""road_id"": ""g10_g11""}"
cam-1001-veh_014-000021-m1,cam-1001-veh_014-000021,case-grid-1001-veh_014-mixed,root-f1d3409b06e15c13ccffad94,1001,veh_014,ps-0c5027fa621fc8a7,DENM,36.0,401.6,295.98181976690483,13.262594482089156,-0.5211083547212176,446.6,304.98181976690483,21.262594482089156,-0.5211083547212176,nonce-f1d3409b06e15c13ccff,True,True,mixed,True,1,"{""attack_ended_at"": 82.0, ""case_opened_at"": 30.0, ""lane_id"": ""g10_g11_0"", ""road_id"": ""g10_g11""}"
cam-1001-veh_014-000021-m2,cam-1001-veh_014-000021,case-grid-1001-veh_014-mixed,root-f1d3409b06e15c13ccffad94,1001,veh_014,ps-0c5027fa621fc8a7,DENM,36.0,401.6,295.98181976690483,13.262594482089156,-0.5211083547212176,446.6,304.98181976690483,21.262594482089156,-0.5211083547212176,nonce-f1d3409b06e15c13ccff,True,True,mixed,True,2,"{""attack_ended_at"": 82.0, ""case_opened_at"": 30.0, ""lane_id"": ""g10_g11_0"", ""road_id"": ""g10_g11""}"
cam-1001-veh_014-000021-m3,cam-1001-veh_014-000021,case-grid-1001-veh_014-mixed,root-f1d3409b06e15c13ccffad94,1001,veh_014,ps-0c5027fa621fc8a7,DENM,36.0,401.6,295.98181976690483,13.262594482089156,-0.5211083547212176,446.6,304.98181976690483,21.262594482089156,-0.5211083547212176,nonce-f1d3409b06e15c13ccff,True,True,mixed,True,3,"{""attack_ended_at"": 82.0, ""case_opened_at"": 30.0, ""lane_id"": ""g10_g11_0"", ""road_id"": ""g10_g11""}"
cam-1001-veh_015-000020,cam-1001-veh_015-000020,case-grid-1001-veh_015-benign,root-9feffcf91ec6b0762bfe976c,1001,veh_015,ps-43db3038c74a6947,CAM,36.0,398.4,528.6658656284427,12.674566104058274,-0.028571693105623908,398.4,528.6658656284427,12.674566104058274,-0.028571693105623908,nonce-9feffcf91ec6b0762bfe,True,False,benign,False,0,"{""attack_ended_at"": 36.0, ""case_opened_at"": 36.0, ""lane_id"": ""g12_g11_0"", ""road_id"": ""g12_g11""}"
cam-1001-veh_016-000019,cam-1001-veh_016-000019,case-grid-1001-veh_016-benign,root-b7bb6ba8f4c23bcbfb148031,1001,veh_016,ps-cbbef243035097ce,CAM,36.0,311.19189504226324,-1.6,16.276556962625026,0.3694043981004498,311.19189504226324,-1.6,16.276556962625026,0.3694043981004498,nonce-b7bb6ba8f4c23bcbfb14,True,False,benign,False,0,"{""attack_ended_at"": 36.0, ""case_opened_at"": 36.0, ""lane_id"": ""g00_g10_0"", ""road_id"": ""g00_g10""}"
cam-1001-veh_017-000018,cam-1001-veh_017-000018,case-grid-1001-veh_017-benign,root-a89431960da7942f12112f2d,1001,veh_017,ps-c4cb9175e03371fc,CAM,36.0,798.4,536.6219151334819,14.020444141872995,-0.4962986173667012,798.4,536.6219151334819,14.020444141872995,-0.4962986173667012,nonce-a89431960da7942f1211,True,False,benign,False,0,"{""attack_ended_at"": 36.0, ""case_opened_at"": 36.0, ""lane_id"": ""g22_g21_0"", ""road_id"": ""g22_g21""}"
cam-1001-veh_018-000017,cam-1001-veh_018-000017,case-grid-1001-veh_018-benign,root-f18d8905316917c2be2efa3f,1001,veh_018,ps-f5eb5907dca15325,CAM,36.0,236.39282071463603,798.4,13.170460152805635,-0.3141929832659649,236.39282071463603,798.4,13.170460152805635,-0.3141929832659649,nonce-f18d8905316917c2be2e,True,False,benign,False,0,"{""attack_ended_at"": 36.0, ""case_opened_at"": 36.0, ""lane_id"": ""g02_g12_0"", ""road_id"": ""g02_g12""}"
cam-1001-veh_019-000016,cam-1001-veh_019-000016,case-grid-1001-veh_019-benign,root-c3337bf7e15bee382c18ae03,1001,veh_019,ps-bfc295509368822d,CAM,36.0,801.6,232.73612618254654,14.356036876871759,0.18536408702842877,801.6,232.73612618254654,14.356036876871759,0.18536408702842877,nonce-c3337bf7e15bee382c18,True,False,benign,False,0,"{""attack_ended_at"": 36.0, ""case_opened_at"": 36.0, ""lane_id"": ""g20_g21_0"", ""road_id"": ""g20_g21""}"
cam-1001-veh_020-000015,cam-1001-veh_020-000015,case-grid-1001-veh_020-benign,root-f4589cd30a413caaee59b418,1001,veh_020,ps-ebb98a241b250d58,CAM,36.0,202.14839940222578,398.4,12.88270297679966,0.10169189974665649,202.14839940222578,398.4,12.88270297679966,0.10169189974665649,nonce-f4589cd30a413caaee59,True,False,benign,False,0,"{""attack_ended_at"": 36.0, ""case_opened_at"": 36.0, ""lane_id"": ""g01_g11_0"", ""road_id"": ""g01_g11""}"
cam-1001-veh_021-000014,cam-1001-veh_021-000014,case-grid-1001-veh_021-benign,root-396c3b0262302ae5baae53dc,1001,veh_021,ps-c17e704b00a194fa,CAM,36.0,570.9804378071242,401.6,15.199222337864333,-0.45610868367366564,570.9804378071242,401.6,15.199222337864333,-0.45610868367366564,nonce-396c3b0262302ae5baae,True,False,benign,False,0,"{""attack_ended_at"": 36.0, ""case_opened_at"": 36.0, ""lane_id"": ""g21_g11_0"", ""road_id"": ""g21_g11""}"
cam-1001-veh_022-000013,cam-1001-veh_022-000013,case-grid-1001-veh_022-benign,root-2fad54b0db1b0f950a954a51,1001,veh_022,ps-37f1e0f2b964b078,CAM,36.0,401.6,219.24525546648803,15.95856739684535,-0.24994990962557395,401.6,219.24525546648803,15.95856739684535,-0.24994990962557395,nonce-2fad54b0db1b0f950a95,True,False,benign,False,0,"{""attack_ended_at"": 36.0, ""case_opened_at"": 36.0, ""lane_id"": ""g10_g11_0"", ""road_id"": ""g10_g11""}"
cam-1001-veh_023-000012,cam-1001-veh_023-000012,case-grid-1001-veh_023-benign,root-df2e1a850114173f99b7170b,1001,veh_023,ps-88766211387813b1,CAM,36.0,398.4,626.9336801612101,13.515177959173814,-0.1376417783601216,398.4,626.9336801612101,13.515177959173814,-0.1376417783601216,nonce-df2e1a850114173f99b7,True,False,benign,False,0,"{""attack_ended_at"": 36.0, ""case_opened_at"": 36.0, ""lane_id"": ""g12_g11_0"", ""road_id"": ""g12_g11""}"
cam-1001-veh_000-000036,cam-1001-veh_000-000036,case-grid-1001-veh_000-benign,root-d034c5c9ca0e31b8315b8959,1001,veh_000,ps-0b6a8266609a146f,CAM,37.0,424.4654839804583,-1.6,11.559375879818113,0.213940977752209,424.4654839804583,-1.6,11.559375879818113,0.213940977752209,nonce-d034c5c9ca0e31b8315b,True,False,benign,False,0,"{""attack_ended_at"": 37.0, ""case_opened_at"": 37.0, ""lane_id"": ""g10_g20_0"", ""road_id"": ""g10_g20""}"
cam-1001-veh_001-000035,cam-1001-veh_001-000035,case-grid-1001-veh_001-benign,root-17bb033c120904a31ed73f9c,1001,veh_001,ps-11b4aa50327f89a0,CAM,37.0,798.4,348.83962931043493,12.377818385305279,0.14911853803787523,798.4,348.83962931043493,12.377818385305279,0.14911853803787523,nonce-17bb033c120904a31ed7,True,False,benign,False,0,"{""attack_ended_at"": 37.0, ""case_opened_at"": 37.0, ""lane_id"": ""g21_g20_0"", ""road_id"": ""g21_g20""}"
cam-1001-veh_002-000034,cam-1001-veh_002-000034,case-grid-1001-veh_002-position_offset,root-386e696954b737e82ae44bd2,1001,veh_002,ps-e0bc27433007a32c,CAM,37.0,435.3889278895405,798.4,12.954188150020636,0.46249567776918354,500.3889278895405,814.65,12.954188150020636,0.46249567776918354,nonce-386e696954b737e82ae4,True,False,position_offset,True,0,"{""attack_ended_at"": 70.0, ""case_opened_at"": 18.0, ""lane_id"": ""g12_g22_0"", ""road_id"": ""g12_g22""}"
cam-1001-veh_003-000033,cam-1001-veh_003-000033,case-grid-1001-veh_003-benign,root-b9a085b9b79cc7f2d4c0505c,1001,veh_003,ps-13247f0afc865149,CAM,37.0,801.6,426.1231181715922,12.520729025512397,-0.3886347622331243,801.6,426.1231181715922,12.520729025512397,-0.3886347622331243,nonce-b9a085b9b79cc7f2d4c0,True,False,benign,False,0,"{""attack_ended_at"": 37.0, ""case_opened_at"": 37.0, ""lane_id"": ""g21_g22_0"", ""road_id"": ""g21_g22""}"
cam-1001-veh_004-000032,cam-1001-veh_004-000032,case-grid-1001-veh_004-speed_offset,root-22da5aa1dadaa42fc17d0c9f,1001,veh_004,ps-b7dd5d779d6fb997,CAM,37.0,392.61461422221373,398.4,0.3558572870641006,-0.9699226660213107,392.61461422221373,398.4,11.3558572870641,-0.9699226660213107,nonce-22da5aa1dadaa42fc17d,True,False,speed_offset,True,0,"{""attack_ended_at"": 72.0, ""case_opened_at"": 20.0, ""lane_id"": ""g01_g11_0"", ""road_id"": ""g01_g11""}"
cam-1001-veh_005-000031,cam-1001-veh_005-000031,case-grid-1001-veh_005-benign,root-6dbfe5c88cee2f478a73a2ad,1001,veh_005,ps-fedb1f4cae953d51,CAM,37.0,407.9211696511125,401.6,1.754031524291177,-4.5,407.9211696511125,401.6,1.754031524291177,-4.5,nonce-6dbfe5c88cee2f478a73,True,False,benign,False,0,"{""attack_ended_at"": 37.0, ""case_opened_at"": 37.0, ""lane_id"": ""g21_g11_0"", ""road_id"": ""g21_g11""}"
replay-cam-1001-veh_006-000030,cam-1001-veh_006-000014,case-grid-1001-veh_006-replay,root-faba00bbc28a3744e084f767,1001,veh_006,ps-402cdb4ee382d9ca,CAM,21.0,401.6,186.88279930842586,12.287436164210424,-0.5109997225552796,401.6,186.88279930842586,12.287436164210424,-0.5109997225552796,nonce-faba00bbc28a3744e084,True,False,replay,True,4,"{""attack_ended_at"": 21.0, ""case_opened_at"": 21.0, ""lane_id"": ""g10_g11_0"", ""road_id"": ""g10_g11""}"
cam-1001-veh_007-000029,cam-1001-veh_007-000029,case-grid-1001-veh_007-benign,root-c1eb8c25d30c7c1741a2adf2,1001,veh_007,ps-20a8fd281b9c6e27,CAM,37.0,398.4,420.7448469345092,12.484544955336883,0.15179965018294617,398.4,420.7448469345092,12.484544955336883,0.15179965018294617,nonce-c1eb8c25d30c7c1741a2,True,False,benign,False,0,"{""attack_ended_at"": 37.0, ""case_opened_at"": 37.0, ""lane_id"": ""g12_g11_0"", ""road_id"": ""g12_g11""}"
cam-1001-veh_008-000028,cam-1001-veh_008-000028,case-grid-1001-veh_008-certificate_tamper,root-4438e44b391a7e3b65dd2622,1001,veh_008,ps-0441a16dd8d22b44,CAM,37.0,404.283185636468,-1.6,11.17801631746667,-0.6056189941968508,404.283185636468,-1.6,11.17801631746667,-0.6056189941968508,nonce-4438e44b391a7e3b65dd,False,False,certificate_tamper,True,0,"{""attack_ended_at"": 76.0, ""case_opened_at"": 24.0, ""lane_id"": "":g10_4_0"", ""road_id"": "":g10_4""}"
cam-1001-veh_009-000027,cam-1001-veh_009-000027,case-grid-1001-veh_009-benign,root-d9a7cb91ad1b49add972f06a,1001,veh_009,ps-8e3b87e1d6235c50,CAM,37.0,798.4,403.45112276361834,14.683278698806845,0.4234129113843661,798.4,403.45112276361834,14.683278698806845,0.4234129113843661,nonce-d9a7cb91ad1b49add972,True,False,benign,False,0,"{""attack_ended_at"": 37.0, ""case_opened_at"": 37.0, ""lane_id"": "":g21_1_0"", ""road_id"": "":g21_1""}"
cam-1001-veh_010-000026-f0,cam-1001-veh_010-000026,case-grid-1001-veh_010-flood,root-6d221e1c992076a793953707,1001,veh_010,ps-bf5c5fe0f587553a,CAM,37.0,401.055684383313,798.4,14.80764203324157,-0.6296624951949337,401.055684383313,798.4,14.80764203324157,-0.6296624951949337,nonce-6d221e1c992076a79395,True,False,flood,True,0,"{""attack_ended_at"": 78.0, ""case_opened_at"": 26.0, ""lane_id"": "":g12_5_0"", ""road_id"": "":g12_5""}"
cam-1001-veh_010-000026-f1,cam-1001-veh_010-000026,case-grid-1001-veh_010-flood,root-6d221e1c992076a793953707,1001,veh_010,ps-bf5c5fe0f587553a,CAM,37.0,401.055684383313,798.4,14.80764203324157,-0.6296624951949337,401.055684383313,798.4,14.80764203324157,-0.6296624951949337,nonce-6d221e1c992076a79395,True,False,flood,True,1,"{""attack_ended_at"": 78.0, ""case_opened_at"": 26.0, ""lane_id"": "":g12_5_0"", ""road_id"": "":g12_5""}"
cam-1001-veh_010-000026-f2,cam-1001-veh_010-000026,case-grid-1001-veh_010-flood,root-6d221e1c992076a793953707,1001,veh_010,ps-bf5c5fe0f587553a,CAM,37.0,401.055684383313,798.4,14.80764203324157,-0.6296624951949337,401.055684383313,798.4,14.80764203324157,-0.6296624951949337,nonce-6d221e1c992076a79395,True,False,flood,True,2,"{""attack_ended_at"": 78.0, ""case_opened_at"": 26.0, ""lane_id"": "":g12_5_0"", ""road_id"": "":g12_5""}"
cam-1001-veh_010-000026-f3,cam-1001-veh_010-000026,case-grid-1001-veh_010-flood,root-6d221e1c992076a793953707,1001,veh_010,ps-bf5c5fe0f587553a,CAM,37.0,401.055684383313,798.4,14.80764203324157,-0.6296624951949337,401.055684383313,798.4,14.80764203324157,-0.6296624951949337,nonce-6d221e1c992076a79395,True,False,flood,True,3,"{""attack_ended_at"": 78.0, ""case_opened_at"": 26.0, ""lane_id"": "":g12_5_0"", ""road_id"": "":g12_5""}"
cam-1001-veh_010-000026-f4,cam-1001-veh_010-000026,case-grid-1001-veh_010-flood,root-6d221e1c992076a793953707,1001,veh_010,ps-bf5c5fe0f587553a,CAM,37.0,401.055684383313,798.4,14.80764203324157,-0.6296624951949337,401.055684383313,798.4,14.80764203324157,-0.6296624951949337,nonce-6d221e1c992076a79395,True,False,flood,True,4,"{""attack_ended_at"": 78.0, ""case_opened_at"": 26.0, ""lane_id"": "":g12_5_0"", ""road_id"": "":g12_5""}"
cam-1001-veh_011-000025,cam-1001-veh_011-000025,case-grid-1001-veh_011-benign,root-7398e7ac13373cced230ceec,1001,veh_011,ps-298210176c98c50a,CAM,37.0,801.6,342.58318062608373,13.190340268348999,-0.0851862525427709,801.6,342.58318062608373,13.190340268348999,-0.0851862525427709,nonce-7398e7ac13373cced230,True,False,benign,False,0,"{""attack_ended_at"": 37.0, ""case_opened_at"": 37.0, ""lane_id"": ""g20_g21_0"", ""road_id"": ""g20_g21""}"
cam-1001-veh_012-000024,cam-1001-veh_012-000024,case-grid-1001-veh_012-false_denm,root-c1c9acf8ed748fb2e3916cbc,1001,veh_012,ps-a2d8503b0d2b7ea8,CAM,37.0,361.9047070050335,398.4,14.39760435893181,0.01857476668897995,361.9047070050335,398.4,14.39760435893181,0.01857476668897995,nonce-c1c9acf8ed748fb2e391,True,False,false_denm,True,0,"{""attack_ended_at"": 80.0, ""case_opened_at"": 28.0, ""lane_id"": ""g01_g11_0"", ""road_id"": ""g01_g11""}"
cam-1001-veh_013-000023,cam-1001-veh_013-000023,case-grid-1001-veh_013-benign,root-1ab25c0c57c1287498884faf,1001,veh_013,ps-ffb1bac62aa27994,CAM,37.0,483.87890525479753,401.6,13.634088299833664,0.48034912311472056,483.87890525479753,401.6,13.634088299833664,0.48034912311472056,nonce-1ab25c0c57c128749888,True,False,benign,False,0,"{""attack_ended_at"": 37.0, ""case_opened_at"": 37.0, ""lane_id"": ""g21_g11_0"", ""road_id"": ""g21_g11""}"
cam-1001-veh_014-000022-m0,cam-1001-veh_014-000022,case-grid-1001-veh_014-mixed,root-50641e9f7f840c85560b32fb,1001,veh_014,ps-0c5027fa621fc8a7,DENM,37.0,401.6,309.1502862488119,13.168466481907055,-0.09412800018210099,446.6,318.1502862488119,21.168466481907053,-0.09412800018210099,nonce-50641e9f7f840c85560b,True,True,mixed,True,0,"{""attack_ended_at"": 82.0, ""case_opened_at"": 30.0, ""lane_id"": ""g10_g11_0"", ""road_id"": ""g10_g11""}"
cam-1001-veh_014-000022-m1,cam-1001-veh_014-000022,case-grid-1001-veh_014-mixed,root-50641e9f7f840c85560b32fb,1001,veh_014,ps-0c5027fa621fc8a7,DENM,37.0,401.6,309.1502862488119,13.168466481907055,-0.09412800018210099,446.6,318.1502862488119,21.168466481907053,-0.09412800018210099,nonce-50641e9f7f840c85560b,True,True,mixed,True,1,"{""attack_ended_at"": 82.0, ""case_opened_at"": 30.0, ""lane_id"": ""g10_g11_0"", ""road_id"": ""g10_g11""}"
cam-1001-veh_014-000022-m2,cam-1001-veh_014-000022,case-grid-1001-veh_014-mixed,root-50641e9f7f840c85560b32fb,1001,veh_014,ps-0c5027fa621fc8a7,DENM,37.0,401.6,309.1502862488119,13.168466481907055,-0.09412800018210099,446.6,318.1502862488119,21.168466481907053,-0.09412800018210099,nonce-50641e9f7f840c85560b,True,True,mixed,True,2,"{""attack_ended_at"": 82.0, ""case_opened_at"": 30.0, ""lane_id"": ""g10_g11_0"", ""road_id"": ""g10_g11""}"
cam-1001-veh_014-000022-m3,cam-1001-veh_014-000022,case-grid-1001-veh_014-mixed,root-50641e9f7f840c85560b32fb,1001,veh_014,ps-0c5027fa621fc8a7,DENM,37.0,401.6,309.1502862488119,13.168466481907055,-0.09412800018210099,446.6,318.1502862488119,21.168466481907053,-0.09412800018210099,nonce-50641e9f7f840c85560b,True,True,mixed,True,3,"{""attack_ended_at"": 82.0, ""case_opened_at"": 30.0, ""lane_id"": ""g10_g11_0"", ""road_id"": ""g10_g11""}"
cam-1001-veh_015-000021,cam-1001-veh_015-000021,case-grid-1001-veh_015-benign,root-8305eb09fd9227ea33f22a3a,1001,veh_015,ps-43db3038c74a6947,CAM,37.0,398.4,515.5430232045175,13.122842423925274,0.44827631986700034,398.4,515.5430232045175,13.122842423925274,0.44827631986700034,nonce-8305eb09fd9227ea33f2,True,False,benign,False,0,"{""attack_ended_at"": 37.0, ""case_opened_at"": 37.0, ""lane_id"": ""g12_g11_0"", ""road_id"": ""g12_g11""}"
cam-1001-veh_016-000020,cam-1001-veh_016-000020,case-grid-1001-veh_016-benign,root-dd78aa28bcac3ba488279633,1001,veh_016,ps-cbbef243035097ce,CAM,37.0,327.30675935867725,-1.6,16.114864316414014,-0.1616926462110122,327.30675935867725,-1.6,16.114864316414014,-0.1616926462110122,nonce-dd78aa28bcac3ba48827,True,False,benign,False,0,"{""attack_ended_at"": 37.0, ""case_opened_at"": 37.0, ""lane_id"": ""g00_g10_0"", ""road_id"": ""g00_g10""}"
cam-1001-veh_017-000019,cam-1001-veh_017-000019,case-grid-1001-veh_017-benign,root-d22183c08c6027c56c4e951f,1001,veh_017,ps-c4cb9175e03371fc,CAM,37.0,798.4,522.2584966490961,14.363418484385893,0.34297434251289793,798.4,522.2584966490961,14.363418484385893,0.34297434251289793,nonce-d22183c08c6027c56c4e,True,False,benign,False,0,"{""attack_ended_at"": 37.0, ""case_opened_at"": 37.0, ""lane_id"": ""g22_g21_0"", ""road_id"": ""g22_g21""}"
cam-1001-veh_018-000018,cam-1001-veh_018-000018,case-grid-1001-veh_018-benign,root-7359009f4bff26514801b738,1001,veh_018,ps-f5eb5907dca15325,CAM,37.0,249.98022441773776,798.4,13.587403703101762,0.41694355029612673,249.98022441773776,798.4,13.587403703101762,0.41694355029612673,nonce-7359009f4bff26514801,True,False,benign,False,0,"{""attack_ended_at"": 37.0, ""case_opened_at"": 37.0, ""lane_id"": ""g02_g12_0"", ""road_id"": ""g02_g12""}"
cam-1001-veh_019-000017,cam-1001-veh_019-000017,case-grid-1001-veh_019-benign,root-e132d7c7b2948da3336ba3d5,1001,veh_019,ps-bfc295509368822d,CAM,37.0,801.6,247.07645870768488,14.340332525138319,-0.01570435173344009,801.6,247.07645870768488,14.340332525138319,-0.01570435173344009,nonce-e132d7c7b2948da3336b,True,False,benign,False,0,"{""attack_ended_at"": 37.0, ""case_opened_at"": 37.0, ""lane_id"": ""g20_g21_0"", ""road_id"": ""g20_g21""}"
cam-1001-veh_020-000016,cam-1001-veh_020-000016,case-grid-1001-veh_020-benign,root-ecee6ec2bbf7042291fbcf64,1001,veh_020,ps-ebb98a241b250d58,CAM,37.0,214.74097464949875,398.4,12.59257524727294,-0.29012772952671995,214.74097464949875,398.4,12.59257524727294,-0.29012772952671995,nonce-ecee6ec2bbf7042291fb,True,False,benign,False,0,"{""attack_ended_at"": 37.0, ""case_opened_at"": 37.0, ""lane_id"": ""g01_g11_0"", ""road_id"": ""g01_g11""}"
cam-1001-veh_021-000015,cam-1001-veh_021-000015,case-grid-1001-veh_021-benign,root-2ea4d899b9eed6cc1d62bd13,1001,veh_021,ps-c17e704b00a194fa,CAM,37.0,555.0600887068781,401.6,15.920349100246087,0.7211267623817541,555.0600887068781,401.6,15.920349100246087,0.7211267623817541,nonce-2ea4d899b9eed6cc1d62,True,False,benign,False,0,"{""attack_ended_at"": 37.0, ""case_opened_at"": 37.0, ""lane_id"": ""g21_g11_0"", ""road_id"": ""g21_g11""}"
cam-1001-veh_022-000014,cam-1001-veh_022-000014,case-grid-1001-veh_022-benign,root-d5f409535043689f2434ddbe,1001,veh_022,ps-37f1e0f2b964b078,CAM,37.0,401.6,235.5348405491035,16.289585082615407,0.33101768577005686,401.6,235.5348405491035,16.289585082615407,0.33101768577005686,nonce-d5f409535043689f2434,True,False,benign,False,0,"{""attack_ended_at"": 37.0, ""case_opened_at"": 37.0, ""lane_id"": ""g10_g11_0"", ""road_id"": ""g10_g11""}"
cam-1001-veh_023-000013,cam-1001-veh_023-000013,case-grid-1001-veh_023-benign,root-c0193bc09d1d1a219a1a1fc0,1001,veh_023,ps-88766211387813b1,CAM,37.0,398.4,613.907479468088,13.026200693122007,-0.4889772660518066,398.4,613.907479468088,13.026200693122007,-0.4889772660518066,nonce-c0193bc09d1d1a219a1a,True,False,benign,False,0,"{""attack_ended_at"": 37.0, ""case_opened_at"": 37.0, ""lane_id"": ""g12_g11_0"", ""road_id"": ""g12_g11""}"
cam-1001-veh_000-000037,cam-1001-veh_000-000037,case-grid-1001-veh_000-benign,root-b0a51590af2363e18f8509e6,1001,veh_000,ps-0b6a8266609a146f,CAM,38.0,436.1596904901486,-1.6,11.694206509690272,0.13483062987215888,436.1596904901486,-1.6,11.694206509690272,0.13483062987215888,nonce-b0a51590af2363e18f85,True,False,benign,False,0,"{""attack_ended_at"": 38.0, ""case_opened_at"": 38.0, ""lane_id"": ""g10_g20_0"", ""road_id"": ""g10_g20""}"
cam-1001-veh_001-000036,cam-1001-veh_001-000036,case-grid-1001-veh_001-benign,root-f85a64fddbda7b04da889fe0,1001,veh_001,ps-11b4aa50327f89a0,CAM,38.0,798.4,335.94643601541577,12.893193295019142,0.5153749097138629,798.4,335.94643601541577,12.893193295019142,0.5153749097138629,nonce-f85a64fddbda7b04da88,True,False,benign,False,0,"{""attack_ended_at"": 38.0, ""case_opened_at"": 38.0, ""lane_id"": ""g21_g20_0"", ""road_id"": ""g21_g20""}"
cam-1001-veh_002-000035,cam-1001-veh_002-000035,case-grid-1001-veh_002-position_offset,root-528ddf51395e7913dfad0c9c,1001,veh_002,ps-e0bc27433007a32c,CAM,38.0,448.0068805373852,798.4,12.61795264784465,-0.3362355021759864,513.0068805373852,814.65,12.61795264784465,-0.3362355021759864,nonce-528ddf51395e7913dfad,True,False,position_offset,True,0,"{""attack_ended_at"": 70.0, ""case_opened_at"": 18.0, ""lane_id"": ""g12_g22_0"", ""road_id"": ""g12_g22""}"
cam-1001-veh_003-000034,cam-1001-veh_003-000034,case-grid-1001-veh_003-benign,root-a20832843f576730d6443af6,1001,veh_003,ps-13247f0afc865149,CAM,38.0,801.6,438.412531320454,12.289413148861774,-0.2313158766506227,801.6,438.412531320454,12.289413148861774,-0.2313158766506227,nonce-a20832843f576730d644,True,False,benign,False,0,"{""attack_ended_at"": 38.0, ""case_opened_at"": 38.0, ""lane_id"": ""g21_g22_0"", ""road_id"": ""g21_g22""}"
cam-1001-veh_004-000033,cam-1001-veh_004-000033,case-grid-1001-veh_004-speed_offset,root-248ec3806522753ab2a6f5d6,1001,veh_004,ps-b7dd5d779d6fb997,CAM,38.0,392.6887235221556,398.4,0.07410929994187762,-0.28174798712222293,392.6887235221556,398.4,11.074109299941878,-0.28174798712222293,nonce-248ec3806522753ab2a6,True,False,speed_offset,True,0,"{""attack_ended_at"": 72.0, ""case_opened_at"": 20.0, ""lane_id"": ""g01_g11_0"", ""road_id"": ""g01_g11""}"
cam-1001-veh_005-000032,cam-1001-veh_005-000032,case-grid-1001-veh_005-benign,root-a7ea1955fb376c083139f480,1001,veh_005,ps-fedb1f4cae953d51,CAM,38.0,407.4265743495962,401.6,0.49459530151630104,-1.2594362227748759,407.4265743495962,401.6,0.49459530151630104,-1.2594362227748759,nonce-a7ea1955fb376c083139,True,False,benign,False,0,"{""attack_ended_at"": 38.0, ""case_opened_at"": 38.0, ""lane_id"": ""g21_g11_0"", ""road_id"": ""g21_g11""}"
replay-cam-1001-veh_006-000031,cam-1001-veh_006-000011,case-grid-1001-veh_006-replay,root-55cf5c413e6560d70ca215ff,1001,veh_006,ps-402cdb4ee382d9ca,CAM,18.0,401.6,149.61574761008055,12.427882390090138,0.2817533832695336,401.6,149.61574761008055,12.427882390090138,0.2817533832695336,nonce-55cf5c413e6560d70ca2,True,False,replay,True,5,"{""attack_ended_at"": 18.0, ""case_opened_at"": 18.0, ""lane_id"": ""g10_g11_0"", ""road_id"": ""g10_g11""}"
cam-1001-veh_007-000030,cam-1001-veh_007-000030,case-grid-1001-veh_007-benign,root-2b792f6e1c87fcd7178d1ea4,1001,veh_007,ps-20a8fd281b9c6e27,CAM,38.0,398.4,408.09235577817753,12.652491156331658,0.1679462009947752,398.4,408.09235577817753,12.652491156331658,0.1679462009947752,nonce-2b792f6e1c87fcd7178d,True,False,benign,False,0,"{""attack_ended_at"": 38.0, ""case_opened_at"": 38.0, ""lane_id"": ""g12_g11_0"", ""road_id"": ""g12_g11""}"
cam-1001-veh_008-000029,cam-1001-veh_008-000029,case-grid-1001-veh_008-certificate_tamper,root-fdb4a2d1c49494402ddf7e40,1001,veh_008,ps-0441a16dd8d22b44,CAM,38.0,415.66492770765586,-1.6,11.381742071187862,0.2037257537211925,415.66492770765586,-1.6,11.381742071187862,0.2037257537211925,nonce-fdb4a2d1c49494402ddf,False,False,certificate_tamper,True,0,"{""attack_ended_at"": 76.0, ""case_opened_at"": 24.0, ""lane_id"": ""g10_g20_0"", ""road_id"": ""g10_g20""}"
cam-1001-veh_009-000028,cam-1001-veh_009-000028,case-grid-1001-veh_009-benign,root-4a733cc896512bd381689c2e,1001,veh_009,ps-8e3b87e1d6235c50,CAM,38.0,798.4,389.35592518234466,14.095197581273698,-0.5880811175331466,798.4,389.35592518234466,14.095197581273698,-0.5880811175331466,nonce-4a733cc896512bd38168,True,False,benign,False,0,"{""attack_ended_at"": 38.0, ""case_opened_at"": 38.0, ""lane_id"": ""g21_g20_0"", ""road_id"": ""g21_g20""}"
cam-1001-veh_010-000027-f0,cam-1001-veh_010-000027,case-grid-1001-veh_010-flood,root-03bfbf97c45b55574ebed115,1001,veh_010,ps-bf5c5fe0f587553a,CAM,38.0,416.0896058831165,798.4,15.033921499803544,0.22627946656197295,416.0896058831165,798.4,15.033921499803544,0.22627946656197295,nonce-03bfbf97c45b55574ebe,True,False,flood,True,0,"{""attack_ended_at"": 78.0, ""case_opened_at"": 26.0, ""lane_id"": ""g12_g22_0"", ""road_id"": ""g12_g22""}"
cam-1001-veh_010-000027-f1,cam-1001-veh_010-000027,case-grid-1001-veh_010-flood,root-03bfbf97c45b55574ebed115,1001,veh_010,ps-bf5c5fe0f587553a,CAM,38.0,416.0896058831165,798.4,15.033921499803544,0.22627946656197295,416.0896058831165,798.4,15.033921499803544,0.22627946656197295,nonce-03bfbf97c45b55574ebe,True,False,flood,True,1,"{""attack_ended_at"": 78.0, ""case_opened_at"": 26.0, ""lane_id"": ""g12_g22_0"", ""road_id"": ""g12_g22""}"
cam-1001-veh_010-000027-f2,cam-1001-veh_010-000027,case-grid-1001-veh_010-flood,root-03bfbf97c45b55574ebed115,1001,veh_010,ps-bf5c5fe0f587553a,CAM,38.0,416.0896058831165,798.4,15.033921499803544,0.22627946656197295,416.0896058831165,798.4,15.033921499803544,0.22627946656197295,nonce-03bfbf97c45b55574ebe,True,False,flood,True,2,"{""attack_ended_at"": 78.0, ""case_opened_at"": 26.0, ""lane_id"": ""g12_g22_0"", ""road_id"": ""g12_g22""}"
cam-1001-veh_010-000027-f3,cam-1001-veh_010-000027,case-grid-1001-veh_010-flood,root-03bfbf97c45b55574ebed115,1001,veh_010,ps-bf5c5fe0f587553a,CAM,38.0,416.0896058831165,798.4,15.033921499803544,0.22627946656197295,416.0896058831165,798.4,15.033921499803544,0.22627946656197295,nonce-03bfbf97c45b55574ebe,True,False,flood,True,3,"{""attack_ended_at"": 78.0, ""case_opened_at"": 26.0, ""lane_id"": ""g12_g22_0"", ""road_id"": ""g12_g22""}"
cam-1001-veh_010-000027-f4,cam-1001-veh_010-000027,case-grid-1001-veh_010-flood,root-03bfbf97c45b55574ebed115,1001,veh_010,ps-bf5c5fe0f587553a,CAM,38.0,416.0896058831165,798.4,15.033921499803544,0.22627946656197295,416.0896058831165,798.4,15.033921499803544,0.22627946656197295,nonce-03bfbf97c45b55574ebe,True,False,flood,True,4,"{""attack_ended_at"": 78.0, ""case_opened_at"": 26.0, ""lane_id"": ""g12_g22_0"", ""road_id"": ""g12_g22""}"
cam-1001-veh_011-000026,cam-1001-veh_011-000026,case-grid-1001-veh_011-benign,root-e05459321b1012108efd8582,1001,veh_011,ps-298210176c98c50a,CAM,38.0,801.6,356.1290960440229,13.545915417939149,0.35557514959015,801.6,356.1290960440229,13.545915417939149,0.35557514959015,nonce-e05459321b1012108efd,True,False,benign,False,0,"{""attack_ended_at"": 38.0, ""case_opened_at"": 38.0, ""lane_id"": ""g20_g21_0"", ""road_id"": ""g20_g21""}"
cam-1001-veh_012-000025,cam-1001-veh_012-000025,case-grid-1001-veh_012-false_denm,root-2ab9d21f85ae859e14d542fb,1001,veh_012,ps-a2d8503b0d2b7ea8,DENM,38.0,373.7025611778962,398.4,11.797854172862708,-2.5997501860691017,373.7025611778962,398.4,11.797854172862708,-2.5997501860691017,nonce-2ab9d21f85ae859e14d5,True,True,false_denm,True,0,"{""attack_ended_at"": 80.0, ""case_opened_at"": 28.0, ""lane_id"": ""g01_g11_0"", ""road_id"": ""g01_g11""}"
cam-1001-veh_013-000024,cam-1001-veh_013-000024,case-grid-1001-veh_013-benign,root-51bef0c0cc68ae7a52eea61c,1001,veh_013,ps-ffb1bac62aa27994,CAM,38.0,470.85502665702626,401.6,13.023878597771244,-0.61020970206242,470.85502665702626,401.6,13.023878597771244,-0.61020970206242,nonce-51bef0c0cc68ae7a52ee,True,False,benign,False,0,"{""attack_ended_at"": 38.0, ""case_opened_at"": 38.0, ""lane_id"": ""g21_g11_0"", ""road_id"": ""g21_g11""}"
cam-1001-veh_014-000023-m0,cam-1001-veh_014-000023,case-grid-1001-veh_014-mixed,root-bac39c4ec374c1590a594c0f,1001,veh_014,ps-0c5027fa621fc8a7,DENM,38.0,401.6,322.47920300762365,13.328916758811795,0.16045027690474,446.6,331.47920300762365,21.328916758811793,0.16045027690474,nonce-bac39c4ec374c1590a59,True,True,mixed,True,0,"{""attack_ended_at"": 82.0, ""case_opened_at"": 30.0, ""lane_id"": ""g10_g11_0"", ""road_id"": ""g10_g11""}"
cam-1001-veh_014-000023-m1,cam-1001-veh_014-000023,case-grid-1001-veh_014-mixed,root-bac39c4ec374c1590a594c0f,1001,veh_014,ps-0c5027fa621fc8a7,DENM,38.0,401.6,322.47920300762365,13.328916758811795,0.16045027690474,446.6,331.47920300762365,21.328916758811793,0.16045027690474,nonce-bac39c4ec374c1590a59,True,True,mixed,True,1,"{""attack_ended_at"": 82.0, ""case_opened_at"": 30.0, ""lane_id"": ""g10_g11_0"", ""road_id"": ""g10_g11""}"
cam-1001-veh_014-000023-m2,cam-1001-veh_014-000023,case-grid-1001-veh_014-mixed,root-bac39c4ec374c1590a594c0f,1001,veh_014,ps-0c5027fa621fc8a7,DENM,38.0,401.6,322.47920300762365,13.328916758811795,0.16045027690474,446.6,331.47920300762365,21.328916758811793,0.16045027690474,nonce-bac39c4ec374c1590a59,True,True,mixed,True,2,"{""attack_ended_at"": 82.0, ""case_opened_at"": 30.0, ""lane_id"": ""g10_g11_0"", ""road_id"": ""g10_g11""}"
cam-1001-veh_014-000023-m3,cam-1001-veh_014-000023,case-grid-1001-veh_014-mixed,root-bac39c4ec374c1590a594c0f,1001,veh_014,ps-0c5027fa621fc8a7,DENM,38.0,401.6,322.47920300762365,13.328916758811795,0.16045027690474,446.6,331.47920300762365,21.328916758811793,0.16045027690474,nonce-bac39c4ec374c1590a59,True,True,mixed,True,3,"{""attack_ended_at"": 82.0, ""case_opened_at"": 30.0, ""lane_id"": ""g10_g11_0"", ""road_id"": ""g10_g11""}"
cam-1001-veh_015-000022,cam-1001-veh_015-000022,case-grid-1001-veh_015-benign,root-1758dee6f1fbc38ade5f6874,1001,veh_015,ps-43db3038c74a6947,CAM,38.0,398.4,502.1977244302377,13.345298774279751,0.2224563503544772,398.4,502.1977244302377,13.345298774279751,0.2224563503544772,nonce-1758dee6f1fbc38ade5f,True,False,benign,False,0,"{""attack_ended_at"": 38.0, ""case_opened_at"": 38.0, ""lane_id"": ""g12_g11_0"", ""road_id"": ""g12_g11""}"
cam-1001-veh_016-000021,cam-1001-veh_016-000021,case-grid-1001-veh_016-benign,root-c14c820a54eeb60ea432ea5b,1001,veh_016,ps-cbbef243035097ce,CAM,38.0,343.3869932078515,-1.6,16.08023384917425,-0.03463046723976504,343.3869932078515,-1.6,16.08023384917425,-0.03463046723976504,nonce-c14c820a54eeb60ea432,True,False,benign,False,0,"{""attack_ended_at"": 38.0, ""case_opened_at"": 38.0, ""lane_id"": ""g00_g10_0"", ""road_id"": ""g00_g10""}"
cam-1001-veh_017-000020,cam-1001-veh_017-000020,case-grid-1001-veh_017-benign,root-d71c9a4b5044b7e6ec509397,1001,veh_017,ps-c4cb9175e03371fc,CAM,38.0,798.4,507.84429429350286,14.414202355593279,0.050783871207386255,798.4,507.84429429350286,14.414202355593279,0.050783871207386255,nonce-d71c9a4b5044b7e6ec50,True,False,benign,False,0,"{""attack_ended_at"": 38.0, ""case_opened_at"": 38.0, ""lane_id"": ""g22_g21_0"", ""road_id"": ""g22_g21""}"
cam-1001-veh_018-000019,cam-1001-veh_018-000019,case-grid-1001-veh_018-benign,root-d9bafe3b7cede333ca66aff8,1001,veh_018,ps-f5eb5907dca15325,CAM,38.0,263.5799778980333,798.4,13.599753480295503,0.012349777193740863,263.5799778980333,798.4,13.599753480295503,0.012349777193740863,nonce-d9bafe3b7cede333ca66,True,False,benign,False,0,"{""attack_ended_at"": 38.0, ""case_opened_at"": 38.0, ""lane_id"": ""g02_g12_0"", ""road_id"": ""g02_g12""}"
cam-1001-veh_019-000018,cam-1001-veh_019-000018,case-grid-1001-veh_019-benign,root-c318006f74052f21238425fc,1001,veh_019,ps-bfc295509368822d,CAM,38.0,801.6,261.397576673663,14.321117965978146,-0.01921455916017223,801.6,261.397576673663,14.321117965978146,-0.01921455916017223,nonce-c318006f74052f212384,True,False,benign,False,0,"{""attack_ended_at"": 38.0, ""case_opened_at"": 38.0, ""lane_id"": ""g20_g21_0"", ""road_id"": ""g20_g21""}"
cam-1001-veh_020-000017,cam-1001-veh_020-000017,case-grid-1001-veh_020-benign,root-e00d9652c3803085c2e680a1,1001,veh_020,ps-ebb98a241b250d58,CAM,38.0,227.39280278770687,398.4,12.651828138208106,0.05925289093516639,227.39280278770687,398.4,12.651828138208106,0.05925289093516639,nonce-e00d9652c3803085c2e6,True,False,benign,False,0,"{""attack_ended_at"": 38.0, ""case_opened_at"": 38.0, ""lane_id"": ""g01_g11_0"", ""road_id"": ""g01_g11""}"
cam-1001-veh_021-000016,cam-1001-veh_021-000016,case-grid-1001-veh_021-benign,root-13dc9227ab82d66a3c635f2a,1001,veh_021,ps-c17e704b00a194fa,CAM,38.0,539.3532759648841,401.6,15.70681274199392,-0.213536358252167,539.3532759648841,401.6,15.70681274199392,-0.213536358252167,nonce-13dc9227ab82d66a3c63,True,False,benign,False,0,"{""attack_ended_at"": 38.0, ""case_opened_at"": 38.0, ""lane_id"": ""g21_g11_0"", ""road_id"": ""g21_g11""}"
cam-1001-veh_022-000015,cam-1001-veh_022-000015,case-grid-1001-veh_022-benign,root-85ae80f415f94435d95c17c0,1001,veh_022,ps-37f1e0f2b964b078,CAM,38.0,401.6,251.41292826304604,15.878087713942545,-0.4114973686728618,401.6,251.41292826304604,15.878087713942545,-0.4114973686728618,nonce-85ae80f415f94435d95c,True,False,benign,False,0,"{""attack_ended_at"": 38.0, ""case_opened_at"": 38.0, ""lane_id"": ""g10_g11_0"", ""road_id"": ""g10_g11""}"
cam-1001-veh_023-000014,cam-1001-veh_023-000014,case-grid-1001-veh_023-benign,root-368786fb0bba074ffce0fa96,1001,veh_023,ps-88766211387813b1,CAM,38.0,398.4,600.9209977501533,12.986481717934728,-0.03971897518727907,398.4,600.9209977501533,12.986481717934728,-0.03971897518727907,nonce-368786fb0bba074ffce0,True,False,benign,False,0,"{""attack_ended_at"": 38.0, ""case_opened_at"": 38.0, ""lane_id"": ""g12_g11_0"", ""road_id"": ""g12_g11""}"
cam-1001-veh_000-000038,cam-1001-veh_000-000038,case-grid-1001-veh_000-benign,root-98256d416f8a09b80da81462,1001,veh_000,ps-0b6a8266609a146f,CAM,39.0,448.1421277262271,-1.6,11.982437236078555,0.2882307263882833,448.1421277262271,-1.6,11.982437236078555,0.2882307263882833,nonce-98256d416f8a09b80da8,True,False,benign,False,0,"{""attack_ended_at"": 39.0, ""case_opened_at"": 39.0, ""lane_id"": ""g10_g20_0"", ""road_id"": ""g10_g20""}"
cam-1001-veh_001-000037,cam-1001-veh_001-000037,case-grid-1001-veh_001-benign,root-1cba17469badf51e619bdc5f,1001,veh_001,ps-11b4aa50327f89a0,CAM,39.0,798.4,322.9515499514746,12.994886063941218,0.10169276892207613,798.4,322.9515499514746,12.994886063941218,0.10169276892207613,nonce-1cba17469badf51e619b,True,False,benign,False,0,"{""attack_ended_at"": 39.0, ""case_opened_at"": 39.0, ""lane_id"": ""g21_g20_0"", ""road_id"": ""g21_g20""}"
cam-1001-veh_002-000036,cam-1001-veh_002-000036,case-grid-1001-veh_002-position_offset,root-d2c4cb7e8b0a91bf01ff1301,1001,veh_002,ps-e0bc27433007a32c,CAM,39.0,460.4194756283792,798.4,12.412595090994001,-0.2053575568506485,525.4194756283791,814.65,12.412595090994001,-0.2053575568506485,nonce-d2c4cb7e8b0a91bf01ff,True,False,position_offset,True,0,"{""attack_ended_at"": 70.0, ""case_opened_at"": 18.0, ""lane_id"": ""g12_g22_0"", ""road_id"": ""g12_g22""}"
cam-1001-veh_003-000035,cam-1001-veh_003-000035,case-grid-1001-veh_003-benign,root-5a22a53c1daa540918a8ffb0,1001,veh_003,ps-13247f0afc865149,CAM,39.0,801.6,450.6869855034256,12.274454182971663,-0.014958965890111031,801.6,450.6869855034256,12.274454182971663,-0.014958965890111031,nonce-5a22a53c1daa540918a8,True,False,benign,False,0,"{""attack_ended_at"": 39.0, ""case_opened_at"": 39.0, ""lane_id"": ""g21_g22_0"", ""road_id"": ""g21_g22""}"
cam-1001-veh_004-000034,cam-1001-veh_004-000034,case-grid-1001-veh_004-speed_offset,root-f45de96ab54f715bbbccdaba,1001,veh_004,ps-b7dd5d779d6fb997,CAM,39.0,392.69624170454506,398.4,0.007518182389425908,-0.06659111755245171,392.69624170454506,398.4,11.007518182389425,-0.06659111755245171,nonce-f45de96ab54f715bbbcc,True,False,speed_offset,True,0,"{""attack_ended_at"": 72.0, ""case_opened_at"": 20.0, ""lane_id"": ""g01_g11_0"", ""road_id"": ""g01_g11""}"
cam-1001-veh_005-000033,cam-1001-veh_005-000033,case-grid-1001-veh_005-benign,root-a199203952468134350e1210,1001,veh_005,ps-fedb1f4cae953d51,CAM,39.0,407.308675841869,401.6,0.11789850772718555,-0.37669679378911547,407.308675841869,401.6,0.11789850772718555,-0.37669679378911547,nonce-a199203952468134350e,True,False,benign,False,0,"{""attack_ended_at"": 39.0, ""case_opened_at"": 39.0, ""lane_id"": ""g21_g11_0"", ""road_id"": ""g21_g11""}"
replay-cam-1001-veh_006-000032,cam-1001-veh_006-000012,case-grid-1001-veh_006-replay,root-e685cc25bd7b355fd757e166,1001,veh_006,ps-402cdb4ee382d9ca,CAM,19.0,401.6,161.79692725744974,12.181179647369184,-0.24670274272095405,401.6,161.79692725744974,12.181179647369184,-0.24670274272095405,nonce-e685cc25bd7b355fd757,True,False,replay,True,5,"{""attack_ended_at"": 19.0, ""case_opened_at"": 19.0, ""lane_id"": ""g10_g11_0"", ""road_id"": ""g10_g11""}"
cam-1001-veh_007-000031,cam-1001-veh_007-000031,case-grid-1001-veh_007-benign,root-bd6f719a9f4f0bb1f150f049,1001,veh_007,ps-20a8fd281b9c6e27,CAM,39.0,398.4,395.71744328929003,12.374912488887482,-0.2775786674441765,398.4,395.71744328929003,12.374912488887482,-0.2775786674441765,nonce-bd6f719a9f4f0bb1f150,True,False,benign,False,0,"{""attack_ended_at"": 39.0, ""case_opened_at"": 39.0, ""lane_id"": "":g11_1_0"", ""road_id"": "":g11_1""}"
cam-1001-veh_008-000030,cam-1001-veh_008-000030,case-grid-1001-veh_008-certificate_tamper,root-303ddeb1c6438159aad8c13e,1001,veh_008,ps-0441a16dd8d22b44,CAM,39.0,427.49359398961275,-1.6,11.828666281956892,0.4469242107690299,427.49359398961275,-1.6,11.828666281956892,0.4469242107690299,nonce-303ddeb1c6438159aad8,False,False,certificate_tamper,True,0,"{""attack_ended_at"": 76.0, ""case_opened_at"": 24.0, ""lane_id"": ""g10_g20_0"", ""road_id"": ""g10_g20""}"
cam-1001-veh_009-000029,cam-1001-veh_009-000029,case-grid-1001-veh_009-benign,root-8bbdcfbd0eab71089198b38d,1001,veh_009,ps-8e3b87e1d6235c50,CAM,39.0,798.4,374.9835512683178,14.37237391402685,0.277176332753152,798.4,374.9835512683178,14.37237391402685,0.277176332753152,nonce-8bbdcfbd0eab71089198,True,False,benign,False,0,"{""attack_ended_at"": 39.0, ""case_opened_at"": 39.0, ""lane_id"": ""g21_g20_0"", ""road_id"": ""g21_g20""}"
cam-1001-veh_010-000028-f0,cam-1001-veh_010-000028,case-grid-1001-veh_010-flood,root-da40d7dff49cb51fb0dd38c4,1001,veh_010,ps-bf5c5fe0f587553a,CAM,39.0,431.6013002871634,798.4,15.511694404046864,0.4777729042433201,431.6013002871634,798.4,15.511694404046864,0.4777729042433201,nonce-da40d7dff49cb51fb0dd,True,False,flood,True,0,"{""attack_ended_at"": 78.0, ""case_opened_at"": 26.0, ""lane_id"": ""g12_g22_0"", ""road_id"": ""g12_g22""}"
cam-1001-veh_010-000028-f1,cam-1001-veh_010-000028,case-grid-1001-veh_010-flood,root-da40d7dff49cb51fb0dd38c4,1001,veh_010,ps-bf5c5fe0f587553a,CAM,39.0,431.6013002871634,798.4,15.511694404046864,0.4777729042433201,431.6013002871634,798.4,15.511694404046864,0.4777729042433201,nonce-da40d7dff49cb51fb0dd,True,False,flood,True,1,"{""attack_ended_at"": 78.0, ""case_opened_at"": 26.0, ""lane_id"": ""g12_g22_0"", ""road_id"": ""g12_g22""}"
cam-1001-veh_010-000028-f2,cam-1001-veh_010-000028,case-grid-1001-veh_010-flood,root-da40d7dff49cb51fb0dd38c4,1001,veh_010,ps-bf5c5fe0f587553a,CAM,39.0,431.6013002871634,798.4,15.511694404046864,0.4777729042433201,431.6013002871634,798.4,15.511694404046864,0.4777729042433201,nonce-da40d7dff49cb51fb0dd,True,False,flood,True,2,"{""attack_ended_at"": 78.0, ""case_opened_at"": 26.0, ""lane_id"": ""g12_g22_0"", ""road_id"": ""g12_g22""}"
cam-1001-veh_010-000028-f3,cam-1001-veh_010-000028,case-grid-1001-veh_010-flood,root-da40d7dff49cb51fb0dd38c4,1001,veh_010,ps-bf5c5fe0f587553a,CAM,39.0,431.6013002871634,798.4,15.511694404046864,0.4777729042433201,431.6013002871634,798.4,15.511694404046864,0.4777729042433201,nonce-da40d7dff49cb51fb0dd,True,False,flood,True,3,"{""attack_ended_at"": 78.0, ""case_opened_at"": 26.0, ""lane_id"": ""g12_g22_0"", ""road_id"": ""g12_g22""}"
cam-1001-veh_010-000028-f4,cam-1001-veh_010-000028,case-grid-1001-veh_010-flood,root-da40d7dff49cb51fb0dd38c4,1001,veh_010,ps-bf5c5fe0f587553a,CAM,39.0,431.6013002871634,798.4,15.511694404046864,0.4777729042433201,431.6013002871634,798.4,15.511694404046864,0.4777729042433201,nonce-da40d7dff49cb51fb0dd,True,False,flood,True,4,"{""attack_ended_at"": 78.0, ""case_opened_at"": 26.0, ""lane_id"": ""g12_g22_0"", ""road_id"": ""g12_g22""}"
cam-1001-veh_011-000027,cam-1001-veh_011-000027,case-grid-1001-veh_011-benign,root-6dfa37ef68398f4e6f0e6184,1001,veh_011,ps-298210176c98c50a,CAM,39.0,801.6,369.9105585077992,13.781462463776304,0.2355470458371549,801.6,369.9105585077992,13.781462463776304,0.2355470458371549,nonce-6dfa37ef68398f4e6f0e,True,False,benign,False,0,"{""attack_ended_at"": 39.0, ""case_opened_at"": 39.0, ""lane_id"": ""g20_g21_0"", ""road_id"": ""g20_g21""}"
cam-1001-veh_012-000026,cam-1001-veh_012-000026,case-grid-1001-veh_012-false_denm,root-fe98b7f002c336a3b47d1650,1001,veh_012,ps-a2d8503b0d2b7ea8,CAM,39.0,381.0004153507589,398.4,7.297854172862708,-4.5,381.0004153507589,398.4,7.297854172862708,-4.5,nonce-fe98b7f002c336a3b47d,True,False,false_denm,True,0,"{""attack_ended_at"": 80.0, ""case_opened_at"": 28.0, ""lane_id"": ""g01_g11_0"", ""road_id"": ""g01_g11""}"
cam-1001-veh_013-000025,cam-1001-veh_013-000025,case-grid-1001-veh_013-benign,root-11439edafe9c81e0455a2065,1001,veh_013,ps-ffb1bac62aa27994,CAM,39.0,457.2868181771352,401.6,13.568208479891025,0.5443298821197811,457.2868181771352,401.6,13.568208479891025,0.5443298821197811,nonce-11439edafe9c81e0455a,True,False,benign,False,0,"{""attack_ended_at"": 39.0, ""case_opened_at"": 39.0, ""lane_id"": ""g21_g11_0"", ""road_id"": ""g21_g11""}"
cam-1001-veh_014-000024-m0,cam-1001-veh_014-000024,case-grid-1001-veh_014-mixed,root-c9377257ba0aa88aa9dc25ea,1001,veh_014,ps-0c5027fa621fc8a7,DENM,39.0,401.6,335.5694228795477,13.090219871924022,-0.23869688688777302,446.6,344.5694228795477,21.09021987192402,-0.23869688688777302,nonce-c9377257ba0aa88aa9dc,True,True,mixed,True,0,"{""attack_ended_at"": 82.0, ""case_opened_at"": 30.0, ""lane_id"": ""g10_g11_0"", ""road_id"": ""g10_g11""}"
cam-1001-veh_014-000024-m1,cam-1001-veh_014-000024,case-grid-1001-veh_014-mixed,root-c9377257ba0aa88aa9dc25ea,1001,veh_014,ps-0c5027fa621fc8a7,DENM,39.0,401.6,335.5694228795477,13.090219871924022,-0.23869688688777302,446.6,344.5694228795477,21.09021987192402,-0.23869688688777302,nonce-c9377257ba0aa88aa9dc,True,True,mixed,True,1,"{""attack_ended_at"": 82.0, ""case_opened_at"": 30.0, ""lane_id"": ""g10_g11_0"", ""road_id"": ""g10_g11""}"
cam-1001-veh_014-000024-m2,cam-1001-veh_014-000024,case-grid-1001-veh_014-mixed,root-c9377257ba0aa88aa9dc25ea,1001,veh_014,ps-0c5027fa621fc8a7,DENM,39.0,401.6,335.5694228795477,13.090219871924022,-0.23869688688777302,446.6,344.5694228795477,21.09021987192402,-0.23869688688777302,nonce-c9377257ba0aa88aa9dc,True,True,mixed,True,2,"{""attack_ended_at"": 82.0, ""case_opened_at"": 30.0, ""lane_id"": ""g10_g11_0"", ""road_id"": ""g10_g11""}"
cam-1001-veh_014-000024-m3,cam-1001-veh_014-000024,case-grid-1001-veh_014-mixed,root-c9377257ba0aa88aa9dc25ea,1001,veh_014,ps-0c5027fa621fc8a7,DENM,39.0,401.6,335.5694228795477,13.090219871924022,-0.23869688688777302,446.6,344.5694228795477,21.09021987192402,-0.23869688688777302,nonce-c9377257ba0aa88aa9dc,True,True,mixed,True,3,"{""attack_ended_at"": 82.0, ""case_opened_at"": 30.0, ""lane_id"": ""g10_g11_0"", ""road_id"": ""g10_g11""}"
cam-1001-veh_015-000023,cam-1001-veh_015-000023,case-grid-1001-veh_015-benign,root-7db6f0e26b20404e432ef147,1001,veh_015,ps-43db3038c74a6947,CAM,39.0,398.4,489.5329274788757,12.66479695136203,-0.6805018229177211,398.4,489.5329274788757,12.66479695136203,-0.6805018229177211,nonce-7db6f0e26b20404e432e,True,False,benign,False,0,"{""attack_ended_at"": 39.0, ""case_opened_at"": 39.0, ""lane_id"": ""g12_g11_0"", ""road_id"": ""g12_g11""}"
cam-1001-veh_016-000022,cam-1001-veh_016-000022,case-grid-1001-veh_016-benign,root-729d371fd8abaa92cf88b435,1001,veh_016,ps-cbbef243035097ce,CAM,39.0,359.8382970567448,-1.6,16.451303848893286,0.37106999971903676,359.8382970567448,-1.6,16.451303848893286,0.37106999971903676,nonce-729d371fd8abaa92cf88,True,False,benign,False,0,"{""attack_ended_at"": 39.0, ""case_opened_at"": 39.0, ""lane_id"": ""g00_g10_0"", ""road_id"": ""g00_g10""}"
cam-1001-veh_017-000021,cam-1001-veh_017-000021,case-grid-1001-veh_017-benign,root-47b683710b3afab90ad221d6,1001,veh_017,ps-c4cb9175e03371fc,CAM,39.0,798.4,493.87048010947063,13.973814184032218,-0.4403881715610609,798.4,493.87048010947063,13.973814184032218,-0.4403881715610609,nonce-47b683710b3afab90ad2,True,False,benign,False,0,"{""attack_ended_at"": 39.0, ""case_opened_at"": 39.0, ""lane_id"": ""g22_g21_0"", ""road_id"": ""g22_g21""}"
cam-1001-veh_018-000020,cam-1001-veh_018-000020,case-grid-1001-veh_018-benign,root-8179474062b62abab38bedaa,1001,veh_018,ps-f5eb5907dca15325,CAM,39.0,276.8963185721047,798.4,13.316340674071425,-0.28341280622407794,276.8963185721047,798.4,13.316340674071425,-0.28341280622407794,nonce-8179474062b62abab38b,True,False,benign,False,0,"{""attack_ended_at"": 39.0, ""case_opened_at"": 39.0, ""lane_id"": ""g02_g12_0"", ""road_id"": ""g02_g12""}"
cam-1001-veh_019-000019,cam-1001-veh_019-000019,case-grid-1001-veh_019-benign,root-474570245f02ae36f939d71a,1001,veh_019,ps-bfc295509368822d,CAM,39.0,801.6,275.77586950122594,14.378292827562937,0.057174861584790904,801.6,275.77586950122594,14.378292827562937,0.057174861584790904,nonce-474570245f02ae36f939,True,False,benign,False,0,"{""attack_ended_at"": 39.0, ""case_opened_at"": 39.0, ""lane_id"": ""g20_g21_0"", ""road_id"": ""g20_g21""}"
cam-1001-veh_020-000018,cam-1001-veh_020-000018,case-grid-1001-veh_020-benign,root-432db54794ab97ce4ca1b045,1001,veh_020,ps-ebb98a241b250d58,CAM,39.0,240.35286191171846,398.4,12.960059124011636,0.3082309858035295,240.35286191171846,398.4,12.960059124011636,0.3082309858035295,nonce-432db54794ab97ce4ca1,True,False,benign,False,0,"{""attack_ended_at"": 39.0, ""case_opened_at"": 39.0, ""lane_id"": ""g01_g11_0"", ""road_id"": ""g01_g11""}"
cam-1001-veh_021-000017,cam-1001-veh_021-000017,case-grid-1001-veh_021-benign,root-33e5f956cc819f47d245a3d4,1001,veh_021,ps-c17e704b00a194fa,CAM,39.0,523.853521271688,401.6,15.499754693196149,-0.20705804879777112,523.853521271688,401.6,15.499754693196149,-0.20705804879777112,nonce-33e5f956cc819f47d245,True,False,benign,False,0,"{""attack_ended_at"": 39.0, ""case_opened_at"": 39.0, ""lane_id"": ""g21_g11_0"", ""road_id"": ""g21_g11""}"
cam-1001-veh_022-000016,cam-1001-veh_022-000016,case-grid-1001-veh_022-benign,root-daf243fd670f27c6e41897ad,1001,veh_022,ps-37f1e0f2b964b078,CAM,39.0,401.6,267.74579085813355,16.33286259508753,0.454774881144985,401.6,267.74579085813355,16.33286259508753,0.454774881144985,nonce-daf243fd670f27c6e418,True,False,benign,False,0,"{""attack_ended_at"": 39.0, ""case_opened_at"": 39.0, ""lane_id"": ""g10_g11_0"", ""road_id"": ""g10_g11""}"
cam-1001-veh_023-000015,cam-1001-veh_023-000015,case-grid-1001-veh_023-benign,root-6e167ca68eac0ce798ffea52,1001,veh_023,ps-88766211387813b1,CAM,39.0,398.4,587.5289974617368,13.392000288416527,0.4055185704817994,398.4,587.5289974617368,13.392000288416527,0.4055185704817994,nonce-6e167ca68eac0ce798ff,True,False,benign,False,0,"{""attack_ended_at"": 39.0, ""case_opened_at"": 39.0, ""lane_id"": ""g12_g11_0"", ""road_id"": ""g12_g11""}"
cam-1001-veh_000-000039,cam-1001-veh_000-000039,case-grid-1001-veh_000-benign,root-75c0d74a1b7740df99fb21b1,1001,veh_000,ps-0b6a8266609a146f,CAM,40.0,459.74863354860116,-1.6,11.606505822374025,-0.37593141370452976,459.74863354860116,-1.6,11.606505822374025,-0.37593141370452976,nonce-75c0d74a1b7740df99fb,True,False,benign,False,0,"{""attack_ended_at"": 40.0, ""case_opened_at"": 40.0, ""lane_id"": ""g10_g20_0"", ""road_id"": ""g10_g20""}"
cam-1001-veh_001-000038,cam-1001-veh_001-000038,case-grid-1001-veh_001-benign,root-e9e41f177e58e8456bb17e05,1001,veh_001,ps-11b4aa50327f89a0,CAM,40.0,798.4,310.5101144811651,12.441435470309504,-0.5534505936317142,798.4,310.5101144811651,12.441435470309504,-0.5534505936317142,nonce-e9e41f177e58e8456bb1,True,False,benign,False,0,"{""attack_ended_at"": 40.0, ""case_opened_at"": 40.0, ""lane_id"": ""g21_g20_0"", ""road_id"": ""g21_g20""}"
cam-1001-veh_002-000037,cam-1001-veh_002-000037,case-grid-1001-veh_002-position_offset,root-cd2d00d16893ec7a93f45fea,1001,veh_002,ps-e0bc27433007a32c,CAM,40.0,473.1812833508912,798.4,12.761807722512021,0.34921263151801973,538.1812833508911,814.65,12.761807722512021,0.34921263151801973,nonce-cd2d00d16893ec7a93f4,True,False,position_offset,True,0,"{""attack_ended_at"": 70.0, ""case_opened_at"": 18.0, ""lane_id"": ""g12_g22_0"", ""road_id"": ""g12_g22""}"
cam-1001-veh_003-000036,cam-1001-veh_003-000036,case-grid-1001-veh_003-benign,root-deb402125d58d4888fb98f36,1001,veh_003,ps-13247f0afc865149,CAM,40.0,801.6,463.11788556917406,12.430900065748416,0.15644588277675275,801.6,463.11788556917406,12.430900065748416,0.15644588277675275,nonce-deb402125d58d4888fb9,True,False,benign,False,0,"{""attack_ended_at"": 40.0, ""case_opened_at"": 40.0, ""lane_id"": ""g21_g22_0"", ""road_id"": ""g21_g22""}"
cam-1001-veh_004-000035,cam-1001-veh_004-000035,case-grid-1001-veh_004-speed_offset,root-521e5beb9691827fab654f0f,1001,veh_004,ps-b7dd5d779d6fb997,CAM,40.0,392.6989184634821,398.4,0.0026767589370083893,-0.004841423452417519,392.6989184634821,398.4,11.002676758937008,-0.004841423452417519,nonce-521e5beb9691827fab65,True,False,speed_offset,True,0,"{""attack_ended_at"": 72.0, ""case_opened_at"": 20.0, ""lane_id"": ""g01_g11_0"", ""road_id"": ""g01_g11""}"
cam-1001-veh_005-000034,cam-1001-veh_005-000034,case-grid-1001-veh_005-benign,root-0e1d8b4052541266c8f2be6a,1001,veh_005,ps-fedb1f4cae953d51,CAM,40.0,407.303233634044,401.6,0.005442207825020241,-0.11245629990216531,407.303233634044,401.6,0.005442207825020241,-0.11245629990216531,nonce-0e1d8b4052541266c8f2,True,False,benign,False,0,"{""attack_ended_at"": 40.0, ""case_opened_at"": 40.0, ""lane_id"": ""g21_g11_0"", ""road_id"": ""g21_g11""}"
replay-cam-1001-veh_006-000033,cam-1001-veh_006-000013,case-grid-1001-veh_006-replay,root-5c7a4513fe3be1054abc600a,1001,veh_006,ps-402cdb4ee382d9ca,CAM,20.0,401.6,174.59536314421544,12.798435886765704,0.6172562393965197,401.6,174.59536314421544,12.798435886765704,0.6172562393965197,nonce-5c7a4513fe3be1054abc,True,False,replay,True,5,"{""attack_ended_at"": 20.0, ""case_opened_at"": 20.0, ""lane_id"": ""g10_g11_0"", ""road_id"": ""g10_g11""}"
cam-1001-veh_007-000032,cam-1001-veh_007-000032,case-grid-1001-veh_007-benign,root-8797f6761357427954a41431,1001,veh_007,ps-20a8fd281b9c6e27,CAM,40.0,398.4,383.30977566793604,12.407667621354037,0.032755132466554926,398.4,383.30977566793604,12.407667621354037,0.032755132466554926,nonce-8797f6761357427954a4,True,False,benign,False,0,"{""attack_ended_at"": 40.0, ""case_opened_at"": 40.0, ""lane_id"": ""g11_g10_0"", ""road_id"": ""g11_g10""}"
cam-1001-veh_008-000031,cam-1001-veh_008-000031,case-grid-1001-veh_008-certificate_tamper,root-105fc7cccf3d2b8c9b7f56d4,1001,veh_008,ps-0441a16dd8d22b44,CAM,40.0,439.4603228340812,-1.6,11.966728844468447,0.13806256251155524,439.4603228340812,-1.6,11.966728844468447,0.13806256251155524,nonce-105fc7cccf3d2b8c9b7f,False,False,certificate_tamper,True,0,"{""attack_ended_at"": 76.0, ""case_opened_at"": 24.0, ""lane_id"": ""g10_g20_0"", ""road_id"": ""g10_g20""}"
cam-1001-veh_009-000030,cam-1001-veh_009-000030,case-grid-1001-veh_009-benign,root-d76cb6d97c6937e5e0dd0f76,1001,veh_009,ps-8e3b87e1d6235c50,CAM,40.0,798.4,360.3962926982938,14.587258570024007,0.21488465599715667,798.4,360.3962926982938,14.587258570024007,0.21488465599715667,nonce-d76cb6d97c6937e5e0dd,True,False,benign,False,0,"{""attack_ended_at"": 40.0, ""case_opened_at"": 40.0, ""lane_id"": ""g21_g20_0"", ""road_id"": ""g21_g20""}"
cam-1001-veh_010-000029-f0,cam-1001-veh_010-000029,case-grid-1001-veh_010-flood,root-f15630577d217b627e01ad02,1001,veh_010,ps-bf5c5fe0f587553a,CAM,40.0,446.0464754529115,798.4,14.445175165748125,-1.0665192382987385,446.0464754529115,798.4,14.445175165748125,-1.0665192382987385,nonce-f15630577d217b627e01,True,False,flood,True,0,"{""attack_ended_at"": 78.0, ""case_opened_at"": 26.0, ""lane_id"": ""g12_g22_0"", ""road_id"": ""g12_g22""}"
cam-1001-veh_010-000029-f1,cam-1001-veh_010-000029,case-grid-1001-veh_010-flood,root-f15630577d217b627e01ad02,1001,veh_010,ps-bf5c5fe0f587553a,CAM,40.0,446.0464754529115,798.4,14.445175165748125,-1.0665192382987385,446.0464754529115,798.4,14.445175165748125,-1.0665192382987385,nonce-f15630577d217b627e01,True,False,flood,True,1,"{""attack_ended_at"": 78.0, ""case_opened_at"": 26.0, ""lane_id"": ""g12_g22_0"", ""road_id"": ""g12_g22""}"
cam-1001-veh_010-000029-f2,cam-1001-veh_010-000029,case-grid-1001-veh_010-flood,root-f15630577d217b627e01ad02,1001,veh_010,ps-bf5c5fe0f587553a,CAM,40.0,446.0464754529115,798.4,14.445175165748125,-1.0665192382987385,446.0464754529115,798.4,14.445175165748125,-1.0665192382987385,nonce-f15630577d217b627e01,True,False,flood,True,2,"{""attack_ended_at"": 78.0, ""case_opened_at"": 26.0, ""lane_id"": ""g12_g22_0"", ""road_id"": ""g12_g22""}"
cam-1001-veh_010-000029-f3,cam-1001-veh_010-000029,case-grid-1001-veh_010-flood,root-f15630577d217b627e01ad02,1001,veh_010,ps-bf5c5fe0f587553a,CAM,40.0,446.0464754529115,798.4,14.445175165748125,-1.0665192382987385,446.0464754529115,798.4,14.445175165748125,-1.0665192382987385,nonce-f15630577d217b627e01,True,False,flood,True,3,"{""attack_ended_at"": 78.0, ""case_opened_at"": 26.0, ""lane_id"": ""g12_g22_0"", ""road_id"": ""g12_g22""}"
cam-1001-veh_010-000029-f4,cam-1001-veh_010-000029,case-grid-1001-veh_010-flood,root-f15630577d217b627e01ad02,1001,veh_010,ps-bf5c5fe0f587553a,CAM,40.0,446.0464754529115,798.4,14.445175165748125,-1.0665192382987385,446.0464754529115,798.4,14.445175165748125,-1.0665192382987385,nonce-f15630577d217b627e01,True,False,flood,True,4,"{""attack_ended_at"": 78.0, ""case_opened_at"": 26.0, ""lane_id"": ""g12_g22_0"", ""road_id"": ""g12_g22""}"
cam-1001-veh_011-000028,cam-1001-veh_011-000028,case-grid-1001-veh_011-benign,root-2b0fecb6def59bc634b7321f,1001,veh_011,ps-298210176c98c50a,CAM,40.0,801.6,383.5469562213828,13.636397713583618,-0.14506475019268628,801.6,383.5469562213828,13.636397713583618,-0.14506475019268628,nonce-2b0fecb6def59bc634b7,True,False,benign,False,0,"{""attack_ended_at"": 40.0, ""case_opened_at"": 40.0, ""lane_id"": ""g20_g21_0"", ""road_id"": ""g20_g21""}"
cam-1001-veh_012-000027,cam-1001-veh_012-000027,case-grid-1001-veh_012-false_denm,root-3bb523fe3556507b0bda48d6,1001,veh_012,ps-a2d8503b0d2b7ea8,CAM,40.0,384.8026740386794,398.4,3.8022586879205287,-3.4955954849421795,384.8026740386794,398.4,3.8022586879205287,-3.4955954849421795,nonce-3bb523fe3556507b0bda,True,False,false_denm,True,0,"{""attack_ended_at"": 80.0, ""case_opened_at"": 28.0, ""lane_id"": ""g01_g11_0"", ""road_id"": ""g01_g11""}"
cam-1001-veh_013-000026,cam-1001-veh_013-000026,case-grid-1001-veh_013-benign,root-9b8128ba10d24db75d66ce9f,1001,veh_013,ps-ffb1bac62aa27994,CAM,40.0,444.3016288281214,401.6,12.985189349013806,-0.5830191308772186,444.3016288281214,401.6,12.985189349013806,-0.5830191308772186,nonce-9b8128ba10d24db75d66,True,False,benign,False,0,"{""attack_ended_at"": 40.0, ""case_opened_at"": 40.0, ""lane_id"": ""g21_g11_0"", ""road_id"": ""g21_g11""}"
cam-1001-veh_014-000025-m0,cam-1001-veh_014-000025,case-grid-1001-veh_014-mixed,root-a1e78328966ebf5dcea36532,1001,veh_014,ps-0c5027fa621fc8a7,DENM,40.0,401.6,349.3342960640682,13.764873184520514,0.674653312596492,446.6,358.3342960640682,21.764873184520514,0.674653312596492,nonce-a1e78328966ebf5dcea3,True,True,mixed,True,0,"{""attack_ended_at"": 82.0, ""case_opened_at"": 30.0, ""lane_id"": ""g10_g11_0"", ""road_id"": ""g10_g11""}"
cam-1001-veh_014-000025-m1,cam-1001-veh_014-000025,case-grid-1001-veh_014-mixed,root-a1e78328966ebf5dcea36532,1001,veh_014,ps-0c5027fa621fc8a7,DENM,40.0,401.6,349.3342960640682,13.764873184520514,0.674653312596492,446.6,358.3342960640682,21.764873184520514,0.674653312596492,nonce-a1e78328966ebf5dcea3,True,True,mixed,True,1,"{""attack_ended_at"": 82.0, ""case_opened_at"": 30.0, ""lane_id"": ""g10_g11_0"", ""road_id"": ""g10_g11""}"
cam-1001-veh_014-000025-m2,cam-1001-veh_014-000025,case-grid-1001-veh_014-mixed,root-a1e78328966ebf5dcea36532,1001,veh_014,ps-0c5027fa621fc8a7,DENM,40.0,401.6,349.3342960640682,13.764873184520514,0.674653312596492,446.6,358.3342960640682,21.764873184520514,0.674653312596492,nonce-a1e78328966ebf5dcea3,True,True,mixed,True,2,"{""attack_ended_at"": 82.0, ""case_opened_at"": 30.0, ""lane_id"": ""g10_g11_0"", ""road_id"": ""g10_g11""}"
cam-1001-veh_014-000025-m3,cam-1001-veh_014-000025,case-grid-1001-veh_014-mixed,root-a1e78328966ebf5dcea36532,1001,veh_014,ps-0c5027fa621fc8a7,DENM,40.0,401.6,349.3342960640682,13.764873184520514,0.674653312596492,446.6,358.3342960640682,21.764873184520514,0.674653312596492,nonce-a1e78328966ebf5dcea3,True,True,mixed,True,3,"{""attack_ended_at"": 82.0, ""case_opened_at"": 30.0, ""lane_id"": ""g10_g11_0"", ""road_id"": ""g10_g11""}"
cam-1001-veh_015-000024,cam-1001-veh_015-000024,case-grid-1001-veh_015-benign,root-1c57b3d20915c173dc8fc1ac,1001,veh_015,ps-43db3038c74a6947,CAM,40.0,398.4,476.7520203360241,12.7809071428516,0.11611019148956991,398.4,476.7520203360241,12.7809071428516,0.11611019148956991,nonce-1c57b3d20915c173dc8f,True,False,benign,False,0,"{""attack_ended_at"": 40.0, ""case_opened_at"": 40.0, ""lane_id"": ""g12_g11_0"", ""road_id"": ""g12_g11""}"
cam-1001-veh_016-000023,cam-1001-veh_016-000023,case-grid-1001-veh_016-benign,root-c5405e37a904cb4b2b783d78,1001,veh_016,ps-cbbef243035097ce,CAM,40.0,375.88034960502006,-1.6,16.042052548275233,-0.4092513006180525,375.88034960502006,-1.6,16.042052548275233,-0.4092513006180525,nonce-c5405e37a904cb4b2b78,True,False,benign,False,0,"{""attack_ended_at"": 40.0, ""case_opened_at"": 40.0, ""lane_id"": ""g00_g10_0"", ""road_id"": ""g00_g10""}"
cam-1001-veh_017-000022,cam-1001-veh_017-000022,case-grid-1001-veh_017-benign,root-5d11205850c1e8453c0e743b,1001,veh_017,ps-c4cb9175e03371fc,CAM,40.0,798.4,479.3405020002405,14.529978109230123,0.5561639251979056,798.4,479.3405020002405,14.529978109230123,0.5561639251979056,nonce-5d11205850c1e8453c0e,True,False,benign,False,0,"{""attack_ended_at"": 40.0, ""case_opened_at"": 40.0, ""lane_id"": ""g22_g21_0"", ""road_id"": ""g22_g21""}"
cam-1001-veh_018-000021,cam-1001-veh_018-000021,case-grid-1001-veh_018-benign,root-11f510b74dd5c00d16360b4c,1001,veh_018,ps-f5eb5907dca15325,CAM,40.0,290.33769568034876,798.4,13.441377108244078,0.1250364341726531,290.33769568034876,798.4,13.441377108244078,0.1250364341726531,nonce-11f510b74dd5c00d1636,True,False,benign,False,0,"{""attack_ended_at"": 40.0, ""case_opened_at"": 40.0, ""lane_id"": ""g02_g12_0"", ""road_id"": ""g02_g12""}"
cam-1001-veh_019-000020,cam-1001-veh_019-000020,case-grid-1001-veh_019-benign,root-8685d4c2f57f9e850bd5cd53,1001,veh_019,ps-bfc295509368822d,CAM,40.0,801.6,289.56132303246375,13.785453531237827,-0.5928392963251099,801.6,289.56132303246375,13.785453531237827,-0.5928392963251099,nonce-8685d4c2f57f9e850bd5,True,False,benign,False,0,"{""attack_ended_at"": 40.0, ""case_opened_at"": 40.0, ""lane_id"": ""g20_g21_0"", ""road_id"": ""g20_g21""}"
cam-1001-veh_020-000019,cam-1001-veh_020-000019,case-grid-1001-veh_020-benign,root-ea809f1aa2dc0ac2ed974238,1001,veh_020,ps-ebb98a241b250d58,CAM,40.0,252.99229267766032,398.4,12.63943076594183,-0.32062835806980594,252.99229267766032,398.4,12.63943076594183,-0.32062835806980594,nonce-ea809f1aa2dc0ac2ed97,True,False,benign,False,0,"{""attack_ended_at"": 40.0, ""case_opened_at"": 40.0, ""lane_id"": ""g01_g11_0"", ""road_id"": ""g01_g11""}"
cam-1001-veh_021-000018,cam-1001-veh_021-000018,case-grid-1001-veh_021-benign,root-37453493c9505a1659f12346,1001,veh_021,ps-c17e704b00a194fa,CAM,40.0,507.9197367970553,401.6,15.933784474632697,0.43402978143654813,507.9197367970553,401.6,15.933784474632697,0.43402978143654813,nonce-37453493c9505a1659f1,True,False,benign,False,0,"{""attack_ended_at"": 40.0, ""case_opened_at"": 40.0, ""lane_id"": ""g21_g11_0"", ""road_id"": ""g21_g11""}"
cam-1001-veh_022-000017,cam-1001-veh_022-000017,case-grid-1001-veh_022-benign,root-f073c5ab351241d53d3c830b,1001,veh_022,ps-37f1e0f2b964b078,CAM,40.0,401.6,283.8446780178328,16.098887159699256,-0.23397543538827392,401.6,283.8446780178328,16.098887159699256,-0.23397543538827392,nonce-f073c5ab351241d53d3c,True,False,benign,False,0,"{""attack_ended_at"": 40.0, ""case_opened_at"": 40.0, ""lane_id"": ""g10_g11_0"", ""road_id"": ""g10_g11""}"
cam-1001-veh_023-000016,cam-1001-veh_023-000016,case-grid-1001-veh_023-benign,root-a1279b24c733c2a1d41cf0d1,1001,veh_023,ps-88766211387813b1,CAM,40.0,398.4,574.19910770818,13.329889753556706,-0.06211053485982099,398.4,574.19910770818,13.329889753556706,-0.06211053485982099,nonce-a1279b24c733c2a1d41c,True,False,benign,False,0,"{""attack_ended_at"": 40.0, ""case_opened_at"": 40.0, ""lane_id"": ""g12_g11_0"", ""road_id"": ""g12_g11""}"
cam-1001-veh_000-000040,cam-1001-veh_000-000040,case-grid-1001-veh_000-benign,root-daeb6aa62bb6d7b90018d889,1001,veh_000,ps-0b6a8266609a146f,CAM,41.0,471.1663344374812,-1.6,11.417700888880068,-0.188804933493957,471.1663344374812,-1.6,11.417700888880068,-0.188804933493957,nonce-daeb6aa62bb6d7b90018,True,False,benign,False,0,"{""attack_ended_at"": 41.0, ""case_opened_at"": 41.0, ""lane_id"": ""g10_g20_0"", ""road_id"": ""g10_g20""}"
cam-1001-veh_001-000039,cam-1001-veh_001-000039,case-grid-1001-veh_001-benign,root-75f4ef874bd8c7a0c3d713a6,1001,veh_001,ps-11b4aa50327f89a0,CAM,41.0,798.4,297.9267601295855,12.583354351579606,0.14191888127010266,798.4,297.9267601295855,12.583354351579606,0.14191888127010266,nonce-75f4ef874bd8c7a0c3d7,True,False,benign,False,0,"{""attack_ended_at"": 41.0, ""case_opened_at"": 41.0, ""lane_id"": ""g21_g20_0"", ""road_id"": ""g21_g20""}"
cam-1001-veh_002-000038,cam-1001-veh_002-000038,case-grid-1001-veh_002-position_offset,root-fe5af3c7a8981cfec8f94e7e,1001,veh_002,ps-e0bc27433007a32c,CAM,41.0,485.3658974393123,798.4,12.184614088421077,-0.5771936340909445,550.3658974393122,814.65,12.184614088421077,-0.5771936340909445,nonce-fe5af3c7a8981cfec8f9,True,False,position_offset,True,0,"{""attack_ended_at"": 70.0, ""case_opened_at"": 18.0, ""lane_id"": ""g12_g22_0"", ""road_id"": ""g12_g22""}"
cam-1001-veh_003-000037,cam-1001-veh_003-000037,case-grid-1001-veh_003-benign,root-d566d4894478c6e6a00a6030,1001,veh_003,ps-13247f0afc865149,CAM,41.0,801.6,475.9187066671873,12.800821098013245,0.36992103226482875,801.6,475.9187066671873,12.800821098013245,0.36992103226482875,nonce-d566d4894478c6e6a00a,True,False,benign,False,0,"{""attack_ended_at"": 41.0, ""case_opened_at"": 41.0, ""lane_id"": ""g21_g22_0"", ""road_id"": ""g21_g22""}"
cam-1001-veh_004-000036,cam-1001-veh_004-000036,case-grid-1001-veh_004-speed_offset,root-8708e08306c878e574c5641d,1001,veh_004,ps-b7dd5d779d6fb997,CAM,41.0,392.6989184634821,398.4,0.0,-0.0026767589370083893,392.6989184634821,398.4,11.0,-0.0026767589370083893,nonce-8708e08306c878e574c5,True,False,speed_offset,True,0,"{""attack_ended_at"": 72.0, ""case_opened_at"": 20.0, ""lane_id"": ""g01_g11_0"", ""road_id"": ""g01_g11""}"
cam-1001-veh_005-000035,cam-1001-veh_005-000035,case-grid-1001-veh_005-benign,root-4387fe7182c13ae2b0733beb,1001,veh_005,ps-fedb1f4cae953d51,CAM,41.0,407.3011242852662,401.6,0.0021093487777789884,-0.0033328590472412522,407.3011242852662,401.6,0.0021093487777789884,-0.0033328590472412522,nonce-4387fe7182c13ae2b073,True,False,benign,False,0,"{""attack_ended_at"": 41.0, ""case_opened_at"": 41.0, ""lane_id"": ""g21_g11_0"", ""road_id"": ""g21_g11""}"
replay-cam-1001-veh_006-000034,cam-1001-veh_006-000014,case-grid-1001-veh_006-replay,root-faba00bbc28a3744e084f767,1001,veh_006,ps-402cdb4ee382d9ca,CAM,21.0,401.6,186.88279930842586,12.287436164210424,-0.5109997225552796,401.6,186.88279930842586,12.287436164210424,-0.5109997225552796,nonce-faba00bbc28a3744e084,True,False,replay,True,5,"{""attack_ended_at"": 21.0, ""case_opened_at"": 21.0, ""lane_id"": ""g10_g11_0"", ""road_id"": ""g10_g11""}"
cam-1001-veh_007-000033,cam-1001-veh_007-000033,case-grid-1001-veh_007-benign,root-24f530439845178914b664b9,1001,veh_007,ps-20a8fd281b9c6e27,CAM,41.0,398.4,370.77374685425497,12.536028813681028,0.1283611923269916,398.4,370.77374685425497,12.536028813681028,0.1283611923269916,nonce-24f530439845178914b6,True,False,benign,False,0,"{""attack_ended_at"": 41.0, ""case_opened_at"": 41.0, ""lane_id"": ""g11_g10_0"", ""road_id"": ""g11_g10""}"
cam-1001-veh_008-000032,cam-1001-veh_008-000032,case-grid-1001-veh_008-certificate_tamper,root-cd98676a3564bf7068763ad9,1001,veh_008,ps-0441a16dd8d22b44,CAM,41.0,451.3491201338231,-1.6,11.888797299741901,-0.07793154472654606,451.3491201338231,-1.6,11.888797299741901,-0.07793154472654606,nonce-cd98676a3564bf706876,False,False,certificate_tamper,True,0,"{""attack_ended_at"": 76.0, ""case_opened_at"": 24.0, ""lane_id"": ""g10_g20_0"", ""road_id"": ""g10_g20""}"
cam-1001-veh_009-000031,cam-1001-veh_009-000031,case-grid-1001-veh_009-benign,root-60ec78dfca91d08e19c8445c,1001,veh_009,ps-8e3b87e1d6235c50,CAM,41.0,798.4,345.6837569735494,14.712535724744395,0.12527715472038814,798.4,345.6837569735494,14.712535724744395,0.12527715472038814,nonce-60ec78dfca91d08e19c8,True,False,benign,False,0,"{""attack_ended_at"": 41.0, ""case_opened_at"": 41.0, ""lane_id"": ""g21_g20_0"", ""road_id"": ""g21_g20""}"
cam-1001-veh_010-000030-f0,cam-1001-veh_010-000030,case-grid-1001-veh_010-flood,root-b68bb4a0b463086e9aa06ba8,1001,veh_010,ps-bf5c5fe0f587553a,CAM,41.0,460.0127483666918,798.4,13.9662729137803,-0.4789022519678259,460.0127483666918,798.4,13.9662729137803,-0.4789022519678259,nonce-b68bb4a0b463086e9aa0,True,False,flood,True,0,"{""attack_ended_at"": 78.0, ""case_opened_at"": 26.0, ""lane_id"": ""g12_g22_0"", ""road_id"": ""g12_g22""}"
cam-1001-veh_010-000030-f1,cam-1001-veh_010-000030,case-grid-1001-veh_010-flood,root-b68bb4a0b463086e9aa06ba8,1001,veh_010,ps-bf5c5fe0f587553a,CAM,41.0,460.0127483666918,798.4,13.9662729137803,-0.4789022519678259,460.0127483666918,798.4,13.9662729137803,-0.4789022519678259,nonce-b68bb4a0b463086e9aa0,True,False,flood,True,1,"{""attack_ended_at"": 78.0, ""case_opened_at"": 26.0, ""lane_id"": ""g12_g22_0"", ""road_id"": ""g12_g22""}"
cam-1001-veh_010-000030-f2,cam-1001-veh_010-000030,case-grid-1001-veh_010-flood,root-b68bb4a0b463086e9aa06ba8,1001,veh_010,ps-bf5c5fe0f587553a,CAM,41.0,460.0127483666918,798.4,13.9662729137803,-0.4789022519678259,460.0127483666918,798.4,13.9662729137803,-0.4789022519678259,nonce-b68bb4a0b463086e9aa0,True,False,flood,True,2,"{""attack_ended_at"": 78.0, ""case_opened_at"": 26.0, ""lane_id"": ""g12_g22_0"", ""road_id"": ""g12_g22""}"
cam-1001-veh_010-000030-f3,cam-1001-veh_010-000030,case-grid-1001-veh_010-flood,root-b68bb4a0b463086e9aa06ba8,1001,veh_010,ps-bf5c5fe0f587553a,CAM,41.0,460.0127483666918,798.4,13.9662729137803,-0.4789022519678259,460.0127483666918,798.4,13.9662729137803,-0.4789022519678259,nonce-b68bb4a0b463086e9aa0,True,False,flood,True,3,"{""attack_ended_at"": 78.0, ""case_opened_at"": 26.0, ""lane_id"": ""g12_g22_0"", ""road_id"": ""g12_g22""}"
cam-1001-veh_010-000030-f4,cam-1001-veh_010-000030,case-grid-1001-veh_010-flood,root-b68bb4a0b463086e9aa06ba8,1001,veh_010,ps-bf5c5fe0f587553a,CAM,41.0,460.0127483666918,798.4,13.9662729137803,-0.4789022519678259,460.0127483666918,798.4,13.9662729137803,-0.4789022519678259,nonce-b68bb4a0b463086e9aa0,True,False,flood,True,4,"{""attack_ended_at"": 78.0, ""case_opened_at"": 26.0, ""lane_id"": ""g12_g22_0"", ""road_id"": ""g12_g22""}"
cam-1001-veh_011-000029,cam-1001-veh_011-000029,case-grid-1001-veh_011-benign,root-1207bf21947b1c85e040afcf,1001,veh_011,ps-298210176c98c50a,CAM,41.0,801.6,396.7012828188002,13.154326597417429,-0.48207111616618903,801.6,396.7012828188002,13.154326597417429,-0.48207111616618903,nonce-1207bf21947b1c85e040,True,False,benign,False,0,"{""attack_ended_at"": 41.0, ""case_opened_at"": 41.0, ""lane_id"": "":g21_2_0"", ""road_id"": "":g21_2""}"
cam-1001-veh_012-000028,cam-1001-veh_012-000028,case-grid-1001-veh_012-false_denm,root-4a6c031e27ee7bee3da2d049,1001,veh_012,ps-a2d8503b0d2b7ea8,CAM,41.0,385.12831278833414,398.4,0.3256387496547568,-3.476619938265772,385.12831278833414,398.4,0.3256387496547568,-3.476619938265772,nonce-4a6c031e27ee7bee3da2,True,False,false_denm,True,0,"{""attack_ended_at"": 80.0, ""case_opened_at"": 28.0, ""lane_id"": ""g01_g11_0"", ""road_id"": ""g01_g11""}"
cam-1001-veh_013-000027,cam-1001-veh_013-000027,case-grid-1001-veh_013-benign,root-3098f00b3b7fbb1d8133aaec,1001,veh_013,ps-ffb1bac62aa27994,CAM,41.0,431.3240110027535,401.6,12.977617825367913,-0.007571523645893308,431.3240110027535,401.6,12.977617825367913,-0.007571523645893308,nonce-3098f00b3b7fbb1d8133,True,False,benign,False,0,"{""attack_ended_at"": 41.0, ""case_opened_at"": 41.0, ""lane_id"": ""g21_g11_0"", ""road_id"": ""g21_g11""}"
cam-1001-veh_014-000026-m0,cam-1001-veh_014-000026,case-grid-1001-veh_014-mixed,root-1a7dc53b57c8008cf479effa,1001,veh_014,ps-0c5027fa621fc8a7,DENM,41.0,401.6,362.4733840025583,13.139087938490086,-0.6257852460304285,446.6,371.4733840025583,21.139087938490086,-0.6257852460304285,nonce-1a7dc53b57c8008cf479,True,True,mixed,True,0,"{""attack_ended_at"": 82.0, ""case_opened_at"": 30.0, ""lane_id"": ""g10_g11_0"", ""road_id"": ""g10_g11""}"
cam-1001-veh_014-000026-m1,cam-1001-veh_014-000026,case-grid-1001-veh_014-mixed,root-1a7dc53b57c8008cf479effa,1001,veh_014,ps-0c5027fa621fc8a7,DENM,41.0,401.6,362.4733840025583,13.139087938490086,-0.6257852460304285,446.6,371.4733840025583,21.139087938490086,-0.6257852460304285,nonce-1a7dc53b57c8008cf479,True,True,mixed,True,1,"{""attack_ended_at"": 82.0, ""case_opened_at"": 30.0, ""lane_id"": ""g10_g11_0"", ""road_id"": ""g10_g11""}"
cam-1001-veh_014-000026-m2,cam-1001-veh_014-000026,case-grid-1001-veh_014-mixed,root-1a7dc53b57c8008cf479effa,1001,veh_014,ps-0c5027fa621fc8a7,DENM,41.0,401.6,362.4733840025583,13.139087938490086,-0.6257852460304285,446.6,371.4733840025583,21.139087938490086,-0.6257852460304285,nonce-1a7dc53b57c8008cf479,True,True,mixed,True,2,"{""attack_ended_at"": 82.0, ""case_opened_at"": 30.0, ""lane_id"": ""g10_g11_0"", ""road_id"": ""g10_g11""}"
cam-1001-veh_014-000026-m3,cam-1001-veh_014-000026,case-grid-1001-veh_014-mixed,root-1a7dc53b57c8008cf479effa,1001,veh_014,ps-0c5027fa621fc8a7,DENM,41.0,401.6,362.4733840025583,13.139087938490086,-0.6257852460304285,446.6,371.4733840025583,21.139087938490086,-0.6257852460304285,nonce-1a7dc53b57c8008cf479,True,True,mixed,True,3,"{""attack_ended_at"": 82.0, ""case_opened_at"": 30.0, ""lane_id"": ""g10_g11_0"", ""road_id"": ""g10_g11""}"
cam-1001-veh_015-000025,cam-1001-veh_015-000025,case-grid-1001-veh_015-benign,root-9fd6bf9ea179f11eb05c0641,1001,veh_015,ps-43db3038c74a6947,CAM,41.0,398.4,464.16129085285354,12.590729483170533,-0.19017765968106737,398.4,464.16129085285354,12.590729483170533,-0.19017765968106737,nonce-9fd6bf9ea179f11eb05c,True,False,benign,False,0,"{""attack_ended_at"": 41.0, ""case_opened_at"": 41.0, ""lane_id"": ""g12_g11_0"", ""road_id"": ""g12_g11""}"
cam-1001-veh_016-000024,cam-1001-veh_016-000024,case-grid-1001-veh_016-benign,root-882eefab82bfdc4d5dd9594a,1001,veh_016,ps-cbbef243035097ce,CAM,41.0,392.1442403515762,-1.6,16.263890746556125,0.22183819828089213,392.1442403515762,-1.6,16.263890746556125,0.22183819828089213,nonce-882eefab82bfdc4d5dd9,True,False,benign,False,0,"{""attack_ended_at"": 41.0, ""case_opened_at"": 41.0, ""lane_id"": ""g00_g10_0"", ""road_id"": ""g00_g10""}"
cam-1001-veh_017-000023,cam-1001-veh_017-000023,case-grid-1001-veh_017-benign,root-a5842b67fcf38c4d9bd040d9,1001,veh_017,ps-c4cb9175e03371fc,CAM,41.0,798.4,465.03532188911373,14.30518011112681,-0.22479799810331258,798.4,465.03532188911373,14.30518011112681,-0.22479799810331258,nonce-a5842b67fcf38c4d9bd0,True,False,benign,False,0,"{""attack_ended_at"": 41.0, ""case_opened_at"": 41.0, ""lane_id"": ""g22_g21_0"", ""road_id"": ""g22_g21""}"
cam-1001-veh_018-000022,cam-1001-veh_018-000022,case-grid-1001-veh_018-benign,root-4894a75143afc4e0f15714eb,1001,veh_018,ps-f5eb5907dca15325,CAM,41.0,303.80923950449323,798.4,13.47154382414449,0.0301667159004122,303.80923950449323,798.4,13.47154382414449,0.0301667159004122,nonce-4894a75143afc4e0f157,True,False,benign,False,0,"{""attack_ended_at"": 41.0, ""case_opened_at"": 41.0, ""lane_id"": ""g02_g12_0"", ""road_id"": ""g02_g12""}"
cam-1001-veh_019-000021,cam-1001-veh_019-000021,case-grid-1001-veh_019-benign,root-88694333c0a5536650289439,1001,veh_019,ps-bfc295509368822d,CAM,41.0,801.6,303.3684390648076,13.807116032343865,0.021662501106037624,801.6,303.3684390648076,13.807116032343865,0.021662501106037624,nonce-88694333c0a553665028,True,False,benign,False,0,"{""attack_ended_at"": 41.0, ""case_opened_at"": 41.0, ""lane_id"": ""g20_g21_0"", ""road_id"": ""g20_g21""}"
cam-1001-veh_020-000020,cam-1001-veh_020-000020,case-grid-1001-veh_020-benign,root-f0d2d512e207b1ad429add42,1001,veh_020,ps-ebb98a241b250d58,CAM,41.0,265.88159445621716,398.4,12.889301778556868,0.24987101261503852,265.88159445621716,398.4,12.889301778556868,0.24987101261503852,nonce-f0d2d512e207b1ad429a,True,False,benign,False,0,"{""attack_ended_at"": 41.0, ""case_opened_at"": 41.0, ""lane_id"": ""g01_g11_0"", ""road_id"": ""g01_g11""}"
cam-1001-veh_021-000019,cam-1001-veh_021-000019,case-grid-1001-veh_021-benign,root-9932281fda5e34513fae8330,1001,veh_021,ps-c17e704b00a194fa,CAM,41.0,492.263989759395,401.6,15.655747037660324,-0.2780374369723724,492.263989759395,401.6,15.655747037660324,-0.2780374369723724,nonce-9932281fda5e34513fae,True,False,benign,False,0,"{""attack_ended_at"": 41.0, ""case_opened_at"": 41.0, ""lane_id"": ""g21_g11_0"", ""road_id"": ""g21_g11""}"
cam-1001-veh_022-000018,cam-1001-veh_022-000018,case-grid-1001-veh_022-benign,root-51fd8d6e2be66304332314cb,1001,veh_022,ps-37f1e0f2b964b078,CAM,41.0,401.6,299.52076199996856,15.676083982135781,-0.4228031775634751,401.6,299.52076199996856,15.676083982135781,-0.4228031775634751,nonce-51fd8d6e2be663043323,True,False,benign,False,0,"{""attack_ended_at"": 41.0, ""case_opened_at"": 41.0, ""lane_id"": ""g10_g11_0"", ""road_id"": ""g10_g11""}"
cam-1001-veh_023-000017,cam-1001-veh_023-000017,case-grid-1001-veh_023-benign,root-6f6ca48c4fa4c0432a19acdf,1001,veh_023,ps-88766211387813b1,CAM,41.0,398.4,560.692740147096,13.506367561084113,0.17647780752740694,398.4,560.692740147096,13.506367561084113,0.17647780752740694,nonce-6f6ca48c4fa4c0432a19,True,False,benign,False,0,"{""attack_ended_at"": 41.0, ""case_opened_at"": 41.0, ""lane_id"": ""g12_g11_0"", ""road_id"": ""g12_g11""}"
cam-1001-veh_000-000041,cam-1001-veh_000-000041,case-grid-1001-veh_000-benign,root-13a1b83b9bd12fb9e8d129ab,1001,veh_000,ps-0b6a8266609a146f,CAM,42.0,483.08052989956235,-1.6,11.914195462081121,0.49649457320105306,483.08052989956235,-1.6,11.914195462081121,0.49649457320105306,nonce-13a1b83b9bd12fb9e8d1,True,False,benign,False,0,"{""attack_ended_at"": 42.0, ""case_opened_at"": 42.0, ""lane_id"": ""g10_g20_0"", ""road_id"": ""g10_g20""}"
cam-1001-veh_001-000040,cam-1001-veh_001-000040,case-grid-1001-veh_001-benign,root-cddcb7c962112ba804349c20,1001,veh_001,ps-11b4aa50327f89a0,CAM,42.0,798.4,285.1334629908373,12.793297138748153,0.20994278716854708,798.4,285.1334629908373,12.793297138748153,0.20994278716854708,nonce-cddcb7c962112ba80434,True,False,benign,False,0,"{""attack_ended_at"": 42.0, ""case_opened_at"": 42.0, ""lane_id"": ""g21_g20_0"", ""road_id"": ""g21_g20""}"
cam-1001-veh_002-000039,cam-1001-veh_002-000039,case-grid-1001-veh_002-position_offset,root-651434e322049c95e8b4a500,1001,veh_002,ps-e0bc27433007a32c,CAM,42.0,498.06382402746607,798.4,12.697926588153788,0.5133124997327112,563.0638240274661,814.65,12.697926588153788,0.5133124997327112,nonce-651434e322049c95e8b4,True,False,position_offset,True,0,"{""attack_ended_at"": 70.0, ""case_opened_at"": 18.0, ""lane_id"": ""g12_g22_0"", ""road_id"": ""g12_g22""}"
cam-1001-veh_003-000038,cam-1001-veh_003-000038,case-grid-1001-veh_003-benign,root-5e64539476ec4811ba7b1add,1001,veh_003,ps-13247f0afc865149,CAM,42.0,801.6,488.40539917628286,12.48669250909558,-0.31412858891766504,801.6,488.40539917628286,12.48669250909558,-0.31412858891766504,nonce-5e64539476ec4811ba7b,True,False,benign,False,0,"{""attack_ended_at"": 42.0, ""case_opened_at"": 42.0, ""lane_id"": ""g21_g22_0"", ""road_id"": ""g21_g22""}"
cam-1001-veh_004-000037,cam-1001-veh_004-000037,case-grid-1001-veh_004-speed_offset,root-db302e67dfa1e98bad2443fb,1001,veh_004,ps-b7dd5d779d6fb997,CAM,42.0,392.6989184634821,398.4,0.0,0.0,392.6989184634821,398.4,11.0,0.0,nonce-db302e67dfa1e98bad24,True,False,speed_offset,True,0,"{""attack_ended_at"": 72.0, ""case_opened_at"": 20.0, ""lane_id"": ""g01_g11_0"", ""road_id"": ""g01_g11""}"
cam-1001-veh_005-000036,cam-1001-veh_005-000036,case-grid-1001-veh_005-benign,root-fc2d77bb3b2d513ffb241922,1001,veh_005,ps-fedb1f4cae953d51,CAM,42.0,407.30100268432733,401.6,0.00012160093888625119,-0.001987747838892737,407.30100268432733,401.6,0.00012160093888625119,-0.001987747838892737,nonce-fc2d77bb3b2d513ffb24,True,False,benign,False,0,"{""attack_ended_at"": 42.0, ""case_opened_at"": 42.0, ""lane_id"": ""g21_g11_0"", ""road_id"": ""g21_g11""}"
replay-cam-1001-veh_006-000035,cam-1001-veh_006-000011,case-grid-1001-veh_006-replay,root-55cf5c413e6560d70ca215ff,1001,veh_006,ps-402cdb4ee382d9ca,CAM,18.0,401.6,149.61574761008055,12.427882390090138,0.2817533832695336,401.6,149.61574761008055,12.427882390090138,0.2817533832695336,nonce-55cf5c413e6560d70ca2,True,False,replay,True,6,"{""attack_ended_at"": 18.0, ""case_opened_at"": 18.0, ""lane_id"": ""g10_g11_0"", ""road_id"": ""g10_g11""}"
cam-1001-veh_007-000034,cam-1001-veh_007-000034,case-grid-1001-veh_007-benign,root-fd55bea2d89337bc0049417a,1001,veh_007,ps-20a8fd281b9c6e27,CAM,42.0,398.4,357.9487865501303,12.824960304124676,0.2889314904436482,398.4,357.9487865501303,12.824960304124676,0.2889314904436482,nonce-fd55bea2d89337bc0049,True,False,benign,False,0,"{""attack_ended_at"": 42.0, ""case_opened_at"": 42.0, ""lane_id"": ""g11_g10_0"", ""road_id"": ""g11_g10""}"
cam-1001-veh_008-000033,cam-1001-veh_008-000033,case-grid-1001-veh_008-certificate_tamper,root-f1fdb49c7fce4c8b42e1492e,1001,veh_008,ps-0441a16dd8d22b44,CAM,42.0,462.86025518872117,-1.6,11.511135054898073,-0.3776622448438278,462.86025518872117,-1.6,11.511135054898073,-0.3776622448438278,nonce-f1fdb49c7fce4c8b42e1,False,False,certificate_tamper,True,0,"{""attack_ended_at"": 76.0, ""case_opened_at"": 24.0, ""lane_id"": ""g10_g20_0"", ""road_id"": ""g10_g20""}"
cam-1001-veh_009-000032,cam-1001-veh_009-000032,case-grid-1001-veh_009-benign,root-58d96de129298d80ee952f24,1001,veh_009,ps-8e3b87e1d6235c50,CAM,42.0,798.4,331.09805275341444,14.585704220134959,-0.12683150460943615,798.4,331.09805275341444,14.585704220134959,-0.12683150460943615,nonce-58d96de129298d80ee95,True,False,benign,False,0,"{""attack_ended_at"": 42.0, ""case_opened_at"": 42.0, ""lane_id"": ""g21_g20_0"", ""road_id"": ""g21_g20""}"
cam-1001-veh_010-000031-f0,cam-1001-veh_010-000031,case-grid-1001-veh_010-flood,root-13d0418bb4f16901a6c13b50,1001,veh_010,ps-bf5c5fe0f587553a,CAM,42.0,473.5260831756724,798.4,13.513334808980604,-0.45293810479969565,473.5260831756724,798.4,13.513334808980604,-0.45293810479969565,nonce-13d0418bb4f16901a6c1,True,False,flood,True,0,"{""attack_ended_at"": 78.0, ""case_opened_at"": 26.0, ""lane_id"": ""g12_g22_0"", ""road_id"": ""g12_g22""}"
cam-1001-veh_010-000031-f1,cam-1001-veh_010-000031,case-grid-1001-veh_010-flood,root-13d0418bb4f16901a6c13b50,1001,veh_010,ps-bf5c5fe0f587553a,CAM,42.0,473.5260831756724,798.4,13.513334808980604,-0.45293810479969565,473.5260831756724,798.4,13.513334808980604,-0.45293810479969565,nonce-13d0418bb4f16901a6c1,True,False,flood,True,1,"{""attack_ended_at"": 78.0, ""case_opened_at"": 26.0, ""lane_id"": ""g12_g22_0"", ""road_id"": ""g12_g22""}"
cam-1001-veh_010-000031-f2,cam-1001-veh_010-000031,case-grid-1001-veh_010-flood,root-13d0418bb4f16901a6c13b50,1001,veh_010,ps-bf5c5fe0f587553a,CAM,42.0,473.5260831756724,798.4,13.513334808980604,-0.45293810479969565,473.5260831756724,798.4,13.513334808980604,-0.45293810479969565,nonce-13d0418bb4f16901a6c1,True,False,flood,True,2,"{""attack_ended_at"": 78.0, ""case_opened_at"": 26.0, ""lane_id"": ""g12_g22_0"", ""road_id"": ""g12_g22""}"
cam-1001-veh_010-000031-f3,cam-1001-veh_010-000031,case-grid-1001-veh_010-flood,root-13d0418bb4f16901a6c13b50,1001,veh_010,ps-bf5c5fe0f587553a,CAM,42.0,473.5260831756724,798.4,13.513334808980604,-0.45293810479969565,473.5260831756724,798.4,13.513334808980604,-0.45293810479969565,nonce-13d0418bb4f16901a6c1,True,False,flood,True,3,"{""attack_ended_at"": 78.0, ""case_opened_at"": 26.0, ""lane_id"": ""g12_g22_0"", ""road_id"": ""g12_g22""}"
cam-1001-veh_010-000031-f4,cam-1001-veh_010-000031,case-grid-1001-veh_010-flood,root-13d0418bb4f16901a6c13b50,1001,veh_010,ps-bf5c5fe0f587553a,CAM,42.0,473.5260831756724,798.4,13.513334808980604,-0.45293810479969565,473.5260831756724,798.4,13.513334808980604,-0.45293810479969565,nonce-13d0418bb4f16901a6c1,True,False,flood,True,4,"{""attack_ended_at"": 78.0, ""case_opened_at"": 26.0, ""lane_id"": ""g12_g22_0"", ""road_id"": ""g12_g22""}"
cam-1001-veh_011-000030,cam-1001-veh_011-000030,case-grid-1001-veh_011-benign,root-bb27fbba8ef5013cd3688d5b,1001,veh_011,ps-298210176c98c50a,CAM,42.0,801.6,410.0484150325005,13.347132213700286,0.19280561628285753,801.6,410.0484150325005,13.347132213700286,0.19280561628285753,nonce-bb27fbba8ef5013cd368,True,False,benign,False,0,"{""attack_ended_at"": 42.0, ""case_opened_at"": 42.0, ""lane_id"": ""g21_g22_0"", ""road_id"": ""g21_g22""}"
cam-1001-veh_012-000029,cam-1001-veh_012-000029,case-grid-1001-veh_012-false_denm,root-d7b2a0941f92090866d8d516,1001,veh_012,ps-a2d8503b0d2b7ea8,CAM,42.0,385.1782767103718,398.4,0.049963922037669924,-0.2756748276170869,385.1782767103718,398.4,0.049963922037669924,-0.2756748276170869,nonce-d7b2a0941f92090866d8,True,False,false_denm,True,0,"{""attack_ended_at"": 80.0, ""case_opened_at"": 28.0, ""lane_id"": ""g01_g11_0"", ""road_id"": ""g01_g11""}"
cam-1001-veh_013-000028,cam-1001-veh_013-000028,case-grid-1001-veh_013-benign,root-730e5fdf46ad368c9b434491,1001,veh_013,ps-ffb1bac62aa27994,CAM,42.0,421.7389137254738,401.6,9.58509727727968,-3.3925205480882337,421.7389137254738,401.6,9.58509727727968,-3.3925205480882337,nonce-730e5fdf46ad368c9b43,True,False,benign,False,0,"{""attack_ended_at"": 42.0, ""case_opened_at"": 42.0, ""lane_id"": ""g21_g11_0"", ""road_id"": ""g21_g11""}"
cam-1001-veh_014-000027-m0,cam-1001-veh_014-000027,case-grid-1001-veh_014-mixed,root-d4247313054ebc56f6549cff,1001,veh_014,ps-0c5027fa621fc8a7,DENM,42.0,401.6,376.2893583458151,13.815974343256787,0.6768864047667016,446.6,385.2893583458151,21.815974343256787,0.6768864047667016,nonce-d4247313054ebc56f654,True,True,mixed,True,0,"{""attack_ended_at"": 82.0, ""case_opened_at"": 30.0, ""lane_id"": ""g10_g11_0"", ""road_id"": ""g10_g11""}"
cam-1001-veh_014-000027-m1,cam-1001-veh_014-000027,case-grid-1001-veh_014-mixed,root-d4247313054ebc56f6549cff,1001,veh_014,ps-0c5027fa621fc8a7,DENM,42.0,401.6,376.2893583458151,13.815974343256787,0.6768864047667016,446.6,385.2893583458151,21.815974343256787,0.6768864047667016,nonce-d4247313054ebc56f654,True,True,mixed,True,1,"{""attack_ended_at"": 82.0, ""case_opened_at"": 30.0, ""lane_id"": ""g10_g11_0"", ""road_id"": ""g10_g11""}"
cam-1001-veh_014-000027-m2,cam-1001-veh_014-000027,case-grid-1001-veh_014-mixed,root-d4247313054ebc56f6549cff,1001,veh_014,ps-0c5027fa621fc8a7,DENM,42.0,401.6,376.2893583458151,13.815974343256787,0.6768864047667016,446.6,385.2893583458151,21.815974343256787,0.6768864047667016,nonce-d4247313054ebc56f654,True,True,mixed,True,2,"{""attack_ended_at"": 82.0, ""case_opened_at"": 30.0, ""lane_id"": ""g10_g11_0"", ""road_id"": ""g10_g11""}"
cam-1001-veh_014-000027-m3,cam-1001-veh_014-000027,case-grid-1001-veh_014-mixed,root-d4247313054ebc56f6549cff,1001,veh_014,ps-0c5027fa621fc8a7,DENM,42.0,401.6,376.2893583458151,13.815974343256787,0.6768864047667016,446.6,385.2893583458151,21.815974343256787,0.6768864047667016,nonce-d4247313054ebc56f654,True,True,mixed,True,3,"{""attack_ended_at"": 82.0, ""case_opened_at"": 30.0, ""lane_id"": ""g10_g11_0"", ""road_id"": ""g10_g11""}"
cam-1001-veh_015-000026,cam-1001-veh_015-000026,case-grid-1001-veh_015-benign,root-ba077e869bc9e9a0223a9a9f,1001,veh_015,ps-43db3038c74a6947,CAM,42.0,398.4,451.2806346232606,12.880656229592958,0.28992674642242555,398.4,451.2806346232606,12.880656229592958,0.28992674642242555,nonce-ba077e869bc9e9a0223a,True,False,benign,False,0,"{""attack_ended_at"": 42.0, ""case_opened_at"": 42.0, ""lane_id"": ""g12_g11_0"", ""road_id"": ""g12_g11""}"
cam-1001-veh_016-000025,cam-1001-veh_016-000025,case-grid-1001-veh_016-benign,root-fc9e67c942d4ba949a1d9ad0,1001,veh_016,ps-cbbef243035097ce,CAM,42.0,408.17260907005493,-1.6,16.028368718478735,-0.23552202807739064,408.17260907005493,-1.6,16.028368718478735,-0.23552202807739064,nonce-fc9e67c942d4ba949a1d,True,False,benign,False,0,"{""attack_ended_at"": 42.0, ""case_opened_at"": 42.0, ""lane_id"": ""g10_g20_0"", ""road_id"": ""g10_g20""}"
cam-1001-veh_017-000024,cam-1001-veh_017-000024,case-grid-1001-veh_017-benign,root-c2ef82666bdfad44fe1a782a,1001,veh_017,ps-c4cb9175e03371fc,CAM,42.0,798.4,450.6482985733303,14.387023315783427,0.08184320465661621,798.4,450.6482985733303,14.387023315783427,0.08184320465661621,nonce-c2ef82666bdfad44fe1a,True,False,benign,False,0,"{""attack_ended_at"": 42.0, ""case_opened_at"": 42.0, ""lane_id"": ""g22_g21_0"", ""road_id"": ""g22_g21""}"
cam-1001-veh_018-000023,cam-1001-veh_018-000023,case-grid-1001-veh_018-benign,root-a9ec06856eca3ff2bc98d6d9,1001,veh_018,ps-f5eb5907dca15325,CAM,42.0,317.0234736588972,798.4,13.214234154403993,-0.25730966974049707,317.0234736588972,798.4,13.214234154403993,-0.25730966974049707,nonce-a9ec06856eca3ff2bc98,True,False,benign,False,0,"{""attack_ended_at"": 42.0, ""case_opened_at"": 42.0, ""lane_id"": ""g02_g12_0"", ""road_id"": ""g02_g12""}"
cam-1001-veh_019-000022,cam-1001-veh_019-000022,case-grid-1001-veh_019-benign,root-cd5e0e00d631dfa47631337a,1001,veh_019,ps-bfc295509368822d,CAM,42.0,801.6,317.724598043573,14.356158978765407,0.549042946421542,801.6,317.724598043573,14.356158978765407,0.549042946421542,nonce-cd5e0e00d631dfa47631,True,False,benign,False,0,"{""attack_ended_at"": 42.0, ""case_opened_at"": 42.0, ""lane_id"": ""g20_g21_0"", ""road_id"": ""g20_g21""}"
cam-1001-veh_020-000021,cam-1001-veh_020-000021,case-grid-1001-veh_020-benign,root-2c0bf6b10161dfc4ad04ac91,1001,veh_020,ps-ebb98a241b250d58,CAM,42.0,278.886932694545,398.4,13.005338238327854,0.11603645977098509,278.886932694545,398.4,13.005338238327854,0.11603645977098509,nonce-2c0bf6b10161dfc4ad04,True,False,benign,False,0,"{""attack_ended_at"": 42.0, ""case_opened_at"": 42.0, ""lane_id"": ""g01_g11_0"", ""road_id"": ""g01_g11""}"
cam-1001-veh_021-000020,cam-1001-veh_021-000020,case-grid-1001-veh_021-benign,root-c23002bdce01ebaa931c4adb,1001,veh_021,ps-c17e704b00a194fa,CAM,42.0,476.9909919414344,401.6,15.272997817960562,-0.38274921969976283,476.9909919414344,401.6,15.272997817960562,-0.38274921969976283,nonce-c23002bdce01ebaa931c,True,False,benign,False,0,"{""attack_ended_at"": 42.0, ""case_opened_at"": 42.0, ""lane_id"": ""g21_g11_0"", ""road_id"": ""g21_g11""}"
cam-1001-veh_022-000019,cam-1001-veh_022-000019,case-grid-1001-veh_022-benign,root-ad53c2e3b951888af7a7f1ca,1001,veh_022,ps-37f1e0f2b964b078,CAM,42.0,401.6,315.7057848786626,16.185022878694028,0.5089388965582469,401.6,315.7057848786626,16.185022878694028,0.5089388965582469,nonce-ad53c2e3b951888af7a7,True,False,benign,False,0,"{""attack_ended_at"": 42.0, ""case_opened_at"": 42.0, ""lane_id"": ""g10_g11_0"", ""road_id"": ""g10_g11""}"
cam-1001-veh_023-000018,cam-1001-veh_023-000018,case-grid-1001-veh_023-benign,root-eba9f7907f56e6d5449c424e,1001,veh_023,ps-88766211387813b1,CAM,42.0,398.4,547.2341355120138,13.45860463508208,-0.04776292600203291,398.4,547.2341355120138,13.45860463508208,-0.04776292600203291,nonce-eba9f7907f56e6d5449c,True,False,benign,False,0,"{""attack_ended_at"": 42.0, ""case_opened_at"": 42.0, ""lane_id"": ""g12_g11_0"", ""road_id"": ""g12_g11""}"
cam-1001-veh_000-000042,cam-1001-veh_000-000042,case-grid-1001-veh_000-benign,root-ffab2946602335ae58b00b50,1001,veh_000,ps-0b6a8266609a146f,CAM,43.0,494.30542413336235,-1.6,11.22489423380001,-0.6893012282811117,494.30542413336235,-1.6,11.22489423380001,-0.6893012282811117,nonce-ffab2946602335ae58b0,True,False,benign,False,0,"{""attack_ended_at"": 43.0, ""case_opened_at"": 43.0, ""lane_id"": ""g10_g20_0"", ""road_id"": ""g10_g20""}"
cam-1001-veh_001-000041,cam-1001-veh_001-000041,case-grid-1001-veh_001-benign,root-7eacd1f58131a8038a87d899,1001,veh_001,ps-11b4aa50327f89a0,CAM,43.0,798.4,272.6844179999686,12.449044990868703,-0.34425214787945,798.4,272.6844179999686,12.449044990868703,-0.34425214787945,nonce-7eacd1f58131a8038a87,True,False,benign,False,0,"{""attack_ended_at"": 43.0, ""case_opened_at"": 43.0, ""lane_id"": ""g21_g20_0"", ""road_id"": ""g21_g20""}"
cam-1001-veh_002-000040,cam-1001-veh_002-000040,case-grid-1001-veh_002-position_offset,root-c4d715c0cc4df77a0811e99c,1001,veh_002,ps-e0bc27433007a32c,CAM,43.0,510.99973881871324,798.4,12.935914791247196,0.2379882030934084,575.9997388187132,814.65,12.935914791247196,0.2379882030934084,nonce-c4d715c0cc4df77a0811,True,False,position_offset,True,0,"{""attack_ended_at"": 70.0, ""case_opened_at"": 18.0, ""lane_id"": ""g12_g22_0"", ""road_id"": ""g12_g22""}"
cam-1001-veh_003-000039,cam-1001-veh_003-000039,case-grid-1001-veh_003-benign,root-bfd803a994d7a89445d0c6d3,1001,veh_003,ps-13247f0afc865149,CAM,43.0,801.6,500.9242305343351,12.518831358052253,0.03213884895667363,801.6,500.9242305343351,12.518831358052253,0.03213884895667363,nonce-bfd803a994d7a89445d0,True,False,benign,False,0,"{""attack_ended_at"": 43.0, ""case_opened_at"": 43.0, ""lane_id"": ""g21_g22_0"", ""road_id"": ""g21_g22""}"
cam-1001-veh_004-000038,cam-1001-veh_004-000038,case-grid-1001-veh_004-speed_offset,root-e3eac4a7247d2c064ff52295,1001,veh_004,ps-b7dd5d779d6fb997,CAM,43.0,392.6989184634821,398.4,0.0,0.0,392.6989184634821,398.4,11.0,0.0,nonce-e3eac4a7247d2c064ff5,True,False,speed_offset,True,0,"{""attack_ended_at"": 72.0, ""case_opened_at"": 20.0, ""lane_id"": ""g01_g11_0"", ""road_id"": ""g01_g11""}"
cam-1001-veh_005-000037,cam-1001-veh_005-000037,case-grid-1001-veh_005-benign,root-b52ccf853e9f6020db98ac70,1001,veh_005,ps-fedb1f4cae953d51,CAM,43.0,407.30100268432733,401.6,0.0,-0.00012160093888625119,407.30100268432733,401.6,0.0,-0.00012160093888625119,nonce-b52ccf853e9f6020db98,True,False,benign,False,0,"{""attack_ended_at"": 43.0, ""case_opened_at"": 43.0, ""lane_id"": ""g21_g11_0"", ""road_id"": ""g21_g11""}"
replay-cam-1001-veh_006-000036,cam-1001-veh_006-000012,case-grid-1001-veh_006-replay,root-e685cc25bd7b355fd757e166,1001,veh_006,ps-402cdb4ee382d9ca,CAM,19.0,401.6,161.79692725744974,12.181179647369184,-0.24670274272095405,401.6,161.79692725744974,12.181179647369184,-0.24670274272095405,nonce-e685cc25bd7b355fd757,True,False,replay,True,6,"{""attack_ended_at"": 19.0, ""case_opened_at"": 19.0, ""lane_id"": ""g10_g11_0"", ""road_id"": ""g10_g11""}"
cam-1001-veh_007-000035,cam-1001-veh_007-000035,case-grid-1001-veh_007-benign,root-4903a0956737a626bdd3cf28,1001,veh_007,ps-20a8fd281b9c6e27,CAM,43.0,398.4,345.2381588800532,12.71062767007707,-0.11433263404760652,398.4,345.2381588800532,12.71062767007707,-0.11433263404760652,nonce-4903a0956737a626bdd3,True,False,benign,False,0,"{""attack_ended_at"": 43.0, ""case_opened_at"": 43.0, ""lane_id"": ""g11_g10_0"", ""road_id"": ""g11_g10""}"
cam-1001-veh_008-000034,cam-1001-veh_008-000034,case-grid-1001-veh_008-certificate_tamper,root-0a57328f6f8951ee98c2c3cf,1001,veh_008,ps-0441a16dd8d22b44,CAM,43.0,474.6842066304803,-1.6,11.823951441759153,0.3128163868610798,474.6842066304803,-1.6,11.823951441759153,0.3128163868610798,nonce-0a57328f6f8951ee98c2,False,False,certificate_tamper,True,0,"{""attack_ended_at"": 76.0, ""case_opened_at"": 24.0, ""lane_id"": ""g10_g20_0"", ""road_id"": ""g10_g20""}"
cam-1001-veh_009-000033,cam-1001-veh_009-000033,case-grid-1001-veh_009-benign,root-3eefc1576a3c2509400e9733,1001,veh_009,ps-8e3b87e1d6235c50,CAM,43.0,798.4,316.97408577068455,14.123966982729927,-0.4617372374050319,798.4,316.97408577068455,14.123966982729927,-0.4617372374050319,nonce-3eefc1576a3c2509400e,True,False,benign,False,0,"{""attack_ended_at"": 43.0, ""case_opened_at"": 43.0, ""lane_id"": ""g21_g20_0"", ""road_id"": ""g21_g20""}"
cam-1001-veh_010-000032-f0,cam-1001-veh_010-000032,case-grid-1001-veh_010-flood,root-aa779c8c5519ea0ed15c64c0,1001,veh_010,ps-bf5c5fe0f587553a,CAM,43.0,487.5045865471973,798.4,13.978503371524841,0.4651685625442372,487.5045865471973,798.4,13.978503371524841,0.4651685625442372,nonce-aa779c8c5519ea0ed15c,True,False,flood,True,0,"{""attack_ended_at"": 78.0, ""case_opened_at"": 26.0, ""lane_id"": ""g12_g22_0"", ""road_id"": ""g12_g22""}"
cam-1001-veh_010-000032-f1,cam-1001-veh_010-000032,case-grid-1001-veh_010-flood,root-aa779c8c5519ea0ed15c64c0,1001,veh_010,ps-bf5c5fe0f587553a,CAM,43.0,487.5045865471973,798.4,13.978503371524841,0.4651685625442372,487.5045865471973,798.4,13.978503371524841,0.4651685625442372,nonce-aa779c8c5519ea0ed15c,True,False,flood,True,1,"{""attack_ended_at"": 78.0, ""case_opened_at"": 26.0, ""lane_id"": ""g12_g22_0"", ""road_id"": ""g12_g22""}"
cam-1001-veh_010-000032-f2,cam-1001-veh_010-000032,case-grid-1001-veh_010-flood,root-aa779c8c5519ea0ed15c64c0,1001,veh_010,ps-bf5c5fe0f587553a,CAM,43.0,487.5045865471973,798.4,13.978503371524841,0.4651685625442372,487.5045865471973,798.4,13.978503371524841,0.4651685625442372,nonce-aa779c8c5519ea0ed15c,True,False,flood,True,2,"{""attack_ended_at"": 78.0, ""case_opened_at"": 26.0, ""lane_id"": ""g12_g22_0"", ""road_id"": ""g12_g22""}"
cam-1001-veh_010-000032-f3,cam-1001-veh_010-000032,case-grid-1001-veh_010-flood,root-aa779c8c5519ea0ed15c64c0,1001,veh_010,ps-bf5c5fe0f587553a,CAM,43.0,487.5045865471973,798.4,13.978503371524841,0.4651685625442372,487.5045865471973,798.4,13.978503371524841,0.4651685625442372,nonce-aa779c8c5519ea0ed15c,True,False,flood,True,3,"{""attack_ended_at"": 78.0, ""case_opened_at"": 26.0, ""lane_id"": ""g12_g22_0"", ""road_id"": ""g12_g22""}"
cam-1001-veh_010-000032-f4,cam-1001-veh_010-000032,case-grid-1001-veh_010-flood,root-aa779c8c5519ea0ed15c64c0,1001,veh_010,ps-bf5c5fe0f587553a,CAM,43.0,487.5045865471973,798.4,13.978503371524841,0.4651685625442372,487.5045865471973,798.4,13.978503371524841,0.4651685625442372,nonce-aa779c8c5519ea0ed15c,True,False,flood,True,4,"{""attack_ended_at"": 78.0, ""case_opened_at"": 26.0, ""lane_id"": ""g12_g22_0"", ""road_id"": ""g12_g22""}"
cam-1001-veh_011-000031,cam-1001-veh_011-000031,case-grid-1001-veh_011-benign,root-ca5db39200d0ec38cb3bc1d2,1001,veh_011,ps-298210176c98c50a,CAM,43.0,801.6,423.6678212194692,13.619406186968742,0.27227397326845626,801.6,423.6678212194692,13.619406186968742,0.27227397326845626,nonce-ca5db39200d0ec38cb3b,True,False,benign,False,0,"{""attack_ended_at"": 43.0, ""case_opened_at"": 43.0, ""lane_id"": ""g21_g22_0"", ""road_id"": ""g21_g22""}"
cam-1001-veh_012-000030,cam-1001-veh_012-000030,case-grid-1001-veh_012-false_denm,root-926ff5e501f6b7833f109753,1001,veh_012,ps-a2d8503b0d2b7ea8,DENM,43.0,385.1948735011976,398.4,0.016596790825808585,-0.03336713121186134,385.1948735011976,398.4,0.016596790825808585,-0.03336713121186134,nonce-926ff5e501f6b7833f10,True,True,false_denm,True,0,"{""attack_ended_at"": 80.0, ""case_opened_at"": 28.0, ""lane_id"": ""g01_g11_0"", ""road_id"": ""g01_g11""}"
cam-1001-veh_013-000029,cam-1001-veh_013-000029,case-grid-1001-veh_013-benign,root-6e90fd87c1e3ad9f4e032db9,1001,veh_013,ps-ffb1bac62aa27994,CAM,43.0,416.65381644819416,401.6,5.085097277279679,-4.5,416.65381644819416,401.6,5.085097277279679,-4.5,nonce-6e90fd87c1e3ad9f4e03,True,False,benign,False,0,"{""attack_ended_at"": 43.0, ""case_opened_at"": 43.0, ""lane_id"": ""g21_g11_0"", ""road_id"": ""g21_g11""}"
cam-1001-veh_014-000028-m0,cam-1001-veh_014-000028,case-grid-1001-veh_014-mixed,root-cb55dd0e5e77ebf96dc2b57a,1001,veh_014,ps-0c5027fa621fc8a7,DENM,43.0,401.6,389.43971228837586,13.150353942560725,-0.6656204006960618,446.6,398.43971228837586,21.150353942560727,-0.6656204006960618,nonce-cb55dd0e5e77ebf96dc2,True,True,mixed,True,0,"{""attack_ended_at"": 82.0, ""case_opened_at"": 30.0, ""lane_id"": ""g10_g11_0"", ""road_id"": ""g10_g11""}"
cam-1001-veh_014-000028-m1,cam-1001-veh_014-000028,case-grid-1001-veh_014-mixed,root-cb55dd0e5e77ebf96dc2b57a,1001,veh_014,ps-0c5027fa621fc8a7,DENM,43.0,401.6,389.43971228837586,13.150353942560725,-0.6656204006960618,446.6,398.43971228837586,21.150353942560727,-0.6656204006960618,nonce-cb55dd0e5e77ebf96dc2,True,True,mixed,True,1,"{""attack_ended_at"": 82.0, ""case_opened_at"": 30.0, ""lane_id"": ""g10_g11_0"", ""road_id"": ""g10_g11""}"
cam-1001-veh_014-000028-m2,cam-1001-veh_014-000028,case-grid-1001-veh_014-mixed,root-cb55dd0e5e77ebf96dc2b57a,1001,veh_014,ps-0c5027fa621fc8a7,DENM,43.0,401.6,389.43971228837586,13.150353942560725,-0.6656204006960618,446.6,398.43971228837586,21.150353942560727,-0.6656204006960618,nonce-cb55dd0e5e77ebf96dc2,True,True,mixed,True,2,"{""attack_ended_at"": 82.0, ""case_opened_at"": 30.0, ""lane_id"": ""g10_g11_0"", ""road_id"": ""g10_g11""}"
cam-1001-veh_014-000028-m3,cam-1001-veh_014-000028,case-grid-1001-veh_014-mixed,root-cb55dd0e5e77ebf96dc2b57a,1001,veh_014,ps-0c5027fa621fc8a7,DENM,43.0,401.6,389.43971228837586,13.150353942560725,-0.6656204006960618,446.6,398.43971228837586,21.150353942560727,-0.6656204006960618,nonce-cb55dd0e5e77ebf96dc2,True,True,mixed,True,3,"{""attack_ended_at"": 82.0, ""case_opened_at"": 30.0, ""lane_id"": ""g10_g11_0"", ""road_id"": ""g10_g11""}"
cam-1001-veh_015-000027,cam-1001-veh_015-000027,case-grid-1001-veh_015-benign,root-dc1007efe69a92bb7aa14363,1001,veh_015,ps-43db3038c74a6947,CAM,43.0,398.4,437.9484357619726,13.332198861288004,0.4515426316950464,398.4,437.9484357619726,13.332198861288004,0.4515426316950464,nonce-dc1007efe69a92bb7aa1,True,False,benign,False,0,"{""attack_ended_at"": 43.0, ""case_opened_at"": 43.0, ""lane_id"": ""g12_g11_0"", ""road_id"": ""g12_g11""}"
cam-1001-veh_016-000026,cam-1001-veh_016-000026,case-grid-1001-veh_016-benign,root-efe1ca19320e7b3f165de3c7,1001,veh_016,ps-cbbef243035097ce,CAM,43.0,424.1324141090816,-1.6,15.959805039026678,-0.06856367945205655,424.1324141090816,-1.6,15.959805039026678,-0.06856367945205655,nonce-efe1ca19320e7b3f165d,True,False,benign,False,0,"{""attack_ended_at"": 43.0, ""case_opened_at"": 43.0, ""lane_id"": ""g10_g20_0"", ""road_id"": ""g10_g20""}"
cam-1001-veh_017-000025,cam-1001-veh_017-000025,case-grid-1001-veh_017-benign,root-dae8a72cc381f04727041093,1001,veh_017,ps-c4cb9175e03371fc,CAM,43.0,798.4,436.21964103343845,14.428657539891846,0.041634224108419104,798.4,436.21964103343845,14.428657539891846,0.041634224108419104,nonce-dae8a72cc381f0472704,True,False,benign,False,0,"{""attack_ended_at"": 43.0, ""case_opened_at"": 43.0, ""lane_id"": ""g22_g21_0"", ""road_id"": ""g22_g21""}"
cam-1001-veh_018-000024,cam-1001-veh_018-000024,case-grid-1001-veh_018-benign,root-0e1fbf9aaa37c1de1166243f,1001,veh_018,ps-f5eb5907dca15325,CAM,43.0,330.0773129277146,798.4,13.053839268817418,-0.1603948855865749,330.0773129277146,798.4,13.053839268817418,-0.1603948855865749,nonce-0e1fbf9aaa37c1de1166,True,False,benign,False,0,"{""attack_ended_at"": 43.0, ""case_opened_at"": 43.0, ""lane_id"": ""g02_g12_0"", ""road_id"": ""g02_g12""}"
cam-1001-veh_019-000023,cam-1001-veh_019-000023,case-grid-1001-veh_019-benign,root-a52502c98c8266f9124a2af7,1001,veh_019,ps-bfc295509368822d,CAM,43.0,801.6,331.60541090726053,13.880812863687561,-0.47534611507784597,801.6,331.60541090726053,13.880812863687561,-0.47534611507784597,nonce-a52502c98c8266f9124a,True,False,benign,False,0,"{""attack_ended_at"": 43.0, ""case_opened_at"": 43.0, ""lane_id"": ""g20_g21_0"", ""road_id"": ""g20_g21""}"
cam-1001-veh_020-000022,cam-1001-veh_020-000022,case-grid-1001-veh_020-benign,root-fb762409772dc0932470403b,1001,veh_020,ps-ebb98a241b250d58,CAM,43.0,291.780274037961,398.4,12.893341343415992,-0.11199689491186149,291.780274037961,398.4,12.893341343415992,-0.11199689491186149,nonce-fb762409772dc0932470,True,False,benign,False,0,"{""attack_ended_at"": 43.0, ""case_opened_at"": 43.0, ""lane_id"": ""g01_g11_0"", ""road_id"": ""g01_g11""}"
cam-1001-veh_021-000021,cam-1001-veh_021-000021,case-grid-1001-veh_021-benign,root-d41c8877b4743498d79144be,1001,veh_021,ps-c17e704b00a194fa,CAM,43.0,461.22056737797806,401.6,15.77042456345632,0.4974267454957584,461.22056737797806,401.6,15.77042456345632,0.4974267454957584,nonce-d41c8877b4743498d791,True,False,benign,False,0,"{""attack_ended_at"": 43.0, ""case_opened_at"": 43.0, ""lane_id"": ""g21_g11_0"", ""road_id"": ""g21_g11""}"
cam-1001-veh_022-000020,cam-1001-veh_022-000020,case-grid-1001-veh_022-benign,root-ced1477268b6499780e06b62,1001,veh_022,ps-37f1e0f2b964b078,CAM,43.0,401.6,331.5218430617707,15.816058183108138,-0.3689646955858894,401.6,331.5218430617707,15.816058183108138,-0.3689646955858894,nonce-ced1477268b6499780e0,True,False,benign,False,0,"{""attack_ended_at"": 43.0, ""case_opened_at"": 43.0, ""lane_id"": ""g10_g11_0"", ""road_id"": ""g10_g11""}"
cam-1001-veh_023-000019,cam-1001-veh_023-000019,case-grid-1001-veh_023-benign,root-7d2e986bec2f84c0e10e5d64,1001,veh_023,ps-88766211387813b1,CAM,43.0,398.4,533.5740467384086,13.66008877360531,0.2014841385232291,398.4,533.5740467384086,13.66008877360531,0.2014841385232291,nonce-7d2e986bec2f84c0e10e,True,False,benign,False,0,"{""attack_ended_at"": 43.0, ""case_opened_at"": 43.0, ""lane_id"": ""g12_g11_0"", ""road_id"": ""g12_g11""}"
cam-1001-veh_000-000043,cam-1001-veh_000-000043,case-grid-1001-veh_000-benign,root-0010618b9fd11dc932d1055d,1001,veh_000,ps-0b6a8266609a146f,CAM,44.0,505.799594614159,-1.6,11.494170480796607,0.269276246996597,505.799594614159,-1.6,11.494170480796607,0.269276246996597,nonce-0010618b9fd11dc932d1,True,False,benign,False,0,"{""attack_ended_at"": 44.0, ""case_opened_at"": 44.0, ""lane_id"": ""g10_g20_0"", ""road_id"": ""g10_g20""}"
cam-1001-veh_001-000042,cam-1001-veh_001-000042,case-grid-1001-veh_001-benign,root-120be8991582540abaf68bb7,1001,veh_001,ps-11b4aa50327f89a0,CAM,44.0,798.4,260.0954299622367,12.588988037731893,0.13994304686318948,798.4,260.0954299622367,12.588988037731893,0.13994304686318948,nonce-120be8991582540abaf6,True,False,benign,False,0,"{""attack_ended_at"": 44.0, ""case_opened_at"": 44.0, ""lane_id"": ""g21_g20_0"", ""road_id"": ""g21_g20""}"
cam-1001-veh_002-000041,cam-1001-veh_002-000041,case-grid-1001-veh_002-position_offset,root-b904d3acdf93f6631b20b90a,1001,veh_002,ps-e0bc27433007a32c,CAM,44.0,523.6909491267718,798.4,12.691210308058508,-0.24470448318868776,588.6909491267718,814.65,12.691210308058508,-0.24470448318868776,nonce-b904d3acdf93f6631b20,True,False,position_offset,True,0,"{""attack_ended_at"": 70.0, ""case_opened_at"": 18.0, ""lane_id"": ""g12_g22_0"", ""road_id"": ""g12_g22""}"
cam-1001-veh_003-000040,cam-1001-veh_003-000040,case-grid-1001-veh_003-benign,root-e1ed4689ebfa6cbbdd2244f8,1001,veh_003,ps-13247f0afc865149,CAM,44.0,801.6,513.6524292229553,12.728198688620164,0.20936733056791113,801.6,513.6524292229553,12.728198688620164,0.20936733056791113,nonce-e1ed4689ebfa6cbbdd22,True,False,benign,False,0,"{""attack_ended_at"": 44.0, ""case_opened_at"": 44.0, ""lane_id"": ""g21_g22_0"", ""road_id"": ""g21_g22""}"
cam-1001-veh_004-000039,cam-1001-veh_004-000039,case-grid-1001-veh_004-speed_offset,root-eeaa74375f577521d389fcee,1001,veh_004,ps-b7dd5d779d6fb997,CAM,44.0,392.6989184634821,398.4,0.0,0.0,392.6989184634821,398.4,11.0,0.0,nonce-eeaa74375f577521d389,True,False,speed_offset,True,0,"{""attack_ended_at"": 72.0, ""case_opened_at"": 20.0, ""lane_id"": ""g01_g11_0"", ""road_id"": ""g01_g11""}"
cam-1001-veh_005-000038,cam-1001-veh_005-000038,case-grid-1001-veh_005-benign,root-574f6561eff1b0e7bb061d6c,1001,veh_005,ps-fedb1f4cae953d51,CAM,44.0,407.30100268432733,401.6,0.0,0.0,407.30100268432733,401.6,0.0,0.0,nonce-574f6561eff1b0e7bb06,True,False,benign,False,0,"{""attack_ended_at"": 44.0, ""case_opened_at"": 44.0, ""lane_id"": ""g21_g11_0"", ""road_id"": ""g21_g11""}"
replay-cam-1001-veh_006-000037,cam-1001-veh_006-000013,case-grid-1001-veh_006-replay,root-5c7a4513fe3be1054abc600a,1001,veh_006,ps-402cdb4ee382d9ca,CAM,20.0,401.6,174.59536314421544,12.798435886765704,0.6172562393965197,401.6,174.59536314421544,12.798435886765704,0.6172562393965197,nonce-5c7a4513fe3be1054abc,True,False,replay,True,6,"{""attack_ended_at"": 20.0, ""case_opened_at"": 20.0, ""lane_id"": ""g10_g11_0"", ""road_id"": ""g10_g11""}"
cam-1001-veh_007-000036,cam-1001-veh_007-000036,case-grid-1001-veh_007-benign,root-129cdf8107cf55ad2033b3f8,1001,veh_007,ps-20a8fd281b9c6e27,CAM,44.0,398.4,332.70326421171586,12.534894668337353,-0.17573300173971695,398.4,332.70326421171586,12.534894668337353,-0.17573300173971695,nonce-129cdf8107cf55ad2033,True,False,benign,False,0,"{""attack_ended_at"": 44.0, ""case_opened_at"": 44.0, ""lane_id"": ""g11_g10_0"", ""road_id"": ""g11_g10""}"
cam-1001-veh_008-000035,cam-1001-veh_008-000035,case-grid-1001-veh_008-certificate_tamper,root-50ba6fe8d6528ebba7e57699,1001,veh_008,ps-0441a16dd8d22b44,CAM,44.0,485.67146538007717,-1.6,10.987258749596872,-0.8366926921622806,485.67146538007717,-1.6,10.987258749596872,-0.8366926921622806,nonce-50ba6fe8d6528ebba7e5,False,False,certificate_tamper,True,0,"{""attack_ended_at"": 76.0, ""case_opened_at"": 24.0, ""lane_id"": ""g10_g20_0"", ""road_id"": ""g10_g20""}"
cam-1001-veh_009-000034,cam-1001-veh_009-000034,case-grid-1001-veh_009-benign,root-7ce9252df309e0b912870e13,1001,veh_009,ps-8e3b87e1d6235c50,CAM,44.0,798.4,302.5966055120901,14.377480258594462,0.25351327586453465,798.4,302.5966055120901,14.377480258594462,0.25351327586453465,nonce-7ce9252df309e0b91287,True,False,benign,False,0,"{""attack_ended_at"": 44.0, ""case_opened_at"": 44.0, ""lane_id"": ""g21_g20_0"", ""road_id"": ""g21_g20""}"
cam-1001-veh_010-000033-f0,cam-1001-veh_010-000033,case-grid-1001-veh_010-flood,root-376d365c8a6d6a733c288df5,1001,veh_010,ps-bf5c5fe0f587553a,CAM,44.0,500.64238199718056,798.4,13.137795449983338,-0.8407079215415028,500.64238199718056,798.4,13.137795449983338,-0.8407079215415028,nonce-376d365c8a6d6a733c28,True,False,flood,True,0,"{""attack_ended_at"": 78.0, ""case_opened_at"": 26.0, ""lane_id"": ""g12_g22_0"", ""road_id"": ""g12_g22""}"
cam-1001-veh_010-000033-f1,cam-1001-veh_010-000033,case-grid-1001-veh_010-flood,root-376d365c8a6d6a733c288df5,1001,veh_010,ps-bf5c5fe0f587553a,CAM,44.0,500.64238199718056,798.4,13.137795449983338,-0.8407079215415028,500.64238199718056,798.4,13.137795449983338,-0.8407079215415028,nonce-376d365c8a6d6a733c28,True,False,flood,True,1,"{""attack_ended_at"": 78.0, ""case_opened_at"": 26.0, ""lane_id"": ""g12_g22_0"", ""road_id"": ""g12_g22""}"
cam-1001-veh_010-000033-f2,cam-1001-veh_010-000033,case-grid-1001-veh_010-flood,root-376d365c8a6d6a733c288df5,1001,veh_010,ps-bf5c5fe0f587553a,CAM,44.0,500.64238199718056,798.4,13.137795449983338,-0.8407079215415028,500.64238199718056,798.4,13.137795449983338,-0.8407079215415028,nonce-376d365c8a6d6a733c28,True,False,flood,True,2,"{""attack_ended_at"": 78.0, ""case_opened_at"": 26.0, ""lane_id"": ""g12_g22_0"", ""road_id"": ""g12_g22""}"
cam-1001-veh_010-000033-f3,cam-1001-veh_010-000033,case-grid-1001-veh_010-flood,root-376d365c8a6d6a733c288df5,1001,veh_010,ps-bf5c5fe0f587553a,CAM,44.0,500.64238199718056,798.4,13.137795449983338,-0.8407079215415028,500.64238199718056,798.4,13.137795449983338,-0.8407079215415028,nonce-376d365c8a6d6a733c28,True,False,flood,True,3,"{""attack_ended_at"": 78.0, ""case_opened_at"": 26.0, ""lane_id"": ""g12_g22_0"", ""road_id"": ""g12_g22""}"
cam-1001-veh_010-000033-f4,cam-1001-veh_010-000033,case-grid-1001-veh_010-flood,root-376d365c8a6d6a733c288df5,1001,veh_010,ps-bf5c5fe0f587553a,CAM,44.0,500.64238199718056,798.4,13.137795449983338,-0.8407079215415028,500.64238199718056,798.4,13.137795449983338,-0.8407079215415028,nonce-376d365c8a6d6a733c28,True,False,flood,True,4,"{""attack_ended_at"": 78.0, ""case_opened_at"": 26.0, ""lane_id"": ""g12_g22_0"", ""road_id"": ""g12_g22""}"
cam-1001-veh_011-000032,cam-1001-veh_011-000032,case-grid-1001-veh_011-benign,root-c20b734c8ea8164fd6bb1e0e,1001,veh_011,ps-298210176c98c50a,CAM,44.0,801.6,436.8681225029067,13.200301283437483,-0.4191049035312595,801.6,436.8681225029067,13.200301283437483,-0.4191049035312595,nonce-c20b734c8ea8164fd6bb,True,False,benign,False,0,"{""attack_ended_at"": 44.0, ""case_opened_at"": 44.0, ""lane_id"": ""g21_g22_0"", ""road_id"": ""g21_g22""}"
cam-1001-veh_012-000031,cam-1001-veh_012-000031,case-grid-1001-veh_012-false_denm,root-8fdd3b3b89ead4133433e3ee,1001,veh_012,ps-a2d8503b0d2b7ea8,CAM,44.0,385.1978816771036,398.4,0.0030081759060312852,-0.0135886149197773,385.1978816771036,398.4,0.0030081759060312852,-0.0135886149197773,nonce-8fdd3b3b89ead4133433,True,False,false_denm,True,0,"{""attack_ended_at"": 80.0, ""case_opened_at"": 28.0, ""lane_id"": ""g01_g11_0"", ""road_id"": ""g01_g11""}"
cam-1001-veh_013-000030,cam-1001-veh_013-000030,case-grid-1001-veh_013-benign,root-0673bd0e33f08167c76ba126,1001,veh_013,ps-ffb1bac62aa27994,CAM,44.0,415.09337549137155,401.6,1.5604409568226458,-3.5246563204570336,415.09337549137155,401.6,1.5604409568226458,-3.5246563204570336,nonce-0673bd0e33f08167c76b,True,False,benign,False,0,"{""attack_ended_at"": 44.0, ""case_opened_at"": 44.0, ""lane_id"": ""g21_g11_0"", ""road_id"": ""g21_g11""}"
cam-1001-veh_014-000029-m0,cam-1001-veh_014-000029,case-grid-1001-veh_014-mixed,root-43d2d414fa0d0918a4f2a4ef,1001,veh_014,ps-0c5027fa621fc8a7,DENM,44.0,401.6,402.6484713100797,13.208759021703848,0.05840507914312276,446.6,411.6484713100797,21.208759021703848,0.05840507914312276,nonce-43d2d414fa0d0918a4f2,True,True,mixed,True,0,"{""attack_ended_at"": 82.0, ""case_opened_at"": 30.0, ""lane_id"": "":g11_7_0"", ""road_id"": "":g11_7""}"
cam-1001-veh_014-000029-m1,cam-1001-veh_014-000029,case-grid-1001-veh_014-mixed,root-43d2d414fa0d0918a4f2a4ef,1001,veh_014,ps-0c5027fa621fc8a7,DENM,44.0,401.6,402.6484713100797,13.208759021703848,0.05840507914312276,446.6,411.6484713100797,21.208759021703848,0.05840507914312276,nonce-43d2d414fa0d0918a4f2,True,True,mixed,True,1,"{""attack_ended_at"": 82.0, ""case_opened_at"": 30.0, ""lane_id"": "":g11_7_0"", ""road_id"": "":g11_7""}"
cam-1001-veh_014-000029-m2,cam-1001-veh_014-000029,case-grid-1001-veh_014-mixed,root-43d2d414fa0d0918a4f2a4ef,1001,veh_014,ps-0c5027fa621fc8a7,DENM,44.0,401.6,402.6484713100797,13.208759021703848,0.05840507914312276,446.6,411.6484713100797,21.208759021703848,0.05840507914312276,nonce-43d2d414fa0d0918a4f2,True,True,mixed,True,2,"{""attack_ended_at"": 82.0, ""case_opened_at"": 30.0, ""lane_id"": "":g11_7_0"", ""road_id"": "":g11_7""}"
cam-1001-veh_014-000029-m3,cam-1001-veh_014-000029,case-grid-1001-veh_014-mixed,root-43d2d414fa0d0918a4f2a4ef,1001,veh_014,ps-0c5027fa621fc8a7,DENM,44.0,401.6,402.6484713100797,13.208759021703848,0.05840507914312276,446.6,411.6484713100797,21.208759021703848,0.05840507914312276,nonce-43d2d414fa0d0918a4f2,True,True,mixed,True,3,"{""attack_ended_at"": 82.0, ""case_opened_at"": 30.0, ""lane_id"": "":g11_7_0"", ""road_id"": "":g11_7""}"
cam-1001-veh_015-000028,cam-1001-veh_015-000028,case-grid-1001-veh_015-benign,root-fd509d94e54bab5117f69037,1001,veh_015,ps-43db3038c74a6947,CAM,44.0,398.4,424.7701827158706,13.178253046101988,-0.1539458151860167,398.4,424.7701827158706,13.178253046101988,-0.1539458151860167,nonce-fd509d94e54bab5117f6,True,False,benign,False,0,"{""attack_ended_at"": 44.0, ""case_opened_at"": 44.0, ""lane_id"": ""g12_g11_0"", ""road_id"": ""g12_g11""}"
cam-1001-veh_016-000027,cam-1001-veh_016-000027,case-grid-1001-veh_016-benign,root-e23adbb1cda1b192f3b95742,1001,veh_016,ps-cbbef243035097ce,CAM,44.0,440.6135667222063,-1.6,16.481152613124713,0.5213475740980353,440.6135667222063,-1.6,16.481152613124713,0.5213475740980353,nonce-e23adbb1cda1b192f3b9,True,False,benign,False,0,"{""attack_ended_at"": 44.0, ""case_opened_at"": 44.0, ""lane_id"": ""g10_g20_0"", ""road_id"": ""g10_g20""}"
cam-1001-veh_017-000026,cam-1001-veh_017-000026,case-grid-1001-veh_017-benign,root-379af6f3e4bd254e0e64b71d,1001,veh_017,ps-c4cb9175e03371fc,CAM,44.0,798.4,421.95720316310843,14.262437870330015,-0.16621966956183165,798.4,421.95720316310843,14.262437870330015,-0.16621966956183165,nonce-379af6f3e4bd254e0e64,True,False,benign,False,0,"{""attack_ended_at"": 44.0, ""case_opened_at"": 44.0, ""lane_id"": ""g22_g21_0"", ""road_id"": ""g22_g21""}"
cam-1001-veh_018-000025,cam-1001-veh_018-000025,case-grid-1001-veh_018-benign,root-4433702b856c1cd4fa908a60,1001,veh_018,ps-f5eb5907dca15325,CAM,44.0,343.7601881945887,798.4,13.682875266874062,0.6290359980566436,343.7601881945887,798.4,13.682875266874062,0.6290359980566436,nonce-4433702b856c1cd4fa90,True,False,benign,False,0,"{""attack_ended_at"": 44.0, ""case_opened_at"": 44.0, ""lane_id"": ""g02_g12_0"", ""road_id"": ""g02_g12""}"
cam-1001-veh_019-000024,cam-1001-veh_019-000024,case-grid-1001-veh_019-benign,root-666944cd225107975afeaa2d,1001,veh_019,ps-bfc295509368822d,CAM,44.0,801.6,345.79626163624226,14.190850728981705,0.31003786529414334,801.6,345.79626163624226,14.190850728981705,0.31003786529414334,nonce-666944cd225107975afe,True,False,benign,False,0,"{""attack_ended_at"": 44.0, ""case_opened_at"": 44.0, ""lane_id"": ""g20_g21_0"", ""road_id"": ""g20_g21""}"
cam-1001-veh_020-000023,cam-1001-veh_020-000023,case-grid-1001-veh_020-benign,root-f6fa0539df5511aa3087b321,1001,veh_020,ps-ebb98a241b250d58,CAM,44.0,304.90937316593175,398.4,13.129099127970726,0.23575778455473362,304.90937316593175,398.4,13.129099127970726,0.23575778455473362,nonce-f6fa0539df5511aa3087,True,False,benign,False,0,"{""attack_ended_at"": 44.0, ""case_opened_at"": 44.0, ""lane_id"": ""g01_g11_0"", ""road_id"": ""g01_g11""}"
cam-1001-veh_021-000022,cam-1001-veh_021-000022,case-grid-1001-veh_021-benign,root-48425f26651641f5ea9ecfda,1001,veh_021,ps-c17e704b00a194fa,CAM,44.0,446.0052671007673,401.6,15.215300277210766,-0.5551242862455545,446.0052671007673,401.6,15.215300277210766,-0.5551242862455545,nonce-48425f26651641f5ea9e,True,False,benign,False,0,"{""attack_ended_at"": 44.0, ""case_opened_at"": 44.0, ""lane_id"": ""g21_g11_0"", ""road_id"": ""g21_g11""}"
cam-1001-veh_022-000021,cam-1001-veh_022-000021,case-grid-1001-veh_022-benign,root-6a4b0e5d7d2806c018e93f9b,1001,veh_022,ps-37f1e0f2b964b078,CAM,44.0,401.6,347.2092068320169,15.687363770246186,-0.12869441286195205,401.6,347.2092068320169,15.687363770246186,-0.12869441286195205,nonce-6a4b0e5d7d2806c018e9,True,False,benign,False,0,"{""attack_ended_at"": 44.0, ""case_opened_at"": 44.0, ""lane_id"": ""g10_g11_0"", ""road_id"": ""g10_g11""}"
cam-1001-veh_023-000020,cam-1001-veh_023-000020,case-grid-1001-veh_023-benign,root-e43a059d3c5100c451dc6e2a,1001,veh_023,ps-88766211387813b1,CAM,44.0,398.4,520.3342889935404,13.239757744868182,-0.42033102873712735,398.4,520.3342889935404,13.239757744868182,-0.42033102873712735,nonce-e43a059d3c5100c451dc,True,False,benign,False,0,"{""attack_ended_at"": 44.0, ""case_opened_at"": 44.0, ""lane_id"": ""g12_g11_0"", ""road_id"": ""g12_g11""}"
cam-1001-veh_000-000044,cam-1001-veh_000-000044,case-grid-1001-veh_000-benign,root-cfac956b919f9e866f0b847e,1001,veh_000,ps-0b6a8266609a146f,CAM,45.0,517.4999837273314,-1.6,11.700389113172427,0.20621863237582083,517.4999837273314,-1.6,11.700389113172427,0.20621863237582083,nonce-cfac956b919f9e866f0b,True,False,benign,False,0,"{""attack_ended_at"": 45.0, ""case_opened_at"": 45.0, ""lane_id"": ""g10_g20_0"", ""road_id"": ""g10_g20""}"
cam-1001-veh_001-000043,cam-1001-veh_001-000043,case-grid-1001-veh_001-benign,root-03d556438d228cdfe3fd3635,1001,veh_001,ps-11b4aa50327f89a0,CAM,45.0,798.4,247.6745986417475,12.42083132048922,-0.16815671724267212,798.4,247.6745986417475,12.42083132048922,-0.16815671724267212,nonce-03d556438d228cdfe3fd,True,False,benign,False,0,"{""attack_ended_at"": 45.0, ""case_opened_at"": 45.0, ""lane_id"": ""g21_g20_0"", ""road_id"": ""g21_g20""}"
cam-1001-veh_002-000042,cam-1001-veh_002-000042,case-grid-1001-veh_002-position_offset,root-6414df8d369c48cf7bca66a6,1001,veh_002,ps-e0bc27433007a32c,CAM,45.0,536.1238861822555,798.4,12.43293705548378,-0.2582732525747282,601.1238861822555,814.65,12.43293705548378,-0.2582732525747282,nonce-6414df8d369c48cf7bca,True,False,position_offset,True,0,"{""attack_ended_at"": 70.0, ""case_opened_at"": 18.0, ""lane_id"": ""g12_g22_0"", ""road_id"": ""g12_g22""}"
cam-1001-veh_003-000041,cam-1001-veh_003-000041,case-grid-1001-veh_003-benign,root-ebe5a18e2b006728d0184343,1001,veh_003,ps-13247f0afc865149,CAM,45.0,801.6,526.5737451552137,12.921315932258427,0.19311724363826244,801.6,526.5737451552137,12.921315932258427,0.19311724363826244,nonce-ebe5a18e2b006728d018,True,False,benign,False,0,"{""attack_ended_at"": 45.0, ""case_opened_at"": 45.0, ""lane_id"": ""g21_g22_0"", ""road_id"": ""g21_g22""}"
cam-1001-veh_004-000040,cam-1001-veh_004-000040,case-grid-1001-veh_004-speed_offset,root-6547815c9142eb8214229984,1001,veh_004,ps-b7dd5d779d6fb997,CAM,45.0,392.6989184634821,398.4,0.0,0.0,392.6989184634821,398.4,11.0,0.0,nonce-6547815c9142eb821422,True,False,speed_offset,True,0,"{""attack_ended_at"": 72.0, ""case_opened_at"": 20.0, ""lane_id"": ""g01_g11_0"", ""road_id"": ""g01_g11""}"
cam-1001-veh_005-000039,cam-1001-veh_005-000039,case-grid-1001-veh_005-benign,root-4f38235a4d111bbfe77c818b,1001,veh_005,ps-fedb1f4cae953d51,CAM,45.0,407.30100268432733,401.6,0.0,0.0,407.30100268432733,401.6,0.0,0.0,nonce-4f38235a4d111bbfe77c,True,False,benign,False,0,"{""attack_ended_at"": 45.0, ""case_opened_at"": 45.0, ""lane_id"": ""g21_g11_0"", ""road_id"": ""g21_g11""}"
replay-cam-1001-veh_006-000038,cam-1001-veh_006-000014,case-grid-1001-veh_006-replay,root-faba00bbc28a3744e084f767,1001,veh_006,ps-402cdb4ee382d9ca,CAM,21.0,401.6,186.88279930842586,12.287436164210424,-0.5109997225552796,401.6,186.88279930842586,12.287436164210424,-0.5109997225552796,nonce-faba00bbc28a3744e084,True,False,replay,True,6,"{""attack_ended_at"": 21.0, ""case_opened_at"": 21.0, ""lane_id"": ""g10_g11_0"", ""road_id"": ""g10_g11""}"
cam-1001-veh_007-000037,cam-1001-veh_007-000037,case-grid-1001-veh_007-benign,root-e1685398c59317a2d5d12f92,1001,veh_007,ps-20a8fd281b9c6e27,CAM,45.0,398.4,320.17131690451254,12.53194730720336,-0.002947361133992743,398.4,320.17131690451254,12.53194730720336,-0.002947361133992743,nonce-e1685398c59317a2d5d1,True,False,benign,False,0,"{""attack_ended_at"": 45.0, ""case_opened_at"": 45.0, ""lane_id"": ""g11_g10_0"", ""road_id"": ""g11_g10""}"
cam-1001-veh_008-000036,cam-1001-veh_008-000036,case-grid-1001-veh_008-certificate_tamper,root-91b964e38aa98c6deb80647d,1001,veh_008,ps-0441a16dd8d22b44,CAM,45.0,497.5278297139805,-1.6,11.856364333903329,0.8691055843064568,497.5278297139805,-1.6,11.856364333903329,0.8691055843064568,nonce-91b964e38aa98c6deb80,False,False,certificate_tamper,True,0,"{""attack_ended_at"": 76.0, ""case_opened_at"": 24.0, ""lane_id"": ""g10_g20_0"", ""road_id"": ""g10_g20""}"
cam-1001-veh_009-000035,cam-1001-veh_009-000035,case-grid-1001-veh_009-benign,root-d662709c65227aa44aa461d3,1001,veh_009,ps-8e3b87e1d6235c50,CAM,45.0,798.4,288.3187495085949,14.277856003495128,-0.09962425509933404,798.4,288.3187495085949,14.277856003495128,-0.09962425509933404,nonce-d662709c65227aa44aa4,True,False,benign,False,0,"{""attack_ended_at"": 45.0, ""case_opened_at"": 45.0, ""lane_id"": ""g21_g20_0"", ""road_id"": ""g21_g20""}"
cam-1001-veh_010-000034-f0,cam-1001-veh_010-000034,case-grid-1001-veh_010-flood,root-a4bb87f8fc365dc0902a3f48,1001,veh_010,ps-bf5c5fe0f587553a,CAM,45.0,513.6613536323849,798.4,13.018971635204357,-0.11882381477898107,513.6613536323849,798.4,13.018971635204357,-0.11882381477898107,nonce-a4bb87f8fc365dc0902a,True,False,flood,True,0,"{""attack_ended_at"": 78.0, ""case_opened_at"": 26.0, ""lane_id"": ""g12_g22_0"", ""road_id"": ""g12_g22""}"
cam-1001-veh_010-000034-f1,cam-1001-veh_010-000034,case-grid-1001-veh_010-flood,root-a4bb87f8fc365dc0902a3f48,1001,veh_010,ps-bf5c5fe0f587553a,CAM,45.0,513.6613536323849,798.4,13.018971635204357,-0.11882381477898107,513.6613536323849,798.4,13.018971635204357,-0.11882381477898107,nonce-a4bb87f8fc365dc0902a,True,False,flood,True,1,"{""attack_ended_at"": 78.0, ""case_opened_at"": 26.0, ""lane_id"": ""g12_g22_0"", ""road_id"": ""g12_g22""}"
cam-1001-veh_010-000034-f2,cam-1001-veh_010-000034,case-grid-1001-veh_010-flood,root-a4bb87f8fc365dc0902a3f48,1001,veh_010,ps-bf5c5fe0f587553a,CAM,45.0,513.6613536323849,798.4,13.018971635204357,-0.11882381477898107,513.6613536323849,798.4,13.018971635204357,-0.11882381477898107,nonce-a4bb87f8fc365dc0902a,True,False,flood,True,2,"{""attack_ended_at"": 78.0, ""case_opened_at"": 26.0, ""lane_id"": ""g12_g22_0"", ""road_id"": ""g12_g22""}"
cam-1001-veh_010-000034-f3,cam-1001-veh_010-000034,case-grid-1001-veh_010-flood,root-a4bb87f8fc365dc0902a3f48,1001,veh_010,ps-bf5c5fe0f587553a,CAM,45.0,513.6613536323849,798.4,13.018971635204357,-0.11882381477898107,513.6613536323849,798.4,13.018971635204357,-0.11882381477898107,nonce-a4bb87f8fc365dc0902a,True,False,flood,True,3,"{""attack_ended_at"": 78.0, ""case_opened_at"": 26.0, ""lane_id"": ""g12_g22_0"", ""road_id"": ""g12_g22""}"
cam-1001-veh_010-000034-f4,cam-1001-veh_010-000034,case-grid-1001-veh_010-flood,root-a4bb87f8fc365dc0902a3f48,1001,veh_010,ps-bf5c5fe0f587553a,CAM,45.0,513.6613536323849,798.4,13.018971635204357,-0.11882381477898107,513.6613536323849,798.4,13.018971635204357,-0.11882381477898107,nonce-a4bb87f8fc365dc0902a,True,False,flood,True,4,"{""attack_ended_at"": 78.0, ""case_opened_at"": 26.0, ""lane_id"": ""g12_g22_0"", ""road_id"": ""g12_g22""}"
cam-1001-veh_011-000033,cam-1001-veh_011-000033,case-grid-1001-veh_011-benign,root-42513049db3e48222a039f45,1001,veh_011,ps-298210176c98c50a,CAM,45.0,801.6,450.1094652259156,13.2413427230089,0.04104143957141737,801.6,450.1094652259156,13.2413427230089,0.04104143957141737,nonce-42513049db3e48222a03,True,False,benign,False,0,"{""attack_ended_at"": 45.0, ""case_opened_at"": 45.0, ""lane_id"": ""g21_g22_0"", ""road_id"": ""g21_g22""}"
cam-1001-veh_012-000032,cam-1001-veh_012-000032,case-grid-1001-veh_012-false_denm,root-1714434f62d1c4d7da5608bd,1001,veh_012,ps-a2d8503b0d2b7ea8,CAM,45.0,385.1978816771036,398.4,0.0,-0.0030081759060312852,385.1978816771036,398.4,0.0,-0.0030081759060312852,nonce-1714434f62d1c4d7da56,True,False,false_denm,True,0,"{""attack_ended_at"": 80.0, ""case_opened_at"": 28.0, ""lane_id"": ""g01_g11_0"", ""road_id"": ""g01_g11""}"
cam-1001-veh_013-000031,cam-1001-veh_013-000031,case-grid-1001-veh_013-benign,root-2fb58826f4047230968d6b32,1001,veh_013,ps-ffb1bac62aa27994,CAM,45.0,414.83055530560216,401.6,0.262820185769365,-1.2976207710532808,414.83055530560216,401.6,0.262820185769365,-1.2976207710532808,nonce-2fb58826f4047230968d,True,False,benign,False,0,"{""attack_ended_at"": 45.0, ""case_opened_at"": 45.0, ""lane_id"": ""g21_g11_0"", ""road_id"": ""g21_g11""}"
cam-1001-veh_014-000030-m0,cam-1001-veh_014-000030,case-grid-1001-veh_014-mixed,root-1bc772699bd4db1116232edd,1001,veh_014,ps-0c5027fa621fc8a7,DENM,45.0,401.6,415.819016618959,13.170545308879339,-0.03821371282450947,446.6,424.819016618959,21.17054530887934,-0.03821371282450947,nonce-1bc772699bd4db111623,True,True,mixed,True,0,"{""attack_ended_at"": 82.0, ""case_opened_at"": 30.0, ""lane_id"": ""g11_g12_0"", ""road_id"": ""g11_g12""}"
cam-1001-veh_014-000030-m1,cam-1001-veh_014-000030,case-grid-1001-veh_014-mixed,root-1bc772699bd4db1116232edd,1001,veh_014,ps-0c5027fa621fc8a7,DENM,45.0,401.6,415.819016618959,13.170545308879339,-0.03821371282450947,446.6,424.819016618959,21.17054530887934,-0.03821371282450947,nonce-1bc772699bd4db111623,True,True,mixed,True,1,"{""attack_ended_at"": 82.0, ""case_opened_at"": 30.0, ""lane_id"": ""g11_g12_0"", ""road_id"": ""g11_g12""}"
cam-1001-veh_014-000030-m2,cam-1001-veh_014-000030,case-grid-1001-veh_014-mixed,root-1bc772699bd4db1116232edd,1001,veh_014,ps-0c5027fa621fc8a7,DENM,45.0,401.6,415.819016618959,13.170545308879339,-0.03821371282450947,446.6,424.819016618959,21.17054530887934,-0.03821371282450947,nonce-1bc772699bd4db111623,True,True,mixed,True,2,"{""attack_ended_at"": 82.0, ""case_opened_at"": 30.0, ""lane_id"": ""g11_g12_0"", ""road_id"": ""g11_g12""}"
cam-1001-veh_014-000030-m3,cam-1001-veh_014-000030,case-grid-1001-veh_014-mixed,root-1bc772699bd4db1116232edd,1001,veh_014,ps-0c5027fa621fc8a7,DENM,45.0,401.6,415.819016618959,13.170545308879339,-0.03821371282450947,446.6,424.819016618959,21.17054530887934,-0.03821371282450947,nonce-1bc772699bd4db111623,True,True,mixed,True,3,"{""attack_ended_at"": 82.0, ""case_opened_at"": 30.0, ""lane_id"": ""g11_g12_0"", ""road_id"": ""g11_g12""}"
cam-1001-veh_015-000029,cam-1001-veh_015-000029,case-grid-1001-veh_015-benign,root-cbd6d8d7a1a01c71a0181f81,1001,veh_015,ps-43db3038c74a6947,CAM,45.0,398.4,412.1841821435625,12.586000572308064,-0.5922524737939234,398.4,412.1841821435625,12.586000572308064,-0.5922524737939234,nonce-cbd6d8d7a1a01c71a018,True,False,benign,False,0,"{""attack_ended_at"": 45.0, ""case_opened_at"": 45.0, ""lane_id"": ""g12_g11_0"", ""road_id"": ""g12_g11""}"
cam-1001-veh_016-000028,cam-1001-veh_016-000028,case-grid-1001-veh_016-benign,root-66afffa3f7b64a6d56ad4ff9,1001,veh_016,ps-cbbef243035097ce,CAM,45.0,456.80421572811565,-1.6,16.190649005909354,-0.29050360721535995,456.80421572811565,-1.6,16.190649005909354,-0.29050360721535995,nonce-66afffa3f7b64a6d56ad,True,False,benign,False,0,"{""attack_ended_at"": 45.0, ""case_opened_at"": 45.0, ""lane_id"": ""g10_g20_0"", ""road_id"": ""g10_g20""}"
cam-1001-veh_017-000027,cam-1001-veh_017-000027,case-grid-1001-veh_017-benign,root-b0b13f72ce3aae175d3ca055,1001,veh_017,ps-c4cb9175e03371fc,CAM,45.0,798.4,407.6310219710318,14.326181192076602,0.06374332174658726,798.4,407.6310219710318,14.326181192076602,0.06374332174658726,nonce-b0b13f72ce3aae175d3c,True,False,benign,False,0,"{""attack_ended_at"": 45.0, ""case_opened_at"": 45.0, ""lane_id"": ""g22_g21_0"", ""road_id"": ""g22_g21""}"
cam-1001-veh_018-000026,cam-1001-veh_018-000026,case-grid-1001-veh_018-benign,root-1ee44b9a7e93f672ca0c2775,1001,veh_018,ps-f5eb5907dca15325,CAM,45.0,357.43284341502823,798.4,13.672655220439509,-0.010220046434552543,357.43284341502823,798.4,13.672655220439509,-0.010220046434552543,nonce-1ee44b9a7e93f672ca0c,True,False,benign,False,0,"{""attack_ended_at"": 45.0, ""case_opened_at"": 45.0, ""lane_id"": ""g02_g12_0"", ""road_id"": ""g02_g12""}"
cam-1001-veh_019-000025,cam-1001-veh_019-000025,case-grid-1001-veh_019-benign,root-8eeade39432dc879121b93b6,1001,veh_019,ps-bfc295509368822d,CAM,45.0,801.6,359.9061263718396,14.109864735597322,-0.08098599338438284,801.6,359.9061263718396,14.109864735597322,-0.08098599338438284,nonce-8eeade39432dc879121b,True,False,benign,False,0,"{""attack_ended_at"": 45.0, ""case_opened_at"": 45.0, ""lane_id"": ""g20_g21_0"", ""road_id"": ""g20_g21""}"
cam-1001-veh_020-000024,cam-1001-veh_020-000024,case-grid-1001-veh_020-benign,root-523c70d4b52b31d2ed4f4de0,1001,veh_020,ps-ebb98a241b250d58,CAM,45.0,317.62090482057846,398.4,12.711531654646711,-0.41756747332401467,317.62090482057846,398.4,12.711531654646711,-0.41756747332401467,nonce-523c70d4b52b31d2ed4f,True,False,benign,False,0,"{""attack_ended_at"": 45.0, ""case_opened_at"": 45.0, ""lane_id"": ""g01_g11_0"", ""road_id"": ""g01_g11""}"
cam-1001-veh_021-000023,cam-1001-veh_021-000023,case-grid-1001-veh_021-benign,root-9d296da1516cb11254908213,1001,veh_021,ps-c17e704b00a194fa,CAM,45.0,433.89537045630044,401.6,12.109896644466833,-3.1054036327439327,433.89537045630044,401.6,12.109896644466833,-3.1054036327439327,nonce-9d296da1516cb1125490,True,False,benign,False,0,"{""attack_ended_at"": 45.0, ""case_opened_at"": 45.0, ""lane_id"": ""g21_g11_0"", ""road_id"": ""g21_g11""}"
cam-1001-veh_022-000022,cam-1001-veh_022-000022,case-grid-1001-veh_022-benign,root-e5ffbeb3cb65af8f32efd957,1001,veh_022,ps-37f1e0f2b964b078,CAM,45.0,401.6,363.5659760069323,16.35676917491542,0.6694054046692344,401.6,363.5659760069323,16.35676917491542,0.6694054046692344,nonce-e5ffbeb3cb65af8f32ef,True,False,benign,False,0,"{""attack_ended_at"": 45.0, ""case_opened_at"": 45.0, ""lane_id"": ""g10_g11_0"", ""road_id"": ""g10_g11""}"
cam-1001-veh_023-000021,cam-1001-veh_023-000021,case-grid-1001-veh_023-benign,root-42612bf4120b7ed9d23934aa,1001,veh_023,ps-88766211387813b1,CAM,45.0,398.4,506.94888032664943,13.385408666890942,0.1456509220227602,398.4,506.94888032664943,13.385408666890942,0.1456509220227602,nonce-42612bf4120b7ed9d239,True,False,benign,False,0,"{""attack_ended_at"": 45.0, ""case_opened_at"": 45.0, ""lane_id"": ""g12_g11_0"", ""road_id"": ""g12_g11""}"
cam-1001-veh_000-000045,cam-1001-veh_000-000045,case-grid-1001-veh_000-benign,root-06c081ff3497b7ce92b06865,1001,veh_000,ps-0b6a8266609a146f,CAM,46.0,529.2127189397743,-1.6,11.712735212442936,0.012346099270509114,529.2127189397743,-1.6,11.712735212442936,0.012346099270509114,nonce-06c081ff3497b7ce92b0,True,False,benign,False,0,"{""attack_ended_at"": 46.0, ""case_opened_at"": 46.0, ""lane_id"": ""g10_g20_0"", ""road_id"": ""g10_g20""}"
cam-1001-veh_001-000044,cam-1001-veh_001-000044,case-grid-1001-veh_001-benign,root-d4b690ed8fe73bfc6f41a355,1001,veh_001,ps-11b4aa50327f89a0,CAM,46.0,798.4,235.11806586242696,12.556532779320538,0.135701458831317,798.4,235.11806586242696,12.556532779320538,0.135701458831317,nonce-d4b690ed8fe73bfc6f41,True,False,benign,False,0,"{""attack_ended_at"": 46.0, ""case_opened_at"": 46.0, ""lane_id"": ""g21_g20_0"", ""road_id"": ""g21_g20""}"
cam-1001-veh_002-000043,cam-1001-veh_002-000043,case-grid-1001-veh_002-position_offset,root-07bb752496f493ccfd14f18d,1001,veh_002,ps-e0bc27433007a32c,CAM,46.0,548.425462065568,798.4,12.301575883312472,-0.13136117217130838,613.425462065568,814.65,12.301575883312472,-0.13136117217130838,nonce-07bb752496f493ccfd14,True,False,position_offset,True,0,"{""attack_ended_at"": 70.0, ""case_opened_at"": 18.0, ""lane_id"": ""g12_g22_0"", ""road_id"": ""g12_g22""}"
cam-1001-veh_003-000042,cam-1001-veh_003-000042,case-grid-1001-veh_003-benign,root-deaff36951e3e02c73451b43,1001,veh_003,ps-13247f0afc865149,CAM,46.0,801.6,538.9411172364267,12.367372081213095,-0.5539438510453323,801.6,538.9411172364267,12.367372081213095,-0.5539438510453323,nonce-deaff36951e3e02c7345,True,False,benign,False,0,"{""attack_ended_at"": 46.0, ""case_opened_at"": 46.0, ""lane_id"": ""g21_g22_0"", ""road_id"": ""g21_g22""}"
cam-1001-veh_004-000041,cam-1001-veh_004-000041,case-grid-1001-veh_004-speed_offset,root-91186e87e507af42e05e12fc,1001,veh_004,ps-b7dd5d779d6fb997,CAM,46.0,392.6989184634821,398.4,0.0,0.0,392.6989184634821,398.4,11.0,0.0,nonce-91186e87e507af42e05e,True,False,speed_offset,True,0,"{""attack_ended_at"": 72.0, ""case_opened_at"": 20.0, ""lane_id"": ""g01_g11_0"", ""road_id"": ""g01_g11""}"
cam-1001-veh_005-000040,cam-1001-veh_005-000040,case-grid-1001-veh_005-benign,root-4788bc6ad6e5b01e46211537,1001,veh_005,ps-fedb1f4cae953d51,CAM,46.0,407.30100268432733,401.6,0.0,0.0,407.30100268432733,401.6,0.0,0.0,nonce-4788bc6ad6e5b01e4621,True,False,benign,False,0,"{""attack_ended_at"": 46.0, ""case_opened_at"": 46.0, ""lane_id"": ""g21_g11_0"", ""road_id"": ""g21_g11""}"
replay-cam-1001-veh_006-000039,cam-1001-veh_006-000011,case-grid-1001-veh_006-replay,root-55cf5c413e6560d70ca215ff,1001,veh_006,ps-402cdb4ee382d9ca,CAM,18.0,401.6,149.61574761008055,12.427882390090138,0.2817533832695336,401.6,149.61574761008055,12.427882390090138,0.2817533832695336,nonce-55cf5c413e6560d70ca2,True,False,replay,True,7,"{""attack_ended_at"": 18.0, ""case_opened_at"": 18.0, ""lane_id"": ""g10_g11_0"", ""road_id"": ""g10_g11""}"
cam-1001-veh_007-000038,cam-1001-veh_007-000038,case-grid-1001-veh_007-benign,root-dc46bfbda14bff5f06093413,1001,veh_007,ps-20a8fd281b9c6e27,CAM,46.0,398.4,307.5988133795465,12.572503524966002,0.04055621776264218,398.4,307.5988133795465,12.572503524966002,0.04055621776264218,nonce-dc46bfbda14bff5f0609,True,False,benign,False,0,"{""attack_ended_at"": 46.0, ""case_opened_at"": 46.0, ""lane_id"": ""g11_g10_0"", ""road_id"": ""g11_g10""}"
cam-1001-veh_008-000037,cam-1001-veh_008-000037,case-grid-1001-veh_008-certificate_tamper,root-10578a79a214239b05c776d2,1001,veh_008,ps-0441a16dd8d22b44,CAM,46.0,509.1880711921096,-1.6,11.660241478129075,-0.19612285577425403,509.1880711921096,-1.6,11.660241478129075,-0.19612285577425403,nonce-10578a79a214239b05c7,False,False,certificate_tamper,True,0,"{""attack_ended_at"": 76.0, ""case_opened_at"": 24.0, ""lane_id"": ""g10_g20_0"", ""road_id"": ""g10_g20""}"
cam-1001-veh_009-000036,cam-1001-veh_009-000036,case-grid-1001-veh_009-benign,root-49ecefd6251fd9da59b701fb,1001,veh_009,ps-8e3b87e1d6235c50,CAM,46.0,798.4,273.6728762259759,14.645873282619014,0.3680172791238867,798.4,273.6728762259759,14.645873282619014,0.3680172791238867,nonce-49ecefd6251fd9da59b7,True,False,benign,False,0,"{""attack_ended_at"": 46.0, ""case_opened_at"": 46.0, ""lane_id"": ""g21_g20_0"", ""road_id"": ""g21_g20""}"
cam-1001-veh_010-000035-f0,cam-1001-veh_010-000035,case-grid-1001-veh_010-flood,root-20007e8056fdc70f81d8f584,1001,veh_010,ps-bf5c5fe0f587553a,CAM,46.0,526.8029149112776,798.4,13.141561278892722,0.12258964368836445,526.8029149112776,798.4,13.141561278892722,0.12258964368836445,nonce-20007e8056fdc70f81d8,True,False,flood,True,0,"{""attack_ended_at"": 78.0, ""case_opened_at"": 26.0, ""lane_id"": ""g12_g22_0"", ""road_id"": ""g12_g22""}"
cam-1001-veh_010-000035-f1,cam-1001-veh_010-000035,case-grid-1001-veh_010-flood,root-20007e8056fdc70f81d8f584,1001,veh_010,ps-bf5c5fe0f587553a,CAM,46.0,526.8029149112776,798.4,13.141561278892722,0.12258964368836445,526.8029149112776,798.4,13.141561278892722,0.12258964368836445,nonce-20007e8056fdc70f81d8,True,False,flood,True,1,"{""attack_ended_at"": 78.0, ""case_opened_at"": 26.0, ""lane_id"": ""g12_g22_0"", ""road_id"": ""g12_g22""}"
cam-1001-veh_010-000035-f2,cam-1001-veh_010-000035,case-grid-1001-veh_010-flood,root-20007e8056fdc70f81d8f584,1001,veh_010,ps-bf5c5fe0f587553a,CAM,46.0,526.8029149112776,798.4,13.141561278892722,0.12258964368836445,526.8029149112776,798.4,13.141561278892722,0.12258964368836445,nonce-20007e8056fdc70f81d8,True,False,flood,True,2,"{""attack_ended_at"": 78.0, ""case_opened_at"": 26.0, ""lane_id"": ""g12_g22_0"", ""road_id"": ""g12_g22""}"
cam-1001-veh_010-000035-f3,cam-1001-veh_010-000035,case-grid-1001-veh_010-flood,root-20007e8056fdc70f81d8f584,1001,veh_010,ps-bf5c5fe0f587553a,CAM,46.0,526.8029149112776,798.4,13.141561278892722,0.12258964368836445,526.8029149112776,798.4,13.141561278892722,0.12258964368836445,nonce-20007e8056fdc70f81d8,True,False,flood,True,3,"{""attack_ended_at"": 78.0, ""case_opened_at"": 26.0, ""lane_id"": ""g12_g22_0"", ""road_id"": ""g12_g22""}"
cam-1001-veh_010-000035-f4,cam-1001-veh_010-000035,case-grid-1001-veh_010-flood,root-20007e8056fdc70f81d8f584,1001,veh_010,ps-bf5c5fe0f587553a,CAM,46.0,526.8029149112776,798.4,13.141561278892722,0.12258964368836445,526.8029149112776,798.4,13.141561278892722,0.12258964368836445,nonce-20007e8056fdc70f81d8,True,False,flood,True,4,"{""attack_ended_at"": 78.0, ""case_opened_at"": 26.0, ""lane_id"": ""g12_g22_0"", ""road_id"": ""g12_g22""}"
cam-1001-veh_011-000034,cam-1001-veh_011-000034,case-grid-1001-veh_011-benign,root-f2f4267dcd9c1a096d6cf563,1001,veh_011,ps-298210176c98c50a,CAM,46.0,801.6,463.29100307675253,13.181537850836946,-0.05980487217195396,801.6,463.29100307675253,13.181537850836946,-0.05980487217195396,nonce-f2f4267dcd9c1a096d6c,True,False,benign,False,0,"{""attack_ended_at"": 46.0, ""case_opened_at"": 46.0, ""lane_id"": ""g21_g22_0"", ""road_id"": ""g21_g22""}"
cam-1001-veh_012-000033,cam-1001-veh_012-000033,case-grid-1001-veh_012-false_denm,root-db7bcd88e11174fb480243e6,1001,veh_012,ps-a2d8503b0d2b7ea8,CAM,46.0,385.1978816771036,398.4,0.0,0.0,385.1978816771036,398.4,0.0,0.0,nonce-db7bcd88e11174fb4802,True,False,false_denm,True,0,"{""attack_ended_at"": 80.0, ""case_opened_at"": 28.0, ""lane_id"": ""g01_g11_0"", ""road_id"": ""g01_g11""}"
cam-1001-veh_013-000032,cam-1001-veh_013-000032,case-grid-1001-veh_013-benign,root-1d2f7c6bd5da56fbc5492135,1001,veh_013,ps-ffb1bac62aa27994,CAM,46.0,414.8021930570467,401.6,0.028362248555480193,-0.2344579372138848,414.8021930570467,401.6,0.028362248555480193,-0.2344579372138848,nonce-1d2f7c6bd5da56fbc549,True,False,benign,False,0,"{""attack_ended_at"": 46.0, ""case_opened_at"": 46.0, ""lane_id"": ""g21_g11_0"", ""road_id"": ""g21_g11""}"
cam-1001-veh_014-000031-m0,cam-1001-veh_014-000031,case-grid-1001-veh_014-mixed,root-4167d3c6de01d75e2852b6e9,1001,veh_014,ps-0c5027fa621fc8a7,DENM,46.0,401.6,429.09848410344506,13.279467484486052,0.10892217560671291,446.6,438.09848410344506,21.27946748448605,0.10892217560671291,nonce-4167d3c6de01d75e2852,True,True,mixed,True,0,"{""attack_ended_at"": 82.0, ""case_opened_at"": 30.0, ""lane_id"": ""g11_g12_0"", ""road_id"": ""g11_g12""}"
cam-1001-veh_014-000031-m1,cam-1001-veh_014-000031,case-grid-1001-veh_014-mixed,root-4167d3c6de01d75e2852b6e9,1001,veh_014,ps-0c5027fa621fc8a7,DENM,46.0,401.6,429.09848410344506,13.279467484486052,0.10892217560671291,446.6,438.09848410344506,21.27946748448605,0.10892217560671291,nonce-4167d3c6de01d75e2852,True,True,mixed,True,1,"{""attack_ended_at"": 82.0, ""case_opened_at"": 30.0, ""lane_id"": ""g11_g12_0"", ""road_id"": ""g11_g12""}"
cam-1001-veh_014-000031-m2,cam-1001-veh_014-000031,case-grid-1001-veh_014-mixed,root-4167d3c6de01d75e2852b6e9,1001,veh_014,ps-0c5027fa621fc8a7,DENM,46.0,401.6,429.09848410344506,13.279467484486052,0.10892217560671291,446.6,438.09848410344506,21.27946748448605,0.10892217560671291,nonce-4167d3c6de01d75e2852,True,True,mixed,True,2,"{""attack_ended_at"": 82.0, ""case_opened_at"": 30.0, ""lane_id"": ""g11_g12_0"", ""road_id"": ""g11_g12""}"
cam-1001-veh_014-000031-m3,cam-1001-veh_014-000031,case-grid-1001-veh_014-mixed,root-4167d3c6de01d75e2852b6e9,1001,veh_014,ps-0c5027fa621fc8a7,DENM,46.0,401.6,429.09848410344506,13.279467484486052,0.10892217560671291,446.6,438.09848410344506,21.27946748448605,0.10892217560671291,nonce-4167d3c6de01d75e2852,True,True,mixed,True,3,"{""attack_ended_at"": 82.0, ""case_opened_at"": 30.0, ""lane_id"": ""g11_g12_0"", ""road_id"": ""g11_g12""}"
cam-1001-veh_015-000030,cam-1001-veh_015-000030,case-grid-1001-veh_015-benign,root-e4d591b606e499d5ec54b238,1001,veh_015,ps-43db3038c74a6947,CAM,46.0,398.4,399.02120874640246,13.162973397160046,0.5769728248519819,398.4,399.02120874640246,13.162973397160046,0.5769728248519819,nonce-e4d591b606e499d5ec54,True,False,benign,False,0,"{""attack_ended_at"": 46.0, ""case_opened_at"": 46.0, ""lane_id"": "":g11_1_0"", ""road_id"": "":g11_1""}"
cam-1001-veh_016-000029,cam-1001-veh_016-000029,case-grid-1001-veh_016-benign,root-857ee0c0afe6ec65573fcaa6,1001,veh_016,ps-cbbef243035097ce,CAM,46.0,472.821631753566,-1.6,16.01741602545036,-0.1732329804589945,472.821631753566,-1.6,16.01741602545036,-0.1732329804589945,nonce-857ee0c0afe6ec65573f,True,False,benign,False,0,"{""attack_ended_at"": 46.0, ""case_opened_at"": 46.0, ""lane_id"": ""g10_g20_0"", ""road_id"": ""g10_g20""}"
cam-1001-veh_017-000028,cam-1001-veh_017-000028,case-grid-1001-veh_017-benign,root-de5ad6234eb7d2b20f6a9b1a,1001,veh_017,ps-c4cb9175e03371fc,CAM,46.0,798.4,393.7911892421124,13.83983272891941,-0.48634846315719216,798.4,393.7911892421124,13.83983272891941,-0.48634846315719216,nonce-de5ad6234eb7d2b20f6a,True,False,benign,False,0,"{""attack_ended_at"": 46.0, ""case_opened_at"": 46.0, ""lane_id"": "":g21_1_0"", ""road_id"": "":g21_1""}"
cam-1001-veh_018-000027,cam-1001-veh_018-000027,case-grid-1001-veh_018-benign,root-9a4a99ad50b6f8ab7aae9a2e,1001,veh_018,ps-f5eb5907dca15325,CAM,46.0,370.87387549259387,798.4,13.441032077565641,-0.2316231428738682,370.87387549259387,798.4,13.441032077565641,-0.2316231428738682,nonce-9a4a99ad50b6f8ab7aae,True,False,benign,False,0,"{""attack_ended_at"": 46.0, ""case_opened_at"": 46.0, ""lane_id"": ""g02_g12_0"", ""road_id"": ""g02_g12""}"
cam-1001-veh_019-000026,cam-1001-veh_019-000026,case-grid-1001-veh_019-benign,root-c0f32d37a59406bccbca8606,1001,veh_019,ps-bfc295509368822d,CAM,46.0,801.6,374.16161168986196,14.255485318022357,0.1456205824250354,801.6,374.16161168986196,14.255485318022357,0.1456205824250354,nonce-c0f32d37a59406bccbca,True,False,benign,False,0,"{""attack_ended_at"": 46.0, ""case_opened_at"": 46.0, ""lane_id"": ""g20_g21_0"", ""road_id"": ""g20_g21""}"
cam-1001-veh_020-000025,cam-1001-veh_020-000025,case-grid-1001-veh_020-benign,root-312f2478af54c53e07c2778b,1001,veh_020,ps-ebb98a241b250d58,CAM,46.0,330.05535376661214,398.4,12.434448946033694,-0.2770827086130172,330.05535376661214,398.4,12.434448946033694,-0.2770827086130172,nonce-312f2478af54c53e07c2,True,False,benign,False,0,"{""attack_ended_at"": 46.0, ""case_opened_at"": 46.0, ""lane_id"": ""g01_g11_0"", ""road_id"": ""g01_g11""}"
cam-1001-veh_021-000024,cam-1001-veh_021-000024,case-grid-1001-veh_021-benign,root-9485b0915ac400ff48ca814c,1001,veh_021,ps-c17e704b00a194fa,CAM,46.0,425.9845296493302,401.6,7.9108408069701905,-4.199055837496642,425.9845296493302,401.6,7.9108408069701905,-4.199055837496642,nonce-9485b0915ac400ff48ca,True,False,benign,False,0,"{""attack_ended_at"": 46.0, ""case_opened_at"": 46.0, ""lane_id"": ""g21_g11_0"", ""road_id"": ""g21_g11""}"
cam-1001-veh_022-000023,cam-1001-veh_022-000023,case-grid-1001-veh_022-benign,root-2b0d996ae6e3eb7fa39afdf5,1001,veh_022,ps-37f1e0f2b964b078,CAM,46.0,401.6,379.44855809530185,15.882582088369558,-0.4741870865458626,401.6,379.44855809530185,15.882582088369558,-0.4741870865458626,nonce-2b0d996ae6e3eb7fa39a,True,False,benign,False,0,"{""attack_ended_at"": 46.0, ""case_opened_at"": 46.0, ""lane_id"": ""g10_g11_0"", ""road_id"": ""g10_g11""}"
cam-1001-veh_023-000022,cam-1001-veh_023-000022,case-grid-1001-veh_023-benign,root-7545a155f48204506e7e5b4d,1001,veh_023,ps-88766211387813b1,CAM,46.0,398.4,493.9672334625445,12.981646864104912,-0.4037618027860308,398.4,493.9672334625445,12.981646864104912,-0.4037618027860308,nonce-7545a155f48204506e7e,True,False,benign,False,0,"{""attack_ended_at"": 46.0, ""case_opened_at"": 46.0, ""lane_id"": ""g12_g11_0"", ""road_id"": ""g12_g11""}"
cam-1001-veh_000-000046,cam-1001-veh_000-000046,case-grid-1001-veh_000-benign,root-15ade81c51e91f510b61b3f5,1001,veh_000,ps-0b6a8266609a146f,CAM,47.0,540.933336390094,-1.6,11.7206174503197,0.007882237876764009,540.933336390094,-1.6,11.7206174503197,0.007882237876764009,nonce-15ade81c51e91f510b61,True,False,benign,False,0,"{""attack_ended_at"": 47.0, ""case_opened_at"": 47.0, ""lane_id"": ""g10_g20_0"", ""road_id"": ""g10_g20""}"
cam-1001-veh_001-000045,cam-1001-veh_001-000045,case-grid-1001-veh_001-benign,root-afe3a706f606712d9fa41305,1001,veh_001,ps-11b4aa50327f89a0,CAM,47.0,798.4,222.7242246670332,12.39384119539375,-0.1626915839267884,798.4,222.7242246670332,12.39384119539375,-0.1626915839267884,nonce-afe3a706f606712d9fa4,True,False,benign,False,0,"{""attack_ended_at"": 47.0, ""case_opened_at"": 47.0, ""lane_id"": ""g21_g20_0"", ""road_id"": ""g21_g20""}"
cam-1001-veh_002-000044,cam-1001-veh_002-000044,case-grid-1001-veh_002-position_offset,root-77d7930a595c345d5ce7d93e,1001,veh_002,ps-e0bc27433007a32c,CAM,47.0,560.9932718407346,798.4,12.567809775166534,0.2662338918540623,625.9932718407346,814.65,12.567809775166534,0.2662338918540623,nonce-77d7930a595c345d5ce7,True,False,position_offset,True,0,"{""attack_ended_at"": 70.0, ""case_opened_at"": 18.0, ""lane_id"": ""g12_g22_0"", ""road_id"": ""g12_g22""}"
cam-1001-veh_003-000043,cam-1001-veh_003-000043,case-grid-1001-veh_003-benign,root-e2610173d43f24524b964d1d,1001,veh_003,ps-13247f0afc865149,CAM,47.0,801.6,551.2191007337925,12.277983497365772,-0.08938858384732207,801.6,551.2191007337925,12.277983497365772,-0.08938858384732207,nonce-e2610173d43f24524b96,True,False,benign,False,0,"{""attack_ended_at"": 47.0, ""case_opened_at"": 47.0, ""lane_id"": ""g21_g22_0"", ""road_id"": ""g21_g22""}"
cam-1001-veh_004-000042,cam-1001-veh_004-000042,case-grid-1001-veh_004-speed_offset,root-13e3166f8ea45c9e728435e0,1001,veh_004,ps-b7dd5d779d6fb997,CAM,47.0,392.6989184634821,398.4,0.0,0.0,392.6989184634821,398.4,11.0,0.0,nonce-13e3166f8ea45c9e7284,True,False,speed_offset,True,0,"{""attack_ended_at"": 72.0, ""case_opened_at"": 20.0, ""lane_id"": ""g01_g11_0"", ""road_id"": ""g01_g11""}"
cam-1001-veh_005-000041,cam-1001-veh_005-000041,case-grid-1001-veh_005-benign,root-38da6beaa77d43edc7af75ce,1001,veh_005,ps-fedb1f4cae953d51,CAM,47.0,407.30100268432733,401.6,0.0,0.0,407.30100268432733,401.6,0.0,0.0,nonce-38da6beaa77d43edc7af,True,False,benign,False,0,"{""attack_ended_at"": 47.0, ""case_opened_at"": 47.0, ""lane_id"": ""g21_g11_0"", ""road_id"": ""g21_g11""}"
replay-cam-1001-veh_006-000040,cam-1001-veh_006-000012,case-grid-1001-veh_006-replay,root-e685cc25bd7b355fd757e166,1001,veh_006,ps-402cdb4ee382d9ca,CAM,19.0,401.6,161.79692725744974,12.181179647369184,-0.24670274272095405,401.6,161.79692725744974,12.181179647369184,-0.24670274272095405,nonce-e685cc25bd7b355fd757,True,False,replay,True,7,"{""attack_ended_at"": 19.0, ""case_opened_at"": 19.0, ""lane_id"": ""g10_g11_0"", ""road_id"": ""g10_g11""}"
cam-1001-veh_007-000039,cam-1001-veh_007-000039,case-grid-1001-veh_007-benign,root-1d4c80f8153e808e66acc015,1001,veh_007,ps-20a8fd281b9c6e27,CAM,47.0,398.4,295.3164000457539,12.282413333792634,-0.290090191173368,398.4,295.3164000457539,12.282413333792634,-0.290090191173368,nonce-1d4c80f8153e808e66ac,True,False,benign,False,0,"{""attack_ended_at"": 47.0, ""case_opened_at"": 47.0, ""lane_id"": ""g11_g10_0"", ""road_id"": ""g11_g10""}"
cam-1001-veh_008-000038,cam-1001-veh_008-000038,case-grid-1001-veh_008-certificate_tamper,root-a1b066de3855bcb3a57e69c6,1001,veh_008,ps-0441a16dd8d22b44,CAM,47.0,521.1648224565694,-1.6,11.976751264459779,0.3165097863307036,521.1648224565694,-1.6,11.976751264459779,0.3165097863307036,nonce-a1b066de3855bcb3a57e,False,False,certificate_tamper,True,0,"{""attack_ended_at"": 76.0, ""case_opened_at"": 24.0, ""lane_id"": ""g10_g20_0"", ""road_id"": ""g10_g20""}"
cam-1001-veh_009-000037,cam-1001-veh_009-000037,case-grid-1001-veh_009-benign,root-5b5eb07b6753f8ab2fd09be6,1001,veh_009,ps-8e3b87e1d6235c50,CAM,47.0,798.4,259.46205196082445,14.210824265151478,-0.4350490174675361,798.4,259.46205196082445,14.210824265151478,-0.4350490174675361,nonce-5b5eb07b6753f8ab2fd0,True,False,benign,False,0,"{""attack_ended_at"": 47.0, ""case_opened_at"": 47.0, ""lane_id"": ""g21_g20_0"", ""road_id"": ""g21_g20""}"
cam-1001-veh_010-000036-f0,cam-1001-veh_010-000036,case-grid-1001-veh_010-flood,root-1c71bb9ae3a61d3e02ee6a9f,1001,veh_010,ps-bf5c5fe0f587553a,CAM,47.0,539.1417251739545,798.4,12.338810262676772,-0.8027510162159501,539.1417251739545,798.4,12.338810262676772,-0.8027510162159501,nonce-1c71bb9ae3a61d3e02ee,True,False,flood,True,0,"{""attack_ended_at"": 78.0, ""case_opened_at"": 26.0, ""lane_id"": ""g12_g22_0"", ""road_id"": ""g12_g22""}"
cam-1001-veh_010-000036-f1,cam-1001-veh_010-000036,case-grid-1001-veh_010-flood,root-1c71bb9ae3a61d3e02ee6a9f,1001,veh_010,ps-bf5c5fe0f587553a,CAM,47.0,539.1417251739545,798.4,12.338810262676772,-0.8027510162159501,539.1417251739545,798.4,12.338810262676772,-0.8027510162159501,nonce-1c71bb9ae3a61d3e02ee,True,False,flood,True,1,"{""attack_ended_at"": 78.0, ""case_opened_at"": 26.0, ""lane_id"": ""g12_g22_0"", ""road_id"": ""g12_g22""}"
cam-1001-veh_010-000036-f2,cam-1001-veh_010-000036,case-grid-1001-veh_010-flood,root-1c71bb9ae3a61d3e02ee6a9f,1001,veh_010,ps-bf5c5fe0f587553a,CAM,47.0,539.1417251739545,798.4,12.338810262676772,-0.8027510162159501,539.1417251739545,798.4,12.338810262676772,-0.8027510162159501,nonce-1c71bb9ae3a61d3e02ee,True,False,flood,True,2,"{""attack_ended_at"": 78.0, ""case_opened_at"": 26.0, ""lane_id"": ""g12_g22_0"", ""road_id"": ""g12_g22""}"
cam-1001-veh_010-000036-f3,cam-1001-veh_010-000036,case-grid-1001-veh_010-flood,root-1c71bb9ae3a61d3e02ee6a9f,1001,veh_010,ps-bf5c5fe0f587553a,CAM,47.0,539.1417251739545,798.4,12.338810262676772,-0.8027510162159501,539.1417251739545,798.4,12.338810262676772,-0.8027510162159501,nonce-1c71bb9ae3a61d3e02ee,True,False,flood,True,3,"{""attack_ended_at"": 78.0, ""case_opened_at"": 26.0, ""lane_id"": ""g12_g22_0"", ""road_id"": ""g12_g22""}"
cam-1001-veh_010-000036-f4,cam-1001-veh_010-000036,case-grid-1001-veh_010-flood,root-1c71bb9ae3a61d3e02ee6a9f,1001,veh_010,ps-bf5c5fe0f587553a,CAM,47.0,539.1417251739545,798.4,12.338810262676772,-0.8027510162159501,539.1417251739545,798.4,12.338810262676772,-0.8027510162159501,nonce-1c71bb9ae3a61d3e02ee,True,False,flood,True,4,"{""attack_ended_at"": 78.0, ""case_opened_at"": 26.0, ""lane_id"": ""g12_g22_0"", ""road_id"": ""g12_g22""}"
cam-1001-veh_011-000035,cam-1001-veh_011-000035,case-grid-1001-veh_011-benign,root-4bfd61752ab32c066646a7d0,1001,veh_011,ps-298210176c98c50a,CAM,47.0,801.6,476.82585506660826,13.534851989855714,0.3533141390187673,801.6,476.82585506660826,13.534851989855714,0.3533141390187673,nonce-4bfd61752ab32c066646,True,False,benign,False,0,"{""attack_ended_at"": 47.0, ""case_opened_at"": 47.0, ""lane_id"": ""g21_g22_0"", ""road_id"": ""g21_g22""}"
cam-1001-veh_012-000034,cam-1001-veh_012-000034,case-grid-1001-veh_012-false_denm,root-1960af220935cab068ea9d02,1001,veh_012,ps-a2d8503b0d2b7ea8,CAM,47.0,385.1978816771036,398.4,0.0,0.0,385.1978816771036,398.4,0.0,0.0,nonce-1960af220935cab068ea,True,False,false_denm,True,0,"{""attack_ended_at"": 80.0, ""case_opened_at"": 28.0, ""lane_id"": ""g01_g11_0"", ""road_id"": ""g01_g11""}"
cam-1001-veh_013-000033,cam-1001-veh_013-000033,case-grid-1001-veh_013-benign,root-3bfda4a3e3d61b05fac794b2,1001,veh_013,ps-ffb1bac62aa27994,CAM,47.0,414.80201423535226,401.6,0.00017882169439134975,-0.028183426861088844,414.80201423535226,401.6,0.00017882169439134975,-0.028183426861088844,nonce-3bfda4a3e3d61b05fac7,True,False,benign,False,0,"{""attack_ended_at"": 47.0, ""case_opened_at"": 47.0, ""lane_id"": ""g21_g11_0"", ""road_id"": ""g21_g11""}"
cam-1001-veh_014-000032-m0,cam-1001-veh_014-000032,case-grid-1001-veh_014-mixed,root-49e2045b20d985f3a601e00b,1001,veh_014,ps-0c5027fa621fc8a7,DENM,47.0,401.6,442.7682838098042,13.669799706359157,0.39033222187310557,446.6,451.7682838098042,21.669799706359157,0.39033222187310557,nonce-49e2045b20d985f3a601,True,True,mixed,True,0,"{""attack_ended_at"": 82.0, ""case_opened_at"": 30.0, ""lane_id"": ""g11_g12_0"", ""road_id"": ""g11_g12""}"
cam-1001-veh_014-000032-m1,cam-1001-veh_014-000032,case-grid-1001-veh_014-mixed,root-49e2045b20d985f3a601e00b,1001,veh_014,ps-0c5027fa621fc8a7,DENM,47.0,401.6,442.7682838098042,13.669799706359157,0.39033222187310557,446.6,451.7682838098042,21.669799706359157,0.39033222187310557,nonce-49e2045b20d985f3a601,True,True,mixed,True,1,"{""attack_ended_at"": 82.0, ""case_opened_at"": 30.0, ""lane_id"": ""g11_g12_0"", ""road_id"": ""g11_g12""}"
cam-1001-veh_014-000032-m2,cam-1001-veh_014-000032,case-grid-1001-veh_014-mixed,root-49e2045b20d985f3a601e00b,1001,veh_014,ps-0c5027fa621fc8a7,DENM,47.0,401.6,442.7682838098042,13.669799706359157,0.39033222187310557,446.6,451.7682838098042,21.669799706359157,0.39033222187310557,nonce-49e2045b20d985f3a601,True,True,mixed,True,2,"{""attack_ended_at"": 82.0, ""case_opened_at"": 30.0, ""lane_id"": ""g11_g12_0"", ""road_id"": ""g11_g12""}"
cam-1001-veh_014-000032-m3,cam-1001-veh_014-000032,case-grid-1001-veh_014-mixed,root-49e2045b20d985f3a601e00b,1001,veh_014,ps-0c5027fa621fc8a7,DENM,47.0,401.6,442.7682838098042,13.669799706359157,0.39033222187310557,446.6,451.7682838098042,21.669799706359157,0.39033222187310557,nonce-49e2045b20d985f3a601,True,True,mixed,True,3,"{""attack_ended_at"": 82.0, ""case_opened_at"": 30.0, ""lane_id"": ""g11_g12_0"", ""road_id"": ""g11_g12""}"
cam-1001-veh_015-000031,cam-1001-veh_015-000031,case-grid-1001-veh_015-benign,root-65ccac69cee676126209de53,1001,veh_015,ps-43db3038c74a6947,CAM,47.0,398.4,386.1141831645713,12.90702558183121,-0.25594781532883637,398.4,386.1141831645713,12.90702558183121,-0.25594781532883637,nonce-65ccac69cee676126209,True,False,benign,False,0,"{""attack_ended_at"": 47.0, ""case_opened_at"": 47.0, ""lane_id"": ""g11_g10_0"", ""road_id"": ""g11_g10""}"
cam-1001-veh_016-000030,cam-1001-veh_016-000030,case-grid-1001-veh_016-benign,root-87101c7705892f7bc4fa80dd,1001,veh_016,ps-cbbef243035097ce,CAM,47.0,488.75008392859667,-1.6,15.928452175030685,-0.08896385041967392,488.75008392859667,-1.6,15.928452175030685,-0.08896385041967392,nonce-87101c7705892f7bc4fa,True,False,benign,False,0,"{""attack_ended_at"": 47.0, ""case_opened_at"": 47.0, ""lane_id"": ""g10_g20_0"", ""road_id"": ""g10_g20""}"
cam-1001-veh_017-000029,cam-1001-veh_017-000029,case-grid-1001-veh_017-benign,root-24b7ad81262a4193ef2c2674,1001,veh_017,ps-c4cb9175e03371fc,CAM,47.0,798.4,379.94108314050374,13.850106101608672,0.010273372689262317,798.4,379.94108314050374,13.850106101608672,0.010273372689262317,nonce-24b7ad81262a4193ef2c,True,False,benign,False,0,"{""attack_ended_at"": 47.0, ""case_opened_at"": 47.0, ""lane_id"": ""g21_g20_0"", ""road_id"": ""g21_g20""}"
cam-1001-veh_018-000028,cam-1001-veh_018-000028,case-grid-1001-veh_018-benign,root-e6abd350a07653b557bb83c1,1001,veh_018,ps-f5eb5907dca15325,CAM,47.0,384.21530583280554,798.4,13.34143034021169,-0.09960173735395017,384.21530583280554,798.4,13.34143034021169,-0.09960173735395017,nonce-e6abd350a07653b557bb,True,False,benign,False,0,"{""attack_ended_at"": 47.0, ""case_opened_at"": 47.0, ""lane_id"": ""g02_g12_0"", ""road_id"": ""g02_g12""}"
cam-1001-veh_019-000027,cam-1001-veh_019-000027,case-grid-1001-veh_019-benign,root-23cbc7d464d6e39fd848767d,1001,veh_019,ps-bfc295509368822d,CAM,47.0,801.6,387.8942221905111,13.732610500649125,-0.522874817373232,801.6,387.8942221905111,13.732610500649125,-0.522874817373232,nonce-23cbc7d464d6e39fd848,True,False,benign,False,0,"{""attack_ended_at"": 47.0, ""case_opened_at"": 47.0, ""lane_id"": ""g20_g21_0"", ""road_id"": ""g20_g21""}"
cam-1001-veh_020-000026,cam-1001-veh_020-000026,case-grid-1001-veh_020-benign,root-f69169704a283ab721e42570,1001,veh_020,ps-ebb98a241b250d58,CAM,47.0,342.50552465001726,398.4,12.450170883405113,0.015721937371418804,342.50552465001726,398.4,12.450170883405113,0.015721937371418804,nonce-f69169704a283ab721e4,True,False,benign,False,0,"{""attack_ended_at"": 47.0, ""case_opened_at"": 47.0, ""lane_id"": ""g01_g11_0"", ""road_id"": ""g01_g11""}"
cam-1001-veh_021-000025,cam-1001-veh_021-000025,case-grid-1001-veh_021-benign,root-267ea63031e9d288d27e3610,1001,veh_021,ps-c17e704b00a194fa,CAM,47.0,422.57368884236,401.6,3.4108408069701905,-4.5,422.57368884236,401.6,3.4108408069701905,-4.5,nonce-267ea63031e9d288d27e,True,False,benign,False,0,"{""attack_ended_at"": 47.0, ""case_opened_at"": 47.0, ""lane_id"": ""g21_g11_0"", ""road_id"": ""g21_g11""}"
cam-1001-veh_022-000024,cam-1001-veh_022-000024,case-grid-1001-veh_022-benign,root-db4337e3cb3c02d184e992e6,1001,veh_022,ps-37f1e0f2b964b078,CAM,47.0,401.6,395.7769583348884,16.32840023958651,0.4458181512169528,401.6,395.7769583348884,16.32840023958651,0.4458181512169528,nonce-db4337e3cb3c02d184e9,True,False,benign,False,0,"{""attack_ended_at"": 47.0, ""case_opened_at"": 47.0, ""lane_id"": "":g11_7_0"", ""road_id"": "":g11_7""}"
cam-1001-veh_023-000023,cam-1001-veh_023-000023,case-grid-1001-veh_023-benign,root-605369f8ec92df95801dacaa,1001,veh_023,ps-88766211387813b1,CAM,47.0,398.4,480.6033933097669,13.363840152777627,0.38219328867271507,398.4,480.6033933097669,13.363840152777627,0.38219328867271507,nonce-605369f8ec92df95801d,True,False,benign,False,0,"{""attack_ended_at"": 47.0, ""case_opened_at"": 47.0, ""lane_id"": ""g12_g11_0"", ""road_id"": ""g12_g11""}"
cam-1001-veh_000-000047,cam-1001-veh_000-000047,case-grid-1001-veh_000-benign,root-c6e18e1f5e2e1a084ec698f2,1001,veh_000,ps-0b6a8266609a146f,CAM,48.0,552.8462762917788,-1.6,11.912939901684881,0.19232245136518067,552.8462762917788,-1.6,11.912939901684881,0.19232245136518067,nonce-c6e18e1f5e2e1a084ec6,True,False,benign,False,0,"{""attack_ended_at"": 48.0, ""case_opened_at"": 48.0, ""lane_id"": ""g10_g20_0"", ""road_id"": ""g10_g20""}"
cam-1001-veh_001-000046,cam-1001-veh_001-000046,case-grid-1001-veh_001-benign,root-d591cc2339bb8345d0463ec7,1001,veh_001,ps-11b4aa50327f89a0,CAM,48.0,798.4,209.85889825211615,12.865326414917059,0.47148521952330924,798.4,209.85889825211615,12.865326414917059,0.47148521952330924,nonce-d591cc2339bb8345d046,True,False,benign,False,0,"{""attack_ended_at"": 48.0, ""case_opened_at"": 48.0, ""lane_id"": ""g21_g20_0"", ""road_id"": ""g21_g20""}"
cam-1001-veh_002-000045,cam-1001-veh_002-000045,case-grid-1001-veh_002-position_offset,root-0e77eed0b37a65e2f9aee887,1001,veh_002,ps-e0bc27433007a32c,CAM,48.0,573.5201008943892,798.4,12.526829053654655,-0.040980721511878926,638.5201008943892,814.65,12.526829053654655,-0.040980721511878926,nonce-0e77eed0b37a65e2f9ae,True,False,position_offset,True,0,"{""attack_ended_at"": 70.0, ""case_opened_at"": 18.0, ""lane_id"": ""g12_g22_0"", ""road_id"": ""g12_g22""}"
cam-1001-veh_003-000044,cam-1001-veh_003-000044,case-grid-1001-veh_003-benign,root-82314377fa953deb5af1dc65,1001,veh_003,ps-13247f0afc865149,CAM,48.0,801.6,563.8172560876194,12.598155353826865,0.3201718564610925,801.6,563.8172560876194,12.598155353826865,0.3201718564610925,nonce-82314377fa953deb5af1,True,False,benign,False,0,"{""attack_ended_at"": 48.0, ""case_opened_at"": 48.0, ""lane_id"": ""g21_g22_0"", ""road_id"": ""g21_g22""}"
cam-1001-veh_004-000043,cam-1001-veh_004-000043,case-grid-1001-veh_004-speed_offset,root-a7be49f1faeb5f87490b107d,1001,veh_004,ps-b7dd5d779d6fb997,CAM,48.0,392.6989184634821,398.4,0.0,0.0,392.6989184634821,398.4,11.0,0.0,nonce-a7be49f1faeb5f87490b,True,False,speed_offset,True,0,"{""attack_ended_at"": 72.0, ""case_opened_at"": 20.0, ""lane_id"": ""g01_g11_0"", ""road_id"": ""g01_g11""}"
cam-1001-veh_005-000042,cam-1001-veh_005-000042,case-grid-1001-veh_005-benign,root-3df676d477223bfba02afc90,1001,veh_005,ps-fedb1f4cae953d51,CAM,48.0,407.30100268432733,401.6,0.0,0.0,407.30100268432733,401.6,0.0,0.0,nonce-3df676d477223bfba02a,True,False,benign,False,0,"{""attack_ended_at"": 48.0, ""case_opened_at"": 48.0, ""lane_id"": ""g21_g11_0"", ""road_id"": ""g21_g11""}"
replay-cam-1001-veh_006-000041,cam-1001-veh_006-000013,case-grid-1001-veh_006-replay,root-5c7a4513fe3be1054abc600a,1001,veh_006,ps-402cdb4ee382d9ca,CAM,20.0,401.6,174.59536314421544,12.798435886765704,0.6172562393965197,401.6,174.59536314421544,12.798435886765704,0.6172562393965197,nonce-5c7a4513fe3be1054abc,True,False,replay,True,7,"{""attack_ended_at"": 20.0, ""case_opened_at"": 20.0, ""lane_id"": ""g10_g11_0"", ""road_id"": ""g10_g11""}"
cam-1001-veh_007-000040,cam-1001-veh_007-000040,case-grid-1001-veh_007-benign,root-7b648220895a7dc7b6d27b34,1001,veh_007,ps-20a8fd281b9c6e27,CAM,48.0,398.4,282.85877406789274,12.45762597786116,0.17521264406852488,398.4,282.85877406789274,12.45762597786116,0.17521264406852488,nonce-7b648220895a7dc7b6d2,True,False,benign,False,0,"{""attack_ended_at"": 48.0, ""case_opened_at"": 48.0, ""lane_id"": ""g11_g10_0"", ""road_id"": ""g11_g10""}"
cam-1001-veh_008-000039,cam-1001-veh_008-000039,case-grid-1001-veh_008-certificate_tamper,root-f342fbb3683b4223dc0d82ec,1001,veh_008,ps-0441a16dd8d22b44,CAM,48.0,532.5890188831935,-1.6,11.424196426624185,-0.5525548378355936,532.5890188831935,-1.6,11.424196426624185,-0.5525548378355936,nonce-f342fbb3683b4223dc0d,False,False,certificate_tamper,True,0,"{""attack_ended_at"": 76.0, ""case_opened_at"": 24.0, ""lane_id"": ""g10_g20_0"", ""road_id"": ""g10_g20""}"
cam-1001-veh_009-000038,cam-1001-veh_009-000038,case-grid-1001-veh_009-benign,root-78493a1b30bd417d34c328c5,1001,veh_009,ps-8e3b87e1d6235c50,CAM,48.0,798.4,245.0707274619874,14.391324498837077,0.1805002336855992,798.4,245.0707274619874,14.391324498837077,0.1805002336855992,nonce-78493a1b30bd417d34c3,True,False,benign,False,0,"{""attack_ended_at"": 48.0, ""case_opened_at"": 48.0, ""lane_id"": ""g21_g20_0"", ""road_id"": ""g21_g20""}"
cam-1001-veh_010-000037-f0,cam-1001-veh_010-000037,case-grid-1001-veh_010-flood,root-a59b75439b0a5bad7211914f,1001,veh_010,ps-bf5c5fe0f587553a,CAM,48.0,552.0127430448482,798.4,12.871017870893791,0.5322076082170195,552.0127430448482,798.4,12.871017870893791,0.5322076082170195,nonce-a59b75439b0a5bad7211,True,False,flood,True,0,"{""attack_ended_at"": 78.0, ""case_opened_at"": 26.0, ""lane_id"": ""g12_g22_0"", ""road_id"": ""g12_g22""}"
cam-1001-veh_010-000037-f1,cam-1001-veh_010-000037,case-grid-1001-veh_010-flood,root-a59b75439b0a5bad7211914f,1001,veh_010,ps-bf5c5fe0f587553a,CAM,48.0,552.0127430448482,798.4,12.871017870893791,0.5322076082170195,552.0127430448482,798.4,12.871017870893791,0.5322076082170195,nonce-a59b75439b0a5bad7211,True,False,flood,True,1,"{""attack_ended_at"": 78.0, ""case_opened_at"": 26.0, ""lane_id"": ""g12_g22_0"", ""road_id"": ""g12_g22""}"
cam-1001-veh_010-000037-f2,cam-1001-veh_010-000037,case-grid-1001-veh_010-flood,root-a59b75439b0a5bad7211914f,1001,veh_010,ps-bf5c5fe0f587553a,CAM,48.0,552.0127430448482,798.4,12.871017870893791,0.5322076082170195,552.0127430448482,798.4,12.871017870893791,0.5322076082170195,nonce-a59b75439b0a5bad7211,True,False,flood,True,2,"{""attack_ended_at"": 78.0, ""case_opened_at"": 26.0, ""lane_id"": ""g12_g22_0"", ""road_id"": ""g12_g22""}"
cam-1001-veh_010-000037-f3,cam-1001-veh_010-000037,case-grid-1001-veh_010-flood,root-a59b75439b0a5bad7211914f,1001,veh_010,ps-bf5c5fe0f587553a,CAM,48.0,552.0127430448482,798.4,12.871017870893791,0.5322076082170195,552.0127430448482,798.4,12.871017870893791,0.5322076082170195,nonce-a59b75439b0a5bad7211,True,False,flood,True,3,"{""attack_ended_at"": 78.0, ""case_opened_at"": 26.0, ""lane_id"": ""g12_g22_0"", ""road_id"": ""g12_g22""}"
cam-1001-veh_010-000037-f4,cam-1001-veh_010-000037,case-grid-1001-veh_010-flood,root-a59b75439b0a5bad7211914f,1001,veh_010,ps-bf5c5fe0f587553a,CAM,48.0,552.0127430448482,798.4,12.871017870893791,0.5322076082170195,552.0127430448482,798.4,12.871017870893791,0.5322076082170195,nonce-a59b75439b0a5bad7211,True,False,flood,True,4,"{""attack_ended_at"": 78.0, ""case_opened_at"": 26.0, ""lane_id"": ""g12_g22_0"", ""road_id"": ""g12_g22""}"
cam-1001-veh_011-000036,cam-1001-veh_011-000036,case-grid-1001-veh_011-benign,root-23222b49bb8f5d07fade9e5b,1001,veh_011,ps-298210176c98c50a,CAM,48.0,801.6,490.3467064727026,13.520851406094343,-0.014000583761371033,801.6,490.3467064727026,13.520851406094343,-0.014000583761371033,nonce-23222b49bb8f5d07fade,True,False,benign,False,0,"{""attack_ended_at"": 48.0, ""case_opened_at"": 48.0, ""lane_id"": ""g21_g22_0"", ""road_id"": ""g21_g22""}"
cam-1001-veh_012-000035,cam-1001-veh_012-000035,case-grid-1001-veh_012-false_denm,root-3ed02b5bfa5694b591622922,1001,veh_012,ps-a2d8503b0d2b7ea8,DENM,48.0,385.1978816771036,398.4,0.0,0.0,385.1978816771036,398.4,0.0,0.0,nonce-3ed02b5bfa5694b59162,True,True,false_denm,True,0,"{""attack_ended_at"": 80.0, ""case_opened_at"": 28.0, ""lane_id"": ""g01_g11_0"", ""road_id"": ""g01_g11""}"
cam-1001-veh_013-000034,cam-1001-veh_013-000034,case-grid-1001-veh_013-benign,root-225403557d318597c09c66b2,1001,veh_013,ps-ffb1bac62aa27994,CAM,48.0,414.80201423535226,401.6,0.0,-0.00017882169439134975,414.80201423535226,401.6,0.0,-0.00017882169439134975,nonce-225403557d318597c09c,True,False,benign,False,0,"{""attack_ended_at"": 48.0, ""case_opened_at"": 48.0, ""lane_id"": ""g21_g11_0"", ""road_id"": ""g21_g11""}"
cam-1001-veh_014-000033-m0,cam-1001-veh_014-000033,case-grid-1001-veh_014-mixed,root-ac9ef0523b3c50e1be70ade8,1001,veh_014,ps-0c5027fa621fc8a7,DENM,48.0,401.6,455.87439022341704,13.106106413612837,-0.5636932927463203,446.6,464.87439022341704,21.106106413612835,-0.5636932927463203,nonce-ac9ef0523b3c50e1be70,True,True,mixed,True,0,"{""attack_ended_at"": 82.0, ""case_opened_at"": 30.0, ""lane_id"": ""g11_g12_0"", ""road_id"": ""g11_g12""}"
cam-1001-veh_014-000033-m1,cam-1001-veh_014-000033,case-grid-1001-veh_014-mixed,root-ac9ef0523b3c50e1be70ade8,1001,veh_014,ps-0c5027fa621fc8a7,DENM,48.0,401.6,455.87439022341704,13.106106413612837,-0.5636932927463203,446.6,464.87439022341704,21.106106413612835,-0.5636932927463203,nonce-ac9ef0523b3c50e1be70,True,True,mixed,True,1,"{""attack_ended_at"": 82.0, ""case_opened_at"": 30.0, ""lane_id"": ""g11_g12_0"", ""road_id"": ""g11_g12""}"
cam-1001-veh_014-000033-m2,cam-1001-veh_014-000033,case-grid-1001-veh_014-mixed,root-ac9ef0523b3c50e1be70ade8,1001,veh_014,ps-0c5027fa621fc8a7,DENM,48.0,401.6,455.87439022341704,13.106106413612837,-0.5636932927463203,446.6,464.87439022341704,21.106106413612835,-0.5636932927463203,nonce-ac9ef0523b3c50e1be70,True,True,mixed,True,2,"{""attack_ended_at"": 82.0, ""case_opened_at"": 30.0, ""lane_id"": ""g11_g12_0"", ""road_id"": ""g11_g12""}"
cam-1001-veh_014-000033-m3,cam-1001-veh_014-000033,case-grid-1001-veh_014-mixed,root-ac9ef0523b3c50e1be70ade8,1001,veh_014,ps-0c5027fa621fc8a7,DENM,48.0,401.6,455.87439022341704,13.106106413612837,-0.5636932927463203,446.6,464.87439022341704,21.106106413612835,-0.5636932927463203,nonce-ac9ef0523b3c50e1be70,True,True,mixed,True,3,"{""attack_ended_at"": 82.0, ""case_opened_at"": 30.0, ""lane_id"": ""g11_g12_0"", ""road_id"": ""g11_g12""}"
cam-1001-veh_015-000032,cam-1001-veh_015-000032,case-grid-1001-veh_015-benign,root-22035cdc4bf2e27eb39c70b1,1001,veh_015,ps-43db3038c74a6947,CAM,48.0,398.4,372.9323811148729,13.181802049698407,0.27477646786719667,398.4,372.9323811148729,13.181802049698407,0.27477646786719667,nonce-22035cdc4bf2e27eb39c,True,False,benign,False,0,"{""attack_ended_at"": 48.0, ""case_opened_at"": 48.0, ""lane_id"": ""g11_g10_0"", ""road_id"": ""g11_g10""}"
cam-1001-veh_016-000031,cam-1001-veh_016-000031,case-grid-1001-veh_016-benign,root-ce2adc1e3dfed763a38b633f,1001,veh_016,ps-cbbef243035097ce,CAM,48.0,504.2747604954413,-1.6,15.52467656684461,-0.4037756081860753,504.2747604954413,-1.6,15.52467656684461,-0.4037756081860753,nonce-ce2adc1e3dfed763a38b,True,False,benign,False,0,"{""attack_ended_at"": 48.0, ""case_opened_at"": 48.0, ""lane_id"": ""g10_g20_0"", ""road_id"": ""g10_g20""}"
cam-1001-veh_017-000030,cam-1001-veh_017-000030,case-grid-1001-veh_017-benign,root-96e8e76c2a8b304b1023a096,1001,veh_017,ps-c4cb9175e03371fc,CAM,48.0,798.4,365.56833659432857,14.372746546175167,0.5226404445664947,798.4,365.56833659432857,14.372746546175167,0.5226404445664947,nonce-96e8e76c2a8b304b1023,True,False,benign,False,0,"{""attack_ended_at"": 48.0, ""case_opened_at"": 48.0, ""lane_id"": ""g21_g20_0"", ""road_id"": ""g21_g20""}"
cam-1001-veh_018-000029,cam-1001-veh_018-000029,case-grid-1001-veh_018-benign,root-1e176da21b23973adfedc3b1,1001,veh_018,ps-f5eb5907dca15325,CAM,48.0,397.76308044573506,798.4,13.547774612929524,0.20634427271783373,397.76308044573506,798.4,13.547774612929524,0.20634427271783373,nonce-1e176da21b23973adfed,True,False,benign,False,0,"{""attack_ended_at"": 48.0, ""case_opened_at"": 48.0, ""lane_id"": "":g12_5_0"", ""road_id"": "":g12_5""}"
cam-1001-veh_019-000028,cam-1001-veh_019-000028,case-grid-1001-veh_019-benign,root-3fd15ce3d2e8d57edef12a41,1001,veh_019,ps-bfc295509368822d,CAM,48.0,801.6,402.32138746938125,14.427165278870188,0.6945547782210628,801.6,402.32138746938125,14.427165278870188,0.6945547782210628,nonce-3fd15ce3d2e8d57edef1,True,False,benign,False,0,"{""attack_ended_at"": 48.0, ""case_opened_at"": 48.0, ""lane_id"": "":g21_2_0"", ""road_id"": "":g21_2""}"
cam-1001-veh_020-000027,cam-1001-veh_020-000027,case-grid-1001-veh_020-benign,root-e63debe1167bde73598a4d86,1001,veh_020,ps-ebb98a241b250d58,CAM,48.0,354.91167014617065,398.4,12.406145496153362,-0.0440253872517502,354.91167014617065,398.4,12.406145496153362,-0.0440253872517502,nonce-e63debe1167bde73598a,True,False,benign,False,0,"{""attack_ended_at"": 48.0, ""case_opened_at"": 48.0, ""lane_id"": ""g01_g11_0"", ""road_id"": ""g01_g11""}"
cam-1001-veh_021-000026,cam-1001-veh_021-000026,case-grid-1001-veh_021-benign,root-023844aa6e4231d65bb50cb4,1001,veh_021,ps-c17e704b00a194fa,CAM,48.0,422.31344968942824,401.6,0.26023915293179095,-3.1506016540383994,422.31344968942824,401.6,0.26023915293179095,-3.1506016540383994,nonce-023844aa6e4231d65bb5,True,False,benign,False,0,"{""attack_ended_at"": 48.0, ""case_opened_at"": 48.0, ""lane_id"": ""g21_g11_0"", ""road_id"": ""g21_g11""}"
cam-1001-veh_022-000025,cam-1001-veh_022-000025,case-grid-1001-veh_022-benign,root-b66bddc6eda561e56adc06e5,1001,veh_022,ps-37f1e0f2b964b078,CAM,48.0,401.6,411.6916636223352,15.91470528744688,-0.4136949521396307,401.6,411.6916636223352,15.91470528744688,-0.4136949521396307,nonce-b66bddc6eda561e56adc,True,False,benign,False,0,"{""attack_ended_at"": 48.0, ""case_opened_at"": 48.0, ""lane_id"": ""g11_g12_0"", ""road_id"": ""g11_g12""}"
cam-1001-veh_023-000024,cam-1001-veh_023-000024,case-grid-1001-veh_023-benign,root-ce98515a22efbd4721dee8a0,1001,veh_023,ps-88766211387813b1,CAM,48.0,398.4,467.04522037479614,13.558172934970715,0.19433278219308825,398.4,467.04522037479614,13.558172934970715,0.19433278219308825,nonce-ce98515a22efbd4721de,True,False,benign,False,0,"{""attack_ended_at"": 48.0, ""case_opened_at"": 48.0, ""lane_id"": ""g12_g11_0"", ""road_id"": ""g12_g11""}"
cam-1001-veh_000-000048,cam-1001-veh_000-000048,case-grid-1001-veh_000-benign,root-f179080612f252f0634be030,1001,veh_000,ps-0b6a8266609a146f,CAM,49.0,564.3801643582807,-1.6,11.533888066501827,-0.37905183518305385,564.3801643582807,-1.6,11.533888066501827,-0.37905183518305385,nonce-f179080612f252f0634b,True,False,benign,False,0,"{""attack_ended_at"": 49.0, ""case_opened_at"": 49.0, ""lane_id"": ""g10_g20_0"", ""road_id"": ""g10_g20""}"
cam-1001-veh_001-000047,cam-1001-veh_001-000047,case-grid-1001-veh_001-benign,root-6e9f6349867771c5436d940c,1001,veh_001,ps-11b4aa50327f89a0,CAM,49.0,798.4,196.94883023687098,12.910068015245184,0.04474160032812513,798.4,196.94883023687098,12.910068015245184,0.04474160032812513,nonce-6e9f6349867771c5436d,True,False,benign,False,0,"{""attack_ended_at"": 49.0, ""case_opened_at"": 49.0, ""lane_id"": ""g21_g20_0"", ""road_id"": ""g21_g20""}"
cam-1001-veh_002-000046,cam-1001-veh_002-000046,case-grid-1001-veh_002-position_offset,root-d71d4dc984a823f6977b486e,1001,veh_002,ps-e0bc27433007a32c,CAM,49.0,585.7707432394268,798.4,12.250642345037631,-0.27618670861702377,650.7707432394268,814.65,12.250642345037631,-0.27618670861702377,nonce-d71d4dc984a823f6977b,True,False,position_offset,True,0,"{""attack_ended_at"": 70.0, ""case_opened_at"": 18.0, ""lane_id"": ""g12_g22_0"", ""road_id"": ""g12_g22""}"
cam-1001-veh_003-000045,cam-1001-veh_003-000045,case-grid-1001-veh_003-benign,root-be3a2fd63a0fb6f9c3fc897d,1001,veh_003,ps-13247f0afc865149,CAM,49.0,801.6,576.6544121930413,12.837156105421878,0.23900075159501277,801.6,576.6544121930413,12.837156105421878,0.23900075159501277,nonce-be3a2fd63a0fb6f9c3fc,True,False,benign,False,0,"{""attack_ended_at"": 49.0, ""case_opened_at"": 49.0, ""lane_id"": ""g21_g22_0"", ""road_id"": ""g21_g22""}"
cam-1001-veh_004-000044,cam-1001-veh_004-000044,case-grid-1001-veh_004-speed_offset,root-72107334400ac5aa9c197689,1001,veh_004,ps-b7dd5d779d6fb997,CAM,49.0,394.6961293639955,398.4,1.9972109005134553,1.9972109005134553,394.6961293639955,398.4,12.997210900513455,1.9972109005134553,nonce-72107334400ac5aa9c19,True,False,speed_offset,True,0,"{""attack_ended_at"": 72.0, ""case_opened_at"": 20.0, ""lane_id"": "":g11_10_0"", ""road_id"": "":g11_10""}"
cam-1001-veh_005-000043,cam-1001-veh_005-000043,case-grid-1001-veh_005-benign,root-3a2217078cea08bdfe1092dd,1001,veh_005,ps-fedb1f4cae953d51,CAM,49.0,405.2546236959086,401.6,2.046378988418728,2.046378988418728,405.2546236959086,401.6,2.046378988418728,2.046378988418728,nonce-3a2217078cea08bdfe10,True,False,benign,False,0,"{""attack_ended_at"": 49.0, ""case_opened_at"": 49.0, ""lane_id"": "":g11_4_0"", ""road_id"": "":g11_4""}"
replay-cam-1001-veh_006-000042,cam-1001-veh_006-000014,case-grid-1001-veh_006-replay,root-faba00bbc28a3744e084f767,1001,veh_006,ps-402cdb4ee382d9ca,CAM,21.0,401.6,186.88279930842586,12.287436164210424,-0.5109997225552796,401.6,186.88279930842586,12.287436164210424,-0.5109997225552796,nonce-faba00bbc28a3744e084,True,False,replay,True,7,"{""attack_ended_at"": 21.0, ""case_opened_at"": 21.0, ""lane_id"": ""g10_g11_0"", ""road_id"": ""g10_g11""}"
cam-1001-veh_007-000041,cam-1001-veh_007-000041,case-grid-1001-veh_007-benign,root-eb164f009cadcbb6ddd0895d,1001,veh_007,ps-20a8fd281b9c6e27,CAM,49.0,398.4,270.14009059980947,12.718683468083315,0.2610574902221554,398.4,270.14009059980947,12.718683468083315,0.2610574902221554,nonce-eb164f009cadcbb6ddd0,True,False,benign,False,0,"{""attack_ended_at"": 49.0, ""case_opened_at"": 49.0, ""lane_id"": ""g11_g10_0"", ""road_id"": ""g11_g10""}"
cam-1001-veh_008-000040,cam-1001-veh_008-000040,case-grid-1001-veh_008-certificate_tamper,root-220709bfa462ac0dce770bdc,1001,veh_008,ps-0441a16dd8d22b44,CAM,49.0,544.2397137962173,-1.6,11.650694913023772,0.2264984863995867,544.2397137962173,-1.6,11.650694913023772,0.2264984863995867,nonce-220709bfa462ac0dce77,False,False,certificate_tamper,True,0,"{""attack_ended_at"": 76.0, ""case_opened_at"": 24.0, ""lane_id"": ""g10_g20_0"", ""road_id"": ""g10_g20""}"
cam-1001-veh_009-000039,cam-1001-veh_009-000039,case-grid-1001-veh_009-benign,root-5e0b5d55ea06c3d9d097c79b,1001,veh_009,ps-8e3b87e1d6235c50,CAM,49.0,798.4,230.7452664135015,14.325461048485906,-0.06586345035117169,798.4,230.7452664135015,14.325461048485906,-0.06586345035117169,nonce-5e0b5d55ea06c3d9d097,True,False,benign,False,0,"{""attack_ended_at"": 49.0, ""case_opened_at"": 49.0, ""lane_id"": ""g21_g20_0"", ""road_id"": ""g21_g20""}"
cam-1001-veh_010-000038-f0,cam-1001-veh_010-000038,case-grid-1001-veh_010-flood,root-d27cb20e967cdf5f9438e1b1,1001,veh_010,ps-bf5c5fe0f587553a,CAM,49.0,564.8905443897218,798.4,12.877801344873555,0.0067834739797643095,564.8905443897218,798.4,12.877801344873555,0.0067834739797643095,nonce-d27cb20e967cdf5f9438,True,False,flood,True,0,"{""attack_ended_at"": 78.0, ""case_opened_at"": 26.0, ""lane_id"": ""g12_g22_0"", ""road_id"": ""g12_g22""}"
cam-1001-veh_010-000038-f1,cam-1001-veh_010-000038,case-grid-1001-veh_010-flood,root-d27cb20e967cdf5f9438e1b1,1001,veh_010,ps-bf5c5fe0f587553a,CAM,49.0,564.8905443897218,798.4,12.877801344873555,0.0067834739797643095,564.8905443897218,798.4,12.877801344873555,0.0067834739797643095,nonce-d27cb20e967cdf5f9438,True,False,flood,True,1,"{""attack_ended_at"": 78.0, ""case_opened_at"": 26.0, ""lane_id"": ""g12_g22_0"", ""road_id"": ""g12_g22""}"
cam-1001-veh_010-000038-f2,cam-1001-veh_010-000038,case-grid-1001-veh_010-flood,root-d27cb20e967cdf5f9438e1b1,1001,veh_010,ps-bf5c5fe0f587553a,CAM,49.0,564.8905443897218,798.4,12.877801344873555,0.0067834739797643095,564.8905443897218,798.4,12.877801344873555,0.0067834739797643095,nonce-d27cb20e967cdf5f9438,True,False,flood,True,2,"{""attack_ended_at"": 78.0, ""case_opened_at"": 26.0, ""lane_id"": ""g12_g22_0"", ""road_id"": ""g12_g22""}"
cam-1001-veh_010-000038-f3,cam-1001-veh_010-000038,case-grid-1001-veh_010-flood,root-d27cb20e967cdf5f9438e1b1,1001,veh_010,ps-bf5c5fe0f587553a,CAM,49.0,564.8905443897218,798.4,12.877801344873555,0.0067834739797643095,564.8905443897218,798.4,12.877801344873555,0.0067834739797643095,nonce-d27cb20e967cdf5f9438,True,False,flood,True,3,"{""attack_ended_at"": 78.0, ""case_opened_at"": 26.0, ""lane_id"": ""g12_g22_0"", ""road_id"": ""g12_g22""}"
cam-1001-veh_010-000038-f4,cam-1001-veh_010-000038,case-grid-1001-veh_010-flood,root-d27cb20e967cdf5f9438e1b1,1001,veh_010,ps-bf5c5fe0f587553a,CAM,49.0,564.8905443897218,798.4,12.877801344873555,0.0067834739797643095,564.8905443897218,798.4,12.877801344873555,0.0067834739797643095,nonce-d27cb20e967cdf5f9438,True,False,flood,True,4,"{""attack_ended_at"": 78.0, ""case_opened_at"": 26.0, ""lane_id"": ""g12_g22_0"", ""road_id"": ""g12_g22""}"
cam-1001-veh_011-000037,cam-1001-veh_011-000037,case-grid-1001-veh_011-benign,root-6dfddab8dbdb80ef82a66219,1001,veh_011,ps-298210176c98c50a,CAM,49.0,801.6,503.79003912894984,13.443332656247264,-0.07751874984707818,801.6,503.79003912894984,13.443332656247264,-0.07751874984707818,nonce-6dfddab8dbdb80ef82a6,True,False,benign,False,0,"{""attack_ended_at"": 49.0, ""case_opened_at"": 49.0, ""lane_id"": ""g21_g22_0"", ""road_id"": ""g21_g22""}"
cam-1001-veh_012-000036,cam-1001-veh_012-000036,case-grid-1001-veh_012-false_denm,root-013276217cf0160fc0e938bb,1001,veh_012,ps-a2d8503b0d2b7ea8,CAM,49.0,385.1978816771036,398.4,0.0,0.0,385.1978816771036,398.4,0.0,0.0,nonce-013276217cf0160fc0e9,True,False,false_denm,True,0,"{""attack_ended_at"": 80.0, ""case_opened_at"": 28.0, ""lane_id"": ""g01_g11_0"", ""road_id"": ""g01_g11""}"
cam-1001-veh_013-000035,cam-1001-veh_013-000035,case-grid-1001-veh_013-benign,root-c3f87484037397bd34ad480c,1001,veh_013,ps-ffb1bac62aa27994,CAM,49.0,414.80201423535226,401.6,0.0,0.0,414.80201423535226,401.6,0.0,0.0,nonce-c3f87484037397bd34ad,True,False,benign,False,0,"{""attack_ended_at"": 49.0, ""case_opened_at"": 49.0, ""lane_id"": ""g21_g11_0"", ""road_id"": ""g21_g11""}"
cam-1001-veh_014-000034-m0,cam-1001-veh_014-000034,case-grid-1001-veh_014-mixed,root-fa5a1e3825464824ddf141ec,1001,veh_014,ps-0c5027fa621fc8a7,DENM,49.0,401.6,469.576928740959,13.702538517541946,0.596432103929109,446.6,478.576928740959,21.702538517541946,0.596432103929109,nonce-fa5a1e3825464824ddf1,True,True,mixed,True,0,"{""attack_ended_at"": 82.0, ""case_opened_at"": 30.0, ""lane_id"": ""g11_g12_0"", ""road_id"": ""g11_g12""}"
cam-1001-veh_014-000034-m1,cam-1001-veh_014-000034,case-grid-1001-veh_014-mixed,root-fa5a1e3825464824ddf141ec,1001,veh_014,ps-0c5027fa621fc8a7,DENM,49.0,401.6,469.576928740959,13.702538517541946,0.596432103929109,446.6,478.576928740959,21.702538517541946,0.596432103929109,nonce-fa5a1e3825464824ddf1,True,True,mixed,True,1,"{""attack_ended_at"": 82.0, ""case_opened_at"": 30.0, ""lane_id"": ""g11_g12_0"", ""road_id"": ""g11_g12""}"
cam-1001-veh_014-000034-m2,cam-1001-veh_014-000034,case-grid-1001-veh_014-mixed,root-fa5a1e3825464824ddf141ec,1001,veh_014,ps-0c5027fa621fc8a7,DENM,49.0,401.6,469.576928740959,13.702538517541946,0.596432103929109,446.6,478.576928740959,21.702538517541946,0.596432103929109,nonce-fa5a1e3825464824ddf1,True,True,mixed,True,2,"{""attack_ended_at"": 82.0, ""case_opened_at"": 30.0, ""lane_id"": ""g11_g12_0"", ""road_id"": ""g11_g12""}"
cam-1001-veh_014-000034-m3,cam-1001-veh_014-000034,case-grid-1001-veh_014-mixed,root-fa5a1e3825464824ddf141ec,1001,veh_014,ps-0c5027fa621fc8a7,DENM,49.0,401.6,469.576928740959,13.702538517541946,0.596432103929109,446.6,478.576928740959,21.702538517541946,0.596432103929109,nonce-fa5a1e3825464824ddf1,True,True,mixed,True,3,"{""attack_ended_at"": 82.0, ""case_opened_at"": 30.0, ""lane_id"": ""g11_g12_0"", ""road_id"": ""g11_g12""}"
cam-1001-veh_015-000033,cam-1001-veh_015-000033,case-grid-1001-veh_015-benign,root-fdeed5918a48fa87451917a1,1001,veh_015,ps-43db3038c74a6947,CAM,49.0,398.4,360.05133172705456,12.8810493878183,-0.3007526618801073,398.4,360.05133172705456,12.8810493878183,-0.3007526618801073,nonce-fdeed5918a48fa874519,True,False,benign,False,0,"{""attack_ended_at"": 49.0, ""case_opened_at"": 49.0, ""lane_id"": ""g11_g10_0"", ""road_id"": ""g11_g10""}"
cam-1001-veh_016-000032,cam-1001-veh_016-000032,case-grid-1001-veh_016-benign,root-a84fb16b2c9308d63444afdd,1001,veh_016,ps-cbbef243035097ce,CAM,49.0,518.5256044434191,-1.6,14.250843947977726,-1.2738326188668836,518.5256044434191,-1.6,14.250843947977726,-1.2738326188668836,nonce-a84fb16b2c9308d63444,True,False,benign,False,0,"{""attack_ended_at"": 49.0, ""case_opened_at"": 49.0, ""lane_id"": ""g10_g20_0"", ""road_id"": ""g10_g20""}"
cam-1001-veh_017-000031,cam-1001-veh_017-000031,case-grid-1001-veh_017-benign,root-f0ca16f877eb1ec6565bc0f6,1001,veh_017,ps-c4cb9175e03371fc,CAM,49.0,798.4,351.47799129109876,14.090345303229824,-0.2824012429453422,798.4,351.47799129109876,14.090345303229824,-0.2824012429453422,nonce-f0ca16f877eb1ec6565b,True,False,benign,False,0,"{""attack_ended_at"": 49.0, ""case_opened_at"": 49.0, ""lane_id"": ""g21_g20_0"", ""road_id"": ""g21_g20""}"
cam-1001-veh_018-000030,cam-1001-veh_018-000030,case-grid-1001-veh_018-benign,root-290f7d89bba2eae407f2fdbe,1001,veh_018,ps-f5eb5907dca15325,CAM,49.0,410.95790023142484,798.4,13.194819785689788,-0.3529548272397367,410.95790023142484,798.4,13.194819785689788,-0.3529548272397367,nonce-290f7d89bba2eae407f2,True,False,benign,False,0,"{""attack_ended_at"": 49.0, ""case_opened_at"": 49.0, ""lane_id"": ""g12_g22_0"", ""road_id"": ""g12_g22""}"
cam-1001-veh_019-000029,cam-1001-veh_019-000029,case-grid-1001-veh_019-benign,root-3427065b017d069821ca5882,1001,veh_019,ps-bfc295509368822d,CAM,49.0,801.6,416.4751094109637,14.153721941582434,-0.2734433372877536,801.6,416.4751094109637,14.153721941582434,-0.2734433372877536,nonce-3427065b017d069821ca,True,False,benign,False,0,"{""attack_ended_at"": 49.0, ""case_opened_at"": 49.0, ""lane_id"": ""g21_g22_0"", ""road_id"": ""g21_g22""}"
cam-1001-veh_020-000028,cam-1001-veh_020-000028,case-grid-1001-veh_020-benign,root-6d0fc7583d012e8fb985ebe5,1001,veh_020,ps-ebb98a241b250d58,CAM,49.0,366.945372433933,398.4,12.033702287762365,-0.3724432083909974,366.945372433933,398.4,12.033702287762365,-0.3724432083909974,nonce-6d0fc7583d012e8fb985,True,False,benign,False,0,"{""attack_ended_at"": 49.0, ""case_opened_at"": 49.0, ""lane_id"": ""g01_g11_0"", ""road_id"": ""g01_g11""}"
cam-1001-veh_021-000027,cam-1001-veh_021-000027,case-grid-1001-veh_021-benign,root-0a772ea70fd2da4f95e2db3a,1001,veh_021,ps-c17e704b00a194fa,CAM,49.0,422.3036385362075,401.6,0.009811153220742528,-0.2504279997110484,422.3036385362075,401.6,0.009811153220742528,-0.2504279997110484,nonce-0a772ea70fd2da4f95e2,True,False,benign,False,0,"{""attack_ended_at"": 49.0, ""case_opened_at"": 49.0, ""lane_id"": ""g21_g11_0"", ""road_id"": ""g21_g11""}"
cam-1001-veh_022-000026,cam-1001-veh_022-000026,case-grid-1001-veh_022-benign,root-32fe58f652348d1de48513e6,1001,veh_022,ps-37f1e0f2b964b078,CAM,49.0,401.6,427.74677988157265,16.055116259237433,0.14041097179055306,401.6,427.74677988157265,16.055116259237433,0.14041097179055306,nonce-32fe58f652348d1de485,True,False,benign,False,0,"{""attack_ended_at"": 49.0, ""case_opened_at"": 49.0, ""lane_id"": ""g11_g12_0"", ""road_id"": ""g11_g12""}"
cam-1001-veh_023-000025,cam-1001-veh_023-000025,case-grid-1001-veh_023-benign,root-7090a619fb0220ba80995ba6,1001,veh_023,ps-88766211387813b1,CAM,49.0,398.4,454.01643652156713,13.028783853229031,-0.5293890817416838,398.4,454.01643652156713,13.028783853229031,-0.5293890817416838,nonce-7090a619fb0220ba8099,True,False,benign,False,0,"{""attack_ended_at"": 49.0, ""case_opened_at"": 49.0, ""lane_id"": ""g12_g11_0"", ""road_id"": ""g12_g11""}"
cam-1001-veh_000-000049,cam-1001-veh_000-000049,case-grid-1001-veh_000-benign,root-3e540be92ef64d9db49b91a7,1001,veh_000,ps-0b6a8266609a146f,CAM,50.0,575.9812117902586,-1.6,11.601047431977936,0.06715936547610823,575.9812117902586,-1.6,11.601047431977936,0.06715936547610823,nonce-3e540be92ef64d9db49b,True,False,benign,False,0,"{""attack_ended_at"": 50.0, ""case_opened_at"": 50.0, ""lane_id"": ""g10_g20_0"", ""road_id"": ""g10_g20""}"
cam-1001-veh_001-000048,cam-1001-veh_001-000048,case-grid-1001-veh_001-benign,root-424effaddc45c59df4576b21,1001,veh_001,ps-11b4aa50327f89a0,CAM,50.0,798.4,184.33019723129996,12.618633005571015,-0.2914350096741689,798.4,184.33019723129996,12.618633005571015,-0.2914350096741689,nonce-424effaddc45c59df457,True,False,benign,False,0,"{""attack_ended_at"": 50.0, ""case_opened_at"": 50.0, ""lane_id"": ""g21_g20_0"", ""road_id"": ""g21_g20""}"
cam-1001-veh_002-000047,cam-1001-veh_002-000047,case-grid-1001-veh_002-position_offset,root-ca0daa19eabdda176d30b3a9,1001,veh_002,ps-e0bc27433007a32c,CAM,50.0,597.9873036598974,798.4,12.216560420470632,-0.03408192456699943,662.9873036598974,814.65,12.216560420470632,-0.03408192456699943,nonce-ca0daa19eabdda176d30,True,False,position_offset,True,0,"{""attack_ended_at"": 70.0, ""case_opened_at"": 18.0, ""lane_id"": ""g12_g22_0"", ""road_id"": ""g12_g22""}"
cam-1001-veh_003-000046,cam-1001-veh_003-000046,case-grid-1001-veh_003-benign,root-1d0035331ffdf2c49f89ff0b,1001,veh_003,ps-13247f0afc865149,CAM,50.0,801.6,588.9171049995231,12.262692806481779,-0.5744632989400991,801.6,588.9171049995231,12.262692806481779,-0.5744632989400991,nonce-1d0035331ffdf2c49f89,True,False,benign,False,0,"{""attack_ended_at"": 50.0, ""case_opened_at"": 50.0, ""lane_id"": ""g21_g22_0"", ""road_id"": ""g21_g22""}"
cam-1001-veh_004-000045,cam-1001-veh_004-000045,case-grid-1001-veh_004-speed_offset,root-9ebbbb311c9c558842e06384,1001,veh_004,ps-b7dd5d779d6fb997,CAM,50.0,399.29254624770164,398.4,4.596416883706115,2.5992059831926597,399.29254624770164,398.4,15.596416883706116,2.5992059831926597,nonce-9ebbbb311c9c558842e0,True,False,speed_offset,True,0,"{""attack_ended_at"": 72.0, ""case_opened_at"": 20.0, ""lane_id"": "":g11_10_0"", ""road_id"": "":g11_10""}"
cam-1001-veh_005-000044,cam-1001-veh_005-000044,case-grid-1001-veh_005-benign,root-68982d5a4dd94ee3197623cb,1001,veh_005,ps-fedb1f4cae953d51,CAM,50.0,401.1134438698399,401.6,4.141179826068692,2.094800837649964,401.1134438698399,401.6,4.141179826068692,2.094800837649964,nonce-68982d5a4dd94ee31976,True,False,benign,False,0,"{""attack_ended_at"": 50.0, ""case_opened_at"": 50.0, ""lane_id"": "":g11_4_0"", ""road_id"": "":g11_4""}"
replay-cam-1001-veh_006-000043,cam-1001-veh_006-000011,case-grid-1001-veh_006-replay,root-55cf5c413e6560d70ca215ff,1001,veh_006,ps-402cdb4ee382d9ca,CAM,18.0,401.6,149.61574761008055,12.427882390090138,0.2817533832695336,401.6,149.61574761008055,12.427882390090138,0.2817533832695336,nonce-55cf5c413e6560d70ca2,True,False,replay,True,8,"{""attack_ended_at"": 18.0, ""case_opened_at"": 18.0, ""lane_id"": ""g10_g11_0"", ""road_id"": ""g10_g11""}"
cam-1001-veh_007-000042,cam-1001-veh_007-000042,case-grid-1001-veh_007-benign,root-18d837748e4cc9860cd62e48,1001,veh_007,ps-20a8fd281b9c6e27,CAM,50.0,398.4,257.48076418024135,12.659326419568083,-0.05935704851523127,398.4,257.48076418024135,12.659326419568083,-0.05935704851523127,nonce-18d837748e4cc9860cd6,True,False,benign,False,0,"{""attack_ended_at"": 50.0, ""case_opened_at"": 50.0, ""lane_id"": ""g11_g10_0"", ""road_id"": ""g11_g10""}"
cam-1001-veh_008-000041,cam-1001-veh_008-000041,case-grid-1001-veh_008-certificate_tamper,root-71a7176db529f6b8fc835ca2,1001,veh_008,ps-0441a16dd8d22b44,CAM,50.0,555.6373839843484,-1.6,11.397670188131062,-0.25302472489270933,555.6373839843484,-1.6,11.397670188131062,-0.25302472489270933,nonce-71a7176db529f6b8fc83,False,False,certificate_tamper,True,0,"{""attack_ended_at"": 76.0, ""case_opened_at"": 24.0, ""lane_id"": ""g10_g20_0"", ""road_id"": ""g10_g20""}"
cam-1001-veh_009-000040,cam-1001-veh_009-000040,case-grid-1001-veh_009-benign,root-c959bd15a75f81484183e18f,1001,veh_009,ps-8e3b87e1d6235c50,CAM,50.0,798.4,216.27048795252279,14.474778460978724,0.1493174124928185,798.4,216.27048795252279,14.474778460978724,0.1493174124928185,nonce-c959bd15a75f81484183,True,False,benign,False,0,"{""attack_ended_at"": 50.0, ""case_opened_at"": 50.0, ""lane_id"": ""g21_g20_0"", ""road_id"": ""g21_g20""}"
cam-1001-veh_010-000039-f0,cam-1001-veh_010-000039,case-grid-1001-veh_010-flood,root-17bdbe6d6802ae4849e75dcb,1001,veh_010,ps-bf5c5fe0f587553a,CAM,50.0,577.1700060831644,798.4,12.279461693442647,-0.5983396514309085,577.1700060831644,798.4,12.279461693442647,-0.5983396514309085,nonce-17bdbe6d6802ae4849e7,True,False,flood,True,0,"{""attack_ended_at"": 78.0, ""case_opened_at"": 26.0, ""lane_id"": ""g12_g22_0"", ""road_id"": ""g12_g22""}"
cam-1001-veh_010-000039-f1,cam-1001-veh_010-000039,case-grid-1001-veh_010-flood,root-17bdbe6d6802ae4849e75dcb,1001,veh_010,ps-bf5c5fe0f587553a,CAM,50.0,577.1700060831644,798.4,12.279461693442647,-0.5983396514309085,577.1700060831644,798.4,12.279461693442647,-0.5983396514309085,nonce-17bdbe6d6802ae4849e7,True,False,flood,True,1,"{""attack_ended_at"": 78.0, ""case_opened_at"": 26.0, ""lane_id"": ""g12_g22_0"", ""road_id"": ""g12_g22""}"
cam-1001-veh_010-000039-f2,cam-1001-veh_010-000039,case-grid-1001-veh_010-flood,root-17bdbe6d6802ae4849e75dcb,1001,veh_010,ps-bf5c5fe0f587553a,CAM,50.0,577.1700060831644,798.4,12.279461693442647,-0.5983396514309085,577.1700060831644,798.4,12.279461693442647,-0.5983396514309085,nonce-17bdbe6d6802ae4849e7,True,False,flood,True,2,"{""attack_ended_at"": 78.0, ""case_opened_at"": 26.0, ""lane_id"": ""g12_g22_0"", ""road_id"": ""g12_g22""}"
cam-1001-veh_010-000039-f3,cam-1001-veh_010-000039,case-grid-1001-veh_010-flood,root-17bdbe6d6802ae4849e75dcb,1001,veh_010,ps-bf5c5fe0f587553a,CAM,50.0,577.1700060831644,798.4,12.279461693442647,-0.5983396514309085,577.1700060831644,798.4,12.279461693442647,-0.5983396514309085,nonce-17bdbe6d6802ae4849e7,True,False,flood,True,3,"{""attack_ended_at"": 78.0, ""case_opened_at"": 26.0, ""lane_id"": ""g12_g22_0"", ""road_id"": ""g12_g22""}"
cam-1001-veh_010-000039-f4,cam-1001-veh_010-000039,case-grid-1001-veh_010-flood,root-17bdbe6d6802ae4849e75dcb,1001,veh_010,ps-bf5c5fe0f587553a,CAM,50.0,577.1700060831644,798.4,12.279461693442647,-0.5983396514309085,577.1700060831644,798.4,12.279461693442647,-0.5983396514309085,nonce-17bdbe6d6802ae4849e7,True,False,flood,True,4,"{""attack_ended_at"": 78.0, ""case_opened_at"": 26.0, ""lane_id"": ""g12_g22_0"", ""road_id"": ""g12_g22""}"
cam-1001-veh_011-000038,cam-1001-veh_011-000038,case-grid-1001-veh_011-benign,root-f310191bc28568acf6200d89,1001,veh_011,ps-298210176c98c50a,CAM,50.0,801.6,517.1897821468559,13.399743017906047,-0.043589638341217096,801.6,517.1897821468559,13.399743017906047,-0.043589638341217096,nonce-f310191bc28568acf620,True,False,benign,False,0,"{""attack_ended_at"": 50.0, ""case_opened_at"": 50.0, ""lane_id"": ""g21_g22_0"", ""road_id"": ""g21_g22""}"
cam-1001-veh_012-000037,cam-1001-veh_012-000037,case-grid-1001-veh_012-false_denm,root-f9af162cf22a5e0339ec3120,1001,veh_012,ps-a2d8503b0d2b7ea8,CAM,50.0,386.66630174031224,398.4,1.4684200632086282,1.4684200632086282,386.66630174031224,398.4,1.4684200632086282,1.4684200632086282,nonce-f9af162cf22a5e0339ec,True,False,false_denm,True,0,"{""attack_ended_at"": 80.0, ""case_opened_at"": 28.0, ""lane_id"": ""g01_g11_0"", ""road_id"": ""g01_g11""}"
cam-1001-veh_013-000036,cam-1001-veh_013-000036,case-grid-1001-veh_013-benign,root-27916b95d35b25bf12f18449,1001,veh_013,ps-ffb1bac62aa27994,CAM,50.0,412.7861935429627,401.6,2.0158206923895547,2.0158206923895547,412.7861935429627,401.6,2.0158206923895547,2.0158206923895547,nonce-27916b95d35b25bf12f1,True,False,benign,False,0,"{""attack_ended_at"": 50.0, ""case_opened_at"": 50.0, ""lane_id"": ""g21_g11_0"", ""road_id"": ""g21_g11""}"
cam-1001-veh_014-000035-m0,cam-1001-veh_014-000035,case-grid-1001-veh_014-mixed,root-0165c5b37ad0701c4097de6d,1001,veh_014,ps-0c5027fa621fc8a7,DENM,50.0,401.6,482.9070516412063,13.330122900247336,-0.37241561729461026,446.6,491.9070516412063,21.330122900247336,-0.37241561729461026,nonce-0165c5b37ad0701c4097,True,True,mixed,True,0,"{""attack_ended_at"": 82.0, ""case_opened_at"": 30.0, ""lane_id"": ""g11_g12_0"", ""road_id"": ""g11_g12""}"
cam-1001-veh_014-000035-m1,cam-1001-veh_014-000035,case-grid-1001-veh_014-mixed,root-0165c5b37ad0701c4097de6d,1001,veh_014,ps-0c5027fa621fc8a7,DENM,50.0,401.6,482.9070516412063,13.330122900247336,-0.37241561729461026,446.6,491.9070516412063,21.330122900247336,-0.37241561729461026,nonce-0165c5b37ad0701c4097,True,True,mixed,True,1,"{""attack_ended_at"": 82.0, ""case_opened_at"": 30.0, ""lane_id"": ""g11_g12_0"", ""road_id"": ""g11_g12""}"
cam-1001-veh_014-000035-m2,cam-1001-veh_014-000035,case-grid-1001-veh_014-mixed,root-0165c5b37ad0701c4097de6d,1001,veh_014,ps-0c5027fa621fc8a7,DENM,50.0,401.6,482.9070516412063,13.330122900247336,-0.37241561729461026,446.6,491.9070516412063,21.330122900247336,-0.37241561729461026,nonce-0165c5b37ad0701c4097,True,True,mixed,True,2,"{""attack_ended_at"": 82.0, ""case_opened_at"": 30.0, ""lane_id"": ""g11_g12_0"", ""road_id"": ""g11_g12""}"
cam-1001-veh_014-000035-m3,cam-1001-veh_014-000035,case-grid-1001-veh_014-mixed,root-0165c5b37ad0701c4097de6d,1001,veh_014,ps-0c5027fa621fc8a7,DENM,50.0,401.6,482.9070516412063,13.330122900247336,-0.37241561729461026,446.6,491.9070516412063,21.330122900247336,-0.37241561729461026,nonce-0165c5b37ad0701c4097,True,True,mixed,True,3,"{""attack_ended_at"": 82.0, ""case_opened_at"": 30.0, ""lane_id"": ""g11_g12_0"", ""road_id"": ""g11_g12""}"
cam-1001-veh_015-000034,cam-1001-veh_015-000034,case-grid-1001-veh_015-benign,root-371b9c81fe65abf41dc214b2,1001,veh_015,ps-43db3038c74a6947,CAM,50.0,398.4,346.78733718222617,13.263994544828408,0.3829451570101092,398.4,346.78733718222617,13.263994544828408,0.3829451570101092,nonce-371b9c81fe65abf41dc2,True,False,benign,False,0,"{""attack_ended_at"": 50.0, ""case_opened_at"": 50.0, ""lane_id"": ""g11_g10_0"", ""road_id"": ""g11_g10""}"
cam-1001-veh_016-000033,cam-1001-veh_016-000033,case-grid-1001-veh_016-benign,root-94d703e401e2809e72829124,1001,veh_016,ps-cbbef243035097ce,CAM,50.0,531.9262531155481,-1.6,13.40064867212913,-0.8501952758485967,531.9262531155481,-1.6,13.40064867212913,-0.8501952758485967,nonce-94d703e401e2809e7282,True,False,benign,False,0,"{""attack_ended_at"": 50.0, ""case_opened_at"": 50.0, ""lane_id"": ""g10_g20_0"", ""road_id"": ""g10_g20""}"
cam-1001-veh_017-000032,cam-1001-veh_017-000032,case-grid-1001-veh_017-benign,root-44b8ebea76130ce51ca44348,1001,veh_017,ps-c4cb9175e03371fc,CAM,50.0,798.4,337.62736229148754,13.8506289996112,-0.23971630361862495,798.4,337.62736229148754,13.8506289996112,-0.23971630361862495,nonce-44b8ebea76130ce51ca4,True,False,benign,False,0,"{""attack_ended_at"": 50.0, ""case_opened_at"": 50.0, ""lane_id"": ""g21_g20_0"", ""road_id"": ""g21_g20""}"
cam-1001-veh_018-000031,cam-1001-veh_018-000031,case-grid-1001-veh_018-benign,root-1bd92e2eb70a5fb020fc80bc,1001,veh_018,ps-f5eb5907dca15325,CAM,50.0,424.6784826220553,798.4,13.720582390630469,0.5257626049406809,424.6784826220553,798.4,13.720582390630469,0.5257626049406809,nonce-1bd92e2eb70a5fb020fc,True,False,benign,False,0,"{""attack_ended_at"": 50.0, ""case_opened_at"": 50.0, ""lane_id"": ""g12_g22_0"", ""road_id"": ""g12_g22""}"
cam-1001-veh_019-000030,cam-1001-veh_019-000030,case-grid-1001-veh_019-benign,root-e331d46e44187abaa8ca7a4c,1001,veh_019,ps-bfc295509368822d,CAM,50.0,801.6,430.58653474158257,14.111425330618903,-0.04229661096353077,801.6,430.58653474158257,14.111425330618903,-0.04229661096353077,nonce-e331d46e44187abaa8ca,True,False,benign,False,0,"{""attack_ended_at"": 50.0, ""case_opened_at"": 50.0, ""lane_id"": ""g21_g22_0"", ""road_id"": ""g21_g22""}"
cam-1001-veh_020-000029,cam-1001-veh_020-000029,case-grid-1001-veh_020-benign,root-a6e97d20363a17979692d8d7,1001,veh_020,ps-ebb98a241b250d58,CAM,50.0,374.4790747216954,398.4,7.533702287762365,-4.5,374.4790747216954,398.4,7.533702287762365,-4.5,nonce-a6e97d20363a17979692,True,False,benign,False,0,"{""attack_ended_at"": 50.0, ""case_opened_at"": 50.0, ""lane_id"": ""g01_g11_0"", ""road_id"": ""g01_g11""}"
cam-1001-veh_021-000028,cam-1001-veh_021-000028,case-grid-1001-veh_021-benign,root-253c5e8419a36ede26b633ab,1001,veh_021,ps-c17e704b00a194fa,CAM,50.0,422.30308479954823,401.6,0.0005537366592215122,-0.009257416561521016,422.30308479954823,401.6,0.0005537366592215122,-0.009257416561521016,nonce-253c5e8419a36ede26b6,True,False,benign,False,0,"{""attack_ended_at"": 50.0, ""case_opened_at"": 50.0, ""lane_id"": ""g21_g11_0"", ""road_id"": ""g21_g11""}"
cam-1001-veh_022-000027,cam-1001-veh_022-000027,case-grid-1001-veh_022-benign,root-3049f8497d3134dc91aa3729,1001,veh_022,ps-37f1e0f2b964b078,CAM,50.0,401.6,444.11088568847345,16.364105806900803,0.3089895476633693,401.6,444.11088568847345,16.364105806900803,0.3089895476633693,nonce-3049f8497d3134dc91aa,True,False,benign,False,0,"{""attack_ended_at"": 50.0, ""case_opened_at"": 50.0, ""lane_id"": ""g11_g12_0"", ""road_id"": ""g11_g12""}"
cam-1001-veh_023-000026,cam-1001-veh_023-000026,case-grid-1001-veh_023-benign,root-1e8637839892db856b9408ef,1001,veh_023,ps-88766211387813b1,CAM,50.0,398.4,440.59510292136093,13.421333600206196,0.39254974697716527,398.4,440.59510292136093,13.421333600206196,0.39254974697716527,nonce-1e8637839892db856b94,True,False,benign,False,0,"{""attack_ended_at"": 50.0, ""case_opened_at"": 50.0, ""lane_id"": ""g12_g11_0"", ""road_id"": ""g12_g11""}"
cam-1001-veh_000-000050,cam-1001-veh_000-000050,case-grid-1001-veh_000-benign,root-1b1d3c5720f533ed640256b8,1001,veh_000,ps-0b6a8266609a146f,CAM,51.0,587.5889971420031,-1.6,11.607785351744392,0.006737919766456102,587.5889971420031,-1.6,11.607785351744392,0.006737919766456102,nonce-1b1d3c5720f533ed6402,True,False,benign,False,0,"{""attack_ended_at"": 51.0, ""case_opened_at"": 51.0, ""lane_id"": ""g10_g20_0"", ""road_id"": ""g10_g20""}"
cam-1001-veh_001-000049,cam-1001-veh_001-000049,case-grid-1001-veh_001-benign,root-20b3edf7d774436af45bb1ff,1001,veh_001,ps-11b4aa50327f89a0,CAM,51.0,798.4,171.62932034936486,12.700876881935097,0.08224387636408181,798.4,171.62932034936486,12.700876881935097,0.08224387636408181,nonce-20b3edf7d774436af45b,True,False,benign,False,0,"{""attack_ended_at"": 51.0, ""case_opened_at"": 51.0, ""lane_id"": ""g21_g20_0"", ""road_id"": ""g21_g20""}"
cam-1001-veh_002-000048,cam-1001-veh_002-000048,case-grid-1001-veh_002-position_offset,root-13a8c1ae8bb9cfd27e0e1d28,1001,veh_002,ps-e0bc27433007a32c,CAM,51.0,610.7215284068534,798.4,12.73422474695588,0.5176643264852476,675.7215284068534,814.65,12.73422474695588,0.5176643264852476,nonce-13a8c1ae8bb9cfd27e0e,True,False,position_offset,True,0,"{""attack_ended_at"": 70.0, ""case_opened_at"": 18.0, ""lane_id"": ""g12_g22_0"", ""road_id"": ""g12_g22""}"
cam-1001-veh_003-000047,cam-1001-veh_003-000047,case-grid-1001-veh_003-benign,root-ee35e0b3e49b5d6e6af75933,1001,veh_003,ps-13247f0afc865149,CAM,51.0,801.6,601.6520387081763,12.73493370865325,0.4722409021714711,801.6,601.6520387081763,12.73493370865325,0.4722409021714711,nonce-ee35e0b3e49b5d6e6af7,True,False,benign,False,0,"{""attack_ended_at"": 51.0, ""case_opened_at"": 51.0, ""lane_id"": ""g21_g22_0"", ""road_id"": ""g21_g22""}"
cam-1001-veh_004-000046,cam-1001-veh_004-000046,case-grid-1001-veh_004-speed_offset,root-95bb1dd807f70c7184e13077,1001,veh_004,ps-b7dd5d779d6fb997,CAM,51.0,405.88975047520034,398.4,6.597204227498732,2.0007873437926174,405.88975047520034,398.4,17.597204227498732,2.0007873437926174,nonce-95bb1dd807f70c7184e1,True,False,speed_offset,True,0,"{""attack_ended_at"": 72.0, ""case_opened_at"": 20.0, ""lane_id"": "":g11_10_0"", ""road_id"": "":g11_10""}"
cam-1001-veh_005-000045,cam-1001-veh_005-000045,case-grid-1001-veh_005-benign,root-e74bcf4ff6b3a936629ec82a,1001,veh_005,ps-fedb1f4cae953d51,CAM,51.0,394.7037442739713,401.6,6.409699595868587,2.2685197697998953,394.7037442739713,401.6,6.409699595868587,2.2685197697998953,nonce-e74bcf4ff6b3a936629e,True,False,benign,False,0,"{""attack_ended_at"": 51.0, ""case_opened_at"": 51.0, ""lane_id"": "":g11_4_0"", ""road_id"": "":g11_4""}"
replay-cam-1001-veh_006-000044,cam-1001-veh_006-000012,case-grid-1001-veh_006-replay,root-e685cc25bd7b355fd757e166,1001,veh_006,ps-402cdb4ee382d9ca,CAM,19.0,401.6,161.79692725744974,12.181179647369184,-0.24670274272095405,401.6,161.79692725744974,12.181179647369184,-0.24670274272095405,nonce-e685cc25bd7b355fd757,True,False,replay,True,8,"{""attack_ended_at"": 19.0, ""case_opened_at"": 19.0, ""lane_id"": ""g10_g11_0"", ""road_id"": ""g10_g11""}"
cam-1001-veh_007-000043,cam-1001-veh_007-000043,case-grid-1001-veh_007-benign,root-61df910d4fdf0fdda4e676c4,1001,veh_007,ps-20a8fd281b9c6e27,CAM,51.0,398.4,245.04948893653955,12.431275243701808,-0.2280511758662751,398.4,245.04948893653955,12.431275243701808,-0.2280511758662751,nonce-61df910d4fdf0fdda4e6,True,False,benign,False,0,"{""attack_ended_at"": 51.0, ""case_opened_at"": 51.0, ""lane_id"": ""g11_g10_0"", ""road_id"": ""g11_g10""}"
cam-1001-veh_008-000042,cam-1001-veh_008-000042,case-grid-1001-veh_008-certificate_tamper,root-6c0ccdfa67c8b69c9cd69c88,1001,veh_008,ps-0441a16dd8d22b44,CAM,51.0,567.5149386950113,-1.6,11.877554710662944,0.4798845225318811,567.5149386950113,-1.6,11.877554710662944,0.4798845225318811,nonce-6c0ccdfa67c8b69c9cd6,False,False,certificate_tamper,True,0,"{""attack_ended_at"": 76.0, ""case_opened_at"": 24.0, ""lane_id"": ""g10_g20_0"", ""road_id"": ""g10_g20""}"
cam-1001-veh_009-000041,cam-1001-veh_009-000041,case-grid-1001-veh_009-benign,root-edca7040623a3cd425659a01,1001,veh_009,ps-8e3b87e1d6235c50,CAM,51.0,798.4,202.15445144853987,14.116036503982924,-0.35874195699580014,798.4,202.15445144853987,14.116036503982924,-0.35874195699580014,nonce-edca7040623a3cd42565,True,False,benign,False,0,"{""attack_ended_at"": 51.0, ""case_opened_at"": 51.0, ""lane_id"": ""g21_g20_0"", ""road_id"": ""g21_g20""}"
cam-1001-veh_010-000040-f0,cam-1001-veh_010-000040,case-grid-1001-veh_010-flood,root-e36d34b8da8b88a19dc51098,1001,veh_010,ps-bf5c5fe0f587553a,CAM,51.0,589.3277522746371,798.4,12.157746191472695,-0.12171550196995184,589.3277522746371,798.4,12.157746191472695,-0.12171550196995184,nonce-e36d34b8da8b88a19dc5,True,False,flood,True,0,"{""attack_ended_at"": 78.0, ""case_opened_at"": 26.0, ""lane_id"": ""g12_g22_0"", ""road_id"": ""g12_g22""}"
cam-1001-veh_010-000040-f1,cam-1001-veh_010-000040,case-grid-1001-veh_010-flood,root-e36d34b8da8b88a19dc51098,1001,veh_010,ps-bf5c5fe0f587553a,CAM,51.0,589.3277522746371,798.4,12.157746191472695,-0.12171550196995184,589.3277522746371,798.4,12.157746191472695,-0.12171550196995184,nonce-e36d34b8da8b88a19dc5,True,False,flood,True,1,"{""attack_ended_at"": 78.0, ""case_opened_at"": 26.0, ""lane_id"": ""g12_g22_0"", ""road_id"": ""g12_g22""}"
cam-1001-veh_010-000040-f2,cam-1001-veh_010-000040,case-grid-1001-veh_010-flood,root-e36d34b8da8b88a19dc51098,1001,veh_010,ps-bf5c5fe0f587553a,CAM,51.0,589.3277522746371,798.4,12.157746191472695,-0.12171550196995184,589.3277522746371,798.4,12.157746191472695,-0.12171550196995184,nonce-e36d34b8da8b88a19dc5,True,False,flood,True,2,"{""attack_ended_at"": 78.0, ""case_opened_at"": 26.0, ""lane_id"": ""g12_g22_0"", ""road_id"": ""g12_g22""}"
cam-1001-veh_010-000040-f3,cam-1001-veh_010-000040,case-grid-1001-veh_010-flood,root-e36d34b8da8b88a19dc51098,1001,veh_010,ps-bf5c5fe0f587553a,CAM,51.0,589.3277522746371,798.4,12.157746191472695,-0.12171550196995184,589.3277522746371,798.4,12.157746191472695,-0.12171550196995184,nonce-e36d34b8da8b88a19dc5,True,False,flood,True,3,"{""attack_ended_at"": 78.0, ""case_opened_at"": 26.0, ""lane_id"": ""g12_g22_0"", ""road_id"": ""g12_g22""}"
cam-1001-veh_010-000040-f4,cam-1001-veh_010-000040,case-grid-1001-veh_010-flood,root-e36d34b8da8b88a19dc51098,1001,veh_010,ps-bf5c5fe0f587553a,CAM,51.0,589.3277522746371,798.4,12.157746191472695,-0.12171550196995184,589.3277522746371,798.4,12.157746191472695,-0.12171550196995184,nonce-e36d34b8da8b88a19dc5,True,False,flood,True,4,"{""attack_ended_at"": 78.0, ""case_opened_at"": 26.0, ""lane_id"": ""g12_g22_0"", ""road_id"": ""g12_g22""}"
cam-1001-veh_011-000039,cam-1001-veh_011-000039,case-grid-1001-veh_011-benign,root-6579d4371cf85e0940130830,1001,veh_011,ps-298210176c98c50a,CAM,51.0,801.6,530.6136062191151,13.423824072259201,0.024081054353153775,801.6,530.6136062191151,13.423824072259201,0.024081054353153775,nonce-6579d4371cf85e094013,True,False,benign,False,0,"{""attack_ended_at"": 51.0, ""case_opened_at"": 51.0, ""lane_id"": ""g21_g22_0"", ""road_id"": ""g21_g22""}"
cam-1001-veh_012-000038,cam-1001-veh_012-000038,case-grid-1001-veh_012-false_denm,root-b33045f4d4d141548a70e29f,1001,veh_012,ps-a2d8503b0d2b7ea8,CAM,51.0,390.1914069746389,398.4,3.5251052343266345,2.0566851711180063,390.1914069746389,398.4,3.5251052343266345,2.0566851711180063,nonce-b33045f4d4d141548a70,True,False,false_denm,True,0,"{""attack_ended_at"": 80.0, ""case_opened_at"": 28.0, ""lane_id"": ""g01_g11_0"", ""road_id"": ""g01_g11""}"
cam-1001-veh_013-000037,cam-1001-veh_013-000037,case-grid-1001-veh_013-benign,root-6417c5dc69c930e25b696904,1001,veh_013,ps-ffb1bac62aa27994,CAM,51.0,408.8976152214571,401.6,3.8885783215055616,1.8727576291160069,408.8976152214571,401.6,3.8885783215055616,1.8727576291160069,nonce-6417c5dc69c930e25b69,True,False,benign,False,0,"{""attack_ended_at"": 51.0, ""case_opened_at"": 51.0, ""lane_id"": ""g21_g11_0"", ""road_id"": ""g21_g11""}"
cam-1001-veh_014-000036-m0,cam-1001-veh_014-000036,case-grid-1001-veh_014-mixed,root-4d34073f5645a88b79456491,1001,veh_014,ps-0c5027fa621fc8a7,DENM,51.0,401.6,496.30359016336666,13.396538522160375,0.0664156219130394,446.6,505.30359016336666,21.396538522160377,0.0664156219130394,nonce-4d34073f5645a88b7945,True,True,mixed,True,0,"{""attack_ended_at"": 82.0, ""case_opened_at"": 30.0, ""lane_id"": ""g11_g12_0"", ""road_id"": ""g11_g12""}"
cam-1001-veh_014-000036-m1,cam-1001-veh_014-000036,case-grid-1001-veh_014-mixed,root-4d34073f5645a88b79456491,1001,veh_014,ps-0c5027fa621fc8a7,DENM,51.0,401.6,496.30359016336666,13.396538522160375,0.0664156219130394,446.6,505.30359016336666,21.396538522160377,0.0664156219130394,nonce-4d34073f5645a88b7945,True,True,mixed,True,1,"{""attack_ended_at"": 82.0, ""case_opened_at"": 30.0, ""lane_id"": ""g11_g12_0"", ""road_id"": ""g11_g12""}"
cam-1001-veh_014-000036-m2,cam-1001-veh_014-000036,case-grid-1001-veh_014-mixed,root-4d34073f5645a88b79456491,1001,veh_014,ps-0c5027fa621fc8a7,DENM,51.0,401.6,496.30359016336666,13.396538522160375,0.0664156219130394,446.6,505.30359016336666,21.396538522160377,0.0664156219130394,nonce-4d34073f5645a88b7945,True,True,mixed,True,2,"{""attack_ended_at"": 82.0, ""case_opened_at"": 30.0, ""lane_id"": ""g11_g12_0"", ""road_id"": ""g11_g12""}"
cam-1001-veh_014-000036-m3,cam-1001-veh_014-000036,case-grid-1001-veh_014-mixed,root-4d34073f5645a88b79456491,1001,veh_014,ps-0c5027fa621fc8a7,DENM,51.0,401.6,496.30359016336666,13.396538522160375,0.0664156219130394,446.6,505.30359016336666,21.396538522160377,0.0664156219130394,nonce-4d34073f5645a88b7945,True,True,mixed,True,3,"{""attack_ended_at"": 82.0, ""case_opened_at"": 30.0, ""lane_id"": ""g11_g12_0"", ""road_id"": ""g11_g12""}"
cam-1001-veh_015-000035,cam-1001-veh_015-000035,case-grid-1001-veh_015-benign,root-8d0916aa7662e599c86e2a21,1001,veh_015,ps-43db3038c74a6947,CAM,51.0,398.4,334.0910068550254,12.696330327200801,-0.5676642176276072,398.4,334.0910068550254,12.696330327200801,-0.5676642176276072,nonce-8d0916aa7662e599c86e,True,False,benign,False,0,"{""attack_ended_at"": 51.0, ""case_opened_at"": 51.0, ""lane_id"": ""g11_g10_0"", ""road_id"": ""g11_g10""}"
cam-1001-veh_016-000034,cam-1001-veh_016-000034,case-grid-1001-veh_016-benign,root-12ec81c025cf385e8a5d578a,1001,veh_016,ps-cbbef243035097ce,CAM,51.0,544.6708877581997,-1.6,12.744634642651556,-0.6560140294775731,544.6708877581997,-1.6,12.744634642651556,-0.6560140294775731,nonce-12ec81c025cf385e8a5d,True,False,benign,False,0,"{""attack_ended_at"": 51.0, ""case_opened_at"": 51.0, ""lane_id"": ""g10_g20_0"", ""road_id"": ""g10_g20""}"
cam-1001-veh_017-000033,cam-1001-veh_017-000033,case-grid-1001-veh_017-benign,root-fc3dce63367a521a38f91e2a,1001,veh_017,ps-c4cb9175e03371fc,CAM,51.0,798.4,323.63936547085257,13.987996820634999,0.1373678210237994,798.4,323.63936547085257,13.987996820634999,0.1373678210237994,nonce-fc3dce63367a521a38f9,True,False,benign,False,0,"{""attack_ended_at"": 51.0, ""case_opened_at"": 51.0, ""lane_id"": ""g21_g20_0"", ""road_id"": ""g21_g20""}"
cam-1001-veh_018-000032,cam-1001-veh_018-000032,case-grid-1001-veh_018-benign,root-9c069391bdf062f832c38712,1001,veh_018,ps-f5eb5907dca15325,CAM,51.0,438.16473354099855,798.4,13.486250918943286,-0.2343314716871827,438.16473354099855,798.4,13.486250918943286,-0.2343314716871827,nonce-9c069391bdf062f832c3,True,False,benign,False,0,"{""attack_ended_at"": 51.0, ""case_opened_at"": 51.0, ""lane_id"": ""g12_g22_0"", ""road_id"": ""g12_g22""}"
cam-1001-veh_019-000031,cam-1001-veh_019-000031,case-grid-1001-veh_019-benign,root-b7974a29b2250a31562be310,1001,veh_019,ps-bfc295509368822d,CAM,51.0,801.6,444.49565896580907,13.909124224226499,-0.2023011063924045,801.6,444.49565896580907,13.909124224226499,-0.2023011063924045,nonce-b7974a29b2250a31562b,True,False,benign,False,0,"{""attack_ended_at"": 51.0, ""case_opened_at"": 51.0, ""lane_id"": ""g21_g22_0"", ""road_id"": ""g21_g22""}"
cam-1001-veh_020-000030,cam-1001-veh_020-000030,case-grid-1001-veh_020-benign,root-c914458fc82b40623fb96fc6,1001,veh_020,ps-ebb98a241b250d58,CAM,51.0,378.33488458402394,398.4,3.855809862328572,-3.677892425433793,378.33488458402394,398.4,3.855809862328572,-3.677892425433793,nonce-c914458fc82b40623fb9,True,False,benign,False,0,"{""attack_ended_at"": 51.0, ""case_opened_at"": 51.0, ""lane_id"": ""g01_g11_0"", ""road_id"": ""g01_g11""}"
cam-1001-veh_021-000029,cam-1001-veh_021-000029,case-grid-1001-veh_021-benign,root-382c0dfb29fa3c6e2c6d2859,1001,veh_021,ps-c17e704b00a194fa,CAM,51.0,420.7745046857723,401.6,1.5285801137759412,1.5280263771167197,420.7745046857723,401.6,1.5285801137759412,1.5280263771167197,nonce-382c0dfb29fa3c6e2c6d,True,False,benign,False,0,"{""attack_ended_at"": 51.0, ""case_opened_at"": 51.0, ""lane_id"": ""g21_g11_0"", ""road_id"": ""g21_g11""}"
cam-1001-veh_022-000028,cam-1001-veh_022-000028,case-grid-1001-veh_022-benign,root-65597d113d357f94ecec69e9,1001,veh_022,ps-37f1e0f2b964b078,CAM,51.0,401.6,460.08161007392,15.97072438544655,-0.3933814214542526,401.6,460.08161007392,15.97072438544655,-0.3933814214542526,nonce-65597d113d357f94ecec,True,False,benign,False,0,"{""attack_ended_at"": 51.0, ""case_opened_at"": 51.0, ""lane_id"": ""g11_g12_0"", ""road_id"": ""g11_g12""}"
cam-1001-veh_023-000027,cam-1001-veh_023-000027,case-grid-1001-veh_023-benign,root-e4fac63d0d669f55757bee3c,1001,veh_023,ps-88766211387813b1,CAM,51.0,398.4,427.1141934320302,13.480909489330731,0.0595758891245346,398.4,427.1141934320302,13.480909489330731,0.0595758891245346,nonce-e4fac63d0d669f55757b,True,False,benign,False,0,"{""attack_ended_at"": 51.0, ""case_opened_at"": 51.0, ""lane_id"": ""g12_g11_0"", ""road_id"": ""g12_g11""}"
cam-1001-veh_000-000051,cam-1001-veh_000-000051,case-grid-1001-veh_000-benign,root-f454733a565f11100f136635,1001,veh_000,ps-0b6a8266609a146f,CAM,52.0,598.8576160323552,-1.6,11.268618890352087,-0.33916646139230444,598.8576160323552,-1.6,11.268618890352087,-0.33916646139230444,nonce-f454733a565f11100f13,True,False,benign,False,0,"{""attack_ended_at"": 52.0, ""case_opened_at"": 52.0, ""lane_id"": ""g10_g20_0"", ""road_id"": ""g10_g20""}"
cam-1001-veh_001-000050,cam-1001-veh_001-000050,case-grid-1001-veh_001-benign,root-47e9b239297139893fe05b22,1001,veh_001,ps-11b4aa50327f89a0,CAM,52.0,798.4,158.63788254130998,12.991437808054894,0.290560926119797,798.4,158.63788254130998,12.991437808054894,0.290560926119797,nonce-47e9b239297139893fe0,True,False,benign,False,0,"{""attack_ended_at"": 52.0, ""case_opened_at"": 52.0, ""lane_id"": ""g21_g20_0"", ""road_id"": ""g21_g20""}"
cam-1001-veh_002-000049,cam-1001-veh_002-000049,case-grid-1001-veh_002-position_offset,root-32d923d1937316d08f75dfba,1001,veh_002,ps-e0bc27433007a32c,CAM,52.0,623.4125367543938,798.4,12.691008347540484,-0.04321639941539601,688.4125367543938,814.65,12.691008347540484,-0.04321639941539601,nonce-32d923d1937316d08f75,True,False,position_offset,True,0,"{""attack_ended_at"": 70.0, ""case_opened_at"": 18.0, ""lane_id"": ""g12_g22_0"", ""road_id"": ""g12_g22""}"
cam-1001-veh_003-000048,cam-1001-veh_003-000048,case-grid-1001-veh_003-benign,root-32e140dcfc4723849fd7ea7c,1001,veh_003,ps-13247f0afc865149,CAM,52.0,801.6,614.30299058753,12.650951879353658,-0.08398182929959219,801.6,614.30299058753,12.650951879353658,-0.08398182929959219,nonce-32e140dcfc4723849fd7,True,False,benign,False,0,"{""attack_ended_at"": 52.0, ""case_opened_at"": 52.0, ""lane_id"": ""g21_g22_0"", ""road_id"": ""g21_g22""}"
cam-1001-veh_004-000047,cam-1001-veh_004-000047,case-grid-1001-veh_004-speed_offset,root-dc8113f58b1d2e7f3f7a617d,1001,veh_004,ps-b7dd5d779d6fb997,CAM,52.0,414.8870183850792,398.4,8.997267909878865,2.4000636823801322,414.8870183850792,398.4,19.997267909878865,2.4000636823801322,nonce-dc8113f58b1d2e7f3f7a,True,False,speed_offset,True,0,"{""attack_ended_at"": 72.0, ""case_opened_at"": 20.0, ""lane_id"": ""g11_g21_0"", ""road_id"": ""g11_g21""}"
cam-1001-veh_005-000046,cam-1001-veh_005-000046,case-grid-1001-veh_005-benign,root-1cf69e8a943092af53693ab3,1001,veh_005,ps-fedb1f4cae953d51,CAM,52.0,386.47163726650047,401.6,8.232107007470914,1.8224074116023266,386.47163726650047,401.6,8.232107007470914,1.8224074116023266,nonce-1cf69e8a943092af5369,True,False,benign,False,0,"{""attack_ended_at"": 52.0, ""case_opened_at"": 52.0, ""lane_id"": ""g11_g01_0"", ""road_id"": ""g11_g01""}"
replay-cam-1001-veh_006-000045,cam-1001-veh_006-000013,case-grid-1001-veh_006-replay,root-5c7a4513fe3be1054abc600a,1001,veh_006,ps-402cdb4ee382d9ca,CAM,20.0,401.6,174.59536314421544,12.798435886765704,0.6172562393965197,401.6,174.59536314421544,12.798435886765704,0.6172562393965197,nonce-5c7a4513fe3be1054abc,True,False,replay,True,8,"{""attack_ended_at"": 20.0, ""case_opened_at"": 20.0, ""lane_id"": ""g10_g11_0"", ""road_id"": ""g10_g11""}"
cam-1001-veh_007-000044,cam-1001-veh_007-000044,case-grid-1001-veh_007-benign,root-6b1e7b17c9780ab2642b4853,1001,veh_007,ps-20a8fd281b9c6e27,CAM,52.0,398.4,232.57413474469388,12.475354191845678,0.04407894814386992,398.4,232.57413474469388,12.475354191845678,0.04407894814386992,nonce-6b1e7b17c9780ab2642b,True,False,benign,False,0,"{""attack_ended_at"": 52.0, ""case_opened_at"": 52.0, ""lane_id"": ""g11_g10_0"", ""road_id"": ""g11_g10""}"
cam-1001-veh_008-000043,cam-1001-veh_008-000043,case-grid-1001-veh_008-certificate_tamper,root-f46a85404e85df026acbd68b,1001,veh_008,ps-0441a16dd8d22b44,CAM,52.0,578.9661212222279,-1.6,11.45118252721663,-0.426372183446313,578.9661212222279,-1.6,11.45118252721663,-0.426372183446313,nonce-f46a85404e85df026acb,False,False,certificate_tamper,True,0,"{""attack_ended_at"": 76.0, ""case_opened_at"": 24.0, ""lane_id"": ""g10_g20_0"", ""road_id"": ""g10_g20""}"
cam-1001-veh_009-000042,cam-1001-veh_009-000042,case-grid-1001-veh_009-benign,root-5fed77cdf60d0d15bb3f86e4,1001,veh_009,ps-8e3b87e1d6235c50,CAM,52.0,798.4,187.6143541137478,14.540097334792101,0.4240608308091769,798.4,187.6143541137478,14.540097334792101,0.4240608308091769,nonce-5fed77cdf60d0d15bb3f,True,False,benign,False,0,"{""attack_ended_at"": 52.0, ""case_opened_at"": 52.0, ""lane_id"": ""g21_g20_0"", ""road_id"": ""g21_g20""}"
cam-1001-veh_010-000041-f0,cam-1001-veh_010-000041,case-grid-1001-veh_010-flood,root-0b60d4dbfc742150bcf5c17f,1001,veh_010,ps-bf5c5fe0f587553a,CAM,52.0,602.1022951817486,798.4,12.774542907111421,0.616796715638726,602.1022951817486,798.4,12.774542907111421,0.616796715638726,nonce-0b60d4dbfc742150bcf5,True,False,flood,True,0,"{""attack_ended_at"": 78.0, ""case_opened_at"": 26.0, ""lane_id"": ""g12_g22_0"", ""road_id"": ""g12_g22""}"
cam-1001-veh_010-000041-f1,cam-1001-veh_010-000041,case-grid-1001-veh_010-flood,root-0b60d4dbfc742150bcf5c17f,1001,veh_010,ps-bf5c5fe0f587553a,CAM,52.0,602.1022951817486,798.4,12.774542907111421,0.616796715638726,602.1022951817486,798.4,12.774542907111421,0.616796715638726,nonce-0b60d4dbfc742150bcf5,True,False,flood,True,1,"{""attack_ended_at"": 78.0, ""case_opened_at"": 26.0, ""lane_id"": ""g12_g22_0"", ""road_id"": ""g12_g22""}"
cam-1001-veh_010-000041-f2,cam-1001-veh_010-000041,case-grid-1001-veh_010-flood,root-0b60d4dbfc742150bcf5c17f,1001,veh_010,ps-bf5c5fe0f587553a,CAM,52.0,602.1022951817486,798.4,12.774542907111421,0.616796715638726,602.1022951817486,798.4,12.774542907111421,0.616796715638726,nonce-0b60d4dbfc742150bcf5,True,False,flood,True,2,"{""attack_ended_at"": 78.0, ""case_opened_at"": 26.0, ""lane_id"": ""g12_g22_0"", ""road_id"": ""g12_g22""}"
cam-1001-veh_010-000041-f3,cam-1001-veh_010-000041,case-grid-1001-veh_010-flood,root-0b60d4dbfc742150bcf5c17f,1001,veh_010,ps-bf5c5fe0f587553a,CAM,52.0,602.1022951817486,798.4,12.774542907111421,0.616796715638726,602.1022951817486,798.4,12.774542907111421,0.616796715638726,nonce-0b60d4dbfc742150bcf5,True,False,flood,True,3,"{""attack_ended_at"": 78.0, ""case_opened_at"": 26.0, ""lane_id"": ""g12_g22_0"", ""road_id"": ""g12_g22""}"
cam-1001-veh_010-000041-f4,cam-1001-veh_010-000041,case-grid-1001-veh_010-flood,root-0b60d4dbfc742150bcf5c17f,1001,veh_010,ps-bf5c5fe0f587553a,CAM,52.0,602.1022951817486,798.4,12.774542907111421,0.616796715638726,602.1022951817486,798.4,12.774542907111421,0.616796715638726,nonce-0b60d4dbfc742150bcf5,True,False,flood,True,4,"{""attack_ended_at"": 78.0, ""case_opened_at"": 26.0, ""lane_id"": ""g12_g22_0"", ""road_id"": ""g12_g22""}"
cam-1001-veh_011-000040,cam-1001-veh_011-000040,case-grid-1001-veh_011-benign,root-427a5d06399fafc8279c8eea,1001,veh_011,ps-298210176c98c50a,CAM,52.0,801.6,544.4164786097203,13.802872390605232,0.37904831834603137,801.6,544.4164786097203,13.802872390605232,0.37904831834603137,nonce-427a5d06399fafc8279c,True,False,benign,False,0,"{""attack_ended_at"": 52.0, ""case_opened_at"": 52.0, ""lane_id"": ""g21_g22_0"", ""road_id"": ""g21_g22""}"
cam-1001-veh_012-000039,cam-1001-veh_012-000039,case-grid-1001-veh_012-false_denm,root-9c44fe00039fcc02d075e07b,1001,veh_012,ps-a2d8503b0d2b7ea8,CAM,52.0,392.04801381997265,398.4,1.8566068453337565,-1.668498388992878,392.04801381997265,398.4,1.8566068453337565,-1.668498388992878,nonce-9c44fe00039fcc02d075,True,False,false_denm,True,0,"{""attack_ended_at"": 80.0, ""case_opened_at"": 28.0, ""lane_id"": ""g01_g11_0"", ""road_id"": ""g01_g11""}"
cam-1001-veh_013-000038,cam-1001-veh_013-000038,case-grid-1001-veh_013-benign,root-d156aa006ca98b3b212308b2,1001,veh_013,ps-ffb1bac62aa27994,CAM,52.0,407.5116103613145,401.6,1.386004860142572,-2.5025734613629895,407.5116103613145,401.6,1.386004860142572,-2.5025734613629895,nonce-d156aa006ca98b3b2123,True,False,benign,False,0,"{""attack_ended_at"": 52.0, ""case_opened_at"": 52.0, ""lane_id"": ""g21_g11_0"", ""road_id"": ""g21_g11""}"
cam-1001-veh_014-000037-m0,cam-1001-veh_014-000037,case-grid-1001-veh_014-mixed,root-ab3e047820ee2610525c3488,1001,veh_014,ps-0c5027fa621fc8a7,DENM,52.0,401.6,510.0149161232147,13.711325959848002,0.3147874376876274,446.6,519.0149161232147,21.711325959848004,0.3147874376876274,nonce-ab3e047820ee2610525c,True,True,mixed,True,0,"{""attack_ended_at"": 82.0, ""case_opened_at"": 30.0, ""lane_id"": ""g11_g12_0"", ""road_id"": ""g11_g12""}"
cam-1001-veh_014-000037-m1,cam-1001-veh_014-000037,case-grid-1001-veh_014-mixed,root-ab3e047820ee2610525c3488,1001,veh_014,ps-0c5027fa621fc8a7,DENM,52.0,401.6,510.0149161232147,13.711325959848002,0.3147874376876274,446.6,519.0149161232147,21.711325959848004,0.3147874376876274,nonce-ab3e047820ee2610525c,True,True,mixed,True,1,"{""attack_ended_at"": 82.0, ""case_opened_at"": 30.0, ""lane_id"": ""g11_g12_0"", ""road_id"": ""g11_g12""}"
cam-1001-veh_014-000037-m2,cam-1001-veh_014-000037,case-grid-1001-veh_014-mixed,root-ab3e047820ee2610525c3488,1001,veh_014,ps-0c5027fa621fc8a7,DENM,52.0,401.6,510.0149161232147,13.711325959848002,0.3147874376876274,446.6,519.0149161232147,21.711325959848004,0.3147874376876274,nonce-ab3e047820ee2610525c,True,True,mixed,True,2,"{""attack_ended_at"": 82.0, ""case_opened_at"": 30.0, ""lane_id"": ""g11_g12_0"", ""road_id"": ""g11_g12""}"
cam-1001-veh_014-000037-m3,cam-1001-veh_014-000037,case-grid-1001-veh_014-mixed,root-ab3e047820ee2610525c3488,1001,veh_014,ps-0c5027fa621fc8a7,DENM,52.0,401.6,510.0149161232147,13.711325959848002,0.3147874376876274,446.6,519.0149161232147,21.711325959848004,0.3147874376876274,nonce-ab3e047820ee2610525c,True,True,mixed,True,3,"{""attack_ended_at"": 82.0, ""case_opened_at"": 30.0, ""lane_id"": ""g11_g12_0"", ""road_id"": ""g11_g12""}"
cam-1001-veh_015-000036,cam-1001-veh_015-000036,case-grid-1001-veh_015-benign,root-38d1fceb72b6c05267a8d6e0,1001,veh_015,ps-43db3038c74a6947,CAM,52.0,398.4,321.47653692493805,12.614469930087314,-0.08186039711348769,398.4,321.47653692493805,12.614469930087314,-0.08186039711348769,nonce-38d1fceb72b6c05267a8,True,False,benign,False,0,"{""attack_ended_at"": 52.0, ""case_opened_at"": 52.0, ""lane_id"": ""g11_g10_0"", ""road_id"": ""g11_g10""}"
cam-1001-veh_016-000035,cam-1001-veh_016-000035,case-grid-1001-veh_016-benign,root-6edcb9070e32e8f6813e6a90,1001,veh_016,ps-cbbef243035097ce,CAM,52.0,557.177964244338,-1.6,12.507076486138333,-0.23755815651322365,557.177964244338,-1.6,12.507076486138333,-0.23755815651322365,nonce-6edcb9070e32e8f6813e,True,False,benign,False,0,"{""attack_ended_at"": 52.0, ""case_opened_at"": 52.0, ""lane_id"": ""g10_g20_0"", ""road_id"": ""g10_g20""}"
cam-1001-veh_017-000034,cam-1001-veh_017-000034,case-grid-1001-veh_017-benign,root-9dc40edb3f018c21f8e8f173,1001,veh_017,ps-c4cb9175e03371fc,CAM,52.0,798.4,309.2946020296598,14.344763441192754,0.3567666205577549,798.4,309.2946020296598,14.344763441192754,0.3567666205577549,nonce-9dc40edb3f018c21f8e8,True,False,benign,False,0,"{""attack_ended_at"": 52.0, ""case_opened_at"": 52.0, ""lane_id"": ""g21_g20_0"", ""road_id"": ""g21_g20""}"
cam-1001-veh_018-000033,cam-1001-veh_018-000033,case-grid-1001-veh_018-benign,root-5a39d2014cc3876de8ef001b,1001,veh_018,ps-f5eb5907dca15325,CAM,52.0,451.59928236392665,798.4,13.434548822928072,-0.05170209601521414,451.59928236392665,798.4,13.434548822928072,-0.05170209601521414,nonce-5a39d2014cc3876de8ef,True,False,benign,False,0,"{""attack_ended_at"": 52.0, ""case_opened_at"": 52.0, ""lane_id"": ""g12_g22_0"", ""road_id"": ""g12_g22""}"
cam-1001-veh_019-000032,cam-1001-veh_019-000032,case-grid-1001-veh_019-benign,root-2aac921eadc2dda58d4cbfe4,1001,veh_019,ps-bfc295509368822d,CAM,52.0,801.6,458.8644363696159,14.368777403806844,0.4596531795803447,801.6,458.8644363696159,14.368777403806844,0.4596531795803447,nonce-2aac921eadc2dda58d4c,True,False,benign,False,0,"{""attack_ended_at"": 52.0, ""case_opened_at"": 52.0, ""lane_id"": ""g21_g22_0"", ""road_id"": ""g21_g22""}"
cam-1001-veh_020-000031,cam-1001-veh_020-000031,case-grid-1001-veh_020-benign,root-bfbd7e236f493419eb4ed85c,1001,veh_020,ps-ebb98a241b250d58,CAM,52.0,382.3451027545669,398.4,4.010218170542947,0.154408308214375,382.3451027545669,398.4,4.010218170542947,0.154408308214375,nonce-bfbd7e236f493419eb4e,True,False,benign,False,0,"{""attack_ended_at"": 52.0, ""case_opened_at"": 52.0, ""lane_id"": ""g01_g11_0"", ""road_id"": ""g01_g11""}"
cam-1001-veh_021-000030,cam-1001-veh_021-000030,case-grid-1001-veh_021-benign,root-92c22a4e2f28418e07ea3ba5,1001,veh_021,ps-c17e704b00a194fa,CAM,52.0,416.8487675284471,401.6,3.925737157325173,2.3971570435492318,416.8487675284471,401.6,3.925737157325173,2.3971570435492318,nonce-92c22a4e2f28418e07ea,True,False,benign,False,0,"{""attack_ended_at"": 52.0, ""case_opened_at"": 52.0, ""lane_id"": ""g21_g11_0"", ""road_id"": ""g21_g11""}"
cam-1001-veh_022-000029,cam-1001-veh_022-000029,case-grid-1001-veh_022-benign,root-eaec65bbb16669326871ca30,1001,veh_022,ps-37f1e0f2b964b078,CAM,52.0,401.6,476.02712333731193,15.945513263391943,-0.02521112205460696,401.6,476.02712333731193,15.945513263391943,-0.02521112205460696,nonce-eaec65bbb16669326871,True,False,benign,False,0,"{""attack_ended_at"": 52.0, ""case_opened_at"": 52.0, ""lane_id"": ""g11_g12_0"", ""road_id"": ""g11_g12""}"
cam-1001-veh_023-000028,cam-1001-veh_023-000028,case-grid-1001-veh_023-benign,root-d7b43f64a8c5d4eabf543e75,1001,veh_023,ps-88766211387813b1,CAM,52.0,398.4,416.13072178289383,10.983471649136371,-2.49743784019436,398.4,416.13072178289383,10.983471649136371,-2.49743784019436,nonce-d7b43f64a8c5d4eabf54,True,False,benign,False,0,"{""attack_ended_at"": 52.0, ""case_opened_at"": 52.0, ""lane_id"": ""g12_g11_0"", ""road_id"": ""g12_g11""}"
cam-1001-veh_000-000052,cam-1001-veh_000-000052,case-grid-1001-veh_000-benign,root-82886e65420faecdd6c93342,1001,veh_000,ps-0b6a8266609a146f,CAM,53.0,610.551049556886,-1.6,11.693433524530851,0.4248146341787642,610.551049556886,-1.6,11.693433524530851,0.4248146341787642,nonce-82886e65420faecdd6c9,True,False,benign,False,0,"{""attack_ended_at"": 53.0, ""case_opened_at"": 53.0, ""lane_id"": ""g10_g20_0"", ""road_id"": ""g10_g20""}"
cam-1001-veh_001-000051,cam-1001-veh_001-000051,case-grid-1001-veh_001-benign,root-3671315f47a81621a75cf88b,1001,veh_001,ps-11b4aa50327f89a0,CAM,53.0,798.4,146.3812999428627,12.256582598447263,-0.7348552096076304,798.4,146.3812999428627,12.256582598447263,-0.7348552096076304,nonce-3671315f47a81621a75c,True,False,benign,False,0,"{""attack_ended_at"": 53.0, ""case_opened_at"": 53.0, ""lane_id"": ""g21_g20_0"", ""road_id"": ""g21_g20""}"
cam-1001-veh_002-000050,cam-1001-veh_002-000050,case-grid-1001-veh_002-position_offset,root-10be1e0e6ceb6feda1d96ce5,1001,veh_002,ps-e0bc27433007a32c,CAM,53.0,636.2323753226383,798.4,12.81983856824445,0.128830220703966,701.2323753226383,814.65,12.81983856824445,0.128830220703966,nonce-10be1e0e6ceb6feda1d9,True,False,position_offset,True,0,"{""attack_ended_at"": 70.0, ""case_opened_at"": 18.0, ""lane_id"": ""g12_g22_0"", ""road_id"": ""g12_g22""}"
cam-1001-veh_003-000049,cam-1001-veh_003-000049,case-grid-1001-veh_003-benign,root-de4c189f8b35acd3fa263083,1001,veh_003,ps-13247f0afc865149,CAM,53.0,801.6,626.9034322241207,12.600441636590682,-0.05051024276297511,801.6,626.9034322241207,12.600441636590682,-0.05051024276297511,nonce-de4c189f8b35acd3fa26,True,False,benign,False,0,"{""attack_ended_at"": 53.0, ""case_opened_at"": 53.0, ""lane_id"": ""g21_g22_0"", ""road_id"": ""g21_g22""}"
cam-1001-veh_004-000048,cam-1001-veh_004-000048,case-grid-1001-veh_004-speed_offset,root-f22a34e14da40c2233631fe8,1001,veh_004,ps-b7dd5d779d6fb997,CAM,53.0,426.2370547181987,398.4,11.350036333119496,2.352768423240631,426.2370547181987,398.4,22.350036333119498,2.352768423240631,nonce-f22a34e14da40c223363,True,False,speed_offset,True,0,"{""attack_ended_at"": 72.0, ""case_opened_at"": 20.0, ""lane_id"": ""g11_g21_0"", ""road_id"": ""g11_g21""}"
cam-1001-veh_005-000047,cam-1001-veh_005-000047,case-grid-1001-veh_005-benign,root-66a7fc45ef34f929d3dae3f1,1001,veh_005,ps-fedb1f4cae953d51,CAM,53.0,375.96397847907485,401.6,10.507658787425608,2.2755517799546947,375.96397847907485,401.6,10.507658787425608,2.2755517799546947,nonce-66a7fc45ef34f929d3da,True,False,benign,False,0,"{""attack_ended_at"": 53.0, ""case_opened_at"": 53.0, ""lane_id"": ""g11_g01_0"", ""road_id"": ""g11_g01""}"
replay-cam-1001-veh_006-000046,cam-1001-veh_006-000014,case-grid-1001-veh_006-replay,root-faba00bbc28a3744e084f767,1001,veh_006,ps-402cdb4ee382d9ca,CAM,21.0,401.6,186.88279930842586,12.287436164210424,-0.5109997225552796,401.6,186.88279930842586,12.287436164210424,-0.5109997225552796,nonce-faba00bbc28a3744e084,True,False,replay,True,8,"{""attack_ended_at"": 21.0, ""case_opened_at"": 21.0, ""lane_id"": ""g10_g11_0"", ""road_id"": ""g10_g11""}"
cam-1001-veh_007-000045,cam-1001-veh_007-000045,case-grid-1001-veh_007-benign,root-8f49e76dc33c49072698d77b,1001,veh_007,ps-20a8fd281b9c6e27,CAM,53.0,398.4,220.04094375388786,12.533190990806022,0.057836798960343216,398.4,220.04094375388786,12.533190990806022,0.057836798960343216,nonce-8f49e76dc33c49072698,True,False,benign,False,0,"{""attack_ended_at"": 53.0, ""case_opened_at"": 53.0, ""lane_id"": ""g11_g10_0"", ""road_id"": ""g11_g10""}"
cam-1001-veh_008-000044,cam-1001-veh_008-000044,case-grid-1001-veh_008-certificate_tamper,root-cadf0b670ce886a67217bb37,1001,veh_008,ps-0441a16dd8d22b44,CAM,53.0,590.4022507108481,-1.6,11.43612948862014,-0.01505303859649132,590.4022507108481,-1.6,11.43612948862014,-0.01505303859649132,nonce-cadf0b670ce886a67217,False,False,certificate_tamper,True,0,"{""attack_ended_at"": 76.0, ""case_opened_at"": 24.0, ""lane_id"": ""g10_g20_0"", ""road_id"": ""g10_g20""}"
cam-1001-veh_009-000043,cam-1001-veh_009-000043,case-grid-1001-veh_009-benign,root-48076c292619447255dc38a1,1001,veh_009,ps-8e3b87e1d6235c50,CAM,53.0,798.4,173.16095045009183,14.453403663655937,-0.08669367113616389,798.4,173.16095045009183,14.453403663655937,-0.08669367113616389,nonce-48076c292619447255dc,True,False,benign,False,0,"{""attack_ended_at"": 53.0, ""case_opened_at"": 53.0, ""lane_id"": ""g21_g20_0"", ""road_id"": ""g21_g20""}"
cam-1001-veh_010-000042-f0,cam-1001-veh_010-000042,case-grid-1001-veh_010-flood,root-b0d256580732d95dcf1c5519,1001,veh_010,ps-bf5c5fe0f587553a,CAM,53.0,614.8153327769754,798.4,12.713037595226893,-0.06150531188452746,614.8153327769754,798.4,12.713037595226893,-0.06150531188452746,nonce-b0d256580732d95dcf1c,True,False,flood,True,0,"{""attack_ended_at"": 78.0, ""case_opened_at"": 26.0, ""lane_id"": ""g12_g22_0"", ""road_id"": ""g12_g22""}"
cam-1001-veh_010-000042-f1,cam-1001-veh_010-000042,case-grid-1001-veh_010-flood,root-b0d256580732d95dcf1c5519,1001,veh_010,ps-bf5c5fe0f587553a,CAM,53.0,614.8153327769754,798.4,12.713037595226893,-0.06150531188452746,614.8153327769754,798.4,12.713037595226893,-0.06150531188452746,nonce-b0d256580732d95dcf1c,True,False,flood,True,1,"{""attack_ended_at"": 78.0, ""case_opened_at"": 26.0, ""lane_id"": ""g12_g22_0"", ""road_id"": ""g12_g22""}"
cam-1001-veh_010-000042-f2,cam-1001-veh_010-000042,case-grid-1001-veh_010-flood,root-b0d256580732d95dcf1c5519,1001,veh_010,ps-bf5c5fe0f587553a,CAM,53.0,614.8153327769754,798.4,12.713037595226893,-0.06150531188452746,614.8153327769754,798.4,12.713037595226893,-0.06150531188452746,nonce-b0d256580732d95dcf1c,True,False,flood,True,2,"{""attack_ended_at"": 78.0, ""case_opened_at"": 26.0, ""lane_id"": ""g12_g22_0"", ""road_id"": ""g12_g22""}"
cam-1001-veh_010-000042-f3,cam-1001-veh_010-000042,case-grid-1001-veh_010-flood,root-b0d256580732d95dcf1c5519,1001,veh_010,ps-bf5c5fe0f587553a,CAM,53.0,614.8153327769754,798.4,12.713037595226893,-0.06150531188452746,614.8153327769754,798.4,12.713037595226893,-0.06150531188452746,nonce-b0d256580732d95dcf1c,True,False,flood,True,3,"{""attack_ended_at"": 78.0, ""case_opened_at"": 26.0, ""lane_id"": ""g12_g22_0"", ""road_id"": ""g12_g22""}"
cam-1001-veh_010-000042-f4,cam-1001-veh_010-000042,case-grid-1001-veh_010-flood,root-b0d256580732d95dcf1c5519,1001,veh_010,ps-bf5c5fe0f587553a,CAM,53.0,614.8153327769754,798.4,12.713037595226893,-0.06150531188452746,614.8153327769754,798.4,12.713037595226893,-0.06150531188452746,nonce-b0d256580732d95dcf1c,True,False,flood,True,4,"{""attack_ended_at"": 78.0, ""case_opened_at"": 26.0, ""lane_id"": ""g12_g22_0"", ""road_id"": ""g12_g22""}"
cam-1001-veh_011-000041,cam-1001-veh_011-000041,case-grid-1001-veh_011-benign,root-7c8c7ea33c49d1ca71960e72,1001,veh_011,ps-298210176c98c50a,CAM,53.0,801.6,558.0846197686352,13.668141158914848,-0.1347312316903846,801.6,558.0846197686352,13.668141158914848,-0.1347312316903846,nonce-7c8c7ea33c49d1ca7196,True,False,benign,False,0,"{""attack_ended_at"": 53.0, ""case_opened_at"": 53.0, ""lane_id"": ""g21_g22_0"", ""road_id"": ""g21_g22""}"
cam-1001-veh_012-000040,cam-1001-veh_012-000040,case-grid-1001-veh_012-false_denm,root-d9f157e020a382132b0945ca,1001,veh_012,ps-a2d8503b0d2b7ea8,DENM,53.0,392.6674347488598,398.4,0.6194209288871838,-1.2371859164465726,392.6674347488598,398.4,0.6194209288871838,-1.2371859164465726,nonce-d9f157e020a382132b09,True,True,false_denm,True,0,"{""attack_ended_at"": 80.0, ""case_opened_at"": 28.0, ""lane_id"": ""g01_g11_0"", ""road_id"": ""g01_g11""}"
cam-1001-veh_013-000039,cam-1001-veh_013-000039,case-grid-1001-veh_013-benign,root-47d0ff1ac1dddaeae9de9dae,1001,veh_013,ps-ffb1bac62aa27994,CAM,53.0,407.3579380754194,401.6,0.1536722858951222,-1.2323325742474498,407.3579380754194,401.6,0.1536722858951222,-1.2323325742474498,nonce-47d0ff1ac1dddaeae9de,True,False,benign,False,0,"{""attack_ended_at"": 53.0, ""case_opened_at"": 53.0, ""lane_id"": ""g21_g11_0"", ""road_id"": ""g21_g11""}"
cam-1001-veh_014-000038-m0,cam-1001-veh_014-000038,case-grid-1001-veh_014-mixed,root-cbb794ebcdd769b4b8085fae,1001,veh_014,ps-0c5027fa621fc8a7,DENM,53.0,401.6,523.4766294641684,13.461713340953686,-0.24961261889431618,446.6,532.4766294641684,21.461713340953686,-0.24961261889431618,nonce-cbb794ebcdd769b4b808,True,True,mixed,True,0,"{""attack_ended_at"": 82.0, ""case_opened_at"": 30.0, ""lane_id"": ""g11_g12_0"", ""road_id"": ""g11_g12""}"
cam-1001-veh_014-000038-m1,cam-1001-veh_014-000038,case-grid-1001-veh_014-mixed,root-cbb794ebcdd769b4b8085fae,1001,veh_014,ps-0c5027fa621fc8a7,DENM,53.0,401.6,523.4766294641684,13.461713340953686,-0.24961261889431618,446.6,532.4766294641684,21.461713340953686,-0.24961261889431618,nonce-cbb794ebcdd769b4b808,True,True,mixed,True,1,"{""attack_ended_at"": 82.0, ""case_opened_at"": 30.0, ""lane_id"": ""g11_g12_0"", ""road_id"": ""g11_g12""}"
cam-1001-veh_014-000038-m2,cam-1001-veh_014-000038,case-grid-1001-veh_014-mixed,root-cbb794ebcdd769b4b8085fae,1001,veh_014,ps-0c5027fa621fc8a7,DENM,53.0,401.6,523.4766294641684,13.461713340953686,-0.24961261889431618,446.6,532.4766294641684,21.461713340953686,-0.24961261889431618,nonce-cbb794ebcdd769b4b808,True,True,mixed,True,2,"{""attack_ended_at"": 82.0, ""case_opened_at"": 30.0, ""lane_id"": ""g11_g12_0"", ""road_id"": ""g11_g12""}"
cam-1001-veh_014-000038-m3,cam-1001-veh_014-000038,case-grid-1001-veh_014-mixed,root-cbb794ebcdd769b4b8085fae,1001,veh_014,ps-0c5027fa621fc8a7,DENM,53.0,401.6,523.4766294641684,13.461713340953686,-0.24961261889431618,446.6,532.4766294641684,21.461713340953686,-0.24961261889431618,nonce-cbb794ebcdd769b4b808,True,True,mixed,True,3,"{""attack_ended_at"": 82.0, ""case_opened_at"": 30.0, ""lane_id"": ""g11_g12_0"", ""road_id"": ""g11_g12""}"
cam-1001-veh_015-000037,cam-1001-veh_015-000037,case-grid-1001-veh_015-benign,root-da242f0af3133073bcbc140b,1001,veh_015,ps-43db3038c74a6947,CAM,53.0,398.4,308.8873995128891,12.589137412048974,-0.025332518038339913,398.4,308.8873995128891,12.589137412048974,-0.025332518038339913,nonce-da242f0af3133073bcbc,True,False,benign,False,0,"{""attack_ended_at"": 53.0, ""case_opened_at"": 53.0, ""lane_id"": ""g11_g10_0"", ""road_id"": ""g11_g10""}"
cam-1001-veh_016-000036,cam-1001-veh_016-000036,case-grid-1001-veh_016-benign,root-f08604d2c75fe23433107b85,1001,veh_016,ps-cbbef243035097ce,CAM,53.0,568.9351394914686,-1.6,11.757175247130563,-0.7499012390077695,568.9351394914686,-1.6,11.757175247130563,-0.7499012390077695,nonce-f08604d2c75fe2343310,True,False,benign,False,0,"{""attack_ended_at"": 53.0, ""case_opened_at"": 53.0, ""lane_id"": ""g10_g20_0"", ""road_id"": ""g10_g20""}"
cam-1001-veh_017-000035,cam-1001-veh_017-000035,case-grid-1001-veh_017-benign,root-79612331aa65ed2e383a7988,1001,veh_017,ps-c4cb9175e03371fc,CAM,53.0,798.4,294.7419906430004,14.552611386659391,0.20784794546663754,798.4,294.7419906430004,14.552611386659391,0.20784794546663754,nonce-79612331aa65ed2e383a,True,False,benign,False,0,"{""attack_ended_at"": 53.0, ""case_opened_at"": 53.0, ""lane_id"": ""g21_g20_0"", ""road_id"": ""g21_g20""}"
cam-1001-veh_018-000034,cam-1001-veh_018-000034,case-grid-1001-veh_018-benign,root-32ff5ad27656031d2e811429,1001,veh_018,ps-f5eb5907dca15325,CAM,53.0,465.20336007456433,798.4,13.604077710637675,0.16952888770960328,465.20336007456433,798.4,13.604077710637675,0.16952888770960328,nonce-32ff5ad27656031d2e81,True,False,benign,False,0,"{""attack_ended_at"": 53.0, ""case_opened_at"": 53.0, ""lane_id"": ""g12_g22_0"", ""road_id"": ""g12_g22""}"
cam-1001-veh_019-000033,cam-1001-veh_019-000033,case-grid-1001-veh_019-benign,root-493d91f5d1cfe35e57a6df1d,1001,veh_019,ps-bfc295509368822d,CAM,53.0,801.6,472.7340469981235,13.869610628507608,-0.49916677529923525,801.6,472.7340469981235,13.869610628507608,-0.49916677529923525,nonce-493d91f5d1cfe35e57a6,True,False,benign,False,0,"{""attack_ended_at"": 53.0, ""case_opened_at"": 53.0, ""lane_id"": ""g21_g22_0"", ""road_id"": ""g21_g22""}"
cam-1001-veh_020-000032,cam-1001-veh_020-000032,case-grid-1001-veh_020-benign,root-03202bb082492e8efe19a178,1001,veh_020,ps-ebb98a241b250d58,CAM,53.0,384.11230308569776,398.4,1.767200331130865,-2.243017839412082,384.11230308569776,398.4,1.767200331130865,-2.243017839412082,nonce-03202bb082492e8efe19,True,False,benign,False,0,"{""attack_ended_at"": 53.0, ""case_opened_at"": 53.0, ""lane_id"": ""g01_g11_0"", ""road_id"": ""g01_g11""}"
cam-1001-veh_021-000031,cam-1001-veh_021-000031,case-grid-1001-veh_021-benign,root-bc5c2e725ebd0b337832a838,1001,veh_021,ps-c17e704b00a194fa,CAM,53.0,415.0686100564949,401.6,1.7801574719522437,-2.1455796853729296,415.0686100564949,401.6,1.7801574719522437,-2.1455796853729296,nonce-bc5c2e725ebd0b337832,True,False,benign,False,0,"{""attack_ended_at"": 53.0, ""case_opened_at"": 53.0, ""lane_id"": ""g21_g11_0"", ""road_id"": ""g21_g11""}"
cam-1001-veh_022-000030,cam-1001-veh_022-000030,case-grid-1001-veh_022-benign,root-7b1a9461f88c6f7a45a36b3a,1001,veh_022,ps-37f1e0f2b964b078,CAM,53.0,401.6,492.13070555016765,16.10358221285572,0.15806894946377703,401.6,492.13070555016765,16.10358221285572,0.15806894946377703,nonce-7b1a9461f88c6f7a45a3,True,False,benign,False,0,"{""attack_ended_at"": 53.0, ""case_opened_at"": 53.0, ""lane_id"": ""g11_g12_0"", ""road_id"": ""g11_g12""}"
cam-1001-veh_023-000029,cam-1001-veh_023-000029,case-grid-1001-veh_023-benign,root-75df871ad6cdb877f9942983,1001,veh_023,ps-88766211387813b1,CAM,53.0,398.4,402.75895327283536,13.371768510058498,2.388296860922127,398.4,402.75895327283536,13.371768510058498,2.388296860922127,nonce-75df871ad6cdb877f994,True,False,benign,False,0,"{""attack_ended_at"": 53.0, ""case_opened_at"": 53.0, ""lane_id"": "":g11_1_0"", ""road_id"": "":g11_1""}"
cam-1001-veh_000-000053,cam-1001-veh_000-000053,case-grid-1001-veh_000-benign,root-42a0d02cd5814a34fa852d4c,1001,veh_000,ps-0b6a8266609a146f,CAM,54.0,622.2341705802155,-1.6,11.683121023329445,-0.010312501201406477,622.2341705802155,-1.6,11.683121023329445,-0.010312501201406477,nonce-42a0d02cd5814a34fa85,True,False,benign,False,0,"{""attack_ended_at"": 54.0, ""case_opened_at"": 54.0, ""lane_id"": ""g10_g20_0"", ""road_id"": ""g10_g20""}"
cam-1001-veh_001-000052,cam-1001-veh_001-000052,case-grid-1001-veh_001-benign,root-2dff5f9e6908b00331b8a909,1001,veh_001,ps-11b4aa50327f89a0,CAM,54.0,798.4,134.02095111866674,12.36034882419596,0.10376622574869643,798.4,134.02095111866674,12.36034882419596,0.10376622574869643,nonce-2dff5f9e6908b00331b8,True,False,benign,False,0,"{""attack_ended_at"": 54.0, ""case_opened_at"": 54.0, ""lane_id"": ""g21_g20_0"", ""road_id"": ""g21_g20""}"
cam-1001-veh_002-000051,cam-1001-veh_002-000051,case-grid-1001-veh_002-position_offset,root-28b4a1b7009ad582041ff4c0,1001,veh_002,ps-e0bc27433007a32c,CAM,54.0,649.1550805700147,798.4,12.922705247376435,0.102866679131985,714.1550805700147,814.65,12.922705247376435,0.102866679131985,nonce-28b4a1b7009ad582041f,True,False,position_offset,True,0,"{""attack_ended_at"": 70.0, ""case_opened_at"": 18.0, ""lane_id"": ""g12_g22_0"", ""road_id"": ""g12_g22""}"
cam-1001-veh_003-000050,cam-1001-veh_003-000050,case-grid-1001-veh_003-benign,root-36211154fa4830e08a05793e,1001,veh_003,ps-13247f0afc865149,CAM,54.0,801.6,639.2499104967212,12.346478272600494,-0.25396336399018793,801.6,639.2499104967212,12.346478272600494,-0.25396336399018793,nonce-36211154fa4830e08a05,True,False,benign,False,0,"{""attack_ended_at"": 54.0, ""case_opened_at"": 54.0, ""lane_id"": ""g21_g22_0"", ""road_id"": ""g21_g22""}"
cam-1001-veh_004-000049,cam-1001-veh_004-000049,case-grid-1001-veh_004-speed_offset,root-703b5672793e83632c8c6e21,1001,veh_004,ps-b7dd5d779d6fb997,CAM,54.0,439.37050873973556,398.4,13.133454021536842,1.7834176884173463,439.37050873973556,398.4,24.133454021536842,1.7834176884173463,nonce-703b5672793e83632c8c,True,False,speed_offset,True,0,"{""attack_ended_at"": 72.0, ""case_opened_at"": 20.0, ""lane_id"": ""g11_g21_0"", ""road_id"": ""g11_g21""}"
cam-1001-veh_005-000048,cam-1001-veh_005-000048,case-grid-1001-veh_005-benign,root-7ff84e12d251b345be010a90,1001,veh_005,ps-fedb1f4cae953d51,CAM,54.0,363.345750408297,401.6,12.61822807077784,2.1105692833522323,363.345750408297,401.6,12.61822807077784,2.1105692833522323,nonce-7ff84e12d251b345be01,True,False,benign,False,0,"{""attack_ended_at"": 54.0, ""case_opened_at"": 54.0, ""lane_id"": ""g11_g01_0"", ""road_id"": ""g11_g01""}"
replay-cam-1001-veh_006-000047,cam-1001-veh_006-000011,case-grid-1001-veh_006-replay,root-55cf5c413e6560d70ca215ff,1001,veh_006,ps-402cdb4ee382d9ca,CAM,18.0,401.6,149.61574761008055,12.427882390090138,0.2817533832695336,401.6,149.61574761008055,12.427882390090138,0.2817533832695336,nonce-55cf5c413e6560d70ca2,True,False,replay,True,9,"{""attack_ended_at"": 18.0, ""case_opened_at"": 18.0, ""lane_id"": ""g10_g11_0"", ""road_id"": ""g10_g11""}"
cam-1001-veh_007-000046,cam-1001-veh_007-000046,case-grid-1001-veh_007-benign,root-5ac82a4929f1ffa2b9593ed0,1001,veh_007,ps-20a8fd281b9c6e27,CAM,54.0,398.4,207.76375454465165,12.277189209236226,-0.25600178156979503,398.4,207.76375454465165,12.277189209236226,-0.25600178156979503,nonce-5ac82a4929f1ffa2b959,True,False,benign,False,0,"{""attack_ended_at"": 54.0, ""case_opened_at"": 54.0, ""lane_id"": ""g11_g10_0"", ""road_id"": ""g11_g10""}"
cam-1001-veh_008-000045,cam-1001-veh_008-000045,case-grid-1001-veh_008-certificate_tamper,root-6a82f0efe24128defe44f7dc,1001,veh_008,ps-0441a16dd8d22b44,CAM,54.0,601.9048085905996,-1.6,11.502557879751505,0.06642839113136567,601.9048085905996,-1.6,11.502557879751505,0.06642839113136567,nonce-6a82f0efe24128defe44,False,False,certificate_tamper,True,0,"{""attack_ended_at"": 76.0, ""case_opened_at"": 24.0, ""lane_id"": ""g10_g20_0"", ""road_id"": ""g10_g20""}"
cam-1001-veh_009-000044,cam-1001-veh_009-000044,case-grid-1001-veh_009-benign,root-d8d78d06d062db97e6a65103,1001,veh_009,ps-8e3b87e1d6235c50,CAM,54.0,798.4,158.86762837109234,14.293322078999498,-0.16008158465643874,798.4,158.86762837109234,14.293322078999498,-0.16008158465643874,nonce-d8d78d06d062db97e6a6,True,False,benign,False,0,"{""attack_ended_at"": 54.0, ""case_opened_at"": 54.0, ""lane_id"": ""g21_g20_0"", ""road_id"": ""g21_g20""}"
cam-1001-veh_010-000043-f0,cam-1001-veh_010-000043,case-grid-1001-veh_010-flood,root-a8e0c709678ac1b601eb641d,1001,veh_010,ps-bf5c5fe0f587553a,CAM,54.0,627.821505251226,798.4,13.006172474250613,0.2931348790237198,627.821505251226,798.4,13.006172474250613,0.2931348790237198,nonce-a8e0c709678ac1b601eb,True,False,flood,True,0,"{""attack_ended_at"": 78.0, ""case_opened_at"": 26.0, ""lane_id"": ""g12_g22_0"", ""road_id"": ""g12_g22""}"
cam-1001-veh_010-000043-f1,cam-1001-veh_010-000043,case-grid-1001-veh_010-flood,root-a8e0c709678ac1b601eb641d,1001,veh_010,ps-bf5c5fe0f587553a,CAM,54.0,627.821505251226,798.4,13.006172474250613,0.2931348790237198,627.821505251226,798.4,13.006172474250613,0.2931348790237198,nonce-a8e0c709678ac1b601eb,True,False,flood,True,1,"{""attack_ended_at"": 78.0, ""case_opened_at"": 26.0, ""lane_id"": ""g12_g22_0"", ""road_id"": ""g12_g22""}"
cam-1001-veh_010-000043-f2,cam-1001-veh_010-000043,case-grid-1001-veh_010-flood,root-a8e0c709678ac1b601eb641d,1001,veh_010,ps-bf5c5fe0f587553a,CAM,54.0,627.821505251226,798.4,13.006172474250613,0.2931348790237198,627.821505251226,798.4,13.006172474250613,0.2931348790237198,nonce-a8e0c709678ac1b601eb,True,False,flood,True,2,"{""attack_ended_at"": 78.0, ""case_opened_at"": 26.0, ""lane_id"": ""g12_g22_0"", ""road_id"": ""g12_g22""}"
cam-1001-veh_010-000043-f3,cam-1001-veh_010-000043,case-grid-1001-veh_010-flood,root-a8e0c709678ac1b601eb641d,1001,veh_010,ps-bf5c5fe0f587553a,CAM,54.0,627.821505251226,798.4,13.006172474250613,0.2931348790237198,627.821505251226,798.4,13.006172474250613,0.2931348790237198,nonce-a8e0c709678ac1b601eb,True,False,flood,True,3,"{""attack_ended_at"": 78.0, ""case_opened_at"": 26.0, ""lane_id"": ""g12_g22_0"", ""road_id"": ""g12_g22""}"
cam-1001-veh_010-000043-f4,cam-1001-veh_010-000043,case-grid-1001-veh_010-flood,root-a8e0c709678ac1b601eb641d,1001,veh_010,ps-bf5c5fe0f587553a,CAM,54.0,627.821505251226,798.4,13.006172474250613,0.2931348790237198,627.821505251226,798.4,13.006172474250613,0.2931348790237198,nonce-a8e0c709678ac1b601eb,True,False,flood,True,4,"{""attack_ended_at"": 78.0, ""case_opened_at"": 26.0, ""lane_id"": ""g12_g22_0"", ""road_id"": ""g12_g22""}"
cam-1001-veh_011-000042,cam-1001-veh_011-000042,case-grid-1001-veh_011-benign,root-573821a0d86b4cbab914a8ed,1001,veh_011,ps-298210176c98c50a,CAM,54.0,801.6,571.3691256221929,13.284505853557683,-0.3836353053571653,801.6,571.3691256221929,13.284505853557683,-0.3836353053571653,nonce-573821a0d86b4cbab914,True,False,benign,False,0,"{""attack_ended_at"": 54.0, ""case_opened_at"": 54.0, ""lane_id"": ""g21_g22_0"", ""road_id"": ""g21_g22""}"
cam-1001-veh_012-000041,cam-1001-veh_012-000041,case-grid-1001-veh_012-false_denm,root-5ac60ac7818a25711c58d758,1001,veh_012,ps-a2d8503b0d2b7ea8,CAM,54.0,394.2898477522919,398.4,1.622413003432096,1.0029920745449123,394.2898477522919,398.4,1.622413003432096,1.0029920745449123,nonce-5ac60ac7818a25711c58,True,False,false_denm,True,0,"{""attack_ended_at"": 80.0, ""case_opened_at"": 28.0, ""lane_id"": "":g11_10_0"", ""road_id"": "":g11_10""}"
cam-1001-veh_013-000040,cam-1001-veh_013-000040,case-grid-1001-veh_013-benign,root-50089c358dad0daa42ec8127,1001,veh_013,ps-ffb1bac62aa27994,CAM,54.0,405.0349359224779,401.6,2.3230021529414486,2.1693298670463266,405.0349359224779,401.6,2.3230021529414486,2.1693298670463266,nonce-50089c358dad0daa42ec,True,False,benign,False,0,"{""attack_ended_at"": 54.0, ""case_opened_at"": 54.0, ""lane_id"": "":g11_4_0"", ""road_id"": "":g11_4""}"
cam-1001-veh_014-000039-m0,cam-1001-veh_014-000039,case-grid-1001-veh_014-mixed,root-2e8ac49bbe793eb704f2d3f7,1001,veh_014,ps-0c5027fa621fc8a7,DENM,54.0,401.6,537.0678152329558,13.591185768787511,0.12947242783382507,446.6,546.0678152329558,21.59118576878751,0.12947242783382507,nonce-2e8ac49bbe793eb704f2,True,True,mixed,True,0,"{""attack_ended_at"": 82.0, ""case_opened_at"": 30.0, ""lane_id"": ""g11_g12_0"", ""road_id"": ""g11_g12""}"
cam-1001-veh_014-000039-m1,cam-1001-veh_014-000039,case-grid-1001-veh_014-mixed,root-2e8ac49bbe793eb704f2d3f7,1001,veh_014,ps-0c5027fa621fc8a7,DENM,54.0,401.6,537.0678152329558,13.591185768787511,0.12947242783382507,446.6,546.0678152329558,21.59118576878751,0.12947242783382507,nonce-2e8ac49bbe793eb704f2,True,True,mixed,True,1,"{""attack_ended_at"": 82.0, ""case_opened_at"": 30.0, ""lane_id"": ""g11_g12_0"", ""road_id"": ""g11_g12""}"
cam-1001-veh_014-000039-m2,cam-1001-veh_014-000039,case-grid-1001-veh_014-mixed,root-2e8ac49bbe793eb704f2d3f7,1001,veh_014,ps-0c5027fa621fc8a7,DENM,54.0,401.6,537.0678152329558,13.591185768787511,0.12947242783382507,446.6,546.0678152329558,21.59118576878751,0.12947242783382507,nonce-2e8ac49bbe793eb704f2,True,True,mixed,True,2,"{""attack_ended_at"": 82.0, ""case_opened_at"": 30.0, ""lane_id"": ""g11_g12_0"", ""road_id"": ""g11_g12""}"
cam-1001-veh_014-000039-m3,cam-1001-veh_014-000039,case-grid-1001-veh_014-mixed,root-2e8ac49bbe793eb704f2d3f7,1001,veh_014,ps-0c5027fa621fc8a7,DENM,54.0,401.6,537.0678152329558,13.591185768787511,0.12947242783382507,446.6,546.0678152329558,21.59118576878751,0.12947242783382507,nonce-2e8ac49bbe793eb704f2,True,True,mixed,True,3,"{""attack_ended_at"": 82.0, ""case_opened_at"": 30.0, ""lane_id"": ""g11_g12_0"", ""road_id"": ""g11_g12""}"
cam-1001-veh_015-000038,cam-1001-veh_015-000038,case-grid-1001-veh_015-benign,root-a69433f4e490ce2afb7ebadb,1001,veh_015,ps-43db3038c74a6947,CAM,54.0,398.4,296.30786019596377,12.579539316925318,-0.00959809512365517,398.4,296.30786019596377,12.579539316925318,-0.00959809512365517,nonce-a69433f4e490ce2afb7e,True,False,benign,False,0,"{""attack_ended_at"": 54.0, ""case_opened_at"": 54.0, ""lane_id"": ""g11_g10_0"", ""road_id"": ""g11_g10""}"
cam-1001-veh_016-000037,cam-1001-veh_016-000037,case-grid-1001-veh_016-benign,root-45afd0bc2446535d1741b78c,1001,veh_016,ps-cbbef243035097ce,CAM,54.0,580.5126251368155,-1.6,11.577485645346885,-0.17968960178367865,580.5126251368155,-1.6,11.577485645346885,-0.17968960178367865,nonce-45afd0bc2446535d1741,True,False,benign,False,0,"{""attack_ended_at"": 54.0, ""case_opened_at"": 54.0, ""lane_id"": ""g10_g20_0"", ""road_id"": ""g10_g20""}"
cam-1001-veh_017-000036,cam-1001-veh_017-000036,case-grid-1001-veh_017-benign,root-6a900d9bd4a7ca43a23307ae,1001,veh_017,ps-c4cb9175e03371fc,CAM,54.0,798.4,280.6878674495373,14.054123193463147,-0.4984881931962448,798.4,280.6878674495373,14.054123193463147,-0.4984881931962448,nonce-6a900d9bd4a7ca43a233,True,False,benign,False,0,"{""attack_ended_at"": 54.0, ""case_opened_at"": 54.0, ""lane_id"": ""g21_g20_0"", ""road_id"": ""g21_g20""}"
cam-1001-veh_018-000035,cam-1001-veh_018-000035,case-grid-1001-veh_018-benign,root-1a331d6c8a10cd92ff7314a2,1001,veh_018,ps-f5eb5907dca15325,CAM,54.0,478.7284671192237,798.4,13.525107044659407,-0.07897066597826807,478.7284671192237,798.4,13.525107044659407,-0.07897066597826807,nonce-1a331d6c8a10cd92ff73,True,False,benign,False,0,"{""attack_ended_at"": 54.0, ""case_opened_at"": 54.0, ""lane_id"": ""g12_g22_0"", ""road_id"": ""g12_g22""}"
cam-1001-veh_019-000034,cam-1001-veh_019-000034,case-grid-1001-veh_019-benign,root-bc828cb72a1d2f2011a99632,1001,veh_019,ps-bfc295509368822d,CAM,54.0,801.6,486.5950256016435,13.860978603520007,-0.008632024987601739,801.6,486.5950256016435,13.860978603520007,-0.008632024987601739,nonce-bc828cb72a1d2f2011a9,True,False,benign,False,0,"{""attack_ended_at"": 54.0, ""case_opened_at"": 54.0, ""lane_id"": ""g21_g22_0"", ""road_id"": ""g21_g22""}"
cam-1001-veh_020-000033,cam-1001-veh_020-000033,case-grid-1001-veh_020-benign,root-bdfa05421e42974a88109782,1001,veh_020,ps-ebb98a241b250d58,CAM,54.0,385.1512043333399,398.4,1.0389012476421147,-0.7282990834887504,385.1512043333399,398.4,1.0389012476421147,-0.7282990834887504,nonce-bdfa05421e42974a8810,True,False,benign,False,0,"{""attack_ended_at"": 54.0, ""case_opened_at"": 54.0, ""lane_id"": ""g01_g11_0"", ""road_id"": ""g01_g11""}"
cam-1001-veh_021-000032,cam-1001-veh_021-000032,case-grid-1001-veh_021-benign,root-05f9b1b16a5a65fddfcac762,1001,veh_021,ps-c17e704b00a194fa,CAM,54.0,414.91696906261865,401.6,0.15164099387626967,-1.628516478075974,414.91696906261865,401.6,0.15164099387626967,-1.628516478075974,nonce-05f9b1b16a5a65fddfca,True,False,benign,False,0,"{""attack_ended_at"": 54.0, ""case_opened_at"": 54.0, ""lane_id"": ""g21_g11_0"", ""road_id"": ""g21_g11""}"
cam-1001-veh_022-000031,cam-1001-veh_022-000031,case-grid-1001-veh_022-benign,root-d2ebe8384fdff950eaca1d2c,1001,veh_022,ps-37f1e0f2b964b078,CAM,54.0,401.6,507.91573195815494,15.785026407987308,-0.31855580486841184,401.6,507.91573195815494,15.785026407987308,-0.31855580486841184,nonce-d2ebe8384fdff950eaca,True,False,benign,False,0,"{""attack_ended_at"": 54.0, ""case_opened_at"": 54.0, ""lane_id"": ""g11_g12_0"", ""road_id"": ""g11_g12""}"
cam-1001-veh_023-000030,cam-1001-veh_023-000030,case-grid-1001-veh_023-benign,root-b303b5dae722aeb1e12882fc,1001,veh_023,ps-88766211387813b1,CAM,54.0,398.4,389.1962417014149,13.562711571420438,0.19094306136194028,398.4,389.1962417014149,13.562711571420438,0.19094306136194028,nonce-b303b5dae722aeb1e128,True,False,benign,False,0,"{""attack_ended_at"": 54.0, ""case_opened_at"": 54.0, ""lane_id"": ""g11_g10_0"", ""road_id"": ""g11_g10""}"
cam-1001-veh_000-000054,cam-1001-veh_000-000054,case-grid-1001-veh_000-benign,root-e16e30035dd3da7244147dba,1001,veh_000,ps-0b6a8266609a146f,CAM,55.0,633.7689762816626,-1.6,11.53480570144719,-0.14831532188225438,633.7689762816626,-1.6,11.53480570144719,-0.14831532188225438,nonce-e16e30035dd3da724414,True,False,benign,False,0,"{""attack_ended_at"": 55.0, ""case_opened_at"": 55.0, ""lane_id"": ""g10_g20_0"", ""road_id"": ""g10_g20""}"
cam-1001-veh_001-000053,cam-1001-veh_001-000053,case-grid-1001-veh_001-benign,root-579059c4ae204398d2202a37,1001,veh_001,ps-11b4aa50327f89a0,CAM,55.0,798.4,121.16503138087563,12.855919737791107,0.49557091359514693,798.4,121.16503138087563,12.855919737791107,0.49557091359514693,nonce-579059c4ae204398d220,True,False,benign,False,0,"{""attack_ended_at"": 55.0, ""case_opened_at"": 55.0, ""lane_id"": ""g21_g20_0"", ""road_id"": ""g21_g20""}"
cam-1001-veh_002-000052,cam-1001-veh_002-000052,case-grid-1001-veh_002-position_offset,root-2a2b6ed2423377e6ad822e6e,1001,veh_002,ps-e0bc27433007a32c,CAM,55.0,661.7975991295342,798.4,12.642518559519521,-0.28018668785691325,726.7975991295342,814.65,12.642518559519521,-0.28018668785691325,nonce-2a2b6ed2423377e6ad82,True,False,position_offset,True,0,"{""attack_ended_at"": 70.0, ""case_opened_at"": 18.0, ""lane_id"": ""g12_g22_0"", ""road_id"": ""g12_g22""}"
cam-1001-veh_003-000051,cam-1001-veh_003-000051,case-grid-1001-veh_003-benign,root-c14dda5f8b703bbd0defdf36,1001,veh_003,ps-13247f0afc865149,CAM,55.0,801.6,651.9354398437724,12.68552934705133,0.33905107445083615,801.6,651.9354398437724,12.68552934705133,0.33905107445083615,nonce-c14dda5f8b703bbd0def,True,False,benign,False,0,"{""attack_ended_at"": 55.0, ""case_opened_at"": 55.0, ""lane_id"": ""g21_g22_0"", ""road_id"": ""g21_g22""}"
cam-1001-veh_004-000050,cam-1001-veh_004-000050,case-grid-1001-veh_004-speed_offset,root-3e2108c90bd028926c3ffe08,1001,veh_004,ps-b7dd5d779d6fb997,CAM,55.0,452.01942820510516,398.4,12.648919465369643,-0.4845345561671994,452.01942820510516,398.4,23.648919465369644,-0.4845345561671994,nonce-3e2108c90bd028926c3f,True,False,speed_offset,True,0,"{""attack_ended_at"": 72.0, ""case_opened_at"": 20.0, ""lane_id"": ""g11_g21_0"", ""road_id"": ""g11_g21""}"
cam-1001-veh_005-000049,cam-1001-veh_005-000049,case-grid-1001-veh_005-benign,root-dbb435a0ffd94ef4a5dfade9,1001,veh_005,ps-fedb1f4cae953d51,CAM,55.0,350.1015633165298,401.6,13.244187091767198,0.6259590209893577,350.1015633165298,401.6,13.244187091767198,0.6259590209893577,nonce-dbb435a0ffd94ef4a5df,True,False,benign,False,0,"{""attack_ended_at"": 55.0, ""case_opened_at"": 55.0, ""lane_id"": ""g11_g01_0"", ""road_id"": ""g11_g01""}"
replay-cam-1001-veh_006-000048,cam-1001-veh_006-000012,case-grid-1001-veh_006-replay,root-e685cc25bd7b355fd757e166,1001,veh_006,ps-402cdb4ee382d9ca,CAM,19.0,401.6,161.79692725744974,12.181179647369184,-0.24670274272095405,401.6,161.79692725744974,12.181179647369184,-0.24670274272095405,nonce-e685cc25bd7b355fd757,True,False,replay,True,9,"{""attack_ended_at"": 19.0, ""case_opened_at"": 19.0, ""lane_id"": ""g10_g11_0"", ""road_id"": ""g10_g11""}"
cam-1001-veh_007-000047,cam-1001-veh_007-000047,case-grid-1001-veh_007-benign,root-1e55ce39825911efb3197bcd,1001,veh_007,ps-20a8fd281b9c6e27,CAM,55.0,398.4,194.9735995981741,12.790154946477548,0.5129657372413217,398.4,194.9735995981741,12.790154946477548,0.5129657372413217,nonce-1e55ce39825911efb319,True,False,benign,False,0,"{""attack_ended_at"": 55.0, ""case_opened_at"": 55.0, ""lane_id"": ""g11_g10_0"", ""road_id"": ""g11_g10""}"
cam-1001-veh_008-000046,cam-1001-veh_008-000046,case-grid-1001-veh_008-certificate_tamper,root-85bde0fb0d29bfeaaa3b7707,1001,veh_008,ps-0441a16dd8d22b44,CAM,55.0,613.8465278026869,-1.6,11.941719212087316,0.4391613323358108,613.8465278026869,-1.6,11.941719212087316,0.4391613323358108,nonce-85bde0fb0d29bfeaaa3b,False,False,certificate_tamper,True,0,"{""attack_ended_at"": 76.0, ""case_opened_at"": 24.0, ""lane_id"": ""g10_g20_0"", ""road_id"": ""g10_g20""}"
cam-1001-veh_009-000045,cam-1001-veh_009-000045,case-grid-1001-veh_009-benign,root-cc6b78b87a7b20503ba7bc90,1001,veh_009,ps-8e3b87e1d6235c50,CAM,55.0,798.4,145.59654700073688,13.271081370355471,-1.022240708644027,798.4,145.59654700073688,13.271081370355471,-1.022240708644027,nonce-cc6b78b87a7b20503ba7,True,False,benign,False,0,"{""attack_ended_at"": 55.0, ""case_opened_at"": 55.0, ""lane_id"": ""g21_g20_0"", ""road_id"": ""g21_g20""}"
cam-1001-veh_010-000044-f0,cam-1001-veh_010-000044,case-grid-1001-veh_010-flood,root-129cfd3da874f240b9b15595,1001,veh_010,ps-bf5c5fe0f587553a,CAM,55.0,640.882651776755,798.4,13.061146525528976,0.054974051278362523,640.882651776755,798.4,13.061146525528976,0.054974051278362523,nonce-129cfd3da874f240b9b1,True,False,flood,True,0,"{""attack_ended_at"": 78.0, ""case_opened_at"": 26.0, ""lane_id"": ""g12_g22_0"", ""road_id"": ""g12_g22""}"
cam-1001-veh_010-000044-f1,cam-1001-veh_010-000044,case-grid-1001-veh_010-flood,root-129cfd3da874f240b9b15595,1001,veh_010,ps-bf5c5fe0f587553a,CAM,55.0,640.882651776755,798.4,13.061146525528976,0.054974051278362523,640.882651776755,798.4,13.061146525528976,0.054974051278362523,nonce-129cfd3da874f240b9b1,True,False,flood,True,1,"{""attack_ended_at"": 78.0, ""case_opened_at"": 26.0, ""lane_id"": ""g12_g22_0"", ""road_id"": ""g12_g22""}"
cam-1001-veh_010-000044-f2,cam-1001-veh_010-000044,case-grid-1001-veh_010-flood,root-129cfd3da874f240b9b15595,1001,veh_010,ps-bf5c5fe0f587553a,CAM,55.0,640.882651776755,798.4,13.061146525528976,0.054974051278362523,640.882651776755,798.4,13.061146525528976,0.054974051278362523,nonce-129cfd3da874f240b9b1,True,False,flood,True,2,"{""attack_ended_at"": 78.0, ""case_opened_at"": 26.0, ""lane_id"": ""g12_g22_0"", ""road_id"": ""g12_g22""}"
cam-1001-veh_010-000044-f3,cam-1001-veh_010-000044,case-grid-1001-veh_010-flood,root-129cfd3da874f240b9b15595,1001,veh_010,ps-bf5c5fe0f587553a,CAM,55.0,640.882651776755,798.4,13.061146525528976,0.054974051278362523,640.882651776755,798.4,13.061146525528976,0.054974051278362523,nonce-129cfd3da874f240b9b1,True,False,flood,True,3,"{""attack_ended_at"": 78.0, ""case_opened_at"": 26.0, ""lane_id"": ""g12_g22_0"", ""road_id"": ""g12_g22""}"
cam-1001-veh_010-000044-f4,cam-1001-veh_010-000044,case-grid-1001-veh_010-flood,root-129cfd3da874f240b9b15595,1001,veh_010,ps-bf5c5fe0f587553a,CAM,55.0,640.882651776755,798.4,13.061146525528976,0.054974051278362523,640.882651776755,798.4,13.061146525528976,0.054974051278362523,nonce-129cfd3da874f240b9b1,True,False,flood,True,4,"{""attack_ended_at"": 78.0, ""case_opened_at"": 26.0, ""lane_id"": ""g12_g22_0"", ""road_id"": ""g12_g22""}"
cam-1001-veh_011-000043,cam-1001-veh_011-000043,case-grid-1001-veh_011-benign,root-12746e78957a014a9d353806,1001,veh_011,ps-298210176c98c50a,CAM,55.0,801.6,585.191552112085,13.82242648989214,0.5379206363344569,801.6,585.191552112085,13.82242648989214,0.5379206363344569,nonce-12746e78957a014a9d35,True,False,benign,False,0,"{""attack_ended_at"": 55.0, ""case_opened_at"": 55.0, ""lane_id"": ""g21_g22_0"", ""road_id"": ""g21_g22""}"
cam-1001-veh_012-000042,cam-1001-veh_012-000042,case-grid-1001-veh_012-false_denm,root-0f0a0b9a16736e66c0800292,1001,veh_012,ps-a2d8503b0d2b7ea8,CAM,55.0,397.9493882286313,398.4,3.6595404763394006,2.0371274729073043,397.9493882286313,398.4,3.6595404763394006,2.0371274729073043,nonce-0f0a0b9a16736e66c080,True,False,false_denm,True,0,"{""attack_ended_at"": 80.0, ""case_opened_at"": 28.0, ""lane_id"": "":g11_10_0"", ""road_id"": "":g11_10""}"
cam-1001-veh_013-000041,cam-1001-veh_013-000041,case-grid-1001-veh_013-benign,root-c48c161f85c70eb3fc516408,1001,veh_013,ps-ffb1bac62aa27994,CAM,55.0,400.6601515464944,401.6,4.374784375983549,2.0517822230421006,400.6601515464944,401.6,4.374784375983549,2.0517822230421006,nonce-c48c161f85c70eb3fc51,True,False,benign,False,0,"{""attack_ended_at"": 55.0, ""case_opened_at"": 55.0, ""lane_id"": "":g11_4_0"", ""road_id"": "":g11_4""}"
cam-1001-veh_014-000040-m0,cam-1001-veh_014-000040,case-grid-1001-veh_014-mixed,root-5acedcdff4436fc97d4a5237,1001,veh_014,ps-0c5027fa621fc8a7,DENM,55.0,401.6,550.6403720554242,13.57255682246829,-0.01862894631922174,446.6,559.6403720554242,21.57255682246829,-0.01862894631922174,nonce-5acedcdff4436fc97d4a,True,True,mixed,True,0,"{""attack_ended_at"": 82.0, ""case_opened_at"": 30.0, ""lane_id"": ""g11_g12_0"", ""road_id"": ""g11_g12""}"
cam-1001-veh_014-000040-m1,cam-1001-veh_014-000040,case-grid-1001-veh_014-mixed,root-5acedcdff4436fc97d4a5237,1001,veh_014,ps-0c5027fa621fc8a7,DENM,55.0,401.6,550.6403720554242,13.57255682246829,-0.01862894631922174,446.6,559.6403720554242,21.57255682246829,-0.01862894631922174,nonce-5acedcdff4436fc97d4a,True,True,mixed,True,1,"{""attack_ended_at"": 82.0, ""case_opened_at"": 30.0, ""lane_id"": ""g11_g12_0"", ""road_id"": ""g11_g12""}"
cam-1001-veh_014-000040-m2,cam-1001-veh_014-000040,case-grid-1001-veh_014-mixed,root-5acedcdff4436fc97d4a5237,1001,veh_014,ps-0c5027fa621fc8a7,DENM,55.0,401.6,550.6403720554242,13.57255682246829,-0.01862894631922174,446.6,559.6403720554242,21.57255682246829,-0.01862894631922174,nonce-5acedcdff4436fc97d4a,True,True,mixed,True,2,"{""attack_ended_at"": 82.0, ""case_opened_at"": 30.0, ""lane_id"": ""g11_g12_0"", ""road_id"": ""g11_g12""}"
cam-1001-veh_014-000040-m3,cam-1001-veh_014-000040,case-grid-1001-veh_014-mixed,root-5acedcdff4436fc97d4a5237,1001,veh_014,ps-0c5027fa621fc8a7,DENM,55.0,401.6,550.6403720554242,13.57255682246829,-0.01862894631922174,446.6,559.6403720554242,21.57255682246829,-0.01862894631922174,nonce-5acedcdff4436fc97d4a,True,True,mixed,True,3,"{""attack_ended_at"": 82.0, ""case_opened_at"": 30.0, ""lane_id"": ""g11_g12_0"", ""road_id"": ""g11_g12""}"
cam-1001-veh_015-000039,cam-1001-veh_015-000039,case-grid-1001-veh_015-benign,root-e96e1f046a8ab3fa42a95588,1001,veh_015,ps-43db3038c74a6947,CAM,55.0,398.4,283.3037907521623,13.004069443801516,0.4245301268761974,398.4,283.3037907521623,13.004069443801516,0.4245301268761974,nonce-e96e1f046a8ab3fa42a9,True,False,benign,False,0,"{""attack_ended_at"": 55.0, ""case_opened_at"": 55.0, ""lane_id"": ""g11_g10_0"", ""road_id"": ""g11_g10""}"
cam-1001-veh_016-000038,cam-1001-veh_016-000038,case-grid-1001-veh_016-benign,root-7dfc7a6c2c050d95cf6947fe,1001,veh_016,ps-cbbef243035097ce,CAM,55.0,592.1766332410966,-1.6,11.664008104281086,0.0865224589342013,592.1766332410966,-1.6,11.664008104281086,0.0865224589342013,nonce-7dfc7a6c2c050d95cf69,True,False,benign,False,0,"{""attack_ended_at"": 55.0, ""case_opened_at"": 55.0, ""lane_id"": ""g10_g20_0"", ""road_id"": ""g10_g20""}"
cam-1001-veh_017-000037,cam-1001-veh_017-000037,case-grid-1001-veh_017-benign,root-e8722a6654774394bfeaa99c,1001,veh_017,ps-c4cb9175e03371fc,CAM,55.0,798.4,266.57326187746276,14.114605572074488,0.06048237861134176,798.4,266.57326187746276,14.114605572074488,0.06048237861134176,nonce-e8722a6654774394bfea,True,False,benign,False,0,"{""attack_ended_at"": 55.0, ""case_opened_at"": 55.0, ""lane_id"": ""g21_g20_0"", ""road_id"": ""g21_g20""}"
cam-1001-veh_018-000036,cam-1001-veh_018-000036,case-grid-1001-veh_018-benign,root-0bde6ef7d4192d8a45fa825d,1001,veh_018,ps-f5eb5907dca15325,CAM,55.0,492.1374501632919,798.4,13.408983044068181,-0.11612400059122585,492.1374501632919,798.4,13.408983044068181,-0.11612400059122585,nonce-0bde6ef7d4192d8a45fa,True,False,benign,False,0,"{""attack_ended_at"": 55.0, ""case_opened_at"": 55.0, ""lane_id"": ""g12_g22_0"", ""road_id"": ""g12_g22""}"
cam-1001-veh_019-000035,cam-1001-veh_019-000035,case-grid-1001-veh_019-benign,root-006fcf316a23ec8c182e6fa8,1001,veh_019,ps-bfc295509368822d,CAM,55.0,801.6,500.96300338404154,14.36797778239804,0.5069991788780328,801.6,500.96300338404154,14.36797778239804,0.5069991788780328,nonce-006fcf316a23ec8c182e,True,False,benign,False,0,"{""attack_ended_at"": 55.0, ""case_opened_at"": 55.0, ""lane_id"": ""g21_g22_0"", ""road_id"": ""g21_g22""}"
cam-1001-veh_020-000034,cam-1001-veh_020-000034,case-grid-1001-veh_020-benign,root-0657468d032dd2ffd007fa26,1001,veh_020,ps-ebb98a241b250d58,CAM,55.0,386.53853550089485,398.4,1.387331167554967,0.34842991991285244,386.53853550089485,398.4,1.387331167554967,0.34842991991285244,nonce-0657468d032dd2ffd007,True,False,benign,False,0,"{""attack_ended_at"": 55.0, ""case_opened_at"": 55.0, ""lane_id"": ""g01_g11_0"", ""road_id"": ""g01_g11""}"
cam-1001-veh_021-000033,cam-1001-veh_021-000033,case-grid-1001-veh_021-benign,root-c3937b84fb9667011b27d31c,1001,veh_021,ps-c17e704b00a194fa,CAM,55.0,413.0461408958881,401.6,1.870828166730583,1.7191871728543133,413.0461408958881,401.6,1.870828166730583,1.7191871728543133,nonce-c3937b84fb9667011b27,True,False,benign,False,0,"{""attack_ended_at"": 55.0, ""case_opened_at"": 55.0, ""lane_id"": ""g21_g11_0"", ""road_id"": ""g21_g11""}"
cam-1001-veh_022-000032,cam-1001-veh_022-000032,case-grid-1001-veh_022-benign,root-e385187b2315a2c094e8e30d,1001,veh_022,ps-37f1e0f2b964b078,CAM,55.0,401.6,523.3423897933775,15.426657835222516,-0.3583685727647925,401.6,523.3423897933775,15.426657835222516,-0.3583685727647925,nonce-e385187b2315a2c094e8,True,False,benign,False,0,"{""attack_ended_at"": 55.0, ""case_opened_at"": 55.0, ""lane_id"": ""g11_g12_0"", ""road_id"": ""g11_g12""}"
cam-1001-veh_023-000031,cam-1001-veh_023-000031,case-grid-1001-veh_023-benign,root-c86e86b65c8e24f10c6d7f50,1001,veh_023,ps-88766211387813b1,CAM,55.0,398.4,375.7627816670474,13.433460034367524,-0.12925153705291414,398.4,375.7627816670474,13.433460034367524,-0.12925153705291414,nonce-c86e86b65c8e24f10c6d,True,False,benign,False,0,"{""attack_ended_at"": 55.0, ""case_opened_at"": 55.0, ""lane_id"": ""g11_g10_0"", ""road_id"": ""g11_g10""}"
cam-1001-veh_000-000055,cam-1001-veh_000-000055,case-grid-1001-veh_000-benign,root-27c722b3b1bbd25f81b62e8e,1001,veh_000,ps-0b6a8266609a146f,CAM,56.0,645.3423168157532,-1.6,11.573340534090535,0.038534832643344785,645.3423168157532,-1.6,11.573340534090535,0.038534832643344785,nonce-27c722b3b1bbd25f81b6,True,False,benign,False,0,"{""attack_ended_at"": 56.0, ""case_opened_at"": 56.0, ""lane_id"": ""g10_g20_0"", ""road_id"": ""g10_g20""}"
cam-1001-veh_001-000054,cam-1001-veh_001-000054,case-grid-1001-veh_001-benign,root-ae98b3b23fb74f998da08e27,1001,veh_001,ps-11b4aa50327f89a0,CAM,56.0,798.4,108.23047959448326,12.93455178639239,0.0786320486012837,798.4,108.23047959448326,12.93455178639239,0.0786320486012837,nonce-ae98b3b23fb74f998da0,True,False,benign,False,0,"{""attack_ended_at"": 56.0, ""case_opened_at"": 56.0, ""lane_id"": ""g21_g20_0"", ""road_id"": ""g21_g20""}"
cam-1001-veh_002-000053,cam-1001-veh_002-000053,case-grid-1001-veh_002-position_offset,root-bfd83e9a74ade2de972c2dfe,1001,veh_002,ps-e0bc27433007a32c,CAM,56.0,674.0457772585603,798.4,12.248178129026055,-0.39434043049346634,739.0457772585603,814.65,12.248178129026055,-0.39434043049346634,nonce-bfd83e9a74ade2de972c,True,False,position_offset,True,0,"{""attack_ended_at"": 70.0, ""case_opened_at"": 18.0, ""lane_id"": ""g12_g22_0"", ""road_id"": ""g12_g22""}"
cam-1001-veh_003-000052,cam-1001-veh_003-000052,case-grid-1001-veh_003-benign,root-5a2d7f964782cefec7ef11dd,1001,veh_003,ps-13247f0afc865149,CAM,56.0,801.6,664.6351715391482,12.6997316953758,0.014202348324468872,801.6,664.6351715391482,12.6997316953758,0.014202348324468872,nonce-5a2d7f964782cefec7ef,True,False,benign,False,0,"{""attack_ended_at"": 56.0, ""case_opened_at"": 56.0, ""lane_id"": ""g21_g22_0"", ""road_id"": ""g21_g22""}"
cam-1001-veh_004-000051,cam-1001-veh_004-000051,case-grid-1001-veh_004-speed_offset,root-038b2e4b43f77f56c687eba8,1001,veh_004,ps-b7dd5d779d6fb997,CAM,56.0,464.7764214046549,398.4,12.756993199549713,0.1080737341800706,464.7764214046549,398.4,23.75699319954971,0.1080737341800706,nonce-038b2e4b43f77f56c687,True,False,speed_offset,True,0,"{""attack_ended_at"": 72.0, ""case_opened_at"": 20.0, ""lane_id"": ""g11_g21_0"", ""road_id"": ""g11_g21""}"
cam-1001-veh_005-000050,cam-1001-veh_005-000050,case-grid-1001-veh_005-benign,root-6965172c6206e37220e5d06c,1001,veh_005,ps-fedb1f4cae953d51,CAM,56.0,336.89318199641616,401.6,13.20838132011366,-0.035805771653539153,336.89318199641616,401.6,13.20838132011366,-0.035805771653539153,nonce-6965172c6206e37220e5,True,False,benign,False,0,"{""attack_ended_at"": 56.0, ""case_opened_at"": 56.0, ""lane_id"": ""g11_g01_0"", ""road_id"": ""g11_g01""}"
replay-cam-1001-veh_006-000049,cam-1001-veh_006-000013,case-grid-1001-veh_006-replay,root-5c7a4513fe3be1054abc600a,1001,veh_006,ps-402cdb4ee382d9ca,CAM,20.0,401.6,174.59536314421544,12.798435886765704,0.6172562393965197,401.6,174.59536314421544,12.798435886765704,0.6172562393965197,nonce-5c7a4513fe3be1054abc,True,False,replay,True,9,"{""attack_ended_at"": 20.0, ""case_opened_at"": 20.0, ""lane_id"": ""g10_g11_0"", ""road_id"": ""g10_g11""}"
cam-1001-veh_007-000048,cam-1001-veh_007-000048,case-grid-1001-veh_007-benign,root-8b0b79f15130da0576acbfcd,1001,veh_007,ps-20a8fd281b9c6e27,CAM,56.0,398.4,182.07000303069194,12.90359656748215,0.11344162100460231,398.4,182.07000303069194,12.90359656748215,0.11344162100460231,nonce-8b0b79f15130da0576ac,True,False,benign,False,0,"{""attack_ended_at"": 56.0, ""case_opened_at"": 56.0, ""lane_id"": ""g11_g10_0"", ""road_id"": ""g11_g10""}"
cam-1001-veh_008-000047,cam-1001-veh_008-000047,case-grid-1001-veh_008-certificate_tamper,root-1be46cf34d299be73e279150,1001,veh_008,ps-0441a16dd8d22b44,CAM,56.0,625.005276636394,-1.6,11.158748833707055,-0.7829703783802611,625.005276636394,-1.6,11.158748833707055,-0.7829703783802611,nonce-1be46cf34d299be73e27,False,False,certificate_tamper,True,0,"{""attack_ended_at"": 76.0, ""case_opened_at"": 24.0, ""lane_id"": ""g10_g20_0"", ""road_id"": ""g10_g20""}"
cam-1001-veh_009-000046,cam-1001-veh_009-000046,case-grid-1001-veh_009-benign,root-57ad51fc65906424e9ceee74,1001,veh_009,ps-8e3b87e1d6235c50,CAM,56.0,798.4,132.3163692531769,13.280177747560002,0.00909637720453027,798.4,132.3163692531769,13.280177747560002,0.00909637720453027,nonce-57ad51fc65906424e9ce,True,False,benign,False,0,"{""attack_ended_at"": 56.0, ""case_opened_at"": 56.0, ""lane_id"": ""g21_g20_0"", ""road_id"": ""g21_g20""}"
cam-1001-veh_010-000045-f0,cam-1001-veh_010-000045,case-grid-1001-veh_010-flood,root-9741b9e0006d63280ad48223,1001,veh_010,ps-bf5c5fe0f587553a,CAM,56.0,653.459372508587,798.4,12.57672073183203,-0.48442579369694627,653.459372508587,798.4,12.57672073183203,-0.48442579369694627,nonce-9741b9e0006d63280ad4,True,False,flood,True,0,"{""attack_ended_at"": 78.0, ""case_opened_at"": 26.0, ""lane_id"": ""g12_g22_0"", ""road_id"": ""g12_g22""}"
cam-1001-veh_010-000045-f1,cam-1001-veh_010-000045,case-grid-1001-veh_010-flood,root-9741b9e0006d63280ad48223,1001,veh_010,ps-bf5c5fe0f587553a,CAM,56.0,653.459372508587,798.4,12.57672073183203,-0.48442579369694627,653.459372508587,798.4,12.57672073183203,-0.48442579369694627,nonce-9741b9e0006d63280ad4,True,False,flood,True,1,"{""attack_ended_at"": 78.0, ""case_opened_at"": 26.0, ""lane_id"": ""g12_g22_0"", ""road_id"": ""g12_g22""}"
cam-1001-veh_010-000045-f2,cam-1001-veh_010-000045,case-grid-1001-veh_010-flood,root-9741b9e0006d63280ad48223,1001,veh_010,ps-bf5c5fe0f587553a,CAM,56.0,653.459372508587,798.4,12.57672073183203,-0.48442579369694627,653.459372508587,798.4,12.57672073183203,-0.48442579369694627,nonce-9741b9e0006d63280ad4,True,False,flood,True,2,"{""attack_ended_at"": 78.0, ""case_opened_at"": 26.0, ""lane_id"": ""g12_g22_0"", ""road_id"": ""g12_g22""}"
cam-1001-veh_010-000045-f3,cam-1001-veh_010-000045,case-grid-1001-veh_010-flood,root-9741b9e0006d63280ad48223,1001,veh_010,ps-bf5c5fe0f587553a,CAM,56.0,653.459372508587,798.4,12.57672073183203,-0.48442579369694627,653.459372508587,798.4,12.57672073183203,-0.48442579369694627,nonce-9741b9e0006d63280ad4,True,False,flood,True,3,"{""attack_ended_at"": 78.0, ""case_opened_at"": 26.0, ""lane_id"": ""g12_g22_0"", ""road_id"": ""g12_g22""}"
cam-1001-veh_010-000045-f4,cam-1001-veh_010-000045,case-grid-1001-veh_010-flood,root-9741b9e0006d63280ad48223,1001,veh_010,ps-bf5c5fe0f587553a,CAM,56.0,653.459372508587,798.4,12.57672073183203,-0.48442579369694627,653.459372508587,798.4,12.57672073183203,-0.48442579369694627,nonce-9741b9e0006d63280ad4,True,False,flood,True,4,"{""attack_ended_at"": 78.0, ""case_opened_at"": 26.0, ""lane_id"": ""g12_g22_0"", ""road_id"": ""g12_g22""}"
cam-1001-veh_011-000044,cam-1001-veh_011-000044,case-grid-1001-veh_011-benign,root-667f3ee402ccea04c314eff5,1001,veh_011,ps-298210176c98c50a,CAM,56.0,801.6,598.524679070887,13.333126958802065,-0.48929953109007407,801.6,598.524679070887,13.333126958802065,-0.48929953109007407,nonce-667f3ee402ccea04c314,True,False,benign,False,0,"{""attack_ended_at"": 56.0, ""case_opened_at"": 56.0, ""lane_id"": ""g21_g22_0"", ""road_id"": ""g21_g22""}"
cam-1001-veh_012-000043,cam-1001-veh_012-000043,case-grid-1001-veh_012-false_denm,root-de6e9bb1e9c5dbe1f6e4fa09,1001,veh_012,ps-a2d8503b0d2b7ea8,CAM,56.0,403.955570009757,398.4,6.0061817811257185,2.346641304786318,403.955570009757,398.4,6.0061817811257185,2.346641304786318,nonce-de6e9bb1e9c5dbe1f6e4,True,False,false_denm,True,0,"{""attack_ended_at"": 80.0, ""case_opened_at"": 28.0, ""lane_id"": "":g11_10_0"", ""road_id"": "":g11_10""}"
cam-1001-veh_013-000042,cam-1001-veh_013-000042,case-grid-1001-veh_013-benign,root-a94e282177a30a01759427a6,1001,veh_013,ps-ffb1bac62aa27994,CAM,56.0,394.0900337151708,401.6,6.5701178313235555,2.1953334553400063,394.0900337151708,401.6,6.5701178313235555,2.1953334553400063,nonce-a94e282177a30a017594,True,False,benign,False,0,"{""attack_ended_at"": 56.0, ""case_opened_at"": 56.0, ""lane_id"": "":g11_4_0"", ""road_id"": "":g11_4""}"
cam-1001-veh_014-000041-m0,cam-1001-veh_014-000041,case-grid-1001-veh_014-mixed,root-1b15ff4a9e660466bc5c6f8d,1001,veh_014,ps-0c5027fa621fc8a7,DENM,56.0,401.6,564.0384453850105,13.398073329586298,-0.1744834928819916,446.6,573.0384453850105,21.398073329586296,-0.1744834928819916,nonce-1b15ff4a9e660466bc5c,True,True,mixed,True,0,"{""attack_ended_at"": 82.0, ""case_opened_at"": 30.0, ""lane_id"": ""g11_g12_0"", ""road_id"": ""g11_g12""}"
cam-1001-veh_014-000041-m1,cam-1001-veh_014-000041,case-grid-1001-veh_014-mixed,root-1b15ff4a9e660466bc5c6f8d,1001,veh_014,ps-0c5027fa621fc8a7,DENM,56.0,401.6,564.0384453850105,13.398073329586298,-0.1744834928819916,446.6,573.0384453850105,21.398073329586296,-0.1744834928819916,nonce-1b15ff4a9e660466bc5c,True,True,mixed,True,1,"{""attack_ended_at"": 82.0, ""case_opened_at"": 30.0, ""lane_id"": ""g11_g12_0"", ""road_id"": ""g11_g12""}"
cam-1001-veh_014-000041-m2,cam-1001-veh_014-000041,case-grid-1001-veh_014-mixed,root-1b15ff4a9e660466bc5c6f8d,1001,veh_014,ps-0c5027fa621fc8a7,DENM,56.0,401.6,564.0384453850105,13.398073329586298,-0.1744834928819916,446.6,573.0384453850105,21.398073329586296,-0.1744834928819916,nonce-1b15ff4a9e660466bc5c,True,True,mixed,True,2,"{""attack_ended_at"": 82.0, ""case_opened_at"": 30.0, ""lane_id"": ""g11_g12_0"", ""road_id"": ""g11_g12""}"
cam-1001-veh_014-000041-m3,cam-1001-veh_014-000041,case-grid-1001-veh_014-mixed,root-1b15ff4a9e660466bc5c6f8d,1001,veh_014,ps-0c5027fa621fc8a7,DENM,56.0,401.6,564.0384453850105,13.398073329586298,-0.1744834928819916,446.6,573.0384453850105,21.398073329586296,-0.1744834928819916,nonce-1b15ff4a9e660466bc5c,True,True,mixed,True,3,"{""attack_ended_at"": 82.0, ""case_opened_at"": 30.0, ""lane_id"": ""g11_g12_0"", ""road_id"": ""g11_g12""}"
cam-1001-veh_015-000040,cam-1001-veh_015-000040,case-grid-1001-veh_015-benign,root-3c41fa8467a30bb47118047f,1001,veh_015,ps-43db3038c74a6947,CAM,56.0,398.4,270.5014561427905,12.802334609371707,-0.20173483442980888,398.4,270.5014561427905,12.802334609371707,-0.20173483442980888,nonce-3c41fa8467a30bb47118,True,False,benign,False,0,"{""attack_ended_at"": 56.0, ""case_opened_at"": 56.0, ""lane_id"": ""g11_g10_0"", ""road_id"": ""g11_g10""}"
cam-1001-veh_016-000039,cam-1001-veh_016-000039,case-grid-1001-veh_016-benign,root-74a8347392429e0383e36a10,1001,veh_016,ps-cbbef243035097ce,CAM,56.0,604.2531983117783,-1.6,12.076565070681779,0.41255696640069317,604.2531983117783,-1.6,12.076565070681779,0.41255696640069317,nonce-74a8347392429e0383e3,True,False,benign,False,0,"{""attack_ended_at"": 56.0, ""case_opened_at"": 56.0, ""lane_id"": ""g10_g20_0"", ""road_id"": ""g10_g20""}"
cam-1001-veh_017-000038,cam-1001-veh_017-000038,case-grid-1001-veh_017-benign,root-1305b68e381349074943cd84,1001,veh_017,ps-c4cb9175e03371fc,CAM,56.0,798.4,252.73503916089118,13.8382227165716,-0.276382855502888,798.4,252.73503916089118,13.8382227165716,-0.276382855502888,nonce-1305b68e381349074943,True,False,benign,False,0,"{""attack_ended_at"": 56.0, ""case_opened_at"": 56.0, ""lane_id"": ""g21_g20_0"", ""road_id"": ""g21_g20""}"
cam-1001-veh_018-000037,cam-1001-veh_018-000037,case-grid-1001-veh_018-benign,root-fbb2958a18bf195533a4b48f,1001,veh_018,ps-f5eb5907dca15325,CAM,56.0,505.46305692327667,798.4,13.32560675998483,-0.08337628408335185,505.46305692327667,798.4,13.32560675998483,-0.08337628408335185,nonce-fbb2958a18bf195533a4,True,False,benign,False,0,"{""attack_ended_at"": 56.0, ""case_opened_at"": 56.0, ""lane_id"": ""g12_g22_0"", ""road_id"": ""g12_g22""}"
cam-1001-veh_019-000036,cam-1001-veh_019-000036,case-grid-1001-veh_019-benign,root-6f3884508599c26c6ed582f3,1001,veh_019,ps-bfc295509368822d,CAM,56.0,801.6,515.1920799441798,14.229076560138301,-0.13890122225973833,801.6,515.1920799441798,14.229076560138301,-0.13890122225973833,nonce-6f3884508599c26c6ed5,True,False,benign,False,0,"{""attack_ended_at"": 56.0, ""case_opened_at"": 56.0, ""lane_id"": ""g21_g22_0"", ""road_id"": ""g21_g22""}"
cam-1001-veh_020-000035,cam-1001-veh_020-000035,case-grid-1001-veh_020-benign,root-546838f128d1bdbd77fa9ee5,1001,veh_020,ps-ebb98a241b250d58,CAM,56.0,390.37659910512224,398.4,3.8380636042273735,2.450732436672406,390.37659910512224,398.4,3.8380636042273735,2.450732436672406,nonce-546838f128d1bdbd77fa,True,False,benign,False,0,"{""attack_ended_at"": 56.0, ""case_opened_at"": 56.0, ""lane_id"": ""g01_g11_0"", ""road_id"": ""g01_g11""}"
cam-1001-veh_021-000034,cam-1001-veh_021-000034,case-grid-1001-veh_021-benign,root-a448f2ddacb6c73a06167da9,1001,veh_021,ps-c17e704b00a194fa,CAM,56.0,408.6029977158699,401.6,4.443143180018172,2.572315013287589,408.6029977158699,401.6,4.443143180018172,2.572315013287589,nonce-a448f2ddacb6c73a0616,True,False,benign,False,0,"{""attack_ended_at"": 56.0, ""case_opened_at"": 56.0, ""lane_id"": ""g21_g11_0"", ""road_id"": ""g21_g11""}"
cam-1001-veh_022-000033,cam-1001-veh_022-000033,case-grid-1001-veh_022-benign,root-1aedb43885a306822ab8eaa1,1001,veh_022,ps-37f1e0f2b964b078,CAM,56.0,401.6,538.4185964363693,15.076206642991844,-0.3504511922306719,401.6,538.4185964363693,15.076206642991844,-0.3504511922306719,nonce-1aedb43885a306822ab8,True,False,benign,False,0,"{""attack_ended_at"": 56.0, ""case_opened_at"": 56.0, ""lane_id"": ""g11_g12_0"", ""road_id"": ""g11_g12""}"
cam-1001-veh_023-000032,cam-1001-veh_023-000032,case-grid-1001-veh_023-benign,root-fdf29edf29447eb3048ef236,1001,veh_023,ps-88766211387813b1,CAM,56.0,398.4,362.0817175314402,13.681064135607228,0.24760410123970367,398.4,362.0817175314402,13.681064135607228,0.24760410123970367,nonce-fdf29edf29447eb3048e,True,False,benign,False,0,"{""attack_ended_at"": 56.0, ""case_opened_at"": 56.0, ""lane_id"": ""g11_g10_0"", ""road_id"": ""g11_g10""}"
cam-1001-veh_000-000056,cam-1001-veh_000-000056,case-grid-1001-veh_000-benign,root-e0c755f15edec76348591f7d,1001,veh_000,ps-0b6a8266609a146f,CAM,57.0,656.6125244185703,-1.6,11.270207602817104,-0.30313293127343144,656.6125244185703,-1.6,11.270207602817104,-0.30313293127343144,nonce-e0c755f15edec7634859,True,False,benign,False,0,"{""attack_ended_at"": 57.0, ""case_opened_at"": 57.0, ""lane_id"": ""g10_g20_0"", ""road_id"": ""g10_g20""}"
cam-1001-veh_001-000055,cam-1001-veh_001-000055,case-grid-1001-veh_001-benign,root-18ae4362793415481316ca69,1001,veh_001,ps-11b4aa50327f89a0,CAM,57.0,798.4,95.30516783472319,12.925311759760067,-0.00924002663232315,798.4,95.30516783472319,12.925311759760067,-0.00924002663232315,nonce-18ae4362793415481316,True,False,benign,False,0,"{""attack_ended_at"": 57.0, ""case_opened_at"": 57.0, ""lane_id"": ""g21_g20_0"", ""road_id"": ""g21_g20""}"
cam-1001-veh_002-000054,cam-1001-veh_002-000054,case-grid-1001-veh_002-position_offset,root-6cceb0ffdc862a86f003ff3e,1001,veh_002,ps-e0bc27433007a32c,CAM,57.0,686.7711313081547,798.4,12.725354049594461,0.4771759205684063,751.7711313081547,814.65,12.725354049594461,0.4771759205684063,nonce-6cceb0ffdc862a86f003,True,False,position_offset,True,0,"{""attack_ended_at"": 70.0, ""case_opened_at"": 18.0, ""lane_id"": ""g12_g22_0"", ""road_id"": ""g12_g22""}"
cam-1001-veh_003-000053,cam-1001-veh_003-000053,case-grid-1001-veh_003-benign,root-6e2c77af9d89b1d6ab0d0d9b,1001,veh_003,ps-13247f0afc865149,CAM,57.0,801.6,677.0547659267638,12.419594387615495,-0.2801373077603042,801.6,677.0547659267638,12.419594387615495,-0.2801373077603042,nonce-6e2c77af9d89b1d6ab0d,True,False,benign,False,0,"{""attack_ended_at"": 57.0, ""case_opened_at"": 57.0, ""lane_id"": ""g21_g22_0"", ""road_id"": ""g21_g22""}"
cam-1001-veh_004-000052,cam-1001-veh_004-000052,case-grid-1001-veh_004-speed_offset,root-749378a3b9128af590176aa2,1001,veh_004,ps-b7dd5d779d6fb997,CAM,57.0,477.5328937532863,398.4,12.756472348631457,-0.000520850918256599,477.5328937532863,398.4,23.756472348631455,-0.000520850918256599,nonce-749378a3b9128af59017,True,False,speed_offset,True,0,"{""attack_ended_at"": 72.0, ""case_opened_at"": 20.0, ""lane_id"": ""g11_g21_0"", ""road_id"": ""g11_g21""}"
cam-1001-veh_005-000051,cam-1001-veh_005-000051,case-grid-1001-veh_005-benign,root-5e1b6ec0451ca5157f3d4d74,1001,veh_005,ps-fedb1f4cae953d51,CAM,57.0,323.99694867686316,401.6,12.896233319552957,-0.31214800056070224,323.99694867686316,401.6,12.896233319552957,-0.31214800056070224,nonce-5e1b6ec0451ca5157f3d,True,False,benign,False,0,"{""attack_ended_at"": 57.0, ""case_opened_at"": 57.0, ""lane_id"": ""g11_g01_0"", ""road_id"": ""g11_g01""}"
replay-cam-1001-veh_006-000050,cam-1001-veh_006-000014,case-grid-1001-veh_006-replay,root-faba00bbc28a3744e084f767,1001,veh_006,ps-402cdb4ee382d9ca,CAM,21.0,401.6,186.88279930842586,12.287436164210424,-0.5109997225552796,401.6,186.88279930842586,12.287436164210424,-0.5109997225552796,nonce-faba00bbc28a3744e084,True,False,replay,True,9,"{""attack_ended_at"": 21.0, ""case_opened_at"": 21.0, ""lane_id"": ""g10_g11_0"", ""road_id"": ""g10_g11""}"
cam-1001-veh_007-000049,cam-1001-veh_007-000049,case-grid-1001-veh_007-benign,root-7c79e3d73b831900924fb08d,1001,veh_007,ps-20a8fd281b9c6e27,CAM,57.0,398.4,169.77224792824808,12.297755102443904,-0.605841465038246,398.4,169.77224792824808,12.297755102443904,-0.605841465038246,nonce-7c79e3d73b831900924f,True,False,benign,False,0,"{""attack_ended_at"": 57.0, ""case_opened_at"": 57.0, ""lane_id"": ""g11_g10_0"", ""road_id"": ""g11_g10""}"
cam-1001-veh_008-000048,cam-1001-veh_008-000048,case-grid-1001-veh_008-certificate_tamper,root-aeaa538b8298ad2cf02fb501,1001,veh_008,ps-0441a16dd8d22b44,CAM,57.0,636.4543347828994,-1.6,11.449058146505456,0.2903093127984011,636.4543347828994,-1.6,11.449058146505456,0.2903093127984011,nonce-aeaa538b8298ad2cf02f,False,False,certificate_tamper,True,0,"{""attack_ended_at"": 76.0, ""case_opened_at"": 24.0, ""lane_id"": ""g10_g20_0"", ""road_id"": ""g10_g20""}"
cam-1001-veh_009-000047,cam-1001-veh_009-000047,case-grid-1001-veh_009-benign,root-6e38c4e3ef4631e14d9bbc6b,1001,veh_009,ps-8e3b87e1d6235c50,CAM,57.0,798.4,119.09640687021505,13.219962382961832,-0.060215364598169785,798.4,119.09640687021505,13.219962382961832,-0.060215364598169785,nonce-6e38c4e3ef4631e14d9b,True,False,benign,False,0,"{""attack_ended_at"": 57.0, ""case_opened_at"": 57.0, ""lane_id"": ""g21_g20_0"", ""road_id"": ""g21_g20""}"
cam-1001-veh_010-000046-f0,cam-1001-veh_010-000046,case-grid-1001-veh_010-flood,root-19c2b8d303894df976769da2,1001,veh_010,ps-bf5c5fe0f587553a,CAM,57.0,665.6516403774781,798.4,12.192267868891117,-0.38445286294091296,665.6516403774781,798.4,12.192267868891117,-0.38445286294091296,nonce-19c2b8d303894df97676,True,False,flood,True,0,"{""attack_ended_at"": 78.0, ""case_opened_at"": 26.0, ""lane_id"": ""g12_g22_0"", ""road_id"": ""g12_g22""}"
cam-1001-veh_010-000046-f1,cam-1001-veh_010-000046,case-grid-1001-veh_010-flood,root-19c2b8d303894df976769da2,1001,veh_010,ps-bf5c5fe0f587553a,CAM,57.0,665.6516403774781,798.4,12.192267868891117,-0.38445286294091296,665.6516403774781,798.4,12.192267868891117,-0.38445286294091296,nonce-19c2b8d303894df97676,True,False,flood,True,1,"{""attack_ended_at"": 78.0, ""case_opened_at"": 26.0, ""lane_id"": ""g12_g22_0"", ""road_id"": ""g12_g22""}"
cam-1001-veh_010-000046-f2,cam-1001-veh_010-000046,case-grid-1001-veh_010-flood,root-19c2b8d303894df976769da2,1001,veh_010,ps-bf5c5fe0f587553a,CAM,57.0,665.6516403774781,798.4,12.192267868891117,-0.38445286294091296,665.6516403774781,798.4,12.192267868891117,-0.38445286294091296,nonce-19c2b8d303894df97676,True,False,flood,True,2,"{""attack_ended_at"": 78.0, ""case_opened_at"": 26.0, ""lane_id"": ""g12_g22_0"", ""road_id"": ""g12_g22""}"
cam-1001-veh_010-000046-f3,cam-1001-veh_010-000046,case-grid-1001-veh_010-flood,root-19c2b8d303894df976769da2,1001,veh_010,ps-bf5c5fe0f587553a,CAM,57.0,665.6516403774781,798.4,12.192267868891117,-0.38445286294091296,665.6516403774781,798.4,12.192267868891117,-0.38445286294091296,nonce-19c2b8d303894df97676,True,False,flood,True,3,"{""attack_ended_at"": 78.0, ""case_opened_at"": 26.0, ""lane_id"": ""g12_g22_0"", ""road_id"": ""g12_g22""}"
cam-1001-veh_010-000046-f4,cam-1001-veh_010-000046,case-grid-1001-veh_010-flood,root-19c2b8d303894df976769da2,1001,veh_010,ps-bf5c5fe0f587553a,CAM,57.0,665.6516403774781,798.4,12.192267868891117,-0.38445286294091296,665.6516403774781,798.4,12.192267868891117,-0.38445286294091296,nonce-19c2b8d303894df97676,True,False,flood,True,4,"{""attack_ended_at"": 78.0, ""case_opened_at"": 26.0, ""lane_id"": ""g12_g22_0"", ""road_id"": ""g12_g22""}"
cam-1001-veh_011-000045,cam-1001-veh_011-000045,case-grid-1001-veh_011-benign,root-2f4ecfbb56cfe7522b880b68,1001,veh_011,ps-298210176c98c50a,CAM,57.0,801.6,611.7376402813118,13.212961210424735,-0.12016574837732996,801.6,611.7376402813118,13.212961210424735,-0.12016574837732996,nonce-2f4ecfbb56cfe7522b88,True,False,benign,False,0,"{""attack_ended_at"": 57.0, ""case_opened_at"": 57.0, ""lane_id"": ""g21_g22_0"", ""road_id"": ""g21_g22""}"
cam-1001-veh_012-000044,cam-1001-veh_012-000044,case-grid-1001-veh_012-false_denm,root-052e400191e4548288295cbc,1001,veh_012,ps-a2d8503b0d2b7ea8,CAM,57.0,412.060623637892,398.4,8.105053628135005,2.0988718470092866,412.060623637892,398.4,8.105053628135005,2.0988718470092866,nonce-052e400191e454828829,True,False,false_denm,True,0,"{""attack_ended_at"": 80.0, ""case_opened_at"": 28.0, ""lane_id"": ""g11_g21_0"", ""road_id"": ""g11_g21""}"
cam-1001-veh_013-000043,cam-1001-veh_013-000043,case-grid-1001-veh_013-benign,root-ee215b27a8176556538cb8cc,1001,veh_013,ps-ffb1bac62aa27994,CAM,57.0,385.2573335955327,401.6,8.832700119638144,2.2625822883145883,385.2573335955327,401.6,8.832700119638144,2.2625822883145883,nonce-ee215b27a8176556538c,True,False,benign,False,0,"{""attack_ended_at"": 57.0, ""case_opened_at"": 57.0, ""lane_id"": ""g11_g01_0"", ""road_id"": ""g11_g01""}"
cam-1001-veh_014-000042-m0,cam-1001-veh_014-000042,case-grid-1001-veh_014-mixed,root-dc314bd3ebe9acd5a5d887bc,1001,veh_014,ps-0c5027fa621fc8a7,DENM,57.0,401.6,577.6055010831088,13.567055698098377,0.16898236851207926,446.6,586.6055010831088,21.56705569809838,0.16898236851207926,nonce-dc314bd3ebe9acd5a5d8,True,True,mixed,True,0,"{""attack_ended_at"": 82.0, ""case_opened_at"": 30.0, ""lane_id"": ""g11_g12_0"", ""road_id"": ""g11_g12""}"
cam-1001-veh_014-000042-m1,cam-1001-veh_014-000042,case-grid-1001-veh_014-mixed,root-dc314bd3ebe9acd5a5d887bc,1001,veh_014,ps-0c5027fa621fc8a7,DENM,57.0,401.6,577.6055010831088,13.567055698098377,0.16898236851207926,446.6,586.6055010831088,21.56705569809838,0.16898236851207926,nonce-dc314bd3ebe9acd5a5d8,True,True,mixed,True,1,"{""attack_ended_at"": 82.0, ""case_opened_at"": 30.0, ""lane_id"": ""g11_g12_0"", ""road_id"": ""g11_g12""}"
cam-1001-veh_014-000042-m2,cam-1001-veh_014-000042,case-grid-1001-veh_014-mixed,root-dc314bd3ebe9acd5a5d887bc,1001,veh_014,ps-0c5027fa621fc8a7,DENM,57.0,401.6,577.6055010831088,13.567055698098377,0.16898236851207926,446.6,586.6055010831088,21.56705569809838,0.16898236851207926,nonce-dc314bd3ebe9acd5a5d8,True,True,mixed,True,2,"{""attack_ended_at"": 82.0, ""case_opened_at"": 30.0, ""lane_id"": ""g11_g12_0"", ""road_id"": ""g11_g12""}"
cam-1001-veh_014-000042-m3,cam-1001-veh_014-000042,case-grid-1001-veh_014-mixed,root-dc314bd3ebe9acd5a5d887bc,1001,veh_014,ps-0c5027fa621fc8a7,DENM,57.0,401.6,577.6055010831088,13.567055698098377,0.16898236851207926,446.6,586.6055010831088,21.56705569809838,0.16898236851207926,nonce-dc314bd3ebe9acd5a5d8,True,True,mixed,True,3,"{""attack_ended_at"": 82.0, ""case_opened_at"": 30.0, ""lane_id"": ""g11_g12_0"", ""road_id"": ""g11_g12""}"
cam-1001-veh_015-000041,cam-1001-veh_015-000041,case-grid-1001-veh_015-benign,root-fa060db349428f3315df333e,1001,veh_015,ps-43db3038c74a6947,CAM,57.0,398.4,257.46418434217185,13.037271800618717,0.23493719124700974,398.4,257.46418434217185,13.037271800618717,0.23493719124700974,nonce-fa060db349428f3315df,True,False,benign,False,0,"{""attack_ended_at"": 57.0, ""case_opened_at"": 57.0, ""lane_id"": ""g11_g10_0"", ""road_id"": ""g11_g10""}"
cam-1001-veh_016-000040,cam-1001-veh_016-000040,case-grid-1001-veh_016-benign,root-b57c5a4d44fa499437b5a5a4,1001,veh_016,ps-cbbef243035097ce,CAM,57.0,615.5143564672667,-1.6,11.261158155488348,-0.8154069151934316,615.5143564672667,-1.6,11.261158155488348,-0.8154069151934316,nonce-b57c5a4d44fa499437b5,True,False,benign,False,0,"{""attack_ended_at"": 57.0, ""case_opened_at"": 57.0, ""lane_id"": ""g10_g20_0"", ""road_id"": ""g10_g20""}"
cam-1001-veh_017-000039,cam-1001-veh_017-000039,case-grid-1001-veh_017-benign,root-569ed2e58b1d5c95aebdae53,1001,veh_017,ps-c4cb9175e03371fc,CAM,57.0,798.4,238.4139767035813,14.321062457309873,0.48283974073827274,798.4,238.4139767035813,14.321062457309873,0.48283974073827274,nonce-569ed2e58b1d5c95aebd,True,False,benign,False,0,"{""attack_ended_at"": 57.0, ""case_opened_at"": 57.0, ""lane_id"": ""g21_g20_0"", ""road_id"": ""g21_g20""}"
cam-1001-veh_018-000038,cam-1001-veh_018-000038,case-grid-1001-veh_018-benign,root-a59d74f0ae67f3854bb58db7,1001,veh_018,ps-f5eb5907dca15325,CAM,57.0,518.9065889897969,798.4,13.443532066520156,0.11792530653532651,518.9065889897969,798.4,13.443532066520156,0.11792530653532651,nonce-a59d74f0ae67f3854bb5,True,False,benign,False,0,"{""attack_ended_at"": 57.0, ""case_opened_at"": 57.0, ""lane_id"": ""g12_g22_0"", ""road_id"": ""g12_g22""}"
cam-1001-veh_019-000037,cam-1001-veh_019-000037,case-grid-1001-veh_019-benign,root-5c71d680c7ecb4ce30fa5a49,1001,veh_019,ps-bfc295509368822d,CAM,57.0,801.6,528.987029650189,13.794949706009165,-0.4341268541291363,801.6,528.987029650189,13.794949706009165,-0.4341268541291363,nonce-5c71d680c7ecb4ce30fa,True,False,benign,False,0,"{""attack_ended_at"": 57.0, ""case_opened_at"": 57.0, ""lane_id"": ""g21_g22_0"", ""road_id"": ""g21_g22""}"
cam-1001-veh_020-000036,cam-1001-veh_020-000036,case-grid-1001-veh_020-benign,root-7eac64f8cf4eb5b4b5b22419,1001,veh_020,ps-ebb98a241b250d58,CAM,57.0,395.72961237542074,398.4,5.353013270298477,1.5149496660711033,395.72961237542074,398.4,5.353013270298477,1.5149496660711033,nonce-7eac64f8cf4eb5b4b5b2,True,False,benign,False,0,"{""attack_ended_at"": 57.0, ""case_opened_at"": 57.0, ""lane_id"": "":g11_10_0"", ""road_id"": "":g11_10""}"
cam-1001-veh_021-000035,cam-1001-veh_021-000035,case-grid-1001-veh_021-benign,root-251c5761f7d109ab71585896,1001,veh_021,ps-c17e704b00a194fa,CAM,57.0,401.9361266022123,401.6,6.666871113657596,2.223727933639424,401.9361266022123,401.6,6.666871113657596,2.223727933639424,nonce-251c5761f7d109ab7158,True,False,benign,False,0,"{""attack_ended_at"": 57.0, ""case_opened_at"": 57.0, ""lane_id"": "":g11_4_0"", ""road_id"": "":g11_4""}"
cam-1001-veh_022-000034,cam-1001-veh_022-000034,case-grid-1001-veh_022-benign,root-f926369fe25884448a35b829,1001,veh_022,ps-37f1e0f2b964b078,CAM,57.0,401.6,552.5869336736655,14.168337237296145,-0.9078694056956991,401.6,552.5869336736655,14.168337237296145,-0.9078694056956991,nonce-f926369fe25884448a35,True,False,benign,False,0,"{""attack_ended_at"": 57.0, ""case_opened_at"": 57.0, ""lane_id"": ""g11_g12_0"", ""road_id"": ""g11_g12""}"
cam-1001-veh_023-000033,cam-1001-veh_023-000033,case-grid-1001-veh_023-benign,root-3f0ace795745743e1a6c7c70,1001,veh_023,ps-88766211387813b1,CAM,57.0,398.4,348.39118903368103,13.690528497759148,0.009464362151920369,398.4,348.39118903368103,13.690528497759148,0.009464362151920369,nonce-3f0ace795745743e1a6c,True,False,benign,False,0,"{""attack_ended_at"": 57.0, ""case_opened_at"": 57.0, ""lane_id"": ""g11_g10_0"", ""road_id"": ""g11_g10""}"
cam-1001-veh_000-000057,cam-1001-veh_000-000057,case-grid-1001-veh_000-benign,root-ad104235adf3b04b7ccf4a03,1001,veh_000,ps-0b6a8266609a146f,CAM,58.0,668.0450676067896,-1.6,11.43254318821943,0.1623355854023263,668.0450676067896,-1.6,11.43254318821943,0.1623355854023263,nonce-ad104235adf3b04b7ccf,True,False,benign,False,0,"{""attack_ended_at"": 58.0, ""case_opened_at"": 58.0, ""lane_id"": ""g10_g20_0"", ""road_id"": ""g10_g20""}"
cam-1001-veh_001-000056,cam-1001-veh_001-000056,case-grid-1001-veh_001-benign,root-c526bf47ef5c5a9fb9977099,1001,veh_001,ps-11b4aa50327f89a0,CAM,58.0,798.4,82.8647540619582,12.44041377276501,-0.4848979869950565,798.4,82.8647540619582,12.44041377276501,-0.4848979869950565,nonce-c526bf47ef5c5a9fb997,True,False,benign,False,0,"{""attack_ended_at"": 58.0, ""case_opened_at"": 58.0, ""lane_id"": ""g21_g20_0"", ""road_id"": ""g21_g20""}"
cam-1001-veh_002-000055,cam-1001-veh_002-000055,case-grid-1001-veh_002-position_offset,root-574a21beeb82395cdb4b7a95,1001,veh_002,ps-e0bc27433007a32c,CAM,58.0,699.2887690716552,798.4,12.517637763500534,-0.20771628609392678,764.2887690716552,814.65,12.517637763500534,-0.20771628609392678,nonce-574a21beeb82395cdb4b,True,False,position_offset,True,0,"{""attack_ended_at"": 70.0, ""case_opened_at"": 18.0, ""lane_id"": ""g12_g22_0"", ""road_id"": ""g12_g22""}"
cam-1001-veh_003-000054,cam-1001-veh_003-000054,case-grid-1001-veh_003-benign,root-a173aab8d3717dc57450a4b3,1001,veh_003,ps-13247f0afc865149,CAM,58.0,801.6,689.778528023688,12.72376209692417,0.3041677093086754,801.6,689.778528023688,12.72376209692417,0.3041677093086754,nonce-a173aab8d3717dc57450,True,False,benign,False,0,"{""attack_ended_at"": 58.0, ""case_opened_at"": 58.0, ""lane_id"": ""g21_g22_0"", ""road_id"": ""g21_g22""}"
cam-1001-veh_004-000053,cam-1001-veh_004-000053,case-grid-1001-veh_004-speed_offset,root-c0d59ec907edcf6d29e59004,1001,veh_004,ps-b7dd5d779d6fb997,CAM,58.0,490.50098319971187,398.4,12.968089446425536,0.211617097794079,490.50098319971187,398.4,23.968089446425537,0.211617097794079,nonce-c0d59ec907edcf6d29e5,True,False,speed_offset,True,0,"{""attack_ended_at"": 72.0, ""case_opened_at"": 20.0, ""lane_id"": ""g11_g21_0"", ""road_id"": ""g11_g21""}"
cam-1001-veh_005-000052,cam-1001-veh_005-000052,case-grid-1001-veh_005-benign,root-c548e0ea67fd8b2c2f360d47,1001,veh_005,ps-fedb1f4cae953d51,CAM,58.0,310.959672648267,401.6,13.037276028596207,0.14104270904324956,310.959672648267,401.6,13.037276028596207,0.14104270904324956,nonce-c548e0ea67fd8b2c2f36,True,False,benign,False,0,"{""attack_ended_at"": 58.0, ""case_opened_at"": 58.0, ""lane_id"": ""g11_g01_0"", ""road_id"": ""g11_g01""}"
replay-cam-1001-veh_006-000051,cam-1001-veh_006-000011,case-grid-1001-veh_006-replay,root-55cf5c413e6560d70ca215ff,1001,veh_006,ps-402cdb4ee382d9ca,CAM,18.0,401.6,149.61574761008055,12.427882390090138,0.2817533832695336,401.6,149.61574761008055,12.427882390090138,0.2817533832695336,nonce-55cf5c413e6560d70ca2,True,False,replay,True,10,"{""attack_ended_at"": 18.0, ""case_opened_at"": 18.0, ""lane_id"": ""g10_g11_0"", ""road_id"": ""g10_g11""}"
cam-1001-veh_007-000050,cam-1001-veh_007-000050,case-grid-1001-veh_007-benign,root-b7c70ddd724a16094bf66495,1001,veh_007,ps-20a8fd281b9c6e27,CAM,58.0,398.4,157.3795305410762,12.392717387171857,0.0949622847279521,398.4,157.3795305410762,12.392717387171857,0.0949622847279521,nonce-b7c70ddd724a16094bf6,True,False,benign,False,0,"{""attack_ended_at"": 58.0, ""case_opened_at"": 58.0, ""lane_id"": ""g11_g10_0"", ""road_id"": ""g11_g10""}"
cam-1001-veh_008-000049,cam-1001-veh_008-000049,case-grid-1001-veh_008-certificate_tamper,root-519162ce077a88cdd1050836,1001,veh_008,ps-0441a16dd8d22b44,CAM,58.0,647.4467773022706,-1.6,10.992442519371135,-0.4566156271343207,647.4467773022706,-1.6,10.992442519371135,-0.4566156271343207,nonce-519162ce077a88cdd105,False,False,certificate_tamper,True,0,"{""attack_ended_at"": 76.0, ""case_opened_at"": 24.0, ""lane_id"": ""g10_g20_0"", ""road_id"": ""g10_g20""}"
cam-1001-veh_009-000048,cam-1001-veh_009-000048,case-grid-1001-veh_009-benign,root-d87ae6610f3df817a90ceba4,1001,veh_009,ps-8e3b87e1d6235c50,CAM,58.0,798.4,105.84634499549202,13.250061874723034,0.0300994917612023,798.4,105.84634499549202,13.250061874723034,0.0300994917612023,nonce-d87ae6610f3df817a90c,True,False,benign,False,0,"{""attack_ended_at"": 58.0, ""case_opened_at"": 58.0, ""lane_id"": ""g21_g20_0"", ""road_id"": ""g21_g20""}"
cam-1001-veh_010-000047-f0,cam-1001-veh_010-000047,case-grid-1001-veh_010-flood,root-77e32f2ac1249cb751722965,1001,veh_010,ps-bf5c5fe0f587553a,CAM,58.0,678.3362072323737,798.4,12.68456685489566,0.4922989860045437,678.3362072323737,798.4,12.68456685489566,0.4922989860045437,nonce-77e32f2ac1249cb75172,True,False,flood,True,0,"{""attack_ended_at"": 78.0, ""case_opened_at"": 26.0, ""lane_id"": ""g12_g22_0"", ""road_id"": ""g12_g22""}"
cam-1001-veh_010-000047-f1,cam-1001-veh_010-000047,case-grid-1001-veh_010-flood,root-77e32f2ac1249cb751722965,1001,veh_010,ps-bf5c5fe0f587553a,CAM,58.0,678.3362072323737,798.4,12.68456685489566,0.4922989860045437,678.3362072323737,798.4,12.68456685489566,0.4922989860045437,nonce-77e32f2ac1249cb75172,True,False,flood,True,1,"{""attack_ended_at"": 78.0, ""case_opened_at"": 26.0, ""lane_id"": ""g12_g22_0"", ""road_id"": ""g12_g22""}"
cam-1001-veh_010-000047-f2,cam-1001-veh_010-000047,case-grid-1001-veh_010-flood,root-77e32f2ac1249cb751722965,1001,veh_010,ps-bf5c5fe0f587553a,CAM,58.0,678.3362072323737,798.4,12.68456685489566,0.4922989860045437,678.3362072323737,798.4,12.68456685489566,0.4922989860045437,nonce-77e32f2ac1249cb75172,True,False,flood,True,2,"{""attack_ended_at"": 78.0, ""case_opened_at"": 26.0, ""lane_id"": ""g12_g22_0"", ""road_id"": ""g12_g22""}"
cam-1001-veh_010-000047-f3,cam-1001-veh_010-000047,case-grid-1001-veh_010-flood,root-77e32f2ac1249cb751722965,1001,veh_010,ps-bf5c5fe0f587553a,CAM,58.0,678.3362072323737,798.4,12.68456685489566,0.4922989860045437,678.3362072323737,798.4,12.68456685489566,0.4922989860045437,nonce-77e32f2ac1249cb75172,True,False,flood,True,3,"{""attack_ended_at"": 78.0, ""case_opened_at"": 26.0, ""lane_id"": ""g12_g22_0"", ""road_id"": ""g12_g22""}"
cam-1001-veh_010-000047-f4,cam-1001-veh_010-000047,case-grid-1001-veh_010-flood,root-77e32f2ac1249cb751722965,1001,veh_010,ps-bf5c5fe0f587553a,CAM,58.0,678.3362072323737,798.4,12.68456685489566,0.4922989860045437,678.3362072323737,798.4,12.68456685489566,0.4922989860045437,nonce-77e32f2ac1249cb75172,True,False,flood,True,4,"{""attack_ended_at"": 78.0, ""case_opened_at"": 26.0, ""lane_id"": ""g12_g22_0"", ""road_id"": ""g12_g22""}"
cam-1001-veh_011-000046,cam-1001-veh_011-000046,case-grid-1001-veh_011-benign,root-9d11abb0bef2ca3e7681c818,1001,veh_011,ps-298210176c98c50a,CAM,58.0,801.6,625.5494839105004,13.811843629188559,0.5988824187638233,801.6,625.5494839105004,13.811843629188559,0.5988824187638233,nonce-9d11abb0bef2ca3e7681,True,False,benign,False,0,"{""attack_ended_at"": 58.0, ""case_opened_at"": 58.0, ""lane_id"": ""g21_g22_0"", ""road_id"": ""g21_g22""}"
cam-1001-veh_012-000045,cam-1001-veh_012-000045,case-grid-1001-veh_012-false_denm,root-ee776c067eab4d6c9243a14a,1001,veh_012,ps-a2d8503b0d2b7ea8,DENM,58.0,422.1535245166851,398.4,10.092900878793092,1.9878472506580867,422.1535245166851,398.4,10.092900878793092,1.9878472506580867,nonce-ee776c067eab4d6c9243,True,True,false_denm,True,0,"{""attack_ended_at"": 80.0, ""case_opened_at"": 28.0, ""lane_id"": ""g11_g21_0"", ""road_id"": ""g11_g21""}"
cam-1001-veh_013-000044,cam-1001-veh_013-000044,case-grid-1001-veh_013-benign,root-dad9a34da330acc56f4e431c,1001,veh_013,ps-ffb1bac62aa27994,CAM,58.0,374.02083971576155,401.6,11.23649387977112,2.4037937601329755,374.02083971576155,401.6,11.23649387977112,2.4037937601329755,nonce-dad9a34da330acc56f4e,True,False,benign,False,0,"{""attack_ended_at"": 58.0, ""case_opened_at"": 58.0, ""lane_id"": ""g11_g01_0"", ""road_id"": ""g11_g01""}"
cam-1001-veh_014-000043-m0,cam-1001-veh_014-000043,case-grid-1001-veh_014-mixed,root-15c86af334ced3f6594e39d3,1001,veh_014,ps-0c5027fa621fc8a7,DENM,58.0,401.6,591.4585800544658,13.853078971356847,0.2860232732584702,446.6,600.4585800544658,21.853078971356847,0.2860232732584702,nonce-15c86af334ced3f6594e,True,True,mixed,True,0,"{""attack_ended_at"": 82.0, ""case_opened_at"": 30.0, ""lane_id"": ""g11_g12_0"", ""road_id"": ""g11_g12""}"
cam-1001-veh_014-000043-m1,cam-1001-veh_014-000043,case-grid-1001-veh_014-mixed,root-15c86af334ced3f6594e39d3,1001,veh_014,ps-0c5027fa621fc8a7,DENM,58.0,401.6,591.4585800544658,13.853078971356847,0.2860232732584702,446.6,600.4585800544658,21.853078971356847,0.2860232732584702,nonce-15c86af334ced3f6594e,True,True,mixed,True,1,"{""attack_ended_at"": 82.0, ""case_opened_at"": 30.0, ""lane_id"": ""g11_g12_0"", ""road_id"": ""g11_g12""}"
cam-1001-veh_014-000043-m2,cam-1001-veh_014-000043,case-grid-1001-veh_014-mixed,root-15c86af334ced3f6594e39d3,1001,veh_014,ps-0c5027fa621fc8a7,DENM,58.0,401.6,591.4585800544658,13.853078971356847,0.2860232732584702,446.6,600.4585800544658,21.853078971356847,0.2860232732584702,nonce-15c86af334ced3f6594e,True,True,mixed,True,2,"{""attack_ended_at"": 82.0, ""case_opened_at"": 30.0, ""lane_id"": ""g11_g12_0"", ""road_id"": ""g11_g12""}"
cam-1001-veh_014-000043-m3,cam-1001-veh_014-000043,case-grid-1001-veh_014-mixed,root-15c86af334ced3f6594e39d3,1001,veh_014,ps-0c5027fa621fc8a7,DENM,58.0,401.6,591.4585800544658,13.853078971356847,0.2860232732584702,446.6,600.4585800544658,21.853078971356847,0.2860232732584702,nonce-15c86af334ced3f6594e,True,True,mixed,True,3,"{""attack_ended_at"": 82.0, ""case_opened_at"": 30.0, ""lane_id"": ""g11_g12_0"", ""road_id"": ""g11_g12""}"
cam-1001-veh_015-000042,cam-1001-veh_015-000042,case-grid-1001-veh_015-benign,root-74924e759a666c15056ef454,1001,veh_015,ps-43db3038c74a6947,CAM,58.0,398.4,244.44516330231048,13.019021039861352,-0.01825076075736476,398.4,244.44516330231048,13.019021039861352,-0.01825076075736476,nonce-74924e759a666c15056e,True,False,benign,False,0,"{""attack_ended_at"": 58.0, ""case_opened_at"": 58.0, ""lane_id"": ""g11_g10_0"", ""road_id"": ""g11_g10""}"
cam-1001-veh_016-000041,cam-1001-veh_016-000041,case-grid-1001-veh_016-benign,root-355d43ade34ec5b6054001d3,1001,veh_016,ps-cbbef243035097ce,CAM,58.0,627.3333757874938,-1.6,11.819019320227072,0.5578611647387248,627.3333757874938,-1.6,11.819019320227072,0.5578611647387248,nonce-355d43ade34ec5b60540,True,False,benign,False,0,"{""attack_ended_at"": 58.0, ""case_opened_at"": 58.0, ""lane_id"": ""g10_g20_0"", ""road_id"": ""g10_g20""}"
cam-1001-veh_017-000040,cam-1001-veh_017-000040,case-grid-1001-veh_017-benign,root-0e69981c823213df84a8cb69,1001,veh_017,ps-c4cb9175e03371fc,CAM,58.0,798.4,223.95130708188944,14.462669621691875,0.14160716438200183,798.4,223.95130708188944,14.462669621691875,0.14160716438200183,nonce-0e69981c823213df84a8,True,False,benign,False,0,"{""attack_ended_at"": 58.0, ""case_opened_at"": 58.0, ""lane_id"": ""g21_g20_0"", ""road_id"": ""g21_g20""}"
cam-1001-veh_018-000039,cam-1001-veh_018-000039,case-grid-1001-veh_018-benign,root-5f0cdaca00f0e9f9427156db,1001,veh_018,ps-f5eb5907dca15325,CAM,58.0,532.2311506199144,798.4,13.32456163011756,-0.11897043640259675,532.2311506199144,798.4,13.32456163011756,-0.11897043640259675,nonce-5f0cdaca00f0e9f94271,True,False,benign,False,0,"{""attack_ended_at"": 58.0, ""case_opened_at"": 58.0, ""lane_id"": ""g12_g22_0"", ""road_id"": ""g12_g22""}"
cam-1001-veh_019-000038,cam-1001-veh_019-000038,case-grid-1001-veh_019-benign,root-cfe1a3f724bf996aecb5a78b,1001,veh_019,ps-bfc295509368822d,CAM,58.0,801.6,543.1894725323278,14.202442882138811,0.40749317612964653,801.6,543.1894725323278,14.202442882138811,0.40749317612964653,nonce-cfe1a3f724bf996aecb5,True,False,benign,False,0,"{""attack_ended_at"": 58.0, ""case_opened_at"": 58.0, ""lane_id"": ""g21_g22_0"", ""road_id"": ""g21_g22""}"
cam-1001-veh_020-000037,cam-1001-veh_020-000037,case-grid-1001-veh_020-benign,root-c1b4ff697094a553663bfbe1,1001,veh_020,ps-ebb98a241b250d58,CAM,58.0,403.3564064291806,398.4,7.626794053759884,2.273780783461407,403.3564064291806,398.4,7.626794053759884,2.273780783461407,nonce-c1b4ff697094a553663b,True,False,benign,False,0,"{""attack_ended_at"": 58.0, ""case_opened_at"": 58.0, ""lane_id"": "":g11_10_0"", ""road_id"": "":g11_10""}"
cam-1001-veh_021-000036,cam-1001-veh_021-000036,case-grid-1001-veh_021-benign,root-1cd17521167e3f149c1d86ae,1001,veh_021,ps-c17e704b00a194fa,CAM,58.0,393.44595682076374,401.6,8.490169781448591,1.8232986677909953,393.44595682076374,401.6,8.490169781448591,1.8232986677909953,nonce-1cd17521167e3f149c1d,True,False,benign,False,0,"{""attack_ended_at"": 58.0, ""case_opened_at"": 58.0, ""lane_id"": "":g11_4_0"", ""road_id"": "":g11_4""}"
cam-1001-veh_022-000035,cam-1001-veh_022-000035,case-grid-1001-veh_022-benign,root-619ce8026b2afb8230d9cebd,1001,veh_022,ps-37f1e0f2b964b078,CAM,58.0,401.6,566.8330531370291,14.246119463363646,0.07778222606750163,401.6,566.8330531370291,14.246119463363646,0.07778222606750163,nonce-619ce8026b2afb8230d9,True,False,benign,False,0,"{""attack_ended_at"": 58.0, ""case_opened_at"": 58.0, ""lane_id"": ""g11_g12_0"", ""road_id"": ""g11_g12""}"
cam-1001-veh_023-000034,cam-1001-veh_023-000034,case-grid-1001-veh_023-benign,root-ee0f89bbb35e1cb4e0af6ed6,1001,veh_023,ps-88766211387813b1,CAM,58.0,398.4,335.3101632763777,13.081025757303356,-0.6095027404557918,398.4,335.3101632763777,13.081025757303356,-0.6095027404557918,nonce-ee0f89bbb35e1cb4e0af,True,False,benign,False,0,"{""attack_ended_at"": 58.0, ""case_opened_at"": 58.0, ""lane_id"": ""g11_g10_0"", ""road_id"": ""g11_g10""}"
cam-1001-veh_000-000058,cam-1001-veh_000-000058,case-grid-1001-veh_000-benign,root-c7e1bc9dee4662da8555ef3b,1001,veh_000,ps-0b6a8266609a146f,CAM,59.0,679.741925865533,-1.6,11.69685825874331,0.2643150705238799,679.741925865533,-1.6,11.69685825874331,0.2643150705238799,nonce-c7e1bc9dee4662da8555,True,False,benign,False,0,"{""attack_ended_at"": 59.0, ""case_opened_at"": 59.0, ""lane_id"": ""g10_g20_0"", ""road_id"": ""g10_g20""}"
cam-1001-veh_001-000057,cam-1001-veh_001-000057,case-grid-1001-veh_001-benign,root-80c49f81e32a4d26a10d7610,1001,veh_001,ps-11b4aa50327f89a0,CAM,59.0,798.4,70.06623806691726,12.798515995040932,0.3581022222759209,798.4,70.06623806691726,12.798515995040932,0.3581022222759209,nonce-80c49f81e32a4d26a10d,True,False,benign,False,0,"{""attack_ended_at"": 59.0, ""case_opened_at"": 59.0, ""lane_id"": ""g21_g20_0"", ""road_id"": ""g21_g20""}"
cam-1001-veh_002-000056,cam-1001-veh_002-000056,case-grid-1001-veh_002-position_offset,root-5fb1302539c22c6e52bfa359,1001,veh_002,ps-e0bc27433007a32c,CAM,59.0,712.0627687037887,798.4,12.773999632133492,0.2563618686329576,777.0627687037887,814.65,12.773999632133492,0.2563618686329576,nonce-5fb1302539c22c6e52bf,True,False,position_offset,True,0,"{""attack_ended_at"": 70.0, ""case_opened_at"": 18.0, ""lane_id"": ""g12_g22_0"", ""road_id"": ""g12_g22""}"
cam-1001-veh_003-000055,cam-1001-veh_003-000055,case-grid-1001-veh_003-benign,root-fcf330055baf4dbf06f182a0,1001,veh_003,ps-13247f0afc865149,CAM,59.0,801.6,702.1288642677741,12.350336244086199,-0.3734258528379719,801.6,702.1288642677741,12.350336244086199,-0.3734258528379719,nonce-fcf330055baf4dbf06f1,True,False,benign,False,0,"{""attack_ended_at"": 59.0, ""case_opened_at"": 59.0, ""lane_id"": ""g21_g22_0"", ""road_id"": ""g21_g22""}"
cam-1001-veh_004-000054,cam-1001-veh_004-000054,case-grid-1001-veh_004-speed_offset,root-2ebdc85d0216a28fe93bb644,1001,veh_004,ps-b7dd5d779d6fb997,CAM,59.0,503.7717168211491,398.4,13.2707336214372,0.30264417501166463,503.7717168211491,398.4,24.270733621437202,0.30264417501166463,nonce-2ebdc85d0216a28fe93b,True,False,speed_offset,True,0,"{""attack_ended_at"": 72.0, ""case_opened_at"": 20.0, ""lane_id"": ""g11_g21_0"", ""road_id"": ""g11_g21""}"
cam-1001-veh_005-000053,cam-1001-veh_005-000053,case-grid-1001-veh_005-benign,root-3581b6fa821708e0e19ac4d7,1001,veh_005,ps-fedb1f4cae953d51,CAM,59.0,297.9954343888552,401.6,12.96423825941176,-0.07303776918444704,297.9954343888552,401.6,12.96423825941176,-0.07303776918444704,nonce-3581b6fa821708e0e19a,True,False,benign,False,0,"{""attack_ended_at"": 59.0, ""case_opened_at"": 59.0, ""lane_id"": ""g11_g01_0"", ""road_id"": ""g11_g01""}"
replay-cam-1001-veh_006-000052,cam-1001-veh_006-000012,case-grid-1001-veh_006-replay,root-e685cc25bd7b355fd757e166,1001,veh_006,ps-402cdb4ee382d9ca,CAM,19.0,401.6,161.79692725744974,12.181179647369184,-0.24670274272095405,401.6,161.79692725744974,12.181179647369184,-0.24670274272095405,nonce-e685cc25bd7b355fd757,True,False,replay,True,10,"{""attack_ended_at"": 19.0, ""case_opened_at"": 19.0, ""lane_id"": ""g10_g11_0"", ""road_id"": ""g10_g11""}"
cam-1001-veh_007-000051,cam-1001-veh_007-000051,case-grid-1001-veh_007-benign,root-0d22cca77a84c37d019cdc3c,1001,veh_007,ps-20a8fd281b9c6e27,CAM,59.0,398.4,144.45975704886058,12.919773492215596,0.527056105043739,398.4,144.45975704886058,12.919773492215596,0.527056105043739,nonce-0d22cca77a84c37d019c,True,False,benign,False,0,"{""attack_ended_at"": 59.0, ""case_opened_at"": 59.0, ""lane_id"": ""g11_g10_0"", ""road_id"": ""g11_g10""}"
cam-1001-veh_008-000050,cam-1001-veh_008-000050,case-grid-1001-veh_008-certificate_tamper,root-2ca505ac4794e16ca795455c,1001,veh_008,ps-0441a16dd8d22b44,CAM,59.0,659.2119338955613,-1.6,11.765156593290769,0.7727140739196336,659.2119338955613,-1.6,11.765156593290769,0.7727140739196336,nonce-2ca505ac4794e16ca795,False,False,certificate_tamper,True,0,"{""attack_ended_at"": 76.0, ""case_opened_at"": 24.0, ""lane_id"": ""g10_g20_0"", ""road_id"": ""g10_g20""}"
cam-1001-veh_009-000049,cam-1001-veh_009-000049,case-grid-1001-veh_009-benign,root-4bfacb63a03c9897841fccf7,1001,veh_009,ps-8e3b87e1d6235c50,CAM,59.0,798.4,92.74860001463173,13.097744980860288,-0.15231689386274638,798.4,92.74860001463173,13.097744980860288,-0.15231689386274638,nonce-4bfacb63a03c9897841f,True,False,benign,False,0,"{""attack_ended_at"": 59.0, ""case_opened_at"": 59.0, ""lane_id"": ""g21_g20_0"", ""road_id"": ""g21_g20""}"
cam-1001-veh_010-000048-f0,cam-1001-veh_010-000048,case-grid-1001-veh_010-flood,root-4cce7d72071bb20dfcd0478d,1001,veh_010,ps-bf5c5fe0f587553a,CAM,59.0,690.6748233658934,798.4,12.338616133519631,-0.34595072137602934,690.6748233658934,798.4,12.338616133519631,-0.34595072137602934,nonce-4cce7d72071bb20dfcd0,True,False,flood,True,0,"{""attack_ended_at"": 78.0, ""case_opened_at"": 26.0, ""lane_id"": ""g12_g22_0"", ""road_id"": ""g12_g22""}"
cam-1001-veh_010-000048-f1,cam-1001-veh_010-000048,case-grid-1001-veh_010-flood,root-4cce7d72071bb20dfcd0478d,1001,veh_010,ps-bf5c5fe0f587553a,CAM,59.0,690.6748233658934,798.4,12.338616133519631,-0.34595072137602934,690.6748233658934,798.4,12.338616133519631,-0.34595072137602934,nonce-4cce7d72071bb20dfcd0,True,False,flood,True,1,"{""attack_ended_at"": 78.0, ""case_opened_at"": 26.0, ""lane_id"": ""g12_g22_0"", ""road_id"": ""g12_g22""}"
cam-1001-veh_010-000048-f2,cam-1001-veh_010-000048,case-grid-1001-veh_010-flood,root-4cce7d72071bb20dfcd0478d,1001,veh_010,ps-bf5c5fe0f587553a,CAM,59.0,690.6748233658934,798.4,12.338616133519631,-0.34595072137602934,690.6748233658934,798.4,12.338616133519631,-0.34595072137602934,nonce-4cce7d72071bb20dfcd0,True,False,flood,True,2,"{""attack_ended_at"": 78.0, ""case_opened_at"": 26.0, ""lane_id"": ""g12_g22_0"", ""road_id"": ""g12_g22""}"
cam-1001-veh_010-000048-f3,cam-1001-veh_010-000048,case-grid-1001-veh_010-flood,root-4cce7d72071bb20dfcd0478d,1001,veh_010,ps-bf5c5fe0f587553a,CAM,59.0,690.6748233658934,798.4,12.338616133519631,-0.34595072137602934,690.6748233658934,798.4,12.338616133519631,-0.34595072137602934,nonce-4cce7d72071bb20dfcd0,True,False,flood,True,3,"{""attack_ended_at"": 78.0, ""case_opened_at"": 26.0, ""lane_id"": ""g12_g22_0"", ""road_id"": ""g12_g22""}"
cam-1001-veh_010-000048-f4,cam-1001-veh_010-000048,case-grid-1001-veh_010-flood,root-4cce7d72071bb20dfcd0478d,1001,veh_010,ps-bf5c5fe0f587553a,CAM,59.0,690.6748233658934,798.4,12.338616133519631,-0.34595072137602934,690.6748233658934,798.4,12.338616133519631,-0.34595072137602934,nonce-4cce7d72071bb20dfcd0,True,False,flood,True,4,"{""attack_ended_at"": 78.0, ""case_opened_at"": 26.0, ""lane_id"": ""g12_g22_0"", ""road_id"": ""g12_g22""}"
cam-1001-veh_011-000047,cam-1001-veh_011-000047,case-grid-1001-veh_011-benign,root-9e66d40aea358c4a20c9c397,1001,veh_011,ps-298210176c98c50a,CAM,59.0,801.6,639.3214543842962,13.771970473795854,-0.03987315539270497,801.6,639.3214543842962,13.771970473795854,-0.03987315539270497,nonce-9e66d40aea358c4a20c9,True,False,benign,False,0,"{""attack_ended_at"": 59.0, ""case_opened_at"": 59.0, ""lane_id"": ""g21_g22_0"", ""road_id"": ""g21_g22""}"
cam-1001-veh_012-000046,cam-1001-veh_012-000046,case-grid-1001-veh_012-false_denm,root-768a8445acf54c2dad1fe6e7,1001,veh_012,ps-a2d8503b0d2b7ea8,CAM,59.0,434.609724238143,398.4,12.4561997214579,2.3632988426648076,434.609724238143,398.4,12.4561997214579,2.3632988426648076,nonce-768a8445acf54c2dad1f,True,False,false_denm,True,0,"{""attack_ended_at"": 80.0, ""case_opened_at"": 28.0, ""lane_id"": ""g11_g21_0"", ""road_id"": ""g11_g21""}"
cam-1001-veh_013-000045,cam-1001-veh_013-000045,case-grid-1001-veh_013-benign,root-e0692e0e3f4f8702e479d74b,1001,veh_013,ps-ffb1bac62aa27994,CAM,59.0,361.0942940367228,401.6,12.926545679038815,1.690051799267696,361.0942940367228,401.6,12.926545679038815,1.690051799267696,nonce-e0692e0e3f4f8702e479,True,False,benign,False,0,"{""attack_ended_at"": 59.0, ""case_opened_at"": 59.0, ""lane_id"": ""g11_g01_0"", ""road_id"": ""g11_g01""}"
cam-1001-veh_014-000044-m0,cam-1001-veh_014-000044,case-grid-1001-veh_014-mixed,root-129fe9e11af917e5e0a9f151,1001,veh_014,ps-0c5027fa621fc8a7,DENM,59.0,401.6,605.076782481808,13.618202427342297,-0.2348765440145506,446.6,614.076782481808,21.618202427342297,-0.2348765440145506,nonce-129fe9e11af917e5e0a9,True,True,mixed,True,0,"{""attack_ended_at"": 82.0, ""case_opened_at"": 30.0, ""lane_id"": ""g11_g12_0"", ""road_id"": ""g11_g12""}"
cam-1001-veh_014-000044-m1,cam-1001-veh_014-000044,case-grid-1001-veh_014-mixed,root-129fe9e11af917e5e0a9f151,1001,veh_014,ps-0c5027fa621fc8a7,DENM,59.0,401.6,605.076782481808,13.618202427342297,-0.2348765440145506,446.6,614.076782481808,21.618202427342297,-0.2348765440145506,nonce-129fe9e11af917e5e0a9,True,True,mixed,True,1,"{""attack_ended_at"": 82.0, ""case_opened_at"": 30.0, ""lane_id"": ""g11_g12_0"", ""road_id"": ""g11_g12""}"
cam-1001-veh_014-000044-m2,cam-1001-veh_014-000044,case-grid-1001-veh_014-mixed,root-129fe9e11af917e5e0a9f151,1001,veh_014,ps-0c5027fa621fc8a7,DENM,59.0,401.6,605.076782481808,13.618202427342297,-0.2348765440145506,446.6,614.076782481808,21.618202427342297,-0.2348765440145506,nonce-129fe9e11af917e5e0a9,True,True,mixed,True,2,"{""attack_ended_at"": 82.0, ""case_opened_at"": 30.0, ""lane_id"": ""g11_g12_0"", ""road_id"": ""g11_g12""}"
cam-1001-veh_014-000044-m3,cam-1001-veh_014-000044,case-grid-1001-veh_014-mixed,root-129fe9e11af917e5e0a9f151,1001,veh_014,ps-0c5027fa621fc8a7,DENM,59.0,401.6,605.076782481808,13.618202427342297,-0.2348765440145506,446.6,614.076782481808,21.618202427342297,-0.2348765440145506,nonce-129fe9e11af917e5e0a9,True,True,mixed,True,3,"{""attack_ended_at"": 82.0, ""case_opened_at"": 30.0, ""lane_id"": ""g11_g12_0"", ""road_id"": ""g11_g12""}"
cam-1001-veh_015-000043,cam-1001-veh_015-000043,case-grid-1001-veh_015-benign,root-dad6b4031f090f76058cbb94,1001,veh_015,ps-43db3038c74a6947,CAM,59.0,398.4,231.14359448154048,13.301568820769996,0.28254778090864363,398.4,231.14359448154048,13.301568820769996,0.28254778090864363,nonce-dad6b4031f090f76058c,True,False,benign,False,0,"{""attack_ended_at"": 59.0, ""case_opened_at"": 59.0, ""lane_id"": ""g11_g10_0"", ""road_id"": ""g11_g10""}"
cam-1001-veh_016-000042,cam-1001-veh_016-000042,case-grid-1001-veh_016-benign,root-b8470b5683a32e151931b095,1001,veh_016,ps-cbbef243035097ce,CAM,59.0,638.5851529688385,-1.6,11.25177718134479,-0.5672421388822819,638.5851529688385,-1.6,11.25177718134479,-0.5672421388822819,nonce-b8470b5683a32e151931,True,False,benign,False,0,"{""attack_ended_at"": 59.0, ""case_opened_at"": 59.0, ""lane_id"": ""g10_g20_0"", ""road_id"": ""g10_g20""}"
cam-1001-veh_017-000041,cam-1001-veh_017-000041,case-grid-1001-veh_017-benign,root-6315598030fcefdbfcd1b19e,1001,veh_017,ps-c4cb9175e03371fc,CAM,59.0,798.4,209.92142344997475,14.029883631914691,-0.43278598977718374,798.4,209.92142344997475,14.029883631914691,-0.43278598977718374,nonce-6315598030fcefdbfcd1,True,False,benign,False,0,"{""attack_ended_at"": 59.0, ""case_opened_at"": 59.0, ""lane_id"": ""g21_g20_0"", ""road_id"": ""g21_g20""}"
cam-1001-veh_018-000040,cam-1001-veh_018-000040,case-grid-1001-veh_018-benign,root-fbd4c1c6f4b9468a7d72118e,1001,veh_018,ps-f5eb5907dca15325,CAM,59.0,545.5409018172496,798.4,13.309751197335162,-0.014810432782397243,545.5409018172496,798.4,13.309751197335162,-0.014810432782397243,nonce-fbd4c1c6f4b9468a7d72,True,False,benign,False,0,"{""attack_ended_at"": 59.0, ""case_opened_at"": 59.0, ""lane_id"": ""g12_g22_0"", ""road_id"": ""g12_g22""}"
cam-1001-veh_019-000039,cam-1001-veh_019-000039,case-grid-1001-veh_019-benign,root-6b024473972d3ccad1862121,1001,veh_019,ps-bfc295509368822d,CAM,59.0,801.6,557.2728509932506,14.083378460922786,-0.11906442121602545,801.6,557.2728509932506,14.083378460922786,-0.11906442121602545,nonce-6b024473972d3ccad186,True,False,benign,False,0,"{""attack_ended_at"": 59.0, ""case_opened_at"": 59.0, ""lane_id"": ""g21_g22_0"", ""road_id"": ""g21_g22""}"
cam-1001-veh_020-000038,cam-1001-veh_020-000038,case-grid-1001-veh_020-benign,root-4d3362b03689123789d46df7,1001,veh_020,ps-ebb98a241b250d58,CAM,59.0,413.0095120035812,398.4,9.653105574400621,2.0263115206407374,413.0095120035812,398.4,9.653105574400621,2.0263115206407374,nonce-4d3362b03689123789d4,True,False,benign,False,0,"{""attack_ended_at"": 59.0, ""case_opened_at"": 59.0, ""lane_id"": ""g11_g21_0"", ""road_id"": ""g11_g21""}"
cam-1001-veh_021-000037,cam-1001-veh_021-000037,case-grid-1001-veh_021-benign,root-04aa97bfe3d775cc65c02901,1001,veh_021,ps-c17e704b00a194fa,CAM,59.0,382.8082342530692,401.6,10.637722567694533,2.1475527862459423,382.8082342530692,401.6,10.637722567694533,2.1475527862459423,nonce-04aa97bfe3d775cc65c0,True,False,benign,False,0,"{""attack_ended_at"": 59.0, ""case_opened_at"": 59.0, ""lane_id"": ""g11_g01_0"", ""road_id"": ""g11_g01""}"
cam-1001-veh_022-000036,cam-1001-veh_022-000036,case-grid-1001-veh_022-benign,root-091121ffeee3e06b3f7184d5,1001,veh_022,ps-37f1e0f2b964b078,CAM,59.0,401.6,580.90798907828,14.07493594125092,-0.17118352211272558,401.6,580.90798907828,14.07493594125092,-0.17118352211272558,nonce-091121ffeee3e06b3f71,True,False,benign,False,0,"{""attack_ended_at"": 59.0, ""case_opened_at"": 59.0, ""lane_id"": ""g11_g12_0"", ""road_id"": ""g11_g12""}"
cam-1001-veh_023-000035,cam-1001-veh_023-000035,case-grid-1001-veh_023-benign,root-8335077a260e99ea126808f3,1001,veh_023,ps-88766211387813b1,CAM,59.0,398.4,321.8701802559222,13.439983020455472,0.3589572631521154,398.4,321.8701802559222,13.439983020455472,0.3589572631521154,nonce-8335077a260e99ea1268,True,False,benign,False,0,"{""attack_ended_at"": 59.0, ""case_opened_at"": 59.0, ""lane_id"": ""g11_g10_0"", ""road_id"": ""g11_g10""}"
cam-1001-veh_000-000059,cam-1001-veh_000-000059,case-grid-1001-veh_000-benign,root-a9399032ee76b95dd01d8ac2,1001,veh_000,ps-0b6a8266609a146f,CAM,60.0,691.3644369784628,-1.6,11.622511112929793,-0.0743471458135172,691.3644369784628,-1.6,11.622511112929793,-0.0743471458135172,nonce-a9399032ee76b95dd01d,True,False,benign,False,0,"{""attack_ended_at"": 60.0, ""case_opened_at"": 60.0, ""lane_id"": ""g10_g20_0"", ""road_id"": ""g10_g20""}"
cam-1001-veh_001-000058,cam-1001-veh_001-000058,case-grid-1001-veh_001-benign,root-da53608cc3e7822515f9d63d,1001,veh_001,ps-11b4aa50327f89a0,CAM,60.0,798.4,57.35902544880895,12.707212618108302,-0.09130337693262902,798.4,57.35902544880895,12.707212618108302,-0.09130337693262902,nonce-da53608cc3e7822515f9,True,False,benign,False,0,"{""attack_ended_at"": 60.0, ""case_opened_at"": 60.0, ""lane_id"": ""g21_g20_0"", ""road_id"": ""g21_g20""}"
cam-1001-veh_002-000057,cam-1001-veh_002-000057,case-grid-1001-veh_002-position_offset,root-db2cbfd5ecb0ce518170d194,1001,veh_002,ps-e0bc27433007a32c,CAM,60.0,724.4761631352442,798.4,12.413394431455382,-0.3606052006781102,789.4761631352442,814.65,12.413394431455382,-0.3606052006781102,nonce-db2cbfd5ecb0ce518170,True,False,position_offset,True,0,"{""attack_ended_at"": 70.0, ""case_opened_at"": 18.0, ""lane_id"": ""g12_g22_0"", ""road_id"": ""g12_g22""}"
cam-1001-veh_003-000056,cam-1001-veh_003-000056,case-grid-1001-veh_003-benign,root-2f55b08e4799a1d829221bce,1001,veh_003,ps-13247f0afc865149,CAM,60.0,801.6,714.3857767753179,12.256912507543735,-0.09342373654246394,801.6,714.3857767753179,12.256912507543735,-0.09342373654246394,nonce-2f55b08e4799a1d82922,True,False,benign,False,0,"{""attack_ended_at"": 60.0, ""case_opened_at"": 60.0, ""lane_id"": ""g21_g22_0"", ""road_id"": ""g21_g22""}"
cam-1001-veh_004-000055,cam-1001-veh_004-000055,case-grid-1001-veh_004-speed_offset,root-275140209c9845ff2cd24aaf,1001,veh_004,ps-b7dd5d779d6fb997,CAM,60.0,516.9501575869855,398.4,13.178440765836374,-0.09229285560082623,516.9501575869855,398.4,24.178440765836374,-0.09229285560082623,nonce-275140209c9845ff2cd2,True,False,speed_offset,True,0,"{""attack_ended_at"": 72.0, ""case_opened_at"": 20.0, ""lane_id"": ""g11_g21_0"", ""road_id"": ""g11_g21""}"
cam-1001-veh_005-000054,cam-1001-veh_005-000054,case-grid-1001-veh_005-benign,root-b30709c8c5d506cccb187445,1001,veh_005,ps-fedb1f4cae953d51,CAM,60.0,285.4296488097267,401.6,12.565785579128534,-0.398452680283226,285.4296488097267,401.6,12.565785579128534,-0.398452680283226,nonce-b30709c8c5d506cccb18,True,False,benign,False,0,"{""attack_ended_at"": 60.0, ""case_opened_at"": 60.0, ""lane_id"": ""g11_g01_0"", ""road_id"": ""g11_g01""}"
replay-cam-1001-veh_006-000053,cam-1001-veh_006-000013,case-grid-1001-veh_006-replay,root-5c7a4513fe3be1054abc600a,1001,veh_006,ps-402cdb4ee382d9ca,CAM,20.0,401.6,174.59536314421544,12.798435886765704,0.6172562393965197,401.6,174.59536314421544,12.798435886765704,0.6172562393965197,nonce-5c7a4513fe3be1054abc,True,False,replay,True,10,"{""attack_ended_at"": 20.0, ""case_opened_at"": 20.0, ""lane_id"": ""g10_g11_0"", ""road_id"": ""g10_g11""}"
cam-1001-veh_007-000052,cam-1001-veh_007-000052,case-grid-1001-veh_007-benign,root-c48c5c8901c91ea4b51a7e99,1001,veh_007,ps-20a8fd281b9c6e27,CAM,60.0,398.4,131.5683854621621,12.891371586698503,-0.028401905517092985,398.4,131.5683854621621,12.891371586698503,-0.028401905517092985,nonce-c48c5c8901c91ea4b51a,True,False,benign,False,0,"{""attack_ended_at"": 60.0, ""case_opened_at"": 60.0, ""lane_id"": ""g11_g10_0"", ""road_id"": ""g11_g10""}"
cam-1001-veh_008-000051,cam-1001-veh_008-000051,case-grid-1001-veh_008-certificate_tamper,root-de117b1bf79ab6e9b60d5907,1001,veh_008,ps-0441a16dd8d22b44,CAM,60.0,671.2603770048671,-1.6,12.048443109305822,0.2832865160150533,671.2603770048671,-1.6,12.048443109305822,0.2832865160150533,nonce-de117b1bf79ab6e9b60d,False,False,certificate_tamper,True,0,"{""attack_ended_at"": 76.0, ""case_opened_at"": 24.0, ""lane_id"": ""g10_g20_0"", ""road_id"": ""g10_g20""}"
cam-1001-veh_009-000050,cam-1001-veh_009-000050,case-grid-1001-veh_009-benign,root-e79ec7f438ed83511132e7bd,1001,veh_009,ps-8e3b87e1d6235c50,CAM,60.0,798.4,79.9032611244005,12.845338890231208,-0.2524060906290799,798.4,79.9032611244005,12.845338890231208,-0.2524060906290799,nonce-e79ec7f438ed83511132,True,False,benign,False,0,"{""attack_ended_at"": 60.0, ""case_opened_at"": 60.0, ""lane_id"": ""g21_g20_0"", ""road_id"": ""g21_g20""}"
cam-1001-veh_010-000049-f0,cam-1001-veh_010-000049,case-grid-1001-veh_010-flood,root-70e84c8b3419968cdfd311d3,1001,veh_010,ps-bf5c5fe0f587553a,CAM,60.0,703.6670300649095,798.4,12.992206699016116,0.6535905654964846,703.6670300649095,798.4,12.992206699016116,0.6535905654964846,nonce-70e84c8b3419968cdfd3,True,False,flood,True,0,"{""attack_ended_at"": 78.0, ""case_opened_at"": 26.0, ""lane_id"": ""g12_g22_0"", ""road_id"": ""g12_g22""}"
cam-1001-veh_010-000049-f1,cam-1001-veh_010-000049,case-grid-1001-veh_010-flood,root-70e84c8b3419968cdfd311d3,1001,veh_010,ps-bf5c5fe0f587553a,CAM,60.0,703.6670300649095,798.4,12.992206699016116,0.6535905654964846,703.6670300649095,798.4,12.992206699016116,0.6535905654964846,nonce-70e84c8b3419968cdfd3,True,False,flood,True,1,"{""attack_ended_at"": 78.0, ""case_opened_at"": 26.0, ""lane_id"": ""g12_g22_0"", ""road_id"": ""g12_g22""}"
cam-1001-veh_010-000049-f2,cam-1001-veh_010-000049,case-grid-1001-veh_010-flood,root-70e84c8b3419968cdfd311d3,1001,veh_010,ps-bf5c5fe0f587553a,CAM,60.0,703.6670300649095,798.4,12.992206699016116,0.6535905654964846,703.6670300649095,798.4,12.992206699016116,0.6535905654964846,nonce-70e84c8b3419968cdfd3,True,False,flood,True,2,"{""attack_ended_at"": 78.0, ""case_opened_at"": 26.0, ""lane_id"": ""g12_g22_0"", ""road_id"": ""g12_g22""}"
cam-1001-veh_010-000049-f3,cam-1001-veh_010-000049,case-grid-1001-veh_010-flood,root-70e84c8b3419968cdfd311d3,1001,veh_010,ps-bf5c5fe0f587553a,CAM,60.0,703.6670300649095,798.4,12.992206699016116,0.6535905654964846,703.6670300649095,798.4,12.992206699016116,0.6535905654964846,nonce-70e84c8b3419968cdfd3,True,False,flood,True,3,"{""attack_ended_at"": 78.0, ""case_opened_at"": 26.0, ""lane_id"": ""g12_g22_0"", ""road_id"": ""g12_g22""}"
cam-1001-veh_010-000049-f4,cam-1001-veh_010-000049,case-grid-1001-veh_010-flood,root-70e84c8b3419968cdfd311d3,1001,veh_010,ps-bf5c5fe0f587553a,CAM,60.0,703.6670300649095,798.4,12.992206699016116,0.6535905654964846,703.6670300649095,798.4,12.992206699016116,0.6535905654964846,nonce-70e84c8b3419968cdfd3,True,False,flood,True,4,"{""attack_ended_at"": 78.0, ""case_opened_at"": 26.0, ""lane_id"": ""g12_g22_0"", ""road_id"": ""g12_g22""}"
cam-1001-veh_011-000048,cam-1001-veh_011-000048,case-grid-1001-veh_011-benign,root-9ef6482a865b073ea3b0bc0b,1001,veh_011,ps-298210176c98c50a,CAM,60.0,801.6,652.4769348663834,13.155480482087194,-0.6164899917086597,801.6,652.4769348663834,13.155480482087194,-0.6164899917086597,nonce-9ef6482a865b073ea3b0,True,False,benign,False,0,"{""attack_ended_at"": 60.0, ""case_opened_at"": 60.0, ""lane_id"": ""g21_g22_0"", ""road_id"": ""g21_g22""}"
cam-1001-veh_012-000047,cam-1001-veh_012-000047,case-grid-1001-veh_012-false_denm,root-756f3e1b427165d521bf2ad5,1001,veh_012,ps-a2d8503b0d2b7ea8,CAM,60.0,449.1242682023863,398.4,14.5145439642433,2.0583442427854006,449.1242682023863,398.4,14.5145439642433,2.0583442427854006,nonce-756f3e1b427165d521bf,True,False,false_denm,True,0,"{""attack_ended_at"": 80.0, ""case_opened_at"": 28.0, ""lane_id"": ""g11_g21_0"", ""road_id"": ""g11_g21""}"
cam-1001-veh_013-000046,cam-1001-veh_013-000046,case-grid-1001-veh_013-benign,root-1ff202d201e2868286cbe2c9,1001,veh_013,ps-ffb1bac62aa27994,CAM,60.0,347.5050876512961,401.6,13.58920638542665,0.6626607063878343,347.5050876512961,401.6,13.58920638542665,0.6626607063878343,nonce-1ff202d201e2868286cb,True,False,benign,False,0,"{""attack_ended_at"": 60.0, ""case_opened_at"": 60.0, ""lane_id"": ""g11_g01_0"", ""road_id"": ""g11_g01""}"
cam-1001-veh_014-000045-m0,cam-1001-veh_014-000045,case-grid-1001-veh_014-mixed,root-3d91081f99b1a0fc97ebe3dd,1001,veh_014,ps-0c5027fa621fc8a7,DENM,60.0,401.6,618.1577158529111,13.080933371103132,-0.5372690562391647,446.6,627.1577158529111,21.080933371103132,-0.5372690562391647,nonce-3d91081f99b1a0fc97eb,True,True,mixed,True,0,"{""attack_ended_at"": 82.0, ""case_opened_at"": 30.0, ""lane_id"": ""g11_g12_0"", ""road_id"": ""g11_g12""}"
cam-1001-veh_014-000045-m1,cam-1001-veh_014-000045,case-grid-1001-veh_014-mixed,root-3d91081f99b1a0fc97ebe3dd,1001,veh_014,ps-0c5027fa621fc8a7,DENM,60.0,401.6,618.1577158529111,13.080933371103132,-0.5372690562391647,446.6,627.1577158529111,21.080933371103132,-0.5372690562391647,nonce-3d91081f99b1a0fc97eb,True,True,mixed,True,1,"{""attack_ended_at"": 82.0, ""case_opened_at"": 30.0, ""lane_id"": ""g11_g12_0"", ""road_id"": ""g11_g12""}"
cam-1001-veh_014-000045-m2,cam-1001-veh_014-000045,case-grid-1001-veh_014-mixed,root-3d91081f99b1a0fc97ebe3dd,1001,veh_014,ps-0c5027fa621fc8a7,DENM,60.0,401.6,618.1577158529111,13.080933371103132,-0.5372690562391647,446.6,627.1577158529111,21.080933371103132,-0.5372690562391647,nonce-3d91081f99b1a0fc97eb,True,True,mixed,True,2,"{""attack_ended_at"": 82.0, ""case_opened_at"": 30.0, ""lane_id"": ""g11_g12_0"", ""road_id"": ""g11_g12""}"
cam-1001-veh_014-000045-m3,cam-1001-veh_014-000045,case-grid-1001-veh_014-mixed,root-3d91081f99b1a0fc97ebe3dd,1001,veh_014,ps-0c5027fa621fc8a7,DENM,60.0,401.6,618.1577158529111,13.080933371103132,-0.5372690562391647,446.6,627.1577158529111,21.080933371103132,-0.5372690562391647,nonce-3d91081f99b1a0fc97eb,True,True,mixed,True,3,"{""attack_ended_at"": 82.0, ""case_opened_at"": 30.0, ""lane_id"": ""g11_g12_0"", ""road_id"": ""g11_g12""}"
cam-1001-veh_015-000044,cam-1001-veh_015-000044,case-grid-1001-veh_015-benign,root-5c9fd206b9ad72652492d41d,1001,veh_015,ps-43db3038c74a6947,CAM,60.0,398.4,218.5226038245675,12.62099065697296,-0.6805781637970352,398.4,218.5226038245675,12.62099065697296,-0.6805781637970352,nonce-5c9fd206b9ad72652492,True,False,benign,False,0,"{""attack_ended_at"": 60.0, ""case_opened_at"": 60.0, ""lane_id"": ""g11_g10_0"", ""road_id"": ""g11_g10""}"
cam-1001-veh_016-000043,cam-1001-veh_016-000043,case-grid-1001-veh_016-benign,root-2d319122551d0da40efdad90,1001,veh_016,ps-cbbef243035097ce,CAM,60.0,650.775605951476,-1.6,12.19045298263742,0.9386758012926304,650.775605951476,-1.6,12.19045298263742,0.9386758012926304,nonce-2d319122551d0da40efd,True,False,benign,False,0,"{""attack_ended_at"": 60.0, ""case_opened_at"": 60.0, ""lane_id"": ""g10_g20_0"", ""road_id"": ""g10_g20""}"
cam-1001-veh_017-000042,cam-1001-veh_017-000042,case-grid-1001-veh_017-benign,root-e4be0cb6f3ef05c963a56f9c,1001,veh_017,ps-c4cb9175e03371fc,CAM,60.0,798.4,196.0755396294803,13.845883820494473,-0.18399981142021815,798.4,196.0755396294803,13.845883820494473,-0.18399981142021815,nonce-e4be0cb6f3ef05c963a5,True,False,benign,False,0,"{""attack_ended_at"": 60.0, ""case_opened_at"": 60.0, ""lane_id"": ""g21_g20_0"", ""road_id"": ""g21_g20""}"
cam-1001-veh_018-000041,cam-1001-veh_018-000041,case-grid-1001-veh_018-benign,root-158d5f4cf57993ae3e07c868,1001,veh_018,ps-f5eb5907dca15325,CAM,60.0,558.6820015614585,798.4,13.14109974420894,-0.16865145312622154,558.6820015614585,798.4,13.14109974420894,-0.16865145312622154,nonce-158d5f4cf57993ae3e07,True,False,benign,False,0,"{""attack_ended_at"": 60.0, ""case_opened_at"": 60.0, ""lane_id"": ""g12_g22_0"", ""road_id"": ""g12_g22""}"
cam-1001-veh_019-000040,cam-1001-veh_019-000040,case-grid-1001-veh_019-benign,root-40bf54c90a3ddc29493069a4,1001,veh_019,ps-bfc295509368822d,CAM,60.0,801.6,571.126662914368,13.853811921117403,-0.22956653980538277,801.6,571.126662914368,13.853811921117403,-0.22956653980538277,nonce-40bf54c90a3ddc294930,True,False,benign,False,0,"{""attack_ended_at"": 60.0, ""case_opened_at"": 60.0, ""lane_id"": ""g21_g22_0"", ""road_id"": ""g21_g22""}"
cam-1001-veh_020-000039,cam-1001-veh_020-000039,case-grid-1001-veh_020-benign,root-7ce19f3cef730fa8c8d46304,1001,veh_020,ps-ebb98a241b250d58,CAM,60.0,424.54121712431936,398.4,11.53170512073812,1.8785995463374991,424.54121712431936,398.4,11.53170512073812,1.8785995463374991,nonce-7ce19f3cef730fa8c8d4,True,False,benign,False,0,"{""attack_ended_at"": 60.0, ""case_opened_at"": 60.0, ""lane_id"": ""g11_g21_0"", ""road_id"": ""g11_g21""}"
cam-1001-veh_021-000038,cam-1001-veh_021-000038,case-grid-1001-veh_021-benign,root-f364db4f9e0edc440e422e06,1001,veh_021,ps-c17e704b00a194fa,CAM,60.0,369.7004919629987,401.6,13.107742290070552,2.470019722376019,369.7004919629987,401.6,13.107742290070552,2.470019722376019,nonce-f364db4f9e0edc440e42,True,False,benign,False,0,"{""attack_ended_at"": 60.0, ""case_opened_at"": 60.0, ""lane_id"": ""g11_g01_0"", ""road_id"": ""g11_g01""}"
cam-1001-veh_022-000037,cam-1001-veh_022-000037,case-grid-1001-veh_022-benign,root-a1601a7dba14c7473e08fee3,1001,veh_022,ps-37f1e0f2b964b078,CAM,60.0,401.6,594.710921130065,13.80293205178495,-0.27200388946597087,401.6,594.710921130065,13.80293205178495,-0.27200388946597087,nonce-a1601a7dba14c7473e08,True,False,benign,False,0,"{""attack_ended_at"": 60.0, ""case_opened_at"": 60.0, ""lane_id"": ""g11_g12_0"", ""road_id"": ""g11_g12""}"
cam-1001-veh_023-000036,cam-1001-veh_023-000036,case-grid-1001-veh_023-benign,root-2c24a396cc44686188c136e6,1001,veh_023,ps-88766211387813b1,CAM,60.0,398.4,308.2843558321798,13.585824423742377,0.1458414032869051,398.4,308.2843558321798,13.585824423742377,0.1458414032869051,nonce-2c24a396cc44686188c1,True,False,benign,False,0,"{""attack_ended_at"": 60.0, ""case_opened_at"": 60.0, ""lane_id"": ""g11_g10_0"", ""road_id"": ""g11_g10""}"
cam-1001-veh_000-000060,cam-1001-veh_000-000060,case-grid-1001-veh_000-benign,root-923a285bf0c126320d40bced,1001,veh_000,ps-0b6a8266609a146f,CAM,61.0,702.6738958429314,-1.6,11.30945886446862,-0.3130522484611724,702.6738958429314,-1.6,11.30945886446862,-0.3130522484611724,nonce-923a285bf0c126320d40,True,False,benign,False,0,"{""attack_ended_at"": 61.0, ""case_opened_at"": 61.0, ""lane_id"": ""g10_g20_0"", ""road_id"": ""g10_g20""}"
cam-1001-veh_001-000059,cam-1001-veh_001-000059,case-grid-1001-veh_001-benign,root-5fd07d882eaad0b7545f2814,1001,veh_001,ps-11b4aa50327f89a0,CAM,61.0,798.4,44.44848392655433,12.910541522254631,0.20332890414632843,798.4,44.44848392655433,12.910541522254631,0.20332890414632843,nonce-5fd07d882eaad0b7545f,True,False,benign,False,0,"{""attack_ended_at"": 61.0, ""case_opened_at"": 61.0, ""lane_id"": ""g21_g20_0"", ""road_id"": ""g21_g20""}"
cam-1001-veh_002-000058,cam-1001-veh_002-000058,case-grid-1001-veh_002-position_offset,root-eb104add601e0d709e9719d0,1001,veh_002,ps-e0bc27433007a32c,CAM,61.0,736.6590064429221,798.4,12.182843307677977,-0.2305511237774045,801.6590064429221,814.65,12.182843307677977,-0.2305511237774045,nonce-eb104add601e0d709e97,True,False,position_offset,True,0,"{""attack_ended_at"": 70.0, ""case_opened_at"": 18.0, ""lane_id"": ""g12_g22_0"", ""road_id"": ""g12_g22""}"
cam-1001-veh_003-000057,cam-1001-veh_003-000057,case-grid-1001-veh_003-benign,root-946030a3b0308bb51631d28f,1001,veh_003,ps-13247f0afc865149,CAM,61.0,801.6,727.2076199238189,12.821843148501053,0.5649306409573178,801.6,727.2076199238189,12.821843148501053,0.5649306409573178,nonce-946030a3b0308bb51631,True,False,benign,False,0,"{""attack_ended_at"": 61.0, ""case_opened_at"": 61.0, ""lane_id"": ""g21_g22_0"", ""road_id"": ""g21_g22""}"
cam-1001-veh_004-000056,cam-1001-veh_004-000056,case-grid-1001-veh_004-speed_offset,root-9c70e0e2bea0d6de855be2f2,1001,veh_004,ps-b7dd5d779d6fb997,CAM,61.0,530.0778495666267,398.4,13.127691979641192,-0.050748786195182305,530.0778495666267,398.4,24.12769197964119,-0.050748786195182305,nonce-9c70e0e2bea0d6de855b,True,False,speed_offset,True,0,"{""attack_ended_at"": 72.0, ""case_opened_at"": 20.0, ""lane_id"": ""g11_g21_0"", ""road_id"": ""g11_g21""}"
cam-1001-veh_005-000055,cam-1001-veh_005-000055,case-grid-1001-veh_005-benign,root-f583b31e3a2d6cb3b5a734f3,1001,veh_005,ps-fedb1f4cae953d51,CAM,61.0,272.2039769577551,401.6,13.22567185197153,0.6598862728429964,272.2039769577551,401.6,13.22567185197153,0.6598862728429964,nonce-f583b31e3a2d6cb3b5a7,True,False,benign,False,0,"{""attack_ended_at"": 61.0, ""case_opened_at"": 61.0, ""lane_id"": ""g11_g01_0"", ""road_id"": ""g11_g01""}"
replay-cam-1001-veh_006-000054,cam-1001-veh_006-000014,case-grid-1001-veh_006-replay,root-faba00bbc28a3744e084f767,1001,veh_006,ps-402cdb4ee382d9ca,CAM,21.0,401.6,186.88279930842586,12.287436164210424,-0.5109997225552796,401.6,186.88279930842586,12.287436164210424,-0.5109997225552796,nonce-faba00bbc28a3744e084,True,False,replay,True,10,"{""attack_ended_at"": 21.0, ""case_opened_at"": 21.0, ""lane_id"": ""g10_g11_0"", ""road_id"": ""g10_g11""}"
cam-1001-veh_007-000053,cam-1001-veh_007-000053,case-grid-1001-veh_007-benign,root-9bdee64384c1470e006023f3,1001,veh_007,ps-20a8fd281b9c6e27,CAM,61.0,398.4,118.85189734140744,12.716488120754644,-0.17488346594385895,398.4,118.85189734140744,12.716488120754644,-0.17488346594385895,nonce-9bdee64384c1470e0060,True,False,benign,False,0,"{""attack_ended_at"": 61.0, ""case_opened_at"": 61.0, ""lane_id"": ""g11_g10_0"", ""road_id"": ""g11_g10""}"
cam-1001-veh_008-000052,cam-1001-veh_008-000052,case-grid-1001-veh_008-certificate_tamper,root-21dea3ece195042cc189299f,1001,veh_008,ps-0441a16dd8d22b44,CAM,61.0,682.4808854363225,-1.6,11.220508431455436,-0.8279346778503864,682.4808854363225,-1.6,11.220508431455436,-0.8279346778503864,nonce-21dea3ece195042cc189,False,False,certificate_tamper,True,0,"{""attack_ended_at"": 76.0, ""case_opened_at"": 24.0, ""lane_id"": ""g10_g20_0"", ""road_id"": ""g10_g20""}"
cam-1001-veh_009-000051,cam-1001-veh_009-000051,case-grid-1001-veh_009-benign,root-1cf0bd90b24e09749e3f7cbf,1001,veh_009,ps-8e3b87e1d6235c50,CAM,61.0,798.4,66.5558827859017,13.347378338498805,0.5020394482675972,798.4,66.5558827859017,13.347378338498805,0.5020394482675972,nonce-1cf0bd90b24e09749e3f,True,False,benign,False,0,"{""attack_ended_at"": 61.0, ""case_opened_at"": 61.0, ""lane_id"": ""g21_g20_0"", ""road_id"": ""g21_g20""}"
cam-1001-veh_010-000050-f0,cam-1001-veh_010-000050,case-grid-1001-veh_010-flood,root-e7b3620dd15096b33ac9a849,1001,veh_010,ps-bf5c5fe0f587553a,CAM,61.0,716.099394015079,798.4,12.432363950169506,-0.5598427488466093,716.099394015079,798.4,12.432363950169506,-0.5598427488466093,nonce-e7b3620dd15096b33ac9,True,False,flood,True,0,"{""attack_ended_at"": 78.0, ""case_opened_at"": 26.0, ""lane_id"": ""g12_g22_0"", ""road_id"": ""g12_g22""}"
cam-1001-veh_010-000050-f1,cam-1001-veh_010-000050,case-grid-1001-veh_010-flood,root-e7b3620dd15096b33ac9a849,1001,veh_010,ps-bf5c5fe0f587553a,CAM,61.0,716.099394015079,798.4,12.432363950169506,-0.5598427488466093,716.099394015079,798.4,12.432363950169506,-0.5598427488466093,nonce-e7b3620dd15096b33ac9,True,False,flood,True,1,"{""attack_ended_at"": 78.0, ""case_opened_at"": 26.0, ""lane_id"": ""g12_g22_0"", ""road_id"": ""g12_g22""}"
cam-1001-veh_010-000050-f2,cam-1001-veh_010-000050,case-grid-1001-veh_010-flood,root-e7b3620dd15096b33ac9a849,1001,veh_010,ps-bf5c5fe0f587553a,CAM,61.0,716.099394015079,798.4,12.432363950169506,-0.5598427488466093,716.099394015079,798.4,12.432363950169506,-0.5598427488466093,nonce-e7b3620dd15096b33ac9,True,False,flood,True,2,"{""attack_ended_at"": 78.0, ""case_opened_at"": 26.0, ""lane_id"": ""g12_g22_0"", ""road_id"": ""g12_g22""}"
cam-1001-veh_010-000050-f3,cam-1001-veh_010-000050,case-grid-1001-veh_010-flood,root-e7b3620dd15096b33ac9a849,1001,veh_010,ps-bf5c5fe0f587553a,CAM,61.0,716.099394015079,798.4,12.432363950169506,-0.5598427488466093,716.099394015079,798.4,12.432363950169506,-0.5598427488466093,nonce-e7b3620dd15096b33ac9,True,False,flood,True,3,"{""attack_ended_at"": 78.0, ""case_opened_at"": 26.0, ""lane_id"": ""g12_g22_0"", ""road_id"": ""g12_g22""}"
cam-1001-veh_010-000050-f4,cam-1001-veh_010-000050,case-grid-1001-veh_010-flood,root-e7b3620dd15096b33ac9a849,1001,veh_010,ps-bf5c5fe0f587553a,CAM,61.0,716.099394015079,798.4,12.432363950169506,-0.5598427488466093,716.099394015079,798.4,12.432363950169506,-0.5598427488466093,nonce-e7b3620dd15096b33ac9,True,False,flood,True,4,"{""attack_ended_at"": 78.0, ""case_opened_at"": 26.0, ""lane_id"": ""g12_g22_0"", ""road_id"": ""g12_g22""}"
cam-1001-veh_011-000049,cam-1001-veh_011-000049,case-grid-1001-veh_011-benign,root-3646aa2b6ad904740d6a054e,1001,veh_011,ps-298210176c98c50a,CAM,61.0,801.6,665.872700231925,13.395765365541637,0.24028488345444288,801.6,665.872700231925,13.395765365541637,0.24028488345444288,nonce-3646aa2b6ad904740d6a,True,False,benign,False,0,"{""attack_ended_at"": 61.0, ""case_opened_at"": 61.0, ""lane_id"": ""g21_g22_0"", ""road_id"": ""g21_g22""}"
cam-1001-veh_012-000048,cam-1001-veh_012-000048,case-grid-1001-veh_012-false_denm,root-e6a3f6506e2adf06d1e3f2c6,1001,veh_012,ps-a2d8503b0d2b7ea8,CAM,61.0,463.4161201916451,398.4,14.291851989258818,-0.2226919749844818,463.4161201916451,398.4,14.291851989258818,-0.2226919749844818,nonce-e6a3f6506e2adf06d1e3,True,False,false_denm,True,0,"{""attack_ended_at"": 80.0, ""case_opened_at"": 28.0, ""lane_id"": ""g11_g21_0"", ""road_id"": ""g11_g21""}"
cam-1001-veh_013-000047,cam-1001-veh_013-000047,case-grid-1001-veh_013-benign,root-e36cc0f90ee570b06c998c93,1001,veh_013,ps-ffb1bac62aa27994,CAM,61.0,333.97980299213634,401.6,13.525284659159796,-0.06392172626685344,333.97980299213634,401.6,13.525284659159796,-0.06392172626685344,nonce-e36cc0f90ee570b06c99,True,False,benign,False,0,"{""attack_ended_at"": 61.0, ""case_opened_at"": 61.0, ""lane_id"": ""g11_g01_0"", ""road_id"": ""g11_g01""}"
cam-1001-veh_014-000046-m0,cam-1001-veh_014-000046,case-grid-1001-veh_014-mixed,root-2e87fc751e472dda7734335c,1001,veh_014,ps-0c5027fa621fc8a7,DENM,61.0,401.6,631.2517207580472,13.094004905136064,0.013071534032931709,446.6,640.2517207580472,21.094004905136064,0.013071534032931709,nonce-2e87fc751e472dda7734,True,True,mixed,True,0,"{""attack_ended_at"": 82.0, ""case_opened_at"": 30.0, ""lane_id"": ""g11_g12_0"", ""road_id"": ""g11_g12""}"
cam-1001-veh_014-000046-m1,cam-1001-veh_014-000046,case-grid-1001-veh_014-mixed,root-2e87fc751e472dda7734335c,1001,veh_014,ps-0c5027fa621fc8a7,DENM,61.0,401.6,631.2517207580472,13.094004905136064,0.013071534032931709,446.6,640.2517207580472,21.094004905136064,0.013071534032931709,nonce-2e87fc751e472dda7734,True,True,mixed,True,1,"{""attack_ended_at"": 82.0, ""case_opened_at"": 30.0, ""lane_id"": ""g11_g12_0"", ""road_id"": ""g11_g12""}"
cam-1001-veh_014-000046-m2,cam-1001-veh_014-000046,case-grid-1001-veh_014-mixed,root-2e87fc751e472dda7734335c,1001,veh_014,ps-0c5027fa621fc8a7,DENM,61.0,401.6,631.2517207580472,13.094004905136064,0.013071534032931709,446.6,640.2517207580472,21.094004905136064,0.013071534032931709,nonce-2e87fc751e472dda7734,True,True,mixed,True,2,"{""attack_ended_at"": 82.0, ""case_opened_at"": 30.0, ""lane_id"": ""g11_g12_0"", ""road_id"": ""g11_g12""}"
cam-1001-veh_014-000046-m3,cam-1001-veh_014-000046,case-grid-1001-veh_014-mixed,root-2e87fc751e472dda7734335c,1001,veh_014,ps-0c5027fa621fc8a7,DENM,61.0,401.6,631.2517207580472,13.094004905136064,0.013071534032931709,446.6,640.2517207580472,21.094004905136064,0.013071534032931709,nonce-2e87fc751e472dda7734,True,True,mixed,True,3,"{""attack_ended_at"": 82.0, ""case_opened_at"": 30.0, ""lane_id"": ""g11_g12_0"", ""road_id"": ""g11_g12""}"
cam-1001-veh_015-000045,cam-1001-veh_015-000045,case-grid-1001-veh_015-benign,root-4252e407af7c8a00a0679362,1001,veh_015,ps-43db3038c74a6947,CAM,61.0,398.4,205.2319863405781,13.290617483989433,0.6696268270164722,398.4,205.2319863405781,13.290617483989433,0.6696268270164722,nonce-4252e407af7c8a00a067,True,False,benign,False,0,"{""attack_ended_at"": 61.0, ""case_opened_at"": 61.0, ""lane_id"": ""g11_g10_0"", ""road_id"": ""g11_g10""}"
cam-1001-veh_016-000044,cam-1001-veh_016-000044,case-grid-1001-veh_016-benign,root-1d868c09b9ceed395a609a14,1001,veh_016,ps-cbbef243035097ce,CAM,61.0,662.4801454829854,-1.6,11.704539531509443,-0.4859134511279777,662.4801454829854,-1.6,11.704539531509443,-0.4859134511279777,nonce-1d868c09b9ceed395a60,True,False,benign,False,0,"{""attack_ended_at"": 61.0, ""case_opened_at"": 61.0, ""lane_id"": ""g10_g20_0"", ""road_id"": ""g10_g20""}"
cam-1001-veh_017-000043,cam-1001-veh_017-000043,case-grid-1001-veh_017-benign,root-e6b21e68e90f67a3444c0ccb,1001,veh_017,ps-c4cb9175e03371fc,CAM,61.0,798.4,182.14146979779719,13.934069831683138,0.08818601118866454,798.4,182.14146979779719,13.934069831683138,0.08818601118866454,nonce-e6b21e68e90f67a3444c,True,False,benign,False,0,"{""attack_ended_at"": 61.0, ""case_opened_at"": 61.0, ""lane_id"": ""g21_g20_0"", ""road_id"": ""g21_g20""}"
cam-1001-veh_018-000042,cam-1001-veh_018-000042,case-grid-1001-veh_018-benign,root-b5a49ed66a05028f9f97b7c7,1001,veh_018,ps-f5eb5907dca15325,CAM,61.0,571.8407390494963,798.4,13.158737488037758,0.017637743828817776,571.8407390494963,798.4,13.158737488037758,0.017637743828817776,nonce-b5a49ed66a05028f9f97,True,False,benign,False,0,"{""attack_ended_at"": 61.0, ""case_opened_at"": 61.0, ""lane_id"": ""g12_g22_0"", ""road_id"": ""g12_g22""}"
cam-1001-veh_019-000041,cam-1001-veh_019-000041,case-grid-1001-veh_019-benign,root-97dff75e2c5b4ffa1ccd55fd,1001,veh_019,ps-bfc295509368822d,CAM,61.0,801.6,585.4678937889637,14.34123087459574,0.4874189534783362,801.6,585.4678937889637,14.34123087459574,0.4874189534783362,nonce-97dff75e2c5b4ffa1ccd,True,False,benign,False,0,"{""attack_ended_at"": 61.0, ""case_opened_at"": 61.0, ""lane_id"": ""g21_g22_0"", ""road_id"": ""g21_g22""}"
cam-1001-veh_020-000040,cam-1001-veh_020-000040,case-grid-1001-veh_020-benign,root-44f63ba6089cc80af57b57a3,1001,veh_020,ps-ebb98a241b250d58,CAM,61.0,437.1229395089725,398.4,12.581722384653144,1.0500172639150236,437.1229395089725,398.4,12.581722384653144,1.0500172639150236,nonce-44f63ba6089cc80af57b,True,False,benign,False,0,"{""attack_ended_at"": 61.0, ""case_opened_at"": 61.0, ""lane_id"": ""g11_g21_0"", ""road_id"": ""g11_g21""}"
cam-1001-veh_021-000039,cam-1001-veh_021-000039,case-grid-1001-veh_021-benign,root-807d29cd9f51c640fe28e1db,1001,veh_021,ps-c17e704b00a194fa,CAM,61.0,355.8757712321607,401.6,13.824720730837976,0.7169784407674236,355.8757712321607,401.6,13.824720730837976,0.7169784407674236,nonce-807d29cd9f51c640fe28,True,False,benign,False,0,"{""attack_ended_at"": 61.0, ""case_opened_at"": 61.0, ""lane_id"": ""g11_g01_0"", ""road_id"": ""g11_g01""}"
cam-1001-veh_022-000038,cam-1001-veh_022-000038,case-grid-1001-veh_022-benign,root-69528ee31c7def91446eb2d5,1001,veh_022,ps-37f1e0f2b964b078,CAM,61.0,401.6,608.0769556056719,13.366034475606845,-0.43689757617810443,401.6,608.0769556056719,13.366034475606845,-0.43689757617810443,nonce-69528ee31c7def91446e,True,False,benign,False,0,"{""attack_ended_at"": 61.0, ""case_opened_at"": 61.0, ""lane_id"": ""g11_g12_0"", ""road_id"": ""g11_g12""}"
cam-1001-veh_023-000037,cam-1001-veh_023-000037,case-grid-1001-veh_023-benign,root-b464c8f5357150df7e8a85bf,1001,veh_023,ps-88766211387813b1,CAM,61.0,398.4,295.134996945748,13.149358886431799,-0.43646553731057836,398.4,295.134996945748,13.149358886431799,-0.43646553731057836,nonce-b464c8f5357150df7e8a,True,False,benign,False,0,"{""attack_ended_at"": 61.0, ""case_opened_at"": 61.0, ""lane_id"": ""g11_g10_0"", ""road_id"": ""g11_g10""}"
cam-1001-veh_000-000061,cam-1001-veh_000-000061,case-grid-1001-veh_000-benign,root-b32bcf3837b5026f3f8c6b7d,1001,veh_000,ps-0b6a8266609a146f,CAM,62.0,713.9903144377914,-1.6,11.31641859486001,0.006959730391390195,713.9903144377914,-1.6,11.31641859486001,0.006959730391390195,nonce-b32bcf3837b5026f3f8c,True,False,benign,False,0,"{""attack_ended_at"": 62.0, ""case_opened_at"": 62.0, ""lane_id"": ""g10_g20_0"", ""road_id"": ""g10_g20""}"
cam-1001-veh_001-000060,cam-1001-veh_001-000060,case-grid-1001-veh_001-benign,root-9fb92e4f8dbb48e25fffd02a,1001,veh_001,ps-11b4aa50327f89a0,CAM,62.0,798.4,32.08112354760959,12.36736037894471,-0.543181143309921,798.4,32.08112354760959,12.36736037894471,-0.543181143309921,nonce-9fb92e4f8dbb48e25fff,True,False,benign,False,0,"{""attack_ended_at"": 62.0, ""case_opened_at"": 62.0, ""lane_id"": ""g21_g20_0"", ""road_id"": ""g21_g20""}"
cam-1001-veh_002-000059,cam-1001-veh_002-000059,case-grid-1001-veh_002-position_offset,root-0844a4d9ee45b3d99e758669,1001,veh_002,ps-e0bc27433007a32c,CAM,62.0,748.9671390759556,798.4,12.308132633033528,0.12528932535555093,813.9671390759556,814.65,12.308132633033528,0.12528932535555093,nonce-0844a4d9ee45b3d99e75,True,False,position_offset,True,0,"{""attack_ended_at"": 70.0, ""case_opened_at"": 18.0, ""lane_id"": ""g12_g22_0"", ""road_id"": ""g12_g22""}"
cam-1001-veh_003-000058,cam-1001-veh_003-000058,case-grid-1001-veh_003-benign,root-c60d20cd22c964546155c485,1001,veh_003,ps-13247f0afc865149,CAM,62.0,801.6,740.1283975731615,12.920777649342478,0.09893450084142508,801.6,740.1283975731615,12.920777649342478,0.09893450084142508,nonce-c60d20cd22c964546155,True,False,benign,False,0,"{""attack_ended_at"": 62.0, ""case_opened_at"": 62.0, ""lane_id"": ""g21_g22_0"", ""road_id"": ""g21_g22""}"
cam-1001-veh_004-000057,cam-1001-veh_004-000057,case-grid-1001-veh_004-speed_offset,root-a24e18e5fd3f2bff1faad965,1001,veh_004,ps-b7dd5d779d6fb997,CAM,62.0,542.8759838728909,398.4,12.798134306264208,-0.32955767337698383,542.8759838728909,398.4,23.79813430626421,-0.32955767337698383,nonce-a24e18e5fd3f2bff1faa,True,False,speed_offset,True,0,"{""attack_ended_at"": 72.0, ""case_opened_at"": 20.0, ""lane_id"": ""g11_g21_0"", ""road_id"": ""g11_g21""}"
cam-1001-veh_005-000056,cam-1001-veh_005-000056,case-grid-1001-veh_005-benign,root-326bdbe16f7849a217d15a0d,1001,veh_005,ps-fedb1f4cae953d51,CAM,62.0,259.2040590740811,401.6,12.999917883674025,-0.22575396829750538,259.2040590740811,401.6,12.999917883674025,-0.22575396829750538,nonce-326bdbe16f7849a217d1,True,False,benign,False,0,"{""attack_ended_at"": 62.0, ""case_opened_at"": 62.0, ""lane_id"": ""g11_g01_0"", ""road_id"": ""g11_g01""}"
replay-cam-1001-veh_006-000055,cam-1001-veh_006-000011,case-grid-1001-veh_006-replay,root-55cf5c413e6560d70ca215ff,1001,veh_006,ps-402cdb4ee382d9ca,CAM,18.0,401.6,149.61574761008055,12.427882390090138,0.2817533832695336,401.6,149.61574761008055,12.427882390090138,0.2817533832695336,nonce-55cf5c413e6560d70ca2,True,False,replay,True,11,"{""attack_ended_at"": 18.0, ""case_opened_at"": 18.0, ""lane_id"": ""g10_g11_0"", ""road_id"": ""g10_g11""}"
cam-1001-veh_007-000054,cam-1001-veh_007-000054,case-grid-1001-veh_007-benign,root-0b94c35dc87d380e7a315808,1001,veh_007,ps-20a8fd281b9c6e27,CAM,62.0,398.4,106.16051072853634,12.691386612871126,-0.025101507883517726,398.4,106.16051072853634,12.691386612871126,-0.025101507883517726,nonce-0b94c35dc87d380e7a31,True,False,benign,False,0,"{""attack_ended_at"": 62.0, ""case_opened_at"": 62.0, ""lane_id"": ""g11_g10_0"", ""road_id"": ""g11_g10""}"
cam-1001-veh_008-000053,cam-1001-veh_008-000053,case-grid-1001-veh_008-certificate_tamper,root-090988ca4fa8aea686204490,1001,veh_008,ps-0441a16dd8d22b44,CAM,62.0,693.5797866999715,-1.6,11.098901263649022,-0.12160716780641323,693.5797866999715,-1.6,11.098901263649022,-0.12160716780641323,nonce-090988ca4fa8aea68620,False,False,certificate_tamper,True,0,"{""attack_ended_at"": 76.0, ""case_opened_at"": 24.0, ""lane_id"": ""g10_g20_0"", ""road_id"": ""g10_g20""}"
cam-1001-veh_009-000052,cam-1001-veh_009-000052,case-grid-1001-veh_009-benign,root-39551cf7cfb321239b34459c,1001,veh_009,ps-8e3b87e1d6235c50,CAM,62.0,798.4,53.39991559022849,13.15596719567323,-0.1914111428255758,798.4,53.39991559022849,13.15596719567323,-0.1914111428255758,nonce-39551cf7cfb321239b34,True,False,benign,False,0,"{""attack_ended_at"": 62.0, ""case_opened_at"": 62.0, ""lane_id"": ""g21_g20_0"", ""road_id"": ""g21_g20""}"
cam-1001-veh_010-000051-f0,cam-1001-veh_010-000051,case-grid-1001-veh_010-flood,root-b4ec46b630c38e9e1a4df3ec,1001,veh_010,ps-bf5c5fe0f587553a,CAM,62.0,727.8531053015909,798.4,11.753711286511892,-0.6786526636576138,727.8531053015909,798.4,11.753711286511892,-0.6786526636576138,nonce-b4ec46b630c38e9e1a4d,True,False,flood,True,0,"{""attack_ended_at"": 78.0, ""case_opened_at"": 26.0, ""lane_id"": ""g12_g22_0"", ""road_id"": ""g12_g22""}"
cam-1001-veh_010-000051-f1,cam-1001-veh_010-000051,case-grid-1001-veh_010-flood,root-b4ec46b630c38e9e1a4df3ec,1001,veh_010,ps-bf5c5fe0f587553a,CAM,62.0,727.8531053015909,798.4,11.753711286511892,-0.6786526636576138,727.8531053015909,798.4,11.753711286511892,-0.6786526636576138,nonce-b4ec46b630c38e9e1a4d,True,False,flood,True,1,"{""attack_ended_at"": 78.0, ""case_opened_at"": 26.0, ""lane_id"": ""g12_g22_0"", ""road_id"": ""g12_g22""}"
cam-1001-veh_010-000051-f2,cam-1001-veh_010-000051,case-grid-1001-veh_010-flood,root-b4ec46b630c38e9e1a4df3ec,1001,veh_010,ps-bf5c5fe0f587553a,CAM,62.0,727.8531053015909,798.4,11.753711286511892,-0.6786526636576138,727.8531053015909,798.4,11.753711286511892,-0.6786526636576138,nonce-b4ec46b630c38e9e1a4d,True,False,flood,True,2,"{""attack_ended_at"": 78.0, ""case_opened_at"": 26.0, ""lane_id"": ""g12_g22_0"", ""road_id"": ""g12_g22""}"
cam-1001-veh_010-000051-f3,cam-1001-veh_010-000051,case-grid-1001-veh_010-flood,root-b4ec46b630c38e9e1a4df3ec,1001,veh_010,ps-bf5c5fe0f587553a,CAM,62.0,727.8531053015909,798.4,11.753711286511892,-0.6786526636576138,727.8531053015909,798.4,11.753711286511892,-0.6786526636576138,nonce-b4ec46b630c38e9e1a4d,True,False,flood,True,3,"{""attack_ended_at"": 78.0, ""case_opened_at"": 26.0, ""lane_id"": ""g12_g22_0"", ""road_id"": ""g12_g22""}"
cam-1001-veh_010-000051-f4,cam-1001-veh_010-000051,case-grid-1001-veh_010-flood,root-b4ec46b630c38e9e1a4df3ec,1001,veh_010,ps-bf5c5fe0f587553a,CAM,62.0,727.8531053015909,798.4,11.753711286511892,-0.6786526636576138,727.8531053015909,798.4,11.753711286511892,-0.6786526636576138,nonce-b4ec46b630c38e9e1a4d,True,False,flood,True,4,"{""attack_ended_at"": 78.0, ""case_opened_at"": 26.0, ""lane_id"": ""g12_g22_0"", ""road_id"": ""g12_g22""}"
cam-1001-veh_011-000050,cam-1001-veh_011-000050,case-grid-1001-veh_011-benign,root-f66ed85e8cdf5114d53be937,1001,veh_011,ps-298210176c98c50a,CAM,62.0,801.6,679.5421633558024,13.669463123877257,0.2736977583356204,801.6,679.5421633558024,13.669463123877257,0.2736977583356204,nonce-f66ed85e8cdf5114d53b,True,False,benign,False,0,"{""attack_ended_at"": 62.0, ""case_opened_at"": 62.0, ""lane_id"": ""g21_g22_0"", ""road_id"": ""g21_g22""}"
cam-1001-veh_012-000049,cam-1001-veh_012-000049,case-grid-1001-veh_012-false_denm,root-c65a9571fe42bde3e1fa2b46,1001,veh_012,ps-a2d8503b0d2b7ea8,CAM,62.0,478.3717078938382,398.4,14.955587702193103,0.6637357129342849,478.3717078938382,398.4,14.955587702193103,0.6637357129342849,nonce-c65a9571fe42bde3e1fa,True,False,false_denm,True,0,"{""attack_ended_at"": 80.0, ""case_opened_at"": 28.0, ""lane_id"": ""g11_g21_0"", ""road_id"": ""g11_g21""}"
cam-1001-veh_013-000048,cam-1001-veh_013-000048,case-grid-1001-veh_013-benign,root-e634f65a5aa1a8daa5187a1d,1001,veh_013,ps-ffb1bac62aa27994,CAM,62.0,320.9998995443309,401.6,12.979903447805398,-0.5453812113543979,320.9998995443309,401.6,12.979903447805398,-0.5453812113543979,nonce-e634f65a5aa1a8daa518,True,False,benign,False,0,"{""attack_ended_at"": 62.0, ""case_opened_at"": 62.0, ""lane_id"": ""g11_g01_0"", ""road_id"": ""g11_g01""}"
cam-1001-veh_014-000047-m0,cam-1001-veh_014-000047,case-grid-1001-veh_014-mixed,root-51d71cbd4c68830c3d09321d,1001,veh_014,ps-0c5027fa621fc8a7,DENM,62.0,401.6,644.4147991416231,13.163078383575888,0.06907347843982414,446.6,653.4147991416231,21.163078383575886,0.06907347843982414,nonce-51d71cbd4c68830c3d09,True,True,mixed,True,0,"{""attack_ended_at"": 82.0, ""case_opened_at"": 30.0, ""lane_id"": ""g11_g12_0"", ""road_id"": ""g11_g12""}"
cam-1001-veh_014-000047-m1,cam-1001-veh_014-000047,case-grid-1001-veh_014-mixed,root-51d71cbd4c68830c3d09321d,1001,veh_014,ps-0c5027fa621fc8a7,DENM,62.0,401.6,644.4147991416231,13.163078383575888,0.06907347843982414,446.6,653.4147991416231,21.163078383575886,0.06907347843982414,nonce-51d71cbd4c68830c3d09,True,True,mixed,True,1,"{""attack_ended_at"": 82.0, ""case_opened_at"": 30.0, ""lane_id"": ""g11_g12_0"", ""road_id"": ""g11_g12""}"
cam-1001-veh_014-000047-m2,cam-1001-veh_014-000047,case-grid-1001-veh_014-mixed,root-51d71cbd4c68830c3d09321d,1001,veh_014,ps-0c5027fa621fc8a7,DENM,62.0,401.6,644.4147991416231,13.163078383575888,0.06907347843982414,446.6,653.4147991416231,21.163078383575886,0.06907347843982414,nonce-51d71cbd4c68830c3d09,True,True,mixed,True,2,"{""attack_ended_at"": 82.0, ""case_opened_at"": 30.0, ""lane_id"": ""g11_g12_0"", ""road_id"": ""g11_g12""}"
cam-1001-veh_014-000047-m3,cam-1001-veh_014-000047,case-grid-1001-veh_014-mixed,root-51d71cbd4c68830c3d09321d,1001,veh_014,ps-0c5027fa621fc8a7,DENM,62.0,401.6,644.4147991416231,13.163078383575888,0.06907347843982414,446.6,653.4147991416231,21.163078383575886,0.06907347843982414,nonce-51d71cbd4c68830c3d09,True,True,mixed,True,3,"{""attack_ended_at"": 82.0, ""case_opened_at"": 30.0, ""lane_id"": ""g11_g12_0"", ""road_id"": ""g11_g12""}"
cam-1001-veh_015-000046,cam-1001-veh_015-000046,case-grid-1001-veh_015-benign,root-4f5163884227e8be4794ef0f,1001,veh_015,ps-43db3038c74a6947,CAM,62.0,398.4,192.5474522489592,12.684534091618941,-0.6060833923704916,398.4,192.5474522489592,12.684534091618941,-0.6060833923704916,nonce-4f5163884227e8be4794,True,False,benign,False,0,"{""attack_ended_at"": 62.0, ""case_opened_at"": 62.0, ""lane_id"": ""g11_g10_0"", ""road_id"": ""g11_g10""}"
cam-1001-veh_016-000045,cam-1001-veh_016-000045,case-grid-1001-veh_016-benign,root-e71bfe51427f8e016e44af30,1001,veh_016,ps-cbbef243035097ce,CAM,62.0,673.7480747783593,-1.6,11.267929295373944,-0.43661023613549865,673.7480747783593,-1.6,11.267929295373944,-0.43661023613549865,nonce-e71bfe51427f8e016e44,True,False,benign,False,0,"{""attack_ended_at"": 62.0, ""case_opened_at"": 62.0, ""lane_id"": ""g10_g20_0"", ""road_id"": ""g10_g20""}"
cam-1001-veh_017-000044,cam-1001-veh_017-000044,case-grid-1001-veh_017-benign,root-6d81b617a65a62fdef8d2184,1001,veh_017,ps-c4cb9175e03371fc,CAM,62.0,798.4,167.93070766255056,14.210762135246606,0.2766923035634683,798.4,167.93070766255056,14.210762135246606,0.2766923035634683,nonce-6d81b617a65a62fdef8d,True,False,benign,False,0,"{""attack_ended_at"": 62.0, ""case_opened_at"": 62.0, ""lane_id"": ""g21_g20_0"", ""road_id"": ""g21_g20""}"
cam-1001-veh_018-000043,cam-1001-veh_018-000043,case-grid-1001-veh_018-benign,root-bb6eb48070d071fdd70d9b49,1001,veh_018,ps-f5eb5907dca15325,CAM,62.0,585.0721763097141,798.4,13.231437260217817,0.07269977218005863,585.0721763097141,798.4,13.231437260217817,0.07269977218005863,nonce-bb6eb48070d071fdd70d,True,False,benign,False,0,"{""attack_ended_at"": 62.0, ""case_opened_at"": 62.0, ""lane_id"": ""g12_g22_0"", ""road_id"": ""g12_g22""}"
cam-1001-veh_019-000042,cam-1001-veh_019-000042,case-grid-1001-veh_019-benign,root-363cb439f21f28a0dede71d5,1001,veh_019,ps-bfc295509368822d,CAM,62.0,801.6,599.1757863256323,13.707892536668615,-0.6333383379271247,801.6,599.1757863256323,13.707892536668615,-0.6333383379271247,nonce-363cb439f21f28a0dede,True,False,benign,False,0,"{""attack_ended_at"": 62.0, ""case_opened_at"": 62.0, ""lane_id"": ""g21_g22_0"", ""road_id"": ""g21_g22""}"
cam-1001-veh_020-000041,cam-1001-veh_020-000041,case-grid-1001-veh_020-benign,root-06f075e540499a18ffef8e49,1001,veh_020,ps-ebb98a241b250d58,CAM,62.0,450.0301855039549,398.4,12.9072459949824,0.32552361032925603,450.0301855039549,398.4,12.9072459949824,0.32552361032925603,nonce-06f075e540499a18ffef,True,False,benign,False,0,"{""attack_ended_at"": 62.0, ""case_opened_at"": 62.0, ""lane_id"": ""g11_g21_0"", ""road_id"": ""g11_g21""}"
cam-1001-veh_021-000040,cam-1001-veh_021-000040,case-grid-1001-veh_021-benign,root-234d9b370d53fa3ba4156eb6,1001,veh_021,ps-c17e704b00a194fa,CAM,62.0,342.44821397055534,401.6,13.42755726160533,-0.39716346923264645,342.44821397055534,401.6,13.42755726160533,-0.39716346923264645,nonce-234d9b370d53fa3ba415,True,False,benign,False,0,"{""attack_ended_at"": 62.0, ""case_opened_at"": 62.0, ""lane_id"": ""g11_g01_0"", ""road_id"": ""g11_g01""}"
cam-1001-veh_022-000039,cam-1001-veh_022-000039,case-grid-1001-veh_022-benign,root-312bc924641c1895d876753b,1001,veh_022,ps-37f1e0f2b964b078,CAM,62.0,401.6,621.715415413602,13.638459807930206,0.2724253323233601,401.6,621.715415413602,13.638459807930206,0.2724253323233601,nonce-312bc924641c1895d876,True,False,benign,False,0,"{""attack_ended_at"": 62.0, ""case_opened_at"": 62.0, ""lane_id"": ""g11_g12_0"", ""road_id"": ""g11_g12""}"
cam-1001-veh_023-000038,cam-1001-veh_023-000038,case-grid-1001-veh_023-benign,root-6118ce0c02fdaabfe90e876d,1001,veh_023,ps-88766211387813b1,CAM,62.0,398.4,281.88141673778557,13.253580207962438,0.10422132153063934,398.4,281.88141673778557,13.253580207962438,0.10422132153063934,nonce-6118ce0c02fdaabfe90e,True,False,benign,False,0,"{""attack_ended_at"": 62.0, ""case_opened_at"": 62.0, ""lane_id"": ""g11_g10_0"", ""road_id"": ""g11_g10""}"
cam-1001-veh_000-000062,cam-1001-veh_000-000062,case-grid-1001-veh_000-benign,root-bcf25b3da7c311771d1b7403,1001,veh_000,ps-0b6a8266609a146f,CAM,63.0,725.8399443794044,-1.6,11.849629941612953,0.5332113467529425,725.8399443794044,-1.6,11.849629941612953,0.5332113467529425,nonce-bcf25b3da7c311771d1b,True,False,benign,False,0,"{""attack_ended_at"": 63.0, ""case_opened_at"": 63.0, ""lane_id"": ""g10_g20_0"", ""road_id"": ""g10_g20""}"
cam-1001-veh_001-000061,cam-1001-veh_001-000061,case-grid-1001-veh_001-benign,root-d8a89d1fe8d57a32ab07beb6,1001,veh_001,ps-11b4aa50327f89a0,CAM,63.0,798.4,19.404996704516236,12.676126843093359,0.3087664641486487,798.4,19.404996704516236,12.676126843093359,0.3087664641486487,nonce-d8a89d1fe8d57a32ab07,True,False,benign,False,0,"{""attack_ended_at"": 63.0, ""case_opened_at"": 63.0, ""lane_id"": ""g21_g20_0"", ""road_id"": ""g21_g20""}"
cam-1001-veh_002-000060,cam-1001-veh_002-000060,case-grid-1001-veh_002-position_offset,root-baa446385dd1ed5d4e846a1d,1001,veh_002,ps-e0bc27433007a32c,CAM,63.0,761.7030431266646,798.4,12.735904050709069,0.4277714176755403,826.7030431266646,814.65,12.735904050709069,0.4277714176755403,nonce-baa446385dd1ed5d4e84,True,False,position_offset,True,0,"{""attack_ended_at"": 70.0, ""case_opened_at"": 18.0, ""lane_id"": ""g12_g22_0"", ""road_id"": ""g12_g22""}"
cam-1001-veh_003-000059,cam-1001-veh_003-000059,case-grid-1001-veh_003-benign,root-5fdf15ebe51898ca8a5df4c9,1001,veh_003,ps-13247f0afc865149,CAM,63.0,801.6,752.9112771701505,12.782879596989066,-0.13789805235341213,801.6,752.9112771701505,12.782879596989066,-0.13789805235341213,nonce-5fdf15ebe51898ca8a5d,True,False,benign,False,0,"{""attack_ended_at"": 63.0, ""case_opened_at"": 63.0, ""lane_id"": ""g21_g22_0"", ""road_id"": ""g21_g22""}"
cam-1001-veh_004-000058,cam-1001-veh_004-000058,case-grid-1001-veh_004-speed_offset,root-b021a492b71fff1774d71202,1001,veh_004,ps-b7dd5d779d6fb997,CAM,63.0,556.0756404167205,398.4,13.199656543829576,0.4015222375653682,556.0756404167205,398.4,24.199656543829576,0.4015222375653682,nonce-b021a492b71fff1774d7,True,False,speed_offset,True,0,"{""attack_ended_at"": 72.0, ""case_opened_at"": 20.0, ""lane_id"": ""g11_g21_0"", ""road_id"": ""g11_g21""}"
cam-1001-veh_005-000057,cam-1001-veh_005-000057,case-grid-1001-veh_005-benign,root-772d6cf2f34167af6eb4264b,1001,veh_005,ps-fedb1f4cae953d51,CAM,63.0,246.52942973491386,401.6,12.674629339167259,-0.3252885445067655,246.52942973491386,401.6,12.674629339167259,-0.3252885445067655,nonce-772d6cf2f34167af6eb4,True,False,benign,False,0,"{""attack_ended_at"": 63.0, ""case_opened_at"": 63.0, ""lane_id"": ""g11_g01_0"", ""road_id"": ""g11_g01""}"
replay-cam-1001-veh_006-000056,cam-1001-veh_006-000012,case-grid-1001-veh_006-replay,root-e685cc25bd7b355fd757e166,1001,veh_006,ps-402cdb4ee382d9ca,CAM,19.0,401.6,161.79692725744974,12.181179647369184,-0.24670274272095405,401.6,161.79692725744974,12.181179647369184,-0.24670274272095405,nonce-e685cc25bd7b355fd757,True,False,replay,True,11,"{""attack_ended_at"": 19.0, ""case_opened_at"": 19.0, ""lane_id"": ""g10_g11_0"", ""road_id"": ""g10_g11""}"
cam-1001-veh_007-000055,cam-1001-veh_007-000055,case-grid-1001-veh_007-benign,root-4a050e3751e070b04a22d2cc,1001,veh_007,ps-20a8fd281b9c6e27,CAM,63.0,398.4,93.7729297959774,12.38758093255891,-0.303805680312216,398.4,93.7729297959774,12.38758093255891,-0.303805680312216,nonce-4a050e3751e070b04a22,True,False,benign,False,0,"{""attack_ended_at"": 63.0, ""case_opened_at"": 63.0, ""lane_id"": ""g11_g10_0"", ""road_id"": ""g11_g10""}"
cam-1001-veh_008-000054,cam-1001-veh_008-000054,case-grid-1001-veh_008-certificate_tamper,root-c75b4e4917d0f23aecb7d387,1001,veh_008,ps-0441a16dd8d22b44,CAM,63.0,705.1565711098181,-1.6,11.576784409846598,0.4778831461975752,705.1565711098181,-1.6,11.576784409846598,0.4778831461975752,nonce-c75b4e4917d0f23aecb7,False,False,certificate_tamper,True,0,"{""attack_ended_at"": 76.0, ""case_opened_at"": 24.0, ""lane_id"": ""g10_g20_0"", ""road_id"": ""g10_g20""}"
cam-1001-veh_009-000053,cam-1001-veh_009-000053,case-grid-1001-veh_009-benign,root-a5c595dea2493ec24f3cc05a,1001,veh_009,ps-8e3b87e1d6235c50,CAM,63.0,798.4,40.69365829409031,12.706257296138178,-0.44970989953505125,798.4,40.69365829409031,12.706257296138178,-0.44970989953505125,nonce-a5c595dea2493ec24f3c,True,False,benign,False,0,"{""attack_ended_at"": 63.0, ""case_opened_at"": 63.0, ""lane_id"": ""g21_g20_0"", ""road_id"": ""g21_g20""}"
cam-1001-veh_010-000052-f0,cam-1001-veh_010-000052,case-grid-1001-veh_010-flood,root-16cce7550a5412f72deb9a4e,1001,veh_010,ps-bf5c5fe0f587553a,CAM,63.0,739.91295390884,798.4,12.05984860724916,0.3061373207372675,739.91295390884,798.4,12.05984860724916,0.3061373207372675,nonce-16cce7550a5412f72deb,True,False,flood,True,0,"{""attack_ended_at"": 78.0, ""case_opened_at"": 26.0, ""lane_id"": ""g12_g22_0"", ""road_id"": ""g12_g22""}"
cam-1001-veh_010-000052-f1,cam-1001-veh_010-000052,case-grid-1001-veh_010-flood,root-16cce7550a5412f72deb9a4e,1001,veh_010,ps-bf5c5fe0f587553a,CAM,63.0,739.91295390884,798.4,12.05984860724916,0.3061373207372675,739.91295390884,798.4,12.05984860724916,0.3061373207372675,nonce-16cce7550a5412f72deb,True,False,flood,True,1,"{""attack_ended_at"": 78.0, ""case_opened_at"": 26.0, ""lane_id"": ""g12_g22_0"", ""road_id"": ""g12_g22""}"
cam-1001-veh_010-000052-f2,cam-1001-veh_010-000052,case-grid-1001-veh_010-flood,root-16cce7550a5412f72deb9a4e,1001,veh_010,ps-bf5c5fe0f587553a,CAM,63.0,739.91295390884,798.4,12.05984860724916,0.3061373207372675,739.91295390884,798.4,12.05984860724916,0.3061373207372675,nonce-16cce7550a5412f72deb,True,False,flood,True,2,"{""attack_ended_at"": 78.0, ""case_opened_at"": 26.0, ""lane_id"": ""g12_g22_0"", ""road_id"": ""g12_g22""}"
cam-1001-veh_010-000052-f3,cam-1001-veh_010-000052,case-grid-1001-veh_010-flood,root-16cce7550a5412f72deb9a4e,1001,veh_010,ps-bf5c5fe0f587553a,CAM,63.0,739.91295390884,798.4,12.05984860724916,0.3061373207372675,739.91295390884,798.4,12.05984860724916,0.3061373207372675,nonce-16cce7550a5412f72deb,True,False,flood,True,3,"{""attack_ended_at"": 78.0, ""case_opened_at"": 26.0, ""lane_id"": ""g12_g22_0"", ""road_id"": ""g12_g22""}"
cam-1001-veh_010-000052-f4,cam-1001-veh_010-000052,case-grid-1001-veh_010-flood,root-16cce7550a5412f72deb9a4e,1001,veh_010,ps-bf5c5fe0f587553a,CAM,63.0,739.91295390884,798.4,12.05984860724916,0.3061373207372675,739.91295390884,798.4,12.05984860724916,0.3061373207372675,nonce-16cce7550a5412f72deb,True,False,flood,True,4,"{""attack_ended_at"": 78.0, ""case_opened_at"": 26.0, ""lane_id"": ""g12_g22_0"", ""road_id"": ""g12_g22""}"
cam-1001-veh_011-000051,cam-1001-veh_011-000051,case-grid-1001-veh_011-benign,root-1636064e57612a6902ef0ec5,1001,veh_011,ps-298210176c98c50a,CAM,63.0,801.6,693.3337613925504,13.79159803674808,0.12213491287082334,801.6,693.3337613925504,13.79159803674808,0.12213491287082334,nonce-1636064e57612a6902ef,True,False,benign,False,0,"{""attack_ended_at"": 63.0, ""case_opened_at"": 63.0, ""lane_id"": ""g21_g22_0"", ""road_id"": ""g21_g22""}"
cam-1001-veh_012-000050,cam-1001-veh_012-000050,case-grid-1001-veh_012-false_denm,root-2db690c803a129587fd80842,1001,veh_012,ps-a2d8503b0d2b7ea8,DENM,63.0,493.0176839372421,398.4,14.645976043403886,-0.30961165878921726,493.0176839372421,398.4,14.645976043403886,-0.30961165878921726,nonce-2db690c803a129587fd8,True,True,false_denm,True,0,"{""attack_ended_at"": 80.0, ""case_opened_at"": 28.0, ""lane_id"": ""g11_g21_0"", ""road_id"": ""g11_g21""}"
cam-1001-veh_013-000049,cam-1001-veh_013-000049,case-grid-1001-veh_013-benign,root-2cc68bee9cc0accdec295742,1001,veh_013,ps-ffb1bac62aa27994,CAM,63.0,307.396546658097,401.6,13.603352886233905,0.6234494384285068,307.396546658097,401.6,13.603352886233905,0.6234494384285068,nonce-2cc68bee9cc0accdec29,True,False,benign,False,0,"{""attack_ended_at"": 63.0, ""case_opened_at"": 63.0, ""lane_id"": ""g11_g01_0"", ""road_id"": ""g11_g01""}"
cam-1001-veh_014-000048-m0,cam-1001-veh_014-000048,case-grid-1001-veh_014-mixed,root-d5444fdbfe9342e5d6a2dd08,1001,veh_014,ps-0c5027fa621fc8a7,DENM,63.0,401.6,658.126040340523,13.711241198899918,0.5481628153240301,446.6,667.126040340523,21.71124119889992,0.5481628153240301,nonce-d5444fdbfe9342e5d6a2,True,True,mixed,True,0,"{""attack_ended_at"": 82.0, ""case_opened_at"": 30.0, ""lane_id"": ""g11_g12_0"", ""road_id"": ""g11_g12""}"
cam-1001-veh_014-000048-m1,cam-1001-veh_014-000048,case-grid-1001-veh_014-mixed,root-d5444fdbfe9342e5d6a2dd08,1001,veh_014,ps-0c5027fa621fc8a7,DENM,63.0,401.6,658.126040340523,13.711241198899918,0.5481628153240301,446.6,667.126040340523,21.71124119889992,0.5481628153240301,nonce-d5444fdbfe9342e5d6a2,True,True,mixed,True,1,"{""attack_ended_at"": 82.0, ""case_opened_at"": 30.0, ""lane_id"": ""g11_g12_0"", ""road_id"": ""g11_g12""}"
cam-1001-veh_014-000048-m2,cam-1001-veh_014-000048,case-grid-1001-veh_014-mixed,root-d5444fdbfe9342e5d6a2dd08,1001,veh_014,ps-0c5027fa621fc8a7,DENM,63.0,401.6,658.126040340523,13.711241198899918,0.5481628153240301,446.6,667.126040340523,21.71124119889992,0.5481628153240301,nonce-d5444fdbfe9342e5d6a2,True,True,mixed,True,2,"{""attack_ended_at"": 82.0, ""case_opened_at"": 30.0, ""lane_id"": ""g11_g12_0"", ""road_id"": ""g11_g12""}"
cam-1001-veh_014-000048-m3,cam-1001-veh_014-000048,case-grid-1001-veh_014-mixed,root-d5444fdbfe9342e5d6a2dd08,1001,veh_014,ps-0c5027fa621fc8a7,DENM,63.0,401.6,658.126040340523,13.711241198899918,0.5481628153240301,446.6,667.126040340523,21.71124119889992,0.5481628153240301,nonce-d5444fdbfe9342e5d6a2,True,True,mixed,True,3,"{""attack_ended_at"": 82.0, ""case_opened_at"": 30.0, ""lane_id"": ""g11_g12_0"", ""road_id"": ""g11_g12""}"
cam-1001-veh_015-000047,cam-1001-veh_015-000047,case-grid-1001-veh_015-benign,root-7140d4a6cc8e3a6d90c6adb2,1001,veh_015,ps-43db3038c74a6947,CAM,63.0,398.4,179.44061481738947,13.106837431569682,0.42230333995074076,398.4,179.44061481738947,13.106837431569682,0.42230333995074076,nonce-7140d4a6cc8e3a6d90c6,True,False,benign,False,0,"{""attack_ended_at"": 63.0, ""case_opened_at"": 63.0, ""lane_id"": ""g11_g10_0"", ""road_id"": ""g11_g10""}"
cam-1001-veh_016-000046,cam-1001-veh_016-000046,case-grid-1001-veh_016-benign,root-f63f0f9a5d8cbd1cd0aa64ad,1001,veh_016,ps-cbbef243035097ce,CAM,63.0,684.5097689513195,-1.6,10.761694172960148,-0.5062351224137966,684.5097689513195,-1.6,10.761694172960148,-0.5062351224137966,nonce-f63f0f9a5d8cbd1cd0aa,True,False,benign,False,0,"{""attack_ended_at"": 63.0, ""case_opened_at"": 63.0, ""lane_id"": ""g10_g20_0"", ""road_id"": ""g10_g20""}"
cam-1001-veh_017-000045,cam-1001-veh_017-000045,case-grid-1001-veh_017-benign,root-f20af8b34a9ad94d28c9c277,1001,veh_017,ps-c4cb9175e03371fc,CAM,63.0,798.4,154.09803611985217,13.832671542698353,-0.3780905925482525,798.4,154.09803611985217,13.832671542698353,-0.3780905925482525,nonce-f20af8b34a9ad94d28c9,True,False,benign,False,0,"{""attack_ended_at"": 63.0, ""case_opened_at"": 63.0, ""lane_id"": ""g21_g20_0"", ""road_id"": ""g21_g20""}"
cam-1001-veh_018-000044,cam-1001-veh_018-000044,case-grid-1001-veh_018-benign,root-d565dcf53b6f7c331a867c6e,1001,veh_018,ps-f5eb5907dca15325,CAM,63.0,598.5771820156322,798.4,13.505005705918038,0.27356844570022076,598.5771820156322,798.4,13.505005705918038,0.27356844570022076,nonce-d565dcf53b6f7c331a86,True,False,benign,False,0,"{""attack_ended_at"": 63.0, ""case_opened_at"": 63.0, ""lane_id"": ""g12_g22_0"", ""road_id"": ""g12_g22""}"
cam-1001-veh_019-000043,cam-1001-veh_019-000043,case-grid-1001-veh_019-benign,root-850da69a1ca454dbe85bad8a,1001,veh_019,ps-bfc295509368822d,CAM,63.0,801.6,613.1826033486215,14.00681702298908,0.2989244863204661,801.6,613.1826033486215,14.00681702298908,0.2989244863204661,nonce-850da69a1ca454dbe85b,True,False,benign,False,0,"{""attack_ended_at"": 63.0, ""case_opened_at"": 63.0, ""lane_id"": ""g21_g22_0"", ""road_id"": ""g21_g22""}"
cam-1001-veh_020-000042,cam-1001-veh_020-000042,case-grid-1001-veh_020-benign,root-d837c1fcaf0af8f4d60d1c8b,1001,veh_020,ps-ebb98a241b250d58,CAM,63.0,463.1397636668188,398.4,13.10957816286394,0.20233216788153996,463.1397636668188,398.4,13.10957816286394,0.20233216788153996,nonce-d837c1fcaf0af8f4d60d,True,False,benign,False,0,"{""attack_ended_at"": 63.0, ""case_opened_at"": 63.0, ""lane_id"": ""g11_g21_0"", ""road_id"": ""g11_g21""}"
cam-1001-veh_021-000041,cam-1001-veh_021-000041,case-grid-1001-veh_021-benign,root-48a6d83991f19913e094e290,1001,veh_021,ps-c17e704b00a194fa,CAM,63.0,329.3001861490317,401.6,13.148027821523645,-0.279529440081685,329.3001861490317,401.6,13.148027821523645,-0.279529440081685,nonce-48a6d83991f19913e094,True,False,benign,False,0,"{""attack_ended_at"": 63.0, ""case_opened_at"": 63.0, ""lane_id"": ""g11_g01_0"", ""road_id"": ""g11_g01""}"
cam-1001-veh_022-000040,cam-1001-veh_022-000040,case-grid-1001-veh_022-benign,root-432077d5d2fdbfa18d584223,1001,veh_022,ps-37f1e0f2b964b078,CAM,63.0,401.6,635.379995427575,13.664580013972877,0.026120206042671512,401.6,635.379995427575,13.664580013972877,0.026120206042671512,nonce-432077d5d2fdbfa18d58,True,False,benign,False,0,"{""attack_ended_at"": 63.0, ""case_opened_at"": 63.0, ""lane_id"": ""g11_g12_0"", ""road_id"": ""g11_g12""}"
cam-1001-veh_023-000039,cam-1001-veh_023-000039,case-grid-1001-veh_023-benign,root-901688549dedaf1f3fc50f26,1001,veh_023,ps-88766211387813b1,CAM,63.0,398.4,268.22624108338835,13.655175654397242,0.40159544643480416,398.4,268.22624108338835,13.655175654397242,0.40159544643480416,nonce-901688549dedaf1f3fc5,True,False,benign,False,0,"{""attack_ended_at"": 63.0, ""case_opened_at"": 63.0, ""lane_id"": ""g11_g10_0"", ""road_id"": ""g11_g10""}"
cam-1001-veh_000-000063,cam-1001-veh_000-000063,case-grid-1001-veh_000-benign,root-1dfd08704d18f3c34155c9c6,1001,veh_000,ps-0b6a8266609a146f,CAM,64.0,737.6523296666869,-1.6,11.812385287282527,-0.037244654330425675,737.6523296666869,-1.6,11.812385287282527,-0.037244654330425675,nonce-1dfd08704d18f3c34155,True,False,benign,False,0,"{""attack_ended_at"": 64.0, ""case_opened_at"": 64.0, ""lane_id"": ""g10_g20_0"", ""road_id"": ""g10_g20""}"
cam-1001-veh_001-000062,cam-1001-veh_001-000062,case-grid-1001-veh_001-benign,root-00e4dc1a7095590a932e74e2,1001,veh_001,ps-11b4aa50327f89a0,CAM,64.0,798.4,9.296796310153411,10.1082003943628,-2.5679264487305584,798.4,9.296796310153411,10.1082003943628,-2.5679264487305584,nonce-00e4dc1a7095590a932e,True,False,benign,False,0,"{""attack_ended_at"": 64.0, ""case_opened_at"": 64.0, ""lane_id"": ""g21_g20_0"", ""road_id"": ""g21_g20""}"
cam-1001-veh_002-000061,cam-1001-veh_002-000061,case-grid-1001-veh_002-position_offset,root-6e94e5b9b1ab9dfea6ab10d0,1001,veh_002,ps-e0bc27433007a32c,CAM,64.0,774.3723979913843,798.4,12.669354864719644,-0.06654918598942494,839.3723979913843,814.65,12.669354864719644,-0.06654918598942494,nonce-6e94e5b9b1ab9dfea6ab,True,False,position_offset,True,0,"{""attack_ended_at"": 70.0, ""case_opened_at"": 18.0, ""lane_id"": ""g12_g22_0"", ""road_id"": ""g12_g22""}"
cam-1001-veh_003-000060,cam-1001-veh_003-000060,case-grid-1001-veh_003-benign,root-d1859fd249a5fbd3dcf61578,1001,veh_003,ps-13247f0afc865149,CAM,64.0,801.6,765.5038577872052,12.592580617054761,-0.19029897993430467,801.6,765.5038577872052,12.592580617054761,-0.19029897993430467,nonce-d1859fd249a5fbd3dcf6,True,False,benign,False,0,"{""attack_ended_at"": 64.0, ""case_opened_at"": 64.0, ""lane_id"": ""g21_g22_0"", ""road_id"": ""g21_g22""}"
cam-1001-veh_004-000059,cam-1001-veh_004-000059,case-grid-1001-veh_004-speed_offset,root-08cbe2552ca470add9485938,1001,veh_004,ps-b7dd5d779d6fb997,CAM,64.0,568.8213945711661,398.4,12.7457541544457,-0.4539023893838756,568.8213945711661,398.4,23.7457541544457,-0.4539023893838756,nonce-08cbe2552ca470add948,True,False,speed_offset,True,0,"{""attack_ended_at"": 72.0, ""case_opened_at"": 20.0, ""lane_id"": ""g11_g21_0"", ""road_id"": ""g11_g21""}"
cam-1001-veh_005-000058,cam-1001-veh_005-000058,case-grid-1001-veh_005-benign,root-4dc634ba5880acbe6b6f2e0e,1001,veh_005,ps-fedb1f4cae953d51,CAM,64.0,234.0225460346042,401.6,12.506883700309663,-0.1677456388575962,234.0225460346042,401.6,12.506883700309663,-0.1677456388575962,nonce-4dc634ba5880acbe6b6f,True,False,benign,False,0,"{""attack_ended_at"": 64.0, ""case_opened_at"": 64.0, ""lane_id"": ""g11_g01_0"", ""road_id"": ""g11_g01""}"
replay-cam-1001-veh_006-000057,cam-1001-veh_006-000013,case-grid-1001-veh_006-replay,root-5c7a4513fe3be1054abc600a,1001,veh_006,ps-402cdb4ee382d9ca,CAM,20.0,401.6,174.59536314421544,12.798435886765704,0.6172562393965197,401.6,174.59536314421544,12.798435886765704,0.6172562393965197,nonce-5c7a4513fe3be1054abc,True,False,replay,True,11,"{""attack_ended_at"": 20.0, ""case_opened_at"": 20.0, ""lane_id"": ""g10_g11_0"", ""road_id"": ""g10_g11""}"
cam-1001-veh_007-000056,cam-1001-veh_007-000056,case-grid-1001-veh_007-benign,root-938cacb2ae372ebfca3f807d,1001,veh_007,ps-20a8fd281b9c6e27,CAM,64.0,398.4,80.85425291238658,12.918676883590802,0.531095951031892,398.4,80.85425291238658,12.918676883590802,0.531095951031892,nonce-938cacb2ae372ebfca3f,True,False,benign,False,0,"{""attack_ended_at"": 64.0, ""case_opened_at"": 64.0, ""lane_id"": ""g11_g10_0"", ""road_id"": ""g11_g10""}"
cam-1001-veh_008-000055,cam-1001-veh_008-000055,case-grid-1001-veh_008-certificate_tamper,root-b2631cd95febbc76cf96329e,1001,veh_008,ps-0441a16dd8d22b44,CAM,64.0,717.0565781624521,-1.6,11.900007052634031,0.3232226427874334,717.0565781624521,-1.6,11.900007052634031,0.3232226427874334,nonce-b2631cd95febbc76cf96,False,False,certificate_tamper,True,0,"{""attack_ended_at"": 76.0, ""case_opened_at"": 24.0, ""lane_id"": ""g10_g20_0"", ""road_id"": ""g10_g20""}"
cam-1001-veh_009-000054,cam-1001-veh_009-000054,case-grid-1001-veh_009-benign,root-1c09fb8fd864943caab40684,1001,veh_009,ps-8e3b87e1d6235c50,CAM,64.0,798.4,28.013135787866986,12.680522506223326,-0.025734789914851675,798.4,28.013135787866986,12.680522506223326,-0.025734789914851675,nonce-1c09fb8fd864943caab4,True,False,benign,False,0,"{""attack_ended_at"": 64.0, ""case_opened_at"": 64.0, ""lane_id"": ""g21_g20_0"", ""road_id"": ""g21_g20""}"
cam-1001-veh_010-000053-f0,cam-1001-veh_010-000053,case-grid-1001-veh_010-flood,root-b189472149587ec83c4426d5,1001,veh_010,ps-bf5c5fe0f587553a,CAM,64.0,752.7094791054874,798.4,12.796525196647428,0.7366765893982681,752.7094791054874,798.4,12.796525196647428,0.7366765893982681,nonce-b189472149587ec83c44,True,False,flood,True,0,"{""attack_ended_at"": 78.0, ""case_opened_at"": 26.0, ""lane_id"": ""g12_g22_0"", ""road_id"": ""g12_g22""}"
cam-1001-veh_010-000053-f1,cam-1001-veh_010-000053,case-grid-1001-veh_010-flood,root-b189472149587ec83c4426d5,1001,veh_010,ps-bf5c5fe0f587553a,CAM,64.0,752.7094791054874,798.4,12.796525196647428,0.7366765893982681,752.7094791054874,798.4,12.796525196647428,0.7366765893982681,nonce-b189472149587ec83c44,True,False,flood,True,1,"{""attack_ended_at"": 78.0, ""case_opened_at"": 26.0, ""lane_id"": ""g12_g22_0"", ""road_id"": ""g12_g22""}"
cam-1001-veh_010-000053-f2,cam-1001-veh_010-000053,case-grid-1001-veh_010-flood,root-b189472149587ec83c4426d5,1001,veh_010,ps-bf5c5fe0f587553a,CAM,64.0,752.7094791054874,798.4,12.796525196647428,0.7366765893982681,752.7094791054874,798.4,12.796525196647428,0.7366765893982681,nonce-b189472149587ec83c44,True,False,flood,True,2,"{""attack_ended_at"": 78.0, ""case_opened_at"": 26.0, ""lane_id"": ""g12_g22_0"", ""road_id"": ""g12_g22""}"
cam-1001-veh_010-000053-f3,cam-1001-veh_010-000053,case-grid-1001-veh_010-flood,root-b189472149587ec83c4426d5,1001,veh_010,ps-bf5c5fe0f587553a,CAM,64.0,752.7094791054874,798.4,12.796525196647428,0.7366765893982681,752.7094791054874,798.4,12.796525196647428,0.7366765893982681,nonce-b189472149587ec83c44,True,False,flood,True,3,"{""attack_ended_at"": 78.0, ""case_opened_at"": 26.0, ""lane_id"": ""g12_g22_0"", ""road_id"": ""g12_g22""}"
cam-1001-veh_010-000053-f4,cam-1001-veh_010-000053,case-grid-1001-veh_010-flood,root-b189472149587ec83c4426d5,1001,veh_010,ps-bf5c5fe0f587553a,CAM,64.0,752.7094791054874,798.4,12.796525196647428,0.7366765893982681,752.7094791054874,798.4,12.796525196647428,0.7366765893982681,nonce-b189472149587ec83c44,True,False,flood,True,4,"{""attack_ended_at"": 78.0, ""case_opened_at"": 26.0, ""lane_id"": ""g12_g22_0"", ""road_id"": ""g12_g22""}"
cam-1001-veh_011-000052,cam-1001-veh_011-000052,case-grid-1001-veh_011-benign,root-7611a1a7a2e4c14b19d2c9a0,1001,veh_011,ps-298210176c98c50a,CAM,64.0,801.6,706.5895352460728,13.255773853522449,-0.5358241832256319,801.6,706.5895352460728,13.255773853522449,-0.5358241832256319,nonce-7611a1a7a2e4c14b19d2,True,False,benign,False,0,"{""attack_ended_at"": 64.0, ""case_opened_at"": 64.0, ""lane_id"": ""g21_g22_0"", ""road_id"": ""g21_g22""}"
cam-1001-veh_012-000051,cam-1001-veh_012-000051,case-grid-1001-veh_012-false_denm,root-04b37cb674173957ff988f19,1001,veh_012,ps-a2d8503b0d2b7ea8,CAM,64.0,507.54274759496525,398.4,14.525063657723173,-0.12091238568071283,507.54274759496525,398.4,14.525063657723173,-0.12091238568071283,nonce-04b37cb674173957ff98,True,False,false_denm,True,0,"{""attack_ended_at"": 80.0, ""case_opened_at"": 28.0, ""lane_id"": ""g11_g21_0"", ""road_id"": ""g11_g21""}"
cam-1001-veh_013-000050,cam-1001-veh_013-000050,case-grid-1001-veh_013-benign,root-6a107a0ee5c03d48274ce79a,1001,veh_013,ps-ffb1bac62aa27994,CAM,64.0,294.24058006972143,401.6,13.155966588375584,-0.44738629785832096,294.24058006972143,401.6,13.155966588375584,-0.44738629785832096,nonce-6a107a0ee5c03d48274c,True,False,benign,False,0,"{""attack_ended_at"": 64.0, ""case_opened_at"": 64.0, ""lane_id"": ""g11_g01_0"", ""road_id"": ""g11_g01""}"
cam-1001-veh_014-000049-m0,cam-1001-veh_014-000049,case-grid-1001-veh_014-mixed,root-9301b2c18be679130933a543,1001,veh_014,ps-0c5027fa621fc8a7,DENM,64.0,401.6,671.7791470233644,13.653106682841429,-0.05813451605848918,446.6,680.7791470233644,21.65310668284143,-0.05813451605848918,nonce-9301b2c18be679130933,True,True,mixed,True,0,"{""attack_ended_at"": 82.0, ""case_opened_at"": 30.0, ""lane_id"": ""g11_g12_0"", ""road_id"": ""g11_g12""}"
cam-1001-veh_014-000049-m1,cam-1001-veh_014-000049,case-grid-1001-veh_014-mixed,root-9301b2c18be679130933a543,1001,veh_014,ps-0c5027fa621fc8a7,DENM,64.0,401.6,671.7791470233644,13.653106682841429,-0.05813451605848918,446.6,680.7791470233644,21.65310668284143,-0.05813451605848918,nonce-9301b2c18be679130933,True,True,mixed,True,1,"{""attack_ended_at"": 82.0, ""case_opened_at"": 30.0, ""lane_id"": ""g11_g12_0"", ""road_id"": ""g11_g12""}"
cam-1001-veh_014-000049-m2,cam-1001-veh_014-000049,case-grid-1001-veh_014-mixed,root-9301b2c18be679130933a543,1001,veh_014,ps-0c5027fa621fc8a7,DENM,64.0,401.6,671.7791470233644,13.653106682841429,-0.05813451605848918,446.6,680.7791470233644,21.65310668284143,-0.05813451605848918,nonce-9301b2c18be679130933,True,True,mixed,True,2,"{""attack_ended_at"": 82.0, ""case_opened_at"": 30.0, ""lane_id"": ""g11_g12_0"", ""road_id"": ""g11_g12""}"
cam-1001-veh_014-000049-m3,cam-1001-veh_014-000049,case-grid-1001-veh_014-mixed,root-9301b2c18be679130933a543,1001,veh_014,ps-0c5027fa621fc8a7,DENM,64.0,401.6,671.7791470233644,13.653106682841429,-0.05813451605848918,446.6,680.7791470233644,21.65310668284143,-0.05813451605848918,nonce-9301b2c18be679130933,True,True,mixed,True,3,"{""attack_ended_at"": 82.0, ""case_opened_at"": 30.0, ""lane_id"": ""g11_g12_0"", ""road_id"": ""g11_g12""}"
cam-1001-veh_015-000048,cam-1001-veh_015-000048,case-grid-1001-veh_015-benign,root-0e64f47c4d7ec0e1cb1fa771,1001,veh_015,ps-43db3038c74a6947,CAM,64.0,398.4,166.50040346226666,12.940211355122836,-0.16662607644684613,398.4,166.50040346226666,12.940211355122836,-0.16662607644684613,nonce-0e64f47c4d7ec0e1cb1f,True,False,benign,False,0,"{""attack_ended_at"": 64.0, ""case_opened_at"": 64.0, ""lane_id"": ""g11_g10_0"", ""road_id"": ""g11_g10""}"
cam-1001-veh_016-000047,cam-1001-veh_016-000047,case-grid-1001-veh_016-benign,root-08c34a291931420fd2e554e2,1001,veh_016,ps-cbbef243035097ce,CAM,64.0,696.5319763968828,-1.6,12.022207445563222,1.2605132726030739,696.5319763968828,-1.6,12.022207445563222,1.2605132726030739,nonce-08c34a291931420fd2e5,True,False,benign,False,0,"{""attack_ended_at"": 64.0, ""case_opened_at"": 64.0, ""lane_id"": ""g10_g20_0"", ""road_id"": ""g10_g20""}"
cam-1001-veh_017-000046,cam-1001-veh_017-000046,case-grid-1001-veh_017-benign,root-dfbc631c1da16fdc286723ae,1001,veh_017,ps-c4cb9175e03371fc,CAM,64.0,798.4,140.0804199201131,14.017616199739114,0.18494465704076113,798.4,140.0804199201131,14.017616199739114,0.18494465704076113,nonce-dfbc631c1da16fdc2867,True,False,benign,False,0,"{""attack_ended_at"": 64.0, ""case_opened_at"": 64.0, ""lane_id"": ""g21_g20_0"", ""road_id"": ""g21_g20""}"
cam-1001-veh_018-000045,cam-1001-veh_018-000045,case-grid-1001-veh_018-benign,root-db7724f1f35c29661b1ad0f8,1001,veh_018,ps-f5eb5907dca15325,CAM,64.0,612.0609464187479,798.4,13.48376440311581,-0.02124130280222758,612.0609464187479,798.4,13.48376440311581,-0.02124130280222758,nonce-db7724f1f35c29661b1a,True,False,benign,False,0,"{""attack_ended_at"": 64.0, ""case_opened_at"": 64.0, ""lane_id"": ""g12_g22_0"", ""road_id"": ""g12_g22""}"
cam-1001-veh_019-000044,cam-1001-veh_019-000044,case-grid-1001-veh_019-benign,root-6246bd430d7ae7ab8a317848,1001,veh_019,ps-bfc295509368822d,CAM,64.0,801.6,627.5185502574042,14.335946908782743,0.3291298857936624,801.6,627.5185502574042,14.335946908782743,0.3291298857936624,nonce-6246bd430d7ae7ab8a31,True,False,benign,False,0,"{""attack_ended_at"": 64.0, ""case_opened_at"": 64.0, ""lane_id"": ""g21_g22_0"", ""road_id"": ""g21_g22""}"
cam-1001-veh_020-000043,cam-1001-veh_020-000043,case-grid-1001-veh_020-benign,root-2a2c5af520d07ecc44ebe6c0,1001,veh_020,ps-ebb98a241b250d58,CAM,64.0,476.2416496735327,398.4,13.101886006713935,-0.0076921561500054025,476.2416496735327,398.4,13.101886006713935,-0.0076921561500054025,nonce-2a2c5af520d07ecc44eb,True,False,benign,False,0,"{""attack_ended_at"": 64.0, ""case_opened_at"": 64.0, ""lane_id"": ""g11_g21_0"", ""road_id"": ""g11_g21""}"
cam-1001-veh_021-000042,cam-1001-veh_021-000042,case-grid-1001-veh_021-benign,root-48cc0c37d640209fcbaa6aaf,1001,veh_021,ps-c17e704b00a194fa,CAM,64.0,316.2103409882428,401.6,13.089845160788858,-0.058182660734786396,316.2103409882428,401.6,13.089845160788858,-0.058182660734786396,nonce-48cc0c37d640209fcbaa,True,False,benign,False,0,"{""attack_ended_at"": 64.0, ""case_opened_at"": 64.0, ""lane_id"": ""g11_g01_0"", ""road_id"": ""g11_g01""}"
cam-1001-veh_022-000041,cam-1001-veh_022-000041,case-grid-1001-veh_022-benign,root-1496065c67c804909a04a743,1001,veh_022,ps-37f1e0f2b964b078,CAM,64.0,401.6,648.7670733140285,13.387077886453605,-0.2775021275192717,401.6,648.7670733140285,13.387077886453605,-0.2775021275192717,nonce-1496065c67c804909a04,True,False,benign,False,0,"{""attack_ended_at"": 64.0, ""case_opened_at"": 64.0, ""lane_id"": ""g11_g12_0"", ""road_id"": ""g11_g12""}"
cam-1001-veh_023-000040,cam-1001-veh_023-000040,case-grid-1001-veh_023-benign,root-9fc2a13afd4dc00b58792100,1001,veh_023,ps-88766211387813b1,CAM,64.0,398.4,254.97968128410471,13.246559799283638,-0.4086158551136041,398.4,254.97968128410471,13.246559799283638,-0.4086158551136041,nonce-9fc2a13afd4dc00b5879,True,False,benign,False,0,"{""attack_ended_at"": 64.0, ""case_opened_at"": 64.0, ""lane_id"": ""g11_g10_0"", ""road_id"": ""g11_g10""}"
cam-1001-veh_000-000064,cam-1001-veh_000-000064,case-grid-1001-veh_000-benign,root-04583c23adeb36ddd44e7243,1001,veh_000,ps-0b6a8266609a146f,CAM,65.0,749.4923462208828,-1.6,11.840016554195904,0.02763126691337625,749.4923462208828,-1.6,11.840016554195904,0.02763126691337625,nonce-04583c23adeb36ddd44e,True,False,benign,False,0,"{""attack_ended_at"": 65.0, ""case_opened_at"": 65.0, ""lane_id"": ""g10_g20_0"", ""road_id"": ""g10_g20""}"
cam-1001-veh_001-000063,cam-1001-veh_001-000063,case-grid-1001-veh_001-benign,root-1d3f268a577a132d2de41126,1001,veh_001,ps-11b4aa50327f89a0,CAM,65.0,798.4,3.211851907484231,6.084944402669189,-4.0232559916936115,798.4,3.211851907484231,6.084944402669189,-4.0232559916936115,nonce-1d3f268a577a132d2de4,True,False,benign,False,0,"{""attack_ended_at"": 65.0, ""case_opened_at"": 65.0, ""lane_id"": ""g21_g20_0"", ""road_id"": ""g21_g20""}"
cam-1001-veh_002-000062,cam-1001-veh_002-000062,case-grid-1001-veh_002-position_offset,root-4d50faa33d08400ad869b2c2,1001,veh_002,ps-e0bc27433007a32c,CAM,65.0,786.6559253123919,798.4,12.283527321007513,-0.38582754371213035,851.6559253123919,814.65,12.283527321007513,-0.38582754371213035,nonce-4d50faa33d08400ad869,True,False,position_offset,True,0,"{""attack_ended_at"": 70.0, ""case_opened_at"": 18.0, ""lane_id"": ""g12_g22_0"", ""road_id"": ""g12_g22""}"
cam-1001-veh_003-000061,cam-1001-veh_003-000061,case-grid-1001-veh_003-benign,root-8afb3661877708f70f8d1e6f,1001,veh_003,ps-13247f0afc865149,CAM,65.0,801.6,777.7289354950132,12.225077707807928,-0.3675029092468325,801.6,777.7289354950132,12.225077707807928,-0.3675029092468325,nonce-8afb3661877708f70f8d,True,False,benign,False,0,"{""attack_ended_at"": 65.0, ""case_opened_at"": 65.0, ""lane_id"": ""g21_g22_0"", ""road_id"": ""g21_g22""}"
cam-1001-veh_004-000060,cam-1001-veh_004-000060,case-grid-1001-veh_004-speed_offset,root-f9347d78e7457a9057a2dba5,1001,veh_004,ps-b7dd5d779d6fb997,CAM,65.0,581.461983339193,398.4,12.64058876802689,-0.10516538641881112,581.461983339193,398.4,23.640588768026888,-0.10516538641881112,nonce-f9347d78e7457a9057a2,True,False,speed_offset,True,0,"{""attack_ended_at"": 72.0, ""case_opened_at"": 20.0, ""lane_id"": ""g11_g21_0"", ""road_id"": ""g11_g21""}"
cam-1001-veh_005-000059,cam-1001-veh_005-000059,case-grid-1001-veh_005-benign,root-605697305a1d5cb4578d2353,1001,veh_005,ps-fedb1f4cae953d51,CAM,65.0,221.2301654406437,401.6,12.792380593960516,0.28549689365085307,221.2301654406437,401.6,12.792380593960516,0.28549689365085307,nonce-605697305a1d5cb4578d,True,False,benign,False,0,"{""attack_ended_at"": 65.0, ""case_opened_at"": 65.0, ""lane_id"": ""g11_g01_0"", ""road_id"": ""g11_g01""}"
replay-cam-1001-veh_006-000058,cam-1001-veh_006-000014,case-grid-1001-veh_006-replay,root-faba00bbc28a3744e084f767,1001,veh_006,ps-402cdb4ee382d9ca,CAM,21.0,401.6,186.88279930842586,12.287436164210424,-0.5109997225552796,401.6,186.88279930842586,12.287436164210424,-0.5109997225552796,nonce-faba00bbc28a3744e084,True,False,replay,True,11,"{""attack_ended_at"": 21.0, ""case_opened_at"": 21.0, ""lane_id"": ""g10_g11_0"", ""road_id"": ""g10_g11""}"
cam-1001-veh_007-000057,cam-1001-veh_007-000057,case-grid-1001-veh_007-benign,root-7c145d773cb1e74271fcc451,1001,veh_007,ps-20a8fd281b9c6e27,CAM,65.0,398.4,67.90257047301611,12.951682439370476,0.03300555577967401,398.4,67.90257047301611,12.951682439370476,0.03300555577967401,nonce-7c145d773cb1e74271fc,True,False,benign,False,0,"{""attack_ended_at"": 65.0, ""case_opened_at"": 65.0, ""lane_id"": ""g11_g10_0"", ""road_id"": ""g11_g10""}"
cam-1001-veh_008-000056,cam-1001-veh_008-000056,case-grid-1001-veh_008-certificate_tamper,root-85839af71aab9b7cfe1aa7bc,1001,veh_008,ps-0441a16dd8d22b44,CAM,65.0,729.0545585887595,-1.6,11.997980426307398,0.09797337367336745,729.0545585887595,-1.6,11.997980426307398,0.09797337367336745,nonce-85839af71aab9b7cfe1a,False,False,certificate_tamper,True,0,"{""attack_ended_at"": 76.0, ""case_opened_at"": 24.0, ""lane_id"": ""g10_g20_0"", ""road_id"": ""g10_g20""}"
cam-1001-veh_009-000055,cam-1001-veh_009-000055,case-grid-1001-veh_009-benign,root-ed674e12013466e31524df0c,1001,veh_009,ps-8e3b87e1d6235c50,CAM,65.0,798.4,17.607845901485632,10.405289886381366,-2.27523261984196,798.4,17.607845901485632,10.405289886381366,-2.27523261984196,nonce-ed674e12013466e31524,True,False,benign,False,0,"{""attack_ended_at"": 65.0, ""case_opened_at"": 65.0, ""lane_id"": ""g21_g20_0"", ""road_id"": ""g21_g20""}"
cam-1001-veh_010-000054-f0,cam-1001-veh_010-000054,case-grid-1001-veh_010-flood,root-ec078a6ac50f0e8d6f893b5e,1001,veh_010,ps-bf5c5fe0f587553a,CAM,65.0,765.1709981031811,798.4,12.461518997693638,-0.33500619895379025,765.1709981031811,798.4,12.461518997693638,-0.33500619895379025,nonce-ec078a6ac50f0e8d6f89,True,False,flood,True,0,"{""attack_ended_at"": 78.0, ""case_opened_at"": 26.0, ""lane_id"": ""g12_g22_0"", ""road_id"": ""g12_g22""}"
cam-1001-veh_010-000054-f1,cam-1001-veh_010-000054,case-grid-1001-veh_010-flood,root-ec078a6ac50f0e8d6f893b5e,1001,veh_010,ps-bf5c5fe0f587553a,CAM,65.0,765.1709981031811,798.4,12.461518997693638,-0.33500619895379025,765.1709981031811,798.4,12.461518997693638,-0.33500619895379025,nonce-ec078a6ac50f0e8d6f89,True,False,flood,True,1,"{""attack_ended_at"": 78.0, ""case_opened_at"": 26.0, ""lane_id"": ""g12_g22_0"", ""road_id"": ""g12_g22""}"
cam-1001-veh_010-000054-f2,cam-1001-veh_010-000054,case-grid-1001-veh_010-flood,root-ec078a6ac50f0e8d6f893b5e,1001,veh_010,ps-bf5c5fe0f587553a,CAM,65.0,765.1709981031811,798.4,12.461518997693638,-0.33500619895379025,765.1709981031811,798.4,12.461518997693638,-0.33500619895379025,nonce-ec078a6ac50f0e8d6f89,True,False,flood,True,2,"{""attack_ended_at"": 78.0, ""case_opened_at"": 26.0, ""lane_id"": ""g12_g22_0"", ""road_id"": ""g12_g22""}"
cam-1001-veh_010-000054-f3,cam-1001-veh_010-000054,case-grid-1001-veh_010-flood,root-ec078a6ac50f0e8d6f893b5e,1001,veh_010,ps-bf5c5fe0f587553a,CAM,65.0,765.1709981031811,798.4,12.461518997693638,-0.33500619895379025,765.1709981031811,798.4,12.461518997693638,-0.33500619895379025,nonce-ec078a6ac50f0e8d6f89,True,False,flood,True,3,"{""attack_ended_at"": 78.0, ""case_opened_at"": 26.0, ""lane_id"": ""g12_g22_0"", ""road_id"": ""g12_g22""}"
cam-1001-veh_010-000054-f4,cam-1001-veh_010-000054,case-grid-1001-veh_010-flood,root-ec078a6ac50f0e8d6f893b5e,1001,veh_010,ps-bf5c5fe0f587553a,CAM,65.0,765.1709981031811,798.4,12.461518997693638,-0.33500619895379025,765.1709981031811,798.4,12.461518997693638,-0.33500619895379025,nonce-ec078a6ac50f0e8d6f89,True,False,flood,True,4,"{""attack_ended_at"": 78.0, ""case_opened_at"": 26.0, ""lane_id"": ""g12_g22_0"", ""road_id"": ""g12_g22""}"
cam-1001-veh_011-000053,cam-1001-veh_011-000053,case-grid-1001-veh_011-benign,root-f728c2c04d4a9a88137089a5,1001,veh_011,ps-298210176c98c50a,CAM,65.0,801.6,719.9601448819676,13.370609635894843,0.11483578237239378,801.6,719.9601448819676,13.370609635894843,0.11483578237239378,nonce-f728c2c04d4a9a881370,True,False,benign,False,0,"{""attack_ended_at"": 65.0, ""case_opened_at"": 65.0, ""lane_id"": ""g21_g22_0"", ""road_id"": ""g21_g22""}"
cam-1001-veh_012-000052,cam-1001-veh_012-000052,case-grid-1001-veh_012-false_denm,root-4c4e67e7f33370c4f5dbae9b,1001,veh_012,ps-a2d8503b0d2b7ea8,CAM,65.0,522.409736438542,398.4,14.86698884357679,0.34192518585361675,522.409736438542,398.4,14.86698884357679,0.34192518585361675,nonce-4c4e67e7f33370c4f5db,True,False,false_denm,True,0,"{""attack_ended_at"": 80.0, ""case_opened_at"": 28.0, ""lane_id"": ""g11_g21_0"", ""road_id"": ""g11_g21""}"
cam-1001-veh_013-000051,cam-1001-veh_013-000051,case-grid-1001-veh_013-benign,root-556ab1af058a1d2b3f95de24,1001,veh_013,ps-ffb1bac62aa27994,CAM,65.0,280.9195621088569,401.6,13.321017960864545,0.16505137248896062,280.9195621088569,401.6,13.321017960864545,0.16505137248896062,nonce-556ab1af058a1d2b3f95,True,False,benign,False,0,"{""attack_ended_at"": 65.0, ""case_opened_at"": 65.0, ""lane_id"": ""g11_g01_0"", ""road_id"": ""g11_g01""}"
cam-1001-veh_014-000050-m0,cam-1001-veh_014-000050,case-grid-1001-veh_014-mixed,root-f3fa0b285db0f7dae546f600,1001,veh_014,ps-0c5027fa621fc8a7,DENM,65.0,401.6,685.0088070945695,13.22966007120511,-0.4234466116363187,446.6,694.0088070945695,21.22966007120511,-0.4234466116363187,nonce-f3fa0b285db0f7dae546,True,True,mixed,True,0,"{""attack_ended_at"": 82.0, ""case_opened_at"": 30.0, ""lane_id"": ""g11_g12_0"", ""road_id"": ""g11_g12""}"
cam-1001-veh_014-000050-m1,cam-1001-veh_014-000050,case-grid-1001-veh_014-mixed,root-f3fa0b285db0f7dae546f600,1001,veh_014,ps-0c5027fa621fc8a7,DENM,65.0,401.6,685.0088070945695,13.22966007120511,-0.4234466116363187,446.6,694.0088070945695,21.22966007120511,-0.4234466116363187,nonce-f3fa0b285db0f7dae546,True,True,mixed,True,1,"{""attack_ended_at"": 82.0, ""case_opened_at"": 30.0, ""lane_id"": ""g11_g12_0"", ""road_id"": ""g11_g12""}"
cam-1001-veh_014-000050-m2,cam-1001-veh_014-000050,case-grid-1001-veh_014-mixed,root-f3fa0b285db0f7dae546f600,1001,veh_014,ps-0c5027fa621fc8a7,DENM,65.0,401.6,685.0088070945695,13.22966007120511,-0.4234466116363187,446.6,694.0088070945695,21.22966007120511,-0.4234466116363187,nonce-f3fa0b285db0f7dae546,True,True,mixed,True,2,"{""attack_ended_at"": 82.0, ""case_opened_at"": 30.0, ""lane_id"": ""g11_g12_0"", ""road_id"": ""g11_g12""}"
cam-1001-veh_014-000050-m3,cam-1001-veh_014-000050,case-grid-1001-veh_014-mixed,root-f3fa0b285db0f7dae546f600,1001,veh_014,ps-0c5027fa621fc8a7,DENM,65.0,401.6,685.0088070945695,13.22966007120511,-0.4234466116363187,446.6,694.0088070945695,21.22966007120511,-0.4234466116363187,nonce-f3fa0b285db0f7dae546,True,True,mixed,True,3,"{""attack_ended_at"": 82.0, ""case_opened_at"": 30.0, ""lane_id"": ""g11_g12_0"", ""road_id"": ""g11_g12""}"
cam-1001-veh_015-000049,cam-1001-veh_015-000049,case-grid-1001-veh_015-benign,root-138e0fd711676ad480372845,1001,veh_015,ps-43db3038c74a6947,CAM,65.0,398.4,153.39429418540092,13.106109276865707,0.16589792174287155,398.4,153.39429418540092,13.106109276865707,0.16589792174287155,nonce-138e0fd711676ad48037,True,False,benign,False,0,"{""attack_ended_at"": 65.0, ""case_opened_at"": 65.0, ""lane_id"": ""g11_g10_0"", ""road_id"": ""g11_g10""}"
cam-1001-veh_016-000048,cam-1001-veh_016-000048,case-grid-1001-veh_016-benign,root-1221c7434ad6539855605a8b,1001,veh_016,ps-cbbef243035097ce,CAM,65.0,708.2230100045772,-1.6,11.691033607694434,-0.3311738378687874,708.2230100045772,-1.6,11.691033607694434,-0.3311738378687874,nonce-1221c7434ad653985560,True,False,benign,False,0,"{""attack_ended_at"": 65.0, ""case_opened_at"": 65.0, ""lane_id"": ""g10_g20_0"", ""road_id"": ""g10_g20""}"
cam-1001-veh_017-000047,cam-1001-veh_017-000047,case-grid-1001-veh_017-benign,root-79d42f53eb8d57dc9ac5898e,1001,veh_017,ps-c4cb9175e03371fc,CAM,65.0,798.4,125.91419194756389,14.166227972549223,0.14861177281010818,798.4,125.91419194756389,14.166227972549223,0.14861177281010818,nonce-79d42f53eb8d57dc9ac5,True,False,benign,False,0,"{""attack_ended_at"": 65.0, ""case_opened_at"": 65.0, ""lane_id"": ""g21_g20_0"", ""road_id"": ""g21_g20""}"
cam-1001-veh_018-000046,cam-1001-veh_018-000046,case-grid-1001-veh_018-benign,root-a0707d8d49e5c2408e9c3159,1001,veh_018,ps-f5eb5907dca15325,CAM,65.0,625.211520200633,798.4,13.150573781885058,-0.33319062123075227,625.211520200633,798.4,13.150573781885058,-0.33319062123075227,nonce-a0707d8d49e5c2408e9c,True,False,benign,False,0,"{""attack_ended_at"": 65.0, ""case_opened_at"": 65.0, ""lane_id"": ""g12_g22_0"", ""road_id"": ""g12_g22""}"
cam-1001-veh_019-000045,cam-1001-veh_019-000045,case-grid-1001-veh_019-benign,root-b25b96d34b98641f82e46285,1001,veh_019,ps-bfc295509368822d,CAM,65.0,801.6,641.7428946520848,14.224344394680621,-0.11160251410212219,801.6,641.7428946520848,14.224344394680621,-0.11160251410212219,nonce-b25b96d34b98641f82e4,True,False,benign,False,0,"{""attack_ended_at"": 65.0, ""case_opened_at"": 65.0, ""lane_id"": ""g21_g22_0"", ""road_id"": ""g21_g22""}"
cam-1001-veh_020-000044,cam-1001-veh_020-000044,case-grid-1001-veh_020-benign,root-22f0f944ad460c2c9a8c89dc,1001,veh_020,ps-ebb98a241b250d58,CAM,65.0,489.1613746237728,398.4,12.919724950240084,-0.18216105647385028,489.1613746237728,398.4,12.919724950240084,-0.18216105647385028,nonce-22f0f944ad460c2c9a8c,True,False,benign,False,0,"{""attack_ended_at"": 65.0, ""case_opened_at"": 65.0, ""lane_id"": ""g11_g21_0"", ""road_id"": ""g11_g21""}"
cam-1001-veh_021-000043,cam-1001-veh_021-000043,case-grid-1001-veh_021-benign,root-9561b53dbe20407ece8abb8e,1001,veh_021,ps-c17e704b00a194fa,CAM,65.0,303.36718359418387,401.6,12.843157394059004,-0.24668776672985437,303.36718359418387,401.6,12.843157394059004,-0.24668776672985437,nonce-9561b53dbe20407ece8a,True,False,benign,False,0,"{""attack_ended_at"": 65.0, ""case_opened_at"": 65.0, ""lane_id"": ""g11_g01_0"", ""road_id"": ""g11_g01""}"
cam-1001-veh_022-000042,cam-1001-veh_022-000042,case-grid-1001-veh_022-benign,root-f8e189db32fcaa57a4aaed27,1001,veh_022,ps-37f1e0f2b964b078,CAM,65.0,401.6,662.2330010756314,13.465927761602925,0.07884987514932007,401.6,662.2330010756314,13.465927761602925,0.07884987514932007,nonce-f8e189db32fcaa57a4aa,True,False,benign,False,0,"{""attack_ended_at"": 65.0, ""case_opened_at"": 65.0, ""lane_id"": ""g11_g12_0"", ""road_id"": ""g11_g12""}"
cam-1001-veh_023-000041,cam-1001-veh_023-000041,case-grid-1001-veh_023-benign,root-53756d1ddb2362c91d5dc9de,1001,veh_023,ps-88766211387813b1,CAM,65.0,398.4,241.35943067822174,13.620250605882973,0.37369080659933473,398.4,241.35943067822174,13.620250605882973,0.37369080659933473,nonce-53756d1ddb2362c91d5d,True,False,benign,False,0,"{""attack_ended_at"": 65.0, ""case_opened_at"": 65.0, ""lane_id"": ""g11_g10_0"", ""road_id"": ""g11_g10""}"
cam-1001-veh_000-000065,cam-1001-veh_000-000065,case-grid-1001-veh_000-benign,root-0cb2483243f7443b62b77915,1001,veh_000,ps-0b6a8266609a146f,CAM,66.0,761.3973946877036,-1.6,11.905048466820741,0.06503191262483732,761.3973946877036,-1.6,11.905048466820741,0.06503191262483732,nonce-0cb2483243f7443b62b7,True,False,benign,False,0,"{""attack_ended_at"": 66.0, ""case_opened_at"": 66.0, ""lane_id"": ""g10_g20_0"", ""road_id"": ""g10_g20""}"
cam-1001-veh_001-000064,cam-1001-veh_001-000064,case-grid-1001-veh_001-benign,root-41435668f5818eadc66fac1e,1001,veh_001,ps-11b4aa50327f89a0,CAM,66.0,796.1568194799607,1.6,3.235032427523508,-2.8499119751456807,796.1568194799607,1.6,3.235032427523508,-2.8499119751456807,nonce-41435668f5818eadc66f,True,False,benign,False,0,"{""attack_ended_at"": 66.0, ""case_opened_at"": 66.0, ""lane_id"": ""g20_g10_0"", ""road_id"": ""g20_g10""}"
cam-1001-veh_002-000063,cam-1001-veh_002-000063,case-grid-1001-veh_002-position_offset,root-a5763298043313f41e1d1f72,1001,veh_002,ps-e0bc27433007a32c,CAM,66.0,794.5882854134011,798.4,7.932360101009198,-4.351167219998315,859.5882854134011,814.65,7.932360101009198,-4.351167219998315,nonce-a5763298043313f41e1d,True,False,position_offset,True,0,"{""attack_ended_at"": 70.0, ""case_opened_at"": 18.0, ""lane_id"": ""g12_g22_0"", ""road_id"": ""g12_g22""}"
cam-1001-veh_003-000062,cam-1001-veh_003-000062,case-grid-1001-veh_003-benign,root-afb5bf29a728802050a58f84,1001,veh_003,ps-13247f0afc865149,CAM,66.0,801.6,789.1568498854915,11.427914390478366,-0.7971633173295629,801.6,789.1568498854915,11.427914390478366,-0.7971633173295629,nonce-afb5bf29a728802050a5,True,False,benign,False,0,"{""attack_ended_at"": 66.0, ""case_opened_at"": 66.0, ""lane_id"": ""g21_g22_0"", ""road_id"": ""g21_g22""}"
cam-1001-veh_004-000061,cam-1001-veh_004-000061,case-grid-1001-veh_004-speed_offset,root-4a5c848e0076d47969c7cf5d,1001,veh_004,ps-b7dd5d779d6fb997,CAM,66.0,594.0536166255063,398.4,12.591633286313252,-0.04895548171363728,594.0536166255063,398.4,23.591633286313254,-0.04895548171363728,nonce-4a5c848e0076d47969c7,True,False,speed_offset,True,0,"{""attack_ended_at"": 72.0, ""case_opened_at"": 20.0, ""lane_id"": ""g11_g21_0"", ""road_id"": ""g11_g21""}"
cam-1001-veh_005-000060,cam-1001-veh_005-000060,case-grid-1001-veh_005-benign,root-733780db07522dba15d627fd,1001,veh_005,ps-fedb1f4cae953d51,CAM,66.0,208.6387912797855,401.6,12.591374160858214,-0.20100643310230204,208.6387912797855,401.6,12.591374160858214,-0.20100643310230204,nonce-733780db07522dba15d6,True,False,benign,False,0,"{""attack_ended_at"": 66.0, ""case_opened_at"": 66.0, ""lane_id"": ""g11_g01_0"", ""road_id"": ""g11_g01""}"
replay-cam-1001-veh_006-000059,cam-1001-veh_006-000011,case-grid-1001-veh_006-replay,root-55cf5c413e6560d70ca215ff,1001,veh_006,ps-402cdb4ee382d9ca,CAM,18.0,401.6,149.61574761008055,12.427882390090138,0.2817533832695336,401.6,149.61574761008055,12.427882390090138,0.2817533832695336,nonce-55cf5c413e6560d70ca2,True,False,replay,True,12,"{""attack_ended_at"": 18.0, ""case_opened_at"": 18.0, ""lane_id"": ""g10_g11_0"", ""road_id"": ""g10_g11""}"
cam-1001-veh_007-000058,cam-1001-veh_007-000058,case-grid-1001-veh_007-benign,root-db2acd7c5eeeaf53d3314be5,1001,veh_007,ps-20a8fd281b9c6e27,CAM,66.0,398.4,55.4942956024189,12.408274870597221,-0.5434075687732545,398.4,55.4942956024189,12.408274870597221,-0.5434075687732545,nonce-db2acd7c5eeeaf53d331,True,False,benign,False,0,"{""attack_ended_at"": 66.0, ""case_opened_at"": 66.0, ""lane_id"": ""g11_g10_0"", ""road_id"": ""g11_g10""}"
cam-1001-veh_008-000057,cam-1001-veh_008-000057,case-grid-1001-veh_008-certificate_tamper,root-7eae61927babd96fae95d50c,1001,veh_008,ps-0441a16dd8d22b44,CAM,66.0,741.1519199868044,-1.6,12.097361398044898,0.09938097173749938,741.1519199868044,-1.6,12.097361398044898,0.09938097173749938,nonce-7eae61927babd96fae95,False,False,certificate_tamper,True,0,"{""attack_ended_at"": 76.0, ""case_opened_at"": 24.0, ""lane_id"": ""g10_g20_0"", ""road_id"": ""g10_g20""}"
cam-1001-veh_009-000056,cam-1001-veh_009-000056,case-grid-1001-veh_009-benign,root-9f928990a3a0041769c9bc86,1001,veh_009,ps-8e3b87e1d6235c50,CAM,66.0,798.4,11.357254538492043,6.250591362993566,-4.1546985233878,798.4,11.357254538492043,6.250591362993566,-4.1546985233878,nonce-9f928990a3a0041769c9,True,False,benign,False,0,"{""attack_ended_at"": 66.0, ""case_opened_at"": 66.0, ""lane_id"": ""g21_g20_0"", ""road_id"": ""g21_g20""}"
cam-1001-veh_010-000055-f0,cam-1001-veh_010-000055,case-grid-1001-veh_010-flood,root-3d7e3f3158e4c1968eba1bd4,1001,veh_010,ps-bf5c5fe0f587553a,CAM,66.0,777.7728098290388,798.4,12.601811725857686,0.1402927281640487,777.7728098290388,798.4,12.601811725857686,0.1402927281640487,nonce-3d7e3f3158e4c1968eba,True,False,flood,True,0,"{""attack_ended_at"": 78.0, ""case_opened_at"": 26.0, ""lane_id"": ""g12_g22_0"", ""road_id"": ""g12_g22""}"
cam-1001-veh_010-000055-f1,cam-1001-veh_010-000055,case-grid-1001-veh_010-flood,root-3d7e3f3158e4c1968eba1bd4,1001,veh_010,ps-bf5c5fe0f587553a,CAM,66.0,777.7728098290388,798.4,12.601811725857686,0.1402927281640487,777.7728098290388,798.4,12.601811725857686,0.1402927281640487,nonce-3d7e3f3158e4c1968eba,True,False,flood,True,1,"{""attack_ended_at"": 78.0, ""case_opened_at"": 26.0, ""lane_id"": ""g12_g22_0"", ""road_id"": ""g12_g22""}"
cam-1001-veh_010-000055-f2,cam-1001-veh_010-000055,case-grid-1001-veh_010-flood,root-3d7e3f3158e4c1968eba1bd4,1001,veh_010,ps-bf5c5fe0f587553a,CAM,66.0,777.7728098290388,798.4,12.601811725857686,0.1402927281640487,777.7728098290388,798.4,12.601811725857686,0.1402927281640487,nonce-3d7e3f3158e4c1968eba,True,False,flood,True,2,"{""attack_ended_at"": 78.0, ""case_opened_at"": 26.0, ""lane_id"": ""g12_g22_0"", ""road_id"": ""g12_g22""}"
cam-1001-veh_010-000055-f3,cam-1001-veh_010-000055,case-grid-1001-veh_010-flood,root-3d7e3f3158e4c1968eba1bd4,1001,veh_010,ps-bf5c5fe0f587553a,CAM,66.0,777.7728098290388,798.4,12.601811725857686,0.1402927281640487,777.7728098290388,798.4,12.601811725857686,0.1402927281640487,nonce-3d7e3f3158e4c1968eba,True,False,flood,True,3,"{""attack_ended_at"": 78.0, ""case_opened_at"": 26.0, ""lane_id"": ""g12_g22_0"", ""road_id"": ""g12_g22""}"
cam-1001-veh_010-000055-f4,cam-1001-veh_010-000055,case-grid-1001-veh_010-flood,root-3d7e3f3158e4c1968eba1bd4,1001,veh_010,ps-bf5c5fe0f587553a,CAM,66.0,777.7728098290388,798.4,12.601811725857686,0.1402927281640487,777.7728098290388,798.4,12.601811725857686,0.1402927281640487,nonce-3d7e3f3158e4c1968eba,True,False,flood,True,4,"{""attack_ended_at"": 78.0, ""case_opened_at"": 26.0, ""lane_id"": ""g12_g22_0"", ""road_id"": ""g12_g22""}"
cam-1001-veh_011-000054,cam-1001-veh_011-000054,case-grid-1001-veh_011-benign,root-45d15cc935ee1ab7d6601195,1001,veh_011,ps-298210176c98c50a,CAM,66.0,801.6,733.3581263106698,13.397981428702085,0.027371792807242556,801.6,733.3581263106698,13.397981428702085,0.027371792807242556,nonce-45d15cc935ee1ab7d660,True,False,benign,False,0,"{""attack_ended_at"": 66.0, ""case_opened_at"": 66.0, ""lane_id"": ""g21_g22_0"", ""road_id"": ""g21_g22""}"
cam-1001-veh_012-000053,cam-1001-veh_012-000053,case-grid-1001-veh_012-false_denm,root-80dfee502eb7061c27e2077c,1001,veh_012,ps-a2d8503b0d2b7ea8,CAM,66.0,536.8209435222709,398.4,14.411207083728902,-0.4557817598478877,536.8209435222709,398.4,14.411207083728902,-0.4557817598478877,nonce-80dfee502eb7061c27e2,True,False,false_denm,True,0,"{""attack_ended_at"": 80.0, ""case_opened_at"": 28.0, ""lane_id"": ""g11_g21_0"", ""road_id"": ""g11_g21""}"
cam-1001-veh_013-000052,cam-1001-veh_013-000052,case-grid-1001-veh_013-benign,root-0817b867bf65e0375708de19,1001,veh_013,ps-ffb1bac62aa27994,CAM,66.0,267.2536824658791,401.6,13.665879642977805,0.34486168211325996,267.2536824658791,401.6,13.665879642977805,0.34486168211325996,nonce-0817b867bf65e0375708,True,False,benign,False,0,"{""attack_ended_at"": 66.0, ""case_opened_at"": 66.0, ""lane_id"": ""g11_g01_0"", ""road_id"": ""g11_g01""}"
cam-1001-veh_014-000051-m0,cam-1001-veh_014-000051,case-grid-1001-veh_014-mixed,root-6dae985b076ac62741b6a503,1001,veh_014,ps-0c5027fa621fc8a7,DENM,66.0,401.6,698.3623732133424,13.353566118772836,0.12390604756772561,446.6,707.3623732133424,21.353566118772836,0.12390604756772561,nonce-6dae985b076ac62741b6,True,True,mixed,True,0,"{""attack_ended_at"": 82.0, ""case_opened_at"": 30.0, ""lane_id"": ""g11_g12_0"", ""road_id"": ""g11_g12""}"
cam-1001-veh_014-000051-m1,cam-1001-veh_014-000051,case-grid-1001-veh_014-mixed,root-6dae985b076ac62741b6a503,1001,veh_014,ps-0c5027fa621fc8a7,DENM,66.0,401.6,698.3623732133424,13.353566118772836,0.12390604756772561,446.6,707.3623732133424,21.353566118772836,0.12390604756772561,nonce-6dae985b076ac62741b6,True,True,mixed,True,1,"{""attack_ended_at"": 82.0, ""case_opened_at"": 30.0, ""lane_id"": ""g11_g12_0"", ""road_id"": ""g11_g12""}"
cam-1001-veh_014-000051-m2,cam-1001-veh_014-000051,case-grid-1001-veh_014-mixed,root-6dae985b076ac62741b6a503,1001,veh_014,ps-0c5027fa621fc8a7,DENM,66.0,401.6,698.3623732133424,13.353566118772836,0.12390604756772561,446.6,707.3623732133424,21.353566118772836,0.12390604756772561,nonce-6dae985b076ac62741b6,True,True,mixed,True,2,"{""attack_ended_at"": 82.0, ""case_opened_at"": 30.0, ""lane_id"": ""g11_g12_0"", ""road_id"": ""g11_g12""}"
cam-1001-veh_014-000051-m3,cam-1001-veh_014-000051,case-grid-1001-veh_014-mixed,root-6dae985b076ac62741b6a503,1001,veh_014,ps-0c5027fa621fc8a7,DENM,66.0,401.6,698.3623732133424,13.353566118772836,0.12390604756772561,446.6,707.3623732133424,21.353566118772836,0.12390604756772561,nonce-6dae985b076ac62741b6,True,True,mixed,True,3,"{""attack_ended_at"": 82.0, ""case_opened_at"": 30.0, ""lane_id"": ""g11_g12_0"", ""road_id"": ""g11_g12""}"
cam-1001-veh_015-000050,cam-1001-veh_015-000050,case-grid-1001-veh_015-benign,root-9223a47afdb0321ecae61519,1001,veh_015,ps-43db3038c74a6947,CAM,66.0,398.4,140.6168468804796,12.777447304921322,-0.32866197194438485,398.4,140.6168468804796,12.777447304921322,-0.32866197194438485,nonce-9223a47afdb0321ecae6,True,False,benign,False,0,"{""attack_ended_at"": 66.0, ""case_opened_at"": 66.0, ""lane_id"": ""g11_g10_0"", ""road_id"": ""g11_g10""}"
cam-1001-veh_016-000049,cam-1001-veh_016-000049,case-grid-1001-veh_016-benign,root-944211d9c2240218b4d3e00d,1001,veh_016,ps-cbbef243035097ce,CAM,66.0,720.6442502305655,-1.6,12.42124022598838,0.7302066182939448,720.6442502305655,-1.6,12.42124022598838,0.7302066182939448,nonce-944211d9c2240218b4d3,True,False,benign,False,0,"{""attack_ended_at"": 66.0, ""case_opened_at"": 66.0, ""lane_id"": ""g10_g20_0"", ""road_id"": ""g10_g20""}"
cam-1001-veh_017-000048,cam-1001-veh_017-000048,case-grid-1001-veh_017-benign,root-58410b638c5ff64cf5ed48d8,1001,veh_017,ps-c4cb9175e03371fc,CAM,66.0,798.4,111.39588133334513,14.518310614218771,0.35208264166954883,798.4,111.39588133334513,14.518310614218771,0.35208264166954883,nonce-58410b638c5ff64cf5ed,True,False,benign,False,0,"{""attack_ended_at"": 66.0, ""case_opened_at"": 66.0, ""lane_id"": ""g21_g20_0"", ""road_id"": ""g21_g20""}"
cam-1001-veh_018-000047,cam-1001-veh_018-000047,case-grid-1001-veh_018-benign,root-d69d2a6f97fddf00bd81eb85,1001,veh_018,ps-f5eb5907dca15325,CAM,66.0,638.8963808795515,798.4,13.684860678918511,0.5342868970334536,638.8963808795515,798.4,13.684860678918511,0.5342868970334536,nonce-d69d2a6f97fddf00bd81,True,False,benign,False,0,"{""attack_ended_at"": 66.0, ""case_opened_at"": 66.0, ""lane_id"": ""g12_g22_0"", ""road_id"": ""g12_g22""}"
cam-1001-veh_019-000046,cam-1001-veh_019-000046,case-grid-1001-veh_019-benign,root-7f137b657d8ff5c8793ae1e8,1001,veh_019,ps-bfc295509368822d,CAM,66.0,801.6,655.6787373292427,13.93584267715788,-0.2885017175227418,801.6,655.6787373292427,13.93584267715788,-0.2885017175227418,nonce-7f137b657d8ff5c8793a,True,False,benign,False,0,"{""attack_ended_at"": 66.0, ""case_opened_at"": 66.0, ""lane_id"": ""g21_g22_0"", ""road_id"": ""g21_g22""}"
cam-1001-veh_020-000045,cam-1001-veh_020-000045,case-grid-1001-veh_020-benign,root-baa9c9af1aedc832164f47e2,1001,veh_020,ps-ebb98a241b250d58,CAM,66.0,501.59869179711325,398.4,12.437317173340448,-0.48240777689963643,501.59869179711325,398.4,12.437317173340448,-0.48240777689963643,nonce-baa9c9af1aedc832164f,True,False,benign,False,0,"{""attack_ended_at"": 66.0, ""case_opened_at"": 66.0, ""lane_id"": ""g11_g21_0"", ""road_id"": ""g11_g21""}"
cam-1001-veh_021-000044,cam-1001-veh_021-000044,case-grid-1001-veh_021-benign,root-c1e13ccb8ac389c4f34a116f,1001,veh_021,ps-c17e704b00a194fa,CAM,66.0,289.94207212357406,401.6,13.425111470609776,0.5819540765507725,289.94207212357406,401.6,13.425111470609776,0.5819540765507725,nonce-c1e13ccb8ac389c4f34a,True,False,benign,False,0,"{""attack_ended_at"": 66.0, ""case_opened_at"": 66.0, ""lane_id"": ""g11_g01_0"", ""road_id"": ""g11_g01""}"
cam-1001-veh_022-000043,cam-1001-veh_022-000043,case-grid-1001-veh_022-benign,root-5d5898915a1a3ae6f54af92c,1001,veh_022,ps-37f1e0f2b964b078,CAM,66.0,401.6,675.9817232359252,13.748722160293784,0.282794398690859,401.6,675.9817232359252,13.748722160293784,0.282794398690859,nonce-5d5898915a1a3ae6f54a,True,False,benign,False,0,"{""attack_ended_at"": 66.0, ""case_opened_at"": 66.0, ""lane_id"": ""g11_g12_0"", ""road_id"": ""g11_g12""}"
cam-1001-veh_023-000042,cam-1001-veh_023-000042,case-grid-1001-veh_023-benign,root-35829921369c3819d0eef46e,1001,veh_023,ps-88766211387813b1,CAM,66.0,398.4,228.04786028272238,13.311570395499363,-0.30868021038360993,398.4,228.04786028272238,13.311570395499363,-0.30868021038360993,nonce-35829921369c3819d0ee,True,False,benign,False,0,"{""attack_ended_at"": 66.0, ""case_opened_at"": 66.0, ""lane_id"": ""g11_g10_0"", ""road_id"": ""g11_g10""}"
cam-1001-veh_000-000066,cam-1001-veh_000-000066,case-grid-1001-veh_000-benign,root-ae19d7bc668dbf4e29d75a30,1001,veh_000,ps-0b6a8266609a146f,CAM,67.0,773.200615159632,-1.6,11.803220471928366,-0.10182799489237482,773.200615159632,-1.6,11.803220471928366,-0.10182799489237482,nonce-ae19d7bc668dbf4e29d7,True,False,benign,False,0,"{""attack_ended_at"": 67.0, ""case_opened_at"": 67.0, ""lane_id"": ""g10_g20_0"", ""road_id"": ""g10_g20""}"
cam-1001-veh_001-000065,cam-1001-veh_001-000065,case-grid-1001-veh_001-benign,root-3c223bff1906d88c31d9753a,1001,veh_001,ps-11b4aa50327f89a0,CAM,67.0,790.3521693283818,1.6,5.804650151578932,2.569617724055424,790.3521693283818,1.6,5.804650151578932,2.569617724055424,nonce-3c223bff1906d88c31d9,True,False,benign,False,0,"{""attack_ended_at"": 67.0, ""case_opened_at"": 67.0, ""lane_id"": ""g20_g10_0"", ""road_id"": ""g20_g10""}"
cam-1001-veh_002-000064,cam-1001-veh_002-000064,case-grid-1001-veh_002-position_offset,root-6672014e253003774362400b,1001,veh_002,ps-e0bc27433007a32c,CAM,67.0,797.9405197080823,798.0356881751507,3.4323601010091984,-4.5,862.9405197080823,814.2856881751507,3.4323601010091984,-4.5,nonce-6672014e253003774362,True,False,position_offset,True,0,"{""attack_ended_at"": 70.0, ""case_opened_at"": 18.0, ""lane_id"": "":g22_1_0"", ""road_id"": "":g22_1""}"
cam-1001-veh_003-000063,cam-1001-veh_003-000063,case-grid-1001-veh_003-benign,root-8081d2a7e5e9d2db50a50dbc,1001,veh_003,ps-13247f0afc865149,CAM,67.0,801.6,796.0847642759699,6.9279143904783655,-4.5,801.6,796.0847642759699,6.9279143904783655,-4.5,nonce-8081d2a7e5e9d2db50a5,True,False,benign,False,0,"{""attack_ended_at"": 67.0, ""case_opened_at"": 67.0, ""lane_id"": ""g21_g22_0"", ""road_id"": ""g21_g22""}"
cam-1001-veh_004-000062,cam-1001-veh_004-000062,case-grid-1001-veh_004-speed_offset,root-f57347f0770b0f655299ca59,1001,veh_004,ps-b7dd5d779d6fb997,CAM,67.0,607.173279947171,398.4,13.119663321664655,0.5280300353514029,607.173279947171,398.4,24.119663321664653,0.5280300353514029,nonce-f57347f0770b0f655299,True,False,speed_offset,True,0,"{""attack_ended_at"": 72.0, ""case_opened_at"": 20.0, ""lane_id"": ""g11_g21_0"", ""road_id"": ""g11_g21""}"
cam-1001-veh_005-000061,cam-1001-veh_005-000061,case-grid-1001-veh_005-benign,root-678cb365a1878f7a45c0b472,1001,veh_005,ps-fedb1f4cae953d51,CAM,67.0,196.16553443895262,401.6,12.473256840832875,-0.11811732002533937,196.16553443895262,401.6,12.473256840832875,-0.11811732002533937,nonce-678cb365a1878f7a45c0,True,False,benign,False,0,"{""attack_ended_at"": 67.0, ""case_opened_at"": 67.0, ""lane_id"": ""g11_g01_0"", ""road_id"": ""g11_g01""}"
replay-cam-1001-veh_006-000060,cam-1001-veh_006-000012,case-grid-1001-veh_006-replay,root-e685cc25bd7b355fd757e166,1001,veh_006,ps-402cdb4ee382d9ca,CAM,19.0,401.6,161.79692725744974,12.181179647369184,-0.24670274272095405,401.6,161.79692725744974,12.181179647369184,-0.24670274272095405,nonce-e685cc25bd7b355fd757,True,False,replay,True,12,"{""attack_ended_at"": 19.0, ""case_opened_at"": 19.0, ""lane_id"": ""g10_g11_0"", ""road_id"": ""g10_g11""}"
cam-1001-veh_007-000059,cam-1001-veh_007-000059,case-grid-1001-veh_007-benign,root-1f0d691b6b52fa4fb5f1322b,1001,veh_007,ps-20a8fd281b9c6e27,CAM,67.0,398.4,43.025952309172624,12.468343293246276,0.060068422649054654,398.4,43.025952309172624,12.468343293246276,0.060068422649054654,nonce-1f0d691b6b52fa4fb5f1,True,False,benign,False,0,"{""attack_ended_at"": 67.0, ""case_opened_at"": 67.0, ""lane_id"": ""g11_g10_0"", ""road_id"": ""g11_g10""}"
cam-1001-veh_008-000058,cam-1001-veh_008-000058,case-grid-1001-veh_008-certificate_tamper,root-342bc8de446d93cdd75d65dd,1001,veh_008,ps-0441a16dd8d22b44,CAM,67.0,753.2578206358278,-1.6,12.105900649023356,0.008539250978458313,753.2578206358278,-1.6,12.105900649023356,0.008539250978458313,nonce-342bc8de446d93cdd75d,False,False,certificate_tamper,True,0,"{""attack_ended_at"": 76.0, ""case_opened_at"": 24.0, ""lane_id"": ""g10_g20_0"", ""road_id"": ""g10_g20""}"
cam-1001-veh_009-000057,cam-1001-veh_009-000057,case-grid-1001-veh_009-benign,root-2d7b371b060337ff952a09d9,1001,veh_009,ps-8e3b87e1d6235c50,CAM,67.0,798.4,7.770686075851131,3.5865684626409315,-2.6640229003526343,798.4,7.770686075851131,3.5865684626409315,-2.6640229003526343,nonce-2d7b371b060337ff952a,True,False,benign,False,0,"{""attack_ended_at"": 67.0, ""case_opened_at"": 67.0, ""lane_id"": ""g21_g20_0"", ""road_id"": ""g21_g20""}"
cam-1001-veh_010-000056-f0,cam-1001-veh_010-000056,case-grid-1001-veh_010-flood,root-1b2cd5bd724bafccc188b4bf,1001,veh_010,ps-bf5c5fe0f587553a,CAM,67.0,785.8746215548965,798.4,8.101811725857686,-4.5,785.8746215548965,798.4,8.101811725857686,-4.5,nonce-1b2cd5bd724bafccc188,True,False,flood,True,0,"{""attack_ended_at"": 78.0, ""case_opened_at"": 26.0, ""lane_id"": ""g12_g22_0"", ""road_id"": ""g12_g22""}"
cam-1001-veh_010-000056-f1,cam-1001-veh_010-000056,case-grid-1001-veh_010-flood,root-1b2cd5bd724bafccc188b4bf,1001,veh_010,ps-bf5c5fe0f587553a,CAM,67.0,785.8746215548965,798.4,8.101811725857686,-4.5,785.8746215548965,798.4,8.101811725857686,-4.5,nonce-1b2cd5bd724bafccc188,True,False,flood,True,1,"{""attack_ended_at"": 78.0, ""case_opened_at"": 26.0, ""lane_id"": ""g12_g22_0"", ""road_id"": ""g12_g22""}"
cam-1001-veh_010-000056-f2,cam-1001-veh_010-000056,case-grid-1001-veh_010-flood,root-1b2cd5bd724bafccc188b4bf,1001,veh_010,ps-bf5c5fe0f587553a,CAM,67.0,785.8746215548965,798.4,8.101811725857686,-4.5,785.8746215548965,798.4,8.101811725857686,-4.5,nonce-1b2cd5bd724bafccc188,True,False,flood,True,2,"{""attack_ended_at"": 78.0, ""case_opened_at"": 26.0, ""lane_id"": ""g12_g22_0"", ""road_id"": ""g12_g22""}"
cam-1001-veh_010-000056-f3,cam-1001-veh_010-000056,case-grid-1001-veh_010-flood,root-1b2cd5bd724bafccc188b4bf,1001,veh_010,ps-bf5c5fe0f587553a,CAM,67.0,785.8746215548965,798.4,8.101811725857686,-4.5,785.8746215548965,798.4,8.101811725857686,-4.5,nonce-1b2cd5bd724bafccc188,True,False,flood,True,3,"{""attack_ended_at"": 78.0, ""case_opened_at"": 26.0, ""lane_id"": ""g12_g22_0"", ""road_id"": ""g12_g22""}"
cam-1001-veh_010-000056-f4,cam-1001-veh_010-000056,case-grid-1001-veh_010-flood,root-1b2cd5bd724bafccc188b4bf,1001,veh_010,ps-bf5c5fe0f587553a,CAM,67.0,785.8746215548965,798.4,8.101811725857686,-4.5,785.8746215548965,798.4,8.101811725857686,-4.5,nonce-1b2cd5bd724bafccc188,True,False,flood,True,4,"{""attack_ended_at"": 78.0, ""case_opened_at"": 26.0, ""lane_id"": ""g12_g22_0"", ""road_id"": ""g12_g22""}"
cam-1001-veh_011-000055,cam-1001-veh_011-000055,case-grid-1001-veh_011-benign,root-a8d32ecc261ec6a75eb2ea46,1001,veh_011,ps-298210176c98c50a,CAM,67.0,801.6,746.6776420321676,13.319515721497782,-0.07846570720430357,801.6,746.6776420321676,13.319515721497782,-0.07846570720430357,nonce-a8d32ecc261ec6a75eb2,True,False,benign,False,0,"{""attack_ended_at"": 67.0, ""case_opened_at"": 67.0, ""lane_id"": ""g21_g22_0"", ""road_id"": ""g21_g22""}"
cam-1001-veh_012-000054,cam-1001-veh_012-000054,case-grid-1001-veh_012-false_denm,root-b47e38b44659c7a4abd83fe6,1001,veh_012,ps-a2d8503b0d2b7ea8,CAM,67.0,551.3960273845252,398.4,14.575083862254203,0.16387677852530125,551.3960273845252,398.4,14.575083862254203,0.16387677852530125,nonce-b47e38b44659c7a4abd8,True,False,false_denm,True,0,"{""attack_ended_at"": 80.0, ""case_opened_at"": 28.0, ""lane_id"": ""g11_g21_0"", ""road_id"": ""g11_g21""}"
cam-1001-veh_013-000053,cam-1001-veh_013-000053,case-grid-1001-veh_013-benign,root-0d957d42f5f7a136df0b3c1f,1001,veh_013,ps-ffb1bac62aa27994,CAM,67.0,254.28100001794695,401.6,12.972682447932154,-0.6931971950456504,254.28100001794695,401.6,12.972682447932154,-0.6931971950456504,nonce-0d957d42f5f7a136df0b,True,False,benign,False,0,"{""attack_ended_at"": 67.0, ""case_opened_at"": 67.0, ""lane_id"": ""g11_g01_0"", ""road_id"": ""g11_g01""}"
cam-1001-veh_014-000052-m0,cam-1001-veh_014-000052,case-grid-1001-veh_014-mixed,root-fcb93081501011dc50c65812,1001,veh_014,ps-0c5027fa621fc8a7,DENM,67.0,401.6,711.6309781965508,13.268604983208464,-0.08496113556437201,446.6,720.6309781965508,21.268604983208462,-0.08496113556437201,nonce-fcb93081501011dc50c6,True,True,mixed,True,0,"{""attack_ended_at"": 82.0, ""case_opened_at"": 30.0, ""lane_id"": ""g11_g12_0"", ""road_id"": ""g11_g12""}"
cam-1001-veh_014-000052-m1,cam-1001-veh_014-000052,case-grid-1001-veh_014-mixed,root-fcb93081501011dc50c65812,1001,veh_014,ps-0c5027fa621fc8a7,DENM,67.0,401.6,711.6309781965508,13.268604983208464,-0.08496113556437201,446.6,720.6309781965508,21.268604983208462,-0.08496113556437201,nonce-fcb93081501011dc50c6,True,True,mixed,True,1,"{""attack_ended_at"": 82.0, ""case_opened_at"": 30.0, ""lane_id"": ""g11_g12_0"", ""road_id"": ""g11_g12""}"
cam-1001-veh_014-000052-m2,cam-1001-veh_014-000052,case-grid-1001-veh_014-mixed,root-fcb93081501011dc50c65812,1001,veh_014,ps-0c5027fa621fc8a7,DENM,67.0,401.6,711.6309781965508,13.268604983208464,-0.08496113556437201,446.6,720.6309781965508,21.268604983208462,-0.08496113556437201,nonce-fcb93081501011dc50c6,True,True,mixed,True,2,"{""attack_ended_at"": 82.0, ""case_opened_at"": 30.0, ""lane_id"": ""g11_g12_0"", ""road_id"": ""g11_g12""}"
cam-1001-veh_014-000052-m3,cam-1001-veh_014-000052,case-grid-1001-veh_014-mixed,root-fcb93081501011dc50c65812,1001,veh_014,ps-0c5027fa621fc8a7,DENM,67.0,401.6,711.6309781965508,13.268604983208464,-0.08496113556437201,446.6,720.6309781965508,21.268604983208462,-0.08496113556437201,nonce-fcb93081501011dc50c6,True,True,mixed,True,3,"{""attack_ended_at"": 82.0, ""case_opened_at"": 30.0, ""lane_id"": ""g11_g12_0"", ""road_id"": ""g11_g12""}"
cam-1001-veh_015-000051,cam-1001-veh_015-000051,case-grid-1001-veh_015-benign,root-311688eeade1256b8547907d,1001,veh_015,ps-43db3038c74a6947,CAM,67.0,398.4,127.48834745612442,13.128499424355201,0.35105211943387893,398.4,127.48834745612442,13.128499424355201,0.35105211943387893,nonce-311688eeade1256b8547,True,False,benign,False,0,"{""attack_ended_at"": 67.0, ""case_opened_at"": 67.0, ""lane_id"": ""g11_g10_0"", ""road_id"": ""g11_g10""}"
cam-1001-veh_016-000050,cam-1001-veh_016-000050,case-grid-1001-veh_016-benign,root-95224e80cc012ede3dfd586d,1001,veh_016,ps-cbbef243035097ce,CAM,67.0,732.2843787624895,-1.6,11.64012853192396,-0.7811116940644194,732.2843787624895,-1.6,11.64012853192396,-0.7811116940644194,nonce-95224e80cc012ede3dfd,True,False,benign,False,0,"{""attack_ended_at"": 67.0, ""case_opened_at"": 67.0, ""lane_id"": ""g10_g20_0"", ""road_id"": ""g10_g20""}"
cam-1001-veh_017-000049,cam-1001-veh_017-000049,case-grid-1001-veh_017-benign,root-4d9430b193be47e07ef2e63a,1001,veh_017,ps-c4cb9175e03371fc,CAM,67.0,798.4,97.4566186904849,13.93926264286025,-0.5790479713585217,798.4,97.4566186904849,13.93926264286025,-0.5790479713585217,nonce-4d9430b193be47e07ef2,True,False,benign,False,0,"{""attack_ended_at"": 67.0, ""case_opened_at"": 67.0, ""lane_id"": ""g21_g20_0"", ""road_id"": ""g21_g20""}"
cam-1001-veh_018-000048,cam-1001-veh_018-000048,case-grid-1001-veh_018-benign,root-4977d91df3a5bc1cdcff84a8,1001,veh_018,ps-f5eb5907dca15325,CAM,67.0,652.469946996161,798.4,13.573566116609463,-0.11129456230904822,652.469946996161,798.4,13.573566116609463,-0.11129456230904822,nonce-4977d91df3a5bc1cdcff,True,False,benign,False,0,"{""attack_ended_at"": 67.0, ""case_opened_at"": 67.0, ""lane_id"": ""g12_g22_0"", ""road_id"": ""g12_g22""}"
cam-1001-veh_019-000047,cam-1001-veh_019-000047,case-grid-1001-veh_019-benign,root-156f15939e37fca8f51d2813,1001,veh_019,ps-bfc295509368822d,CAM,67.0,801.6,669.3612592975669,13.682521968324245,-0.253320708833634,801.6,669.3612592975669,13.682521968324245,-0.253320708833634,nonce-156f15939e37fca8f51d,True,False,benign,False,0,"{""attack_ended_at"": 67.0, ""case_opened_at"": 67.0, ""lane_id"": ""g21_g22_0"", ""road_id"": ""g21_g22""}"
cam-1001-veh_020-000046,cam-1001-veh_020-000046,case-grid-1001-veh_020-benign,root-05f62726eaf913e30269dbe5,1001,veh_020,ps-ebb98a241b250d58,CAM,67.0,513.9640699653983,398.4,12.365378168284984,-0.07193900505546402,513.9640699653983,398.4,12.365378168284984,-0.07193900505546402,nonce-05f62726eaf913e30269,True,False,benign,False,0,"{""attack_ended_at"": 67.0, ""case_opened_at"": 67.0, ""lane_id"": ""g11_g21_0"", ""road_id"": ""g11_g21""}"
cam-1001-veh_021-000045,cam-1001-veh_021-000045,case-grid-1001-veh_021-benign,root-b16163be442ed3116146eff4,1001,veh_021,ps-c17e704b00a194fa,CAM,67.0,276.5692687059393,401.6,13.3728034176348,-0.05230805297497554,276.5692687059393,401.6,13.3728034176348,-0.05230805297497554,nonce-b16163be442ed3116146,True,False,benign,False,0,"{""attack_ended_at"": 67.0, ""case_opened_at"": 67.0, ""lane_id"": ""g11_g01_0"", ""road_id"": ""g11_g01""}"
cam-1001-veh_022-000044,cam-1001-veh_022-000044,case-grid-1001-veh_022-benign,root-ca59258ea3d5bf0bc92b9ef5,1001,veh_022,ps-37f1e0f2b964b078,CAM,67.0,401.6,689.5349783175967,13.55325508167152,-0.19546707862226498,401.6,689.5349783175967,13.55325508167152,-0.19546707862226498,nonce-ca59258ea3d5bf0bc92b,True,False,benign,False,0,"{""attack_ended_at"": 67.0, ""case_opened_at"": 67.0, ""lane_id"": ""g11_g12_0"", ""road_id"": ""g11_g12""}"
cam-1001-veh_023-000043,cam-1001-veh_023-000043,case-grid-1001-veh_023-benign,root-b2e7dc9be4706a7310e648c7,1001,veh_023,ps-88766211387813b1,CAM,67.0,398.4,214.60850243166982,13.439357851052552,0.1277874555531895,398.4,214.60850243166982,13.439357851052552,0.1277874555531895,nonce-b2e7dc9be4706a7310e6,True,False,benign,False,0,"{""attack_ended_at"": 67.0, ""case_opened_at"": 67.0, ""lane_id"": ""g11_g10_0"", ""road_id"": ""g11_g10""}"
cam-1001-veh_000-000067,cam-1001-veh_000-000067,case-grid-1001-veh_000-benign,root-50d7e1646a33609a2eac615b,1001,veh_000,ps-0b6a8266609a146f,CAM,68.0,784.7179743905065,-1.6,11.517359230874577,-0.2858612410537891,784.7179743905065,-1.6,11.517359230874577,-0.2858612410537891,nonce-50d7e1646a33609a2eac,True,False,benign,False,0,"{""attack_ended_at"": 68.0, ""case_opened_at"": 68.0, ""lane_id"": ""g10_g20_0"", ""road_id"": ""g10_g20""}"
cam-1001-veh_001-000066,cam-1001-veh_001-000066,case-grid-1001-veh_001-benign,root-139b69a313d64cc8bd54f3fb,1001,veh_001,ps-11b4aa50327f89a0,CAM,68.0,782.2747209910679,1.6,8.077448337313943,2.2727981857350104,782.2747209910679,1.6,8.077448337313943,2.2727981857350104,nonce-139b69a313d64cc8bd54,True,False,benign,False,0,"{""attack_ended_at"": 68.0, ""case_opened_at"": 68.0, ""lane_id"": ""g20_g10_0"", ""road_id"": ""g20_g10""}"
cam-1001-veh_002-000065,cam-1001-veh_002-000065,case-grid-1001-veh_002-position_offset,root-6edaaf4145ab724c518d571d,1001,veh_002,ps-e0bc27433007a32c,CAM,68.0,798.4,795.2360292205981,2.9233252649916706,-0.5090348360175279,863.4,811.4860292205981,2.9233252649916706,-0.5090348360175279,nonce-6edaaf4145ab724c518d,True,False,position_offset,True,0,"{""attack_ended_at"": 70.0, ""case_opened_at"": 18.0, ""lane_id"": ""g22_g21_0"", ""road_id"": ""g22_g21""}"
cam-1001-veh_003-000064,cam-1001-veh_003-000064,case-grid-1001-veh_003-benign,root-be6dde7744f6e33089985147,1001,veh_003,ps-13247f0afc865149,CAM,68.0,800.1095890727332,800.5742465563601,4.923857136616602,-2.004057253861763,800.1095890727332,800.5742465563601,4.923857136616602,-2.004057253861763,nonce-be6dde7744f6e3308998,True,False,benign,False,0,"{""attack_ended_at"": 68.0, ""case_opened_at"": 68.0, ""lane_id"": "":g22_0_0"", ""road_id"": "":g22_0""}"
cam-1001-veh_004-000063,cam-1001-veh_004-000063,case-grid-1001-veh_004-speed_offset,root-32bffec5ed8011e077fbe07f,1001,veh_004,ps-b7dd5d779d6fb997,CAM,68.0,620.3440941710659,398.4,13.170814223894947,0.05115090223029206,620.3440941710659,398.4,24.170814223894947,0.05115090223029206,nonce-32bffec5ed8011e077fb,True,False,speed_offset,True,0,"{""attack_ended_at"": 72.0, ""case_opened_at"": 20.0, ""lane_id"": ""g11_g21_0"", ""road_id"": ""g11_g21""}"
cam-1001-veh_005-000062,cam-1001-veh_005-000062,case-grid-1001-veh_005-benign,root-95e6caaca8f2920524f04aa2,1001,veh_005,ps-fedb1f4cae953d51,CAM,68.0,183.1428102770722,401.6,13.022724161880433,0.5494673210475582,183.1428102770722,401.6,13.022724161880433,0.5494673210475582,nonce-95e6caaca8f2920524f0,True,False,benign,False,0,"{""attack_ended_at"": 68.0, ""case_opened_at"": 68.0, ""lane_id"": ""g11_g01_0"", ""road_id"": ""g11_g01""}"
replay-cam-1001-veh_006-000061,cam-1001-veh_006-000013,case-grid-1001-veh_006-replay,root-5c7a4513fe3be1054abc600a,1001,veh_006,ps-402cdb4ee382d9ca,CAM,20.0,401.6,174.59536314421544,12.798435886765704,0.6172562393965197,401.6,174.59536314421544,12.798435886765704,0.6172562393965197,nonce-5c7a4513fe3be1054abc,True,False,replay,True,12,"{""attack_ended_at"": 20.0, ""case_opened_at"": 20.0, ""lane_id"": ""g10_g11_0"", ""road_id"": ""g10_g11""}"
cam-1001-veh_007-000060,cam-1001-veh_007-000060,case-grid-1001-veh_007-benign,root-d88e722154200c959d77f3ee,1001,veh_007,ps-20a8fd281b9c6e27,CAM,68.0,398.4,30.607041836394558,12.418910472778068,-0.049432820468208405,398.4,30.607041836394558,12.418910472778068,-0.049432820468208405,nonce-d88e722154200c959d77,True,False,benign,False,0,"{""attack_ended_at"": 68.0, ""case_opened_at"": 68.0, ""lane_id"": ""g11_g10_0"", ""road_id"": ""g11_g10""}"
cam-1001-veh_008-000059,cam-1001-veh_008-000059,case-grid-1001-veh_008-certificate_tamper,root-0df42d1ce0eed96ff6e86d99,1001,veh_008,ps-0441a16dd8d22b44,CAM,68.0,765.0603210352976,-1.6,11.802500399469936,-0.3034002495534196,765.0603210352976,-1.6,11.802500399469936,-0.3034002495534196,nonce-0df42d1ce0eed96ff6e8,False,False,certificate_tamper,True,0,"{""attack_ended_at"": 76.0, ""case_opened_at"": 24.0, ""lane_id"": ""g10_g20_0"", ""road_id"": ""g10_g20""}"
cam-1001-veh_009-000058,cam-1001-veh_009-000058,case-grid-1001-veh_009-benign,root-8725a837f9bac59bcee30f2c,1001,veh_009,ps-8e3b87e1d6235c50,CAM,68.0,798.4,3.6448134236596275,4.12587265219149,0.5393041895505588,798.4,3.6448134236596275,4.12587265219149,0.5393041895505588,nonce-8725a837f9bac59bcee3,True,False,benign,False,0,"{""attack_ended_at"": 68.0, ""case_opened_at"": 68.0, ""lane_id"": ""g21_g20_0"", ""road_id"": ""g21_g20""}"
cam-1001-veh_010-000057-f0,cam-1001-veh_010-000057,case-grid-1001-veh_010-flood,root-42b930631aacf59d3e17bcfc,1001,veh_010,ps-bf5c5fe0f587553a,CAM,68.0,789.826002119873,798.4,3.951380564976448,-4.150431160881238,789.826002119873,798.4,3.951380564976448,-4.150431160881238,nonce-42b930631aacf59d3e17,True,False,flood,True,0,"{""attack_ended_at"": 78.0, ""case_opened_at"": 26.0, ""lane_id"": ""g12_g22_0"", ""road_id"": ""g12_g22""}"
cam-1001-veh_010-000057-f1,cam-1001-veh_010-000057,case-grid-1001-veh_010-flood,root-42b930631aacf59d3e17bcfc,1001,veh_010,ps-bf5c5fe0f587553a,CAM,68.0,789.826002119873,798.4,3.951380564976448,-4.150431160881238,789.826002119873,798.4,3.951380564976448,-4.150431160881238,nonce-42b930631aacf59d3e17,True,False,flood,True,1,"{""attack_ended_at"": 78.0, ""case_opened_at"": 26.0, ""lane_id"": ""g12_g22_0"", ""road_id"": ""g12_g22""}"
cam-1001-veh_010-000057-f2,cam-1001-veh_010-000057,case-grid-1001-veh_010-flood,root-42b930631aacf59d3e17bcfc,1001,veh_010,ps-bf5c5fe0f587553a,CAM,68.0,789.826002119873,798.4,3.951380564976448,-4.150431160881238,789.826002119873,798.4,3.951380564976448,-4.150431160881238,nonce-42b930631aacf59d3e17,True,False,flood,True,2,"{""attack_ended_at"": 78.0, ""case_opened_at"": 26.0, ""lane_id"": ""g12_g22_0"", ""road_id"": ""g12_g22""}"
cam-1001-veh_010-000057-f3,cam-1001-veh_010-000057,case-grid-1001-veh_010-flood,root-42b930631aacf59d3e17bcfc,1001,veh_010,ps-bf5c5fe0f587553a,CAM,68.0,789.826002119873,798.4,3.951380564976448,-4.150431160881238,789.826002119873,798.4,3.951380564976448,-4.150431160881238,nonce-42b930631aacf59d3e17,True,False,flood,True,3,"{""attack_ended_at"": 78.0, ""case_opened_at"": 26.0, ""lane_id"": ""g12_g22_0"", ""road_id"": ""g12_g22""}"
cam-1001-veh_010-000057-f4,cam-1001-veh_010-000057,case-grid-1001-veh_010-flood,root-42b930631aacf59d3e17bcfc,1001,veh_010,ps-bf5c5fe0f587553a,CAM,68.0,789.826002119873,798.4,3.951380564976448,-4.150431160881238,789.826002119873,798.4,3.951380564976448,-4.150431160881238,nonce-42b930631aacf59d3e17,True,False,flood,True,4,"{""attack_ended_at"": 78.0, ""case_opened_at"": 26.0, ""lane_id"": ""g12_g22_0"", ""road_id"": ""g12_g22""}"
cam-1001-veh_011-000056,cam-1001-veh_011-000056,case-grid-1001-veh_011-benign,root-10eb0b36abe502e38d6640fa,1001,veh_011,ps-298210176c98c50a,CAM,68.0,801.6,759.9024887564372,13.224846724269636,-0.09466899722814581,801.6,759.9024887564372,13.224846724269636,-0.09466899722814581,nonce-10eb0b36abe502e38d66,True,False,benign,False,0,"{""attack_ended_at"": 68.0, ""case_opened_at"": 68.0, ""lane_id"": ""g21_g22_0"", ""road_id"": ""g21_g22""}"
cam-1001-veh_012-000055,cam-1001-veh_012-000055,case-grid-1001-veh_012-false_denm,root-60092bcf729594c4dbe911ac,1001,veh_012,ps-a2d8503b0d2b7ea8,DENM,68.0,565.7560031792835,398.4,14.359975794758455,-0.2151080674957484,565.7560031792835,398.4,14.359975794758455,-0.2151080674957484,nonce-60092bcf729594c4dbe9,True,True,false_denm,True,0,"{""attack_ended_at"": 80.0, ""case_opened_at"": 28.0, ""lane_id"": ""g11_g21_0"", ""road_id"": ""g11_g21""}"
cam-1001-veh_013-000054,cam-1001-veh_013-000054,case-grid-1001-veh_013-benign,root-a54e919e4ea9605e7781490c,1001,veh_013,ps-ffb1bac62aa27994,CAM,68.0,241.2858527477169,401.6,12.99514727023007,0.022464822297916243,241.2858527477169,401.6,12.99514727023007,0.022464822297916243,nonce-a54e919e4ea9605e7781,True,False,benign,False,0,"{""attack_ended_at"": 68.0, ""case_opened_at"": 68.0, ""lane_id"": ""g11_g01_0"", ""road_id"": ""g11_g01""}"
cam-1001-veh_014-000053-m0,cam-1001-veh_014-000053,case-grid-1001-veh_014-mixed,root-67505a92d788ed89d6a15284,1001,veh_014,ps-0c5027fa621fc8a7,DENM,68.0,401.6,725.329164641988,13.698186445437134,0.4295814622286702,446.6,734.329164641988,21.698186445437134,0.4295814622286702,nonce-67505a92d788ed89d6a1,True,True,mixed,True,0,"{""attack_ended_at"": 82.0, ""case_opened_at"": 30.0, ""lane_id"": ""g11_g12_0"", ""road_id"": ""g11_g12""}"
cam-1001-veh_014-000053-m1,cam-1001-veh_014-000053,case-grid-1001-veh_014-mixed,root-67505a92d788ed89d6a15284,1001,veh_014,ps-0c5027fa621fc8a7,DENM,68.0,401.6,725.329164641988,13.698186445437134,0.4295814622286702,446.6,734.329164641988,21.698186445437134,0.4295814622286702,nonce-67505a92d788ed89d6a1,True,True,mixed,True,1,"{""attack_ended_at"": 82.0, ""case_opened_at"": 30.0, ""lane_id"": ""g11_g12_0"", ""road_id"": ""g11_g12""}"
cam-1001-veh_014-000053-m2,cam-1001-veh_014-000053,case-grid-1001-veh_014-mixed,root-67505a92d788ed89d6a15284,1001,veh_014,ps-0c5027fa621fc8a7,DENM,68.0,401.6,725.329164641988,13.698186445437134,0.4295814622286702,446.6,734.329164641988,21.698186445437134,0.4295814622286702,nonce-67505a92d788ed89d6a1,True,True,mixed,True,2,"{""attack_ended_at"": 82.0, ""case_opened_at"": 30.0, ""lane_id"": ""g11_g12_0"", ""road_id"": ""g11_g12""}"
cam-1001-veh_014-000053-m3,cam-1001-veh_014-000053,case-grid-1001-veh_014-mixed,root-67505a92d788ed89d6a15284,1001,veh_014,ps-0c5027fa621fc8a7,DENM,68.0,401.6,725.329164641988,13.698186445437134,0.4295814622286702,446.6,734.329164641988,21.698186445437134,0.4295814622286702,nonce-67505a92d788ed89d6a1,True,True,mixed,True,3,"{""attack_ended_at"": 82.0, ""case_opened_at"": 30.0, ""lane_id"": ""g11_g12_0"", ""road_id"": ""g11_g12""}"
cam-1001-veh_015-000052,cam-1001-veh_015-000052,case-grid-1001-veh_015-benign,root-61b8ae6f1d60a1124a30b8b0,1001,veh_015,ps-43db3038c74a6947,CAM,68.0,398.4,114.76145647352064,12.726890982603752,-0.40160844175144916,398.4,114.76145647352064,12.726890982603752,-0.40160844175144916,nonce-61b8ae6f1d60a1124a30,True,False,benign,False,0,"{""attack_ended_at"": 68.0, ""case_opened_at"": 68.0, ""lane_id"": ""g11_g10_0"", ""road_id"": ""g11_g10""}"
cam-1001-veh_016-000051,cam-1001-veh_016-000051,case-grid-1001-veh_016-benign,root-d4e515d245e36e70588945d3,1001,veh_016,ps-cbbef243035097ce,CAM,68.0,744.6311139873848,-1.6,12.346735224895326,0.7066066929713664,744.6311139873848,-1.6,12.346735224895326,0.7066066929713664,nonce-d4e515d245e36e705889,True,False,benign,False,0,"{""attack_ended_at"": 68.0, ""case_opened_at"": 68.0, ""lane_id"": ""g10_g20_0"", ""road_id"": ""g10_g20""}"
cam-1001-veh_017-000050,cam-1001-veh_017-000050,case-grid-1001-veh_017-benign,root-46cf8a6d5302b73975d00e9f,1001,veh_017,ps-c4cb9175e03371fc,CAM,68.0,798.4,83.6247240449618,13.831894645523116,-0.10736799733713376,798.4,83.6247240449618,13.831894645523116,-0.10736799733713376,nonce-46cf8a6d5302b73975d0,True,False,benign,False,0,"{""attack_ended_at"": 68.0, ""case_opened_at"": 68.0, ""lane_id"": ""g21_g20_0"", ""road_id"": ""g21_g20""}"
cam-1001-veh_018-000049,cam-1001-veh_018-000049,case-grid-1001-veh_018-benign,root-e68021a6c12cf2ab15309cce,1001,veh_018,ps-f5eb5907dca15325,CAM,68.0,666.0156066136333,798.4,13.545659617472293,-0.02790649913717047,666.0156066136333,798.4,13.545659617472293,-0.02790649913717047,nonce-e68021a6c12cf2ab1530,True,False,benign,False,0,"{""attack_ended_at"": 68.0, ""case_opened_at"": 68.0, ""lane_id"": ""g12_g22_0"", ""road_id"": ""g12_g22""}"
cam-1001-veh_019-000048,cam-1001-veh_019-000048,case-grid-1001-veh_019-benign,root-146a06f1b4b82c5746df0a0f,1001,veh_019,ps-bfc295509368822d,CAM,68.0,801.6,683.2979584145266,13.936699116959744,0.2541771486354989,801.6,683.2979584145266,13.936699116959744,0.2541771486354989,nonce-146a06f1b4b82c5746df,True,False,benign,False,0,"{""attack_ended_at"": 68.0, ""case_opened_at"": 68.0, ""lane_id"": ""g21_g22_0"", ""road_id"": ""g21_g22""}"
cam-1001-veh_020-000047,cam-1001-veh_020-000047,case-grid-1001-veh_020-benign,root-49937831501937bde569baca,1001,veh_020,ps-ebb98a241b250d58,CAM,68.0,526.6904078883765,398.4,12.726337922978304,0.36095975469332053,526.6904078883765,398.4,12.726337922978304,0.36095975469332053,nonce-49937831501937bde569,True,False,benign,False,0,"{""attack_ended_at"": 68.0, ""case_opened_at"": 68.0, ""lane_id"": ""g11_g21_0"", ""road_id"": ""g11_g21""}"
cam-1001-veh_021-000046,cam-1001-veh_021-000046,case-grid-1001-veh_021-benign,root-e3dbcb4c16ee5a787fe473f9,1001,veh_021,ps-c17e704b00a194fa,CAM,68.0,263.4956240747616,401.6,13.073644631177622,-0.29915878645717875,263.4956240747616,401.6,13.073644631177622,-0.29915878645717875,nonce-e3dbcb4c16ee5a787fe4,True,False,benign,False,0,"{""attack_ended_at"": 68.0, ""case_opened_at"": 68.0, ""lane_id"": ""g11_g01_0"", ""road_id"": ""g11_g01""}"
cam-1001-veh_022-000045,cam-1001-veh_022-000045,case-grid-1001-veh_022-benign,root-ed24f2574c9fe86247c11207,1001,veh_022,ps-37f1e0f2b964b078,CAM,68.0,401.6,703.1796422119919,13.64466389439523,0.09140881272371004,401.6,703.1796422119919,13.64466389439523,0.09140881272371004,nonce-ed24f2574c9fe86247c1,True,False,benign,False,0,"{""attack_ended_at"": 68.0, ""case_opened_at"": 68.0, ""lane_id"": ""g11_g12_0"", ""road_id"": ""g11_g12""}"
cam-1001-veh_023-000044,cam-1001-veh_023-000044,case-grid-1001-veh_023-benign,root-1fc987885d05dce1e60aadd0,1001,veh_023,ps-88766211387813b1,CAM,68.0,398.4,201.3346858104567,13.273816621213117,-0.16554122983943564,398.4,201.3346858104567,13.273816621213117,-0.16554122983943564,nonce-1fc987885d05dce1e60a,True,False,benign,False,0,"{""attack_ended_at"": 68.0, ""case_opened_at"": 68.0, ""lane_id"": ""g11_g10_0"", ""road_id"": ""g11_g10""}"
cam-1001-veh_000-000068,cam-1001-veh_000-000068,case-grid-1001-veh_000-benign,root-3f66fe547165782a144fd1e5,1001,veh_000,ps-0b6a8266609a146f,CAM,69.0,793.9696885846506,-1.6,9.251714194144018,-2.265645036730559,793.9696885846506,-1.6,9.251714194144018,-2.265645036730559,nonce-3f66fe547165782a144f,True,False,benign,False,0,"{""attack_ended_at"": 69.0, ""case_opened_at"": 69.0, ""lane_id"": ""g10_g20_0"", ""road_id"": ""g10_g20""}"
cam-1001-veh_001-000067,cam-1001-veh_001-000067,case-grid-1001-veh_001-benign,root-cf94db6a5a1e358a02b0de04,1001,veh_001,ps-11b4aa50327f89a0,CAM,69.0,772.26533942803,1.6,10.009381563037858,1.931933225723915,772.26533942803,1.6,10.009381563037858,1.931933225723915,nonce-cf94db6a5a1e358a02b0,True,False,benign,False,0,"{""attack_ended_at"": 69.0, ""case_opened_at"": 69.0, ""lane_id"": ""g20_g10_0"", ""road_id"": ""g20_g10""}"
cam-1001-veh_002-000066,cam-1001-veh_002-000066,case-grid-1001-veh_002-position_offset,root-9070ec64e5872453af8c0e11,1001,veh_002,ps-e0bc27433007a32c,CAM,69.0,798.4,790.4706838899709,4.765345330627114,1.8420200656354435,863.4,806.7206838899709,4.765345330627114,1.8420200656354435,nonce-9070ec64e5872453af8c,True,False,position_offset,True,0,"{""attack_ended_at"": 70.0, ""case_opened_at"": 18.0, ""lane_id"": ""g22_g21_0"", ""road_id"": ""g22_g21""}"
cam-1001-veh_003-000065,cam-1001-veh_003-000065,case-grid-1001-veh_003-benign,root-bf21efcd812c68633613f053,1001,veh_003,ps-13247f0afc865149,CAM,69.0,795.2263053343796,801.6,5.105073253033802,0.18121611641719948,795.2263053343796,801.6,5.105073253033802,0.18121611641719948,nonce-bf21efcd812c68633613,True,False,benign,False,0,"{""attack_ended_at"": 69.0, ""case_opened_at"": 69.0, ""lane_id"": ""g22_g12_0"", ""road_id"": ""g22_g12""}"
cam-1001-veh_004-000064,cam-1001-veh_004-000064,case-grid-1001-veh_004-speed_offset,root-ebc9d0b501f60e3b51190827,1001,veh_004,ps-b7dd5d779d6fb997,CAM,69.0,633.1628442531435,398.4,12.818750082077557,-0.3520641418173902,633.1628442531435,398.4,23.818750082077557,-0.3520641418173902,nonce-ebc9d0b501f60e3b5119,True,False,speed_offset,True,0,"{""attack_ended_at"": 72.0, ""case_opened_at"": 20.0, ""lane_id"": ""g11_g21_0"", ""road_id"": ""g11_g21""}"
cam-1001-veh_005-000063,cam-1001-veh_005-000063,case-grid-1001-veh_005-benign,root-f8456380156f107209b46bbb,1001,veh_005,ps-fedb1f4cae953d51,CAM,69.0,170.59799952619994,401.6,12.544810750872239,-0.47791341100819373,170.59799952619994,401.6,12.544810750872239,-0.47791341100819373,nonce-f8456380156f107209b4,True,False,benign,False,0,"{""attack_ended_at"": 69.0, ""case_opened_at"": 69.0, ""lane_id"": ""g11_g01_0"", ""road_id"": ""g11_g01""}"
replay-cam-1001-veh_006-000062,cam-1001-veh_006-000014,case-grid-1001-veh_006-replay,root-faba00bbc28a3744e084f767,1001,veh_006,ps-402cdb4ee382d9ca,CAM,21.0,401.6,186.88279930842586,12.287436164210424,-0.5109997225552796,401.6,186.88279930842586,12.287436164210424,-0.5109997225552796,nonce-faba00bbc28a3744e084,True,False,replay,True,12,"{""attack_ended_at"": 21.0, ""case_opened_at"": 21.0, ""lane_id"": ""g10_g11_0"", ""road_id"": ""g10_g11""}"
cam-1001-veh_007-000061,cam-1001-veh_007-000061,case-grid-1001-veh_007-benign,root-1b925a00b2e8c10dc885b350,1001,veh_007,ps-20a8fd281b9c6e27,CAM,69.0,398.4,18.36718204007593,12.23985979631862,-0.17905067645944683,398.4,18.36718204007593,12.23985979631862,-0.17905067645944683,nonce-1b925a00b2e8c10dc885,True,False,benign,False,0,"{""attack_ended_at"": 69.0, ""case_opened_at"": 69.0, ""lane_id"": ""g11_g10_0"", ""road_id"": ""g11_g10""}"
cam-1001-veh_008-000060,cam-1001-veh_008-000060,case-grid-1001-veh_008-certificate_tamper,root-b41d159303904779dd177181,1001,veh_008,ps-0441a16dd8d22b44,CAM,69.0,776.4070977019848,-1.6,11.34677666668709,-0.4557237327828467,776.4070977019848,-1.6,11.34677666668709,-0.4557237327828467,nonce-b41d159303904779dd17,False,False,certificate_tamper,True,0,"{""attack_ended_at"": 76.0, ""case_opened_at"": 24.0, ""lane_id"": ""g10_g20_0"", ""road_id"": ""g10_g20""}"
cam-1001-veh_009-000059,cam-1001-veh_009-000059,case-grid-1001-veh_009-benign,root-e916ecdf9695daa46630b4d4,1001,veh_009,ps-8e3b87e1d6235c50,CAM,69.0,795.86800772286,1.6,3.9568057007995243,-0.16906695139196604,795.86800772286,1.6,3.9568057007995243,-0.16906695139196604,nonce-e916ecdf9695daa46630,True,False,benign,False,0,"{""attack_ended_at"": 69.0, ""case_opened_at"": 69.0, ""lane_id"": ""g20_g10_0"", ""road_id"": ""g20_g10""}"
cam-1001-veh_010-000058-f0,cam-1001-veh_010-000058,case-grid-1001-veh_010-flood,root-6d5ffe159a69345aa92b6aad,1001,veh_010,ps-bf5c5fe0f587553a,CAM,69.0,793.4323504386412,798.4,3.6063483187681156,-0.3450322462083326,793.4323504386412,798.4,3.6063483187681156,-0.3450322462083326,nonce-6d5ffe159a69345aa92b,True,False,flood,True,0,"{""attack_ended_at"": 78.0, ""case_opened_at"": 26.0, ""lane_id"": ""g12_g22_0"", ""road_id"": ""g12_g22""}"
cam-1001-veh_010-000058-f1,cam-1001-veh_010-000058,case-grid-1001-veh_010-flood,root-6d5ffe159a69345aa92b6aad,1001,veh_010,ps-bf5c5fe0f587553a,CAM,69.0,793.4323504386412,798.4,3.6063483187681156,-0.3450322462083326,793.4323504386412,798.4,3.6063483187681156,-0.3450322462083326,nonce-6d5ffe159a69345aa92b,True,False,flood,True,1,"{""attack_ended_at"": 78.0, ""case_opened_at"": 26.0, ""lane_id"": ""g12_g22_0"", ""road_id"": ""g12_g22""}"
cam-1001-veh_010-000058-f2,cam-1001-veh_010-000058,case-grid-1001-veh_010-flood,root-6d5ffe159a69345aa92b6aad,1001,veh_010,ps-bf5c5fe0f587553a,CAM,69.0,793.4323504386412,798.4,3.6063483187681156,-0.3450322462083326,793.4323504386412,798.4,3.6063483187681156,-0.3450322462083326,nonce-6d5ffe159a69345aa92b,True,False,flood,True,2,"{""attack_ended_at"": 78.0, ""case_opened_at"": 26.0, ""lane_id"": ""g12_g22_0"", ""road_id"": ""g12_g22""}"
cam-1001-veh_010-000058-f3,cam-1001-veh_010-000058,case-grid-1001-veh_010-flood,root-6d5ffe159a69345aa92b6aad,1001,veh_010,ps-bf5c5fe0f587553a,CAM,69.0,793.4323504386412,798.4,3.6063483187681156,-0.3450322462083326,793.4323504386412,798.4,3.6063483187681156,-0.3450322462083326,nonce-6d5ffe159a69345aa92b,True,False,flood,True,3,"{""attack_ended_at"": 78.0, ""case_opened_at"": 26.0, ""lane_id"": ""g12_g22_0"", ""road_id"": ""g12_g22""}"
cam-1001-veh_010-000058-f4,cam-1001-veh_010-000058,case-grid-1001-veh_010-flood,root-6d5ffe159a69345aa92b6aad,1001,veh_010,ps-bf5c5fe0f587553a,CAM,69.0,793.4323504386412,798.4,3.6063483187681156,-0.3450322462083326,793.4323504386412,798.4,3.6063483187681156,-0.3450322462083326,nonce-6d5ffe159a69345aa92b,True,False,flood,True,4,"{""attack_ended_at"": 78.0, ""case_opened_at"": 26.0, ""lane_id"": ""g12_g22_0"", ""road_id"": ""g12_g22""}"
cam-1001-veh_011-000057,cam-1001-veh_011-000057,case-grid-1001-veh_011-benign,root-cfab0968f937ce677ab7964e,1001,veh_011,ps-298210176c98c50a,CAM,69.0,801.6,773.1062848255216,13.20379606908439,-0.021050655185245404,801.6,773.1062848255216,13.20379606908439,-0.021050655185245404,nonce-cfab0968f937ce677ab7,True,False,benign,False,0,"{""attack_ended_at"": 69.0, ""case_opened_at"": 69.0, ""lane_id"": ""g21_g22_0"", ""road_id"": ""g21_g22""}"
cam-1001-veh_012-000056,cam-1001-veh_012-000056,case-grid-1001-veh_012-false_denm,root-5bc07de084529f0784b932e7,1001,veh_012,ps-a2d8503b0d2b7ea8,CAM,69.0,580.6315564980623,398.4,14.87555331877879,0.5155775240203351,580.6315564980623,398.4,14.87555331877879,0.5155775240203351,nonce-5bc07de084529f0784b9,True,False,false_denm,True,0,"{""attack_ended_at"": 80.0, ""case_opened_at"": 28.0, ""lane_id"": ""g11_g21_0"", ""road_id"": ""g11_g21""}"
cam-1001-veh_013-000055,cam-1001-veh_013-000055,case-grid-1001-veh_013-benign,root-f1bf08fee3b75d3307518f6a,1001,veh_013,ps-ffb1bac62aa27994,CAM,69.0,227.61161825300053,401.6,13.674234494716355,0.6790872244862847,227.61161825300053,401.6,13.674234494716355,0.6790872244862847,nonce-f1bf08fee3b75d330751,True,False,benign,False,0,"{""attack_ended_at"": 69.0, ""case_opened_at"": 69.0, ""lane_id"": ""g11_g01_0"", ""road_id"": ""g11_g01""}"
cam-1001-veh_014-000054-m0,cam-1001-veh_014-000054,case-grid-1001-veh_014-mixed,root-5659dbe0fc017b5b7ab78000,1001,veh_014,ps-0c5027fa621fc8a7,DENM,69.0,401.6,739.1527311938491,13.823566551861116,0.12538010642398234,446.6,748.1527311938491,21.823566551861116,0.12538010642398234,nonce-5659dbe0fc017b5b7ab7,True,True,mixed,True,0,"{""attack_ended_at"": 82.0, ""case_opened_at"": 30.0, ""lane_id"": ""g11_g12_0"", ""road_id"": ""g11_g12""}"
cam-1001-veh_014-000054-m1,cam-1001-veh_014-000054,case-grid-1001-veh_014-mixed,root-5659dbe0fc017b5b7ab78000,1001,veh_014,ps-0c5027fa621fc8a7,DENM,69.0,401.6,739.1527311938491,13.823566551861116,0.12538010642398234,446.6,748.1527311938491,21.823566551861116,0.12538010642398234,nonce-5659dbe0fc017b5b7ab7,True,True,mixed,True,1,"{""attack_ended_at"": 82.0, ""case_opened_at"": 30.0, ""lane_id"": ""g11_g12_0"", ""road_id"": ""g11_g12""}"
cam-1001-veh_014-000054-m2,cam-1001-veh_014-000054,case-grid-1001-veh_014-mixed,root-5659dbe0fc017b5b7ab78000,1001,veh_014,ps-0c5027fa621fc8a7,DENM,69.0,401.6,739.1527311938491,13.823566551861116,0.12538010642398234,446.6,748.1527311938491,21.823566551861116,0.12538010642398234,nonce-5659dbe0fc017b5b7ab7,True,True,mixed,True,2,"{""attack_ended_at"": 82.0, ""case_opened_at"": 30.0, ""lane_id"": ""g11_g12_0"", ""road_id"": ""g11_g12""}"
cam-1001-veh_014-000054-m3,cam-1001-veh_014-000054,case-grid-1001-veh_014-mixed,root-5659dbe0fc017b5b7ab78000,1001,veh_014,ps-0c5027fa621fc8a7,DENM,69.0,401.6,739.1527311938491,13.823566551861116,0.12538010642398234,446.6,748.1527311938491,21.823566551861116,0.12538010642398234,nonce-5659dbe0fc017b5b7ab7,True,True,mixed,True,3,"{""attack_ended_at"": 82.0, ""case_opened_at"": 30.0, ""lane_id"": ""g11_g12_0"", ""road_id"": ""g11_g12""}"
cam-1001-veh_015-000053,cam-1001-veh_015-000053,case-grid-1001-veh_015-benign,root-2adc068b968b5669a85cf802,1001,veh_015,ps-43db3038c74a6947,CAM,69.0,398.4,101.66078435581602,13.100672117704622,0.3737811351008702,398.4,101.66078435581602,13.100672117704622,0.3737811351008702,nonce-2adc068b968b5669a85c,True,False,benign,False,0,"{""attack_ended_at"": 69.0, ""case_opened_at"": 69.0, ""lane_id"": ""g11_g10_0"", ""road_id"": ""g11_g10""}"
cam-1001-veh_016-000052,cam-1001-veh_016-000052,case-grid-1001-veh_016-benign,root-da4872028dc2c781f597ac7d,1001,veh_016,ps-cbbef243035097ce,CAM,69.0,756.1869383240196,-1.6,11.555824336634883,-0.7909108882604432,756.1869383240196,-1.6,11.555824336634883,-0.7909108882604432,nonce-da4872028dc2c781f597,True,False,benign,False,0,"{""attack_ended_at"": 69.0, ""case_opened_at"": 69.0, ""lane_id"": ""g10_g20_0"", ""road_id"": ""g10_g20""}"
cam-1001-veh_017-000051,cam-1001-veh_017-000051,case-grid-1001-veh_017-benign,root-52158f0cb5758563971b05fc,1001,veh_017,ps-c4cb9175e03371fc,CAM,69.0,798.4,69.38121721389155,14.243506831070246,0.4116121855471295,798.4,69.38121721389155,14.243506831070246,0.4116121855471295,nonce-52158f0cb5758563971b,True,False,benign,False,0,"{""attack_ended_at"": 69.0, ""case_opened_at"": 69.0, ""lane_id"": ""g21_g20_0"", ""road_id"": ""g21_g20""}"
cam-1001-veh_018-000050,cam-1001-veh_018-000050,case-grid-1001-veh_018-benign,root-a79d6c19cbe8b76b8cc3e216,1001,veh_018,ps-f5eb5907dca15325,CAM,69.0,679.6244309157523,798.4,13.608824302119055,0.06316468464676284,679.6244309157523,798.4,13.608824302119055,0.06316468464676284,nonce-a79d6c19cbe8b76b8cc3,True,False,benign,False,0,"{""attack_ended_at"": 69.0, ""case_opened_at"": 69.0, ""lane_id"": ""g12_g22_0"", ""road_id"": ""g12_g22""}"
cam-1001-veh_019-000049,cam-1001-veh_019-000049,case-grid-1001-veh_019-benign,root-18e22dde83174ad8ce99030e,1001,veh_019,ps-bfc295509368822d,CAM,69.0,801.6,696.9739434667104,13.675985052183778,-0.26071406477596604,801.6,696.9739434667104,13.675985052183778,-0.26071406477596604,nonce-18e22dde83174ad8ce99,True,False,benign,False,0,"{""attack_ended_at"": 69.0, ""case_opened_at"": 69.0, ""lane_id"": ""g21_g22_0"", ""road_id"": ""g21_g22""}"
cam-1001-veh_020-000048,cam-1001-veh_020-000048,case-grid-1001-veh_020-benign,root-031ed9abc9e99a0d5ed760bb,1001,veh_020,ps-ebb98a241b250d58,CAM,69.0,539.4740216309517,398.4,12.78361374257514,0.057275819596835476,539.4740216309517,398.4,12.78361374257514,0.057275819596835476,nonce-031ed9abc9e99a0d5ed7,True,False,benign,False,0,"{""attack_ended_at"": 69.0, ""case_opened_at"": 69.0, ""lane_id"": ""g11_g21_0"", ""road_id"": ""g11_g21""}"
cam-1001-veh_021-000047,cam-1001-veh_021-000047,case-grid-1001-veh_021-benign,root-213a2da5bf1504aef528c75b,1001,veh_021,ps-c17e704b00a194fa,CAM,69.0,250.06666281947884,401.6,13.428961255282827,0.35531662410520504,250.06666281947884,401.6,13.428961255282827,0.35531662410520504,nonce-213a2da5bf1504aef528,True,False,benign,False,0,"{""attack_ended_at"": 69.0, ""case_opened_at"": 69.0, ""lane_id"": ""g11_g01_0"", ""road_id"": ""g11_g01""}"
cam-1001-veh_022-000046,cam-1001-veh_022-000046,case-grid-1001-veh_022-benign,root-66f760f9bb2256f6e105bf6b,1001,veh_022,ps-37f1e0f2b964b078,CAM,69.0,401.6,717.0952720715391,13.91562985954716,0.2709659651519303,401.6,717.0952720715391,13.91562985954716,0.2709659651519303,nonce-66f760f9bb2256f6e105,True,False,benign,False,0,"{""attack_ended_at"": 69.0, ""case_opened_at"": 69.0, ""lane_id"": ""g11_g12_0"", ""road_id"": ""g11_g12""}"
cam-1001-veh_023-000045,cam-1001-veh_023-000045,case-grid-1001-veh_023-benign,root-6760434cfd6b21b6d5fe355b,1001,veh_023,ps-88766211387813b1,CAM,69.0,398.4,187.85898732033448,13.475698490122229,0.20188186890911197,398.4,187.85898732033448,13.475698490122229,0.20188186890911197,nonce-6760434cfd6b21b6d5fe,True,False,benign,False,0,"{""attack_ended_at"": 69.0, ""case_opened_at"": 69.0, ""lane_id"": ""g11_g10_0"", ""road_id"": ""g11_g10""}"
cam-1001-veh_000-000069,cam-1001-veh_000-000069,case-grid-1001-veh_000-benign,root-88a95065f864990d6d7e5c74,1001,veh_000,ps-0b6a8266609a146f,CAM,70.0,798.8500972828083,-1.3071289595988085,4.900898217812077,-4.350815976331941,798.8500972828083,-1.3071289595988085,4.900898217812077,-4.350815976331941,nonce-88a95065f864990d6d7e,True,False,benign,False,0,"{""attack_ended_at"": 70.0, ""case_opened_at"": 70.0, ""lane_id"": "":g20_1_0"", ""road_id"": "":g20_1""}"
cam-1001-veh_001-000068,cam-1001-veh_001-000068,case-grid-1001-veh_001-benign,root-f055bbddc8d533fb145da2ec,1001,veh_001,ps-11b4aa50327f89a0,CAM,70.0,759.9542684470479,1.6,12.311070980982146,2.3016894179442886,759.9542684470479,1.6,12.311070980982146,2.3016894179442886,nonce-f055bbddc8d533fb145d,True,False,benign,False,0,"{""attack_ended_at"": 70.0, ""case_opened_at"": 70.0, ""lane_id"": ""g20_g10_0"", ""road_id"": ""g20_g10""}"
cam-1001-veh_002-000067,cam-1001-veh_002-000067,case-grid-1001-veh_002-position_offset,root-1b291aef48744e070239c129,1001,veh_002,ps-e0bc27433007a32c,CAM,70.0,798.4,783.6771469921129,6.793536897858084,2.0281915672309703,863.4,799.9271469921129,6.793536897858084,2.0281915672309703,nonce-1b291aef48744e070239,True,False,position_offset,True,0,"{""attack_ended_at"": 70.0, ""case_opened_at"": 18.0, ""lane_id"": ""g22_g21_0"", ""road_id"": ""g22_g21""}"
cam-1001-veh_003-000066,cam-1001-veh_003-000066,case-grid-1001-veh_003-benign,root-80f47ff26fa445b3948fec21,1001,veh_003,ps-13247f0afc865149,CAM,70.0,788.000838701461,801.6,7.225466632918574,2.1203933798847725,788.000838701461,801.6,7.225466632918574,2.1203933798847725,nonce-80f47ff26fa445b3948f,True,False,benign,False,0,"{""attack_ended_at"": 70.0, ""case_opened_at"": 70.0, ""lane_id"": ""g22_g12_0"", ""road_id"": ""g22_g12""}"
cam-1001-veh_004-000065,cam-1001-veh_004-000065,case-grid-1001-veh_004-speed_offset,root-ac0d1a7f200c9eaf05e987d3,1001,veh_004,ps-b7dd5d779d6fb997,CAM,70.0,645.9987878245332,398.4,12.83594357138975,0.017193489312193222,645.9987878245332,398.4,23.83594357138975,0.017193489312193222,nonce-ac0d1a7f200c9eaf05e9,True,False,speed_offset,True,0,"{""attack_ended_at"": 72.0, ""case_opened_at"": 20.0, ""lane_id"": ""g11_g21_0"", ""road_id"": ""g11_g21""}"
cam-1001-veh_005-000064,cam-1001-veh_005-000064,case-grid-1001-veh_005-benign,root-714a414f1afdadf7a58362a5,1001,veh_005,ps-fedb1f4cae953d51,CAM,70.0,157.95875921104727,401.6,12.639240315152675,0.09442956428043559,157.95875921104727,401.6,12.639240315152675,0.09442956428043559,nonce-714a414f1afdadf7a583,True,False,benign,False,0,"{""attack_ended_at"": 70.0, ""case_opened_at"": 70.0, ""lane_id"": ""g11_g01_0"", ""road_id"": ""g11_g01""}"
cam-1001-veh_008-000061,cam-1001-veh_008-000061,case-grid-1001-veh_008-certificate_tamper,root-20858f1771cd7c40dcdf3a28,1001,veh_008,ps-0441a16dd8d22b44,CAM,70.0,785.7812570141489,-1.6,9.37415931216414,-1.9726173545229493,785.7812570141489,-1.6,9.37415931216414,-1.9726173545229493,nonce-20858f1771cd7c40dcdf,False,False,certificate_tamper,True,0,"{""attack_ended_at"": 76.0, ""case_opened_at"": 24.0, ""lane_id"": ""g10_g20_0"", ""road_id"": ""g10_g20""}"
cam-1001-veh_009-000060,cam-1001-veh_009-000060,case-grid-1001-veh_009-benign,root-a58d477581bf132aaf71632f,1001,veh_009,ps-8e3b87e1d6235c50,CAM,70.0,789.8934722633331,1.6,5.974535459526888,2.0177297587273637,789.8934722633331,1.6,5.974535459526888,2.0177297587273637,nonce-a58d477581bf132aaf71,True,False,benign,False,0,"{""attack_ended_at"": 70.0, ""case_opened_at"": 70.0, ""lane_id"": ""g20_g10_0"", ""road_id"": ""g20_g10""}"
cam-1001-veh_010-000059-f0,cam-1001-veh_010-000059,case-grid-1001-veh_010-flood,root-a5c0a450f5c5b28b511539da,1001,veh_010,ps-bf5c5fe0f587553a,CAM,70.0,797.3821808365149,798.3168313090692,3.9556489537988972,0.3493006350307817,797.3821808365149,798.3168313090692,3.9556489537988972,0.3493006350307817,nonce-a5c0a450f5c5b28b5115,True,False,flood,True,0,"{""attack_ended_at"": 78.0, ""case_opened_at"": 26.0, ""lane_id"": "":g22_1_0"", ""road_id"": "":g22_1""}"
cam-1001-veh_010-000059-f1,cam-1001-veh_010-000059,case-grid-1001-veh_010-flood,root-a5c0a450f5c5b28b511539da,1001,veh_010,ps-bf5c5fe0f587553a,CAM,70.0,797.3821808365149,798.3168313090692,3.9556489537988972,0.3493006350307817,797.3821808365149,798.3168313090692,3.9556489537988972,0.3493006350307817,nonce-a5c0a450f5c5b28b5115,True,False,flood,True,1,"{""attack_ended_at"": 78.0, ""case_opened_at"": 26.0, ""lane_id"": "":g22_1_0"", ""road_id"": "":g22_1""}"
cam-1001-veh_010-000059-f2,cam-1001-veh_010-000059,case-grid-1001-veh_010-flood,root-a5c0a450f5c5b28b511539da,1001,veh_010,ps-bf5c5fe0f587553a,CAM,70.0,797.3821808365149,798.3168313090692,3.9556489537988972,0.3493006350307817,797.3821808365149,798.3168313090692,3.9556489537988972,0.3493006350307817,nonce-a5c0a450f5c5b28b5115,True,False,flood,True,2,"{""attack_ended_at"": 78.0, ""case_opened_at"": 26.0, ""lane_id"": "":g22_1_0"", ""road_id"": "":g22_1""}"
cam-1001-veh_010-000059-f3,cam-1001-veh_010-000059,case-grid-1001-veh_010-flood,root-a5c0a450f5c5b28b511539da,1001,veh_010,ps-bf5c5fe0f587553a,CAM,70.0,797.3821808365149,798.3168313090692,3.9556489537988972,0.3493006350307817,797.3821808365149,798.3168313090692,3.9556489537988972,0.3493006350307817,nonce-a5c0a450f5c5b28b5115,True,False,flood,True,3,"{""attack_ended_at"": 78.0, ""case_opened_at"": 26.0, ""lane_id"": "":g22_1_0"", ""road_id"": "":g22_1""}"
cam-1001-veh_010-000059-f4,cam-1001-veh_010-000059,case-grid-1001-veh_010-flood,root-a5c0a450f5c5b28b511539da,1001,veh_010,ps-bf5c5fe0f587553a,CAM,70.0,797.3821808365149,798.3168313090692,3.9556489537988972,0.3493006350307817,797.3821808365149,798.3168313090692,3.9556489537988972,0.3493006350307817,nonce-a5c0a450f5c5b28b5115,True,False,flood,True,4,"{""attack_ended_at"": 78.0, ""case_opened_at"": 26.0, ""lane_id"": "":g22_1_0"", ""road_id"": "":g22_1""}"
cam-1001-veh_011-000058,cam-1001-veh_011-000058,case-grid-1001-veh_011-benign,root-838464e2ed87825fe26b773b,1001,veh_011,ps-298210176c98c50a,CAM,70.0,801.6,786.2094806653595,13.103195839837891,-0.10060022924649914,801.6,786.2094806653595,13.103195839837891,-0.10060022924649914,nonce-838464e2ed87825fe26b,True,False,benign,False,0,"{""attack_ended_at"": 70.0, ""case_opened_at"": 70.0, ""lane_id"": ""g21_g22_0"", ""road_id"": ""g21_g22""}"
cam-1001-veh_012-000057,cam-1001-veh_012-000057,case-grid-1001-veh_012-false_denm,root-93a932e54f22d66c70d7947d,1001,veh_012,ps-a2d8503b0d2b7ea8,CAM,70.0,595.1503691217195,398.4,14.518812623657093,-0.35674069512169737,595.1503691217195,398.4,14.518812623657093,-0.35674069512169737,nonce-93a932e54f22d66c70d7,True,False,false_denm,True,0,"{""attack_ended_at"": 80.0, ""case_opened_at"": 28.0, ""lane_id"": ""g11_g21_0"", ""road_id"": ""g11_g21""}"
cam-1001-veh_013-000056,cam-1001-veh_013-000056,case-grid-1001-veh_013-benign,root-5be6b24a6cb1ca2025e1abd1,1001,veh_013,ps-ffb1bac62aa27994,CAM,70.0,214.01783240348848,401.6,13.593785849512049,-0.0804486452043065,214.01783240348848,401.6,13.593785849512049,-0.0804486452043065,nonce-5be6b24a6cb1ca2025e1,True,False,benign,False,0,"{""attack_ended_at"": 70.0, ""case_opened_at"": 70.0, ""lane_id"": ""g11_g01_0"", ""road_id"": ""g11_g01""}"
cam-1001-veh_014-000055-m0,cam-1001-veh_014-000055,case-grid-1001-veh_014-mixed,root-f79ab73a4223b5496febe384,1001,veh_014,ps-0c5027fa621fc8a7,DENM,70.0,401.6,752.8573941624454,13.704662968596207,-0.11890358326490968,446.6,761.8573941624454,21.704662968596207,-0.11890358326490968,nonce-f79ab73a4223b5496feb,True,True,mixed,True,0,"{""attack_ended_at"": 82.0, ""case_opened_at"": 30.0, ""lane_id"": ""g11_g12_0"", ""road_id"": ""g11_g12""}"
cam-1001-veh_014-000055-m1,cam-1001-veh_014-000055,case-grid-1001-veh_014-mixed,root-f79ab73a4223b5496febe384,1001,veh_014,ps-0c5027fa621fc8a7,DENM,70.0,401.6,752.8573941624454,13.704662968596207,-0.11890358326490968,446.6,761.8573941624454,21.704662968596207,-0.11890358326490968,nonce-f79ab73a4223b5496feb,True,True,mixed,True,1,"{""attack_ended_at"": 82.0, ""case_opened_at"": 30.0, ""lane_id"": ""g11_g12_0"", ""road_id"": ""g11_g12""}"
cam-1001-veh_014-000055-m2,cam-1001-veh_014-000055,case-grid-1001-veh_014-mixed,root-f79ab73a4223b5496febe384,1001,veh_014,ps-0c5027fa621fc8a7,DENM,70.0,401.6,752.8573941624454,13.704662968596207,-0.11890358326490968,446.6,761.8573941624454,21.704662968596207,-0.11890358326490968,nonce-f79ab73a4223b5496feb,True,True,mixed,True,2,"{""attack_ended_at"": 82.0, ""case_opened_at"": 30.0, ""lane_id"": ""g11_g12_0"", ""road_id"": ""g11_g12""}"
cam-1001-veh_014-000055-m3,cam-1001-veh_014-000055,case-grid-1001-veh_014-mixed,root-f79ab73a4223b5496febe384,1001,veh_014,ps-0c5027fa621fc8a7,DENM,70.0,401.6,752.8573941624454,13.704662968596207,-0.11890358326490968,446.6,761.8573941624454,21.704662968596207,-0.11890358326490968,nonce-f79ab73a4223b5496feb,True,True,mixed,True,3,"{""attack_ended_at"": 82.0, ""case_opened_at"": 30.0, ""lane_id"": ""g11_g12_0"", ""road_id"": ""g11_g12""}"
cam-1001-veh_015-000054,cam-1001-veh_015-000054,case-grid-1001-veh_015-benign,root-05322d36fe9cafd4534e811c,1001,veh_015,ps-43db3038c74a6947,CAM,70.0,398.4,88.3398990735127,13.320885282303305,0.22021316459868245,398.4,88.3398990735127,13.320885282303305,0.22021316459868245,nonce-05322d36fe9cafd4534e,True,False,benign,False,0,"{""attack_ended_at"": 70.0, ""case_opened_at"": 70.0, ""lane_id"": ""g11_g10_0"", ""road_id"": ""g11_g10""}"
cam-1001-veh_016-000053,cam-1001-veh_016-000053,case-grid-1001-veh_016-benign,root-7e889316a54cea14b0c18ca2,1001,veh_016,ps-cbbef243035097ce,CAM,70.0,767.7304144058738,-1.6,11.543476081854175,-0.01234825478070789,767.7304144058738,-1.6,11.543476081854175,-0.01234825478070789,nonce-7e889316a54cea14b0c1,True,False,benign,False,0,"{""attack_ended_at"": 70.0, ""case_opened_at"": 70.0, ""lane_id"": ""g10_g20_0"", ""road_id"": ""g10_g20""}"
cam-1001-veh_017-000052,cam-1001-veh_017-000052,case-grid-1001-veh_017-benign,root-238f6bb382e970c7f124a4a1,1001,veh_017,ps-c4cb9175e03371fc,CAM,70.0,798.4,55.39664242586986,13.98457478802169,-0.25893204304855466,798.4,55.39664242586986,13.98457478802169,-0.25893204304855466,nonce-238f6bb382e970c7f124,True,False,benign,False,0,"{""attack_ended_at"": 70.0, ""case_opened_at"": 70.0, ""lane_id"": ""g21_g20_0"", ""road_id"": ""g21_g20""}"
cam-1001-veh_018-000051,cam-1001-veh_018-000051,case-grid-1001-veh_018-benign,root-e79232f56fc67d628ac380be,1001,veh_018,ps-f5eb5907dca15325,CAM,70.0,693.0790548454315,798.4,13.454623929679245,-0.15420037243981,693.0790548454315,798.4,13.454623929679245,-0.15420037243981,nonce-e79232f56fc67d628ac3,True,False,benign,False,0,"{""attack_ended_at"": 70.0, ""case_opened_at"": 70.0, ""lane_id"": ""g12_g22_0"", ""road_id"": ""g12_g22""}"
cam-1001-veh_019-000050,cam-1001-veh_019-000050,case-grid-1001-veh_019-benign,root-46e122ea477cbe1b3c8a7bd7,1001,veh_019,ps-bfc295509368822d,CAM,70.0,801.6,710.9911267844327,14.01718331772233,0.3411982655385515,801.6,710.9911267844327,14.01718331772233,0.3411982655385515,nonce-46e122ea477cbe1b3c8a,True,False,benign,False,0,"{""attack_ended_at"": 70.0, ""case_opened_at"": 70.0, ""lane_id"": ""g21_g22_0"", ""road_id"": ""g21_g22""}"
cam-1001-veh_020-000049,cam-1001-veh_020-000049,case-grid-1001-veh_020-benign,root-b8366f2b1c09307ab4d5a085,1001,veh_020,ps-ebb98a241b250d58,CAM,70.0,552.0647669172777,398.4,12.590745286326014,-0.1928684562491263,552.0647669172777,398.4,12.590745286326014,-0.1928684562491263,nonce-b8366f2b1c09307ab4d5,True,False,benign,False,0,"{""attack_ended_at"": 70.0, ""case_opened_at"": 70.0, ""lane_id"": ""g11_g21_0"", ""road_id"": ""g11_g21""}"
cam-1001-veh_021-000048,cam-1001-veh_021-000048,case-grid-1001-veh_021-benign,root-9d2a97d739d17ce8533ac22c,1001,veh_021,ps-c17e704b00a194fa,CAM,70.0,236.38028250390005,401.6,13.686380315578791,0.2574190602959643,236.38028250390005,401.6,13.686380315578791,0.2574190602959643,nonce-9d2a97d739d17ce8533a,True,False,benign,False,0,"{""attack_ended_at"": 70.0, ""case_opened_at"": 70.0, ""lane_id"": ""g11_g01_0"", ""road_id"": ""g11_g01""}"
cam-1001-veh_022-000047,cam-1001-veh_022-000047,case-grid-1001-veh_022-benign,root-2216a1d139aa88d5b84d27a7,1001,veh_022,ps-37f1e0f2b964b078,CAM,70.0,401.6,730.584991837832,13.489719766292918,-0.4259100932542417,401.6,730.584991837832,13.489719766292918,-0.4259100932542417,nonce-2216a1d139aa88d5b84d,True,False,benign,False,0,"{""attack_ended_at"": 70.0, ""case_opened_at"": 70.0, ""lane_id"": ""g11_g12_0"", ""road_id"": ""g11_g12""}"
cam-1001-veh_023-000046,cam-1001-veh_023-000046,case-grid-1001-veh_023-benign,root-5545c834b5543d678c69c212,1001,veh_023,ps-88766211387813b1,CAM,70.0,398.4,174.2960100808888,13.56297723944568,0.08727874932345081,398.4,174.2960100808888,13.56297723944568,0.08727874932345081,nonce-5545c834b5543d678c69,True,False,benign,False,0,"{""attack_ended_at"": 70.0, ""case_opened_at"": 70.0, ""lane_id"": ""g11_g10_0"", ""road_id"": ""g11_g10""}"
cam-1001-veh_000-000070,cam-1001-veh_000-000070,case-grid-1001-veh_000-benign,root-ceee238bfc049f3c8d4933e5,1001,veh_000,ps-0b6a8266609a146f,CAM,71.0,801.538641025885,2.7704871811949383,5.235607650081523,0.33470943226944616,801.538641025885,2.7704871811949383,5.235607650081523,0.33470943226944616,nonce-ceee238bfc049f3c8d49,True,False,benign,False,0,"{""attack_ended_at"": 71.0, ""case_opened_at"": 71.0, ""lane_id"": "":g20_1_0"", ""road_id"": "":g20_1""}"
cam-1001-veh_001-000069,cam-1001-veh_001-000069,case-grid-1001-veh_001-benign,root-1f78d5b428563309b77277fe,1001,veh_001,ps-11b4aa50327f89a0,CAM,71.0,747.1771490282941,1.6,12.777119418753706,0.46604843777156013,747.1771490282941,1.6,12.777119418753706,0.46604843777156013,nonce-1f78d5b428563309b772,True,False,benign,False,0,"{""attack_ended_at"": 71.0, ""case_opened_at"": 71.0, ""lane_id"": ""g20_g10_0"", ""road_id"": ""g20_g10""}"
cam-1001-veh_002-000068,cam-1001-veh_002-000068,case-grid-1001-veh_002-benign,root-2f7cf38232c8ccb4c58ab4bd,1001,veh_002,ps-e0bc27433007a32c,CAM,71.0,798.4,774.6264172572502,9.050729734862633,2.257192837004549,798.4,774.6264172572502,9.050729734862633,2.257192837004549,nonce-2f7cf38232c8ccb4c58a,True,False,benign,False,0,"{""attack_ended_at"": 71.0, ""case_opened_at"": 71.0, ""lane_id"": ""g22_g21_0"", ""road_id"": ""g22_g21""}"
cam-1001-veh_003-000067,cam-1001-veh_003-000067,case-grid-1001-veh_003-benign,root-f778f23281f966b7a1536551,1001,veh_003,ps-13247f0afc865149,CAM,71.0,778.2651786505808,801.6,9.735660050880284,2.51019341796171,778.2651786505808,801.6,9.735660050880284,2.51019341796171,nonce-f778f23281f966b7a153,True,False,benign,False,0,"{""attack_ended_at"": 71.0, ""case_opened_at"": 71.0, ""lane_id"": ""g22_g12_0"", ""road_id"": ""g22_g12""}"
cam-1001-veh_004-000066,cam-1001-veh_004-000066,case-grid-1001-veh_004-speed_offset,root-618ba082ae1725b9c7496c86,1001,veh_004,ps-b7dd5d779d6fb997,CAM,71.0,659.1684777674809,398.4,13.169689942947686,0.3337463715579361,659.1684777674809,398.4,24.169689942947684,0.3337463715579361,nonce-618ba082ae1725b9c749,True,False,speed_offset,True,0,"{""attack_ended_at"": 72.0, ""case_opened_at"": 20.0, ""lane_id"": ""g11_g21_0"", ""road_id"": ""g11_g21""}"
cam-1001-veh_005-000065,cam-1001-veh_005-000065,case-grid-1001-veh_005-benign,root-1168634a0d9e9d772f5dd429,1001,veh_005,ps-fedb1f4cae953d51,CAM,71.0,144.75124948046667,401.6,13.207509730580606,0.5682694154279311,144.75124948046667,401.6,13.207509730580606,0.5682694154279311,nonce-1168634a0d9e9d772f5d,True,False,benign,False,0,"{""attack_ended_at"": 71.0, ""case_opened_at"": 71.0, ""lane_id"": ""g11_g01_0"", ""road_id"": ""g11_g01""}"
cam-1001-veh_008-000062,cam-1001-veh_008-000062,case-grid-1001-veh_008-certificate_tamper,root-fbfdb865a42b386ec1d72455,1001,veh_008,ps-0441a16dd8d22b44,CAM,71.0,790.6855945576074,-1.6,4.904337543458418,-4.469821768705723,790.6855945576074,-1.6,4.904337543458418,-4.469821768705723,nonce-fbfdb865a42b386ec1d7,False,False,certificate_tamper,True,0,"{""attack_ended_at"": 76.0, ""case_opened_at"": 24.0, ""lane_id"": ""g10_g20_0"", ""road_id"": ""g10_g20""}"
cam-1001-veh_009-000061,cam-1001-veh_009-000061,case-grid-1001-veh_009-benign,root-3702d3d0ddcf73e35d2bd831,1001,veh_009,ps-8e3b87e1d6235c50,CAM,71.0,781.9928005560718,1.6,7.900671707261428,1.92613624773454,781.9928005560718,1.6,7.900671707261428,1.92613624773454,nonce-3702d3d0ddcf73e35d2b,True,False,benign,False,0,"{""attack_ended_at"": 71.0, ""case_opened_at"": 71.0, ""lane_id"": ""g20_g10_0"", ""road_id"": ""g20_g10""}"
cam-1001-veh_010-000060-f0,cam-1001-veh_010-000060,case-grid-1001-veh_010-flood,root-6e5a481080b4d199660387ba,1001,veh_010,ps-bf5c5fe0f587553a,CAM,71.0,798.4,795.110258750254,3.6817418573058394,-0.2739070964930579,798.4,795.110258750254,3.6817418573058394,-0.2739070964930579,nonce-6e5a481080b4d1996603,True,False,flood,True,0,"{""attack_ended_at"": 78.0, ""case_opened_at"": 26.0, ""lane_id"": ""g22_g21_0"", ""road_id"": ""g22_g21""}"
cam-1001-veh_010-000060-f1,cam-1001-veh_010-000060,case-grid-1001-veh_010-flood,root-6e5a481080b4d199660387ba,1001,veh_010,ps-bf5c5fe0f587553a,CAM,71.0,798.4,795.110258750254,3.6817418573058394,-0.2739070964930579,798.4,795.110258750254,3.6817418573058394,-0.2739070964930579,nonce-6e5a481080b4d1996603,True,False,flood,True,1,"{""attack_ended_at"": 78.0, ""case_opened_at"": 26.0, ""lane_id"": ""g22_g21_0"", ""road_id"": ""g22_g21""}"
cam-1001-veh_010-000060-f2,cam-1001-veh_010-000060,case-grid-1001-veh_010-flood,root-6e5a481080b4d199660387ba,1001,veh_010,ps-bf5c5fe0f587553a,CAM,71.0,798.4,795.110258750254,3.6817418573058394,-0.2739070964930579,798.4,795.110258750254,3.6817418573058394,-0.2739070964930579,nonce-6e5a481080b4d1996603,True,False,flood,True,2,"{""attack_ended_at"": 78.0, ""case_opened_at"": 26.0, ""lane_id"": ""g22_g21_0"", ""road_id"": ""g22_g21""}"
cam-1001-veh_010-000060-f3,cam-1001-veh_010-000060,case-grid-1001-veh_010-flood,root-6e5a481080b4d199660387ba,1001,veh_010,ps-bf5c5fe0f587553a,CAM,71.0,798.4,795.110258750254,3.6817418573058394,-0.2739070964930579,798.4,795.110258750254,3.6817418573058394,-0.2739070964930579,nonce-6e5a481080b4d1996603,True,False,flood,True,3,"{""attack_ended_at"": 78.0, ""case_opened_at"": 26.0, ""lane_id"": ""g22_g21_0"", ""road_id"": ""g22_g21""}"
cam-1001-veh_010-000060-f4,cam-1001-veh_010-000060,case-grid-1001-veh_010-flood,root-6e5a481080b4d199660387ba,1001,veh_010,ps-bf5c5fe0f587553a,CAM,71.0,798.4,795.110258750254,3.6817418573058394,-0.2739070964930579,798.4,795.110258750254,3.6817418573058394,-0.2739070964930579,nonce-6e5a481080b4d1996603,True,False,flood,True,4,"{""attack_ended_at"": 78.0, ""case_opened_at"": 26.0, ""lane_id"": ""g22_g21_0"", ""road_id"": ""g22_g21""}"
cam-1001-veh_011-000059,cam-1001-veh_011-000059,case-grid-1001-veh_011-benign,root-7e02615848f6380980292132,1001,veh_011,ps-298210176c98c50a,CAM,71.0,801.6,796.316515221579,10.107034556219622,-2.996161283618269,801.6,796.316515221579,10.107034556219622,-2.996161283618269,nonce-7e02615848f638098029,True,False,benign,False,0,"{""attack_ended_at"": 71.0, ""case_opened_at"": 71.0, ""lane_id"": ""g21_g22_0"", ""road_id"": ""g21_g22""}"
cam-1001-veh_012-000058,cam-1001-veh_012-000058,case-grid-1001-veh_012-false_denm,root-833c5728e05c8deef6d22fe9,1001,veh_012,ps-a2d8503b0d2b7ea8,CAM,71.0,609.5050304841233,398.4,14.35466136240381,-0.1641512612532825,609.5050304841233,398.4,14.35466136240381,-0.1641512612532825,nonce-833c5728e05c8deef6d2,True,False,false_denm,True,0,"{""attack_ended_at"": 80.0, ""case_opened_at"": 28.0, ""lane_id"": ""g11_g21_0"", ""road_id"": ""g11_g21""}"
cam-1001-veh_013-000057,cam-1001-veh_013-000057,case-grid-1001-veh_013-benign,root-de4d0f6a5342288a09a6b419,1001,veh_013,ps-ffb1bac62aa27994,CAM,71.0,200.7735429084325,401.6,13.24428949505599,-0.3494963544560594,200.7735429084325,401.6,13.24428949505599,-0.3494963544560594,nonce-de4d0f6a5342288a09a6,True,False,benign,False,0,"{""attack_ended_at"": 71.0, ""case_opened_at"": 71.0, ""lane_id"": ""g11_g01_0"", ""road_id"": ""g11_g01""}"
cam-1001-veh_014-000056-m0,cam-1001-veh_014-000056,case-grid-1001-veh_014-mixed,root-38cbe52b89d554728717c367,1001,veh_014,ps-0c5027fa621fc8a7,DENM,71.0,401.6,766.6846949810272,13.827300818581827,0.12263784998562066,446.6,775.6846949810272,21.827300818581826,0.12263784998562066,nonce-38cbe52b89d554728717,True,True,mixed,True,0,"{""attack_ended_at"": 82.0, ""case_opened_at"": 30.0, ""lane_id"": ""g11_g12_0"", ""road_id"": ""g11_g12""}"
cam-1001-veh_014-000056-m1,cam-1001-veh_014-000056,case-grid-1001-veh_014-mixed,root-38cbe52b89d554728717c367,1001,veh_014,ps-0c5027fa621fc8a7,DENM,71.0,401.6,766.6846949810272,13.827300818581827,0.12263784998562066,446.6,775.6846949810272,21.827300818581826,0.12263784998562066,nonce-38cbe52b89d554728717,True,True,mixed,True,1,"{""attack_ended_at"": 82.0, ""case_opened_at"": 30.0, ""lane_id"": ""g11_g12_0"", ""road_id"": ""g11_g12""}"
cam-1001-veh_014-000056-m2,cam-1001-veh_014-000056,case-grid-1001-veh_014-mixed,root-38cbe52b89d554728717c367,1001,veh_014,ps-0c5027fa621fc8a7,DENM,71.0,401.6,766.6846949810272,13.827300818581827,0.12263784998562066,446.6,775.6846949810272,21.827300818581826,0.12263784998562066,nonce-38cbe52b89d554728717,True,True,mixed,True,2,"{""attack_ended_at"": 82.0, ""case_opened_at"": 30.0, ""lane_id"": ""g11_g12_0"", ""road_id"": ""g11_g12""}"
cam-1001-veh_014-000056-m3,cam-1001-veh_014-000056,case-grid-1001-veh_014-mixed,root-38cbe52b89d554728717c367,1001,veh_014,ps-0c5027fa621fc8a7,DENM,71.0,401.6,766.6846949810272,13.827300818581827,0.12263784998562066,446.6,775.6846949810272,21.827300818581826,0.12263784998562066,nonce-38cbe52b89d554728717,True,True,mixed,True,3,"{""attack_ended_at"": 82.0, ""case_opened_at"": 30.0, ""lane_id"": ""g11_g12_0"", ""road_id"": ""g11_g12""}"
cam-1001-veh_015-000055,cam-1001-veh_015-000055,case-grid-1001-veh_015-benign,root-544f591ce936fe895f5ce253,1001,veh_015,ps-43db3038c74a6947,CAM,71.0,398.4,75.02817221668954,13.311726856823176,-0.009158425480128685,398.4,75.02817221668954,13.311726856823176,-0.009158425480128685,nonce-544f591ce936fe895f5c,True,False,benign,False,0,"{""attack_ended_at"": 71.0, ""case_opened_at"": 71.0, ""lane_id"": ""g11_g10_0"", ""road_id"": ""g11_g10""}"
cam-1001-veh_016-000054,cam-1001-veh_016-000054,case-grid-1001-veh_016-benign,root-6820a9735e27c16ef6e5a317,1001,veh_016,ps-cbbef243035097ce,CAM,71.0,777.1604558975848,-1.6,9.430041491711073,-2.113434590143102,777.1604558975848,-1.6,9.430041491711073,-2.113434590143102,nonce-6820a9735e27c16ef6e5,True,False,benign,False,0,"{""attack_ended_at"": 71.0, ""case_opened_at"": 71.0, ""lane_id"": ""g10_g20_0"", ""road_id"": ""g10_g20""}"
cam-1001-veh_017-000053,cam-1001-veh_017-000053,case-grid-1001-veh_017-benign,root-17b32c75cc18c7ee4913f4bf,1001,veh_017,ps-c4cb9175e03371fc,CAM,71.0,798.4,40.98967496987382,14.406967455996037,0.4223926679743464,798.4,40.98967496987382,14.406967455996037,0.4223926679743464,nonce-17b32c75cc18c7ee4913,True,False,benign,False,0,"{""attack_ended_at"": 71.0, ""case_opened_at"": 71.0, ""lane_id"": ""g21_g20_0"", ""road_id"": ""g21_g20""}"
cam-1001-veh_018-000052,cam-1001-veh_018-000052,case-grid-1001-veh_018-benign,root-0ac8cb8e83668375b20454f8,1001,veh_018,ps-f5eb5907dca15325,CAM,71.0,706.2938415095514,798.4,13.214786664119773,-0.2398372655594727,706.2938415095514,798.4,13.214786664119773,-0.2398372655594727,nonce-0ac8cb8e83668375b204,True,False,benign,False,0,"{""attack_ended_at"": 71.0, ""case_opened_at"": 71.0, ""lane_id"": ""g12_g22_0"", ""road_id"": ""g12_g22""}"
cam-1001-veh_019-000051,cam-1001-veh_019-000051,case-grid-1001-veh_019-benign,root-e8a8bb0d30dd3c73e7e73694,1001,veh_019,ps-bfc295509368822d,CAM,71.0,801.6,724.7576619864215,13.76653520198869,-0.25064811573363954,801.6,724.7576619864215,13.76653520198869,-0.25064811573363954,nonce-e8a8bb0d30dd3c73e7e7,True,False,benign,False,0,"{""attack_ended_at"": 71.0, ""case_opened_at"": 71.0, ""lane_id"": ""g21_g22_0"", ""road_id"": ""g21_g22""}"
cam-1001-veh_020-000050,cam-1001-veh_020-000050,case-grid-1001-veh_020-benign,root-7fae3d8c2f590e0264c91a73,1001,veh_020,ps-ebb98a241b250d58,CAM,71.0,564.7996211519527,398.4,12.734854234675035,0.14410894834902166,564.7996211519527,398.4,12.734854234675035,0.14410894834902166,nonce-7fae3d8c2f590e0264c9,True,False,benign,False,0,"{""attack_ended_at"": 71.0, ""case_opened_at"": 71.0, ""lane_id"": ""g11_g21_0"", ""road_id"": ""g11_g21""}"
cam-1001-veh_021-000049,cam-1001-veh_021-000049,case-grid-1001-veh_021-benign,root-39e63582f8f357a7e452ca9f,1001,veh_021,ps-c17e704b00a194fa,CAM,71.0,222.71288563741126,401.6,13.667396866488797,-0.018983449089994053,222.71288563741126,401.6,13.667396866488797,-0.018983449089994053,nonce-39e63582f8f357a7e452,True,False,benign,False,0,"{""attack_ended_at"": 71.0, ""case_opened_at"": 71.0, ""lane_id"": ""g11_g01_0"", ""road_id"": ""g11_g01""}"
cam-1001-veh_022-000048,cam-1001-veh_022-000048,case-grid-1001-veh_022-benign,root-eef2612e471b75ca2a6c1809,1001,veh_022,ps-37f1e0f2b964b078,CAM,71.0,401.6,744.0476241945152,13.462632356683113,-0.02708740960980549,401.6,744.0476241945152,13.462632356683113,-0.02708740960980549,nonce-eef2612e471b75ca2a6c,True,False,benign,False,0,"{""attack_ended_at"": 71.0, ""case_opened_at"": 71.0, ""lane_id"": ""g11_g12_0"", ""road_id"": ""g11_g12""}"
cam-1001-veh_023-000047,cam-1001-veh_023-000047,case-grid-1001-veh_023-benign,root-3700f892a209b6457292e082,1001,veh_023,ps-88766211387813b1,CAM,71.0,398.4,161.36060960130118,12.935400479587623,-0.6275767598580568,398.4,161.36060960130118,12.935400479587623,-0.6275767598580568,nonce-3700f892a209b6457292,True,False,benign,False,0,"{""attack_ended_at"": 71.0, ""case_opened_at"": 71.0, ""lane_id"": ""g11_g10_0"", ""road_id"": ""g11_g10""}"
cam-1001-veh_000-000071,cam-1001-veh_000-000071,case-grid-1001-veh_000-benign,root-0919c80fdefd5ad5537cb2f4,1001,veh_000,ps-0b6a8266609a146f,CAM,72.0,801.6,7.783512712531151,5.017318259986944,-0.21828939009457837,801.6,7.783512712531151,5.017318259986944,-0.21828939009457837,nonce-0919c80fdefd5ad5537c,True,False,benign,False,0,"{""attack_ended_at"": 72.0, ""case_opened_at"": 72.0, ""lane_id"": ""g20_g21_0"", ""road_id"": ""g20_g21""}"
cam-1001-veh_001-000070,cam-1001-veh_001-000070,case-grid-1001-veh_001-benign,root-6f3df2cd4bac4adcda1ec624,1001,veh_001,ps-11b4aa50327f89a0,CAM,72.0,734.9474811317277,1.6,12.229667896566376,-0.5474515221873304,734.9474811317277,1.6,12.229667896566376,-0.5474515221873304,nonce-6f3df2cd4bac4adcda1e,True,False,benign,False,0,"{""attack_ended_at"": 72.0, ""case_opened_at"": 72.0, ""lane_id"": ""g20_g10_0"", ""road_id"": ""g20_g10""}"
cam-1001-veh_002-000069,cam-1001-veh_002-000069,case-grid-1001-veh_002-benign,root-cec3603e76bc126d6ead68cb,1001,veh_002,ps-e0bc27433007a32c,CAM,72.0,798.4,763.4272446959721,11.199172561278045,2.148442826415412,798.4,763.4272446959721,11.199172561278045,2.148442826415412,nonce-cec3603e76bc126d6ead,True,False,benign,False,0,"{""attack_ended_at"": 72.0, ""case_opened_at"": 72.0, ""lane_id"": ""g22_g21_0"", ""road_id"": ""g22_g21""}"
cam-1001-veh_003-000068,cam-1001-veh_003-000068,case-grid-1001-veh_003-benign,root-306bf6730c035a9a2dfaa41c,1001,veh_003,ps-13247f0afc865149,CAM,72.0,766.0578868071775,801.6,12.207291843403251,2.4716317925229667,766.0578868071775,801.6,12.207291843403251,2.4716317925229667,nonce-306bf6730c035a9a2dfa,True,False,benign,False,0,"{""attack_ended_at"": 72.0, ""case_opened_at"": 72.0, ""lane_id"": ""g22_g12_0"", ""road_id"": ""g22_g12""}"
cam-1001-veh_004-000067,cam-1001-veh_004-000067,case-grid-1001-veh_004-speed_offset,root-95a1ed48a9f94e37d89f649c,1001,veh_004,ps-b7dd5d779d6fb997,CAM,72.0,672.1427284588465,398.4,12.974250691365548,-0.1954392515821386,672.1427284588465,398.4,23.974250691365548,-0.1954392515821386,nonce-95a1ed48a9f94e37d89f,True,False,speed_offset,True,0,"{""attack_ended_at"": 72.0, ""case_opened_at"": 20.0, ""lane_id"": ""g11_g21_0"", ""road_id"": ""g11_g21""}"
cam-1001-veh_005-000066,cam-1001-veh_005-000066,case-grid-1001-veh_005-benign,root-72822e7469be7fc72240cf0a,1001,veh_005,ps-fedb1f4cae953d51,CAM,72.0,131.95580442477853,401.6,12.795445055688143,-0.4120646748924628,131.95580442477853,401.6,12.795445055688143,-0.4120646748924628,nonce-72822e7469be7fc72240,True,False,benign,False,0,"{""attack_ended_at"": 72.0, ""case_opened_at"": 72.0, ""lane_id"": ""g11_g01_0"", ""road_id"": ""g11_g01""}"
cam-1001-veh_008-000063,cam-1001-veh_008-000063,case-grid-1001-veh_008-certificate_tamper,root-3de0c5f276a89f8af028b301,1001,veh_008,ps-0441a16dd8d22b44,CAM,72.0,796.2530778057203,-1.6,5.567483248112995,0.6631457046545775,796.2530778057203,-1.6,5.567483248112995,0.6631457046545775,nonce-3de0c5f276a89f8af028,False,False,certificate_tamper,True,0,"{""attack_ended_at"": 76.0, ""case_opened_at"": 24.0, ""lane_id"": ""g10_g20_0"", ""road_id"": ""g10_g20""}"
cam-1001-veh_009-000062,cam-1001-veh_009-000062,case-grid-1001-veh_009-benign,root-f3b606b38e0d593b1bf91912,1001,veh_009,ps-8e3b87e1d6235c50,CAM,72.0,771.9289166871175,1.6,10.06388386895422,2.1632121616927913,771.9289166871175,1.6,10.06388386895422,2.1632121616927913,nonce-f3b606b38e0d593b1bf9,True,False,benign,False,0,"{""attack_ended_at"": 72.0, ""case_opened_at"": 72.0, ""lane_id"": ""g20_g10_0"", ""road_id"": ""g20_g10""}"
cam-1001-veh_010-000061-f0,cam-1001-veh_010-000061,case-grid-1001-veh_010-flood,root-b87cb0dd64825f80a3d107ba,1001,veh_010,ps-bf5c5fe0f587553a,CAM,72.0,798.4,788.9952028905591,6.115055859694928,2.4333140023890882,798.4,788.9952028905591,6.115055859694928,2.4333140023890882,nonce-b87cb0dd64825f80a3d1,True,False,flood,True,0,"{""attack_ended_at"": 78.0, ""case_opened_at"": 26.0, ""lane_id"": ""g22_g21_0"", ""road_id"": ""g22_g21""}"
cam-1001-veh_010-000061-f1,cam-1001-veh_010-000061,case-grid-1001-veh_010-flood,root-b87cb0dd64825f80a3d107ba,1001,veh_010,ps-bf5c5fe0f587553a,CAM,72.0,798.4,788.9952028905591,6.115055859694928,2.4333140023890882,798.4,788.9952028905591,6.115055859694928,2.4333140023890882,nonce-b87cb0dd64825f80a3d1,True,False,flood,True,1,"{""attack_ended_at"": 78.0, ""case_opened_at"": 26.0, ""lane_id"": ""g22_g21_0"", ""road_id"": ""g22_g21""}"
cam-1001-veh_010-000061-f2,cam-1001-veh_010-000061,case-grid-1001-veh_010-flood,root-b87cb0dd64825f80a3d107ba,1001,veh_010,ps-bf5c5fe0f587553a,CAM,72.0,798.4,788.9952028905591,6.115055859694928,2.4333140023890882,798.4,788.9952028905591,6.115055859694928,2.4333140023890882,nonce-b87cb0dd64825f80a3d1,True,False,flood,True,2,"{""attack_ended_at"": 78.0, ""case_opened_at"": 26.0, ""lane_id"": ""g22_g21_0"", ""road_id"": ""g22_g21""}"
cam-1001-veh_010-000061-f3,cam-1001-veh_010-000061,case-grid-1001-veh_010-flood,root-b87cb0dd64825f80a3d107ba,1001,veh_010,ps-bf5c5fe0f587553a,CAM,72.0,798.4,788.9952028905591,6.115055859694928,2.4333140023890882,798.4,788.9952028905591,6.115055859694928,2.4333140023890882,nonce-b87cb0dd64825f80a3d1,True,False,flood,True,3,"{""attack_ended_at"": 78.0, ""case_opened_at"": 26.0, ""lane_id"": ""g22_g21_0"", ""road_id"": ""g22_g21""}"
cam-1001-veh_010-000061-f4,cam-1001-veh_010-000061,case-grid-1001-veh_010-flood,root-b87cb0dd64825f80a3d107ba,1001,veh_010,ps-bf5c5fe0f587553a,CAM,72.0,798.4,788.9952028905591,6.115055859694928,2.4333140023890882,798.4,788.9952028905591,6.115055859694928,2.4333140023890882,nonce-b87cb0dd64825f80a3d1,True,False,flood,True,4,"{""attack_ended_at"": 78.0, ""case_opened_at"": 26.0, ""lane_id"": ""g22_g21_0"", ""road_id"": ""g22_g21""}"
cam-1001-veh_011-000060,cam-1001-veh_011-000060,case-grid-1001-veh_011-benign,root-46b83d97063607124d8e599d,1001,veh_011,ps-298210176c98c50a,CAM,72.0,798.989512949073,801.2462922305562,5.998123711656115,-4.108910844563507,798.989512949073,801.2462922305562,5.998123711656115,-4.108910844563507,nonce-46b83d97063607124d8e,True,False,benign,False,0,"{""attack_ended_at"": 72.0, ""case_opened_at"": 72.0, ""lane_id"": "":g22_0_0"", ""road_id"": "":g22_0""}"
cam-1001-veh_012-000059,cam-1001-veh_012-000059,case-grid-1001-veh_012-false_denm,root-8ea471f69850f225fa5314fd,1001,veh_012,ps-a2d8503b0d2b7ea8,CAM,72.0,624.2981181155499,398.4,14.793087631426559,0.4384262690227487,624.2981181155499,398.4,14.793087631426559,0.4384262690227487,nonce-8ea471f69850f225fa53,True,False,false_denm,True,0,"{""attack_ended_at"": 80.0, ""case_opened_at"": 28.0, ""lane_id"": ""g11_g21_0"", ""road_id"": ""g11_g21""}"
cam-1001-veh_013-000058,cam-1001-veh_013-000058,case-grid-1001-veh_013-benign,root-182c852531d0bd8342c57994,1001,veh_013,ps-ffb1bac62aa27994,CAM,72.0,187.21492596435095,401.6,13.558616944081576,0.31432744902558696,187.21492596435095,401.6,13.558616944081576,0.31432744902558696,nonce-182c852531d0bd8342c5,True,False,benign,False,0,"{""attack_ended_at"": 72.0, ""case_opened_at"": 72.0, ""lane_id"": ""g11_g01_0"", ""road_id"": ""g11_g01""}"
cam-1001-veh_014-000057-m0,cam-1001-veh_014-000057,case-grid-1001-veh_014-mixed,root-a0e2bbf7e84617f89031e5fa,1001,veh_014,ps-0c5027fa621fc8a7,DENM,72.0,401.6,779.8157834688132,13.131088487786004,-0.6962123307958237,446.6,788.8157834688132,21.131088487786002,-0.6962123307958237,nonce-a0e2bbf7e84617f89031,True,True,mixed,True,0,"{""attack_ended_at"": 82.0, ""case_opened_at"": 30.0, ""lane_id"": ""g11_g12_0"", ""road_id"": ""g11_g12""}"
cam-1001-veh_014-000057-m1,cam-1001-veh_014-000057,case-grid-1001-veh_014-mixed,root-a0e2bbf7e84617f89031e5fa,1001,veh_014,ps-0c5027fa621fc8a7,DENM,72.0,401.6,779.8157834688132,13.131088487786004,-0.6962123307958237,446.6,788.8157834688132,21.131088487786002,-0.6962123307958237,nonce-a0e2bbf7e84617f89031,True,True,mixed,True,1,"{""attack_ended_at"": 82.0, ""case_opened_at"": 30.0, ""lane_id"": ""g11_g12_0"", ""road_id"": ""g11_g12""}"
cam-1001-veh_014-000057-m2,cam-1001-veh_014-000057,case-grid-1001-veh_014-mixed,root-a0e2bbf7e84617f89031e5fa,1001,veh_014,ps-0c5027fa621fc8a7,DENM,72.0,401.6,779.8157834688132,13.131088487786004,-0.6962123307958237,446.6,788.8157834688132,21.131088487786002,-0.6962123307958237,nonce-a0e2bbf7e84617f89031,True,True,mixed,True,2,"{""attack_ended_at"": 82.0, ""case_opened_at"": 30.0, ""lane_id"": ""g11_g12_0"", ""road_id"": ""g11_g12""}"
cam-1001-veh_014-000057-m3,cam-1001-veh_014-000057,case-grid-1001-veh_014-mixed,root-a0e2bbf7e84617f89031e5fa,1001,veh_014,ps-0c5027fa621fc8a7,DENM,72.0,401.6,779.8157834688132,13.131088487786004,-0.6962123307958237,446.6,788.8157834688132,21.131088487786002,-0.6962123307958237,nonce-a0e2bbf7e84617f89031,True,True,mixed,True,3,"{""attack_ended_at"": 82.0, ""case_opened_at"": 30.0, ""lane_id"": ""g11_g12_0"", ""road_id"": ""g11_g12""}"
cam-1001-veh_015-000056,cam-1001-veh_015-000056,case-grid-1001-veh_015-benign,root-a6fa6f83eddcfdd4285a1ed7,1001,veh_015,ps-43db3038c74a6947,CAM,72.0,398.4,61.711903248349415,13.316268968340108,0.004542111516931513,398.4,61.711903248349415,13.316268968340108,0.004542111516931513,nonce-a6fa6f83eddcfdd4285a,True,False,benign,False,0,"{""attack_ended_at"": 72.0, ""case_opened_at"": 72.0, ""lane_id"": ""g11_g10_0"", ""road_id"": ""g11_g10""}"
cam-1001-veh_016-000055,cam-1001-veh_016-000055,case-grid-1001-veh_016-benign,root-acce104caf7e7a6adc8a8f9b,1001,veh_016,ps-cbbef243035097ce,CAM,72.0,782.0956104149459,-1.6,4.9351545173610205,-4.494886974350052,782.0956104149459,-1.6,4.9351545173610205,-4.494886974350052,nonce-acce104caf7e7a6adc8a,True,False,benign,False,0,"{""attack_ended_at"": 72.0, ""case_opened_at"": 72.0, ""lane_id"": ""g10_g20_0"", ""road_id"": ""g10_g20""}"
cam-1001-veh_017-000054,cam-1001-veh_017-000054,case-grid-1001-veh_017-benign,root-6b6112166d6381f0644ff2f7,1001,veh_017,ps-c4cb9175e03371fc,CAM,72.0,798.4,26.805070375934804,14.184604593938985,-0.2223628620570519,798.4,26.805070375934804,14.184604593938985,-0.2223628620570519,nonce-6b6112166d6381f0644f,True,False,benign,False,0,"{""attack_ended_at"": 72.0, ""case_opened_at"": 72.0, ""lane_id"": ""g21_g20_0"", ""road_id"": ""g21_g20""}"
cam-1001-veh_018-000053,cam-1001-veh_018-000053,case-grid-1001-veh_018-benign,root-1b0711062193ea36d3518365,1001,veh_018,ps-f5eb5907dca15325,CAM,72.0,719.4787743465746,798.4,13.184932837023252,-0.02985382709652029,719.4787743465746,798.4,13.184932837023252,-0.02985382709652029,nonce-1b0711062193ea36d351,True,False,benign,False,0,"{""attack_ended_at"": 72.0, ""case_opened_at"": 72.0, ""lane_id"": ""g12_g22_0"", ""road_id"": ""g12_g22""}"
cam-1001-veh_019-000052,cam-1001-veh_019-000052,case-grid-1001-veh_019-benign,root-f6d036339a0dccc7ac8bcb51,1001,veh_019,ps-bfc295509368822d,CAM,72.0,801.6,738.7668870017949,14.009225015373477,0.24268981338478746,801.6,738.7668870017949,14.009225015373477,0.24268981338478746,nonce-f6d036339a0dccc7ac8b,True,False,benign,False,0,"{""attack_ended_at"": 72.0, ""case_opened_at"": 72.0, ""lane_id"": ""g21_g22_0"", ""road_id"": ""g21_g22""}"
cam-1001-veh_020-000051,cam-1001-veh_020-000051,case-grid-1001-veh_020-benign,root-d5c15f66ea0a323551df689b,1001,veh_020,ps-ebb98a241b250d58,CAM,72.0,577.3805145550108,398.4,12.580893403058031,-0.15396083161700425,577.3805145550108,398.4,12.580893403058031,-0.15396083161700425,nonce-d5c15f66ea0a323551df,True,False,benign,False,0,"{""attack_ended_at"": 72.0, ""case_opened_at"": 72.0, ""lane_id"": ""g11_g21_0"", ""road_id"": ""g11_g21""}"
cam-1001-veh_021-000050,cam-1001-veh_021-000050,case-grid-1001-veh_021-benign,root-68e59dbce7d462b2846b1ea8,1001,veh_021,ps-c17e704b00a194fa,CAM,72.0,209.55353517246613,401.6,13.159350464945128,-0.5080464015436696,209.55353517246613,401.6,13.159350464945128,-0.5080464015436696,nonce-68e59dbce7d462b2846b,True,False,benign,False,0,"{""attack_ended_at"": 72.0, ""case_opened_at"": 72.0, ""lane_id"": ""g11_g01_0"", ""road_id"": ""g11_g01""}"
cam-1001-veh_022-000049,cam-1001-veh_022-000049,case-grid-1001-veh_022-benign,root-0a2318d79c9f96d4a9f28920,1001,veh_022,ps-37f1e0f2b964b078,CAM,72.0,401.6,757.7512969874465,13.703672792931266,0.24104043624815397,401.6,757.7512969874465,13.703672792931266,0.24104043624815397,nonce-0a2318d79c9f96d4a9f2,True,False,benign,False,0,"{""attack_ended_at"": 72.0, ""case_opened_at"": 72.0, ""lane_id"": ""g11_g12_0"", ""road_id"": ""g11_g12""}"
cam-1001-veh_023-000048,cam-1001-veh_023-000048,case-grid-1001-veh_023-benign,root-f0022ffcd633826ed276d4e2,1001,veh_023,ps-88766211387813b1,CAM,72.0,398.4,147.95966764932982,13.400941951971397,0.46554147238377475,398.4,147.95966764932982,13.400941951971397,0.46554147238377475,nonce-f0022ffcd633826ed276,True,False,benign,False,0,"{""attack_ended_at"": 72.0, ""case_opened_at"": 72.0, ""lane_id"": ""g11_g10_0"", ""road_id"": ""g11_g10""}"
cam-1001-veh_000-000072,cam-1001-veh_000-000072,case-grid-1001-veh_000-benign,root-5488e7c42a5bd7f5ee4fe350,1001,veh_000,ps-0b6a8266609a146f,CAM,73.0,801.6,14.95432491617489,7.17081220364374,2.1534939436567955,801.6,14.95432491617489,7.17081220364374,2.1534939436567955,nonce-5488e7c42a5bd7f5ee4f,True,False,benign,False,0,"{""attack_ended_at"": 73.0, ""case_opened_at"": 73.0, ""lane_id"": ""g20_g21_0"", ""road_id"": ""g20_g21""}"
cam-1001-veh_001-000071,cam-1001-veh_001-000071,case-grid-1001-veh_001-benign,root-497c9cd960a54535bd916008,1001,veh_001,ps-11b4aa50327f89a0,CAM,73.0,722.4494432544554,1.6,12.498037877272278,0.2683699807059021,722.4494432544554,1.6,12.498037877272278,0.2683699807059021,nonce-497c9cd960a54535bd91,True,False,benign,False,0,"{""attack_ended_at"": 73.0, ""case_opened_at"": 73.0, ""lane_id"": ""g20_g10_0"", ""road_id"": ""g20_g10""}"
cam-1001-veh_002-000070,cam-1001-veh_002-000070,case-grid-1001-veh_002-benign,root-1f04853c2f2cc71029119558,1001,veh_002,ps-e0bc27433007a32c,CAM,73.0,798.4,750.6943923417713,12.732852354200878,1.5336797929228325,798.4,750.6943923417713,12.732852354200878,1.5336797929228325,nonce-1f04853c2f2cc7102911,True,False,benign,False,0,"{""attack_ended_at"": 73.0, ""case_opened_at"": 73.0, ""lane_id"": ""g22_g21_0"", ""road_id"": ""g22_g21""}"
cam-1001-veh_003-000069,cam-1001-veh_003-000069,case-grid-1001-veh_003-benign,root-c28e67667a6ccd329700c791,1001,veh_003,ps-13247f0afc865149,CAM,73.0,753.2818006494882,801.6,12.776086157689265,0.5687943142860146,753.2818006494882,801.6,12.776086157689265,0.5687943142860146,nonce-c28e67667a6ccd329700,True,False,benign,False,0,"{""attack_ended_at"": 73.0, ""case_opened_at"": 73.0, ""lane_id"": ""g22_g12_0"", ""road_id"": ""g22_g12""}"
cam-1001-veh_004-000068,cam-1001-veh_004-000068,case-grid-1001-veh_004-benign,root-bb3f9e985b22c3dadc9f1e37,1001,veh_004,ps-b7dd5d779d6fb997,CAM,73.0,684.8817449514089,398.4,12.739016492562467,-0.23523419880308083,684.8817449514089,398.4,12.739016492562467,-0.23523419880308083,nonce-bb3f9e985b22c3dadc9f,True,False,benign,False,0,"{""attack_ended_at"": 73.0, ""case_opened_at"": 73.0, ""lane_id"": ""g11_g21_0"", ""road_id"": ""g11_g21""}"
cam-1001-veh_005-000067,cam-1001-veh_005-000067,case-grid-1001-veh_005-benign,root-bbf6ad1289646e6fa36eee91,1001,veh_005,ps-fedb1f4cae953d51,CAM,73.0,119.14283642070609,401.6,12.812968004072427,0.017522948384284476,119.14283642070609,401.6,12.812968004072427,0.017522948384284476,nonce-bbf6ad1289646e6fa36e,True,False,benign,False,0,"{""attack_ended_at"": 73.0, ""case_opened_at"": 73.0, ""lane_id"": ""g11_g01_0"", ""road_id"": ""g11_g01""}"
cam-1001-veh_008-000064,cam-1001-veh_008-000064,case-grid-1001-veh_008-certificate_tamper,root-115f832a8f8694fa3ac0bf87,1001,veh_008,ps-0441a16dd8d22b44,CAM,73.0,800.477902880045,-0.27016186659153496,4.568314473338051,-0.9991687747749438,800.477902880045,-0.27016186659153496,4.568314473338051,-0.9991687747749438,nonce-115f832a8f8694fa3ac0,False,False,certificate_tamper,True,0,"{""attack_ended_at"": 76.0, ""case_opened_at"": 24.0, ""lane_id"": "":g20_1_0"", ""road_id"": "":g20_1""}"
cam-1001-veh_009-000063,cam-1001-veh_009-000063,case-grid-1001-veh_009-benign,root-c542c29d464946088ff40431,1001,veh_009,ps-8e3b87e1d6235c50,CAM,73.0,759.3278096170253,1.6,12.601107070092187,2.5372232011379676,759.3278096170253,1.6,12.601107070092187,2.5372232011379676,nonce-c542c29d464946088ff4,True,False,benign,False,0,"{""attack_ended_at"": 73.0, ""case_opened_at"": 73.0, ""lane_id"": ""g20_g10_0"", ""road_id"": ""g20_g10""}"
cam-1001-veh_010-000062-f0,cam-1001-veh_010-000062,case-grid-1001-veh_010-flood,root-06dbaa6708b77dc48affa396,1001,veh_010,ps-bf5c5fe0f587553a,CAM,73.0,798.4,780.9164826399538,8.078720250605345,1.9636643909104174,798.4,780.9164826399538,8.078720250605345,1.9636643909104174,nonce-06dbaa6708b77dc48aff,True,False,flood,True,0,"{""attack_ended_at"": 78.0, ""case_opened_at"": 26.0, ""lane_id"": ""g22_g21_0"", ""road_id"": ""g22_g21""}"
cam-1001-veh_010-000062-f1,cam-1001-veh_010-000062,case-grid-1001-veh_010-flood,root-06dbaa6708b77dc48affa396,1001,veh_010,ps-bf5c5fe0f587553a,CAM,73.0,798.4,780.9164826399538,8.078720250605345,1.9636643909104174,798.4,780.9164826399538,8.078720250605345,1.9636643909104174,nonce-06dbaa6708b77dc48aff,True,False,flood,True,1,"{""attack_ended_at"": 78.0, ""case_opened_at"": 26.0, ""lane_id"": ""g22_g21_0"", ""road_id"": ""g22_g21""}"
cam-1001-veh_010-000062-f2,cam-1001-veh_010-000062,case-grid-1001-veh_010-flood,root-06dbaa6708b77dc48affa396,1001,veh_010,ps-bf5c5fe0f587553a,CAM,73.0,798.4,780.9164826399538,8.078720250605345,1.9636643909104174,798.4,780.9164826399538,8.078720250605345,1.9636643909104174,nonce-06dbaa6708b77dc48aff,True,False,flood,True,2,"{""attack_ended_at"": 78.0, ""case_opened_at"": 26.0, ""lane_id"": ""g22_g21_0"", ""road_id"": ""g22_g21""}"
cam-1001-veh_010-000062-f3,cam-1001-veh_010-000062,case-grid-1001-veh_010-flood,root-06dbaa6708b77dc48affa396,1001,veh_010,ps-bf5c5fe0f587553a,CAM,73.0,798.4,780.9164826399538,8.078720250605345,1.9636643909104174,798.4,780.9164826399538,8.078720250605345,1.9636643909104174,nonce-06dbaa6708b77dc48aff,True,False,flood,True,3,"{""attack_ended_at"": 78.0, ""case_opened_at"": 26.0, ""lane_id"": ""g22_g21_0"", ""road_id"": ""g22_g21""}"
cam-1001-veh_010-000062-f4,cam-1001-veh_010-000062,case-grid-1001-veh_010-flood,root-06dbaa6708b77dc48affa396,1001,veh_010,ps-bf5c5fe0f587553a,CAM,73.0,798.4,780.9164826399538,8.078720250605345,1.9636643909104174,798.4,780.9164826399538,8.078720250605345,1.9636643909104174,nonce-06dbaa6708b77dc48aff,True,False,flood,True,4,"{""attack_ended_at"": 78.0, ""case_opened_at"": 26.0, ""lane_id"": ""g22_g21_0"", ""road_id"": ""g22_g21""}"
cam-1001-veh_011-000061,cam-1001-veh_011-000061,case-grid-1001-veh_011-benign,root-2829be95835038e0cd709e1a,1001,veh_011,ps-298210176c98c50a,CAM,73.0,793.0530979032072,801.6,5.972263163557544,-0.025860548098570746,793.0530979032072,801.6,5.972263163557544,-0.025860548098570746,nonce-2829be95835038e0cd70,True,False,benign,False,0,"{""attack_ended_at"": 73.0, ""case_opened_at"": 73.0, ""lane_id"": ""g22_g12_0"", ""road_id"": ""g22_g12""}"
cam-1001-veh_012-000060,cam-1001-veh_012-000060,case-grid-1001-veh_012-false_denm,root-7501ba6f312182233a09e31f,1001,veh_012,ps-a2d8503b0d2b7ea8,DENM,73.0,638.8199395442873,398.4,14.52182142873741,-0.2712662026891497,638.8199395442873,398.4,14.52182142873741,-0.2712662026891497,nonce-7501ba6f312182233a09,True,True,false_denm,True,0,"{""attack_ended_at"": 80.0, ""case_opened_at"": 28.0, ""lane_id"": ""g11_g21_0"", ""road_id"": ""g11_g21""}"
cam-1001-veh_013-000059,cam-1001-veh_013-000059,case-grid-1001-veh_013-benign,root-37ccb4acb5e17e2f8b6de7b7,1001,veh_013,ps-ffb1bac62aa27994,CAM,73.0,173.60940590107967,401.6,13.605520063271241,0.04690311918966472,173.60940590107967,401.6,13.605520063271241,0.04690311918966472,nonce-37ccb4acb5e17e2f8b6d,True,False,benign,False,0,"{""attack_ended_at"": 73.0, ""case_opened_at"": 73.0, ""lane_id"": ""g11_g01_0"", ""road_id"": ""g11_g01""}"
cam-1001-veh_015-000057,cam-1001-veh_015-000057,case-grid-1001-veh_015-benign,root-ed90608bf6200af42e7037ed,1001,veh_015,ps-43db3038c74a6947,CAM,73.0,398.4,48.80501949756791,12.906883750781514,-0.4093852175585937,398.4,48.80501949756791,12.906883750781514,-0.4093852175585937,nonce-ed90608bf6200af42e70,True,False,benign,False,0,"{""attack_ended_at"": 73.0, ""case_opened_at"": 73.0, ""lane_id"": ""g11_g10_0"", ""road_id"": ""g11_g10""}"
cam-1001-veh_016-000056,cam-1001-veh_016-000056,case-grid-1001-veh_016-benign,root-8090872b0728ef81af3b0d6e,1001,veh_016,ps-cbbef243035097ce,CAM,73.0,788.1046674297609,-1.6,6.009057014815005,1.0739024974539841,788.1046674297609,-1.6,6.009057014815005,1.0739024974539841,nonce-8090872b0728ef81af3b,True,False,benign,False,0,"{""attack_ended_at"": 73.0, ""case_opened_at"": 73.0, ""lane_id"": ""g10_g20_0"", ""road_id"": ""g10_g20""}"
cam-1001-veh_017-000055,cam-1001-veh_017-000055,case-grid-1001-veh_017-benign,root-adb28c8794956dce0aafed68,1001,veh_017,ps-c4cb9175e03371fc,CAM,73.0,798.4,13.874047150162369,12.93102322577242,-1.2535813681665662,798.4,13.874047150162369,12.93102322577242,-1.2535813681665662,nonce-adb28c8794956dce0aaf,True,False,benign,False,0,"{""attack_ended_at"": 73.0, ""case_opened_at"": 73.0, ""lane_id"": ""g21_g20_0"", ""road_id"": ""g21_g20""}"
cam-1001-veh_018-000054,cam-1001-veh_018-000054,case-grid-1001-veh_018-benign,root-0d6ece19bcc9a1134763b46a,1001,veh_018,ps-f5eb5907dca15325,CAM,73.0,732.5435276618956,798.4,13.064753315321022,-0.12017952170223012,732.5435276618956,798.4,13.064753315321022,-0.12017952170223012,nonce-0d6ece19bcc9a1134763,True,False,benign,False,0,"{""attack_ended_at"": 73.0, ""case_opened_at"": 73.0, ""lane_id"": ""g12_g22_0"", ""road_id"": ""g12_g22""}"
cam-1001-veh_019-000053,cam-1001-veh_019-000053,case-grid-1001-veh_019-benign,root-c4fdad58029ac1d4ed5b4ee5,1001,veh_019,ps-bfc295509368822d,CAM,73.0,801.6,752.5925212857198,13.825634283924982,-0.18359073144849525,801.6,752.5925212857198,13.825634283924982,-0.18359073144849525,nonce-c4fdad58029ac1d4ed5b,True,False,benign,False,0,"{""attack_ended_at"": 73.0, ""case_opened_at"": 73.0, ""lane_id"": ""g21_g22_0"", ""road_id"": ""g21_g22""}"
cam-1001-veh_020-000052,cam-1001-veh_020-000052,case-grid-1001-veh_020-benign,root-7b0a103a07f3a5505197fd11,1001,veh_020,ps-ebb98a241b250d58,CAM,73.0,590.4965520867146,398.4,13.116037531703801,0.5351441286457703,590.4965520867146,398.4,13.116037531703801,0.5351441286457703,nonce-7b0a103a07f3a5505197,True,False,benign,False,0,"{""attack_ended_at"": 73.0, ""case_opened_at"": 73.0, ""lane_id"": ""g11_g21_0"", ""road_id"": ""g11_g21""}"
cam-1001-veh_021-000051,cam-1001-veh_021-000051,case-grid-1001-veh_021-benign,root-e0ef72d2f1797e328932f3af,1001,veh_021,ps-c17e704b00a194fa,CAM,73.0,196.37003931277445,401.6,13.183495859691684,0.024145394746556192,196.37003931277445,401.6,13.183495859691684,0.024145394746556192,nonce-e0ef72d2f1797e328932,True,False,benign,False,0,"{""attack_ended_at"": 73.0, ""case_opened_at"": 73.0, ""lane_id"": ""g11_g01_0"", ""road_id"": ""g11_g01""}"
cam-1001-veh_022-000050,cam-1001-veh_022-000050,case-grid-1001-veh_022-benign,root-9249b8ca5c1cca590006f015,1001,veh_022,ps-37f1e0f2b964b078,CAM,73.0,401.6,770.8616744667779,13.110377479331472,-0.5932953135997945,401.6,770.8616744667779,13.110377479331472,-0.5932953135997945,nonce-9249b8ca5c1cca590006,True,False,benign,False,0,"{""attack_ended_at"": 73.0, ""case_opened_at"": 73.0, ""lane_id"": ""g11_g12_0"", ""road_id"": ""g11_g12""}"
cam-1001-veh_023-000049,cam-1001-veh_023-000049,case-grid-1001-veh_023-benign,root-d735fd9766f5c25819cb44a0,1001,veh_023,ps-88766211387813b1,CAM,73.0,398.4,134.5929875352441,13.366680114085682,-0.03426183788571535,398.4,134.5929875352441,13.366680114085682,-0.03426183788571535,nonce-d735fd9766f5c25819cb,True,False,benign,False,0,"{""attack_ended_at"": 73.0, ""case_opened_at"": 73.0, ""lane_id"": ""g11_g10_0"", ""road_id"": ""g11_g10""}"
cam-1001-veh_000-000073,cam-1001-veh_000-000073,case-grid-1001-veh_000-benign,root-5d41560468d7042db4c0a568,1001,veh_000,ps-0b6a8266609a146f,CAM,74.0,801.6,24.24534345573202,9.291018539557129,2.120206335913389,801.6,24.24534345573202,9.291018539557129,2.120206335913389,nonce-5d41560468d7042db4c0,True,False,benign,False,0,"{""attack_ended_at"": 74.0, ""case_opened_at"": 74.0, ""lane_id"": ""g20_g21_0"", ""road_id"": ""g20_g21""}"
cam-1001-veh_001-000072,cam-1001-veh_001-000072,case-grid-1001-veh_001-benign,root-dd44df660664991c9fe0316d,1001,veh_001,ps-11b4aa50327f89a0,CAM,74.0,709.6642147463095,1.6,12.785228508145943,0.28719063087366514,709.6642147463095,1.6,12.785228508145943,0.28719063087366514,nonce-dd44df660664991c9fe0,True,False,benign,False,0,"{""attack_ended_at"": 74.0, ""case_opened_at"": 74.0, ""lane_id"": ""g20_g10_0"", ""road_id"": ""g20_g10""}"
cam-1001-veh_002-000071,cam-1001-veh_002-000071,case-grid-1001-veh_002-benign,root-ab3dc22fd72cd43422e79604,1001,veh_002,ps-e0bc27433007a32c,CAM,74.0,798.4,737.8399986744745,12.854393667296828,0.12154131309594973,798.4,737.8399986744745,12.854393667296828,0.12154131309594973,nonce-ab3dc22fd72cd43422e7,True,False,benign,False,0,"{""attack_ended_at"": 74.0, ""case_opened_at"": 74.0, ""lane_id"": ""g22_g21_0"", ""road_id"": ""g22_g21""}"
cam-1001-veh_003-000070,cam-1001-veh_003-000070,case-grid-1001-veh_003-benign,root-beffd057a0b2c8fbbd5e8bb6,1001,veh_003,ps-13247f0afc865149,CAM,74.0,740.5169228560641,801.6,12.764877793424226,-0.01120836426503935,740.5169228560641,801.6,12.764877793424226,-0.01120836426503935,nonce-beffd057a0b2c8fbbd5e,True,False,benign,False,0,"{""attack_ended_at"": 74.0, ""case_opened_at"": 74.0, ""lane_id"": ""g22_g12_0"", ""road_id"": ""g22_g12""}"
cam-1001-veh_004-000069,cam-1001-veh_004-000069,case-grid-1001-veh_004-benign,root-d679febecd177985d66544c4,1001,veh_004,ps-b7dd5d779d6fb997,CAM,74.0,698.2190859427384,398.4,13.3373409913295,0.5983244987670329,698.2190859427384,398.4,13.3373409913295,0.5983244987670329,nonce-d679febecd177985d665,True,False,benign,False,0,"{""attack_ended_at"": 74.0, ""case_opened_at"": 74.0, ""lane_id"": ""g11_g21_0"", ""road_id"": ""g11_g21""}"
cam-1001-veh_005-000068,cam-1001-veh_005-000068,case-grid-1001-veh_005-benign,root-db1622a71db3c4cb9a820b74,1001,veh_005,ps-fedb1f4cae953d51,CAM,74.0,106.45716163953881,401.6,12.685674781167291,-0.127293222905136,106.45716163953881,401.6,12.685674781167291,-0.127293222905136,nonce-db1622a71db3c4cb9a82,True,False,benign,False,0,"{""attack_ended_at"": 74.0, ""case_opened_at"": 74.0, ""lane_id"": ""g11_g01_0"", ""road_id"": ""g11_g01""}"
cam-1001-veh_008-000065,cam-1001-veh_008-000065,case-grid-1001-veh_008-certificate_tamper,root-d3d006859fd66fc26d8b8f16,1001,veh_008,ps-0441a16dd8d22b44,CAM,74.0,801.6,6.209859329986624,6.728467050928249,2.160152577590198,801.6,6.209859329986624,6.728467050928249,2.160152577590198,nonce-d3d006859fd66fc26d8b,False,False,certificate_tamper,True,0,"{""attack_ended_at"": 76.0, ""case_opened_at"": 24.0, ""lane_id"": ""g20_g21_0"", ""road_id"": ""g20_g21""}"
cam-1001-veh_009-000064,cam-1001-veh_009-000064,case-grid-1001-veh_009-benign,root-67d39cf9359fa7cd6231e466,1001,veh_009,ps-8e3b87e1d6235c50,CAM,74.0,744.7809189295605,1.6,14.54689068746493,1.9457836173727436,744.7809189295605,1.6,14.54689068746493,1.9457836173727436,nonce-67d39cf9359fa7cd6231,True,False,benign,False,0,"{""attack_ended_at"": 74.0, ""case_opened_at"": 74.0, ""lane_id"": ""g20_g10_0"", ""road_id"": ""g20_g10""}"
cam-1001-veh_010-000063-f0,cam-1001-veh_010-000063,case-grid-1001-veh_010-flood,root-b5eb3a323264a152d0bdebe7,1001,veh_010,ps-bf5c5fe0f587553a,CAM,74.0,798.4,770.4470752686007,10.469407371353098,2.390687120747753,798.4,770.4470752686007,10.469407371353098,2.390687120747753,nonce-b5eb3a323264a152d0bd,True,False,flood,True,0,"{""attack_ended_at"": 78.0, ""case_opened_at"": 26.0, ""lane_id"": ""g22_g21_0"", ""road_id"": ""g22_g21""}"
cam-1001-veh_010-000063-f1,cam-1001-veh_010-000063,case-grid-1001-veh_010-flood,root-b5eb3a323264a152d0bdebe7,1001,veh_010,ps-bf5c5fe0f587553a,CAM,74.0,798.4,770.4470752686007,10.469407371353098,2.390687120747753,798.4,770.4470752686007,10.469407371353098,2.390687120747753,nonce-b5eb3a323264a152d0bd,True,False,flood,True,1,"{""attack_ended_at"": 78.0, ""case_opened_at"": 26.0, ""lane_id"": ""g22_g21_0"", ""road_id"": ""g22_g21""}"
cam-1001-veh_010-000063-f2,cam-1001-veh_010-000063,case-grid-1001-veh_010-flood,root-b5eb3a323264a152d0bdebe7,1001,veh_010,ps-bf5c5fe0f587553a,CAM,74.0,798.4,770.4470752686007,10.469407371353098,2.390687120747753,798.4,770.4470752686007,10.469407371353098,2.390687120747753,nonce-b5eb3a323264a152d0bd,True,False,flood,True,2,"{""attack_ended_at"": 78.0, ""case_opened_at"": 26.0, ""lane_id"": ""g22_g21_0"", ""road_id"": ""g22_g21""}"
cam-1001-veh_010-000063-f3,cam-1001-veh_010-000063,case-grid-1001-veh_010-flood,root-b5eb3a323264a152d0bdebe7,1001,veh_010,ps-bf5c5fe0f587553a,CAM,74.0,798.4,770.4470752686007,10.469407371353098,2.390687120747753,798.4,770.4470752686007,10.469407371353098,2.390687120747753,nonce-b5eb3a323264a152d0bd,True,False,flood,True,3,"{""attack_ended_at"": 78.0, ""case_opened_at"": 26.0, ""lane_id"": ""g22_g21_0"", ""road_id"": ""g22_g21""}"
cam-1001-veh_010-000063-f4,cam-1001-veh_010-000063,case-grid-1001-veh_010-flood,root-b5eb3a323264a152d0bdebe7,1001,veh_010,ps-bf5c5fe0f587553a,CAM,74.0,798.4,770.4470752686007,10.469407371353098,2.390687120747753,798.4,770.4470752686007,10.469407371353098,2.390687120747753,nonce-b5eb3a323264a152d0bd,True,False,flood,True,4,"{""attack_ended_at"": 78.0, ""case_opened_at"": 26.0, ""lane_id"": ""g22_g21_0"", ""road_id"": ""g22_g21""}"
cam-1001-veh_011-000062,cam-1001-veh_011-000062,case-grid-1001-veh_011-benign,root-629b9a6491b0fecde7f42ba1,1001,veh_011,ps-298210176c98c50a,CAM,74.0,785.2125428548445,801.6,7.84055504836262,1.8682918848050756,785.2125428548445,801.6,7.84055504836262,1.8682918848050756,nonce-629b9a6491b0fecde7f4,True,False,benign,False,0,"{""attack_ended_at"": 74.0, ""case_opened_at"": 74.0, ""lane_id"": ""g22_g12_0"", ""road_id"": ""g22_g12""}"
cam-1001-veh_012-000061,cam-1001-veh_012-000061,case-grid-1001-veh_012-false_denm,root-17a7fd84245979a3cec83899,1001,veh_012,ps-a2d8503b0d2b7ea8,CAM,74.0,653.4721102722758,398.4,14.652170727988512,0.13034929925110283,653.4721102722758,398.4,14.652170727988512,0.13034929925110283,nonce-17a7fd84245979a3cec8,True,False,false_denm,True,0,"{""attack_ended_at"": 80.0, ""case_opened_at"": 28.0, ""lane_id"": ""g11_g21_0"", ""road_id"": ""g11_g21""}"
cam-1001-veh_013-000060,cam-1001-veh_013-000060,case-grid-1001-veh_013-benign,root-acdf1c36889535b7ebb75e82,1001,veh_013,ps-ffb1bac62aa27994,CAM,74.0,160.5851847105345,401.6,13.024221190545202,-0.5812988727260393,160.5851847105345,401.6,13.024221190545202,-0.5812988727260393,nonce-acdf1c36889535b7ebb7,True,False,benign,False,0,"{""attack_ended_at"": 74.0, ""case_opened_at"": 74.0, ""lane_id"": ""g11_g01_0"", ""road_id"": ""g11_g01""}"
cam-1001-veh_015-000058,cam-1001-veh_015-000058,case-grid-1001-veh_015-benign,root-aa1d21dd1d0e052e15ba409c,1001,veh_015,ps-43db3038c74a6947,CAM,74.0,398.4,36.11549486583942,12.689524631728515,-0.21735911905299865,398.4,36.11549486583942,12.689524631728515,-0.21735911905299865,nonce-aa1d21dd1d0e052e15ba,True,False,benign,False,0,"{""attack_ended_at"": 74.0, ""case_opened_at"": 74.0, ""lane_id"": ""g11_g10_0"", ""road_id"": ""g11_g10""}"
cam-1001-veh_016-000057,cam-1001-veh_016-000057,case-grid-1001-veh_016-benign,root-ca447101195c6b8d2060e04c,1001,veh_016,ps-cbbef243035097ce,CAM,74.0,792.4360779964803,-1.6,4.3314105667193985,-1.6776464480956061,792.4360779964803,-1.6,4.3314105667193985,-1.6776464480956061,nonce-ca447101195c6b8d2060,True,False,benign,False,0,"{""attack_ended_at"": 74.0, ""case_opened_at"": 74.0, ""lane_id"": ""g10_g20_0"", ""road_id"": ""g10_g20""}"
cam-1001-veh_017-000056,cam-1001-veh_017-000056,case-grid-1001-veh_017-benign,root-3d12e0b971544c23a95d6308,1001,veh_017,ps-c4cb9175e03371fc,CAM,74.0,798.4,5.443023924389934,8.43102322577242,-4.5,798.4,5.443023924389934,8.43102322577242,-4.5,nonce-3d12e0b971544c23a95d,True,False,benign,False,0,"{""attack_ended_at"": 74.0, ""case_opened_at"": 74.0, ""lane_id"": ""g21_g20_0"", ""road_id"": ""g21_g20""}"
cam-1001-veh_018-000055,cam-1001-veh_018-000055,case-grid-1001-veh_018-benign,root-c0708b426be65e1252761732,1001,veh_018,ps-f5eb5907dca15325,CAM,74.0,746.035954318271,798.4,13.49242665637549,0.42767334105446864,746.035954318271,798.4,13.49242665637549,0.42767334105446864,nonce-c0708b426be65e125276,True,False,benign,False,0,"{""attack_ended_at"": 74.0, ""case_opened_at"": 74.0, ""lane_id"": ""g12_g22_0"", ""road_id"": ""g12_g22""}"
cam-1001-veh_019-000054,cam-1001-veh_019-000054,case-grid-1001-veh_019-benign,root-24fa5e898e0aea2deb91f2d6,1001,veh_019,ps-bfc295509368822d,CAM,74.0,801.6,766.7596033039654,14.16708201824552,0.3414477343205373,801.6,766.7596033039654,14.16708201824552,0.3414477343205373,nonce-24fa5e898e0aea2deb91,True,False,benign,False,0,"{""attack_ended_at"": 74.0, ""case_opened_at"": 74.0, ""lane_id"": ""g21_g22_0"", ""road_id"": ""g21_g22""}"
cam-1001-veh_020-000053,cam-1001-veh_020-000053,case-grid-1001-veh_020-benign,root-bd3401709053a5daff2c7d09,1001,veh_020,ps-ebb98a241b250d58,CAM,74.0,603.3857074562497,398.4,12.889155369535178,-0.22688216216862322,603.3857074562497,398.4,12.889155369535178,-0.22688216216862322,nonce-bd3401709053a5daff2c,True,False,benign,False,0,"{""attack_ended_at"": 74.0, ""case_opened_at"": 74.0, ""lane_id"": ""g11_g21_0"", ""road_id"": ""g11_g21""}"
cam-1001-veh_021-000052,cam-1001-veh_021-000052,case-grid-1001-veh_021-benign,root-39302eee3eb23fd46b22f90b,1001,veh_021,ps-c17e704b00a194fa,CAM,74.0,182.94848125919228,401.6,13.42155805358217,0.238062193890487,182.94848125919228,401.6,13.42155805358217,0.238062193890487,nonce-39302eee3eb23fd46b22,True,False,benign,False,0,"{""attack_ended_at"": 74.0, ""case_opened_at"": 74.0, ""lane_id"": ""g11_g01_0"", ""road_id"": ""g11_g01""}"
cam-1001-veh_022-000051,cam-1001-veh_022-000051,case-grid-1001-veh_022-benign,root-24a06d4938bf70f2c4d0e00d,1001,veh_022,ps-37f1e0f2b964b078,CAM,74.0,401.6,786.1910347725482,15.329360305770203,2.2189828264387312,401.6,786.1910347725482,15.329360305770203,2.2189828264387312,nonce-24a06d4938bf70f2c4d0,True,False,benign,False,0,"{""attack_ended_at"": 74.0, ""case_opened_at"": 74.0, ""lane_id"": ""g11_g12_0"", ""road_id"": ""g11_g12""}"
cam-1001-veh_023-000050,cam-1001-veh_023-000050,case-grid-1001-veh_023-benign,root-99dc8a4819ea83a1b7039067,1001,veh_023,ps-88766211387813b1,CAM,74.0,398.4,121.51491405392937,13.07807348131471,-0.2886066327709713,398.4,121.51491405392937,13.07807348131471,-0.2886066327709713,nonce-99dc8a4819ea83a1b703,True,False,benign,False,0,"{""attack_ended_at"": 74.0, ""case_opened_at"": 74.0, ""lane_id"": ""g11_g10_0"", ""road_id"": ""g11_g10""}"
cam-1001-veh_000-000074,cam-1001-veh_000-000074,case-grid-1001-veh_000-benign,root-26f1ac4750ddce67594bd8a7,1001,veh_000,ps-0b6a8266609a146f,CAM,75.0,801.6,35.796112113637896,11.550768657905875,2.2597501183487463,801.6,35.796112113637896,11.550768657905875,2.2597501183487463,nonce-26f1ac4750ddce67594b,True,False,benign,False,0,"{""attack_ended_at"": 75.0, ""case_opened_at"": 75.0, ""lane_id"": ""g20_g21_0"", ""road_id"": ""g20_g21""}"
cam-1001-veh_001-000073,cam-1001-veh_001-000073,case-grid-1001-veh_001-benign,root-9eff59ac0725de524e95cb73,1001,veh_001,ps-11b4aa50327f89a0,CAM,75.0,697.2153987417572,1.6,12.448816004552341,-0.33641250359360164,697.2153987417572,1.6,12.448816004552341,-0.33641250359360164,nonce-9eff59ac0725de524e95,True,False,benign,False,0,"{""attack_ended_at"": 75.0, ""case_opened_at"": 75.0, ""lane_id"": ""g20_g10_0"", ""road_id"": ""g20_g10""}"
cam-1001-veh_002-000072,cam-1001-veh_002-000072,case-grid-1001-veh_002-benign,root-e473c89cf0d49855da3fd349,1001,veh_002,ps-e0bc27433007a32c,CAM,75.0,798.4,725.3916803707792,12.448318303695268,-0.40607536360155905,798.4,725.3916803707792,12.448318303695268,-0.40607536360155905,nonce-e473c89cf0d49855da3f,True,False,benign,False,0,"{""attack_ended_at"": 75.0, ""case_opened_at"": 75.0, ""lane_id"": ""g22_g21_0"", ""road_id"": ""g22_g21""}"
cam-1001-veh_003-000071,cam-1001-veh_003-000071,case-grid-1001-veh_003-benign,root-24e1f1a4ea69e6f0238d9d7b,1001,veh_003,ps-13247f0afc865149,CAM,75.0,727.7305619950444,801.6,12.786360861019626,0.02148306759539942,727.7305619950444,801.6,12.786360861019626,0.02148306759539942,nonce-24e1f1a4ea69e6f0238d,True,False,benign,False,0,"{""attack_ended_at"": 75.0, ""case_opened_at"": 75.0, ""lane_id"": ""g22_g12_0"", ""road_id"": ""g22_g12""}"
cam-1001-veh_004-000070,cam-1001-veh_004-000070,case-grid-1001-veh_004-benign,root-94eeb3d15ee9833af64cbc24,1001,veh_004,ps-b7dd5d779d6fb997,CAM,75.0,710.8757542064914,398.4,12.656668263753042,-0.6806727275764572,710.8757542064914,398.4,12.656668263753042,-0.6806727275764572,nonce-94eeb3d15ee9833af64c,True,False,benign,False,0,"{""attack_ended_at"": 75.0, ""case_opened_at"": 75.0, ""lane_id"": ""g11_g21_0"", ""road_id"": ""g11_g21""}"
cam-1001-veh_005-000069,cam-1001-veh_005-000069,case-grid-1001-veh_005-benign,root-87cb1f88f8ceff7c7a4c5074,1001,veh_005,ps-fedb1f4cae953d51,CAM,75.0,93.82729723259331,401.6,12.629864406945526,-0.05581037422176571,93.82729723259331,401.6,12.629864406945526,-0.05581037422176571,nonce-87cb1f88f8ceff7c7a4c,True,False,benign,False,0,"{""attack_ended_at"": 75.0, ""case_opened_at"": 75.0, ""lane_id"": ""g11_g01_0"", ""road_id"": ""g11_g01""}"
cam-1001-veh_008-000066,cam-1001-veh_008-000066,case-grid-1001-veh_008-certificate_tamper,root-1d5337ed2f6b9714c41d0bd0,1001,veh_008,ps-0441a16dd8d22b44,CAM,75.0,801.6,15.065211685943282,8.855352355956658,2.1268853050284084,801.6,15.065211685943282,8.855352355956658,2.1268853050284084,nonce-1d5337ed2f6b9714c41d,False,False,certificate_tamper,True,0,"{""attack_ended_at"": 76.0, ""case_opened_at"": 24.0, ""lane_id"": ""g20_g21_0"", ""road_id"": ""g20_g21""}"
cam-1001-veh_009-000065,cam-1001-veh_009-000065,case-grid-1001-veh_009-benign,root-b69e4fbefe0c306511b9e303,1001,veh_009,ps-8e3b87e1d6235c50,CAM,75.0,730.2423178646343,1.6,14.538601064926208,-0.008289622538722341,730.2423178646343,1.6,14.538601064926208,-0.008289622538722341,nonce-b69e4fbefe0c306511b9,True,False,benign,False,0,"{""attack_ended_at"": 75.0, ""case_opened_at"": 75.0, ""lane_id"": ""g20_g10_0"", ""road_id"": ""g20_g10""}"
cam-1001-veh_010-000064-f0,cam-1001-veh_010-000064,case-grid-1001-veh_010-flood,root-c0a931d074b32a05c7754787,1001,veh_010,ps-bf5c5fe0f587553a,CAM,75.0,798.4,757.5855873713474,12.861487897253335,2.392080525900237,798.4,757.5855873713474,12.861487897253335,2.392080525900237,nonce-c0a931d074b32a05c775,True,False,flood,True,0,"{""attack_ended_at"": 78.0, ""case_opened_at"": 26.0, ""lane_id"": ""g22_g21_0"", ""road_id"": ""g22_g21""}"
cam-1001-veh_010-000064-f1,cam-1001-veh_010-000064,case-grid-1001-veh_010-flood,root-c0a931d074b32a05c7754787,1001,veh_010,ps-bf5c5fe0f587553a,CAM,75.0,798.4,757.5855873713474,12.861487897253335,2.392080525900237,798.4,757.5855873713474,12.861487897253335,2.392080525900237,nonce-c0a931d074b32a05c775,True,False,flood,True,1,"{""attack_ended_at"": 78.0, ""case_opened_at"": 26.0, ""lane_id"": ""g22_g21_0"", ""road_id"": ""g22_g21""}"
cam-1001-veh_010-000064-f2,cam-1001-veh_010-000064,case-grid-1001-veh_010-flood,root-c0a931d074b32a05c7754787,1001,veh_010,ps-bf5c5fe0f587553a,CAM,75.0,798.4,757.5855873713474,12.861487897253335,2.392080525900237,798.4,757.5855873713474,12.861487897253335,2.392080525900237,nonce-c0a931d074b32a05c775,True,False,flood,True,2,"{""attack_ended_at"": 78.0, ""case_opened_at"": 26.0, ""lane_id"": ""g22_g21_0"", ""road_id"": ""g22_g21""}"
cam-1001-veh_010-000064-f3,cam-1001-veh_010-000064,case-grid-1001-veh_010-flood,root-c0a931d074b32a05c7754787,1001,veh_010,ps-bf5c5fe0f587553a,CAM,75.0,798.4,757.5855873713474,12.861487897253335,2.392080525900237,798.4,757.5855873713474,12.861487897253335,2.392080525900237,nonce-c0a931d074b32a05c775,True,False,flood,True,3,"{""attack_ended_at"": 78.0, ""case_opened_at"": 26.0, ""lane_id"": ""g22_g21_0"", ""road_id"": ""g22_g21""}"
cam-1001-veh_010-000064-f4,cam-1001-veh_010-000064,case-grid-1001-veh_010-flood,root-c0a931d074b32a05c7754787,1001,veh_010,ps-bf5c5fe0f587553a,CAM,75.0,798.4,757.5855873713474,12.861487897253335,2.392080525900237,798.4,757.5855873713474,12.861487897253335,2.392080525900237,nonce-c0a931d074b32a05c775,True,False,flood,True,4,"{""attack_ended_at"": 78.0, ""case_opened_at"": 26.0, ""lane_id"": ""g22_g21_0"", ""road_id"": ""g22_g21""}"
cam-1001-veh_011-000063,cam-1001-veh_011-000063,case-grid-1001-veh_011-benign,root-e6746ca78c3817990ceb1e78,1001,veh_011,ps-298210176c98c50a,CAM,75.0,775.4492339926657,801.6,9.763308862178855,1.922753813816235,775.4492339926657,801.6,9.763308862178855,1.922753813816235,nonce-e6746ca78c3817990ceb,True,False,benign,False,0,"{""attack_ended_at"": 75.0, ""case_opened_at"": 75.0, ""lane_id"": ""g22_g12_0"", ""road_id"": ""g22_g12""}"
cam-1001-veh_012-000062,cam-1001-veh_012-000062,case-grid-1001-veh_012-false_denm,root-9e4998ad5cd5efc6e021130d,1001,veh_012,ps-a2d8503b0d2b7ea8,CAM,75.0,667.8084413494564,398.4,14.33633107718061,-0.3158396508079022,667.8084413494564,398.4,14.33633107718061,-0.3158396508079022,nonce-9e4998ad5cd5efc6e021,True,False,false_denm,True,0,"{""attack_ended_at"": 80.0, ""case_opened_at"": 28.0, ""lane_id"": ""g11_g21_0"", ""road_id"": ""g11_g21""}"
cam-1001-veh_013-000061,cam-1001-veh_013-000061,case-grid-1001-veh_013-benign,root-28c2f1d8dd0b9af0fac47798,1001,veh_013,ps-ffb1bac62aa27994,CAM,75.0,147.4302257289279,401.6,13.154958981606603,0.13073779106140115,147.4302257289279,401.6,13.154958981606603,0.13073779106140115,nonce-28c2f1d8dd0b9af0fac4,True,False,benign,False,0,"{""attack_ended_at"": 75.0, ""case_opened_at"": 75.0, ""lane_id"": ""g11_g01_0"", ""road_id"": ""g11_g01""}"
cam-1001-veh_015-000059,cam-1001-veh_015-000059,case-grid-1001-veh_015-benign,root-9b5402e04866b151b87dc6b6,1001,veh_015,ps-43db3038c74a6947,CAM,75.0,398.4,22.924210244891185,13.191284620948233,0.5017599892197175,398.4,22.924210244891185,13.191284620948233,0.5017599892197175,nonce-9b5402e04866b151b87d,True,False,benign,False,0,"{""attack_ended_at"": 75.0, ""case_opened_at"": 75.0, ""lane_id"": ""g11_g10_0"", ""road_id"": ""g11_g10""}"
cam-1001-veh_016-000058,cam-1001-veh_016-000058,case-grid-1001-veh_016-benign,root-197f2170dd81673c9c0ca493,1001,veh_016,ps-cbbef243035097ce,CAM,75.0,799.1611614256768,-1.1433031445939057,6.789426536520161,2.458015969800763,799.1611614256768,-1.1433031445939057,6.789426536520161,2.458015969800763,nonce-197f2170dd81673c9c0c,True,False,benign,False,0,"{""attack_ended_at"": 75.0, ""case_opened_at"": 75.0, ""lane_id"": "":g20_1_0"", ""road_id"": "":g20_1""}"
cam-1001-veh_017-000057,cam-1001-veh_017-000057,case-grid-1001-veh_017-benign,root-79daac25154f02030645e822,1001,veh_017,ps-c4cb9175e03371fc,CAM,75.0,797.6586649813928,1.795198988835651,3.931023225772419,-4.5,797.6586649813928,1.795198988835651,3.931023225772419,-4.5,nonce-79daac25154f02030645,True,False,benign,False,0,"{""attack_ended_at"": 75.0, ""case_opened_at"": 75.0, ""lane_id"": "":g20_0_0"", ""road_id"": "":g20_0""}"
cam-1001-veh_018-000056,cam-1001-veh_018-000056,case-grid-1001-veh_018-benign,root-dd753c6103c0f7919906e551,1001,veh_018,ps-f5eb5907dca15325,CAM,75.0,759.0987567987842,798.4,13.062802480513081,-0.42962417586240953,759.0987567987842,798.4,13.062802480513081,-0.42962417586240953,nonce-dd753c6103c0f7919906,True,False,benign,False,0,"{""attack_ended_at"": 75.0, ""case_opened_at"": 75.0, ""lane_id"": ""g12_g22_0"", ""road_id"": ""g12_g22""}"
cam-1001-veh_019-000055,cam-1001-veh_019-000055,case-grid-1001-veh_019-benign,root-7d8f3a468e2951adfe7a6d8e,1001,veh_019,ps-bfc295509368822d,CAM,75.0,801.6,780.9796224859867,14.220019182021305,0.052937163775785834,801.6,780.9796224859867,14.220019182021305,0.052937163775785834,nonce-7d8f3a468e2951adfe7a,True,False,benign,False,0,"{""attack_ended_at"": 75.0, ""case_opened_at"": 75.0, ""lane_id"": ""g21_g22_0"", ""road_id"": ""g21_g22""}"
cam-1001-veh_020-000054,cam-1001-veh_020-000054,case-grid-1001-veh_020-benign,root-14b101b3a5778c7ae34abd29,1001,veh_020,ps-ebb98a241b250d58,CAM,75.0,616.4050231280532,398.4,13.01931567180352,0.13016030226834197,616.4050231280532,398.4,13.01931567180352,0.13016030226834197,nonce-14b101b3a5778c7ae34a,True,False,benign,False,0,"{""attack_ended_at"": 75.0, ""case_opened_at"": 75.0, ""lane_id"": ""g11_g21_0"", ""road_id"": ""g11_g21""}"
cam-1001-veh_021-000053,cam-1001-veh_021-000053,case-grid-1001-veh_021-benign,root-85d1954de5606729c35279d8,1001,veh_021,ps-c17e704b00a194fa,CAM,75.0,169.90950129693934,401.6,13.038979962252926,-0.38257809132924514,169.90950129693934,401.6,13.038979962252926,-0.38257809132924514,nonce-85d1954de5606729c352,True,False,benign,False,0,"{""attack_ended_at"": 75.0, ""case_opened_at"": 75.0, ""lane_id"": ""g11_g01_0"", ""road_id"": ""g11_g01""}"
cam-1001-veh_023-000051,cam-1001-veh_023-000051,case-grid-1001-veh_023-benign,root-7222669a65e0e77764285c91,1001,veh_023,ps-88766211387813b1,CAM,75.0,398.4,107.8995820096801,13.615332044249296,0.5372585629345856,398.4,107.8995820096801,13.615332044249296,0.5372585629345856,nonce-7222669a65e0e7776428,True,False,benign,False,0,"{""attack_ended_at"": 75.0, ""case_opened_at"": 75.0, ""lane_id"": ""g11_g10_0"", ""road_id"": ""g11_g10""}"
cam-1001-veh_000-000075,cam-1001-veh_000-000075,case-grid-1001-veh_000-benign,root-4b5fdb9e13fe4507d0d17d17,1001,veh_000,ps-0b6a8266609a146f,CAM,76.0,801.6,47.57147953417949,11.775367420541594,0.22459876263571843,801.6,47.57147953417949,11.775367420541594,0.22459876263571843,nonce-4b5fdb9e13fe4507d0d1,True,False,benign,False,0,"{""attack_ended_at"": 76.0, ""case_opened_at"": 76.0, ""lane_id"": ""g20_g21_0"", ""road_id"": ""g20_g21""}"
cam-1001-veh_001-000074,cam-1001-veh_001-000074,case-grid-1001-veh_001-benign,root-55ad7492749ee065ef79ad35,1001,veh_001,ps-11b4aa50327f89a0,CAM,76.0,684.4933271982877,1.6,12.72207154346949,0.27325553891714804,684.4933271982877,1.6,12.72207154346949,0.27325553891714804,nonce-55ad7492749ee065ef79,True,False,benign,False,0,"{""attack_ended_at"": 76.0, ""case_opened_at"": 76.0, ""lane_id"": ""g20_g10_0"", ""road_id"": ""g20_g10""}"
cam-1001-veh_002-000073,cam-1001-veh_002-000073,case-grid-1001-veh_002-benign,root-aded69a4e8d3f71aada91e6c,1001,veh_002,ps-e0bc27433007a32c,CAM,76.0,798.4,713.1397147228738,12.251965647905454,-0.19635265578981453,798.4,713.1397147228738,12.251965647905454,-0.19635265578981453,nonce-aded69a4e8d3f71aada9,True,False,benign,False,0,"{""attack_ended_at"": 76.0, ""case_opened_at"": 76.0, ""lane_id"": ""g22_g21_0"", ""road_id"": ""g22_g21""}"
cam-1001-veh_003-000072,cam-1001-veh_003-000072,case-grid-1001-veh_003-benign,root-1434bb01185bf906d24694b3,1001,veh_003,ps-13247f0afc865149,CAM,76.0,715.3511097593565,801.6,12.37945223568792,-0.406908625331706,715.3511097593565,801.6,12.37945223568792,-0.406908625331706,nonce-1434bb01185bf906d246,True,False,benign,False,0,"{""attack_ended_at"": 76.0, ""case_opened_at"": 76.0, ""lane_id"": ""g22_g12_0"", ""road_id"": ""g22_g12""}"
cam-1001-veh_004-000071,cam-1001-veh_004-000071,case-grid-1001-veh_004-benign,root-cb92f4cf86b8f89d4884e0cf,1001,veh_004,ps-b7dd5d779d6fb997,CAM,76.0,723.548892141831,398.4,12.673137935339572,0.016469671586529344,723.548892141831,398.4,12.673137935339572,0.016469671586529344,nonce-cb92f4cf86b8f89d4884,True,False,benign,False,0,"{""attack_ended_at"": 76.0, ""case_opened_at"": 76.0, ""lane_id"": ""g11_g21_0"", ""road_id"": ""g11_g21""}"
cam-1001-veh_005-000070,cam-1001-veh_005-000070,case-grid-1001-veh_005-benign,root-0b5089e39a9af96cf44b6a13,1001,veh_005,ps-fedb1f4cae953d51,CAM,76.0,81.13112583431746,401.6,12.696171398275874,0.06630699133034845,81.13112583431746,401.6,12.696171398275874,0.06630699133034845,nonce-0b5089e39a9af96cf44b,True,False,benign,False,0,"{""attack_ended_at"": 76.0, ""case_opened_at"": 76.0, ""lane_id"": ""g11_g01_0"", ""road_id"": ""g11_g01""}"
cam-1001-veh_008-000067,cam-1001-veh_008-000067,case-grid-1001-veh_008-certificate_tamper,root-941ff4436a4ac2cecfe8ee98,1001,veh_008,ps-0441a16dd8d22b44,CAM,76.0,801.6,25.97524786469848,10.9100361787552,2.054683822798543,801.6,25.97524786469848,10.9100361787552,2.054683822798543,nonce-941ff4436a4ac2cecfe8,False,False,certificate_tamper,True,0,"{""attack_ended_at"": 76.0, ""case_opened_at"": 24.0, ""lane_id"": ""g20_g21_0"", ""road_id"": ""g20_g21""}"
cam-1001-veh_009-000066,cam-1001-veh_009-000066,case-grid-1001-veh_009-benign,root-2974ed16494e41dada35cfd5,1001,veh_009,ps-8e3b87e1d6235c50,CAM,76.0,715.9948408779483,1.6,14.247476986685962,-0.2911240782402462,715.9948408779483,1.6,14.247476986685962,-0.2911240782402462,nonce-2974ed16494e41dada35,True,False,benign,False,0,"{""attack_ended_at"": 76.0, ""case_opened_at"": 76.0, ""lane_id"": ""g20_g10_0"", ""road_id"": ""g20_g10""}"
cam-1001-veh_010-000065-f0,cam-1001-veh_010-000065,case-grid-1001-veh_010-flood,root-7d481c07894e8af4107d0ff4,1001,veh_010,ps-bf5c5fe0f587553a,CAM,76.0,798.4,742.4089262149727,15.176661156374701,2.315173259121366,798.4,742.4089262149727,15.176661156374701,2.315173259121366,nonce-7d481c07894e8af4107d,True,False,flood,True,0,"{""attack_ended_at"": 78.0, ""case_opened_at"": 26.0, ""lane_id"": ""g22_g21_0"", ""road_id"": ""g22_g21""}"
cam-1001-veh_010-000065-f1,cam-1001-veh_010-000065,case-grid-1001-veh_010-flood,root-7d481c07894e8af4107d0ff4,1001,veh_010,ps-bf5c5fe0f587553a,CAM,76.0,798.4,742.4089262149727,15.176661156374701,2.315173259121366,798.4,742.4089262149727,15.176661156374701,2.315173259121366,nonce-7d481c07894e8af4107d,True,False,flood,True,1,"{""attack_ended_at"": 78.0, ""case_opened_at"": 26.0, ""lane_id"": ""g22_g21_0"", ""road_id"": ""g22_g21""}"
cam-1001-veh_010-000065-f2,cam-1001-veh_010-000065,case-grid-1001-veh_010-flood,root-7d481c07894e8af4107d0ff4,1001,veh_010,ps-bf5c5fe0f587553a,CAM,76.0,798.4,742.4089262149727,15.176661156374701,2.315173259121366,798.4,742.4089262149727,15.176661156374701,2.315173259121366,nonce-7d481c07894e8af4107d,True,False,flood,True,2,"{""attack_ended_at"": 78.0, ""case_opened_at"": 26.0, ""lane_id"": ""g22_g21_0"", ""road_id"": ""g22_g21""}"
cam-1001-veh_010-000065-f3,cam-1001-veh_010-000065,case-grid-1001-veh_010-flood,root-7d481c07894e8af4107d0ff4,1001,veh_010,ps-bf5c5fe0f587553a,CAM,76.0,798.4,742.4089262149727,15.176661156374701,2.315173259121366,798.4,742.4089262149727,15.176661156374701,2.315173259121366,nonce-7d481c07894e8af4107d,True,False,flood,True,3,"{""attack_ended_at"": 78.0, ""case_opened_at"": 26.0, ""lane_id"": ""g22_g21_0"", ""road_id"": ""g22_g21""}"
cam-1001-veh_010-000065-f4,cam-1001-veh_010-000065,case-grid-1001-veh_010-flood,root-7d481c07894e8af4107d0ff4,1001,veh_010,ps-bf5c5fe0f587553a,CAM,76.0,798.4,742.4089262149727,15.176661156374701,2.315173259121366,798.4,742.4089262149727,15.176661156374701,2.315173259121366,nonce-7d481c07894e8af4107d,True,False,flood,True,4,"{""attack_ended_at"": 78.0, ""case_opened_at"": 26.0, ""lane_id"": ""g22_g21_0"", ""road_id"": ""g22_g21""}"
cam-1001-veh_011-000064,cam-1001-veh_011-000064,case-grid-1001-veh_011-benign,root-7bfc0679c712d4bc9f2746fc,1001,veh_011,ps-298210176c98c50a,CAM,76.0,763.6445177675331,801.6,11.804716225132614,2.041407362953759,763.6445177675331,801.6,11.804716225132614,2.041407362953759,nonce-7bfc0679c712d4bc9f27,True,False,benign,False,0,"{""attack_ended_at"": 76.0, ""case_opened_at"": 76.0, ""lane_id"": ""g22_g12_0"", ""road_id"": ""g22_g12""}"
cam-1001-veh_012-000063,cam-1001-veh_012-000063,case-grid-1001-veh_012-false_denm,root-16797d61c5c26df286207659,1001,veh_012,ps-a2d8503b0d2b7ea8,CAM,76.0,682.2803152389797,398.4,14.471873889523366,0.13554281234275578,682.2803152389797,398.4,14.471873889523366,0.13554281234275578,nonce-16797d61c5c26df28620,True,False,false_denm,True,0,"{""attack_ended_at"": 80.0, ""case_opened_at"": 28.0, ""lane_id"": ""g11_g21_0"", ""road_id"": ""g11_g21""}"
cam-1001-veh_013-000062,cam-1001-veh_013-000062,case-grid-1001-veh_013-benign,root-56276fc87ebab6b7c729d16b,1001,veh_013,ps-ffb1bac62aa27994,CAM,76.0,133.75927226281755,401.6,13.670953466110356,0.5159944845037536,133.75927226281755,401.6,13.670953466110356,0.5159944845037536,nonce-56276fc87ebab6b7c729,True,False,benign,False,0,"{""attack_ended_at"": 76.0, ""case_opened_at"": 76.0, ""lane_id"": ""g11_g01_0"", ""road_id"": ""g11_g01""}"
cam-1001-veh_015-000060,cam-1001-veh_015-000060,case-grid-1001-veh_015-benign,root-2b30147a121900c95a79d5e3,1001,veh_015,ps-43db3038c74a6947,CAM,76.0,398.4,10.195705939045979,12.728504305845224,-0.462780315103009,398.4,10.195705939045979,12.728504305845224,-0.462780315103009,nonce-2b30147a121900c95a79,True,False,benign,False,0,"{""attack_ended_at"": 76.0, ""case_opened_at"": 76.0, ""lane_id"": ""g11_g10_0"", ""road_id"": ""g11_g10""}"
cam-1001-veh_016-000059,cam-1001-veh_016-000059,case-grid-1001-veh_016-benign,root-5aeaa6002311c4e00a9988fd,1001,veh_016,ps-cbbef243035097ce,CAM,76.0,801.6,4.604298401640906,6.718793868640357,-0.0706326678798046,801.6,4.604298401640906,6.718793868640357,-0.0706326678798046,nonce-5aeaa6002311c4e00a99,True,False,benign,False,0,"{""attack_ended_at"": 76.0, ""case_opened_at"": 76.0, ""lane_id"": ""g20_g21_0"", ""road_id"": ""g20_g21""}"
cam-1001-veh_017-000058,cam-1001-veh_017-000058,case-grid-1001-veh_017-benign,root-301294dc050b2015d8dcb76c,1001,veh_017,ps-c4cb9175e03371fc,CAM,76.0,794.2411029721616,1.6,3.450897726455927,-0.4801254993164923,794.2411029721616,1.6,3.450897726455927,-0.4801254993164923,nonce-301294dc050b2015d8dc,True,False,benign,False,0,"{""attack_ended_at"": 76.0, ""case_opened_at"": 76.0, ""lane_id"": ""g20_g10_0"", ""road_id"": ""g20_g10""}"
cam-1001-veh_018-000057,cam-1001-veh_018-000057,case-grid-1001-veh_018-benign,root-996f2b0c6f53202d483b02a2,1001,veh_018,ps-f5eb5907dca15325,CAM,76.0,772.8480031429667,798.4,13.749246344182492,0.6864438636694103,772.8480031429667,798.4,13.749246344182492,0.6864438636694103,nonce-996f2b0c6f53202d483b,True,False,benign,False,0,"{""attack_ended_at"": 76.0, ""case_opened_at"": 76.0, ""lane_id"": ""g12_g22_0"", ""road_id"": ""g12_g22""}"
cam-1001-veh_019-000056,cam-1001-veh_019-000056,case-grid-1001-veh_019-benign,root-7154013da00f2824b63de52a,1001,veh_019,ps-bfc295509368822d,CAM,76.0,801.6,791.7034852585034,10.72386277251669,-3.496156409504616,801.6,791.7034852585034,10.72386277251669,-3.496156409504616,nonce-7154013da00f2824b63d,True,False,benign,False,0,"{""attack_ended_at"": 76.0, ""case_opened_at"": 76.0, ""lane_id"": ""g21_g22_0"", ""road_id"": ""g21_g22""}"
cam-1001-veh_020-000055,cam-1001-veh_020-000055,case-grid-1001-veh_020-benign,root-df41f35369453b5d8f04a684,1001,veh_020,ps-ebb98a241b250d58,CAM,76.0,629.3382984233762,398.4,12.93327529532285,-0.08604037648066942,629.3382984233762,398.4,12.93327529532285,-0.08604037648066942,nonce-df41f35369453b5d8f04,True,False,benign,False,0,"{""attack_ended_at"": 76.0, ""case_opened_at"": 76.0, ""lane_id"": ""g11_g21_0"", ""road_id"": ""g11_g21""}"
cam-1001-veh_021-000054,cam-1001-veh_021-000054,case-grid-1001-veh_021-benign,root-57392961c3c7a9215f5fe95b,1001,veh_021,ps-c17e704b00a194fa,CAM,76.0,156.4442635001526,401.6,13.465237796786743,0.4262578345338177,156.4442635001526,401.6,13.465237796786743,0.4262578345338177,nonce-57392961c3c7a9215f5f,True,False,benign,False,0,"{""attack_ended_at"": 76.0, ""case_opened_at"": 76.0, ""lane_id"": ""g11_g01_0"", ""road_id"": ""g11_g01""}"
cam-1001-veh_023-000052,cam-1001-veh_023-000052,case-grid-1001-veh_023-benign,root-6df2af3b45abf2ca38617b4a,1001,veh_023,ps-88766211387813b1,CAM,76.0,398.4,94.73337763408534,13.16620437559475,-0.4491276686545458,398.4,94.73337763408534,13.16620437559475,-0.4491276686545458,nonce-6df2af3b45abf2ca3861,True,False,benign,False,0,"{""attack_ended_at"": 76.0, ""case_opened_at"": 76.0, ""lane_id"": ""g11_g10_0"", ""road_id"": ""g11_g10""}"
cam-1001-veh_000-000076,cam-1001-veh_000-000076,case-grid-1001-veh_000-benign,root-ffb24e3478b3d8bb80f1419f,1001,veh_000,ps-0b6a8266609a146f,CAM,77.0,801.6,58.994123081700934,11.422643547521444,-0.3527238730201496,801.6,58.994123081700934,11.422643547521444,-0.3527238730201496,nonce-ffb24e3478b3d8bb80f1,True,False,benign,False,0,"{""attack_ended_at"": 77.0, ""case_opened_at"": 77.0, ""lane_id"": ""g20_g21_0"", ""road_id"": ""g20_g21""}"
cam-1001-veh_001-000075,cam-1001-veh_001-000075,case-grid-1001-veh_001-benign,root-82e806336efd1a2f66f43d4a,1001,veh_001,ps-11b4aa50327f89a0,CAM,77.0,671.7384942539733,1.6,12.75483294431439,0.03276140084490109,671.7384942539733,1.6,12.75483294431439,0.03276140084490109,nonce-82e806336efd1a2f66f4,True,False,benign,False,0,"{""attack_ended_at"": 77.0, ""case_opened_at"": 77.0, ""lane_id"": ""g20_g10_0"", ""road_id"": ""g20_g10""}"
cam-1001-veh_002-000074,cam-1001-veh_002-000074,case-grid-1001-veh_002-benign,root-4a8b0c073a82a0ee63e78ceb,1001,veh_002,ps-e0bc27433007a32c,CAM,77.0,798.4,700.9558887021484,12.183826020725393,-0.06813962718006117,798.4,700.9558887021484,12.183826020725393,-0.06813962718006117,nonce-4a8b0c073a82a0ee63e7,True,False,benign,False,0,"{""attack_ended_at"": 77.0, ""case_opened_at"": 77.0, ""lane_id"": ""g22_g21_0"", ""road_id"": ""g22_g21""}"
cam-1001-veh_003-000073,cam-1001-veh_003-000073,case-grid-1001-veh_003-benign,root-396e8b44a22b0bbf6937a5a2,1001,veh_003,ps-13247f0afc865149,CAM,77.0,702.7790877130788,801.6,12.572022046277695,0.19256981058977551,702.7790877130788,801.6,12.572022046277695,0.19256981058977551,nonce-396e8b44a22b0bbf6937,True,False,benign,False,0,"{""attack_ended_at"": 77.0, ""case_opened_at"": 77.0, ""lane_id"": ""g22_g12_0"", ""road_id"": ""g22_g12""}"
cam-1001-veh_004-000072,cam-1001-veh_004-000072,case-grid-1001-veh_004-benign,root-09edec38c48e0c98192f4f3f,1001,veh_004,ps-b7dd5d779d6fb997,CAM,77.0,736.5502254337622,398.4,13.001333291931175,0.32819535659160337,736.5502254337622,398.4,13.001333291931175,0.32819535659160337,nonce-09edec38c48e0c98192f,True,False,benign,False,0,"{""attack_ended_at"": 77.0, ""case_opened_at"": 77.0, ""lane_id"": ""g11_g21_0"", ""road_id"": ""g11_g21""}"
cam-1001-veh_005-000071,cam-1001-veh_005-000071,case-grid-1001-veh_005-benign,root-6d16f81e3f1384e2fd3969ba,1001,veh_005,ps-fedb1f4cae953d51,CAM,77.0,67.91677734255063,401.6,13.214348491766833,0.5181770934909586,67.91677734255063,401.6,13.214348491766833,0.5181770934909586,nonce-6d16f81e3f1384e2fd39,True,False,benign,False,0,"{""attack_ended_at"": 77.0, ""case_opened_at"": 77.0, ""lane_id"": ""g11_g01_0"", ""road_id"": ""g11_g01""}"
cam-1001-veh_008-000068,cam-1001-veh_008-000068,case-grid-1001-veh_008-benign,root-a2957fb728bfc019cfa335e7,1001,veh_008,ps-0441a16dd8d22b44,CAM,77.0,801.6,38.12676125609517,12.151513391396685,1.2414772126414846,801.6,38.12676125609517,12.151513391396685,1.2414772126414846,nonce-a2957fb728bfc019cfa3,True,False,benign,False,0,"{""attack_ended_at"": 77.0, ""case_opened_at"": 77.0, ""lane_id"": ""g20_g21_0"", ""road_id"": ""g20_g21""}"
cam-1001-veh_009-000067,cam-1001-veh_009-000067,case-grid-1001-veh_009-benign,root-a3a052af952bc7be0e11e4f0,1001,veh_009,ps-8e3b87e1d6235c50,CAM,77.0,701.7408189742041,1.6,14.254021903744162,0.006544917058199928,701.7408189742041,1.6,14.254021903744162,0.006544917058199928,nonce-a3a052af952bc7be0e11,True,False,benign,False,0,"{""attack_ended_at"": 77.0, ""case_opened_at"": 77.0, ""lane_id"": ""g20_g10_0"", ""road_id"": ""g20_g10""}"
cam-1001-veh_010-000066-f0,cam-1001-veh_010-000066,case-grid-1001-veh_010-flood,root-09a2dcd521f8a5b1b20dc891,1001,veh_010,ps-bf5c5fe0f587553a,CAM,77.0,798.4,728.2223665095601,14.186559705412655,-0.9901014509620456,798.4,728.2223665095601,14.186559705412655,-0.9901014509620456,nonce-09a2dcd521f8a5b1b20d,True,False,flood,True,0,"{""attack_ended_at"": 78.0, ""case_opened_at"": 26.0, ""lane_id"": ""g22_g21_0"", ""road_id"": ""g22_g21""}"
cam-1001-veh_010-000066-f1,cam-1001-veh_010-000066,case-grid-1001-veh_010-flood,root-09a2dcd521f8a5b1b20dc891,1001,veh_010,ps-bf5c5fe0f587553a,CAM,77.0,798.4,728.2223665095601,14.186559705412655,-0.9901014509620456,798.4,728.2223665095601,14.186559705412655,-0.9901014509620456,nonce-09a2dcd521f8a5b1b20d,True,False,flood,True,1,"{""attack_ended_at"": 78.0, ""case_opened_at"": 26.0, ""lane_id"": ""g22_g21_0"", ""road_id"": ""g22_g21""}"
cam-1001-veh_010-000066-f2,cam-1001-veh_010-000066,case-grid-1001-veh_010-flood,root-09a2dcd521f8a5b1b20dc891,1001,veh_010,ps-bf5c5fe0f587553a,CAM,77.0,798.4,728.2223665095601,14.186559705412655,-0.9901014509620456,798.4,728.2223665095601,14.186559705412655,-0.9901014509620456,nonce-09a2dcd521f8a5b1b20d,True,False,flood,True,2,"{""attack_ended_at"": 78.0, ""case_opened_at"": 26.0, ""lane_id"": ""g22_g21_0"", ""road_id"": ""g22_g21""}"
cam-1001-veh_010-000066-f3,cam-1001-veh_010-000066,case-grid-1001-veh_010-flood,root-09a2dcd521f8a5b1b20dc891,1001,veh_010,ps-bf5c5fe0f587553a,CAM,77.0,798.4,728.2223665095601,14.186559705412655,-0.9901014509620456,798.4,728.2223665095601,14.186559705412655,-0.9901014509620456,nonce-09a2dcd521f8a5b1b20d,True,False,flood,True,3,"{""attack_ended_at"": 78.0, ""case_opened_at"": 26.0, ""lane_id"": ""g22_g21_0"", ""road_id"": ""g22_g21""}"
cam-1001-veh_010-000066-f4,cam-1001-veh_010-000066,case-grid-1001-veh_010-flood,root-09a2dcd521f8a5b1b20dc891,1001,veh_010,ps-bf5c5fe0f587553a,CAM,77.0,798.4,728.2223665095601,14.186559705412655,-0.9901014509620456,798.4,728.2223665095601,14.186559705412655,-0.9901014509620456,nonce-09a2dcd521f8a5b1b20d,True,False,flood,True,4,"{""attack_ended_at"": 78.0, ""case_opened_at"": 26.0, ""lane_id"": ""g22_g21_0"", ""road_id"": ""g22_g21""}"
cam-1001-veh_011-000065,cam-1001-veh_011-000065,case-grid-1001-veh_011-benign,root-e8515cd906a35f27dc778749,1001,veh_011,ps-298210176c98c50a,CAM,77.0,750.2174227778695,801.6,13.427094989663646,1.6223787645310317,750.2174227778695,801.6,13.427094989663646,1.6223787645310317,nonce-e8515cd906a35f27dc77,True,False,benign,False,0,"{""attack_ended_at"": 77.0, ""case_opened_at"": 77.0, ""lane_id"": ""g22_g12_0"", ""road_id"": ""g22_g12""}"
cam-1001-veh_012-000064,cam-1001-veh_012-000064,case-grid-1001-veh_012-false_denm,root-87ef2e7f79cb9de3a6b67349,1001,veh_012,ps-a2d8503b0d2b7ea8,CAM,77.0,696.9294708566431,398.4,14.649155617663443,0.17728172814007692,696.9294708566431,398.4,14.649155617663443,0.17728172814007692,nonce-87ef2e7f79cb9de3a6b6,True,False,false_denm,True,0,"{""attack_ended_at"": 80.0, ""case_opened_at"": 28.0, ""lane_id"": ""g11_g21_0"", ""road_id"": ""g11_g21""}"
cam-1001-veh_013-000063,cam-1001-veh_013-000063,case-grid-1001-veh_013-benign,root-fecd34ac991401a0f85f3d98,1001,veh_013,ps-ffb1bac62aa27994,CAM,77.0,120.42308676229311,401.6,13.336185500524433,-0.3347679655859235,120.42308676229311,401.6,13.336185500524433,-0.3347679655859235,nonce-fecd34ac991401a0f85f,True,False,benign,False,0,"{""attack_ended_at"": 77.0, ""case_opened_at"": 77.0, ""lane_id"": ""g11_g01_0"", ""road_id"": ""g11_g01""}"
cam-1001-veh_016-000060,cam-1001-veh_016-000060,case-grid-1001-veh_016-benign,root-99188426289b7e99471e9b43,1001,veh_016,ps-cbbef243035097ce,CAM,77.0,801.6,13.586326498093182,8.982028096452275,2.2632342278119184,801.6,13.586326498093182,8.982028096452275,2.2632342278119184,nonce-99188426289b7e99471e,True,False,benign,False,0,"{""attack_ended_at"": 77.0, ""case_opened_at"": 77.0, ""lane_id"": ""g20_g21_0"", ""road_id"": ""g20_g21""}"
cam-1001-veh_017-000059,cam-1001-veh_017-000059,case-grid-1001-veh_017-benign,root-748893fe4e565b31f2e26c5c,1001,veh_017,ps-c4cb9175e03371fc,CAM,77.0,788.265109360617,1.6,5.975993611544594,2.5250958850886676,788.265109360617,1.6,5.975993611544594,2.5250958850886676,nonce-748893fe4e565b31f2e2,True,False,benign,False,0,"{""attack_ended_at"": 77.0, ""case_opened_at"": 77.0, ""lane_id"": ""g20_g10_0"", ""road_id"": ""g20_g10""}"
cam-1001-veh_018-000058,cam-1001-veh_018-000058,case-grid-1001-veh_018-benign,root-a600dabc908d53249f744fe2,1001,veh_018,ps-f5eb5907dca15325,CAM,77.0,785.2241731156316,798.4,12.37616997266505,-1.3730763715174419,785.2241731156316,798.4,12.37616997266505,-1.3730763715174419,nonce-a600dabc908d53249f74,True,False,benign,False,0,"{""attack_ended_at"": 77.0, ""case_opened_at"": 77.0, ""lane_id"": ""g12_g22_0"", ""road_id"": ""g12_g22""}"
cam-1001-veh_019-000057,cam-1001-veh_019-000057,case-grid-1001-veh_019-benign,root-83fcb068bd578d19764bfb0f,1001,veh_019,ps-bfc295509368822d,CAM,77.0,801.4353529540873,797.9525293213889,6.260562917322635,-4.463299855194054,801.4353529540873,797.9525293213889,6.260562917322635,-4.463299855194054,nonce-83fcb068bd578d19764b,True,False,benign,False,0,"{""attack_ended_at"": 77.0, ""case_opened_at"": 77.0, ""lane_id"": "":g22_0_0"", ""road_id"": "":g22_0""}"
cam-1001-veh_020-000056,cam-1001-veh_020-000056,case-grid-1001-veh_020-benign,root-2c9b36ae0c9c08cd72978c44,1001,veh_020,ps-ebb98a241b250d58,CAM,77.0,642.4032150935208,398.4,13.064916670144626,0.13164137482177551,642.4032150935208,398.4,13.064916670144626,0.13164137482177551,nonce-2c9b36ae0c9c08cd7297,True,False,benign,False,0,"{""attack_ended_at"": 77.0, ""case_opened_at"": 77.0, ""lane_id"": ""g11_g21_0"", ""road_id"": ""g11_g21""}"
cam-1001-veh_021-000055,cam-1001-veh_021-000055,case-grid-1001-veh_021-benign,root-7e545fdccd708a49a2f17ed2,1001,veh_021,ps-c17e704b00a194fa,CAM,77.0,142.5074652358993,401.6,13.936798264253309,0.4715604674665652,142.5074652358993,401.6,13.936798264253309,0.4715604674665652,nonce-7e545fdccd708a49a2f1,True,False,benign,False,0,"{""attack_ended_at"": 77.0, ""case_opened_at"": 77.0, ""lane_id"": ""g11_g01_0"", ""road_id"": ""g11_g01""}"
cam-1001-veh_023-000053,cam-1001-veh_023-000053,case-grid-1001-veh_023-benign,root-66819ba4dc1560e0921e8fce,1001,veh_023,ps-88766211387813b1,CAM,77.0,398.4,81.04660827769965,13.686769356385701,0.5205649807909509,398.4,81.04660827769965,13.686769356385701,0.5205649807909509,nonce-66819ba4dc1560e0921e,True,False,benign,False,0,"{""attack_ended_at"": 77.0, ""case_opened_at"": 77.0, ""lane_id"": ""g11_g10_0"", ""road_id"": ""g11_g10""}"
cam-1001-veh_000-000077,cam-1001-veh_000-000077,case-grid-1001-veh_000-benign,root-18b744086121cb5d06cde108,1001,veh_000,ps-0b6a8266609a146f,CAM,78.0,801.6,70.24460980089248,11.250486719191546,-0.1721568283298982,801.6,70.24460980089248,11.250486719191546,-0.1721568283298982,nonce-18b744086121cb5d06cd,True,False,benign,False,0,"{""attack_ended_at"": 78.0, ""case_opened_at"": 78.0, ""lane_id"": ""g20_g21_0"", ""road_id"": ""g20_g21""}"
cam-1001-veh_001-000076,cam-1001-veh_001-000076,case-grid-1001-veh_001-benign,root-60bb0c16396d9b5c992082e9,1001,veh_001,ps-11b4aa50327f89a0,CAM,78.0,658.8201052399738,1.6,12.918389013999537,0.16355606968514635,658.8201052399738,1.6,12.918389013999537,0.16355606968514635,nonce-60bb0c16396d9b5c9920,True,False,benign,False,0,"{""attack_ended_at"": 78.0, ""case_opened_at"": 78.0, ""lane_id"": ""g20_g10_0"", ""road_id"": ""g20_g10""}"
cam-1001-veh_002-000075,cam-1001-veh_002-000075,case-grid-1001-veh_002-benign,root-bc221045398ec63dd08a62de,1001,veh_002,ps-e0bc27433007a32c,CAM,78.0,798.4,688.0913368302662,12.86455187188214,0.6807258511567476,798.4,688.0913368302662,12.86455187188214,0.6807258511567476,nonce-bc221045398ec63dd08a,True,False,benign,False,0,"{""attack_ended_at"": 78.0, ""case_opened_at"": 78.0, ""lane_id"": ""g22_g21_0"", ""road_id"": ""g22_g21""}"
cam-1001-veh_003-000074,cam-1001-veh_003-000074,case-grid-1001-veh_003-benign,root-35759d9a7945fa5b0e6a67cd,1001,veh_003,ps-13247f0afc865149,CAM,78.0,690.1554067994597,801.6,12.623680913619161,0.051658867341465964,690.1554067994597,801.6,12.623680913619161,0.051658867341465964,nonce-35759d9a7945fa5b0e6a,True,False,benign,False,0,"{""attack_ended_at"": 78.0, ""case_opened_at"": 78.0, ""lane_id"": ""g22_g12_0"", ""road_id"": ""g22_g12""}"
cam-1001-veh_004-000073,cam-1001-veh_004-000073,case-grid-1001-veh_004-benign,root-04b316329a22b2f756e878a9,1001,veh_004,ps-b7dd5d779d6fb997,CAM,78.0,749.2451555159121,398.4,12.6949300821499,-0.30640320978127455,749.2451555159121,398.4,12.6949300821499,-0.30640320978127455,nonce-04b316329a22b2f756e8,True,False,benign,False,0,"{""attack_ended_at"": 78.0, ""case_opened_at"": 78.0, ""lane_id"": ""g11_g21_0"", ""road_id"": ""g11_g21""}"
cam-1001-veh_005-000072,cam-1001-veh_005-000072,case-grid-1001-veh_005-benign,root-67754f1e1fd8b52961661a2e,1001,veh_005,ps-fedb1f4cae953d51,CAM,78.0,55.130652280539095,401.6,12.786125062011525,-0.4282234297553078,55.130652280539095,401.6,12.786125062011525,-0.4282234297553078,nonce-67754f1e1fd8b5296166,True,False,benign,False,0,"{""attack_ended_at"": 78.0, ""case_opened_at"": 78.0, ""lane_id"": ""g11_g01_0"", ""road_id"": ""g11_g01""}"
cam-1001-veh_008-000069,cam-1001-veh_008-000069,case-grid-1001-veh_008-benign,root-92c63ce789619117c70c0cfd,1001,veh_008,ps-0441a16dd8d22b44,CAM,78.0,801.6,49.527473317683175,11.400712061588003,-0.7508013298086826,801.6,49.527473317683175,11.400712061588003,-0.7508013298086826,nonce-92c63ce789619117c70c,True,False,benign,False,0,"{""attack_ended_at"": 78.0, ""case_opened_at"": 78.0, ""lane_id"": ""g20_g21_0"", ""road_id"": ""g20_g21""}"
cam-1001-veh_009-000068,cam-1001-veh_009-000068,case-grid-1001-veh_009-benign,root-8bceb7161c09bd82529ab8bc,1001,veh_009,ps-8e3b87e1d6235c50,CAM,78.0,687.2073089655474,1.6,14.533510008656615,0.2794881049124527,687.2073089655474,1.6,14.533510008656615,0.2794881049124527,nonce-8bceb7161c09bd82529a,True,False,benign,False,0,"{""attack_ended_at"": 78.0, ""case_opened_at"": 78.0, ""lane_id"": ""g20_g10_0"", ""road_id"": ""g20_g10""}"
cam-1001-veh_010-000067-f0,cam-1001-veh_010-000067,case-grid-1001-veh_010-flood,root-500c59560d7af2fdf52b70fc,1001,veh_010,ps-bf5c5fe0f587553a,CAM,78.0,798.4,714.1697517227101,14.052614786849917,-0.13394491856273838,798.4,714.1697517227101,14.052614786849917,-0.13394491856273838,nonce-500c59560d7af2fdf52b,True,False,flood,True,0,"{""attack_ended_at"": 78.0, ""case_opened_at"": 26.0, ""lane_id"": ""g22_g21_0"", ""road_id"": ""g22_g21""}"
cam-1001-veh_010-000067-f1,cam-1001-veh_010-000067,case-grid-1001-veh_010-flood,root-500c59560d7af2fdf52b70fc,1001,veh_010,ps-bf5c5fe0f587553a,CAM,78.0,798.4,714.1697517227101,14.052614786849917,-0.13394491856273838,798.4,714.1697517227101,14.052614786849917,-0.13394491856273838,nonce-500c59560d7af2fdf52b,True,False,flood,True,1,"{""attack_ended_at"": 78.0, ""case_opened_at"": 26.0, ""lane_id"": ""g22_g21_0"", ""road_id"": ""g22_g21""}"
cam-1001-veh_010-000067-f2,cam-1001-veh_010-000067,case-grid-1001-veh_010-flood,root-500c59560d7af2fdf52b70fc,1001,veh_010,ps-bf5c5fe0f587553a,CAM,78.0,798.4,714.1697517227101,14.052614786849917,-0.13394491856273838,798.4,714.1697517227101,14.052614786849917,-0.13394491856273838,nonce-500c59560d7af2fdf52b,True,False,flood,True,2,"{""attack_ended_at"": 78.0, ""case_opened_at"": 26.0, ""lane_id"": ""g22_g21_0"", ""road_id"": ""g22_g21""}"
cam-1001-veh_010-000067-f3,cam-1001-veh_010-000067,case-grid-1001-veh_010-flood,root-500c59560d7af2fdf52b70fc,1001,veh_010,ps-bf5c5fe0f587553a,CAM,78.0,798.4,714.1697517227101,14.052614786849917,-0.13394491856273838,798.4,714.1697517227101,14.052614786849917,-0.13394491856273838,nonce-500c59560d7af2fdf52b,True,False,flood,True,3,"{""attack_ended_at"": 78.0, ""case_opened_at"": 26.0, ""lane_id"": ""g22_g21_0"", ""road_id"": ""g22_g21""}"
cam-1001-veh_010-000067-f4,cam-1001-veh_010-000067,case-grid-1001-veh_010-flood,root-500c59560d7af2fdf52b70fc,1001,veh_010,ps-bf5c5fe0f587553a,CAM,78.0,798.4,714.1697517227101,14.052614786849917,-0.13394491856273838,798.4,714.1697517227101,14.052614786849917,-0.13394491856273838,nonce-500c59560d7af2fdf52b,True,False,flood,True,4,"{""attack_ended_at"": 78.0, ""case_opened_at"": 26.0, ""lane_id"": ""g22_g21_0"", ""road_id"": ""g22_g21""}"
cam-1001-veh_011-000066,cam-1001-veh_011-000066,case-grid-1001-veh_011-benign,root-1ec7051a3446ca76b1f71d71,1001,veh_011,ps-298210176c98c50a,CAM,78.0,737.072792552147,801.6,13.144630225722402,-0.28246476394124365,737.072792552147,801.6,13.144630225722402,-0.28246476394124365,nonce-1ec7051a3446ca76b1f7,True,False,benign,False,0,"{""attack_ended_at"": 78.0, ""case_opened_at"": 78.0, ""lane_id"": ""g22_g12_0"", ""road_id"": ""g22_g12""}"
cam-1001-veh_012-000065,cam-1001-veh_012-000065,case-grid-1001-veh_012-false_denm,root-771223c8eceacc4e186cb862,1001,veh_012,ps-a2d8503b0d2b7ea8,DENM,78.0,711.1229816241159,398.4,14.193510767472715,-0.455644850190728,711.1229816241159,398.4,14.193510767472715,-0.455644850190728,nonce-771223c8eceacc4e186c,True,True,false_denm,True,0,"{""attack_ended_at"": 80.0, ""case_opened_at"": 28.0, ""lane_id"": ""g11_g21_0"", ""road_id"": ""g11_g21""}"
cam-1001-veh_013-000064,cam-1001-veh_013-000064,case-grid-1001-veh_013-benign,root-33256a33c8663c613eda3561,1001,veh_013,ps-ffb1bac62aa27994,CAM,78.0,106.78924873231387,401.6,13.633838029979222,0.2976525294547887,106.78924873231387,401.6,13.633838029979222,0.2976525294547887,nonce-33256a33c8663c613eda,True,False,benign,False,0,"{""attack_ended_at"": 78.0, ""case_opened_at"": 78.0, ""lane_id"": ""g11_g01_0"", ""road_id"": ""g11_g01""}"
cam-1001-veh_016-000061,cam-1001-veh_016-000061,case-grid-1001-veh_016-benign,root-4e31e842c4a19e32a7258243,1001,veh_016,ps-cbbef243035097ce,CAM,78.0,801.6,24.66402350343859,11.077697005345406,2.0956689088931313,801.6,24.66402350343859,11.077697005345406,2.0956689088931313,nonce-4e31e842c4a19e32a725,True,False,benign,False,0,"{""attack_ended_at"": 78.0, ""case_opened_at"": 78.0, ""lane_id"": ""g20_g21_0"", ""road_id"": ""g20_g21""}"
cam-1001-veh_017-000060,cam-1001-veh_017-000060,case-grid-1001-veh_017-benign,root-ce3d0af88a2c3ec944ff5879,1001,veh_017,ps-c4cb9175e03371fc,CAM,78.0,780.0212771968693,1.6,8.243832163747625,2.26783855220303,780.0212771968693,1.6,8.243832163747625,2.26783855220303,nonce-ce3d0af88a2c3ec944ff,True,False,benign,False,0,"{""attack_ended_at"": 78.0, ""case_opened_at"": 78.0, ""lane_id"": ""g20_g10_0"", ""road_id"": ""g20_g10""}"
cam-1001-veh_018-000059,cam-1001-veh_018-000059,case-grid-1001-veh_018-benign,root-0c6bc5a9fd2634e4c00015b0,1001,veh_018,ps-f5eb5907dca15325,CAM,78.0,793.1003430882968,798.4,7.87616997266505,-4.5,793.1003430882968,798.4,7.87616997266505,-4.5,nonce-0c6bc5a9fd2634e4c000,True,False,benign,False,0,"{""attack_ended_at"": 78.0, ""case_opened_at"": 78.0, ""lane_id"": ""g12_g22_0"", ""road_id"": ""g12_g22""}"
cam-1001-veh_019-000058,cam-1001-veh_019-000058,case-grid-1001-veh_019-benign,root-9e582bedc9543e820769b511,1001,veh_019,ps-bfc295509368822d,CAM,78.0,797.7004572947054,801.4713632436135,5.6664949870601,-0.5940679302625353,797.7004572947054,801.4713632436135,5.6664949870601,-0.5940679302625353,nonce-9e582bedc9543e820769,True,False,benign,False,0,"{""attack_ended_at"": 78.0, ""case_opened_at"": 78.0, ""lane_id"": "":g22_0_0"", ""road_id"": "":g22_0""}"
cam-1001-veh_020-000057,cam-1001-veh_020-000057,case-grid-1001-veh_020-benign,root-5ac918b0bb8319eb80bdef36,1001,veh_020,ps-ebb98a241b250d58,CAM,78.0,654.9904977064723,398.4,12.587282612951562,-0.4776340571930646,654.9904977064723,398.4,12.587282612951562,-0.4776340571930646,nonce-5ac918b0bb8319eb80bd,True,False,benign,False,0,"{""attack_ended_at"": 78.0, ""case_opened_at"": 78.0, ""lane_id"": ""g11_g21_0"", ""road_id"": ""g11_g21""}"
cam-1001-veh_021-000056,cam-1001-veh_021-000056,case-grid-1001-veh_021-benign,root-ce2b5c503452a4d685ffb366,1001,veh_021,ps-c17e704b00a194fa,CAM,78.0,129.47592525063578,401.6,13.031539985263526,-0.9052582789897823,129.47592525063578,401.6,13.031539985263526,-0.9052582789897823,nonce-ce2b5c503452a4d685ff,True,False,benign,False,0,"{""attack_ended_at"": 78.0, ""case_opened_at"": 78.0, ""lane_id"": ""g11_g01_0"", ""road_id"": ""g11_g01""}"
cam-1001-veh_023-000054,cam-1001-veh_023-000054,case-grid-1001-veh_023-benign,root-f294e4b72f75fbbbd7ae8286,1001,veh_023,ps-88766211387813b1,CAM,78.0,398.4,67.39418338280433,13.6524248948953,-0.03434446149040049,398.4,67.39418338280433,13.6524248948953,-0.03434446149040049,nonce-f294e4b72f75fbbbd7ae,True,False,benign,False,0,"{""attack_ended_at"": 78.0, ""case_opened_at"": 78.0, ""lane_id"": ""g11_g10_0"", ""road_id"": ""g11_g10""}"
cam-1001-veh_000-000078,cam-1001-veh_000-000078,case-grid-1001-veh_000-benign,root-73b9c13991a74070a67eca31,1001,veh_000,ps-0b6a8266609a146f,CAM,79.0,801.6,81.55224516820262,11.307635367310144,0.057148648118598544,801.6,81.55224516820262,11.307635367310144,0.057148648118598544,nonce-73b9c13991a74070a67e,True,False,benign,False,0,"{""attack_ended_at"": 79.0, ""case_opened_at"": 79.0, ""lane_id"": ""g20_g21_0"", ""road_id"": ""g20_g21""}"
cam-1001-veh_001-000077,cam-1001-veh_001-000077,case-grid-1001-veh_001-benign,root-dae11daef5f63f51f3e1ed39,1001,veh_001,ps-11b4aa50327f89a0,CAM,79.0,646.0423475215658,1.6,12.777757718407944,-0.14063129559159293,646.0423475215658,1.6,12.777757718407944,-0.14063129559159293,nonce-dae11daef5f63f51f3e1,True,False,benign,False,0,"{""attack_ended_at"": 79.0, ""case_opened_at"": 79.0, ""lane_id"": ""g20_g10_0"", ""road_id"": ""g20_g10""}"
cam-1001-veh_002-000076,cam-1001-veh_002-000076,case-grid-1001-veh_002-benign,root-80dcbcb89bbeea0d47e1ceb8,1001,veh_002,ps-e0bc27433007a32c,CAM,79.0,798.4,675.4193855117411,12.671951318525098,-0.19260055335704251,798.4,675.4193855117411,12.671951318525098,-0.19260055335704251,nonce-80dcbcb89bbeea0d47e1,True,False,benign,False,0,"{""attack_ended_at"": 79.0, ""case_opened_at"": 79.0, ""lane_id"": ""g22_g21_0"", ""road_id"": ""g22_g21""}"
cam-1001-veh_003-000075,cam-1001-veh_003-000075,case-grid-1001-veh_003-benign,root-b251eaba95fe46baedc01727,1001,veh_003,ps-13247f0afc865149,CAM,79.0,677.8163729088105,801.6,12.33903389064914,-0.2846470229700202,677.8163729088105,801.6,12.33903389064914,-0.2846470229700202,nonce-b251eaba95fe46baedc0,True,False,benign,False,0,"{""attack_ended_at"": 79.0, ""case_opened_at"": 79.0, ""lane_id"": ""g22_g12_0"", ""road_id"": ""g22_g12""}"
cam-1001-veh_004-000074,cam-1001-veh_004-000074,case-grid-1001-veh_004-benign,root-d8818f57a25232584cff04bb,1001,veh_004,ps-b7dd5d779d6fb997,CAM,79.0,762.3904270242426,398.4,13.145271508330577,0.4503414261806764,762.3904270242426,398.4,13.145271508330577,0.4503414261806764,nonce-d8818f57a25232584cff,True,False,benign,False,0,"{""attack_ended_at"": 79.0, ""case_opened_at"": 79.0, ""lane_id"": ""g11_g21_0"", ""road_id"": ""g11_g21""}"
cam-1001-veh_005-000073,cam-1001-veh_005-000073,case-grid-1001-veh_005-benign,root-6786c70a267d301931ad08eb,1001,veh_005,ps-fedb1f4cae953d51,CAM,79.0,42.47308791748662,401.6,12.65756436305248,-0.12856069895904554,42.47308791748662,401.6,12.65756436305248,-0.12856069895904554,nonce-6786c70a267d301931ad,True,False,benign,False,0,"{""attack_ended_at"": 79.0, ""case_opened_at"": 79.0, ""lane_id"": ""g11_g01_0"", ""road_id"": ""g11_g01""}"
cam-1001-veh_008-000070,cam-1001-veh_008-000070,case-grid-1001-veh_008-benign,root-b496d390abf4a14380d143ae,1001,veh_008,ps-0441a16dd8d22b44,CAM,79.0,801.6,61.08215258874791,11.554679271064733,0.15396720947673082,801.6,61.08215258874791,11.554679271064733,0.15396720947673082,nonce-b496d390abf4a14380d1,True,False,benign,False,0,"{""attack_ended_at"": 79.0, ""case_opened_at"": 79.0, ""lane_id"": ""g20_g21_0"", ""road_id"": ""g20_g21""}"
cam-1001-veh_009-000069,cam-1001-veh_009-000069,case-grid-1001-veh_009-benign,root-d4ad8801290c1f41fc5e66e3,1001,veh_009,ps-8e3b87e1d6235c50,CAM,79.0,672.9905817785312,1.6,14.216727187016241,-0.3167828216403734,672.9905817785312,1.6,14.216727187016241,-0.3167828216403734,nonce-d4ad8801290c1f41fc5e,True,False,benign,False,0,"{""attack_ended_at"": 79.0, ""case_opened_at"": 79.0, ""lane_id"": ""g20_g10_0"", ""road_id"": ""g20_g10""}"
cam-1001-veh_010-000068,cam-1001-veh_010-000068,case-grid-1001-veh_010-benign,root-cb1db35bc2a14262a687e801,1001,veh_010,ps-bf5c5fe0f587553a,CAM,79.0,798.4,699.840322379709,14.32942934300102,0.27681455615110373,798.4,699.840322379709,14.32942934300102,0.27681455615110373,nonce-cb1db35bc2a14262a687,True,False,benign,False,0,"{""attack_ended_at"": 79.0, ""case_opened_at"": 79.0, ""lane_id"": ""g22_g21_0"", ""road_id"": ""g22_g21""}"
cam-1001-veh_011-000067,cam-1001-veh_011-000067,case-grid-1001-veh_011-benign,root-1b00e508e96fc11d98a22aeb,1001,veh_011,ps-298210176c98c50a,CAM,79.0,723.633560528232,801.6,13.439232023915,0.29460179819259835,723.633560528232,801.6,13.439232023915,0.29460179819259835,nonce-1b00e508e96fc11d98a2,True,False,benign,False,0,"{""attack_ended_at"": 79.0, ""case_opened_at"": 79.0, ""lane_id"": ""g22_g12_0"", ""road_id"": ""g22_g12""}"
cam-1001-veh_012-000066,cam-1001-veh_012-000066,case-grid-1001-veh_012-false_denm,root-5efc64774a4d3976d68a93ee,1001,veh_012,ps-a2d8503b0d2b7ea8,CAM,79.0,725.3492411861209,398.4,14.226259562005096,0.032748794532381,725.3492411861209,398.4,14.226259562005096,0.032748794532381,nonce-5efc64774a4d3976d68a,True,False,false_denm,True,0,"{""attack_ended_at"": 80.0, ""case_opened_at"": 28.0, ""lane_id"": ""g11_g21_0"", ""road_id"": ""g11_g21""}"
cam-1001-veh_013-000065,cam-1001-veh_013-000065,case-grid-1001-veh_013-benign,root-4dc7ccccae3e3989a78d872f,1001,veh_013,ps-ffb1bac62aa27994,CAM,79.0,93.19241146724107,401.6,13.596837265072816,-0.03700076490640569,93.19241146724107,401.6,13.596837265072816,-0.03700076490640569,nonce-4dc7ccccae3e3989a78d,True,False,benign,False,0,"{""attack_ended_at"": 79.0, ""case_opened_at"": 79.0, ""lane_id"": ""g11_g01_0"", ""road_id"": ""g11_g01""}"
cam-1001-veh_016-000062,cam-1001-veh_016-000062,case-grid-1001-veh_016-benign,root-2b1961f12827b53f22614d61,1001,veh_016,ps-cbbef243035097ce,CAM,79.0,801.6,38.02165364759823,13.357630144159634,2.2799331388142274,801.6,38.02165364759823,13.357630144159634,2.2799331388142274,nonce-2b1961f12827b53f2261,True,False,benign,False,0,"{""attack_ended_at"": 79.0, ""case_opened_at"": 79.0, ""lane_id"": ""g20_g21_0"", ""road_id"": ""g20_g21""}"
cam-1001-veh_017-000061,cam-1001-veh_017-000061,case-grid-1001-veh_017-benign,root-e0fa3498105c1e1357c2f31e,1001,veh_017,ps-c4cb9175e03371fc,CAM,79.0,769.4241926914722,1.6,10.597084505397119,2.353252341649494,769.4241926914722,1.6,10.597084505397119,2.353252341649494,nonce-e0fa3498105c1e1357c2,True,False,benign,False,0,"{""attack_ended_at"": 79.0, ""case_opened_at"": 79.0, ""lane_id"": ""g20_g10_0"", ""road_id"": ""g20_g10""}"
cam-1001-veh_018-000060,cam-1001-veh_018-000060,case-grid-1001-veh_018-benign,root-90489c202c87420c14180114,1001,veh_018,ps-f5eb5907dca15325,CAM,79.0,796.6106521956826,798.4,3.510309107385948,-4.365860865279101,796.6106521956826,798.4,3.510309107385948,-4.365860865279101,nonce-90489c202c87420c1418,True,False,benign,False,0,"{""attack_ended_at"": 79.0, ""case_opened_at"": 79.0, ""lane_id"": ""g12_g22_0"", ""road_id"": ""g12_g22""}"
cam-1001-veh_019-000059,cam-1001-veh_019-000059,case-grid-1001-veh_019-benign,root-7c93dac292ed5e5f2802d7b9,1001,veh_019,ps-bfc295509368822d,CAM,79.0,791.7477474626191,801.6,5.961709374494634,0.29521438743453476,791.7477474626191,801.6,5.961709374494634,0.29521438743453476,nonce-7c93dac292ed5e5f2802,True,False,benign,False,0,"{""attack_ended_at"": 79.0, ""case_opened_at"": 79.0, ""lane_id"": ""g22_g12_0"", ""road_id"": ""g22_g12""}"
cam-1001-veh_020-000058,cam-1001-veh_020-000058,case-grid-1001-veh_020-benign,root-6b8ef75f1bc3e4426c11c18e,1001,veh_020,ps-ebb98a241b250d58,CAM,79.0,668.0125711834379,398.4,13.022073476965629,0.43479086401406697,668.0125711834379,398.4,13.022073476965629,0.43479086401406697,nonce-6b8ef75f1bc3e4426c11,True,False,benign,False,0,"{""attack_ended_at"": 79.0, ""case_opened_at"": 79.0, ""lane_id"": ""g11_g21_0"", ""road_id"": ""g11_g21""}"
cam-1001-veh_021-000057,cam-1001-veh_021-000057,case-grid-1001-veh_021-benign,root-0bbf4be0ff58d1e4b47100d0,1001,veh_021,ps-c17e704b00a194fa,CAM,79.0,115.90321541827473,401.6,13.572709832361038,0.5411698470975121,115.90321541827473,401.6,13.572709832361038,0.5411698470975121,nonce-0bbf4be0ff58d1e4b471,True,False,benign,False,0,"{""attack_ended_at"": 79.0, ""case_opened_at"": 79.0, ""lane_id"": ""g11_g01_0"", ""road_id"": ""g11_g01""}"
cam-1001-veh_023-000055,cam-1001-veh_023-000055,case-grid-1001-veh_023-benign,root-54297eec1877ccf02f200fe3,1001,veh_023,ps-88766211387813b1,CAM,79.0,398.4,54.01410045499438,13.380082927809925,-0.27234196708537617,398.4,54.01410045499438,13.380082927809925,-0.27234196708537617,nonce-54297eec1877ccf02f20,True,False,benign,False,0,"{""attack_ended_at"": 79.0, ""case_opened_at"": 79.0, ""lane_id"": ""g11_g10_0"", ""road_id"": ""g11_g10""}"
cam-1001-veh_000-000079,cam-1001-veh_000-000079,case-grid-1001-veh_000-benign,root-b0b785fd3ce1bb377184ed71,1001,veh_000,ps-0b6a8266609a146f,CAM,80.0,801.6,92.79735117905174,11.245106010849128,-0.06252935646101676,801.6,92.79735117905174,11.245106010849128,-0.06252935646101676,nonce-b0b785fd3ce1bb377184,True,False,benign,False,0,"{""attack_ended_at"": 80.0, ""case_opened_at"": 80.0, ""lane_id"": ""g20_g21_0"", ""road_id"": ""g20_g21""}"
cam-1001-veh_001-000078,cam-1001-veh_001-000078,case-grid-1001-veh_001-benign,root-0ee24240ab737c92778e6b9d,1001,veh_001,ps-11b4aa50327f89a0,CAM,80.0,633.7223802804291,1.6,12.319967241136752,-0.4577904772711925,633.7223802804291,1.6,12.319967241136752,-0.4577904772711925,nonce-0ee24240ab737c92778e,True,False,benign,False,0,"{""attack_ended_at"": 80.0, ""case_opened_at"": 80.0, ""lane_id"": ""g20_g10_0"", ""road_id"": ""g20_g10""}"
cam-1001-veh_002-000077,cam-1001-veh_002-000077,case-grid-1001-veh_002-benign,root-2d4b1ac6e0b8b32dbbd05fe8,1001,veh_002,ps-e0bc27433007a32c,CAM,80.0,798.4,662.8502343490103,12.56915116273085,-0.10280015579424706,798.4,662.8502343490103,12.56915116273085,-0.10280015579424706,nonce-2d4b1ac6e0b8b32dbbd0,True,False,benign,False,0,"{""attack_ended_at"": 80.0, ""case_opened_at"": 80.0, ""lane_id"": ""g22_g21_0"", ""road_id"": ""g22_g21""}"
cam-1001-veh_003-000076,cam-1001-veh_003-000076,case-grid-1001-veh_003-benign,root-d47f941e0744851b359ce516,1001,veh_003,ps-13247f0afc865149,CAM,80.0,665.1051509326854,801.6,12.711221976125076,0.3721880854759352,665.1051509326854,801.6,12.711221976125076,0.3721880854759352,nonce-d47f941e0744851b359c,True,False,benign,False,0,"{""attack_ended_at"": 80.0, ""case_opened_at"": 80.0, ""lane_id"": ""g22_g12_0"", ""road_id"": ""g22_g12""}"
cam-1001-veh_004-000075,cam-1001-veh_004-000075,case-grid-1001-veh_004-benign,root-ebf2d35c14f758f0dd155862,1001,veh_004,ps-b7dd5d779d6fb997,CAM,80.0,775.2128708074654,398.4,12.822443783222795,-0.322827725107782,775.2128708074654,398.4,12.822443783222795,-0.322827725107782,nonce-ebf2d35c14f758f0dd15,True,False,benign,False,0,"{""attack_ended_at"": 80.0, ""case_opened_at"": 80.0, ""lane_id"": ""g11_g21_0"", ""road_id"": ""g11_g21""}"
cam-1001-veh_005-000074,cam-1001-veh_005-000074,case-grid-1001-veh_005-benign,root-d29ce6dbc61c8829e827e933,1001,veh_005,ps-fedb1f4cae953d51,CAM,80.0,29.284128653731273,401.6,13.18895926375535,0.5313949007028711,29.284128653731273,401.6,13.18895926375535,0.5313949007028711,nonce-d29ce6dbc61c8829e827,True,False,benign,False,0,"{""attack_ended_at"": 80.0, ""case_opened_at"": 80.0, ""lane_id"": ""g11_g01_0"", ""road_id"": ""g11_g01""}"
cam-1001-veh_008-000071,cam-1001-veh_008-000071,case-grid-1001-veh_008-benign,root-ee3935eb1228dad06469d030,1001,veh_008,ps-0441a16dd8d22b44,CAM,80.0,801.6,72.23725248469167,11.155099895943753,-0.39957937512098063,801.6,72.23725248469167,11.155099895943753,-0.39957937512098063,nonce-ee3935eb1228dad06469,True,False,benign,False,0,"{""attack_ended_at"": 80.0, ""case_opened_at"": 80.0, ""lane_id"": ""g20_g21_0"", ""road_id"": ""g20_g21""}"
cam-1001-veh_009-000070,cam-1001-veh_009-000070,case-grid-1001-veh_009-benign,root-029b7b847a928dc4ae8f9129,1001,veh_009,ps-8e3b87e1d6235c50,CAM,80.0,659.0902826070015,1.6,13.900299171529747,-0.316428015486494,659.0902826070015,1.6,13.900299171529747,-0.316428015486494,nonce-029b7b847a928dc4ae8f,True,False,benign,False,0,"{""attack_ended_at"": 80.0, ""case_opened_at"": 80.0, ""lane_id"": ""g20_g10_0"", ""road_id"": ""g20_g10""}"
cam-1001-veh_010-000069,cam-1001-veh_010-000069,case-grid-1001-veh_010-benign,root-e6786d146f8b5c57b686100a,1001,veh_010,ps-bf5c5fe0f587553a,CAM,80.0,798.4,685.9914479555669,13.84887442414217,-0.48055491885885004,798.4,685.9914479555669,13.84887442414217,-0.48055491885885004,nonce-e6786d146f8b5c57b686,True,False,benign,False,0,"{""attack_ended_at"": 80.0, ""case_opened_at"": 80.0, ""lane_id"": ""g22_g21_0"", ""road_id"": ""g22_g21""}"
cam-1001-veh_011-000068,cam-1001-veh_011-000068,case-grid-1001-veh_011-benign,root-cf4d6b43691d038c6828ada2,1001,veh_011,ps-298210176c98c50a,CAM,80.0,709.9003223709628,801.6,13.733238157269268,0.2940061333542676,709.9003223709628,801.6,13.733238157269268,0.2940061333542676,nonce-cf4d6b43691d038c6828,True,False,benign,False,0,"{""attack_ended_at"": 80.0, ""case_opened_at"": 80.0, ""lane_id"": ""g22_g12_0"", ""road_id"": ""g22_g12""}"
cam-1001-veh_012-000067,cam-1001-veh_012-000067,case-grid-1001-veh_012-false_denm,root-6e4df43ad243e9e81aa421a4,1001,veh_012,ps-a2d8503b0d2b7ea8,CAM,80.0,740.2069172681927,398.4,14.857676082071654,0.6314165200665585,740.2069172681927,398.4,14.857676082071654,0.6314165200665585,nonce-6e4df43ad243e9e81aa4,True,False,false_denm,True,0,"{""attack_ended_at"": 80.0, ""case_opened_at"": 28.0, ""lane_id"": ""g11_g21_0"", ""road_id"": ""g11_g21""}"
cam-1001-veh_013-000066,cam-1001-veh_013-000066,case-grid-1001-veh_013-benign,root-079169ec088f156a1cb6b8bc,1001,veh_013,ps-ffb1bac62aa27994,CAM,80.0,79.85587734383392,401.6,13.336534123407171,-0.26030314166564494,79.85587734383392,401.6,13.336534123407171,-0.26030314166564494,nonce-079169ec088f156a1cb6,True,False,benign,False,0,"{""attack_ended_at"": 80.0, ""case_opened_at"": 80.0, ""lane_id"": ""g11_g01_0"", ""road_id"": ""g11_g01""}"
cam-1001-veh_016-000063,cam-1001-veh_016-000063,case-grid-1001-veh_016-benign,root-7dbe63473d8f18e3f09028c2,1001,veh_016,ps-cbbef243035097ce,CAM,80.0,801.6,50.610741521940355,12.58908787434213,-0.7685422698175035,801.6,50.610741521940355,12.58908787434213,-0.7685422698175035,nonce-7dbe63473d8f18e3f090,True,False,benign,False,0,"{""attack_ended_at"": 80.0, ""case_opened_at"": 80.0, ""lane_id"": ""g20_g21_0"", ""road_id"": ""g20_g21""}"
cam-1001-veh_017-000062,cam-1001-veh_017-000062,case-grid-1001-veh_017-benign,root-3122b766a4504fab4d822f01,1001,veh_017,ps-c4cb9175e03371fc,CAM,80.0,756.5691296371925,1.6,12.855063054279647,2.2579785488825284,756.5691296371925,1.6,12.855063054279647,2.2579785488825284,nonce-3122b766a4504fab4d82,True,False,benign,False,0,"{""attack_ended_at"": 80.0, ""case_opened_at"": 80.0, ""lane_id"": ""g20_g10_0"", ""road_id"": ""g20_g10""}"
cam-1001-veh_018-000061,cam-1001-veh_018-000061,case-grid-1001-veh_018-benign,root-071ba4fb83309062dde4b72d,1001,veh_018,ps-f5eb5907dca15325,CAM,80.0,798.4,796.0025854225639,3.566762381753325,0.056453274367377126,798.4,796.0025854225639,3.566762381753325,0.056453274367377126,nonce-071ba4fb83309062dde4,True,False,benign,False,0,"{""attack_ended_at"": 80.0, ""case_opened_at"": 80.0, ""lane_id"": ""g22_g21_0"", ""road_id"": ""g22_g21""}"
cam-1001-veh_019-000060,cam-1001-veh_019-000060,case-grid-1001-veh_019-benign,root-1ab84781adfc6da9a3dbcdbf,1001,veh_019,ps-bfc295509368822d,CAM,80.0,783.6738021345727,801.6,8.073945328046351,2.112235953551717,783.6738021345727,801.6,8.073945328046351,2.112235953551717,nonce-1ab84781adfc6da9a3db,True,False,benign,False,0,"{""attack_ended_at"": 80.0, ""case_opened_at"": 80.0, ""lane_id"": ""g22_g12_0"", ""road_id"": ""g22_g12""}"
cam-1001-veh_020-000059,cam-1001-veh_020-000059,case-grid-1001-veh_020-benign,root-f5377f6994ccc51ff0e65802,1001,veh_020,ps-ebb98a241b250d58,CAM,80.0,680.9203298667899,398.4,12.90775868335189,-0.11431479361373853,680.9203298667899,398.4,12.90775868335189,-0.11431479361373853,nonce-f5377f6994ccc51ff0e6,True,False,benign,False,0,"{""attack_ended_at"": 80.0, ""case_opened_at"": 80.0, ""lane_id"": ""g11_g21_0"", ""road_id"": ""g11_g21""}"
cam-1001-veh_021-000058,cam-1001-veh_021-000058,case-grid-1001-veh_021-benign,root-2c7d9fa57272c8fc0718f871,1001,veh_021,ps-c17e704b00a194fa,CAM,80.0,101.9929053526875,401.6,13.910310065587202,0.33760023322616384,101.9929053526875,401.6,13.910310065587202,0.33760023322616384,nonce-2c7d9fa57272c8fc0718,True,False,benign,False,0,"{""attack_ended_at"": 80.0, ""case_opened_at"": 80.0, ""lane_id"": ""g11_g01_0"", ""road_id"": ""g11_g01""}"
cam-1001-veh_023-000056,cam-1001-veh_023-000056,case-grid-1001-veh_023-benign,root-cc9ecf3d5898540ff1223bf4,1001,veh_023,ps-88766211387813b1,CAM,80.0,398.4,40.681562088208295,13.3325383667861,-0.04754456102382498,398.4,40.681562088208295,13.3325383667861,-0.04754456102382498,nonce-cc9ecf3d5898540ff122,True,False,benign,False,0,"{""attack_ended_at"": 80.0, ""case_opened_at"": 80.0, ""lane_id"": ""g11_g10_0"", ""road_id"": ""g11_g10""}"
cam-1001-veh_000-000080,cam-1001-veh_000-000080,case-grid-1001-veh_000-benign,root-cadce0753a96546734e24c58,1001,veh_000,ps-0b6a8266609a146f,CAM,81.0,801.6,104.45305391577175,11.655702736719983,0.41059672587085494,801.6,104.45305391577175,11.655702736719983,0.41059672587085494,nonce-cadce0753a96546734e2,True,False,benign,False,0,"{""attack_ended_at"": 81.0, ""case_opened_at"": 81.0, ""lane_id"": ""g20_g21_0"", ""road_id"": ""g20_g21""}"
cam-1001-veh_001-000079,cam-1001-veh_001-000079,case-grid-1001-veh_001-benign,root-85ce16db9877d9beb398fbc4,1001,veh_001,ps-11b4aa50327f89a0,CAM,81.0,620.9849966277845,1.6,12.737383652644628,0.417416411507876,620.9849966277845,1.6,12.737383652644628,0.417416411507876,nonce-85ce16db9877d9beb398,True,False,benign,False,0,"{""attack_ended_at"": 81.0, ""case_opened_at"": 81.0, ""lane_id"": ""g20_g10_0"", ""road_id"": ""g20_g10""}"
cam-1001-veh_002-000078,cam-1001-veh_002-000078,case-grid-1001-veh_002-benign,root-cc0dca5866268d5d59a92416,1001,veh_002,ps-e0bc27433007a32c,CAM,81.0,798.4,650.5972518312432,12.252982517767087,-0.3161686449637635,798.4,650.5972518312432,12.252982517767087,-0.3161686449637635,nonce-cc0dca5866268d5d59a9,True,False,benign,False,0,"{""attack_ended_at"": 81.0, ""case_opened_at"": 81.0, ""lane_id"": ""g22_g21_0"", ""road_id"": ""g22_g21""}"
cam-1001-veh_003-000077,cam-1001-veh_003-000077,case-grid-1001-veh_003-benign,root-5ed2ef2035d7a9e8eec0e48f,1001,veh_003,ps-13247f0afc865149,CAM,81.0,652.3172948865439,801.6,12.78785604614152,0.07663407001644451,652.3172948865439,801.6,12.78785604614152,0.07663407001644451,nonce-5ed2ef2035d7a9e8eec0,True,False,benign,False,0,"{""attack_ended_at"": 81.0, ""case_opened_at"": 81.0, ""lane_id"": ""g22_g12_0"", ""road_id"": ""g22_g12""}"
cam-1001-veh_004-000076,cam-1001-veh_004-000076,case-grid-1001-veh_004-benign,root-305964f10e8e3f30d5c60f2c,1001,veh_004,ps-b7dd5d779d6fb997,CAM,81.0,788.1464850652212,398.4,12.933614257755787,0.111170474532992,788.1464850652212,398.4,12.933614257755787,0.111170474532992,nonce-305964f10e8e3f30d5c6,True,False,benign,False,0,"{""attack_ended_at"": 81.0, ""case_opened_at"": 81.0, ""lane_id"": ""g11_g21_0"", ""road_id"": ""g11_g21""}"
cam-1001-veh_005-000075,cam-1001-veh_005-000075,case-grid-1001-veh_005-benign,root-0e9fec97d8bdcdba971e3b5a,1001,veh_005,ps-fedb1f4cae953d51,CAM,81.0,16.548763288191253,401.6,12.73536536554002,-0.45359389821533114,16.548763288191253,401.6,12.73536536554002,-0.45359389821533114,nonce-0e9fec97d8bdcdba971e,True,False,benign,False,0,"{""attack_ended_at"": 81.0, ""case_opened_at"": 81.0, ""lane_id"": ""g11_g01_0"", ""road_id"": ""g11_g01""}"
cam-1001-veh_008-000072,cam-1001-veh_008-000072,case-grid-1001-veh_008-benign,root-7db0d1f4899754755270137b,1001,veh_008,ps-0441a16dd8d22b44,CAM,81.0,801.6,83.938254627389,11.70100214269733,0.5459022467535775,801.6,83.938254627389,11.70100214269733,0.5459022467535775,nonce-7db0d1f4899754755270,True,False,benign,False,0,"{""attack_ended_at"": 81.0, ""case_opened_at"": 81.0, ""lane_id"": ""g20_g21_0"", ""road_id"": ""g20_g21""}"
cam-1001-veh_009-000071,cam-1001-veh_009-000071,case-grid-1001-veh_009-benign,root-aca5924f6d5ca16c24130077,1001,veh_009,ps-8e3b87e1d6235c50,CAM,81.0,645.6453306368293,1.6,13.444951970172237,-0.45534720135750995,645.6453306368293,1.6,13.444951970172237,-0.45534720135750995,nonce-aca5924f6d5ca16c2413,True,False,benign,False,0,"{""attack_ended_at"": 81.0, ""case_opened_at"": 81.0, ""lane_id"": ""g20_g10_0"", ""road_id"": ""g20_g10""}"
cam-1001-veh_010-000070,cam-1001-veh_010-000070,case-grid-1001-veh_010-benign,root-0e82bc05599fa5ecdb6da166,1001,veh_010,ps-bf5c5fe0f587553a,CAM,81.0,798.4,672.9397285903029,13.05171936526393,-0.797155058878241,798.4,672.9397285903029,13.05171936526393,-0.797155058878241,nonce-0e82bc05599fa5ecdb6d,True,False,benign,False,0,"{""attack_ended_at"": 81.0, ""case_opened_at"": 81.0, ""lane_id"": ""g22_g21_0"", ""road_id"": ""g22_g21""}"
cam-1001-veh_011-000069,cam-1001-veh_011-000069,case-grid-1001-veh_011-benign,root-3601728af8529f73640704fc,1001,veh_011,ps-298210176c98c50a,CAM,81.0,696.374793577439,801.6,13.525528793523742,-0.20770936374552562,696.374793577439,801.6,13.525528793523742,-0.20770936374552562,nonce-3601728af8529f736407,True,False,benign,False,0,"{""attack_ended_at"": 81.0, ""case_opened_at"": 81.0, ""lane_id"": ""g22_g12_0"", ""road_id"": ""g22_g12""}"
cam-1001-veh_012-000068,cam-1001-veh_012-000068,case-grid-1001-veh_012-benign,root-3f3b38a1962e02e3853e2227,1001,veh_012,ps-a2d8503b0d2b7ea8,CAM,81.0,754.8332308377941,398.4,14.626313569601432,-0.23136251247022166,754.8332308377941,398.4,14.626313569601432,-0.23136251247022166,nonce-3f3b38a1962e02e3853e,True,False,benign,False,0,"{""attack_ended_at"": 81.0, ""case_opened_at"": 81.0, ""lane_id"": ""g11_g21_0"", ""road_id"": ""g11_g21""}"
cam-1001-veh_013-000067,cam-1001-veh_013-000067,case-grid-1001-veh_013-benign,root-c75ed3b4203352a062640170,1001,veh_013,ps-ffb1bac62aa27994,CAM,81.0,66.66260033109978,401.6,13.193277012734168,-0.1432571106730034,66.66260033109978,401.6,13.193277012734168,-0.1432571106730034,nonce-c75ed3b4203352a06264,True,False,benign,False,0,"{""attack_ended_at"": 81.0, ""case_opened_at"": 81.0, ""lane_id"": ""g11_g01_0"", ""road_id"": ""g11_g01""}"
cam-1001-veh_016-000064,cam-1001-veh_016-000064,case-grid-1001-veh_016-benign,root-5a548cfecb08b47d43b84f4b,1001,veh_016,ps-cbbef243035097ce,CAM,81.0,801.6,62.6976859753438,12.086944453403447,-0.5021434209386832,801.6,62.6976859753438,12.086944453403447,-0.5021434209386832,nonce-5a548cfecb08b47d43b8,True,False,benign,False,0,"{""attack_ended_at"": 81.0, ""case_opened_at"": 81.0, ""lane_id"": ""g20_g21_0"", ""road_id"": ""g20_g21""}"
cam-1001-veh_017-000063,cam-1001-veh_017-000063,case-grid-1001-veh_017-benign,root-6682a1ab5081a771bcf070f1,1001,veh_017,ps-c4cb9175e03371fc,CAM,81.0,742.5579323952661,1.6,14.011197241926402,1.1561341876467548,742.5579323952661,1.6,14.011197241926402,1.1561341876467548,nonce-6682a1ab5081a771bcf0,True,False,benign,False,0,"{""attack_ended_at"": 81.0, ""case_opened_at"": 81.0, ""lane_id"": ""g20_g10_0"", ""road_id"": ""g20_g10""}"
cam-1001-veh_018-000062,cam-1001-veh_018-000062,case-grid-1001-veh_018-benign,root-71144163bc217b73b8a3906c,1001,veh_018,ps-f5eb5907dca15325,CAM,81.0,798.4,790.2673609833105,5.7352244392534715,2.1684620575001463,798.4,790.2673609833105,5.7352244392534715,2.1684620575001463,nonce-71144163bc217b73b8a3,True,False,benign,False,0,"{""attack_ended_at"": 81.0, ""case_opened_at"": 81.0, ""lane_id"": ""g22_g21_0"", ""road_id"": ""g22_g21""}"
cam-1001-veh_019-000061,cam-1001-veh_019-000061,case-grid-1001-veh_019-benign,root-315d8566c101b4300127e0c9,1001,veh_019,ps-bfc295509368822d,CAM,81.0,773.1752891651015,801.6,10.498512969471298,2.4245676414249466,773.1752891651015,801.6,10.498512969471298,2.4245676414249466,nonce-315d8566c101b4300127,True,False,benign,False,0,"{""attack_ended_at"": 81.0, ""case_opened_at"": 81.0, ""lane_id"": ""g22_g12_0"", ""road_id"": ""g22_g12""}"
cam-1001-veh_020-000060,cam-1001-veh_020-000060,case-grid-1001-veh_020-benign,root-02e6f3be494d74c8117a4fc6,1001,veh_020,ps-ebb98a241b250d58,CAM,81.0,693.6993293680928,398.4,12.778999501302929,-0.1287591820489613,693.6993293680928,398.4,12.778999501302929,-0.1287591820489613,nonce-02e6f3be494d74c8117a,True,False,benign,False,0,"{""attack_ended_at"": 81.0, ""case_opened_at"": 81.0, ""lane_id"": ""g11_g21_0"", ""road_id"": ""g11_g21""}"
cam-1001-veh_021-000059,cam-1001-veh_021-000059,case-grid-1001-veh_021-benign,root-c5728cc9dd2e49d17d7888a9,1001,veh_021,ps-c17e704b00a194fa,CAM,81.0,88.55082195357971,401.6,13.442083399107782,-0.4682266664794206,88.55082195357971,401.6,13.442083399107782,-0.4682266664794206,nonce-c5728cc9dd2e49d17d78,True,False,benign,False,0,"{""attack_ended_at"": 81.0, ""case_opened_at"": 81.0, ""lane_id"": ""g11_g01_0"", ""road_id"": ""g11_g01""}"
cam-1001-veh_023-000057,cam-1001-veh_023-000057,case-grid-1001-veh_023-benign,root-0a284a94356e194110379426,1001,veh_023,ps-88766211387813b1,CAM,81.0,398.4,27.093274253522168,13.588287834686122,0.2557494679000225,398.4,27.093274253522168,13.588287834686122,0.2557494679000225,nonce-0a284a94356e19411037,True,False,benign,False,0,"{""attack_ended_at"": 81.0, ""case_opened_at"": 81.0, ""lane_id"": ""g11_g10_0"", ""road_id"": ""g11_g10""}"
cam-1001-veh_000-000081,cam-1001-veh_000-000081,case-grid-1001-veh_000-benign,root-d8acdd3e6ba6f20203c12316,1001,veh_000,ps-0b6a8266609a146f,CAM,82.0,801.6,115.76851911799852,11.315465202226774,-0.3402375344932089,801.6,115.76851911799852,11.315465202226774,-0.3402375344932089,nonce-d8acdd3e6ba6f20203c1,True,False,benign,False,0,"{""attack_ended_at"": 82.0, ""case_opened_at"": 82.0, ""lane_id"": ""g20_g21_0"", ""road_id"": ""g20_g21""}"
cam-1001-veh_001-000080,cam-1001-veh_001-000080,case-grid-1001-veh_001-benign,root-87f4eec89934b366364a00a4,1001,veh_001,ps-11b4aa50327f89a0,CAM,82.0,608.031258044087,1.6,12.953738583697401,0.21635493105277348,608.031258044087,1.6,12.953738583697401,0.21635493105277348,nonce-87f4eec89934b366364a,True,False,benign,False,0,"{""attack_ended_at"": 82.0, ""case_opened_at"": 82.0, ""lane_id"": ""g20_g10_0"", ""road_id"": ""g20_g10""}"
cam-1001-veh_002-000079,cam-1001-veh_002-000079,case-grid-1001-veh_002-benign,root-4ebc3f9908a6190df1234c0b,1001,veh_002,ps-e0bc27433007a32c,CAM,82.0,798.4,637.9838759912867,12.613375839956426,0.3603933221893385,798.4,637.9838759912867,12.613375839956426,0.3603933221893385,nonce-4ebc3f9908a6190df123,True,False,benign,False,0,"{""attack_ended_at"": 82.0, ""case_opened_at"": 82.0, ""lane_id"": ""g22_g21_0"", ""road_id"": ""g22_g21""}"
cam-1001-veh_003-000078,cam-1001-veh_003-000078,case-grid-1001-veh_003-benign,root-04e2510c80d30bdc3ef8cabe,1001,veh_003,ps-13247f0afc865149,CAM,82.0,639.8581366868085,801.6,12.45915819973538,-0.32869784640613986,639.8581366868085,801.6,12.45915819973538,-0.32869784640613986,nonce-04e2510c80d30bdc3ef8,True,False,benign,False,0,"{""attack_ended_at"": 82.0, ""case_opened_at"": 82.0, ""lane_id"": ""g22_g12_0"", ""road_id"": ""g22_g12""}"
cam-1001-veh_008-000073,cam-1001-veh_008-000073,case-grid-1001-veh_008-benign,root-279e42aa72702adf98decbc6,1001,veh_008,ps-0441a16dd8d22b44,CAM,82.0,801.6,95.50299794253748,11.564743315148473,-0.13625882754885765,801.6,95.50299794253748,11.564743315148473,-0.13625882754885765,nonce-279e42aa72702adf98de,True,False,benign,False,0,"{""attack_ended_at"": 82.0, ""case_opened_at"": 82.0, ""lane_id"": ""g20_g21_0"", ""road_id"": ""g20_g21""}"
cam-1001-veh_009-000072,cam-1001-veh_009-000072,case-grid-1001-veh_009-benign,root-b1f5f23525db088e8acca5e3,1001,veh_009,ps-8e3b87e1d6235c50,CAM,82.0,631.6679644989442,1.6,13.977366137884985,0.5324141677127479,631.6679644989442,1.6,13.977366137884985,0.5324141677127479,nonce-b1f5f23525db088e8acc,True,False,benign,False,0,"{""attack_ended_at"": 82.0, ""case_opened_at"": 82.0, ""lane_id"": ""g20_g10_0"", ""road_id"": ""g20_g10""}"
cam-1001-veh_010-000071,cam-1001-veh_010-000071,case-grid-1001-veh_010-benign,root-b1a3cd623f7b3090b0709e76,1001,veh_010,ps-bf5c5fe0f587553a,CAM,82.0,798.4,659.9088062285211,13.03092236178188,-0.020797003482050158,798.4,659.9088062285211,13.03092236178188,-0.020797003482050158,nonce-b1a3cd623f7b3090b070,True,False,benign,False,0,"{""attack_ended_at"": 82.0, ""case_opened_at"": 82.0, ""lane_id"": ""g22_g21_0"", ""road_id"": ""g22_g21""}"
cam-1001-veh_011-000070,cam-1001-veh_011-000070,case-grid-1001-veh_011-benign,root-e9454ec1e06c6a0de2cc209b,1001,veh_011,ps-298210176c98c50a,CAM,82.0,682.8093551175251,801.6,13.565438459913901,0.039909666390158804,682.8093551175251,801.6,13.565438459913901,0.039909666390158804,nonce-e9454ec1e06c6a0de2cc,True,False,benign,False,0,"{""attack_ended_at"": 82.0, ""case_opened_at"": 82.0, ""lane_id"": ""g22_g12_0"", ""road_id"": ""g22_g12""}"
cam-1001-veh_012-000069,cam-1001-veh_012-000069,case-grid-1001-veh_012-benign,root-8d8a35889f85b801830960d6,1001,veh_012,ps-a2d8503b0d2b7ea8,CAM,82.0,769.042321314412,398.4,14.209090476617956,-0.4172230929834768,769.042321314412,398.4,14.209090476617956,-0.4172230929834768,nonce-8d8a35889f85b8018309,True,False,benign,False,0,"{""attack_ended_at"": 82.0, ""case_opened_at"": 82.0, ""lane_id"": ""g11_g21_0"", ""road_id"": ""g11_g21""}"
cam-1001-veh_013-000068,cam-1001-veh_013-000068,case-grid-1001-veh_013-benign,root-f853dc163607fa496ddabb32,1001,veh_013,ps-ffb1bac62aa27994,CAM,82.0,53.420261597118895,401.6,13.242338733980858,0.04906172124669084,53.420261597118895,401.6,13.242338733980858,0.04906172124669084,nonce-f853dc163607fa496dda,True,False,benign,False,0,"{""attack_ended_at"": 82.0, ""case_opened_at"": 82.0, ""lane_id"": ""g11_g01_0"", ""road_id"": ""g11_g01""}"
cam-1001-veh_016-000065,cam-1001-veh_016-000065,case-grid-1001-veh_016-benign,root-171fc1571f945ccee3e201bb,1001,veh_016,ps-cbbef243035097ce,CAM,82.0,801.6,74.85850286799804,12.160816892654235,0.07387243925078835,801.6,74.85850286799804,12.160816892654235,0.07387243925078835,nonce-171fc1571f945ccee3e2,True,False,benign,False,0,"{""attack_ended_at"": 82.0, ""case_opened_at"": 82.0, ""lane_id"": ""g20_g21_0"", ""road_id"": ""g20_g21""}"
cam-1001-veh_017-000064,cam-1001-veh_017-000064,case-grid-1001-veh_017-benign,root-15b7bfc986353b5b36020b91,1001,veh_017,ps-c4cb9175e03371fc,CAM,82.0,728.670174232509,1.6,13.887758162757219,-0.12343907916918262,728.670174232509,1.6,13.887758162757219,-0.12343907916918262,nonce-15b7bfc986353b5b3602,True,False,benign,False,0,"{""attack_ended_at"": 82.0, ""case_opened_at"": 82.0, ""lane_id"": ""g20_g10_0"", ""road_id"": ""g20_g10""}"
cam-1001-veh_018-000063,cam-1001-veh_018-000063,case-grid-1001-veh_018-benign,root-ae60bee04983ae95c75aaf31,1001,veh_018,ps-f5eb5907dca15325,CAM,82.0,798.4,782.178140182074,8.089220801236479,2.3539963619830075,798.4,782.178140182074,8.089220801236479,2.3539963619830075,nonce-ae60bee04983ae95c75a,True,False,benign,False,0,"{""attack_ended_at"": 82.0, ""case_opened_at"": 82.0, ""lane_id"": ""g22_g21_0"", ""road_id"": ""g22_g21""}"
cam-1001-veh_019-000062,cam-1001-veh_019-000062,case-grid-1001-veh_019-benign,root-8e04796b4f935e1d282b1a54,1001,veh_019,ps-bfc295509368822d,CAM,82.0,760.0799884887326,801.6,13.095300676368892,2.5967877068975938,760.0799884887326,801.6,13.095300676368892,2.5967877068975938,nonce-8e04796b4f935e1d282b,True,False,benign,False,0,"{""attack_ended_at"": 82.0, ""case_opened_at"": 82.0, ""lane_id"": ""g22_g12_0"", ""road_id"": ""g22_g12""}"
cam-1001-veh_020-000061,cam-1001-veh_020-000061,case-grid-1001-veh_020-benign,root-9ae55911a70f92ca3390a746,1001,veh_020,ps-ebb98a241b250d58,CAM,82.0,706.5789770067825,398.4,12.879647638689816,0.10064813738688727,706.5789770067825,398.4,12.879647638689816,0.10064813738688727,nonce-9ae55911a70f92ca3390,True,False,benign,False,0,"{""attack_ended_at"": 82.0, ""case_opened_at"": 82.0, ""lane_id"": ""g11_g21_0"", ""road_id"": ""g11_g21""}"
cam-1001-veh_021-000060,cam-1001-veh_021-000060,case-grid-1001-veh_021-benign,root-139a0e624f37d035c6ea91dd,1001,veh_021,ps-c17e704b00a194fa,CAM,82.0,74.99585357566104,401.6,13.554968377918646,0.11288497881086457,74.99585357566104,401.6,13.554968377918646,0.11288497881086457,nonce-139a0e624f37d035c6ea,True,False,benign,False,0,"{""attack_ended_at"": 82.0, ""case_opened_at"": 82.0, ""lane_id"": ""g11_g01_0"", ""road_id"": ""g11_g01""}"
cam-1001-veh_023-000058,cam-1001-veh_023-000058,case-grid-1001-veh_023-benign,root-ffde7d7aba4ed0340ea0446a,1001,veh_023,ps-88766211387813b1,CAM,82.0,398.4,13.463718673117683,13.629555580404483,0.041267745718361226,398.4,13.463718673117683,13.629555580404483,0.041267745718361226,nonce-ffde7d7aba4ed0340ea0,True,False,benign,False,0,"{""attack_ended_at"": 82.0, ""case_opened_at"": 82.0, ""lane_id"": ""g11_g10_0"", ""road_id"": ""g11_g10""}"
cam-1001-veh_000-000082,cam-1001-veh_000-000082,case-grid-1001-veh_000-benign,root-59087d5d39563027219c540d,1001,veh_000,ps-0b6a8266609a146f,CAM,83.0,801.6,127.7295943078083,11.961075189809785,0.6456099875830112,801.6,127.7295943078083,11.961075189809785,0.6456099875830112,nonce-59087d5d39563027219c,True,False,benign,False,0,"{""attack_ended_at"": 83.0, ""case_opened_at"": 83.0, ""lane_id"": ""g20_g21_0"", ""road_id"": ""g20_g21""}"
cam-1001-veh_001-000081,cam-1001-veh_001-000081,case-grid-1001-veh_001-benign,root-9384ae89130684233c042078,1001,veh_001,ps-11b4aa50327f89a0,CAM,83.0,595.7396857162,1.6,12.291572327887103,-0.6621662558102983,595.7396857162,1.6,12.291572327887103,-0.6621662558102983,nonce-9384ae89130684233c04,True,False,benign,False,0,"{""attack_ended_at"": 83.0, ""case_opened_at"": 83.0, ""lane_id"": ""g20_g10_0"", ""road_id"": ""g20_g10""}"
cam-1001-veh_002-000080,cam-1001-veh_002-000080,case-grid-1001-veh_002-benign,root-7ff5a1e8486800f83be732bb,1001,veh_002,ps-e0bc27433007a32c,CAM,83.0,798.4,625.6706610415007,12.313214949786053,-0.30016089017037295,798.4,625.6706610415007,12.313214949786053,-0.30016089017037295,nonce-7ff5a1e8486800f83be7,True,False,benign,False,0,"{""attack_ended_at"": 83.0, ""case_opened_at"": 83.0, ""lane_id"": ""g22_g21_0"", ""road_id"": ""g22_g21""}"
cam-1001-veh_003-000079,cam-1001-veh_003-000079,case-grid-1001-veh_003-benign,root-724adeca7999342782a9533a,1001,veh_003,ps-13247f0afc865149,CAM,83.0,627.0039505847699,801.6,12.854186102038645,0.3950279023032639,627.0039505847699,801.6,12.854186102038645,0.3950279023032639,nonce-724adeca7999342782a9,True,False,benign,False,0,"{""attack_ended_at"": 83.0, ""case_opened_at"": 83.0, ""lane_id"": ""g22_g12_0"", ""road_id"": ""g22_g12""}"
cam-1001-veh_008-000074,cam-1001-veh_008-000074,case-grid-1001-veh_008-benign,root-bda332e6d7707f936523d446,1001,veh_008,ps-0441a16dd8d22b44,CAM,83.0,801.6,106.63184728421626,11.128849341678794,-0.4358939734696783,801.6,106.63184728421626,11.128849341678794,-0.4358939734696783,nonce-bda332e6d7707f936523,True,False,benign,False,0,"{""attack_ended_at"": 83.0, ""case_opened_at"": 83.0, ""lane_id"": ""g20_g21_0"", ""road_id"": ""g20_g21""}"
cam-1001-veh_009-000073,cam-1001-veh_009-000073,case-grid-1001-veh_009-benign,root-805a617e53ca1a7c9e7bab65,1001,veh_009,ps-8e3b87e1d6235c50,CAM,83.0,618.1891857826456,1.6,13.478778716298702,-0.4985874215862829,618.1891857826456,1.6,13.478778716298702,-0.4985874215862829,nonce-805a617e53ca1a7c9e7b,True,False,benign,False,0,"{""attack_ended_at"": 83.0, ""case_opened_at"": 83.0, ""lane_id"": ""g20_g10_0"", ""road_id"": ""g20_g10""}"
cam-1001-veh_010-000072,cam-1001-veh_010-000072,case-grid-1001-veh_010-benign,root-3b8c46f7b985c55667306b70,1001,veh_010,ps-bf5c5fe0f587553a,CAM,83.0,798.4,647.0910832356283,12.817722992892836,-0.21319936888904323,798.4,647.0910832356283,12.817722992892836,-0.21319936888904323,nonce-3b8c46f7b985c5566730,True,False,benign,False,0,"{""attack_ended_at"": 83.0, ""case_opened_at"": 83.0, ""lane_id"": ""g22_g21_0"", ""road_id"": ""g22_g21""}"
cam-1001-veh_011-000071,cam-1001-veh_011-000071,case-grid-1001-veh_011-benign,root-ceb0ff7149b91a50955d5c7b,1001,veh_011,ps-298210176c98c50a,CAM,83.0,669.1417152728768,801.6,13.667639844648264,0.10220138473436258,669.1417152728768,801.6,13.667639844648264,0.10220138473436258,nonce-ceb0ff7149b91a50955d,True,False,benign,False,0,"{""attack_ended_at"": 83.0, ""case_opened_at"": 83.0, ""lane_id"": ""g22_g12_0"", ""road_id"": ""g22_g12""}"
cam-1001-veh_012-000070,cam-1001-veh_012-000070,case-grid-1001-veh_012-benign,root-ae0e938099d429108bf4f140,1001,veh_012,ps-a2d8503b0d2b7ea8,CAM,83.0,783.2956060903387,398.4,14.253284775926538,0.04419429930858243,783.2956060903387,398.4,14.253284775926538,0.04419429930858243,nonce-ae0e938099d429108bf4,True,False,benign,False,0,"{""attack_ended_at"": 83.0, ""case_opened_at"": 83.0, ""lane_id"": ""g11_g21_0"", ""road_id"": ""g11_g21""}"
cam-1001-veh_013-000069,cam-1001-veh_013-000069,case-grid-1001-veh_013-benign,root-439522add46f92c80f33e938,1001,veh_013,ps-ffb1bac62aa27994,CAM,83.0,40.3753801173923,401.6,13.044881479726598,-0.1974572542542603,40.3753801173923,401.6,13.044881479726598,-0.1974572542542603,nonce-439522add46f92c80f33,True,False,benign,False,0,"{""attack_ended_at"": 83.0, ""case_opened_at"": 83.0, ""lane_id"": ""g11_g01_0"", ""road_id"": ""g11_g01""}"
cam-1001-veh_016-000066,cam-1001-veh_016-000066,case-grid-1001-veh_016-benign,root-aed58048c30282506db7041c,1001,veh_016,ps-cbbef243035097ce,CAM,83.0,801.6,86.28641267363757,11.427909805639537,-0.7329070870146985,801.6,86.28641267363757,11.427909805639537,-0.7329070870146985,nonce-aed58048c30282506db7,True,False,benign,False,0,"{""attack_ended_at"": 83.0, ""case_opened_at"": 83.0, ""lane_id"": ""g20_g21_0"", ""road_id"": ""g20_g21""}"
cam-1001-veh_017-000065,cam-1001-veh_017-000065,case-grid-1001-veh_017-benign,root-e71a7d52f6b5392410ec2e70,1001,veh_017,ps-c4cb9175e03371fc,CAM,83.0,714.3443596161642,1.6,14.325814616344706,0.4380564535874871,714.3443596161642,1.6,14.325814616344706,0.4380564535874871,nonce-e71a7d52f6b5392410ec,True,False,benign,False,0,"{""attack_ended_at"": 83.0, ""case_opened_at"": 83.0, ""lane_id"": ""g20_g10_0"", ""road_id"": ""g20_g10""}"
cam-1001-veh_018-000064,cam-1001-veh_018-000064,case-grid-1001-veh_018-benign,root-93e017ff86ccbd38163365c1,1001,veh_018,ps-f5eb5907dca15325,CAM,83.0,798.4,772.1440995445982,10.034040637475808,1.9448198362393292,798.4,772.1440995445982,10.034040637475808,1.9448198362393292,nonce-93e017ff86ccbd381633,True,False,benign,False,0,"{""attack_ended_at"": 83.0, ""case_opened_at"": 83.0, ""lane_id"": ""g22_g21_0"", ""road_id"": ""g22_g21""}"
cam-1001-veh_019-000063,cam-1001-veh_019-000063,case-grid-1001-veh_019-benign,root-43fd2ed817ba32448dfd129f,1001,veh_019,ps-bfc295509368822d,CAM,83.0,746.3349541737066,801.6,13.745034315025942,0.6497336386570502,746.3349541737066,801.6,13.745034315025942,0.6497336386570502,nonce-43fd2ed817ba32448dfd,True,False,benign,False,0,"{""attack_ended_at"": 83.0, ""case_opened_at"": 83.0, ""lane_id"": ""g22_g12_0"", ""road_id"": ""g22_g12""}"
cam-1001-veh_020-000062,cam-1001-veh_020-000062,case-grid-1001-veh_020-benign,root-06cb75534b9afe248bb55dd4,1001,veh_020,ps-ebb98a241b250d58,CAM,83.0,719.5913712473034,398.4,13.012394240520985,0.13274660183116893,719.5913712473034,398.4,13.012394240520985,0.13274660183116893,nonce-06cb75534b9afe248bb5,True,False,benign,False,0,"{""attack_ended_at"": 83.0, ""case_opened_at"": 83.0, ""lane_id"": ""g11_g21_0"", ""road_id"": ""g11_g21""}"
cam-1001-veh_021-000061,cam-1001-veh_021-000061,case-grid-1001-veh_021-benign,root-447e658dab4d625a7aa4c27d,1001,veh_021,ps-c17e704b00a194fa,CAM,83.0,61.960584936824716,401.6,13.035268638836342,-0.5196997390823039,61.960584936824716,401.6,13.035268638836342,-0.5196997390823039,nonce-447e658dab4d625a7aa4,True,False,benign,False,0,"{""attack_ended_at"": 83.0, ""case_opened_at"": 83.0, ""lane_id"": ""g11_g01_0"", ""road_id"": ""g11_g01""}"
cam-1001-veh_000-000083,cam-1001-veh_000-000083,case-grid-1001-veh_000-benign,root-9ee3f400e9d94947020fdc71,1001,veh_000,ps-0b6a8266609a146f,CAM,84.0,801.6,139.20833847548215,11.478744167673872,-0.48233102213591295,801.6,139.20833847548215,11.478744167673872,-0.48233102213591295,nonce-9ee3f400e9d94947020f,True,False,benign,False,0,"{""attack_ended_at"": 84.0, ""case_opened_at"": 84.0, ""lane_id"": ""g20_g21_0"", ""road_id"": ""g20_g21""}"
cam-1001-veh_001-000082,cam-1001-veh_001-000082,case-grid-1001-veh_001-benign,root-34497edc1b961a401fcbe23b,1001,veh_001,ps-11b4aa50327f89a0,CAM,84.0,583.3074297268091,1.6,12.43225598939082,0.1406836615037168,583.3074297268091,1.6,12.43225598939082,0.1406836615037168,nonce-34497edc1b961a401fcb,True,False,benign,False,0,"{""attack_ended_at"": 84.0, ""case_opened_at"": 84.0, ""lane_id"": ""g20_g10_0"", ""road_id"": ""g20_g10""}"
cam-1001-veh_002-000081,cam-1001-veh_002-000081,case-grid-1001-veh_002-benign,root-38e1da24757f7f23e434f8e1,1001,veh_002,ps-e0bc27433007a32c,CAM,84.0,798.4,613.2411897565325,12.429471284968168,0.11625633518211487,798.4,613.2411897565325,12.429471284968168,0.11625633518211487,nonce-38e1da24757f7f23e434,True,False,benign,False,0,"{""attack_ended_at"": 84.0, ""case_opened_at"": 84.0, ""lane_id"": ""g22_g21_0"", ""road_id"": ""g22_g21""}"
cam-1001-veh_003-000080,cam-1001-veh_003-000080,case-grid-1001-veh_003-benign,root-a05725b47178fe7500db67a0,1001,veh_003,ps-13247f0afc865149,CAM,84.0,614.101452117095,801.6,12.902498467674874,0.04831236563622987,614.101452117095,801.6,12.902498467674874,0.04831236563622987,nonce-a05725b47178fe7500db,True,False,benign,False,0,"{""attack_ended_at"": 84.0, ""case_opened_at"": 84.0, ""lane_id"": ""g22_g12_0"", ""road_id"": ""g22_g12""}"
cam-1001-veh_008-000075,cam-1001-veh_008-000075,case-grid-1001-veh_008-benign,root-ed35c8a3d42a6ec879ee72c4,1001,veh_008,ps-0441a16dd8d22b44,CAM,84.0,801.6,118.96076253549032,12.328915251274058,1.2000659095952635,801.6,118.96076253549032,12.328915251274058,1.2000659095952635,nonce-ed35c8a3d42a6ec879ee,True,False,benign,False,0,"{""attack_ended_at"": 84.0, ""case_opened_at"": 84.0, ""lane_id"": ""g20_g21_0"", ""road_id"": ""g20_g21""}"
cam-1001-veh_009-000074,cam-1001-veh_009-000074,case-grid-1001-veh_009-benign,root-0fbaf4a1e275188dc24b7abc,1001,veh_009,ps-8e3b87e1d6235c50,CAM,84.0,605.2524301925386,1.6,12.936755590107067,-0.5420231261916353,605.2524301925386,1.6,12.936755590107067,-0.5420231261916353,nonce-0fbaf4a1e275188dc24b,True,False,benign,False,0,"{""attack_ended_at"": 84.0, ""case_opened_at"": 84.0, ""lane_id"": ""g20_g10_0"", ""road_id"": ""g20_g10""}"
cam-1001-veh_010-000073,cam-1001-veh_010-000073,case-grid-1001-veh_010-benign,root-f58343d5ec0ae734ad71fc6a,1001,veh_010,ps-bf5c5fe0f587553a,CAM,84.0,798.4,634.8073626385132,12.283720597115135,-0.5340023957777014,798.4,634.8073626385132,12.283720597115135,-0.5340023957777014,nonce-f58343d5ec0ae734ad71,True,False,benign,False,0,"{""attack_ended_at"": 84.0, ""case_opened_at"": 84.0, ""lane_id"": ""g22_g21_0"", ""road_id"": ""g22_g21""}"
cam-1001-veh_011-000072,cam-1001-veh_011-000072,case-grid-1001-veh_011-benign,root-f9fb670db8856a2a9f5132b4,1001,veh_011,ps-298210176c98c50a,CAM,84.0,655.9434600924837,801.6,13.198255180393069,-0.46938466425519465,655.9434600924837,801.6,13.198255180393069,-0.46938466425519465,nonce-f9fb670db8856a2a9f51,True,False,benign,False,0,"{""attack_ended_at"": 84.0, ""case_opened_at"": 84.0, ""lane_id"": ""g22_g12_0"", ""road_id"": ""g22_g12""}"
cam-1001-veh_013-000070,cam-1001-veh_013-000070,case-grid-1001-veh_013-benign,root-0a9d2f386d59613f4d123170,1001,veh_013,ps-ffb1bac62aa27994,CAM,84.0,27.4529538006351,401.6,12.92242631675718,-0.12245516296941794,27.4529538006351,401.6,12.92242631675718,-0.12245516296941794,nonce-0a9d2f386d59613f4d12,True,False,benign,False,0,"{""attack_ended_at"": 84.0, ""case_opened_at"": 84.0, ""lane_id"": ""g11_g01_0"", ""road_id"": ""g11_g01""}"
cam-1001-veh_016-000067,cam-1001-veh_016-000067,case-grid-1001-veh_016-benign,root-4898fef13d602b5e70ac54ad,1001,veh_016,ps-cbbef243035097ce,CAM,84.0,801.6,97.55481775645082,11.268405082813242,-0.1595047228262949,801.6,97.55481775645082,11.268405082813242,-0.1595047228262949,nonce-4898fef13d602b5e70ac,True,False,benign,False,0,"{""attack_ended_at"": 84.0, ""case_opened_at"": 84.0, ""lane_id"": ""g20_g21_0"", ""road_id"": ""g20_g21""}"
cam-1001-veh_017-000066,cam-1001-veh_017-000066,case-grid-1001-veh_017-benign,root-b02614077f4a2a594ef577a4,1001,veh_017,ps-c4cb9175e03371fc,CAM,84.0,700.1345072319008,1.6,14.209852384263487,-0.1159622320812197,700.1345072319008,1.6,14.209852384263487,-0.1159622320812197,nonce-b02614077f4a2a594ef5,True,False,benign,False,0,"{""attack_ended_at"": 84.0, ""case_opened_at"": 84.0, ""lane_id"": ""g20_g10_0"", ""road_id"": ""g20_g10""}"
cam-1001-veh_018-000065,cam-1001-veh_018-000065,case-grid-1001-veh_018-benign,root-dfb626b0d1c67c5b534d9d44,1001,veh_018,ps-f5eb5907dca15325,CAM,84.0,798.4,759.927802971067,12.216296573531253,2.1822559360554443,798.4,759.927802971067,12.216296573531253,2.1822559360554443,nonce-dfb626b0d1c67c5b534d,True,False,benign,False,0,"{""attack_ended_at"": 84.0, ""case_opened_at"": 84.0, ""lane_id"": ""g22_g21_0"", ""road_id"": ""g22_g21""}"
cam-1001-veh_019-000064,cam-1001-veh_019-000064,case-grid-1001-veh_019-benign,root-a84299a9d8f4a90da42f10d8,1001,veh_019,ps-bfc295509368822d,CAM,84.0,732.3773648468765,801.6,13.957589326830156,0.21255501180421454,732.3773648468765,801.6,13.957589326830156,0.21255501180421454,nonce-a84299a9d8f4a90da42f,True,False,benign,False,0,"{""attack_ended_at"": 84.0, ""case_opened_at"": 84.0, ""lane_id"": ""g22_g12_0"", ""road_id"": ""g22_g12""}"
cam-1001-veh_020-000063,cam-1001-veh_020-000063,case-grid-1001-veh_020-benign,root-02e594d1a6d17f4123ca9b34,1001,veh_020,ps-ebb98a241b250d58,CAM,84.0,731.9984302319306,398.4,12.407058984627106,-0.6053352558938787,731.9984302319306,398.4,12.407058984627106,-0.6053352558938787,nonce-02e594d1a6d17f4123ca,True,False,benign,False,0,"{""attack_ended_at"": 84.0, ""case_opened_at"": 84.0, ""lane_id"": ""g11_g21_0"", ""road_id"": ""g11_g21""}"
cam-1001-veh_021-000062,cam-1001-veh_021-000062,case-grid-1001-veh_021-benign,root-061eeb21940dbf62a003747a,1001,veh_021,ps-c17e704b00a194fa,CAM,84.0,48.740472729512305,401.6,13.220112207312406,0.18484356847606342,48.740472729512305,401.6,13.220112207312406,0.18484356847606342,nonce-061eeb21940dbf62a003,True,False,benign,False,0,"{""attack_ended_at"": 84.0, ""case_opened_at"": 84.0, ""lane_id"": ""g11_g01_0"", ""road_id"": ""g11_g01""}"
cam-1001-veh_000-000084,cam-1001-veh_000-000084,case-grid-1001-veh_000-benign,root-e83e99514f27f774c9680dcc,1001,veh_000,ps-0b6a8266609a146f,CAM,85.0,801.6,151.16598887478102,11.957650399298878,0.4789062316250057,801.6,151.16598887478102,11.957650399298878,0.4789062316250057,nonce-e83e99514f27f774c968,True,False,benign,False,0,"{""attack_ended_at"": 85.0, ""case_opened_at"": 85.0, ""lane_id"": ""g20_g21_0"", ""road_id"": ""g20_g21""}"
cam-1001-veh_001-000083,cam-1001-veh_001-000083,case-grid-1001-veh_001-benign,root-14f0dbb2183de8eb3887128a,1001,veh_001,ps-11b4aa50327f89a0,CAM,85.0,570.5335051032364,1.6,12.773924623572663,0.34166863418184334,570.5335051032364,1.6,12.773924623572663,0.34166863418184334,nonce-14f0dbb2183de8eb3887,True,False,benign,False,0,"{""attack_ended_at"": 85.0, ""case_opened_at"": 85.0, ""lane_id"": ""g20_g10_0"", ""road_id"": ""g20_g10""}"
cam-1001-veh_002-000082,cam-1001-veh_002-000082,case-grid-1001-veh_002-benign,root-3864fb7e0231915c775ac48a,1001,veh_002,ps-e0bc27433007a32c,CAM,85.0,798.4,600.3074510807004,12.933738675832137,0.5042673908639692,798.4,600.3074510807004,12.933738675832137,0.5042673908639692,nonce-3864fb7e0231915c775a,True,False,benign,False,0,"{""attack_ended_at"": 85.0, ""case_opened_at"": 85.0, ""lane_id"": ""g22_g21_0"", ""road_id"": ""g22_g21""}"
cam-1001-veh_003-000081,cam-1001-veh_003-000081,case-grid-1001-veh_003-benign,root-7251682d9889621a860bf975,1001,veh_003,ps-13247f0afc865149,CAM,85.0,601.2553524897246,801.6,12.84609962737041,-0.05639884030446396,601.2553524897246,801.6,12.84609962737041,-0.05639884030446396,nonce-7251682d9889621a860b,True,False,benign,False,0,"{""attack_ended_at"": 85.0, ""case_opened_at"": 85.0, ""lane_id"": ""g22_g12_0"", ""road_id"": ""g22_g12""}"
cam-1001-veh_008-000076,cam-1001-veh_008-000076,case-grid-1001-veh_008-benign,root-9908c37b0d3d80ad472874d0,1001,veh_008,ps-0441a16dd8d22b44,CAM,85.0,801.6,130.64370148131502,11.6829389458247,-0.6459763054493575,801.6,130.64370148131502,11.6829389458247,-0.6459763054493575,nonce-9908c37b0d3d80ad4728,True,False,benign,False,0,"{""attack_ended_at"": 85.0, ""case_opened_at"": 85.0, ""lane_id"": ""g20_g21_0"", ""road_id"": ""g20_g21""}"
cam-1001-veh_009-000075,cam-1001-veh_009-000075,case-grid-1001-veh_009-benign,root-5c8cc7aa006c0b0e3c10d02b,1001,veh_009,ps-8e3b87e1d6235c50,CAM,85.0,592.2490834772434,1.6,13.003346715295054,0.06659112518798693,592.2490834772434,1.6,13.003346715295054,0.06659112518798693,nonce-5c8cc7aa006c0b0e3c10,True,False,benign,False,0,"{""attack_ended_at"": 85.0, ""case_opened_at"": 85.0, ""lane_id"": ""g20_g10_0"", ""road_id"": ""g20_g10""}"
cam-1001-veh_010-000074,cam-1001-veh_010-000074,case-grid-1001-veh_010-benign,root-637496e8e2da57ceeb140d28,1001,veh_010,ps-bf5c5fe0f587553a,CAM,85.0,798.4,621.9307728573515,12.876589781161671,0.5928691840465365,798.4,621.9307728573515,12.876589781161671,0.5928691840465365,nonce-637496e8e2da57ceeb14,True,False,benign,False,0,"{""attack_ended_at"": 85.0, ""case_opened_at"": 85.0, ""lane_id"": ""g22_g21_0"", ""road_id"": ""g22_g21""}"
cam-1001-veh_011-000073,cam-1001-veh_011-000073,case-grid-1001-veh_011-benign,root-c4d0730e39e5960a6ce92227,1001,veh_011,ps-298210176c98c50a,CAM,85.0,642.7499356297702,801.6,13.193524462713583,-0.004730717679485963,642.7499356297702,801.6,13.193524462713583,-0.004730717679485963,nonce-c4d0730e39e5960a6ce9,True,False,benign,False,0,"{""attack_ended_at"": 85.0, ""case_opened_at"": 85.0, ""lane_id"": ""g22_g12_0"", ""road_id"": ""g22_g12""}"
cam-1001-veh_013-000071,cam-1001-veh_013-000071,case-grid-1001-veh_013-benign,root-88ebb6dde1f1103d592296c8,1001,veh_013,ps-ffb1bac62aa27994,CAM,85.0,14.25064948931913,401.6,13.202304311315954,0.27987799455877393,14.25064948931913,401.6,13.202304311315954,0.27987799455877393,nonce-88ebb6dde1f1103d5922,True,False,benign,False,0,"{""attack_ended_at"": 85.0, ""case_opened_at"": 85.0, ""lane_id"": ""g11_g01_0"", ""road_id"": ""g11_g01""}"
cam-1001-veh_016-000068,cam-1001-veh_016-000068,case-grid-1001-veh_016-benign,root-44cf400d5645eb812e9e0e9d,1001,veh_016,ps-cbbef243035097ce,CAM,85.0,801.6,110.31424557009596,12.759427813645146,1.4910227308319044,801.6,110.31424557009596,12.759427813645146,1.4910227308319044,nonce-44cf400d5645eb812e9e,True,False,benign,False,0,"{""attack_ended_at"": 85.0, ""case_opened_at"": 85.0, ""lane_id"": ""g20_g21_0"", ""road_id"": ""g20_g21""}"
cam-1001-veh_017-000067,cam-1001-veh_017-000067,case-grid-1001-veh_017-benign,root-97b1379f1a4d539b60cbc97e,1001,veh_017,ps-c4cb9175e03371fc,CAM,85.0,685.5438648757315,1.6,14.590642356169246,0.3807899719057595,685.5438648757315,1.6,14.590642356169246,0.3807899719057595,nonce-97b1379f1a4d539b60cb,True,False,benign,False,0,"{""attack_ended_at"": 85.0, ""case_opened_at"": 85.0, ""lane_id"": ""g20_g10_0"", ""road_id"": ""g20_g10""}"
cam-1001-veh_018-000066,cam-1001-veh_018-000066,case-grid-1001-veh_018-benign,root-cd2c2e43a5324584413a228b,1001,veh_018,ps-f5eb5907dca15325,CAM,85.0,798.4,746.6060639347305,13.321739036336393,1.10544246280514,798.4,746.6060639347305,13.321739036336393,1.10544246280514,nonce-cd2c2e43a5324584413a,True,False,benign,False,0,"{""attack_ended_at"": 85.0, ""case_opened_at"": 85.0, ""lane_id"": ""g22_g21_0"", ""road_id"": ""g22_g21""}"
cam-1001-veh_019-000065,cam-1001-veh_019-000065,case-grid-1001-veh_019-benign,root-4056c6f4576058d122c677f8,1001,veh_019,ps-bfc295509368822d,CAM,85.0,718.2294040818281,801.6,14.147960765048438,0.19037143821828195,718.2294040818281,801.6,14.147960765048438,0.19037143821828195,nonce-4056c6f4576058d122c6,True,False,benign,False,0,"{""attack_ended_at"": 85.0, ""case_opened_at"": 85.0, ""lane_id"": ""g22_g12_0"", ""road_id"": ""g22_g12""}"
cam-1001-veh_020-000064,cam-1001-veh_020-000064,case-grid-1001-veh_020-benign,root-ee239de5a59099ebedd1a673,1001,veh_020,ps-ebb98a241b250d58,CAM,85.0,744.9945812717303,398.4,12.996151039799765,0.5890920551726584,744.9945812717303,398.4,12.996151039799765,0.5890920551726584,nonce-ee239de5a59099ebedd1,True,False,benign,False,0,"{""attack_ended_at"": 85.0, ""case_opened_at"": 85.0, ""lane_id"": ""g11_g21_0"", ""road_id"": ""g11_g21""}"
cam-1001-veh_021-000063,cam-1001-veh_021-000063,case-grid-1001-veh_021-benign,root-cce4f6020dd07ae180757859,1001,veh_021,ps-c17e704b00a194fa,CAM,85.0,36.245654853682424,401.6,12.494817875829852,-0.7252943314825533,36.245654853682424,401.6,12.494817875829852,-0.7252943314825533,nonce-cce4f6020dd07ae18075,True,False,benign,False,0,"{""attack_ended_at"": 85.0, ""case_opened_at"": 85.0, ""lane_id"": ""g11_g01_0"", ""road_id"": ""g11_g01""}"
cam-1001-veh_000-000085,cam-1001-veh_000-000085,case-grid-1001-veh_000-benign,root-d5caf6fdb85713430b0fed8e,1001,veh_000,ps-0b6a8266609a146f,CAM,86.0,801.6,162.67316930146757,11.507180426686542,-0.45046997261233557,801.6,162.67316930146757,11.507180426686542,-0.45046997261233557,nonce-d5caf6fdb85713430b0f,True,False,benign,False,0,"{""attack_ended_at"": 86.0, ""case_opened_at"": 86.0, ""lane_id"": ""g20_g21_0"", ""road_id"": ""g20_g21""}"
cam-1001-veh_001-000084,cam-1001-veh_001-000084,case-grid-1001-veh_001-benign,root-9fb12328af0cbe2e6771ada5,1001,veh_001,ps-11b4aa50327f89a0,CAM,86.0,557.7802446995667,1.6,12.753260403669834,-0.020664219902828407,557.7802446995667,1.6,12.753260403669834,-0.020664219902828407,nonce-9fb12328af0cbe2e6771,True,False,benign,False,0,"{""attack_ended_at"": 86.0, ""case_opened_at"": 86.0, ""lane_id"": ""g20_g10_0"", ""road_id"": ""g20_g10""}"
cam-1001-veh_002-000083,cam-1001-veh_002-000083,case-grid-1001-veh_002-benign,root-ea4ebc73a1bc571bcb8bda89,1001,veh_002,ps-e0bc27433007a32c,CAM,86.0,798.4,587.6699980257636,12.637453054936923,-0.2962856208952136,798.4,587.6699980257636,12.637453054936923,-0.2962856208952136,nonce-ea4ebc73a1bc571bcb8b,True,False,benign,False,0,"{""attack_ended_at"": 86.0, ""case_opened_at"": 86.0, ""lane_id"": ""g22_g21_0"", ""road_id"": ""g22_g21""}"
cam-1001-veh_003-000082,cam-1001-veh_003-000082,case-grid-1001-veh_003-benign,root-ad7e11d83db65d29d5a2d412,1001,veh_003,ps-13247f0afc865149,CAM,86.0,588.3330294415834,801.6,12.922323048141248,0.07622342077083744,588.3330294415834,801.6,12.922323048141248,0.07622342077083744,nonce-ad7e11d83db65d29d5a2,True,False,benign,False,0,"{""attack_ended_at"": 86.0, ""case_opened_at"": 86.0, ""lane_id"": ""g22_g12_0"", ""road_id"": ""g22_g12""}"
cam-1001-veh_008-000077,cam-1001-veh_008-000077,case-grid-1001-veh_008-benign,root-527deeefb6f41be14355928a,1001,veh_008,ps-0441a16dd8d22b44,CAM,86.0,801.6,142.35758171090063,11.713880229585618,0.030941283760917315,801.6,142.35758171090063,11.713880229585618,0.030941283760917315,nonce-527deeefb6f41be14355,True,False,benign,False,0,"{""attack_ended_at"": 86.0, ""case_opened_at"": 86.0, ""lane_id"": ""g20_g21_0"", ""road_id"": ""g20_g21""}"
cam-1001-veh_009-000076,cam-1001-veh_009-000076,case-grid-1001-veh_009-benign,root-6fc654e06f15a92eac97b5da,1001,veh_009,ps-8e3b87e1d6235c50,CAM,86.0,579.2261919649603,1.6,13.022891512283142,0.019544796988087754,579.2261919649603,1.6,13.022891512283142,0.019544796988087754,nonce-6fc654e06f15a92eac97,True,False,benign,False,0,"{""attack_ended_at"": 86.0, ""case_opened_at"": 86.0, ""lane_id"": ""g20_g10_0"", ""road_id"": ""g20_g10""}"
cam-1001-veh_010-000075,cam-1001-veh_010-000075,case-grid-1001-veh_010-benign,root-ec84d27ace67e83d1a4219eb,1001,veh_010,ps-bf5c5fe0f587553a,CAM,86.0,798.4,608.8838951804942,13.046877676857303,0.17028789569563152,798.4,608.8838951804942,13.046877676857303,0.17028789569563152,nonce-ec84d27ace67e83d1a42,True,False,benign,False,0,"{""attack_ended_at"": 86.0, ""case_opened_at"": 86.0, ""lane_id"": ""g22_g21_0"", ""road_id"": ""g22_g21""}"
cam-1001-veh_011-000074,cam-1001-veh_011-000074,case-grid-1001-veh_011-benign,root-5aece67aa40bae3df36d91d5,1001,veh_011,ps-298210176c98c50a,CAM,86.0,629.3273126046633,801.6,13.42262302510692,0.2290985623933377,629.3273126046633,801.6,13.42262302510692,0.2290985623933377,nonce-5aece67aa40bae3df36d,True,False,benign,False,0,"{""attack_ended_at"": 86.0, ""case_opened_at"": 86.0, ""lane_id"": ""g22_g12_0"", ""road_id"": ""g22_g12""}"
cam-1001-veh_016-000069,cam-1001-veh_016-000069,case-grid-1001-veh_016-benign,root-96cd4ad992d6a680c5ef65ac,1001,veh_016,ps-cbbef243035097ce,CAM,86.0,801.6,121.8125044517058,11.49825888160984,-1.2611689320353072,801.6,121.8125044517058,11.49825888160984,-1.2611689320353072,nonce-96cd4ad992d6a680c5ef,True,False,benign,False,0,"{""attack_ended_at"": 86.0, ""case_opened_at"": 86.0, ""lane_id"": ""g20_g21_0"", ""road_id"": ""g20_g21""}"
cam-1001-veh_017-000068,cam-1001-veh_017-000068,case-grid-1001-veh_017-benign,root-53d14dd3404ee107909c18da,1001,veh_017,ps-c4cb9175e03371fc,CAM,86.0,671.4635379796825,1.6,14.08032689604892,-0.5103154601203261,671.4635379796825,1.6,14.08032689604892,-0.5103154601203261,nonce-53d14dd3404ee107909c,True,False,benign,False,0,"{""attack_ended_at"": 86.0, ""case_opened_at"": 86.0, ""lane_id"": ""g20_g10_0"", ""road_id"": ""g20_g10""}"
cam-1001-veh_018-000067,cam-1001-veh_018-000067,case-grid-1001-veh_018-benign,root-93501c3f68eea57b80f91bc4,1001,veh_018,ps-f5eb5907dca15325,CAM,86.0,798.4,733.0270096469347,13.57905428779576,0.2573152514593673,798.4,733.0270096469347,13.57905428779576,0.2573152514593673,nonce-93501c3f68eea57b80f9,True,False,benign,False,0,"{""attack_ended_at"": 86.0, ""case_opened_at"": 86.0, ""lane_id"": ""g22_g21_0"", ""road_id"": ""g22_g21""}"
cam-1001-veh_019-000066,cam-1001-veh_019-000066,case-grid-1001-veh_019-benign,root-cb0adbed79b1df4ea66084c4,1001,veh_019,ps-bfc295509368822d,CAM,86.0,703.813159283103,801.6,14.416244798725048,0.26828403367660947,703.813159283103,801.6,14.416244798725048,0.26828403367660947,nonce-cb0adbed79b1df4ea660,True,False,benign,False,0,"{""attack_ended_at"": 86.0, ""case_opened_at"": 86.0, ""lane_id"": ""g22_g12_0"", ""road_id"": ""g22_g12""}"
cam-1001-veh_020-000065,cam-1001-veh_020-000065,case-grid-1001-veh_020-benign,root-f7bdc2c849d8f1dc05edb4ae,1001,veh_020,ps-ebb98a241b250d58,CAM,86.0,757.8657214953314,398.4,12.871140223600992,-0.1250108161987722,757.8657214953314,398.4,12.871140223600992,-0.1250108161987722,nonce-f7bdc2c849d8f1dc05ed,True,False,benign,False,0,"{""attack_ended_at"": 86.0, ""case_opened_at"": 86.0, ""lane_id"": ""g11_g21_0"", ""road_id"": ""g11_g21""}"
cam-1001-veh_021-000064,cam-1001-veh_021-000064,case-grid-1001-veh_021-benign,root-b32ab76846e17c933c362018,1001,veh_021,ps-c17e704b00a194fa,CAM,86.0,22.829765135106072,401.6,13.415889718576366,0.9210718427465139,22.829765135106072,401.6,13.415889718576366,0.9210718427465139,nonce-b32ab76846e17c933c36,True,False,benign,False,0,"{""attack_ended_at"": 86.0, ""case_opened_at"": 86.0, ""lane_id"": ""g11_g01_0"", ""road_id"": ""g11_g01""}"
cam-1001-veh_000-000086,cam-1001-veh_000-000086,case-grid-1001-veh_000-benign,root-d247852498aec2f4cde1626b,1001,veh_000,ps-0b6a8266609a146f,CAM,87.0,801.6,174.39047126253703,11.717301961069467,0.21012153438292458,801.6,174.39047126253703,11.717301961069467,0.21012153438292458,nonce-d247852498aec2f4cde1,True,False,benign,False,0,"{""attack_ended_at"": 87.0, ""case_opened_at"": 87.0, ""lane_id"": ""g20_g21_0"", ""road_id"": ""g20_g21""}"
cam-1001-veh_001-000085,cam-1001-veh_001-000085,case-grid-1001-veh_001-benign,root-8be90f64d18dc451b4d104c9,1001,veh_001,ps-11b4aa50327f89a0,CAM,87.0,545.1372405035846,1.6,12.643004195982053,-0.11025620768778133,545.1372405035846,1.6,12.643004195982053,-0.11025620768778133,nonce-8be90f64d18dc451b4d1,True,False,benign,False,0,"{""attack_ended_at"": 87.0, ""case_opened_at"": 87.0, ""lane_id"": ""g20_g10_0"", ""road_id"": ""g20_g10""}"
cam-1001-veh_002-000084,cam-1001-veh_002-000084,case-grid-1001-veh_002-benign,root-3b119cc52d5b4a294ddab7f2,1001,veh_002,ps-e0bc27433007a32c,CAM,87.0,798.4,574.8432112085608,12.826786817202665,0.1893337622657416,798.4,574.8432112085608,12.826786817202665,0.1893337622657416,nonce-3b119cc52d5b4a294dda,True,False,benign,False,0,"{""attack_ended_at"": 87.0, ""case_opened_at"": 87.0, ""lane_id"": ""g22_g21_0"", ""road_id"": ""g22_g21""}"
cam-1001-veh_003-000083,cam-1001-veh_003-000083,case-grid-1001-veh_003-benign,root-38a809710e46ada07dfa26c7,1001,veh_003,ps-13247f0afc865149,CAM,87.0,575.8840279868506,801.6,12.449001454732775,-0.4733215934084729,575.8840279868506,801.6,12.449001454732775,-0.4733215934084729,nonce-38a809710e46ada07dfa,True,False,benign,False,0,"{""attack_ended_at"": 87.0, ""case_opened_at"": 87.0, ""lane_id"": ""g22_g12_0"", ""road_id"": ""g22_g12""}"
cam-1001-veh_008-000078,cam-1001-veh_008-000078,case-grid-1001-veh_008-benign,root-b717e5b342a48b9e2ab62e05,1001,veh_008,ps-0441a16dd8d22b44,CAM,87.0,801.6,153.97428794161496,11.616706230714332,-0.09717399887128586,801.6,153.97428794161496,11.616706230714332,-0.09717399887128586,nonce-b717e5b342a48b9e2ab6,True,False,benign,False,0,"{""attack_ended_at"": 87.0, ""case_opened_at"": 87.0, ""lane_id"": ""g20_g21_0"", ""road_id"": ""g20_g21""}"
cam-1001-veh_009-000077,cam-1001-veh_009-000077,case-grid-1001-veh_009-benign,root-b5a843b8a2a3f3f32a97baf2,1001,veh_009,ps-8e3b87e1d6235c50,CAM,87.0,566.3140868250305,1.6,12.912105139929944,-0.1107863723531981,566.3140868250305,1.6,12.912105139929944,-0.1107863723531981,nonce-b5a843b8a2a3f3f32a97,True,False,benign,False,0,"{""attack_ended_at"": 87.0, ""case_opened_at"": 87.0, ""lane_id"": ""g20_g10_0"", ""road_id"": ""g20_g10""}"
cam-1001-veh_010-000076,cam-1001-veh_010-000076,case-grid-1001-veh_010-benign,root-f3d6784b20e449fd22715937,1001,veh_010,ps-bf5c5fe0f587553a,CAM,87.0,798.4,595.9000781942675,12.983816986226671,-0.06306069063063191,798.4,595.9000781942675,12.983816986226671,-0.06306069063063191,nonce-f3d6784b20e449fd2271,True,False,benign,False,0,"{""attack_ended_at"": 87.0, ""case_opened_at"": 87.0, ""lane_id"": ""g22_g21_0"", ""road_id"": ""g22_g21""}"
cam-1001-veh_011-000075,cam-1001-veh_011-000075,case-grid-1001-veh_011-benign,root-e4ec56cc472cf1d061935c18,1001,veh_011,ps-298210176c98c50a,CAM,87.0,616.2579276929671,801.6,13.069384911696151,-0.3532381134107698,616.2579276929671,801.6,13.069384911696151,-0.3532381134107698,nonce-e4ec56cc472cf1d06193,True,False,benign,False,0,"{""attack_ended_at"": 87.0, ""case_opened_at"": 87.0, ""lane_id"": ""g22_g12_0"", ""road_id"": ""g22_g12""}"
cam-1001-veh_016-000070,cam-1001-veh_016-000070,case-grid-1001-veh_016-benign,root-c5b8d9a248d9b06896912c1b,1001,veh_016,ps-cbbef243035097ce,CAM,87.0,801.6,133.4402246874411,11.627720235735298,0.12946135412545878,801.6,133.4402246874411,11.627720235735298,0.12946135412545878,nonce-c5b8d9a248d9b0689691,True,False,benign,False,0,"{""attack_ended_at"": 87.0, ""case_opened_at"": 87.0, ""lane_id"": ""g20_g21_0"", ""road_id"": ""g20_g21""}"
cam-1001-veh_017-000069,cam-1001-veh_017-000069,case-grid-1001-veh_017-benign,root-9957cdb0ded94b1afb41cfb0,1001,veh_017,ps-c4cb9175e03371fc,CAM,87.0,657.4686327207208,1.6,13.99490525896179,-0.08542163708712991,657.4686327207208,1.6,13.99490525896179,-0.08542163708712991,nonce-9957cdb0ded94b1afb41,True,False,benign,False,0,"{""attack_ended_at"": 87.0, ""case_opened_at"": 87.0, ""lane_id"": ""g20_g10_0"", ""road_id"": ""g20_g10""}"
cam-1001-veh_018-000068,cam-1001-veh_018-000068,case-grid-1001-veh_018-benign,root-fb2fbf1f49d3a84175fa8da1,1001,veh_018,ps-f5eb5907dca15325,CAM,87.0,798.4,719.4333263292234,13.59368331771143,0.014629029915669278,798.4,719.4333263292234,13.59368331771143,0.014629029915669278,nonce-fb2fbf1f49d3a84175fa,True,False,benign,False,0,"{""attack_ended_at"": 87.0, ""case_opened_at"": 87.0, ""lane_id"": ""g22_g21_0"", ""road_id"": ""g22_g21""}"
cam-1001-veh_019-000067,cam-1001-veh_019-000067,case-grid-1001-veh_019-benign,root-2f70a68f68663db279b0fda8,1001,veh_019,ps-bfc295509368822d,CAM,87.0,689.719802133374,801.6,14.093357149729082,-0.322887648995966,689.719802133374,801.6,14.093357149729082,-0.322887648995966,nonce-2f70a68f68663db279b0,True,False,benign,False,0,"{""attack_ended_at"": 87.0, ""case_opened_at"": 87.0, ""lane_id"": ""g22_g12_0"", ""road_id"": ""g22_g12""}"
cam-1001-veh_020-000066,cam-1001-veh_020-000066,case-grid-1001-veh_020-benign,root-5286981c0fe049f6e7482dba,1001,veh_020,ps-ebb98a241b250d58,CAM,87.0,770.6055499955055,398.4,12.739828500174076,-0.13131172342691677,770.6055499955055,398.4,12.739828500174076,-0.13131172342691677,nonce-5286981c0fe049f6e748,True,False,benign,False,0,"{""attack_ended_at"": 87.0, ""case_opened_at"": 87.0, ""lane_id"": ""g11_g21_0"", ""road_id"": ""g11_g21""}"
cam-1001-veh_021-000065,cam-1001-veh_021-000065,case-grid-1001-veh_021-benign,root-3829e314d6fdd428eaef2439,1001,veh_021,ps-c17e704b00a194fa,CAM,87.0,7.412377244849154,401.6,15.417387890256935,2.001498171680568,7.412377244849154,401.6,15.417387890256935,2.001498171680568,nonce-3829e314d6fdd428eaef,True,False,benign,False,0,"{""attack_ended_at"": 87.0, ""case_opened_at"": 87.0, ""lane_id"": ""g11_g01_0"", ""road_id"": ""g11_g01""}"
cam-1001-veh_000-000087,cam-1001-veh_000-000087,case-grid-1001-veh_000-benign,root-4bf04771cad94ce5f00d2456,1001,veh_000,ps-0b6a8266609a146f,CAM,88.0,801.6,186.2874852308711,11.897013968334072,0.17971200726460523,801.6,186.2874852308711,11.897013968334072,0.17971200726460523,nonce-4bf04771cad94ce5f00d,True,False,benign,False,0,"{""attack_ended_at"": 88.0, ""case_opened_at"": 88.0, ""lane_id"": ""g20_g21_0"", ""road_id"": ""g20_g21""}"
cam-1001-veh_001-000086,cam-1001-veh_001-000086,case-grid-1001-veh_001-benign,root-4f236bb50088ecaf14788c31,1001,veh_001,ps-11b4aa50327f89a0,CAM,88.0,532.3106656961304,1.6,12.826574807454296,0.18357061147224307,532.3106656961304,1.6,12.826574807454296,0.18357061147224307,nonce-4f236bb50088ecaf1478,True,False,benign,False,0,"{""attack_ended_at"": 88.0, ""case_opened_at"": 88.0, ""lane_id"": ""g20_g10_0"", ""road_id"": ""g20_g10""}"
cam-1001-veh_002-000085,cam-1001-veh_002-000085,case-grid-1001-veh_002-benign,root-7ff96ba0f5b4c7e2aac5baf4,1001,veh_002,ps-e0bc27433007a32c,CAM,88.0,798.4,561.8883105208445,12.954900687716291,0.12811387051362644,798.4,561.8883105208445,12.954900687716291,0.12811387051362644,nonce-7ff96ba0f5b4c7e2aac5,True,False,benign,False,0,"{""attack_ended_at"": 88.0, ""case_opened_at"": 88.0, ""lane_id"": ""g22_g21_0"", ""road_id"": ""g22_g21""}"
cam-1001-veh_003-000084,cam-1001-veh_003-000084,case-grid-1001-veh_003-benign,root-f159440a64e8b65b3bddc7f0,1001,veh_003,ps-13247f0afc865149,CAM,88.0,563.3868340494898,801.6,12.497193937360704,0.04819248262792897,563.3868340494898,801.6,12.497193937360704,0.04819248262792897,nonce-f159440a64e8b65b3bdd,True,False,benign,False,0,"{""attack_ended_at"": 88.0, ""case_opened_at"": 88.0, ""lane_id"": ""g22_g12_0"", ""road_id"": ""g22_g12""}"
cam-1001-veh_008-000079,cam-1001-veh_008-000079,case-grid-1001-veh_008-benign,root-37250aa98afb03ae6a001d8e,1001,veh_008,ps-0441a16dd8d22b44,CAM,88.0,801.6,165.69444857292618,11.720160631311206,0.10345440059687405,801.6,165.69444857292618,11.720160631311206,0.10345440059687405,nonce-37250aa98afb03ae6a00,True,False,benign,False,0,"{""attack_ended_at"": 88.0, ""case_opened_at"": 88.0, ""lane_id"": ""g20_g21_0"", ""road_id"": ""g20_g21""}"
cam-1001-veh_009-000078,cam-1001-veh_009-000078,case-grid-1001-veh_009-benign,root-bb877829400d7d457c1ddfb3,1001,veh_009,ps-8e3b87e1d6235c50,CAM,88.0,553.7527122417039,1.6,12.561374583326511,-0.3507305566034322,553.7527122417039,1.6,12.561374583326511,-0.3507305566034322,nonce-bb877829400d7d457c1d,True,False,benign,False,0,"{""attack_ended_at"": 88.0, ""case_opened_at"": 88.0, ""lane_id"": ""g20_g10_0"", ""road_id"": ""g20_g10""}"
cam-1001-veh_010-000077,cam-1001-veh_010-000077,case-grid-1001-veh_010-benign,root-7f556d7a9b3116783726869e,1001,veh_010,ps-bf5c5fe0f587553a,CAM,88.0,798.4,583.3625892633534,12.537488930914163,-0.44632805531250774,798.4,583.3625892633534,12.537488930914163,-0.44632805531250774,nonce-7f556d7a9b3116783726,True,False,benign,False,0,"{""attack_ended_at"": 88.0, ""case_opened_at"": 88.0, ""lane_id"": ""g22_g21_0"", ""road_id"": ""g22_g21""}"
cam-1001-veh_011-000076,cam-1001-veh_011-000076,case-grid-1001-veh_011-benign,root-e1878db2e43044e8af4502ee,1001,veh_011,ps-298210176c98c50a,CAM,88.0,602.5754596862466,801.6,13.682468006720491,0.61308309502434,602.5754596862466,801.6,13.682468006720491,0.61308309502434,nonce-e1878db2e43044e8af45,True,False,benign,False,0,"{""attack_ended_at"": 88.0, ""case_opened_at"": 88.0, ""lane_id"": ""g22_g12_0"", ""road_id"": ""g22_g12""}"
cam-1001-veh_016-000071,cam-1001-veh_016-000071,case-grid-1001-veh_016-benign,root-3450839879e6ad2be4834e81,1001,veh_016,ps-cbbef243035097ce,CAM,88.0,801.6,145.39179497335456,11.951570285913464,0.3238500501781658,801.6,145.39179497335456,11.951570285913464,0.3238500501781658,nonce-3450839879e6ad2be483,True,False,benign,False,0,"{""attack_ended_at"": 88.0, ""case_opened_at"": 88.0, ""lane_id"": ""g20_g21_0"", ""road_id"": ""g20_g21""}"
cam-1001-veh_017-000070,cam-1001-veh_017-000070,case-grid-1001-veh_017-benign,root-93af428a8c077c4faa4b8b8d,1001,veh_017,ps-c4cb9175e03371fc,CAM,88.0,643.049916888455,1.6,14.418715832265862,0.42381057330407224,643.049916888455,1.6,14.418715832265862,0.42381057330407224,nonce-93af428a8c077c4faa4b,True,False,benign,False,0,"{""attack_ended_at"": 88.0, ""case_opened_at"": 88.0, ""lane_id"": ""g20_g10_0"", ""road_id"": ""g20_g10""}"
cam-1001-veh_018-000069,cam-1001-veh_018-000069,case-grid-1001-veh_018-benign,root-e290406f527d4af533f9d4c9,1001,veh_018,ps-f5eb5907dca15325,CAM,88.0,798.4,706.3567561482076,13.07657018101573,-0.5171131366956985,798.4,706.3567561482076,13.07657018101573,-0.5171131366956985,nonce-e290406f527d4af533f9,True,False,benign,False,0,"{""attack_ended_at"": 88.0, ""case_opened_at"": 88.0, ""lane_id"": ""g22_g21_0"", ""road_id"": ""g22_g21""}"
cam-1001-veh_019-000068,cam-1001-veh_019-000068,case-grid-1001-veh_019-benign,root-409a06c3751b6a02e0125993,1001,veh_019,ps-bfc295509368822d,CAM,88.0,675.5164920869418,801.6,14.203310046432117,0.10995289670303521,675.5164920869418,801.6,14.203310046432117,0.10995289670303521,nonce-409a06c3751b6a02e012,True,False,benign,False,0,"{""attack_ended_at"": 88.0, ""case_opened_at"": 88.0, ""lane_id"": ""g22_g12_0"", ""road_id"": ""g22_g12""}"
cam-1001-veh_020-000067,cam-1001-veh_020-000067,case-grid-1001-veh_020-benign,root-01e1dd160770d975bd231079,1001,veh_020,ps-ebb98a241b250d58,CAM,88.0,783.1000493452337,398.4,12.494499349728317,-0.24532915044575887,783.1000493452337,398.4,12.494499349728317,-0.24532915044575887,nonce-01e1dd160770d975bd23,True,False,benign,False,0,"{""attack_ended_at"": 88.0, ""case_opened_at"": 88.0, ""lane_id"": ""g11_g21_0"", ""road_id"": ""g11_g21""}"
cam-1001-veh_000-000088,cam-1001-veh_000-000088,case-grid-1001-veh_000-benign,root-15e51a90375539981512eed7,1001,veh_000,ps-0b6a8266609a146f,CAM,89.0,801.6,198.013208487291,11.725723256419883,-0.17129071191418888,801.6,198.013208487291,11.725723256419883,-0.17129071191418888,nonce-15e51a90375539981512,True,False,benign,False,0,"{""attack_ended_at"": 89.0, ""case_opened_at"": 89.0, ""lane_id"": ""g20_g21_0"", ""road_id"": ""g20_g21""}"
cam-1001-veh_001-000087,cam-1001-veh_001-000087,case-grid-1001-veh_001-benign,root-efb579a65ae0840c497bf667,1001,veh_001,ps-11b4aa50327f89a0,CAM,89.0,519.3660517918959,1.6,12.944613904234417,0.11803909678012126,519.3660517918959,1.6,12.944613904234417,0.11803909678012126,nonce-efb579a65ae0840c497b,True,False,benign,False,0,"{""attack_ended_at"": 89.0, ""case_opened_at"": 89.0, ""lane_id"": ""g20_g10_0"", ""road_id"": ""g20_g10""}"
cam-1001-veh_002-000086,cam-1001-veh_002-000086,case-grid-1001-veh_002-benign,root-da9699b79cc45db81bb10f64,1001,veh_002,ps-e0bc27433007a32c,CAM,89.0,798.4,549.6906711453876,12.19763937545693,-0.7572613122593612,798.4,549.6906711453876,12.19763937545693,-0.7572613122593612,nonce-da9699b79cc45db81bb1,True,False,benign,False,0,"{""attack_ended_at"": 89.0, ""case_opened_at"": 89.0, ""lane_id"": ""g22_g21_0"", ""road_id"": ""g22_g21""}"
cam-1001-veh_003-000085,cam-1001-veh_003-000085,case-grid-1001-veh_003-benign,root-a8f8a6ed5d85eabb89dd2765,1001,veh_003,ps-13247f0afc865149,CAM,89.0,550.6043271175456,801.6,12.782506931944214,0.28531299458351,550.6043271175456,801.6,12.782506931944214,0.28531299458351,nonce-a8f8a6ed5d85eabb89dd,True,False,benign,False,0,"{""attack_ended_at"": 89.0, ""case_opened_at"": 89.0, ""lane_id"": ""g22_g12_0"", ""road_id"": ""g22_g12""}"
cam-1001-veh_008-000080,cam-1001-veh_008-000080,case-grid-1001-veh_008-benign,root-3939a6de2a539d543d3def70,1001,veh_008,ps-0441a16dd8d22b44,CAM,89.0,801.6,177.57359902058434,11.87915044765816,0.15898981634695453,801.6,177.57359902058434,11.87915044765816,0.15898981634695453,nonce-3939a6de2a539d543d3d,True,False,benign,False,0,"{""attack_ended_at"": 89.0, ""case_opened_at"": 89.0, ""lane_id"": ""g20_g21_0"", ""road_id"": ""g20_g21""}"
cam-1001-veh_009-000079,cam-1001-veh_009-000079,case-grid-1001-veh_009-benign,root-ad2f9ef515db706c6cc03391,1001,veh_009,ps-8e3b87e1d6235c50,CAM,89.0,541.2120521265975,1.6,12.540660115106311,-0.02071446822020029,541.2120521265975,1.6,12.540660115106311,-0.02071446822020029,nonce-ad2f9ef515db706c6cc0,True,False,benign,False,0,"{""attack_ended_at"": 89.0, ""case_opened_at"": 89.0, ""lane_id"": ""g20_g10_0"", ""road_id"": ""g20_g10""}"
cam-1001-veh_010-000078,cam-1001-veh_010-000078,case-grid-1001-veh_010-benign,root-06c27c1005e45861d294f4aa,1001,veh_010,ps-bf5c5fe0f587553a,CAM,89.0,798.4,570.2812951571684,13.081294106184986,0.5438051752708226,798.4,570.2812951571684,13.081294106184986,0.5438051752708226,nonce-06c27c1005e45861d294,True,False,benign,False,0,"{""attack_ended_at"": 89.0, ""case_opened_at"": 89.0, ""lane_id"": ""g22_g21_0"", ""road_id"": ""g22_g21""}"
cam-1001-veh_011-000077,cam-1001-veh_011-000077,case-grid-1001-veh_011-benign,root-9909a82839820fc2e7ed5834,1001,veh_011,ps-298210176c98c50a,CAM,89.0,589.0761494506535,801.6,13.499310235593192,-0.18315777112729847,589.0761494506535,801.6,13.499310235593192,-0.18315777112729847,nonce-9909a82839820fc2e7ed,True,False,benign,False,0,"{""attack_ended_at"": 89.0, ""case_opened_at"": 89.0, ""lane_id"": ""g22_g12_0"", ""road_id"": ""g22_g12""}"
cam-1001-veh_016-000072,cam-1001-veh_016-000072,case-grid-1001-veh_016-benign,root-4a50e0855204673e055dcff7,1001,veh_016,ps-cbbef243035097ce,CAM,89.0,801.6,157.35053532991577,11.958740356561218,0.007170070647754656,801.6,157.35053532991577,11.958740356561218,0.007170070647754656,nonce-4a50e0855204673e055d,True,False,benign,False,0,"{""attack_ended_at"": 89.0, ""case_opened_at"": 89.0, ""lane_id"": ""g20_g21_0"", ""road_id"": ""g20_g21""}"
cam-1001-veh_017-000071,cam-1001-veh_017-000071,case-grid-1001-veh_017-benign,root-fdecc05fde77c4894a76e633,1001,veh_017,ps-c4cb9175e03371fc,CAM,89.0,629.1558182408411,1.6,13.894098647613847,-0.5246171846520156,629.1558182408411,1.6,13.894098647613847,-0.5246171846520156,nonce-fdecc05fde77c4894a76,True,False,benign,False,0,"{""attack_ended_at"": 89.0, ""case_opened_at"": 89.0, ""lane_id"": ""g20_g10_0"", ""road_id"": ""g20_g10""}"
cam-1001-veh_018-000070,cam-1001-veh_018-000070,case-grid-1001-veh_018-benign,root-a12735c2bda35fdaf2cee153,1001,veh_018,ps-f5eb5907dca15325,CAM,89.0,798.4,692.5535237589077,13.803232389299982,0.7266622082842513,798.4,692.5535237589077,13.803232389299982,0.7266622082842513,nonce-a12735c2bda35fdaf2ce,True,False,benign,False,0,"{""attack_ended_at"": 89.0, ""case_opened_at"": 89.0, ""lane_id"": ""g22_g21_0"", ""road_id"": ""g22_g21""}"
cam-1001-veh_019-000069,cam-1001-veh_019-000069,case-grid-1001-veh_019-benign,root-cd2bfa173ed48ca95a58fa4f,1001,veh_019,ps-bfc295509368822d,CAM,89.0,661.5943276315284,801.6,13.922164455413395,-0.2811455910187224,661.5943276315284,801.6,13.922164455413395,-0.2811455910187224,nonce-cd2bfa173ed48ca95a58,True,False,benign,False,0,"{""attack_ended_at"": 89.0, ""case_opened_at"": 89.0, ""lane_id"": ""g22_g12_0"", ""road_id"": ""g22_g12""}"
cam-1001-veh_000-000089,cam-1001-veh_000-000089,case-grid-1001-veh_000-benign,root-a33c27cebf4680291812937f,1001,veh_000,ps-0b6a8266609a146f,CAM,90.0,801.6,209.7900202440132,11.776811756722168,0.051088500302284956,801.6,209.7900202440132,11.776811756722168,0.051088500302284956,nonce-a33c27cebf4680291812,True,False,benign,False,0,"{""attack_ended_at"": 90.0, ""case_opened_at"": 90.0, ""lane_id"": ""g20_g21_0"", ""road_id"": ""g20_g21""}"
cam-1001-veh_001-000088,cam-1001-veh_001-000088,case-grid-1001-veh_001-benign,root-d41a983d7c63f6c5d2df405d,1001,veh_001,ps-11b4aa50327f89a0,CAM,90.0,506.89320708746124,1.6,12.47284470443467,-0.47176919979974663,506.89320708746124,1.6,12.47284470443467,-0.47176919979974663,nonce-d41a983d7c63f6c5d2df,True,False,benign,False,0,"{""attack_ended_at"": 90.0, ""case_opened_at"": 90.0, ""lane_id"": ""g20_g10_0"", ""road_id"": ""g20_g10""}"
cam-1001-veh_002-000087,cam-1001-veh_002-000087,case-grid-1001-veh_002-benign,root-e888838c18e77f000a27166c,1001,veh_002,ps-e0bc27433007a32c,CAM,90.0,798.4,536.8509797947856,12.839691350601933,0.6420519751450033,798.4,536.8509797947856,12.839691350601933,0.6420519751450033,nonce-e888838c18e77f000a27,True,False,benign,False,0,"{""attack_ended_at"": 90.0, ""case_opened_at"": 90.0, ""lane_id"": ""g22_g21_0"", ""road_id"": ""g22_g21""}"
cam-1001-veh_003-000086,cam-1001-veh_003-000086,case-grid-1001-veh_003-benign,root-457f88958d61a2cc68236e36,1001,veh_003,ps-13247f0afc865149,CAM,90.0,538.2352767895375,801.6,12.369050328008294,-0.41345660393592,538.2352767895375,801.6,12.369050328008294,-0.41345660393592,nonce-457f88958d61a2cc6823,True,False,benign,False,0,"{""attack_ended_at"": 90.0, ""case_opened_at"": 90.0, ""lane_id"": ""g22_g12_0"", ""road_id"": ""g22_g12""}"
cam-1001-veh_008-000081,cam-1001-veh_008-000081,case-grid-1001-veh_008-benign,root-9cdb41ab2d8c229df9faaf71,1001,veh_008,ps-0441a16dd8d22b44,CAM,90.0,801.6,189.62031878456187,12.04671976397754,0.16756931631937988,801.6,189.62031878456187,12.04671976397754,0.16756931631937988,nonce-9cdb41ab2d8c229df9fa,True,False,benign,False,0,"{""attack_ended_at"": 90.0, ""case_opened_at"": 90.0, ""lane_id"": ""g20_g21_0"", ""road_id"": ""g20_g21""}"
cam-1001-veh_009-000080,cam-1001-veh_009-000080,case-grid-1001-veh_009-benign,root-cacab621e76d2f7960d76da9,1001,veh_009,ps-8e3b87e1d6235c50,CAM,90.0,527.9835201149754,1.6,13.228532011622262,0.6878718965159507,527.9835201149754,1.6,13.228532011622262,0.6878718965159507,nonce-cacab621e76d2f7960d7,True,False,benign,False,0,"{""attack_ended_at"": 90.0, ""case_opened_at"": 90.0, ""lane_id"": ""g20_g10_0"", ""road_id"": ""g20_g10""}"
cam-1001-veh_010-000079,cam-1001-veh_010-000079,case-grid-1001-veh_010-benign,root-3ce4059ca6b5b4dffdba0d0c,1001,veh_010,ps-bf5c5fe0f587553a,CAM,90.0,798.4,558.0316424364061,12.249652720762219,-0.8316413854227669,798.4,558.0316424364061,12.249652720762219,-0.8316413854227669,nonce-3ce4059ca6b5b4dffdba,True,False,benign,False,0,"{""attack_ended_at"": 90.0, ""case_opened_at"": 90.0, ""lane_id"": ""g22_g21_0"", ""road_id"": ""g22_g21""}"
cam-1001-veh_011-000078,cam-1001-veh_011-000078,case-grid-1001-veh_011-benign,root-419ff300c6818b7b8b2f6926,1001,veh_011,ps-298210176c98c50a,CAM,90.0,575.6469785689828,801.6,13.429170881670624,-0.07013935392256876,575.6469785689828,801.6,13.429170881670624,-0.07013935392256876,nonce-419ff300c6818b7b8b2f,True,False,benign,False,0,"{""attack_ended_at"": 90.0, ""case_opened_at"": 90.0, ""lane_id"": ""g22_g12_0"", ""road_id"": ""g22_g12""}"
cam-1001-veh_016-000073,cam-1001-veh_016-000073,case-grid-1001-veh_016-benign,root-6927fa6d79b552691eb51682,1001,veh_016,ps-cbbef243035097ce,CAM,90.0,801.6,169.24193071680796,11.891395386892189,-0.06734496966902981,801.6,169.24193071680796,11.891395386892189,-0.06734496966902981,nonce-6927fa6d79b552691eb5,True,False,benign,False,0,"{""attack_ended_at"": 90.0, ""case_opened_at"": 90.0, ""lane_id"": ""g20_g21_0"", ""road_id"": ""g20_g21""}"
cam-1001-veh_017-000072,cam-1001-veh_017-000072,case-grid-1001-veh_017-benign,root-13c23b7a4499eccccec54d5a,1001,veh_017,ps-c4cb9175e03371fc,CAM,90.0,614.8268437196439,1.6,14.328974521197216,0.4348758735833691,614.8268437196439,1.6,14.328974521197216,0.4348758735833691,nonce-13c23b7a4499eccccec5,True,False,benign,False,0,"{""attack_ended_at"": 90.0, ""case_opened_at"": 90.0, ""lane_id"": ""g20_g10_0"", ""road_id"": ""g20_g10""}"
cam-1001-veh_018-000071,cam-1001-veh_018-000071,case-grid-1001-veh_018-benign,root-2305d8d694ee2726d9ff7892,1001,veh_018,ps-f5eb5907dca15325,CAM,90.0,798.4,678.806499738818,13.74702402008962,-0.05620836921036165,798.4,678.806499738818,13.74702402008962,-0.05620836921036165,nonce-2305d8d694ee2726d9ff,True,False,benign,False,0,"{""attack_ended_at"": 90.0, ""case_opened_at"": 90.0, ""lane_id"": ""g22_g21_0"", ""road_id"": ""g22_g21""}"
cam-1001-veh_019-000070,cam-1001-veh_019-000070,case-grid-1001-veh_019-benign,root-799e48718a891c9ba77960b9,1001,veh_019,ps-bfc295509368822d,CAM,90.0,647.6514169635134,801.6,13.942910668015056,0.02074621260166154,647.6514169635134,801.6,13.942910668015056,0.02074621260166154,nonce-799e48718a891c9ba779,True,False,benign,False,0,"{""attack_ended_at"": 90.0, ""case_opened_at"": 90.0, ""lane_id"": ""g22_g12_0"", ""road_id"": ""g22_g12""}"
cam-1001-veh_000-000090,cam-1001-veh_000-000090,case-grid-1001-veh_000-benign,root-e3a4ce5f178f7e4a1d75b449,1001,veh_000,ps-0b6a8266609a146f,CAM,91.0,801.6,221.69993134122913,11.909911097215959,0.13309934049379102,801.6,221.69993134122913,11.909911097215959,0.13309934049379102,nonce-e3a4ce5f178f7e4a1d75,True,False,benign,False,0,"{""attack_ended_at"": 91.0, ""case_opened_at"": 91.0, ""lane_id"": ""g20_g21_0"", ""road_id"": ""g20_g21""}"
cam-1001-veh_001-000089,cam-1001-veh_001-000089,case-grid-1001-veh_001-benign,root-9512e7a4809db82653aa3930,1001,veh_001,ps-11b4aa50327f89a0,CAM,91.0,494.5417630602344,1.6,12.351444027226814,-0.1214006772078573,494.5417630602344,1.6,12.351444027226814,-0.1214006772078573,nonce-9512e7a4809db82653aa,True,False,benign,False,0,"{""attack_ended_at"": 91.0, ""case_opened_at"": 91.0, ""lane_id"": ""g20_g10_0"", ""road_id"": ""g20_g10""}"
cam-1001-veh_002-000088,cam-1001-veh_002-000088,case-grid-1001-veh_002-benign,root-6bbac9e77efea9b9fb76fd46,1001,veh_002,ps-e0bc27433007a32c,CAM,91.0,798.4,524.1254776094415,12.725502185344086,-0.11418916525784795,798.4,524.1254776094415,12.725502185344086,-0.11418916525784795,nonce-6bbac9e77efea9b9fb76,True,False,benign,False,0,"{""attack_ended_at"": 91.0, ""case_opened_at"": 91.0, ""lane_id"": ""g22_g21_0"", ""road_id"": ""g22_g21""}"
cam-1001-veh_003-000087,cam-1001-veh_003-000087,case-grid-1001-veh_003-benign,root-12ab7d16a312d00c7804d46d,1001,veh_003,ps-13247f0afc865149,CAM,91.0,525.7919487633037,801.6,12.443328026233637,0.0742776982253428,525.7919487633037,801.6,12.443328026233637,0.0742776982253428,nonce-12ab7d16a312d00c7804,True,False,benign,False,0,"{""attack_ended_at"": 91.0, ""case_opened_at"": 91.0, ""lane_id"": ""g22_g12_0"", ""road_id"": ""g22_g12""}"
cam-1001-veh_008-000082,cam-1001-veh_008-000082,case-grid-1001-veh_008-benign,root-70f12e2cf776d572704ff193,1001,veh_008,ps-0441a16dd8d22b44,CAM,91.0,801.6,201.05001726674647,11.429698482184577,-0.6170212817929634,801.6,201.05001726674647,11.429698482184577,-0.6170212817929634,nonce-70f12e2cf776d572704f,True,False,benign,False,0,"{""attack_ended_at"": 91.0, ""case_opened_at"": 91.0, ""lane_id"": ""g20_g21_0"", ""road_id"": ""g20_g21""}"
cam-1001-veh_009-000081,cam-1001-veh_009-000081,case-grid-1001-veh_009-benign,root-88d182563c6d834eee04c9ae,1001,veh_009,ps-8e3b87e1d6235c50,CAM,91.0,515.7591656480065,1.6,12.224354466968784,-1.0041775446534782,515.7591656480065,1.6,12.224354466968784,-1.0041775446534782,nonce-88d182563c6d834eee04,True,False,benign,False,0,"{""attack_ended_at"": 91.0, ""case_opened_at"": 91.0, ""lane_id"": ""g20_g10_0"", ""road_id"": ""g20_g10""}"
cam-1001-veh_010-000080,cam-1001-veh_010-000080,case-grid-1001-veh_010-benign,root-c6b676e83ad04a5b51f81620,1001,veh_010,ps-bf5c5fe0f587553a,CAM,91.0,798.4,545.679498924082,12.352143512324101,0.10249079156188223,798.4,545.679498924082,12.352143512324101,0.10249079156188223,nonce-c6b676e83ad04a5b51f8,True,False,benign,False,0,"{""attack_ended_at"": 91.0, ""case_opened_at"": 91.0, ""lane_id"": ""g22_g21_0"", ""road_id"": ""g22_g21""}"
cam-1001-veh_011-000079,cam-1001-veh_011-000079,case-grid-1001-veh_011-benign,root-53a04424196944a5ddba69fb,1001,veh_011,ps-298210176c98c50a,CAM,91.0,561.87717305007,801.6,13.769805518912806,0.34063463724218224,561.87717305007,801.6,13.769805518912806,0.34063463724218224,nonce-53a04424196944a5ddba,True,False,benign,False,0,"{""attack_ended_at"": 91.0, ""case_opened_at"": 91.0, ""lane_id"": ""g22_g12_0"", ""road_id"": ""g22_g12""}"
cam-1001-veh_016-000074,cam-1001-veh_016-000074,case-grid-1001-veh_016-benign,root-b6f76a5c4ea1f3b031200464,1001,veh_016,ps-cbbef243035097ce,CAM,91.0,801.6,181.3804298967145,12.138499179906557,0.24710379301436802,801.6,181.3804298967145,12.138499179906557,0.24710379301436802,nonce-b6f76a5c4ea1f3b03120,True,False,benign,False,0,"{""attack_ended_at"": 91.0, ""case_opened_at"": 91.0, ""lane_id"": ""g20_g21_0"", ""road_id"": ""g20_g21""}"
cam-1001-veh_017-000073,cam-1001-veh_017-000073,case-grid-1001-veh_017-benign,root-a3483ae2acd9acc37ac9be73,1001,veh_017,ps-c4cb9175e03371fc,CAM,91.0,600.9530514157643,1.6,13.873792303879583,-0.455182217317633,600.9530514157643,1.6,13.873792303879583,-0.455182217317633,nonce-a3483ae2acd9acc37ac9,True,False,benign,False,0,"{""attack_ended_at"": 91.0, ""case_opened_at"": 91.0, ""lane_id"": ""g20_g10_0"", ""road_id"": ""g20_g10""}"
cam-1001-veh_018-000072,cam-1001-veh_018-000072,case-grid-1001-veh_018-benign,root-d46f93a96c14802609242ab8,1001,veh_018,ps-f5eb5907dca15325,CAM,91.0,798.4,665.1528142330387,13.653685505779311,-0.09333851431030915,798.4,665.1528142330387,13.653685505779311,-0.09333851431030915,nonce-d46f93a96c1480260924,True,False,benign,False,0,"{""attack_ended_at"": 91.0, ""case_opened_at"": 91.0, ""lane_id"": ""g22_g21_0"", ""road_id"": ""g22_g21""}"
cam-1001-veh_019-000071,cam-1001-veh_019-000071,case-grid-1001-veh_019-benign,root-95e701e9b76d36087ab69cd2,1001,veh_019,ps-bfc295509368822d,CAM,91.0,633.2169381833298,801.6,14.434478780183518,0.4915681121684621,633.2169381833298,801.6,14.434478780183518,0.4915681121684621,nonce-95e701e9b76d36087ab6,True,False,benign,False,0,"{""attack_ended_at"": 91.0, ""case_opened_at"": 91.0, ""lane_id"": ""g22_g12_0"", ""road_id"": ""g22_g12""}"
cam-1001-veh_000-000091,cam-1001-veh_000-000091,case-grid-1001-veh_000-benign,root-d0e1b455da8b0b786c0256e7,1001,veh_000,ps-0b6a8266609a146f,CAM,92.0,801.6,233.1748168527555,11.474885511526377,-0.4350255856895817,801.6,233.1748168527555,11.474885511526377,-0.4350255856895817,nonce-d0e1b455da8b0b786c02,True,False,benign,False,0,"{""attack_ended_at"": 92.0, ""case_opened_at"": 92.0, ""lane_id"": ""g20_g21_0"", ""road_id"": ""g20_g21""}"
cam-1001-veh_001-000090,cam-1001-veh_001-000090,case-grid-1001-veh_001-benign,root-9cad70c07f1186c2b12aeb5e,1001,veh_001,ps-11b4aa50327f89a0,CAM,92.0,482.30650821140364,1.6,12.235254848830797,-0.1161891783960165,482.30650821140364,1.6,12.235254848830797,-0.1161891783960165,nonce-9cad70c07f1186c2b12a,True,False,benign,False,0,"{""attack_ended_at"": 92.0, ""case_opened_at"": 92.0, ""lane_id"": ""g20_g10_0"", ""road_id"": ""g20_g10""}"
cam-1001-veh_002-000089,cam-1001-veh_002-000089,case-grid-1001-veh_002-benign,root-f4876643e708c54047175ea1,1001,veh_002,ps-e0bc27433007a32c,CAM,92.0,798.4,511.69427278497307,12.431204824468441,-0.2942973608756443,798.4,511.69427278497307,12.431204824468441,-0.2942973608756443,nonce-f4876643e708c5404717,True,False,benign,False,0,"{""attack_ended_at"": 92.0, ""case_opened_at"": 92.0, ""lane_id"": ""g22_g21_0"", ""road_id"": ""g22_g21""}"
cam-1001-veh_003-000088,cam-1001-veh_003-000088,case-grid-1001-veh_003-benign,root-3f2978201f876fa7c30cce0f,1001,veh_003,ps-13247f0afc865149,CAM,92.0,513.3498670459967,801.6,12.442081717307143,-0.0012463089264933558,513.3498670459967,801.6,12.442081717307143,-0.0012463089264933558,nonce-3f2978201f876fa7c30c,True,False,benign,False,0,"{""attack_ended_at"": 92.0, ""case_opened_at"": 92.0, ""lane_id"": ""g22_g12_0"", ""road_id"": ""g22_g12""}"
cam-1001-veh_008-000083,cam-1001-veh_008-000083,case-grid-1001-veh_008-benign,root-078768dffe91cb476f9519dc,1001,veh_008,ps-0441a16dd8d22b44,CAM,92.0,801.6,212.75808474861327,11.70806748186682,0.27836899968224316,801.6,212.75808474861327,11.70806748186682,0.27836899968224316,nonce-078768dffe91cb476f95,True,False,benign,False,0,"{""attack_ended_at"": 92.0, ""case_opened_at"": 92.0, ""lane_id"": ""g20_g21_0"", ""road_id"": ""g20_g21""}"
cam-1001-veh_009-000082,cam-1001-veh_009-000082,case-grid-1001-veh_009-benign,root-52503d5a78e646160183cae5,1001,veh_009,ps-8e3b87e1d6235c50,CAM,92.0,503.11310477872735,1.6,12.646060869279202,0.4217064023104182,503.11310477872735,1.6,12.646060869279202,0.4217064023104182,nonce-52503d5a78e646160183,True,False,benign,False,0,"{""attack_ended_at"": 92.0, ""case_opened_at"": 92.0, ""lane_id"": ""g20_g10_0"", ""road_id"": ""g20_g10""}"
cam-1001-veh_010-000081,cam-1001-veh_010-000081,case-grid-1001-veh_010-benign,root-10a6ce9cbb32d06cdfe5cc83,1001,veh_010,ps-bf5c5fe0f587553a,CAM,92.0,798.4,532.8922361297587,12.787262794323475,0.43511928199937344,798.4,532.8922361297587,12.787262794323475,0.43511928199937344,nonce-10a6ce9cbb32d06cdfe5,True,False,benign,False,0,"{""attack_ended_at"": 92.0, ""case_opened_at"": 92.0, ""lane_id"": ""g22_g21_0"", ""road_id"": ""g22_g21""}"
cam-1001-veh_011-000080,cam-1001-veh_011-000080,case-grid-1001-veh_011-benign,root-2815e74f6fd63a88dc29d3a3,1001,veh_011,ps-298210176c98c50a,CAM,92.0,548.2329105188028,801.6,13.644262531267202,-0.1255429876456038,548.2329105188028,801.6,13.644262531267202,-0.1255429876456038,nonce-2815e74f6fd63a88dc29,True,False,benign,False,0,"{""attack_ended_at"": 92.0, ""case_opened_at"": 92.0, ""lane_id"": ""g22_g12_0"", ""road_id"": ""g22_g12""}"
cam-1001-veh_016-000075,cam-1001-veh_016-000075,case-grid-1001-veh_016-benign,root-49d92a92cf8bfa1f41710a2b,1001,veh_016,ps-cbbef243035097ce,CAM,92.0,801.6,192.64010390889842,11.259674012183918,-0.8788251677226384,801.6,192.64010390889842,11.259674012183918,-0.8788251677226384,nonce-49d92a92cf8bfa1f4171,True,False,benign,False,0,"{""attack_ended_at"": 92.0, ""case_opened_at"": 92.0, ""lane_id"": ""g20_g21_0"", ""road_id"": ""g20_g21""}"
cam-1001-veh_017-000074,cam-1001-veh_017-000074,case-grid-1001-veh_017-benign,root-429f710a226fcd756c9e5f6a,1001,veh_017,ps-c4cb9175e03371fc,CAM,92.0,586.7992341669311,1.6,14.153817248833203,0.2800249449536203,586.7992341669311,1.6,14.153817248833203,0.2800249449536203,nonce-429f710a226fcd756c9e,True,False,benign,False,0,"{""attack_ended_at"": 92.0, ""case_opened_at"": 92.0, ""lane_id"": ""g20_g10_0"", ""road_id"": ""g20_g10""}"
cam-1001-veh_018-000073,cam-1001-veh_018-000073,case-grid-1001-veh_018-benign,root-5abad0d7ca64bb8d4a82cb05,1001,veh_018,ps-f5eb5907dca15325,CAM,92.0,798.4,651.7844370083915,13.368377224647292,-0.28530828113201956,798.4,651.7844370083915,13.368377224647292,-0.28530828113201956,nonce-5abad0d7ca64bb8d4a82,True,False,benign,False,0,"{""attack_ended_at"": 92.0, ""case_opened_at"": 92.0, ""lane_id"": ""g22_g21_0"", ""road_id"": ""g22_g21""}"
cam-1001-veh_019-000072,cam-1001-veh_019-000072,case-grid-1001-veh_019-benign,root-2b7649464926bed6d0d6e013,1001,veh_019,ps-bfc295509368822d,CAM,92.0,619.1831236296382,801.6,14.033814553691581,-0.4006642264919371,619.1831236296382,801.6,14.033814553691581,-0.4006642264919371,nonce-2b7649464926bed6d0d6,True,False,benign,False,0,"{""attack_ended_at"": 92.0, ""case_opened_at"": 92.0, ""lane_id"": ""g22_g12_0"", ""road_id"": ""g22_g12""}"
cam-1001-veh_000-000092,cam-1001-veh_000-000092,case-grid-1001-veh_000-benign,root-de14fee3978ed3431a9d1f60,1001,veh_000,ps-0b6a8266609a146f,CAM,93.0,801.6,244.49426188409896,11.319445031343498,-0.15544048018287882,801.6,244.49426188409896,11.319445031343498,-0.15544048018287882,nonce-de14fee3978ed3431a9d,True,False,benign,False,0,"{""attack_ended_at"": 93.0, ""case_opened_at"": 93.0, ""lane_id"": ""g20_g21_0"", ""road_id"": ""g20_g21""}"
cam-1001-veh_001-000091,cam-1001-veh_001-000091,case-grid-1001-veh_001-benign,root-22793c51f70aea3938667f16,1001,veh_001,ps-11b4aa50327f89a0,CAM,93.0,469.3098818305368,1.6,12.996626380866788,0.7613715320359908,469.3098818305368,1.6,12.996626380866788,0.7613715320359908,nonce-22793c51f70aea393866,True,False,benign,False,0,"{""attack_ended_at"": 93.0, ""case_opened_at"": 93.0, ""lane_id"": ""g20_g10_0"", ""road_id"": ""g20_g10""}"
cam-1001-veh_002-000090,cam-1001-veh_002-000090,case-grid-1001-veh_002-benign,root-83bd7a0f5e18f79ec488a2e8,1001,veh_002,ps-e0bc27433007a32c,CAM,93.0,798.4,499.02793944642247,12.666333338550613,0.23512851408217195,798.4,499.02793944642247,12.666333338550613,0.23512851408217195,nonce-83bd7a0f5e18f79ec488,True,False,benign,False,0,"{""attack_ended_at"": 93.0, ""case_opened_at"": 93.0, ""lane_id"": ""g22_g21_0"", ""road_id"": ""g22_g21""}"
cam-1001-veh_003-000089,cam-1001-veh_003-000089,case-grid-1001-veh_003-benign,root-de4fd5bebfef93d77537ebf7,1001,veh_003,ps-13247f0afc865149,CAM,93.0,500.97477789384544,801.6,12.375089152151183,-0.0669925651559602,500.97477789384544,801.6,12.375089152151183,-0.0669925651559602,nonce-de4fd5bebfef93d77537,True,False,benign,False,0,"{""attack_ended_at"": 93.0, ""case_opened_at"": 93.0, ""lane_id"": ""g22_g12_0"", ""road_id"": ""g22_g12""}"
cam-1001-veh_008-000084,cam-1001-veh_008-000084,case-grid-1001-veh_008-benign,root-f24ba6c2b284c1312c051ab1,1001,veh_008,ps-0441a16dd8d22b44,CAM,93.0,801.6,224.2530558130005,11.494971064387212,-0.2130964174796084,801.6,224.2530558130005,11.494971064387212,-0.2130964174796084,nonce-f24ba6c2b284c1312c05,True,False,benign,False,0,"{""attack_ended_at"": 93.0, ""case_opened_at"": 93.0, ""lane_id"": ""g20_g21_0"", ""road_id"": ""g20_g21""}"
cam-1001-veh_009-000083,cam-1001-veh_009-000083,case-grid-1001-veh_009-benign,root-9c950de7eab6432371d20bf2,1001,veh_009,ps-8e3b87e1d6235c50,CAM,93.0,490.6815778525603,1.6,12.431526926167045,-0.21453394311215668,490.6815778525603,1.6,12.431526926167045,-0.21453394311215668,nonce-9c950de7eab6432371d2,True,False,benign,False,0,"{""attack_ended_at"": 93.0, ""case_opened_at"": 93.0, ""lane_id"": ""g20_g10_0"", ""road_id"": ""g20_g10""}"
cam-1001-veh_010-000082,cam-1001-veh_010-000082,case-grid-1001-veh_010-benign,root-97a1a2351af727c3c7b285c6,1001,veh_010,ps-bf5c5fe0f587553a,CAM,93.0,798.4,520.1722569657679,12.719979163990619,-0.06728363033285589,798.4,520.1722569657679,12.719979163990619,-0.06728363033285589,nonce-97a1a2351af727c3c7b2,True,False,benign,False,0,"{""attack_ended_at"": 93.0, ""case_opened_at"": 93.0, ""lane_id"": ""g22_g21_0"", ""road_id"": ""g22_g21""}"
cam-1001-veh_011-000081,cam-1001-veh_011-000081,case-grid-1001-veh_011-benign,root-c5267dcc06fad9a05ab5c067,1001,veh_011,ps-298210176c98c50a,CAM,93.0,534.6481461586482,801.6,13.584764360154702,-0.059498171112499776,534.6481461586482,801.6,13.584764360154702,-0.059498171112499776,nonce-c5267dcc06fad9a05ab5,True,False,benign,False,0,"{""attack_ended_at"": 93.0, ""case_opened_at"": 93.0, ""lane_id"": ""g22_g12_0"", ""road_id"": ""g22_g12""}"
cam-1001-veh_016-000076,cam-1001-veh_016-000076,case-grid-1001-veh_016-benign,root-9224fa8a40b2bf3c00ccac37,1001,veh_016,ps-cbbef243035097ce,CAM,93.0,801.6,204.23377688936685,11.59367298046841,0.33399896828449194,801.6,204.23377688936685,11.59367298046841,0.33399896828449194,nonce-9224fa8a40b2bf3c00cc,True,False,benign,False,0,"{""attack_ended_at"": 93.0, ""case_opened_at"": 93.0, ""lane_id"": ""g20_g21_0"", ""road_id"": ""g20_g21""}"
cam-1001-veh_017-000075,cam-1001-veh_017-000075,case-grid-1001-veh_017-benign,root-fceca7b8b44582283f233a8e,1001,veh_017,ps-c4cb9175e03371fc,CAM,93.0,572.4105320055912,1.6,14.38870216133988,0.23488491250667742,572.4105320055912,1.6,14.38870216133988,0.23488491250667742,nonce-fceca7b8b44582283f23,True,False,benign,False,0,"{""attack_ended_at"": 93.0, ""case_opened_at"": 93.0, ""lane_id"": ""g20_g10_0"", ""road_id"": ""g20_g10""}"
cam-1001-veh_018-000074,cam-1001-veh_018-000074,case-grid-1001-veh_018-benign,root-88bc789006986637f0d49703,1001,veh_018,ps-f5eb5907dca15325,CAM,93.0,798.4,638.2847253889315,13.499711619459875,0.13133439481258335,798.4,638.2847253889315,13.499711619459875,0.13133439481258335,nonce-88bc789006986637f0d4,True,False,benign,False,0,"{""attack_ended_at"": 93.0, ""case_opened_at"": 93.0, ""lane_id"": ""g22_g21_0"", ""road_id"": ""g22_g21""}"
cam-1001-veh_019-000073,cam-1001-veh_019-000073,case-grid-1001-veh_019-benign,root-c781a72efaa765375cfbd7fe,1001,veh_019,ps-bfc295509368822d,CAM,93.0,605.0167603815083,801.6,14.166363248129883,0.1325486944383023,605.0167603815083,801.6,14.166363248129883,0.1325486944383023,nonce-c781a72efaa765375cfb,True,False,benign,False,0,"{""attack_ended_at"": 93.0, ""case_opened_at"": 93.0, ""lane_id"": ""g22_g12_0"", ""road_id"": ""g22_g12""}"
cam-1001-veh_000-000093,cam-1001-veh_000-000093,case-grid-1001-veh_000-benign,root-ddec8a2a0bb3573e0c8c77c5,1001,veh_000,ps-0b6a8266609a146f,CAM,94.0,801.6,255.82094503549268,11.326683151393668,0.007238120050169883,801.6,255.82094503549268,11.326683151393668,0.007238120050169883,nonce-ddec8a2a0bb3573e0c8c,True,False,benign,False,0,"{""attack_ended_at"": 94.0, ""case_opened_at"": 94.0, ""lane_id"": ""g20_g21_0"", ""road_id"": ""g20_g21""}"
cam-1001-veh_001-000092,cam-1001-veh_001-000092,case-grid-1001-veh_001-benign,root-370424d1484ab3310983d705,1001,veh_001,ps-11b4aa50327f89a0,CAM,94.0,456.502630704438,1.6,12.80725112609884,-0.18937525476794725,456.502630704438,1.6,12.80725112609884,-0.18937525476794725,nonce-370424d1484ab3310983,True,False,benign,False,0,"{""attack_ended_at"": 94.0, ""case_opened_at"": 94.0, ""lane_id"": ""g20_g10_0"", ""road_id"": ""g20_g10""}"
cam-1001-veh_002-000091,cam-1001-veh_002-000091,case-grid-1001-veh_002-benign,root-e34665ede3409882cc2771d0,1001,veh_002,ps-e0bc27433007a32c,CAM,94.0,798.4,486.453322044202,12.574617402220465,-0.0917159363301483,798.4,486.453322044202,12.574617402220465,-0.0917159363301483,nonce-e34665ede3409882cc27,True,False,benign,False,0,"{""attack_ended_at"": 94.0, ""case_opened_at"": 94.0, ""lane_id"": ""g22_g21_0"", ""road_id"": ""g22_g21""}"
cam-1001-veh_003-000090,cam-1001-veh_003-000090,case-grid-1001-veh_003-benign,root-4c2f26a02cf4b0c2c3f23a11,1001,veh_003,ps-13247f0afc865149,CAM,94.0,488.1860307977945,801.6,12.788747096050926,0.413657943899743,488.1860307977945,801.6,12.788747096050926,0.413657943899743,nonce-4c2f26a02cf4b0c2c3f2,True,False,benign,False,0,"{""attack_ended_at"": 94.0, ""case_opened_at"": 94.0, ""lane_id"": ""g22_g12_0"", ""road_id"": ""g22_g12""}"
cam-1001-veh_008-000085,cam-1001-veh_008-000085,case-grid-1001-veh_008-benign,root-6e0077f7ac5452d2ab696b94,1001,veh_008,ps-0441a16dd8d22b44,CAM,94.0,801.6,235.47468831538131,11.221632502380817,-0.27333856200639417,801.6,235.47468831538131,11.221632502380817,-0.27333856200639417,nonce-6e0077f7ac5452d2ab69,True,False,benign,False,0,"{""attack_ended_at"": 94.0, ""case_opened_at"": 94.0, ""lane_id"": ""g20_g21_0"", ""road_id"": ""g20_g21""}"
cam-1001-veh_009-000084,cam-1001-veh_009-000084,case-grid-1001-veh_009-benign,root-c33c7d7a303954c18d56cff2,1001,veh_009,ps-8e3b87e1d6235c50,CAM,94.0,477.53432057225746,1.6,13.14725728030281,0.7157303541357649,477.53432057225746,1.6,13.14725728030281,0.7157303541357649,nonce-c33c7d7a303954c18d56,True,False,benign,False,0,"{""attack_ended_at"": 94.0, ""case_opened_at"": 94.0, ""lane_id"": ""g20_g10_0"", ""road_id"": ""g20_g10""}"
cam-1001-veh_010-000083,cam-1001-veh_010-000083,case-grid-1001-veh_010-benign,root-dd8f62f9469029ef671591c6,1001,veh_010,ps-bf5c5fe0f587553a,CAM,94.0,798.4,507.20826096360054,12.963996002167434,0.2440168381768153,798.4,507.20826096360054,12.963996002167434,0.2440168381768153,nonce-dd8f62f9469029ef6715,True,False,benign,False,0,"{""attack_ended_at"": 94.0, ""case_opened_at"": 94.0, ""lane_id"": ""g22_g21_0"", ""road_id"": ""g22_g21""}"
cam-1001-veh_011-000082,cam-1001-veh_011-000082,case-grid-1001-veh_011-benign,root-87a029b6bc5e0d2a9c1f7a86,1001,veh_011,ps-298210176c98c50a,CAM,94.0,521.4415314412142,801.6,13.206614717433885,-0.3781496427208175,521.4415314412142,801.6,13.206614717433885,-0.3781496427208175,nonce-87a029b6bc5e0d2a9c1f,True,False,benign,False,0,"{""attack_ended_at"": 94.0, ""case_opened_at"": 94.0, ""lane_id"": ""g22_g12_0"", ""road_id"": ""g22_g12""}"
cam-1001-veh_016-000077,cam-1001-veh_016-000077,case-grid-1001-veh_016-benign,root-f8796781909802e091271cc3,1001,veh_016,ps-cbbef243035097ce,CAM,94.0,801.6,216.0306776373418,11.79690074797498,0.20322776750657034,801.6,216.0306776373418,11.79690074797498,0.20322776750657034,nonce-f8796781909802e09127,True,False,benign,False,0,"{""attack_ended_at"": 94.0, ""case_opened_at"": 94.0, ""lane_id"": ""g20_g21_0"", ""road_id"": ""g20_g21""}"
cam-1001-veh_017-000076,cam-1001-veh_017-000076,case-grid-1001-veh_017-benign,root-b78753438877b261182da5de,1001,veh_017,ps-c4cb9175e03371fc,CAM,94.0,558.1221240509013,1.6,14.288407954689884,-0.10029420664999655,558.1221240509013,1.6,14.288407954689884,-0.10029420664999655,nonce-b78753438877b261182d,True,False,benign,False,0,"{""attack_ended_at"": 94.0, ""case_opened_at"": 94.0, ""lane_id"": ""g20_g10_0"", ""road_id"": ""g20_g10""}"
cam-1001-veh_018-000075,cam-1001-veh_018-000075,case-grid-1001-veh_018-benign,root-d39cf52ce8408fc3dcf31b9f,1001,veh_018,ps-f5eb5907dca15325,CAM,94.0,798.4,625.0893643228874,13.19536106604416,-0.3043505534157145,798.4,625.0893643228874,13.19536106604416,-0.3043505534157145,nonce-d39cf52ce8408fc3dcf3,True,False,benign,False,0,"{""attack_ended_at"": 94.0, ""case_opened_at"": 94.0, ""lane_id"": ""g22_g21_0"", ""road_id"": ""g22_g21""}"
cam-1001-veh_019-000074,cam-1001-veh_019-000074,case-grid-1001-veh_019-benign,root-e4c848463b2299ac09c05f3f,1001,veh_019,ps-bfc295509368822d,CAM,94.0,590.6442671111303,801.6,14.372493270378136,0.20613002224825294,590.6442671111303,801.6,14.372493270378136,0.20613002224825294,nonce-e4c848463b2299ac09c0,True,False,benign,False,0,"{""attack_ended_at"": 94.0, ""case_opened_at"": 94.0, ""lane_id"": ""g22_g12_0"", ""road_id"": ""g22_g12""}"
cam-1001-veh_000-000094,cam-1001-veh_000-000094,case-grid-1001-veh_000-benign,root-71ea7646aa799cdccf8d19a0,1001,veh_000,ps-0b6a8266609a146f,CAM,95.0,801.6,267.54960855163273,11.728663516140083,0.4019803647464144,801.6,267.54960855163273,11.728663516140083,0.4019803647464144,nonce-71ea7646aa799cdccf8d,True,False,benign,False,0,"{""attack_ended_at"": 95.0, ""case_opened_at"": 95.0, ""lane_id"": ""g20_g21_0"", ""road_id"": ""g20_g21""}"
cam-1001-veh_001-000093,cam-1001-veh_001-000093,case-grid-1001-veh_001-benign,root-9834c8d611e88ff21d1e523e,1001,veh_001,ps-11b4aa50327f89a0,CAM,95.0,444.14146085343623,1.6,12.361169851001748,-0.44608127509709306,444.14146085343623,1.6,12.361169851001748,-0.44608127509709306,nonce-9834c8d611e88ff21d1e,True,False,benign,False,0,"{""attack_ended_at"": 95.0, ""case_opened_at"": 95.0, ""lane_id"": ""g20_g10_0"", ""road_id"": ""g20_g10""}"
cam-1001-veh_002-000092,cam-1001-veh_002-000092,case-grid-1001-veh_002-benign,root-6bf228b21e16fa2e1cbea978,1001,veh_002,ps-e0bc27433007a32c,CAM,95.0,798.4,474.142338393753,12.310983650449053,-0.2636337517714118,798.4,474.142338393753,12.310983650449053,-0.2636337517714118,nonce-6bf228b21e16fa2e1cbe,True,False,benign,False,0,"{""attack_ended_at"": 95.0, ""case_opened_at"": 95.0, ""lane_id"": ""g22_g21_0"", ""road_id"": ""g22_g21""}"
cam-1001-veh_003-000091,cam-1001-veh_003-000091,case-grid-1001-veh_003-benign,root-a73ef6f16c050ba924659d92,1001,veh_003,ps-13247f0afc865149,CAM,95.0,475.24210223619883,801.6,12.943928561595664,0.15518146554473766,475.24210223619883,801.6,12.943928561595664,0.15518146554473766,nonce-a73ef6f16c050ba92465,True,False,benign,False,0,"{""attack_ended_at"": 95.0, ""case_opened_at"": 95.0, ""lane_id"": ""g22_g12_0"", ""road_id"": ""g22_g12""}"
cam-1001-veh_008-000086,cam-1001-veh_008-000086,case-grid-1001-veh_008-benign,root-e6267def2d7fd5370535c28e,1001,veh_008,ps-0441a16dd8d22b44,CAM,95.0,801.6,246.8821869819666,11.407498666585305,0.1858661642044872,801.6,246.8821869819666,11.407498666585305,0.1858661642044872,nonce-e6267def2d7fd5370535,True,False,benign,False,0,"{""attack_ended_at"": 95.0, ""case_opened_at"": 95.0, ""lane_id"": ""g20_g21_0"", ""road_id"": ""g20_g21""}"
cam-1001-veh_009-000085,cam-1001-veh_009-000085,case-grid-1001-veh_009-benign,root-63bcfd850b5c869ef4be80b8,1001,veh_009,ps-8e3b87e1d6235c50,CAM,95.0,465.09002124226237,1.6,12.444299329995067,-0.7029579503077432,465.09002124226237,1.6,12.444299329995067,-0.7029579503077432,nonce-63bcfd850b5c869ef4be,True,False,benign,False,0,"{""attack_ended_at"": 95.0, ""case_opened_at"": 95.0, ""lane_id"": ""g20_g10_0"", ""road_id"": ""g20_g10""}"
cam-1001-veh_010-000084,cam-1001-veh_010-000084,case-grid-1001-veh_010-benign,root-6913c4f1eabc54cef019e0d5,1001,veh_010,ps-bf5c5fe0f587553a,CAM,95.0,798.4,495.0690017143696,12.13925924923092,-0.8247367529365146,798.4,495.0690017143696,12.13925924923092,-0.8247367529365146,nonce-6913c4f1eabc54cef019,True,False,benign,False,0,"{""attack_ended_at"": 95.0, ""case_opened_at"": 95.0, ""lane_id"": ""g22_g21_0"", ""road_id"": ""g22_g21""}"
cam-1001-veh_011-000083,cam-1001-veh_011-000083,case-grid-1001-veh_011-benign,root-4e78cd47997c6dccf237f08e,1001,veh_011,ps-298210176c98c50a,CAM,95.0,508.3811077667727,801.6,13.060423674441598,-0.14619104299228702,508.3811077667727,801.6,13.060423674441598,-0.14619104299228702,nonce-4e78cd47997c6dccf237,True,False,benign,False,0,"{""attack_ended_at"": 95.0, ""case_opened_at"": 95.0, ""lane_id"": ""g22_g12_0"", ""road_id"": ""g22_g12""}"
cam-1001-veh_016-000078,cam-1001-veh_016-000078,case-grid-1001-veh_016-benign,root-f07dbf6987097296b1c88608,1001,veh_016,ps-cbbef243035097ce,CAM,95.0,801.6,227.0878958313552,11.057218194013386,-0.739682553961595,801.6,227.0878958313552,11.057218194013386,-0.739682553961595,nonce-f07dbf6987097296b1c8,True,False,benign,False,0,"{""attack_ended_at"": 95.0, ""case_opened_at"": 95.0, ""lane_id"": ""g20_g21_0"", ""road_id"": ""g20_g21""}"
cam-1001-veh_017-000077,cam-1001-veh_017-000077,case-grid-1001-veh_017-benign,root-6f78bd16efa67c3d463b5237,1001,veh_017,ps-c4cb9175e03371fc,CAM,95.0,543.9998382109118,1.6,14.122285839989617,-0.16612211470026672,543.9998382109118,1.6,14.122285839989617,-0.16612211470026672,nonce-6f78bd16efa67c3d463b,True,False,benign,False,0,"{""attack_ended_at"": 95.0, ""case_opened_at"": 95.0, ""lane_id"": ""g20_g10_0"", ""road_id"": ""g20_g10""}"
cam-1001-veh_018-000076,cam-1001-veh_018-000076,case-grid-1001-veh_018-benign,root-238caadfc1ee3242c31167e6,1001,veh_018,ps-f5eb5907dca15325,CAM,95.0,798.4,611.3987245058686,13.690639817018845,0.4952787509746841,798.4,611.3987245058686,13.690639817018845,0.4952787509746841,nonce-238caadfc1ee3242c311,True,False,benign,False,0,"{""attack_ended_at"": 95.0, ""case_opened_at"": 95.0, ""lane_id"": ""g22_g21_0"", ""road_id"": ""g22_g21""}"
cam-1001-veh_019-000075,cam-1001-veh_019-000075,case-grid-1001-veh_019-benign,root-465e6fe42cb6750ec705c2dd,1001,veh_019,ps-bfc295509368822d,CAM,95.0,576.7133979735846,801.6,13.930869137545624,-0.4416241328325121,576.7133979735846,801.6,13.930869137545624,-0.4416241328325121,nonce-465e6fe42cb6750ec705,True,False,benign,False,0,"{""attack_ended_at"": 95.0, ""case_opened_at"": 95.0, ""lane_id"": ""g22_g12_0"", ""road_id"": ""g22_g12""}"
